solid OpenSCAD_Model
  facet normal -0 0 -1
    outer loop
      vertex -174.995 108.085 0
      vertex -176.005 107.595 0
      vertex -183.302 113.335 0
    endloop
  endfacet
  facet normal 0 -0 -1
    outer loop
      vertex -157.148 167.742 0
      vertex -157.068 167.552 0
      vertex -171.774 165.725 0
    endloop
  endfacet
  facet normal -0 0 -1
    outer loop
      vertex -175.539 105.792 0
      vertex -175.734 105.561 0
      vertex -176.082 107.412 0
    endloop
  endfacet
  facet normal 0 -0 -1
    outer loop
      vertex -176.082 107.412 0
      vertex -175.734 105.561 0
      vertex -178.379 104.263 0
    endloop
  endfacet
  facet normal 0 -0 -1
    outer loop
      vertex -182.382 107.805 0
      vertex -176.082 107.412 0
      vertex -182.387 107.735 0
    endloop
  endfacet
  facet normal -0 0 -1
    outer loop
      vertex -164.556 113.388 0
      vertex -167.634 111.64 0
      vertex -165.201 113.763 0
    endloop
  endfacet
  facet normal 0 0 -1
    outer loop
      vertex -175.874 143.544 0
      vertex -175.762 143.688 0
      vertex -175.465 143.264 0
    endloop
  endfacet
  facet normal 0 0 -1
    outer loop
      vertex -170.023 109.389 0
      vertex -170.049 109.357 0
      vertex -174.93 108.1 0
    endloop
  endfacet
  facet normal -0 -0 -1
    outer loop
      vertex -164.574 113.485 0
      vertex -164.556 113.388 0
      vertex -165.201 113.763 0
    endloop
  endfacet
  facet normal 0 0 -1
    outer loop
      vertex -174.93 108.1 0
      vertex -170.049 109.357 0
      vertex -170.795 108.11 0
    endloop
  endfacet
  facet normal 0 0 -1
    outer loop
      vertex -162.26 116.187 0
      vertex -157.97 123.435 0
      vertex -159.81 117.727 0
    endloop
  endfacet
  facet normal 0 0 -1
    outer loop
      vertex -167.663 111.619 0
      vertex -170.023 109.389 0
      vertex -174.93 108.1 0
    endloop
  endfacet
  facet normal 0 0 -1
    outer loop
      vertex -175.307 142.415 0
      vertex -172.713 147.996 0
      vertex -174.809 138.944 0
    endloop
  endfacet
  facet normal -0 0 -1
    outer loop
      vertex -165.201 113.763 0
      vertex -167.634 111.64 0
      vertex -165.289 113.915 0
    endloop
  endfacet
  facet normal 0 0 -1
    outer loop
      vertex -130.034 133.369 0
      vertex -127.516 141.046 0
      vertex -127.748 133.978 0
    endloop
  endfacet
  facet normal 0 0 -1
    outer loop
      vertex -176.214 131.245 0
      vertex -157.97 123.435 0
      vertex -162.26 116.187 0
    endloop
  endfacet
  facet normal 0 0 -1
    outer loop
      vertex -165.116 114.048 0
      vertex -162.301 116.149 0
      vertex -163.901 114.58 0
    endloop
  endfacet
  facet normal 0 0 -1
    outer loop
      vertex -175.307 142.415 0
      vertex -174.809 138.944 0
      vertex -175.188 139.613 0
    endloop
  endfacet
  facet normal 0 0 -1
    outer loop
      vertex -162.301 116.149 0
      vertex -163.826 114.618 0
      vertex -163.901 114.58 0
    endloop
  endfacet
  facet normal 0 0 -1
    outer loop
      vertex -175.307 142.415 0
      vertex -175.627 141.839 0
      vertex -175.397 142.354 0
    endloop
  endfacet
  facet normal 0 0 -1
    outer loop
      vertex -174.194 136.752 0
      vertex -148.851 128.779 0
      vertex -151.777 126.075 0
    endloop
  endfacet
  facet normal 0 0 -1
    outer loop
      vertex -165.116 114.048 0
      vertex -163.901 114.58 0
      vertex -164.578 113.96 0
    endloop
  endfacet
  facet normal 0 0 -1
    outer loop
      vertex -157.871 123.289 0
      vertex -155.671 121.127 0
      vertex -157.229 119.183 0
    endloop
  endfacet
  facet normal 0 0 -1
    outer loop
      vertex -155.671 121.127 0
      vertex -155.566 122.458 0
      vertex -155.24 122.185 0
    endloop
  endfacet
  facet normal 0 0 -1
    outer loop
      vertex -163.826 114.618 0
      vertex -162.301 116.149 0
      vertex -163.365 114.697 0
    endloop
  endfacet
  facet normal 0 0 -1
    outer loop
      vertex -159.768 117.745 0
      vertex -157.871 123.289 0
      vertex -158.443 118.096 0
    endloop
  endfacet
  facet normal 0 0 -1
    outer loop
      vertex -159.81 117.727 0
      vertex -157.97 123.435 0
      vertex -159.768 117.745 0
    endloop
  endfacet
  facet normal 0 -0 -1
    outer loop
      vertex -132.781 147.67 0
      vertex -132.661 147.571 0
      vertex -133.097 146.32 0
    endloop
  endfacet
  facet normal 0 -0 -1
    outer loop
      vertex -157.871 123.289 0
      vertex -157.229 119.183 0
      vertex -158.443 118.096 0
    endloop
  endfacet
  facet normal 0 0 -1
    outer loop
      vertex -124.497 141.062 0
      vertex -124.157 140.172 0
      vertex -124.355 139.439 0
    endloop
  endfacet
  facet normal 0 0 -1
    outer loop
      vertex -155.671 121.127 0
      vertex -157.871 123.289 0
      vertex -155.566 122.458 0
    endloop
  endfacet
  facet normal 0 0 -1
    outer loop
      vertex -159.768 117.745 0
      vertex -157.97 123.435 0
      vertex -157.871 123.289 0
    endloop
  endfacet
  facet normal 0 -0 -1
    outer loop
      vertex -151.853 125.831 0
      vertex -151.824 125.798 0
      vertex -153.265 124.803 0
    endloop
  endfacet
  facet normal 0 0 -1
    outer loop
      vertex -174.809 138.944 0
      vertex -172.713 147.996 0
      vertex -174.79 138.86 0
    endloop
  endfacet
  facet normal 0 0 -1
    outer loop
      vertex -171.363 159.244 0
      vertex -171.774 165.725 0
      vertex -171.328 159.201 0
    endloop
  endfacet
  facet normal 0 0 -1
    outer loop
      vertex -134.785 147.077 0
      vertex -136.7 150.863 0
      vertex -136.59 150.725 0
    endloop
  endfacet
  facet normal 0 0 -1
    outer loop
      vertex -147.79 129.569 0
      vertex -136.7 150.863 0
      vertex -145.06 129.939 0
    endloop
  endfacet
  facet normal 0 0 -1
    outer loop
      vertex -157.779 123.574 0
      vertex -153.265 124.803 0
      vertex -153.298 124.772 0
    endloop
  endfacet
  facet normal 0 0 -1
    outer loop
      vertex -157.779 123.574 0
      vertex -153.298 124.772 0
      vertex -154.886 122.742 0
    endloop
  endfacet
  facet normal 0 0 -1
    outer loop
      vertex -157.779 123.574 0
      vertex -151.777 126.075 0
      vertex -151.869 126.007 0
    endloop
  endfacet
  facet normal 0 -0 -1
    outer loop
      vertex -151.869 126.007 0
      vertex -151.853 125.831 0
      vertex -153.265 124.803 0
    endloop
  endfacet
  facet normal 0 0 -1
    outer loop
      vertex -148.851 128.779 0
      vertex -148.898 128.72 0
      vertex -151.777 126.075 0
    endloop
  endfacet
  facet normal 0 0 -1
    outer loop
      vertex -157.779 123.574 0
      vertex -151.869 126.007 0
      vertex -153.265 124.803 0
    endloop
  endfacet
  facet normal -0 -0 -1
    outer loop
      vertex -135.877 150.28 0
      vertex -134.83 147.275 0
      vertex -136.59 150.725 0
    endloop
  endfacet
  facet normal 0 0 -1
    outer loop
      vertex -151.777 126.075 0
      vertex -148.898 128.72 0
      vertex -149.828 126.577 0
    endloop
  endfacet
  facet normal 0 0 -1
    outer loop
      vertex -137.58 129.639 0
      vertex -139.35 129.879 0
      vertex -134.153 140.255 0
    endloop
  endfacet
  facet normal 0 0 -1
    outer loop
      vertex -174.194 136.752 0
      vertex -174.79 138.86 0
      vertex -172.713 147.996 0
    endloop
  endfacet
  facet normal 0 0 -1
    outer loop
      vertex -127.946 141.576 0
      vertex -130.269 142.914 0
      vertex -127.923 141.788 0
    endloop
  endfacet
  facet normal 0 0 -1
    outer loop
      vertex -126.66 133.952 0
      vertex -127.684 133.99 0
      vertex -125.319 137.713 0
    endloop
  endfacet
  facet normal 0 0 -1
    outer loop
      vertex -145.03 129.94 0
      vertex -141.931 129.917 0
      vertex -142.611 129.771 0
    endloop
  endfacet
  facet normal 0 -0 -1
    outer loop
      vertex -126.242 142.008 0
      vertex -124.497 141.062 0
      vertex -127.298 141.03 0
    endloop
  endfacet
  facet normal -0 0 -1
    outer loop
      vertex -127.516 141.046 0
      vertex -130.034 133.369 0
      vertex -131.767 141.654 0
    endloop
  endfacet
  facet normal -0 0 -1
    outer loop
      vertex -125.319 137.713 0
      vertex -127.748 133.978 0
      vertex -127.516 141.046 0
    endloop
  endfacet
  facet normal 0 0 -1
    outer loop
      vertex -141.873 129.918 0
      vertex -139.397 129.878 0
      vertex -140.53 129.672 0
    endloop
  endfacet
  facet normal 0 0 -1
    outer loop
      vertex -134.153 140.255 0
      vertex -130.137 133.314 0
      vertex -131.589 131.503 0
    endloop
  endfacet
  facet normal 0 0 -1
    outer loop
      vertex -137.58 129.639 0
      vertex -135.166 129.696 0
      vertex -137.492 129.594 0
    endloop
  endfacet
  facet normal 0 0 -1
    outer loop
      vertex -131.589 131.503 0
      vertex -133.568 129.719 0
      vertex -135.132 129.7 0
    endloop
  endfacet
  facet normal 0 -0 -1
    outer loop
      vertex -125.2 137.583 0
      vertex -124.587 135.597 0
      vertex -126.66 133.952 0
    endloop
  endfacet
  facet normal 0 0 -1
    outer loop
      vertex -137.492 129.594 0
      vertex -135.166 129.696 0
      vertex -137.122 129.207 0
    endloop
  endfacet
  facet normal 0 -0 -1
    outer loop
      vertex -132.871 141.141 0
      vertex -130.034 133.369 0
      vertex -133.977 140.263 0
    endloop
  endfacet
  facet normal 0 0 -1
    outer loop
      vertex -132.871 141.141 0
      vertex -131.767 141.654 0
      vertex -130.034 133.369 0
    endloop
  endfacet
  facet normal -0 0 -1
    outer loop
      vertex -123.922 136.428 0
      vertex -124.587 135.597 0
      vertex -124.575 137.073 0
    endloop
  endfacet
  facet normal 0 0 -1
    outer loop
      vertex -125.319 137.713 0
      vertex -127.684 133.99 0
      vertex -127.748 133.978 0
    endloop
  endfacet
  facet normal -0 0 -1
    outer loop
      vertex -125.2 137.583 0
      vertex -126.66 133.952 0
      vertex -125.319 137.713 0
    endloop
  endfacet
  facet normal -0 -0 -1
    outer loop
      vertex -124.604 137.247 0
      vertex -124.575 137.073 0
      vertex -125.2 137.583 0
    endloop
  endfacet
  facet normal 0 0 -1
    outer loop
      vertex -130.034 133.369 0
      vertex -127.748 133.978 0
      vertex -128.977 133.467 0
    endloop
  endfacet
  facet normal 0 0 -1
    outer loop
      vertex -124.355 139.439 0
      vertex -127.298 141.03 0
      vertex -124.497 141.062 0
    endloop
  endfacet
  facet normal -0 0 -1
    outer loop
      vertex -124.575 137.073 0
      vertex -124.587 135.597 0
      vertex -125.2 137.583 0
    endloop
  endfacet
  facet normal 0 0 -1
    outer loop
      vertex -125.319 137.713 0
      vertex -127.516 141.046 0
      vertex -127.298 141.03 0
    endloop
  endfacet
  facet normal 0 0 -1
    outer loop
      vertex -127.298 141.03 0
      vertex -124.355 139.439 0
      vertex -124.358 139.377 0
    endloop
  endfacet
  facet normal 0 0 -1
    outer loop
      vertex -127.516 141.046 0
      vertex -131.733 141.675 0
      vertex -127.946 141.576 0
    endloop
  endfacet
  facet normal 0 0 -1
    outer loop
      vertex -124.497 141.062 0
      vertex -126.242 142.008 0
      vertex -125.658 142.092 0
    endloop
  endfacet
  facet normal 0 0 -1
    outer loop
      vertex -125.2 137.583 0
      vertex -124.439 137.327 0
      vertex -124.604 137.247 0
    endloop
  endfacet
  facet normal 0 0 -1
    outer loop
      vertex -124.439 137.327 0
      vertex -124.053 137.352 0
      vertex -124.071 137.249 0
    endloop
  endfacet
  facet normal 0 0 -1
    outer loop
      vertex -124.439 137.327 0
      vertex -125.2 137.583 0
      vertex -124.053 137.352 0
    endloop
  endfacet
  facet normal 0 0 -1
    outer loop
      vertex -130.662 146.196 0
      vertex -130.944 143.409 0
      vertex -131.006 143.389 0
    endloop
  endfacet
  facet normal -0 0 -1
    outer loop
      vertex -124.358 139.377 0
      vertex -125.214 137.873 0
      vertex -127.298 141.03 0
    endloop
  endfacet
  facet normal 0 0 -1
    outer loop
      vertex -127.298 141.03 0
      vertex -125.214 137.873 0
      vertex -125.319 137.713 0
    endloop
  endfacet
  facet normal 0 0 -1
    outer loop
      vertex -125.214 137.873 0
      vertex -124.358 139.377 0
      vertex -124.178 138.195 0
    endloop
  endfacet
  facet normal 0 0 -1
    outer loop
      vertex -131.767 141.654 0
      vertex -131.733 141.675 0
      vertex -127.516 141.046 0
    endloop
  endfacet
  facet normal -0 0 -1
    outer loop
      vertex -130.034 133.369 0
      vertex -130.137 133.314 0
      vertex -133.977 140.263 0
    endloop
  endfacet
  facet normal 0 0 -1
    outer loop
      vertex -129.435 143.739 0
      vertex -127.691 143.607 0
      vertex -128.734 143.629 0
    endloop
  endfacet
  facet normal 0 -0 -1
    outer loop
      vertex -133.977 140.263 0
      vertex -130.137 133.314 0
      vertex -134.153 140.255 0
    endloop
  endfacet
  facet normal 0 -0 -1
    outer loop
      vertex -134.153 140.255 0
      vertex -131.589 131.503 0
      vertex -135.132 129.7 0
    endloop
  endfacet
  facet normal 0 -0 -1
    outer loop
      vertex -130.269 142.914 0
      vertex -127.946 141.576 0
      vertex -131.733 141.675 0
    endloop
  endfacet
  facet normal 0 0 -1
    outer loop
      vertex -128.734 143.629 0
      vertex -129.436 143.704 0
      vertex -129.435 143.739 0
    endloop
  endfacet
  facet normal 0 0 -1
    outer loop
      vertex -127.154 142.396 0
      vertex -128.711 143.335 0
      vertex -127.691 143.607 0
    endloop
  endfacet
  facet normal 0 0 -1
    outer loop
      vertex -141.873 129.918 0
      vertex -134.153 140.255 0
      vertex -139.397 129.878 0
    endloop
  endfacet
  facet normal 0 0 -1
    outer loop
      vertex -141.873 129.918 0
      vertex -134.217 140.408 0
      vertex -134.153 140.255 0
    endloop
  endfacet
  facet normal 0 -0 -1
    outer loop
      vertex -128.571 145.748 0
      vertex -128.298 144.741 0
      vertex -129.249 144.619 0
    endloop
  endfacet
  facet normal 0 0 -1
    outer loop
      vertex -130.269 142.914 0
      vertex -128.711 143.335 0
      vertex -127.923 141.788 0
    endloop
  endfacet
  facet normal 0 0 -1
    outer loop
      vertex -128.734 143.629 0
      vertex -127.691 143.607 0
      vertex -128.603 143.511 0
    endloop
  endfacet
  facet normal 0 -0 -1
    outer loop
      vertex -128.603 143.511 0
      vertex -127.691 143.607 0
      vertex -128.711 143.335 0
    endloop
  endfacet
  facet normal 0 0 -1
    outer loop
      vertex -128.711 143.335 0
      vertex -127.154 142.396 0
      vertex -127.923 141.788 0
    endloop
  endfacet
  facet normal -0 0 -1
    outer loop
      vertex -135.166 129.696 0
      vertex -137.58 129.639 0
      vertex -134.153 140.255 0
    endloop
  endfacet
  facet normal 0 0 -1
    outer loop
      vertex -135.166 129.696 0
      vertex -134.153 140.255 0
      vertex -135.132 129.7 0
    endloop
  endfacet
  facet normal 0 0 -1
    outer loop
      vertex -134.153 140.255 0
      vertex -139.35 129.879 0
      vertex -139.397 129.878 0
    endloop
  endfacet
  facet normal 0 0 -1
    outer loop
      vertex -134.314 141.721 0
      vertex -134.127 140.878 0
      vertex -134.217 140.408 0
    endloop
  endfacet
  facet normal -0 -0 -1
    outer loop
      vertex -134.314 141.721 0
      vertex -134.217 140.408 0
      vertex -134.345 141.895 0
    endloop
  endfacet
  facet normal 0 0 -1
    outer loop
      vertex -141.931 129.917 0
      vertex -145.03 129.94 0
      vertex -134.217 140.408 0
    endloop
  endfacet
  facet normal 0 0 -1
    outer loop
      vertex -141.931 129.917 0
      vertex -134.217 140.408 0
      vertex -141.873 129.918 0
    endloop
  endfacet
  facet normal 0 -0 -1
    outer loop
      vertex -134.345 141.895 0
      vertex -134.217 140.408 0
      vertex -145.03 129.94 0
    endloop
  endfacet
  facet normal 0 0 -1
    outer loop
      vertex -134.127 140.878 0
      vertex -134.314 141.721 0
      vertex -134.078 140.964 0
    endloop
  endfacet
  facet normal 0 0 -1
    outer loop
      vertex -133.028 142.631 0
      vertex -133.027 146.101 0
      vertex -132.94 142.66 0
    endloop
  endfacet
  facet normal 0 0 -1
    outer loop
      vertex -145.06 129.939 0
      vertex -134.345 141.895 0
      vertex -145.03 129.94 0
    endloop
  endfacet
  facet normal -0 0 -1
    outer loop
      vertex -133.784 141.216 0
      vertex -134.078 140.964 0
      vertex -134.314 141.721 0
    endloop
  endfacet
  facet normal 0 0 -1
    outer loop
      vertex -133.027 146.101 0
      vertex -134.785 147.077 0
      vertex -134.609 147.081 0
    endloop
  endfacet
  facet normal -0 0 -1
    outer loop
      vertex -133.028 142.631 0
      vertex -133.548 142.251 0
      vertex -133.027 146.101 0
    endloop
  endfacet
  facet normal -0 0 -1
    outer loop
      vertex -130.662 146.196 0
      vertex -132.856 146.143 0
      vertex -130.759 146.284 0
    endloop
  endfacet
  facet normal 0 0 -1
    outer loop
      vertex -134.156 141.97 0
      vertex -133.548 142.251 0
      vertex -133.6 142.185 0
    endloop
  endfacet
  facet normal 0 0 -1
    outer loop
      vertex -134.156 141.97 0
      vertex -133.6 142.185 0
      vertex -133.745 141.813 0
    endloop
  endfacet
  facet normal -0 0 -1
    outer loop
      vertex -129.32 144.59 0
      vertex -129.95 144.12 0
      vertex -129.812 145.946 0
    endloop
  endfacet
  facet normal 0 -0 -1
    outer loop
      vertex -129.678 145.972 0
      vertex -129.32 144.59 0
      vertex -129.812 145.946 0
    endloop
  endfacet
  facet normal 0 0 -1
    outer loop
      vertex -133.027 146.101 0
      vertex -132.856 146.143 0
      vertex -132.251 142.66 0
    endloop
  endfacet
  facet normal 0 0 -1
    outer loop
      vertex -128.633 145.811 0
      vertex -129.678 145.972 0
      vertex -129.263 146.294 0
    endloop
  endfacet
  facet normal 0 0 -1
    outer loop
      vertex -132.856 146.143 0
      vertex -131.006 143.389 0
      vertex -132.251 142.66 0
    endloop
  endfacet
  facet normal 0 0 -1
    outer loop
      vertex -129.95 144.12 0
      vertex -130.662 146.196 0
      vertex -129.812 145.946 0
    endloop
  endfacet
  facet normal 0 0 -1
    outer loop
      vertex -129.678 145.972 0
      vertex -129.249 144.619 0
      vertex -129.32 144.59 0
    endloop
  endfacet
  facet normal 0 0 -1
    outer loop
      vertex -130.944 143.409 0
      vertex -129.986 144.081 0
      vertex -130.386 143.462 0
    endloop
  endfacet
  facet normal 0 -0 -1
    outer loop
      vertex -128.898 146.323 0
      vertex -128.633 145.811 0
      vertex -129.263 146.294 0
    endloop
  endfacet
  facet normal -0 0 -1
    outer loop
      vertex -128.633 145.811 0
      vertex -129.249 144.619 0
      vertex -129.678 145.972 0
    endloop
  endfacet
  facet normal 0 0 -1
    outer loop
      vertex -147.79 129.569 0
      vertex -137.894 152.583 0
      vertex -136.7 150.863 0
    endloop
  endfacet
  facet normal 0 0 -1
    outer loop
      vertex -128.571 145.748 0
      vertex -127.803 145.335 0
      vertex -128.298 144.741 0
    endloop
  endfacet
  facet normal 0 -0 -1
    outer loop
      vertex -128.633 145.811 0
      vertex -128.571 145.748 0
      vertex -129.249 144.619 0
    endloop
  endfacet
  facet normal -0 0 -1
    outer loop
      vertex -129.95 144.12 0
      vertex -129.986 144.081 0
      vertex -130.662 146.196 0
    endloop
  endfacet
  facet normal 0 -0 -1
    outer loop
      vertex -130.662 146.196 0
      vertex -129.986 144.081 0
      vertex -130.944 143.409 0
    endloop
  endfacet
  facet normal 0 0 -1
    outer loop
      vertex -130.662 146.196 0
      vertex -131.006 143.389 0
      vertex -132.856 146.143 0
    endloop
  endfacet
  facet normal -0 -0 -1
    outer loop
      vertex -140.531 158.968 0
      vertex -139.029 156.905 0
      vertex -140.7 159.02 0
    endloop
  endfacet
  facet normal -0 -0 -1
    outer loop
      vertex -131.214 147.42 0
      vertex -130.759 146.284 0
      vertex -131.642 147.565 0
    endloop
  endfacet
  facet normal 0 -0 -1
    outer loop
      vertex -131.642 147.565 0
      vertex -130.759 146.284 0
      vertex -132.856 146.143 0
    endloop
  endfacet
  facet normal 0 0 -1
    outer loop
      vertex -132.251 142.66 0
      vertex -132.94 142.66 0
      vertex -133.027 146.101 0
    endloop
  endfacet
  facet normal -0 -0 -1
    outer loop
      vertex -133.097 146.32 0
      vertex -133.027 146.101 0
      vertex -134.609 147.081 0
    endloop
  endfacet
  facet normal -0 0 -1
    outer loop
      vertex -132.781 147.67 0
      vertex -133.097 146.32 0
      vertex -133.741 147.744 0
    endloop
  endfacet
  facet normal 0 0 -1
    outer loop
      vertex -133.097 146.32 0
      vertex -132.661 147.571 0
      vertex -132.331 147.524 0
    endloop
  endfacet
  facet normal 0 0 -1
    outer loop
      vertex -133.027 146.101 0
      vertex -133.548 142.251 0
      vertex -134.156 141.97 0
    endloop
  endfacet
  facet normal 0 0 -1
    outer loop
      vertex -132.781 147.67 0
      vertex -133.741 147.744 0
      vertex -132.894 147.987 0
    endloop
  endfacet
  facet normal 0 0 -1
    outer loop
      vertex -133.097 146.32 0
      vertex -134.609 147.081 0
      vertex -133.741 147.744 0
    endloop
  endfacet
  facet normal 0 0 -1
    outer loop
      vertex -134.156 141.97 0
      vertex -134.785 147.077 0
      vertex -133.027 146.101 0
    endloop
  endfacet
  facet normal -0 0 -1
    outer loop
      vertex -134.156 141.97 0
      vertex -134.345 141.895 0
      vertex -134.785 147.077 0
    endloop
  endfacet
  facet normal 0 0 -1
    outer loop
      vertex -134.345 141.895 0
      vertex -136.7 150.863 0
      vertex -134.785 147.077 0
    endloop
  endfacet
  facet normal 0 0 -1
    outer loop
      vertex -134.83 147.275 0
      vertex -135.697 150.22 0
      vertex -134.715 149.735 0
    endloop
  endfacet
  facet normal 0 0 -1
    outer loop
      vertex -134.615 149.654 0
      vertex -134.452 149.722 0
      vertex -134.384 149.541 0
    endloop
  endfacet
  facet normal 0 0 -1
    outer loop
      vertex -134.361 149.412 0
      vertex -134.615 149.654 0
      vertex -134.384 149.541 0
    endloop
  endfacet
  facet normal 0 0 -1
    outer loop
      vertex -134.83 147.275 0
      vertex -134.361 149.412 0
      vertex -133.938 148.83 0
    endloop
  endfacet
  facet normal -0 0 -1
    outer loop
      vertex -134.276 149.924 0
      vertex -134.452 149.722 0
      vertex -134.321 149.936 0
    endloop
  endfacet
  facet normal 0 0 -1
    outer loop
      vertex -134.276 149.924 0
      vertex -134.384 149.541 0
      vertex -134.452 149.722 0
    endloop
  endfacet
  facet normal -0 0 -1
    outer loop
      vertex -134.615 149.654 0
      vertex -134.83 147.275 0
      vertex -134.715 149.735 0
    endloop
  endfacet
  facet normal 0 0 -1
    outer loop
      vertex -134.715 149.735 0
      vertex -135.697 150.22 0
      vertex -135.065 150.461 0
    endloop
  endfacet
  facet normal 0 0 -1
    outer loop
      vertex -134.83 147.275 0
      vertex -135.877 150.28 0
      vertex -135.697 150.22 0
    endloop
  endfacet
  facet normal 0 0 -1
    outer loop
      vertex -136.59 150.725 0
      vertex -136.066 150.581 0
      vertex -135.877 150.28 0
    endloop
  endfacet
  facet normal -0 0 -1
    outer loop
      vertex -134.361 149.412 0
      vertex -134.83 147.275 0
      vertex -134.615 149.654 0
    endloop
  endfacet
  facet normal 0 0 -1
    outer loop
      vertex -134.785 147.077 0
      vertex -136.59 150.725 0
      vertex -134.83 147.275 0
    endloop
  endfacet
  facet normal 0 0 -1
    outer loop
      vertex -145.06 129.939 0
      vertex -136.7 150.863 0
      vertex -134.345 141.895 0
    endloop
  endfacet
  facet normal 0 0 -1
    outer loop
      vertex -137.29 151.817 0
      vertex -137.152 151.66 0
      vertex -136.7 150.863 0
    endloop
  endfacet
  facet normal 0 0 -1
    outer loop
      vertex -137.894 152.583 0
      vertex -137.29 151.817 0
      vertex -136.7 150.863 0
    endloop
  endfacet
  facet normal 0 -0 -1
    outer loop
      vertex -146.302 162.495 0
      vertex -145.269 163.413 0
      vertex -146.354 161.506 0
    endloop
  endfacet
  facet normal 0 0 -1
    outer loop
      vertex -137.744 152.463 0
      vertex -137.682 152.433 0
      vertex -137.29 151.817 0
    endloop
  endfacet
  facet normal 0 0 -1
    outer loop
      vertex -137.152 151.66 0
      vertex -136.628 150.998 0
      vertex -136.7 150.863 0
    endloop
  endfacet
  facet normal 0 0 -1
    outer loop
      vertex -137.152 151.66 0
      vertex -136.493 151.609 0
      vertex -136.628 150.998 0
    endloop
  endfacet
  facet normal 0 0 -1
    outer loop
      vertex -137.894 152.583 0
      vertex -137.744 152.463 0
      vertex -137.29 151.817 0
    endloop
  endfacet
  facet normal -0 0 -1
    outer loop
      vertex -137.28 152.047 0
      vertex -137.29 151.817 0
      vertex -137.682 152.433 0
    endloop
  endfacet
  facet normal 0 0 -1
    outer loop
      vertex -136.628 150.998 0
      vertex -136.493 151.609 0
      vertex -136.39 151.143 0
    endloop
  endfacet
  facet normal -0 -0 -1
    outer loop
      vertex -139.025 154.14 0
      vertex -138.962 153.975 0
      vertex -150.392 158.86 0
    endloop
  endfacet
  facet normal 0 0 -1
    outer loop
      vertex -137.894 152.583 0
      vertex -138.962 153.975 0
      vertex -137.94 152.753 0
    endloop
  endfacet
  facet normal -0 0 -1
    outer loop
      vertex -146.664 160.72 0
      vertex -150.255 158.971 0
      vertex -148.191 160.993 0
    endloop
  endfacet
  facet normal 0 0 -1
    outer loop
      vertex -137.682 152.433 0
      vertex -137.193 152.176 0
      vertex -137.28 152.047 0
    endloop
  endfacet
  facet normal 0 0 -1
    outer loop
      vertex -137.779 155.788 0
      vertex -138.316 154.315 0
      vertex -138.482 154.374 0
    endloop
  endfacet
  facet normal 0 0 -1
    outer loop
      vertex -137.193 152.176 0
      vertex -137.682 152.433 0
      vertex -136.97 152.279 0
    endloop
  endfacet
  facet normal 0 0 -1
    outer loop
      vertex -137.94 152.753 0
      vertex -138.962 153.975 0
      vertex -137.864 152.835 0
    endloop
  endfacet
  facet normal 0 0 -1
    outer loop
      vertex -139.025 154.14 0
      vertex -140.7 159.02 0
      vertex -139.029 156.905 0
    endloop
  endfacet
  facet normal 0 -0 -1
    outer loop
      vertex -145.285 164.54 0
      vertex -145.239 163.697 0
      vertex -145.648 164.17 0
    endloop
  endfacet
  facet normal 0 0 -1
    outer loop
      vertex -139.029 156.905 0
      vertex -138.912 156.773 0
      vertex -139.025 154.14 0
    endloop
  endfacet
  facet normal -0 0 -1
    outer loop
      vertex -138.482 154.374 0
      vertex -138.922 154.244 0
      vertex -138.912 156.773 0
    endloop
  endfacet
  facet normal 0 0 -1
    outer loop
      vertex -137.864 152.835 0
      vertex -138.962 153.975 0
      vertex -137.495 153.011 0
    endloop
  endfacet
  facet normal -0 0 -1
    outer loop
      vertex -137.86 156.005 0
      vertex -138.482 154.374 0
      vertex -138.912 156.773 0
    endloop
  endfacet
  facet normal 0 0 -1
    outer loop
      vertex -140.531 158.968 0
      vertex -138.871 157.07 0
      vertex -139.029 156.905 0
    endloop
  endfacet
  facet normal 0 0 -1
    outer loop
      vertex -137.888 153.839 0
      vertex -138.376 154.036 0
      vertex -138.309 154.157 0
    endloop
  endfacet
  facet normal -0 0 -1
    outer loop
      vertex -136.454 154.905 0
      vertex -137.888 153.839 0
      vertex -137.034 155.53 0
    endloop
  endfacet
  facet normal -0 0 -1
    outer loop
      vertex -138.506 158.787 0
      vertex -138.871 157.07 0
      vertex -138.593 158.861 0
    endloop
  endfacet
  facet normal 0 0 -1
    outer loop
      vertex -138.316 154.315 0
      vertex -137.888 153.839 0
      vertex -138.309 154.157 0
    endloop
  endfacet
  facet normal 0 0 -1
    outer loop
      vertex -136.454 154.905 0
      vertex -136.521 153.777 0
      vertex -137.888 153.839 0
    endloop
  endfacet
  facet normal 0 0 -1
    outer loop
      vertex -137.034 155.53 0
      vertex -137.888 153.839 0
      vertex -138.316 154.315 0
    endloop
  endfacet
  facet normal 0 -0 -1
    outer loop
      vertex -137.779 155.788 0
      vertex -137.034 155.53 0
      vertex -138.316 154.315 0
    endloop
  endfacet
  facet normal 0 -0 -1
    outer loop
      vertex -137.86 156.005 0
      vertex -137.779 155.788 0
      vertex -138.482 154.374 0
    endloop
  endfacet
  facet normal -0 0 -1
    outer loop
      vertex -137.62 156.419 0
      vertex -137.86 156.005 0
      vertex -137.686 156.505 0
    endloop
  endfacet
  facet normal -0 0 -1
    outer loop
      vertex -137.686 156.505 0
      vertex -137.86 156.005 0
      vertex -138.912 156.773 0
    endloop
  endfacet
  facet normal 0 0 -1
    outer loop
      vertex -138.912 156.773 0
      vertex -138.922 154.244 0
      vertex -139.025 154.14 0
    endloop
  endfacet
  facet normal 0 0 -1
    outer loop
      vertex -140.531 158.968 0
      vertex -138.593 158.861 0
      vertex -138.871 157.07 0
    endloop
  endfacet
  facet normal 0 0 -1
    outer loop
      vertex -138.506 158.787 0
      vertex -138.57 157.053 0
      vertex -138.871 157.07 0
    endloop
  endfacet
  facet normal 0 0 -1
    outer loop
      vertex -140.531 158.968 0
      vertex -138.934 159.516 0
      vertex -138.593 158.861 0
    endloop
  endfacet
  facet normal 0 -0 -1
    outer loop
      vertex -138.506 158.787 0
      vertex -137.859 157.512 0
      vertex -138.57 157.053 0
    endloop
  endfacet
  facet normal 0 0 -1
    outer loop
      vertex -141.272 160.314 0
      vertex -141.096 160.323 0
      vertex -140.672 159.228 0
    endloop
  endfacet
  facet normal 0 0 -1
    outer loop
      vertex -138.506 158.787 0
      vertex -137.842 158.572 0
      vertex -137.859 157.512 0
    endloop
  endfacet
  facet normal 0 0 -1
    outer loop
      vertex -145.648 164.17 0
      vertex -145.444 164.546 0
      vertex -145.285 164.54 0
    endloop
  endfacet
  facet normal 0 0 -1
    outer loop
      vertex -145.213 164.701 0
      vertex -145.298 165.105 0
      vertex -144.582 164.839 0
    endloop
  endfacet
  facet normal 0 0 -1
    outer loop
      vertex -141.272 160.314 0
      vertex -140.672 159.228 0
      vertex -140.7 159.02 0
    endloop
  endfacet
  facet normal 0 0 -1
    outer loop
      vertex -141.096 160.323 0
      vertex -140.257 160.634 0
      vertex -140.672 159.228 0
    endloop
  endfacet
  facet normal 0 -0 -1
    outer loop
      vertex -140.616 162.581 0
      vertex -139.899 161.924 0
      vertex -141.295 160.547 0
    endloop
  endfacet
  facet normal 0 0 -1
    outer loop
      vertex -141.096 160.323 0
      vertex -140.497 160.806 0
      vertex -140.41 160.69 0
    endloop
  endfacet
  facet normal -0 0 -1
    outer loop
      vertex -140.257 160.634 0
      vertex -141.096 160.323 0
      vertex -140.41 160.69 0
    endloop
  endfacet
  facet normal 0 0 -1
    outer loop
      vertex -140.257 160.634 0
      vertex -139.349 160.84 0
      vertex -139.703 159.984 0
    endloop
  endfacet
  facet normal 0 0 -1
    outer loop
      vertex -140.672 159.228 0
      vertex -140.257 160.634 0
      vertex -139.703 159.984 0
    endloop
  endfacet
  facet normal 0 0 -1
    outer loop
      vertex -144.435 165.096 0
      vertex -142.22 165.039 0
      vertex -144.39 164.926 0
    endloop
  endfacet
  facet normal -0 -0 -1
    outer loop
      vertex -142.153 163.38 0
      vertex -141.295 160.547 0
      vertex -142.301 163.477 0
    endloop
  endfacet
  facet normal 0 0 -1
    outer loop
      vertex -142.301 163.477 0
      vertex -144.39 164.926 0
      vertex -142.182 163.678 0
    endloop
  endfacet
  facet normal 0 0 -1
    outer loop
      vertex -141.87 164.491 0
      vertex -142.151 164.809 0
      vertex -141.884 164.712 0
    endloop
  endfacet
  facet normal 0 0 -1
    outer loop
      vertex -144.435 165.096 0
      vertex -144.403 166.555 0
      vertex -142.802 166.398 0
    endloop
  endfacet
  facet normal 0 0 -1
    outer loop
      vertex -140.779 162.744 0
      vertex -142.153 163.38 0
      vertex -140.715 163.443 0
    endloop
  endfacet
  facet normal 0 0 -1
    outer loop
      vertex -140.616 162.581 0
      vertex -140.204 162.62 0
      vertex -139.899 161.924 0
    endloop
  endfacet
  facet normal 0 -0 -1
    outer loop
      vertex -140.779 162.744 0
      vertex -140.616 162.581 0
      vertex -141.295 160.547 0
    endloop
  endfacet
  facet normal -0 0 -1
    outer loop
      vertex -140.779 162.744 0
      vertex -141.295 160.547 0
      vertex -142.153 163.38 0
    endloop
  endfacet
  facet normal 0 0 -1
    outer loop
      vertex -142.879 166.544 0
      vertex -144.377 166.73 0
      vertex -143.897 167.584 0
    endloop
  endfacet
  facet normal 0 0 -1
    outer loop
      vertex -142.627 166.421 0
      vertex -141.845 165.545 0
      vertex -142.22 165.039 0
    endloop
  endfacet
  facet normal 0 0 -1
    outer loop
      vertex -144.377 166.73 0
      vertex -144.664 167.277 0
      vertex -144.059 167.654 0
    endloop
  endfacet
  facet normal 0 0 -1
    outer loop
      vertex -144.435 165.096 0
      vertex -142.802 166.398 0
      vertex -142.22 165.039 0
    endloop
  endfacet
  facet normal -0 0 -1
    outer loop
      vertex -141.83 164.398 0
      vertex -142.182 163.678 0
      vertex -141.87 164.491 0
    endloop
  endfacet
  facet normal 0 -0 -1
    outer loop
      vertex -141.273 164.541 0
      vertex -141.101 164.173 0
      vertex -141.657 164.364 0
    endloop
  endfacet
  facet normal 0 0 -1
    outer loop
      vertex -141.657 164.364 0
      vertex -141.101 164.173 0
      vertex -141.5 163.781 0
    endloop
  endfacet
  facet normal 0 0 -1
    outer loop
      vertex -141.83 164.398 0
      vertex -141.657 164.364 0
      vertex -141.5 163.781 0
    endloop
  endfacet
  facet normal 0 0 -1
    outer loop
      vertex -145.269 163.413 0
      vertex -145.151 163.544 0
      vertex -142.301 163.477 0
    endloop
  endfacet
  facet normal 0 0 -1
    outer loop
      vertex -142.182 163.678 0
      vertex -141.83 164.398 0
      vertex -141.5 163.781 0
    endloop
  endfacet
  facet normal -0 0 -1
    outer loop
      vertex -141.87 164.491 0
      vertex -142.182 163.678 0
      vertex -142.151 164.809 0
    endloop
  endfacet
  facet normal 0 0 -1
    outer loop
      vertex -142.151 164.809 0
      vertex -144.39 164.926 0
      vertex -142.22 165.039 0
    endloop
  endfacet
  facet normal 0 0 -1
    outer loop
      vertex -142.802 166.398 0
      vertex -142.627 166.421 0
      vertex -142.22 165.039 0
    endloop
  endfacet
  facet normal 0 0 -1
    outer loop
      vertex -142.879 166.544 0
      vertex -144.403 166.555 0
      vertex -144.377 166.73 0
    endloop
  endfacet
  facet normal 0 0 -1
    outer loop
      vertex -142.627 166.421 0
      vertex -142.394 166.642 0
      vertex -141.845 165.545 0
    endloop
  endfacet
  facet normal -0 0 -1
    outer loop
      vertex -143.897 167.584 0
      vertex -144.377 166.73 0
      vertex -144.059 167.654 0
    endloop
  endfacet
  facet normal 0 0 -1
    outer loop
      vertex -142.879 166.544 0
      vertex -143.897 167.584 0
      vertex -142.784 167.529 0
    endloop
  endfacet
  facet normal 0 0 -1
    outer loop
      vertex -142.784 167.529 0
      vertex -143.897 167.584 0
      vertex -142.928 167.799 0
    endloop
  endfacet
  facet normal 0 0 -1
    outer loop
      vertex -142.802 166.398 0
      vertex -144.403 166.555 0
      vertex -142.879 166.544 0
    endloop
  endfacet
  facet normal 0 0 -1
    outer loop
      vertex -144.582 164.839 0
      vertex -145.151 163.544 0
      vertex -145.239 163.697 0
    endloop
  endfacet
  facet normal 0 -0 -1
    outer loop
      vertex -151.37 160.669 0
      vertex -151.025 160.305 0
      vertex -151.379 159.706 0
    endloop
  endfacet
  facet normal 0 0 -1
    outer loop
      vertex -144.031 167.841 0
      vertex -144.059 167.654 0
      vertex -144.664 167.277 0
    endloop
  endfacet
  facet normal 0 0 -1
    outer loop
      vertex -143.958 168.967 0
      vertex -144.031 167.841 0
      vertex -144.664 167.277 0
    endloop
  endfacet
  facet normal 0 0 -1
    outer loop
      vertex -143.958 168.967 0
      vertex -143.445 168.764 0
      vertex -143.329 168.48 0
    endloop
  endfacet
  facet normal 0 0 -1
    outer loop
      vertex -144.031 167.841 0
      vertex -143.958 168.967 0
      vertex -143.329 168.48 0
    endloop
  endfacet
  facet normal 0 0 -1
    outer loop
      vertex -170.885 179.216 0
      vertex -168.566 178.223 0
      vertex -168.541 177.789 0
    endloop
  endfacet
  facet normal 0 -0 -1
    outer loop
      vertex -145.503 164.586 0
      vertex -145.444 164.546 0
      vertex -145.648 164.17 0
    endloop
  endfacet
  facet normal 0 0 -1
    outer loop
      vertex -145.204 165.724 0
      vertex -144.561 166.519 0
      vertex -144.435 165.096 0
    endloop
  endfacet
  facet normal 0 0 -1
    outer loop
      vertex -144.561 166.519 0
      vertex -145.255 166.605 0
      vertex -145.076 166.706 0
    endloop
  endfacet
  facet normal 0 0 -1
    outer loop
      vertex -144.435 165.096 0
      vertex -144.561 166.519 0
      vertex -144.403 166.555 0
    endloop
  endfacet
  facet normal 0 0 -1
    outer loop
      vertex -145.204 165.724 0
      vertex -145.255 166.605 0
      vertex -144.561 166.519 0
    endloop
  endfacet
  facet normal 0 0 -1
    outer loop
      vertex -146.526 160.829 0
      vertex -141.295 160.547 0
      vertex -141.272 160.314 0
    endloop
  endfacet
  facet normal 0 0 -1
    outer loop
      vertex -145.285 164.54 0
      vertex -144.582 164.839 0
      vertex -145.239 163.697 0
    endloop
  endfacet
  facet normal 0 0 -1
    outer loop
      vertex -144.39 164.926 0
      vertex -142.151 164.809 0
      vertex -142.182 163.678 0
    endloop
  endfacet
  facet normal 0 -0 -1
    outer loop
      vertex -145.213 164.701 0
      vertex -144.582 164.839 0
      vertex -145.285 164.54 0
    endloop
  endfacet
  facet normal 0 0 -1
    outer loop
      vertex -145.678 163.894 0
      vertex -145.648 164.17 0
      vertex -145.239 163.697 0
    endloop
  endfacet
  facet normal 0 0 -1
    outer loop
      vertex -142.301 163.477 0
      vertex -145.151 163.544 0
      vertex -144.39 164.926 0
    endloop
  endfacet
  facet normal 0 0 -1
    outer loop
      vertex -145.769 164.085 0
      vertex -145.648 164.17 0
      vertex -145.678 163.894 0
    endloop
  endfacet
  facet normal 0 0 -1
    outer loop
      vertex -141.295 160.547 0
      vertex -145.269 163.413 0
      vertex -142.301 163.477 0
    endloop
  endfacet
  facet normal 0 -0 -1
    outer loop
      vertex -146.354 161.506 0
      vertex -145.269 163.413 0
      vertex -146.356 161.429 0
    endloop
  endfacet
  facet normal 0 0 -1
    outer loop
      vertex -146.526 160.829 0
      vertex -146.356 161.429 0
      vertex -141.295 160.547 0
    endloop
  endfacet
  facet normal 0 -0 -1
    outer loop
      vertex -146.207 162.709 0
      vertex -145.269 163.413 0
      vertex -146.302 162.495 0
    endloop
  endfacet
  facet normal 0 0 -1
    outer loop
      vertex -145.862 163.196 0
      vertex -145.877 163.283 0
      vertex -145.269 163.413 0
    endloop
  endfacet
  facet normal 0 0 -1
    outer loop
      vertex -145.151 163.544 0
      vertex -144.582 164.839 0
      vertex -144.39 164.926 0
    endloop
  endfacet
  facet normal 0 -0 -1
    outer loop
      vertex -145.862 163.196 0
      vertex -145.269 163.413 0
      vertex -146.025 163.021 0
    endloop
  endfacet
  facet normal 0 0 -1
    outer loop
      vertex -145.269 163.413 0
      vertex -146.207 162.709 0
      vertex -146.025 163.021 0
    endloop
  endfacet
  facet normal 0 0 -1
    outer loop
      vertex -146.354 161.506 0
      vertex -146.579 162.422 0
      vertex -146.302 162.495 0
    endloop
  endfacet
  facet normal -0 0 -1
    outer loop
      vertex -146.025 163.021 0
      vertex -146.316 162.92 0
      vertex -146.235 163.042 0
    endloop
  endfacet
  facet normal 0 0 -1
    outer loop
      vertex -146.207 162.709 0
      vertex -146.316 162.92 0
      vertex -146.025 163.021 0
    endloop
  endfacet
  facet normal 0 0 -1
    outer loop
      vertex -150.255 158.971 0
      vertex -150.02 159.854 0
      vertex -148.191 160.993 0
    endloop
  endfacet
  facet normal 0 0 -1
    outer loop
      vertex -139.025 154.14 0
      vertex -150.255 158.971 0
      vertex -146.664 160.72 0
    endloop
  endfacet
  facet normal -0 -0 -1
    outer loop
      vertex -138.962 153.975 0
      vertex -137.894 152.583 0
      vertex -150.392 158.86 0
    endloop
  endfacet
  facet normal 0 0 -1
    outer loop
      vertex -146.356 161.429 0
      vertex -145.269 163.413 0
      vertex -141.295 160.547 0
    endloop
  endfacet
  facet normal 0 0 -1
    outer loop
      vertex -148.191 160.993 0
      vertex -146.817 160.84 0
      vertex -146.664 160.72 0
    endloop
  endfacet
  facet normal 0 0 -1
    outer loop
      vertex -139.025 154.14 0
      vertex -150.392 158.86 0
      vertex -150.255 158.971 0
    endloop
  endfacet
  facet normal 0 0 -1
    outer loop
      vertex -140.7 159.02 0
      vertex -146.526 160.829 0
      vertex -141.272 160.314 0
    endloop
  endfacet
  facet normal -0 -0 -1
    outer loop
      vertex -140.7 159.02 0
      vertex -139.025 154.14 0
      vertex -146.664 160.72 0
    endloop
  endfacet
  facet normal 0 0 -1
    outer loop
      vertex -140.7 159.02 0
      vertex -146.664 160.72 0
      vertex -146.526 160.829 0
    endloop
  endfacet
  facet normal 0 -0 -1
    outer loop
      vertex -148.143 161.04 0
      vertex -146.817 160.84 0
      vertex -148.191 160.993 0
    endloop
  endfacet
  facet normal 0 0 -1
    outer loop
      vertex -146.817 160.84 0
      vertex -148.143 161.04 0
      vertex -147.007 161.763 0
    endloop
  endfacet
  facet normal -0 0 -1
    outer loop
      vertex -147.007 161.763 0
      vertex -148.143 161.04 0
      vertex -147.439 162.166 0
    endloop
  endfacet
  facet normal 0 0 -1
    outer loop
      vertex -150.392 158.86 0
      vertex -137.894 152.583 0
      vertex -147.79 129.569 0
    endloop
  endfacet
  facet normal 0 0 -1
    outer loop
      vertex -153.358 158.503 0
      vertex -150.392 158.86 0
      vertex -147.79 129.569 0
    endloop
  endfacet
  facet normal 0 0 -1
    outer loop
      vertex -151.968 159.133 0
      vertex -150.549 158.995 0
      vertex -150.392 158.86 0
    endloop
  endfacet
  facet normal 0 0 -1
    outer loop
      vertex -150.549 158.995 0
      vertex -151.889 159.219 0
      vertex -151.284 159.484 0
    endloop
  endfacet
  facet normal 0 0 -1
    outer loop
      vertex -151.284 159.484 0
      vertex -151.122 159.552 0
      vertex -150.549 158.995 0
    endloop
  endfacet
  facet normal -0 -0 -1
    outer loop
      vertex -152.092 162.12 0
      vertex -151.775 161.083 0
      vertex -153.887 162.653 0
    endloop
  endfacet
  facet normal 0 0 -1
    outer loop
      vertex -151.968 159.133 0
      vertex -151.889 159.219 0
      vertex -150.549 158.995 0
    endloop
  endfacet
  facet normal 0 -0 -1
    outer loop
      vertex -151.968 159.133 0
      vertex -150.392 158.86 0
      vertex -153.358 158.503 0
    endloop
  endfacet
  facet normal 0 -0 -1
    outer loop
      vertex -150.675 160.287 0
      vertex -150.549 158.995 0
      vertex -151.122 159.552 0
    endloop
  endfacet
  facet normal -0 0 -1
    outer loop
      vertex -147.79 129.569 0
      vertex -147.861 129.539 0
      vertex -153.358 158.503 0
    endloop
  endfacet
  facet normal -0 0 -1
    outer loop
      vertex -151.284 159.484 0
      vertex -151.889 159.219 0
      vertex -151.379 159.706 0
    endloop
  endfacet
  facet normal 0 0 -1
    outer loop
      vertex -170.463 150.776 0
      vertex -170.435 150.833 0
      vertex -153.531 158.539 0
    endloop
  endfacet
  facet normal 0 0 -1
    outer loop
      vertex -153.531 158.539 0
      vertex -169.925 152.853 0
      vertex -169.92 152.895 0
    endloop
  endfacet
  facet normal 0 0 -1
    outer loop
      vertex -154.998 164.803 0
      vertex -156.952 167.462 0
      vertex -154.774 166.229 0
    endloop
  endfacet
  facet normal 0 0 -1
    outer loop
      vertex -151.37 160.669 0
      vertex -151.218 160.825 0
      vertex -151.025 160.305 0
    endloop
  endfacet
  facet normal -0 0 -1
    outer loop
      vertex -155.952 162.129 0
      vertex -170.016 155.693 0
      vertex -156.05 162.276 0
    endloop
  endfacet
  facet normal 0 0 -1
    outer loop
      vertex -151.889 159.219 0
      vertex -151.37 160.669 0
      vertex -151.379 159.706 0
    endloop
  endfacet
  facet normal 0 0 -1
    outer loop
      vertex -155.142 161.829 0
      vertex -153.495 158.77 0
      vertex -153.531 158.539 0
    endloop
  endfacet
  facet normal 0 0 -1
    outer loop
      vertex -155.952 162.129 0
      vertex -155.142 161.829 0
      vertex -153.531 158.539 0
    endloop
  endfacet
  facet normal 0 0 -1
    outer loop
      vertex -153.495 158.77 0
      vertex -155.142 161.829 0
      vertex -155.002 161.848 0
    endloop
  endfacet
  facet normal -0 0 -1
    outer loop
      vertex -152.254 159.483 0
      vertex -153.495 158.77 0
      vertex -155.002 161.848 0
    endloop
  endfacet
  facet normal -0 0 -1
    outer loop
      vertex -151.775 161.083 0
      vertex -152.041 159.79 0
      vertex -155.002 161.848 0
    endloop
  endfacet
  facet normal 0 -0 -1
    outer loop
      vertex -153.887 162.653 0
      vertex -151.775 161.083 0
      vertex -155.002 161.848 0
    endloop
  endfacet
  facet normal 0 0 -1
    outer loop
      vertex -154.998 164.803 0
      vertex -155.218 163.168 0
      vertex -155.981 162.396 0
    endloop
  endfacet
  facet normal 0 -0 -1
    outer loop
      vertex -152.717 162.736 0
      vertex -152.092 162.12 0
      vertex -153.887 162.653 0
    endloop
  endfacet
  facet normal -0 0 -1
    outer loop
      vertex -152.041 159.79 0
      vertex -152.254 159.483 0
      vertex -155.002 161.848 0
    endloop
  endfacet
  facet normal 0 0 -1
    outer loop
      vertex -172.316 171.323 0
      vertex -165.945 177.284 0
      vertex -165.794 177.261 0
    endloop
  endfacet
  facet normal 0 0 -1
    outer loop
      vertex -154.278 164.497 0
      vertex -154.645 162.824 0
      vertex -154.948 163.181 0
    endloop
  endfacet
  facet normal 0 0 -1
    outer loop
      vertex -170.885 179.216 0
      vertex -173.236 176.124 0
      vertex -173.008 178.767 0
    endloop
  endfacet
  facet normal -0 0 -1
    outer loop
      vertex -168.339 177.574 0
      vertex -172.138 174.67 0
      vertex -168.515 177.584 0
    endloop
  endfacet
  facet normal 0 0 -1
    outer loop
      vertex -172.145 170.234 0
      vertex -172.316 171.323 0
      vertex -165.794 177.261 0
    endloop
  endfacet
  facet normal 0 0 -1
    outer loop
      vertex -154.883 164.634 0
      vertex -155.068 163.259 0
      vertex -155.218 163.168 0
    endloop
  endfacet
  facet normal 0 -0 -1
    outer loop
      vertex -154.883 164.634 0
      vertex -154.278 164.497 0
      vertex -155.068 163.259 0
    endloop
  endfacet
  facet normal 0 0 -1
    outer loop
      vertex -155.981 162.396 0
      vertex -155.218 163.168 0
      vertex -155.38 162.781 0
    endloop
  endfacet
  facet normal 0 0 -1
    outer loop
      vertex -157.006 167.95 0
      vertex -157.203 172.306 0
      vertex -157.151 172.3 0
    endloop
  endfacet
  facet normal 0 0 -1
    outer loop
      vertex -154.948 163.181 0
      vertex -154.645 162.824 0
      vertex -154.723 162.761 0
    endloop
  endfacet
  facet normal 0 0 -1
    outer loop
      vertex -155.068 163.259 0
      vertex -154.278 164.497 0
      vertex -154.948 163.181 0
    endloop
  endfacet
  facet normal -0 0 -1
    outer loop
      vertex -157.006 167.95 0
      vertex -157.108 167.913 0
      vertex -157.203 172.306 0
    endloop
  endfacet
  facet normal 0 -0 -1
    outer loop
      vertex -154.998 164.803 0
      vertex -154.883 164.634 0
      vertex -155.218 163.168 0
    endloop
  endfacet
  facet normal 0 0 -1
    outer loop
      vertex -154.774 166.229 0
      vertex -156.952 167.462 0
      vertex -155.075 167.185 0
    endloop
  endfacet
  facet normal -0 0 -1
    outer loop
      vertex -154.998 164.803 0
      vertex -155.981 162.396 0
      vertex -156.952 167.462 0
    endloop
  endfacet
  facet normal -0 -0 -1
    outer loop
      vertex -156.952 167.462 0
      vertex -155.981 162.396 0
      vertex -157.068 167.552 0
    endloop
  endfacet
  facet normal 0 0 -1
    outer loop
      vertex -157.068 167.552 0
      vertex -155.981 162.396 0
      vertex -156.05 162.276 0
    endloop
  endfacet
  facet normal 0 0 -1
    outer loop
      vertex -173.055 171.375 0
      vertex -172.834 172.499 0
      vertex -172.491 171.534 0
    endloop
  endfacet
  facet normal -0 0 -1
    outer loop
      vertex -157.108 167.913 0
      vertex -157.148 167.742 0
      vertex -158.834 172.822 0
    endloop
  endfacet
  facet normal 0 0 -1
    outer loop
      vertex -155.145 169.898 0
      vertex -155.147 169.829 0
      vertex -157.006 167.95 0
    endloop
  endfacet
  facet normal 0 0 -1
    outer loop
      vertex -154.39 171.526 0
      vertex -154.767 171.756 0
      vertex -154.513 172.141 0
    endloop
  endfacet
  facet normal 0 0 -1
    outer loop
      vertex -154.883 168.568 0
      vertex -154.963 168.128 0
      vertex -155.497 167.911 0
    endloop
  endfacet
  facet normal -0 0 -1
    outer loop
      vertex -154.513 172.141 0
      vertex -154.767 171.756 0
      vertex -154.63 172.202 0
    endloop
  endfacet
  facet normal 0 -0 -1
    outer loop
      vertex -155.147 169.829 0
      vertex -154.883 168.568 0
      vertex -155.497 167.911 0
    endloop
  endfacet
  facet normal 0 0 -1
    outer loop
      vertex -157.006 167.95 0
      vertex -155.147 169.829 0
      vertex -155.497 167.911 0
    endloop
  endfacet
  facet normal -0 -0 -1
    outer loop
      vertex -155.483 171.401 0
      vertex -155.145 169.898 0
      vertex -155.665 171.457 0
    endloop
  endfacet
  facet normal 0 0 -1
    outer loop
      vertex -155.483 171.401 0
      vertex -154.905 170.818 0
      vertex -155.145 169.898 0
    endloop
  endfacet
  facet normal 0 0 -1
    outer loop
      vertex -159.717 174.075 0
      vertex -160.578 174.797 0
      vertex -159.81 174.295 0
    endloop
  endfacet
  facet normal 0 0 -1
    outer loop
      vertex -160.403 174.782 0
      vertex -159.704 175.203 0
      vertex -159.81 174.295 0
    endloop
  endfacet
  facet normal 0 0 -1
    outer loop
      vertex -154.39 171.526 0
      vertex -154.853 171.661 0
      vertex -154.767 171.756 0
    endloop
  endfacet
  facet normal 0 0 -1
    outer loop
      vertex -154.853 171.661 0
      vertex -154.88 170.87 0
      vertex -155.483 171.401 0
    endloop
  endfacet
  facet normal -0 0 -1
    outer loop
      vertex -154.39 171.526 0
      vertex -154.88 170.87 0
      vertex -154.853 171.661 0
    endloop
  endfacet
  facet normal 0 0 -1
    outer loop
      vertex -155.483 171.401 0
      vertex -154.88 170.87 0
      vertex -154.905 170.818 0
    endloop
  endfacet
  facet normal 0 -0 -1
    outer loop
      vertex -155.665 171.457 0
      vertex -155.145 169.898 0
      vertex -157.006 167.95 0
    endloop
  endfacet
  facet normal 0 0 -1
    outer loop
      vertex -157.151 172.3 0
      vertex -155.665 171.457 0
      vertex -157.006 167.95 0
    endloop
  endfacet
  facet normal 0 0 -1
    outer loop
      vertex -157.151 172.3 0
      vertex -156.257 172.355 0
      vertex -155.665 171.457 0
    endloop
  endfacet
  facet normal -0 -0 -1
    outer loop
      vertex -157.203 172.306 0
      vertex -157.108 167.913 0
      vertex -158.763 172.776 0
    endloop
  endfacet
  facet normal -0 -0 -1
    outer loop
      vertex -158.763 172.776 0
      vertex -157.108 167.913 0
      vertex -158.834 172.822 0
    endloop
  endfacet
  facet normal 0 0 -1
    outer loop
      vertex -160.578 174.797 0
      vertex -159.717 174.075 0
      vertex -159.544 173.652 0
    endloop
  endfacet
  facet normal 0 0 -1
    outer loop
      vertex -172.111 170.019 0
      vertex -172.145 170.234 0
      vertex -165.794 177.261 0
    endloop
  endfacet
  facet normal 0 0 -1
    outer loop
      vertex -160.578 174.797 0
      vertex -160.403 174.782 0
      vertex -159.81 174.295 0
    endloop
  endfacet
  facet normal 0 0 -1
    outer loop
      vertex -159.717 174.075 0
      vertex -159.557 173.83 0
      vertex -159.544 173.652 0
    endloop
  endfacet
  facet normal 0 -0 -1
    outer loop
      vertex -161.122 176.309 0
      vertex -160.613 175.956 0
      vertex -161.627 175.975 0
    endloop
  endfacet
  facet normal 0 0 -1
    outer loop
      vertex -159.557 173.83 0
      vertex -159.717 174.075 0
      vertex -159.447 174.006 0
    endloop
  endfacet
  facet normal 0 0 -1
    outer loop
      vertex -161.803 175.983 0
      vertex -161.627 175.975 0
      vertex -160.578 174.797 0
    endloop
  endfacet
  facet normal 0 0 -1
    outer loop
      vertex -187.445 198.853 0
      vertex -188.993 199.07 0
      vertex -187.291 200.873 0
    endloop
  endfacet
  facet normal 0 0 -1
    outer loop
      vertex -159.81 174.295 0
      vertex -159.704 175.203 0
      vertex -159.401 175.003 0
    endloop
  endfacet
  facet normal 0 0 -1
    outer loop
      vertex -161.851 176.15 0
      vertex -165.794 177.261 0
      vertex -165.7 177.41 0
    endloop
  endfacet
  facet normal 0 0 -1
    outer loop
      vertex -161.963 177.3 0
      vertex -161.557 176.985 0
      vertex -161.851 176.15 0
    endloop
  endfacet
  facet normal -0 -0 -1
    outer loop
      vertex -161.851 176.15 0
      vertex -161.803 175.983 0
      vertex -165.794 177.261 0
    endloop
  endfacet
  facet normal -0 -0 -1
    outer loop
      vertex -160.613 175.956 0
      vertex -160.592 175.009 0
      vertex -161.627 175.975 0
    endloop
  endfacet
  facet normal 0 0 -1
    outer loop
      vertex -160.592 175.009 0
      vertex -160.613 175.956 0
      vertex -160.274 175.369 0
    endloop
  endfacet
  facet normal 0 0 -1
    outer loop
      vertex -161.627 175.975 0
      vertex -160.592 175.009 0
      vertex -160.578 174.797 0
    endloop
  endfacet
  facet normal 0 0 -1
    outer loop
      vertex -165.7 177.41 0
      vertex -162.061 177.339 0
      vertex -161.851 176.15 0
    endloop
  endfacet
  facet normal 0 0 -1
    outer loop
      vertex -161.963 177.3 0
      vertex -161.644 177.293 0
      vertex -161.557 176.985 0
    endloop
  endfacet
  facet normal 0 -0 -1
    outer loop
      vertex -172.811 172.561 0
      vertex -172.325 171.473 0
      vertex -172.834 172.499 0
    endloop
  endfacet
  facet normal 0 0 -1
    outer loop
      vertex -162.061 177.339 0
      vertex -165.7 177.41 0
      vertex -163.808 178.924 0
    endloop
  endfacet
  facet normal 0 0 -1
    outer loop
      vertex -197.102 195.525 0
      vertex -192.78 199.142 0
      vertex -192.706 199.021 0
    endloop
  endfacet
  facet normal 0 0 -1
    outer loop
      vertex -162.061 177.339 0
      vertex -161.963 177.3 0
      vertex -161.851 176.15 0
    endloop
  endfacet
  facet normal 0 0 -1
    outer loop
      vertex -163.808 178.924 0
      vertex -165.7 177.41 0
      vertex -165.724 177.769 0
    endloop
  endfacet
  facet normal 0 0 -1
    outer loop
      vertex -172.325 171.473 0
      vertex -172.138 174.67 0
      vertex -168.339 177.574 0
    endloop
  endfacet
  facet normal 0 0 -1
    outer loop
      vertex -168.515 177.584 0
      vertex -172.138 174.67 0
      vertex -172.137 174.869 0
    endloop
  endfacet
  facet normal 0 -0 -1
    outer loop
      vertex -200.325 210.014 0
      vertex -196.396 208.215 0
      vertex -200.481 209.931 0
    endloop
  endfacet
  facet normal 0 0 -1
    outer loop
      vertex -172.811 172.561 0
      vertex -172.138 174.67 0
      vertex -172.325 171.473 0
    endloop
  endfacet
  facet normal 0 -0 -1
    outer loop
      vertex -167.399 178.175 0
      vertex -166.793 177.976 0
      vertex -168.339 177.574 0
    endloop
  endfacet
  facet normal 0 0 -1
    outer loop
      vertex -165.945 177.284 0
      vertex -168.339 177.574 0
      vertex -166.793 177.976 0
    endloop
  endfacet
  facet normal 0 -0 -1
    outer loop
      vertex -170.885 179.216 0
      vertex -168.515 177.584 0
      vertex -172.137 174.869 0
    endloop
  endfacet
  facet normal 0 -0 -1
    outer loop
      vertex -171.913 179.431 0
      vertex -170.885 179.216 0
      vertex -173.008 178.767 0
    endloop
  endfacet
  facet normal 0 0 -1
    outer loop
      vertex -173.008 178.767 0
      vertex -173.236 176.124 0
      vertex -173.474 178.148 0
    endloop
  endfacet
  facet normal 0 0 -1
    outer loop
      vertex -189.586 147.173 0
      vertex -183.307 144.09 0
      vertex -183.3 144.006 0
    endloop
  endfacet
  facet normal 0 0 -1
    outer loop
      vertex -170.885 179.216 0
      vertex -172.137 174.869 0
      vertex -173.236 176.124 0
    endloop
  endfacet
  facet normal 0 0 -1
    outer loop
      vertex -170.885 179.216 0
      vertex -168.541 177.789 0
      vertex -168.515 177.584 0
    endloop
  endfacet
  facet normal 0 0 -1
    outer loop
      vertex -168.541 177.789 0
      vertex -168.566 178.223 0
      vertex -168.367 178.025 0
    endloop
  endfacet
  facet normal 0 -0 -1
    outer loop
      vertex -172.607 174.145 0
      vertex -172.138 174.67 0
      vertex -172.811 172.561 0
    endloop
  endfacet
  facet normal 0 0 -1
    outer loop
      vertex -172.111 170.019 0
      vertex -161.803 175.983 0
      vertex -160.578 174.797 0
    endloop
  endfacet
  facet normal 0 0 -1
    outer loop
      vertex -182.191 202.673 0
      vertex -186.603 201.349 0
      vertex -187.152 201.922 0
    endloop
  endfacet
  facet normal 0 0 -1
    outer loop
      vertex -172.111 170.019 0
      vertex -160.578 174.797 0
      vertex -171.601 167.765 0
    endloop
  endfacet
  facet normal -0 0 -1
    outer loop
      vertex -228.617 207.551 0
      vertex -237.992 202.129 0
      vertex -232.205 208.771 0
    endloop
  endfacet
  facet normal 0 -0 -1
    outer loop
      vertex -172.111 170.019 0
      vertex -171.981 168.386 0
      vertex -172.459 169.567 0
    endloop
  endfacet
  facet normal 0 0 -1
    outer loop
      vertex -210.743 126.443 0
      vertex -206.141 154.462 0
      vertex -194.531 150.881 0
    endloop
  endfacet
  facet normal 0 0 -1
    outer loop
      vertex -174.326 146.864 0
      vertex -175.79 143.9 0
      vertex -176.232 144.229 0
    endloop
  endfacet
  facet normal 0 0 -1
    outer loop
      vertex -172.316 171.323 0
      vertex -172.325 171.473 0
      vertex -165.945 177.284 0
    endloop
  endfacet
  facet normal 0 0 -1
    outer loop
      vertex -172.491 171.534 0
      vertex -172.834 172.499 0
      vertex -172.325 171.473 0
    endloop
  endfacet
  facet normal 0 0 -1
    outer loop
      vertex -173.497 171.471 0
      vertex -172.834 172.499 0
      vertex -173.055 171.375 0
    endloop
  endfacet
  facet normal 0 -0 -1
    outer loop
      vertex -171.701 166.765 0
      vertex -157.148 167.742 0
      vertex -171.764 165.901 0
    endloop
  endfacet
  facet normal 0 0 -1
    outer loop
      vertex -171.774 165.725 0
      vertex -157.068 167.552 0
      vertex -156.05 162.276 0
    endloop
  endfacet
  facet normal 0 -0 -1
    outer loop
      vertex -165.794 177.261 0
      vertex -161.803 175.983 0
      vertex -172.111 170.019 0
    endloop
  endfacet
  facet normal 0 0 -1
    outer loop
      vertex -172.325 171.473 0
      vertex -168.339 177.574 0
      vertex -165.945 177.284 0
    endloop
  endfacet
  facet normal 0 0 -1
    outer loop
      vertex -171.69 167.917 0
      vertex -172.111 170.019 0
      vertex -171.601 167.765 0
    endloop
  endfacet
  facet normal 0 -0 -1
    outer loop
      vertex -172.316 171.323 0
      vertex -172.145 170.234 0
      vertex -172.677 170.6 0
    endloop
  endfacet
  facet normal 0 0 -1
    outer loop
      vertex -172.111 170.019 0
      vertex -171.69 167.917 0
      vertex -171.981 168.386 0
    endloop
  endfacet
  facet normal 0 0 -1
    outer loop
      vertex -171.601 167.765 0
      vertex -160.578 174.797 0
      vertex -159.544 173.652 0
    endloop
  endfacet
  facet normal -0 0 -1
    outer loop
      vertex -158.834 172.822 0
      vertex -171.601 167.765 0
      vertex -159.544 173.652 0
    endloop
  endfacet
  facet normal 0 -0 -1
    outer loop
      vertex -171.981 168.386 0
      vertex -171.69 167.917 0
      vertex -172.02 168.218 0
    endloop
  endfacet
  facet normal 0 -0 -1
    outer loop
      vertex -158.834 172.822 0
      vertex -157.148 167.742 0
      vertex -171.601 167.765 0
    endloop
  endfacet
  facet normal 0 0 -1
    outer loop
      vertex -171.727 166.694 0
      vertex -171.764 165.901 0
      vertex -172.01 166.287 0
    endloop
  endfacet
  facet normal 0 -0 -1
    outer loop
      vertex -171.601 167.765 0
      vertex -157.148 167.742 0
      vertex -171.701 166.765 0
    endloop
  endfacet
  facet normal 0 0 -1
    outer loop
      vertex -171.69 167.917 0
      vertex -172.137 168.114 0
      vertex -172.02 168.218 0
    endloop
  endfacet
  facet normal 0 0 -1
    outer loop
      vertex -174.232 161.688 0
      vertex -174.149 162.819 0
      vertex -171.363 159.244 0
    endloop
  endfacet
  facet normal 0 -0 -1
    outer loop
      vertex -172.667 165.02 0
      vertex -171.987 165.706 0
      vertex -172.678 164.862 0
    endloop
  endfacet
  facet normal 0 -0 -1
    outer loop
      vertex -171.727 166.694 0
      vertex -171.701 166.765 0
      vertex -171.764 165.901 0
    endloop
  endfacet
  facet normal 0 0 -1
    outer loop
      vertex -171.774 165.725 0
      vertex -171.764 165.901 0
      vertex -157.148 167.742 0
    endloop
  endfacet
  facet normal 0 0 -1
    outer loop
      vertex -172.667 165.02 0
      vertex -172.857 165.383 0
      vertex -171.987 165.706 0
    endloop
  endfacet
  facet normal 0 -0 -1
    outer loop
      vertex -171.774 165.725 0
      vertex -171.363 159.244 0
      vertex -172.678 164.862 0
    endloop
  endfacet
  facet normal -0 0 -1
    outer loop
      vertex -156.05 162.276 0
      vertex -171.328 159.201 0
      vertex -171.774 165.725 0
    endloop
  endfacet
  facet normal 0 0 -1
    outer loop
      vertex -171.774 165.725 0
      vertex -172.678 164.862 0
      vertex -171.987 165.706 0
    endloop
  endfacet
  facet normal 0 -0 -1
    outer loop
      vertex -172.61 166.107 0
      vertex -172.471 166.116 0
      vertex -172.857 165.383 0
    endloop
  endfacet
  facet normal 0 0 -1
    outer loop
      vertex -171.363 159.244 0
      vertex -174.149 162.819 0
      vertex -172.678 164.862 0
    endloop
  endfacet
  facet normal -0 0 -1
    outer loop
      vertex -171.987 165.706 0
      vertex -172.857 165.383 0
      vertex -172.471 166.116 0
    endloop
  endfacet
  facet normal 0 0 -1
    outer loop
      vertex -170.01 155.655 0
      vertex -153.531 158.539 0
      vertex -169.92 152.895 0
    endloop
  endfacet
  facet normal 0 0 -1
    outer loop
      vertex -174.232 161.688 0
      vertex -174.325 161.951 0
      vertex -174.149 162.819 0
    endloop
  endfacet
  facet normal 0 0 -1
    outer loop
      vertex -181.93 136.68 0
      vertex -182.993 139.424 0
      vertex -181.484 137.278 0
    endloop
  endfacet
  facet normal 0 0 -1
    outer loop
      vertex -175.465 143.264 0
      vertex -175.79 143.9 0
      vertex -174.326 146.864 0
    endloop
  endfacet
  facet normal 0 0 -1
    outer loop
      vertex -174.829 134.012 0
      vertex -174.206 136.606 0
      vertex -174.819 133.889 0
    endloop
  endfacet
  facet normal 0 0 -1
    outer loop
      vertex -153.531 158.539 0
      vertex -170.435 150.833 0
      vertex -169.925 152.853 0
    endloop
  endfacet
  facet normal 0 0 -1
    outer loop
      vertex -156.05 162.276 0
      vertex -170.738 158.111 0
      vertex -171.328 159.201 0
    endloop
  endfacet
  facet normal 0 0 -1
    outer loop
      vertex -156.05 162.276 0
      vertex -170.726 158.083 0
      vertex -170.738 158.111 0
    endloop
  endfacet
  facet normal 0 0 -1
    outer loop
      vertex -156.05 162.276 0
      vertex -170.016 155.693 0
      vertex -170.726 158.083 0
    endloop
  endfacet
  facet normal 0 -0 -1
    outer loop
      vertex -155.952 162.129 0
      vertex -153.531 158.539 0
      vertex -170.01 155.655 0
    endloop
  endfacet
  facet normal 0 0 -1
    outer loop
      vertex -155.952 162.129 0
      vertex -170.01 155.655 0
      vertex -170.016 155.693 0
    endloop
  endfacet
  facet normal -0 0 -1
    outer loop
      vertex -153.358 158.503 0
      vertex -170.463 150.776 0
      vertex -153.531 158.539 0
    endloop
  endfacet
  facet normal 0 -0 -1
    outer loop
      vertex -153.358 158.503 0
      vertex -147.861 129.539 0
      vertex -170.463 150.776 0
    endloop
  endfacet
  facet normal 0 0 -1
    outer loop
      vertex -170.463 150.776 0
      vertex -147.861 129.539 0
      vertex -148.851 128.779 0
    endloop
  endfacet
  facet normal 0 0 -1
    outer loop
      vertex -175.465 143.264 0
      vertex -174.326 146.864 0
      vertex -174.304 146.877 0
    endloop
  endfacet
  facet normal 0 0 -1
    outer loop
      vertex -172.713 147.996 0
      vertex -175.307 142.415 0
      vertex -172.744 147.967 0
    endloop
  endfacet
  facet normal 0 0 -1
    outer loop
      vertex -175.465 143.264 0
      vertex -174.304 146.877 0
      vertex -175.424 143.058 0
    endloop
  endfacet
  facet normal 0 0 -1
    outer loop
      vertex -174.326 146.864 0
      vertex -176.232 144.229 0
      vertex -176.937 145.63 0
    endloop
  endfacet
  facet normal 0 0 -1
    outer loop
      vertex -172.744 147.967 0
      vertex -175.307 142.415 0
      vertex -175.311 142.591 0
    endloop
  endfacet
  facet normal 0 -0 -1
    outer loop
      vertex -175.424 143.058 0
      vertex -175.311 142.591 0
      vertex -175.536 142.887 0
    endloop
  endfacet
  facet normal 0 0 -1
    outer loop
      vertex -157.779 123.574 0
      vertex -174.194 136.752 0
      vertex -151.777 126.075 0
    endloop
  endfacet
  facet normal 0 0 -1
    outer loop
      vertex -157.779 123.574 0
      vertex -174.206 136.606 0
      vertex -174.194 136.752 0
    endloop
  endfacet
  facet normal 0 0 -1
    outer loop
      vertex -187.044 117.283 0
      vertex -188.464 118.326 0
      vertex -188.533 118.419 0
    endloop
  endfacet
  facet normal 0 0 -1
    outer loop
      vertex -175.311 142.591 0
      vertex -175.424 143.058 0
      vertex -174.304 146.877 0
    endloop
  endfacet
  facet normal 0 0 -1
    outer loop
      vertex -176.214 131.245 0
      vertex -167.634 111.64 0
      vertex -167.663 111.619 0
    endloop
  endfacet
  facet normal 0 0 -1
    outer loop
      vertex -175.762 143.688 0
      vertex -175.79 143.9 0
      vertex -175.465 143.264 0
    endloop
  endfacet
  facet normal 0 0 -1
    outer loop
      vertex -176.214 131.245 0
      vertex -176.204 131.422 0
      vertex -175.345 132.74 0
    endloop
  endfacet
  facet normal 0 -0 -1
    outer loop
      vertex -172.713 147.996 0
      vertex -170.463 150.776 0
      vertex -174.194 136.752 0
    endloop
  endfacet
  facet normal 0 0 -1
    outer loop
      vertex -172.744 147.967 0
      vertex -175.311 142.591 0
      vertex -174.304 146.877 0
    endloop
  endfacet
  facet normal 0 -0 -1
    outer loop
      vertex -175.523 142.325 0
      vertex -175.397 142.354 0
      vertex -175.627 141.839 0
    endloop
  endfacet
  facet normal 0 0 -1
    outer loop
      vertex -175.334 134.932 0
      vertex -174.206 136.606 0
      vertex -174.829 134.012 0
    endloop
  endfacet
  facet normal 0 0 -1
    outer loop
      vertex -175.188 139.613 0
      vertex -175.627 141.839 0
      vertex -175.307 142.415 0
    endloop
  endfacet
  facet normal 0 0 -1
    outer loop
      vertex -174.194 136.752 0
      vertex -170.463 150.776 0
      vertex -148.851 128.779 0
    endloop
  endfacet
  facet normal 0 -0 -1
    outer loop
      vertex -175.199 132.839 0
      vertex -157.97 123.435 0
      vertex -176.214 131.245 0
    endloop
  endfacet
  facet normal 0 0 -1
    outer loop
      vertex -176.942 133.368 0
      vertex -175.781 133.739 0
      vertex -175.482 132.843 0
    endloop
  endfacet
  facet normal 0 0 -1
    outer loop
      vertex -174.819 133.889 0
      vertex -157.779 123.574 0
      vertex -157.97 123.435 0
    endloop
  endfacet
  facet normal 0 0 -1
    outer loop
      vertex -174.194 136.752 0
      vertex -174.838 138.158 0
      vertex -174.79 138.86 0
    endloop
  endfacet
  facet normal 0 0 -1
    outer loop
      vertex -175.199 132.839 0
      vertex -174.819 133.889 0
      vertex -157.97 123.435 0
    endloop
  endfacet
  facet normal 0 -0 -1
    outer loop
      vertex -174.206 136.606 0
      vertex -157.779 123.574 0
      vertex -174.819 133.889 0
    endloop
  endfacet
  facet normal 0 -0 -1
    outer loop
      vertex -175.482 132.843 0
      vertex -175.345 132.74 0
      vertex -176.204 131.422 0
    endloop
  endfacet
  facet normal 0 0 -1
    outer loop
      vertex -165.289 113.915 0
      vertex -176.214 131.245 0
      vertex -165.116 114.048 0
    endloop
  endfacet
  facet normal 0 0 -1
    outer loop
      vertex -175.482 132.843 0
      vertex -176.204 131.422 0
      vertex -176.987 132.63 0
    endloop
  endfacet
  facet normal 0 -0 -1
    outer loop
      vertex -175.345 132.74 0
      vertex -175.199 132.839 0
      vertex -176.214 131.245 0
    endloop
  endfacet
  facet normal 0 0 -1
    outer loop
      vertex -176.214 131.245 0
      vertex -162.301 116.149 0
      vertex -165.116 114.048 0
    endloop
  endfacet
  facet normal -0 0 -1
    outer loop
      vertex -162.26 116.187 0
      vertex -162.301 116.149 0
      vertex -176.214 131.245 0
    endloop
  endfacet
  facet normal 0 -0 -1
    outer loop
      vertex -176.942 133.368 0
      vertex -175.482 132.843 0
      vertex -176.987 132.63 0
    endloop
  endfacet
  facet normal 0 0 -1
    outer loop
      vertex -186.855 117.177 0
      vertex -185.694 115.855 0
      vertex -185.828 115.909 0
    endloop
  endfacet
  facet normal 0 0 -1
    outer loop
      vertex -176.553 134.083 0
      vertex -176.254 134.212 0
      vertex -175.781 133.739 0
    endloop
  endfacet
  facet normal 0 0 -1
    outer loop
      vertex -176.942 133.368 0
      vertex -176.553 134.083 0
      vertex -175.781 133.739 0
    endloop
  endfacet
  facet normal 0 -0 -1
    outer loop
      vertex -177.514 132.679 0
      vertex -176.45 131.25 0
      vertex -179.578 132.502 0
    endloop
  endfacet
  facet normal 0 -0 -1
    outer loop
      vertex -178.796 133.114 0
      vertex -178.062 133.035 0
      vertex -179.578 132.502 0
    endloop
  endfacet
  facet normal 0 0 -1
    outer loop
      vertex -179.754 132.496 0
      vertex -186.855 117.177 0
      vertex -188.533 118.419 0
    endloop
  endfacet
  facet normal -0 0 -1
    outer loop
      vertex -165.289 113.915 0
      vertex -167.634 111.64 0
      vertex -176.214 131.245 0
    endloop
  endfacet
  facet normal 0 0 -1
    outer loop
      vertex -188.263 117.509 0
      vertex -187.044 117.283 0
      vertex -187.868 117.033 0
    endloop
  endfacet
  facet normal 0 0 -1
    outer loop
      vertex -188.533 118.419 0
      vertex -186.855 117.177 0
      vertex -187.044 117.283 0
    endloop
  endfacet
  facet normal 0 0 -1
    outer loop
      vertex -179.578 132.502 0
      vertex -178.062 133.035 0
      vertex -177.514 132.679 0
    endloop
  endfacet
  facet normal 0 -0 -1
    outer loop
      vertex -179.578 132.502 0
      vertex -176.45 131.25 0
      vertex -179.754 132.496 0
    endloop
  endfacet
  facet normal -0 0 -1
    outer loop
      vertex -178.933 133.597 0
      vertex -179.778 132.724 0
      vertex -179.368 134.793 0
    endloop
  endfacet
  facet normal 0 0 -1
    outer loop
      vertex -196.459 123.058 0
      vertex -200.204 122.45 0
      vertex -201.941 122.713 0
    endloop
  endfacet
  facet normal 0 0 -1
    outer loop
      vertex -189.586 147.173 0
      vertex -187.832 147.821 0
      vertex -187.796 147.822 0
    endloop
  endfacet
  facet normal 0 0 -1
    outer loop
      vertex -204.41 123.052 0
      vertex -204.78 123.182 0
      vertex -202.093 122.74 0
    endloop
  endfacet
  facet normal -0 -0 -1
    outer loop
      vertex -181.103 136.345 0
      vertex -179.778 132.724 0
      vertex -181.853 136.411 0
    endloop
  endfacet
  facet normal 0 0 -1
    outer loop
      vertex -181.853 136.411 0
      vertex -179.778 132.724 0
      vertex -179.754 132.496 0
    endloop
  endfacet
  facet normal 0 0 -1
    outer loop
      vertex -181.103 136.345 0
      vertex -179.368 134.793 0
      vertex -179.778 132.724 0
    endloop
  endfacet
  facet normal 0 0 -1
    outer loop
      vertex -181.986 136.526 0
      vertex -181.853 136.411 0
      vertex -179.754 132.496 0
    endloop
  endfacet
  facet normal -0 0 -1
    outer loop
      vertex -207.506 124.12 0
      vertex -207.569 124.108 0
      vertex -208.934 124.239 0
    endloop
  endfacet
  facet normal 0 0 -1
    outer loop
      vertex -181.93 136.68 0
      vertex -181.484 137.278 0
      vertex -181.504 136.999 0
    endloop
  endfacet
  facet normal 0 0 -1
    outer loop
      vertex -181.986 136.526 0
      vertex -182.993 139.424 0
      vertex -181.93 136.68 0
    endloop
  endfacet
  facet normal 0 0 -1
    outer loop
      vertex -183.307 144.09 0
      vertex -186.47 148.038 0
      vertex -184.456 147.715 0
    endloop
  endfacet
  facet normal 0 0 -1
    outer loop
      vertex -183.307 144.09 0
      vertex -189.586 147.173 0
      vertex -187.796 147.822 0
    endloop
  endfacet
  facet normal 0 0 -1
    outer loop
      vertex -183.3 144.006 0
      vertex -182.691 142.424 0
      vertex -182.73 140.406 0
    endloop
  endfacet
  facet normal 0 0 -1
    outer loop
      vertex -184.456 147.715 0
      vertex -183.218 147.111 0
      vertex -182.866 146.226 0
    endloop
  endfacet
  facet normal 0 0 -1
    outer loop
      vertex -183.012 139.557 0
      vertex -183.3 144.006 0
      vertex -182.73 140.406 0
    endloop
  endfacet
  facet normal 0 0 -1
    outer loop
      vertex -183.307 144.09 0
      vertex -187.796 147.822 0
      vertex -186.47 148.038 0
    endloop
  endfacet
  facet normal 0 0 -1
    outer loop
      vertex -194.467 150.831 0
      vertex -189.843 147.315 0
      vertex -189.757 147.131 0
    endloop
  endfacet
  facet normal 0 0 -1
    outer loop
      vertex -194.467 150.831 0
      vertex -190.474 149.182 0
      vertex -189.843 147.315 0
    endloop
  endfacet
  facet normal 0 0 -1
    outer loop
      vertex -183.307 144.09 0
      vertex -184.456 147.715 0
      vertex -182.866 146.226 0
    endloop
  endfacet
  facet normal 0 0 -1
    outer loop
      vertex -189.586 147.173 0
      vertex -188.956 147.914 0
      vertex -187.832 147.821 0
    endloop
  endfacet
  facet normal 0 0 -1
    outer loop
      vertex -189.757 147.131 0
      vertex -189.586 147.173 0
      vertex -183.3 144.006 0
    endloop
  endfacet
  facet normal 0 0 -1
    outer loop
      vertex -183.012 139.557 0
      vertex -189.757 147.131 0
      vertex -183.3 144.006 0
    endloop
  endfacet
  facet normal -0 -0 -1
    outer loop
      vertex -183.012 139.557 0
      vertex -182.993 139.424 0
      vertex -189.757 147.131 0
    endloop
  endfacet
  facet normal 0 0 -1
    outer loop
      vertex -206.656 124.1 0
      vertex -210.743 126.443 0
      vertex -206.589 124.082 0
    endloop
  endfacet
  facet normal 0 -0 -1
    outer loop
      vertex -206.317 154.476 0
      vertex -206.141 154.462 0
      vertex -211.413 126.663 0
    endloop
  endfacet
  facet normal 0 0 -1
    outer loop
      vertex -189.843 147.315 0
      vertex -190.474 149.182 0
      vertex -189.541 148.277 0
    endloop
  endfacet
  facet normal -0 -0 -1
    outer loop
      vertex -197.464 154.026 0
      vertex -195.83 152.647 0
      vertex -199.585 154.697 0
    endloop
  endfacet
  facet normal 0 0 -1
    outer loop
      vertex -206.271 178.423 0
      vertex -206.318 178.451 0
      vertex -206.283 178.59 0
    endloop
  endfacet
  facet normal 0 0 -1
    outer loop
      vertex -211.413 126.663 0
      vertex -206.141 154.462 0
      vertex -210.743 126.443 0
    endloop
  endfacet
  facet normal 0 -0 -1
    outer loop
      vertex -205.174 154.651 0
      vertex -194.531 150.881 0
      vertex -206.141 154.462 0
    endloop
  endfacet
  facet normal 0 0 -1
    outer loop
      vertex -205.345 154.694 0
      vertex -205.409 154.915 0
      vertex -205.371 154.84 0
    endloop
  endfacet
  facet normal 0 0 -1
    outer loop
      vertex -199.585 154.697 0
      vertex -195.83 152.647 0
      vertex -194.531 150.881 0
    endloop
  endfacet
  facet normal 0 -0 -1
    outer loop
      vertex -199.613 154.709 0
      vertex -199.585 154.697 0
      vertex -205.174 154.651 0
    endloop
  endfacet
  facet normal -0 -0 -1
    outer loop
      vertex -201.363 155.682 0
      vertex -199.613 154.709 0
      vertex -202.445 155.748 0
    endloop
  endfacet
  facet normal 0 -0 -1
    outer loop
      vertex -202.445 155.748 0
      vertex -199.613 154.709 0
      vertex -205.174 154.651 0
    endloop
  endfacet
  facet normal 0 0 -1
    outer loop
      vertex -205.174 154.651 0
      vertex -199.585 154.697 0
      vertex -194.531 150.881 0
    endloop
  endfacet
  facet normal -0 0 -1
    outer loop
      vertex -211.413 126.663 0
      vertex -211.61 126.521 0
      vertex -206.317 154.476 0
    endloop
  endfacet
  facet normal 0 0 -1
    outer loop
      vertex -206.141 154.462 0
      vertex -205.345 154.694 0
      vertex -205.174 154.651 0
    endloop
  endfacet
  facet normal 0 0 -1
    outer loop
      vertex -209.62 160.15 0
      vertex -206.334 154.687 0
      vertex -206.317 154.476 0
    endloop
  endfacet
  facet normal -0 0 -1
    outer loop
      vertex -207.178 161.986 0
      vertex -209.485 160.263 0
      vertex -208.396 162.168 0
    endloop
  endfacet
  facet normal 0 0 -1
    outer loop
      vertex -205.371 154.84 0
      vertex -205.409 154.915 0
      vertex -205.342 154.923 0
    endloop
  endfacet
  facet normal -0 0 -1
    outer loop
      vertex -205.345 154.694 0
      vertex -206.141 154.462 0
      vertex -205.409 154.915 0
    endloop
  endfacet
  facet normal 0 0 -1
    outer loop
      vertex -208.977 124.256 0
      vertex -210.641 126.317 0
      vertex -207.506 124.12 0
    endloop
  endfacet
  facet normal 0 0 -1
    outer loop
      vertex -206.334 154.687 0
      vertex -205.567 156.225 0
      vertex -205.942 155.146 0
    endloop
  endfacet
  facet normal 0 0 -1
    outer loop
      vertex -233.285 210 0
      vertex -233.673 210.231 0
      vertex -233.528 210.183 0
    endloop
  endfacet
  facet normal 0 0 -1
    outer loop
      vertex -208.396 162.168 0
      vertex -209.485 160.263 0
      vertex -209.038 162.041 0
    endloop
  endfacet
  facet normal 0 -0 -1
    outer loop
      vertex -207.178 161.986 0
      vertex -205.567 156.225 0
      vertex -209.485 160.263 0
    endloop
  endfacet
  facet normal 0 -0 -1
    outer loop
      vertex -209.485 160.263 0
      vertex -205.567 156.225 0
      vertex -209.62 160.15 0
    endloop
  endfacet
  facet normal 0 0 -1
    outer loop
      vertex -209.62 160.15 0
      vertex -205.567 156.225 0
      vertex -206.334 154.687 0
    endloop
  endfacet
  facet normal 0 -0 -1
    outer loop
      vertex -234.283 210.931 0
      vertex -233.673 210.231 0
      vertex -236.35 209.73 0
    endloop
  endfacet
  facet normal 0 0 -1
    outer loop
      vertex -209.78 160.308 0
      vertex -209.62 160.15 0
      vertex -206.317 154.476 0
    endloop
  endfacet
  facet normal 0 0 -1
    outer loop
      vertex -249.969 206.526 0
      vertex -246.698 207.172 0
      vertex -241.224 203.185 0
    endloop
  endfacet
  facet normal 0 0 -1
    outer loop
      vertex -209.78 160.308 0
      vertex -211.127 163.495 0
      vertex -209.683 162.022 0
    endloop
  endfacet
  facet normal 0 0 -1
    outer loop
      vertex -210.704 169.826 0
      vertex -238.325 199.272 0
      vertex -210.678 170.024 0
    endloop
  endfacet
  facet normal 0 0 -1
    outer loop
      vertex -227.371 206.84 0
      vertex -226.436 206.898 0
      vertex -225.739 206.602 0
    endloop
  endfacet
  facet normal 0 0 -1
    outer loop
      vertex -211.157 163.661 0
      vertex -210.79 167.47 0
      vertex -210.79 164.492 0
    endloop
  endfacet
  facet normal -0 -0 -1
    outer loop
      vertex -208.51 232.056 0
      vertex -208.479 231.959 0
      vertex -209.588 232.791 0
    endloop
  endfacet
  facet normal 0 0 -1
    outer loop
      vertex -207.5 216.87 0
      vertex -204.357 217.845 0
      vertex -202.858 216.296 0
    endloop
  endfacet
  facet normal 0 0 -1
    outer loop
      vertex -210.788 167.492 0
      vertex -210.704 169.826 0
      vertex -210.487 169.504 0
    endloop
  endfacet
  facet normal 0 0 -1
    outer loop
      vertex -210.678 170.024 0
      vertex -209.191 172.856 0
      vertex -210.145 170.48 0
    endloop
  endfacet
  facet normal 0 0 -1
    outer loop
      vertex -208.081 176.668 0
      vertex -208.796 174.526 0
      vertex -209.22 173.584 0
    endloop
  endfacet
  facet normal 0 0 -1
    outer loop
      vertex -209.22 173.584 0
      vertex -208.84 174.408 0
      vertex -209.131 173.727 0
    endloop
  endfacet
  facet normal 0 0 -1
    outer loop
      vertex -210.678 170.024 0
      vertex -209.22 173.584 0
      vertex -209.191 172.856 0
    endloop
  endfacet
  facet normal 0 0 -1
    outer loop
      vertex -208.081 176.668 0
      vertex -208.082 176.492 0
      vertex -208.796 174.526 0
    endloop
  endfacet
  facet normal 0 -0 -1
    outer loop
      vertex -207.133 185.901 0
      vertex -205.048 185.046 0
      vertex -207.17 185.728 0
    endloop
  endfacet
  facet normal 0 0 -1
    outer loop
      vertex -209.131 173.727 0
      vertex -208.84 174.408 0
      vertex -208.798 173.874 0
    endloop
  endfacet
  facet normal 0 0 -1
    outer loop
      vertex -209.22 173.584 0
      vertex -208.796 174.526 0
      vertex -208.84 174.408 0
    endloop
  endfacet
  facet normal 0 0 -1
    outer loop
      vertex -207.476 177.136 0
      vertex -207.59 176.98 0
      vertex -207.946 176.729 0
    endloop
  endfacet
  facet normal 0 0 -1
    outer loop
      vertex -208.796 174.526 0
      vertex -208.082 176.492 0
      vertex -207.556 175.766 0
    endloop
  endfacet
  facet normal 0 0 -1
    outer loop
      vertex -204.985 179.799 0
      vertex -204.482 179.832 0
      vertex -204.52 179.615 0
    endloop
  endfacet
  facet normal 0 0 -1
    outer loop
      vertex -207.251 178.664 0
      vertex -207.938 185.813 0
      vertex -205.396 180.744 0
    endloop
  endfacet
  facet normal -0 0 -1
    outer loop
      vertex -206.909 177.672 0
      vertex -206.96 177.567 0
      vertex -207.231 178.489 0
    endloop
  endfacet
  facet normal 0 0 -1
    outer loop
      vertex -207.946 176.729 0
      vertex -207.59 176.98 0
      vertex -207.571 176.695 0
    endloop
  endfacet
  facet normal 0 0 -1
    outer loop
      vertex -207.231 178.489 0
      vertex -206.674 177.881 0
      vertex -206.909 177.672 0
    endloop
  endfacet
  facet normal 0 0 -1
    outer loop
      vertex -208.081 176.668 0
      vertex -207.476 177.136 0
      vertex -207.946 176.729 0
    endloop
  endfacet
  facet normal 0 0 -1
    outer loop
      vertex -207.298 185.693 0
      vertex -207.17 185.728 0
      vertex -205.585 184.517 0
    endloop
  endfacet
  facet normal 0 0 -1
    outer loop
      vertex -207.476 177.136 0
      vertex -206.96 177.567 0
      vertex -206.974 177.259 0
    endloop
  endfacet
  facet normal 0 -0 -1
    outer loop
      vertex -207.231 178.489 0
      vertex -206.96 177.567 0
      vertex -207.476 177.136 0
    endloop
  endfacet
  facet normal -0 0 -1
    outer loop
      vertex -205.715 179.603 0
      vertex -205.799 179.537 0
      vertex -205.396 180.744 0
    endloop
  endfacet
  facet normal 0 0 -1
    outer loop
      vertex -208.081 176.668 0
      vertex -207.231 178.489 0
      vertex -207.476 177.136 0
    endloop
  endfacet
  facet normal 0 0 -1
    outer loop
      vertex -206.13 178.298 0
      vertex -206.271 178.423 0
      vertex -206.283 178.59 0
    endloop
  endfacet
  facet normal 0 0 -1
    outer loop
      vertex -208.081 176.668 0
      vertex -207.251 178.664 0
      vertex -207.231 178.489 0
    endloop
  endfacet
  facet normal -0 0 -1
    outer loop
      vertex -205.266 180.224 0
      vertex -205.715 179.603 0
      vertex -205.396 180.744 0
    endloop
  endfacet
  facet normal -0 0 -1
    outer loop
      vertex -206.283 178.59 0
      vertex -206.318 178.451 0
      vertex -207.068 178.731 0
    endloop
  endfacet
  facet normal 0 0 -1
    outer loop
      vertex -206.279 178.737 0
      vertex -206.283 178.59 0
      vertex -207.068 178.731 0
    endloop
  endfacet
  facet normal 0 0 -1
    outer loop
      vertex -207.068 178.731 0
      vertex -205.799 179.537 0
      vertex -206.279 178.737 0
    endloop
  endfacet
  facet normal 0 0 -1
    outer loop
      vertex -205.715 179.603 0
      vertex -205.178 180.121 0
      vertex -205.085 179.803 0
    endloop
  endfacet
  facet normal -0 0 -1
    outer loop
      vertex -205.178 180.121 0
      vertex -205.715 179.603 0
      vertex -205.266 180.224 0
    endloop
  endfacet
  facet normal 0 0 -1
    outer loop
      vertex -203.057 184.055 0
      vertex -205.412 184.276 0
      vertex -204.11 184.941 0
    endloop
  endfacet
  facet normal -0 0 -1
    outer loop
      vertex -204.459 179.71 0
      vertex -204.52 179.615 0
      vertex -204.482 179.832 0
    endloop
  endfacet
  facet normal 0 0 -1
    outer loop
      vertex -205.178 180.121 0
      vertex -204.482 179.832 0
      vertex -204.985 179.799 0
    endloop
  endfacet
  facet normal 0 0 -1
    outer loop
      vertex -203.243 180.869 0
      vertex -204.487 181.146 0
      vertex -203.016 184.031 0
    endloop
  endfacet
  facet normal 0 0 -1
    outer loop
      vertex -205.085 179.803 0
      vertex -205.178 180.121 0
      vertex -204.985 179.799 0
    endloop
  endfacet
  facet normal 0 0 -1
    outer loop
      vertex -205.396 180.744 0
      vertex -205.799 179.537 0
      vertex -207.068 178.731 0
    endloop
  endfacet
  facet normal 0 0 -1
    outer loop
      vertex -207.251 178.664 0
      vertex -205.396 180.744 0
      vertex -207.068 178.731 0
    endloop
  endfacet
  facet normal -0 -0 -1
    outer loop
      vertex -205.412 184.276 0
      vertex -205.293 180.924 0
      vertex -205.586 184.304 0
    endloop
  endfacet
  facet normal 0 0 -1
    outer loop
      vertex -201.872 181.623 0
      vertex -203.016 184.031 0
      vertex -202.251 183.725 0
    endloop
  endfacet
  facet normal 0 0 -1
    outer loop
      vertex -207.251 178.664 0
      vertex -208.057 185.929 0
      vertex -207.938 185.813 0
    endloop
  endfacet
  facet normal -0 0 -1
    outer loop
      vertex -201.735 183.111 0
      vertex -201.872 181.623 0
      vertex -202.251 183.725 0
    endloop
  endfacet
  facet normal -0 0 -1
    outer loop
      vertex -201.872 181.623 0
      vertex -203.243 180.869 0
      vertex -203.016 184.031 0
    endloop
  endfacet
  facet normal 0 0 -1
    outer loop
      vertex -198.686 186.999 0
      vertex -198.294 187.35 0
      vertex -198.367 187.19 0
    endloop
  endfacet
  facet normal -0 0 -1
    outer loop
      vertex -203.016 184.031 0
      vertex -204.487 181.146 0
      vertex -203.057 184.055 0
    endloop
  endfacet
  facet normal -0 0 -1
    outer loop
      vertex -203.057 184.055 0
      vertex -204.487 181.146 0
      vertex -205.412 184.276 0
    endloop
  endfacet
  facet normal 0 0 -1
    outer loop
      vertex -201.427 185.054 0
      vertex -204.163 185.538 0
      vertex -204.259 185.801 0
    endloop
  endfacet
  facet normal -0 0 -1
    outer loop
      vertex -204.487 181.146 0
      vertex -204.563 181.144 0
      vertex -205.412 184.276 0
    endloop
  endfacet
  facet normal 0 0 -1
    outer loop
      vertex -205.412 184.276 0
      vertex -204.563 181.144 0
      vertex -205.293 180.924 0
    endloop
  endfacet
  facet normal 0 0 -1
    outer loop
      vertex -205.586 184.304 0
      vertex -205.293 180.924 0
      vertex -205.396 180.744 0
    endloop
  endfacet
  facet normal 0 -0 -1
    outer loop
      vertex -212.928 224.642 0
      vertex -206.739 226.507 0
      vertex -212.951 224.467 0
    endloop
  endfacet
  facet normal 0 0 -1
    outer loop
      vertex -207.298 185.693 0
      vertex -205.585 184.517 0
      vertex -205.586 184.304 0
    endloop
  endfacet
  facet normal 0 0 -1
    outer loop
      vertex -205.396 180.744 0
      vertex -207.938 185.813 0
      vertex -205.586 184.304 0
    endloop
  endfacet
  facet normal 0 0 -1
    outer loop
      vertex -201.278 185.081 0
      vertex -200.195 185.67 0
      vertex -200.455 185.183 0
    endloop
  endfacet
  facet normal 0 0 -1
    outer loop
      vertex -207.133 185.901 0
      vertex -207.209 186.071 0
      vertex -205.048 185.046 0
    endloop
  endfacet
  facet normal 0 0 -1
    outer loop
      vertex -207.17 185.728 0
      vertex -205.048 185.046 0
      vertex -205.585 184.517 0
    endloop
  endfacet
  facet normal 0 0 -1
    outer loop
      vertex -207.938 185.813 0
      vertex -207.298 185.693 0
      vertex -205.586 184.304 0
    endloop
  endfacet
  facet normal -0 0 -1
    outer loop
      vertex -207.251 178.664 0
      vertex -208.081 176.668 0
      vertex -208.057 185.929 0
    endloop
  endfacet
  facet normal 0 0 -1
    outer loop
      vertex -208.057 185.929 0
      vertex -208.081 176.668 0
      vertex -209.22 173.584 0
    endloop
  endfacet
  facet normal 0 0 -1
    outer loop
      vertex -227.457 206.861 0
      vertex -238.031 201.957 0
      vertex -237.992 202.129 0
    endloop
  endfacet
  facet normal 0 -0 -1
    outer loop
      vertex -227.457 206.861 0
      vertex -227.371 206.84 0
      vertex -238.295 199.446 0
    endloop
  endfacet
  facet normal 0 0 -1
    outer loop
      vertex -204.259 185.801 0
      vertex -204.433 185.896 0
      vertex -200.227 187.299 0
    endloop
  endfacet
  facet normal 0 0 -1
    outer loop
      vertex -202.299 196.09 0
      vertex -199.914 195.839 0
      vertex -197.831 193.549 0
    endloop
  endfacet
  facet normal -0 0 -1
    outer loop
      vertex -204.433 185.896 0
      vertex -205.18 185.728 0
      vertex -207.53 186.913 0
    endloop
  endfacet
  facet normal 0 0 -1
    outer loop
      vertex -208.103 187.495 0
      vertex -204.433 185.896 0
      vertex -207.53 186.913 0
    endloop
  endfacet
  facet normal 0 0 -1
    outer loop
      vertex -198.294 187.35 0
      vertex -197.74 193.501 0
      vertex -198.133 187.342 0
    endloop
  endfacet
  facet normal -0 0 -1
    outer loop
      vertex -201.427 185.054 0
      vertex -201.831 184.71 0
      vertex -204.163 185.538 0
    endloop
  endfacet
  facet normal 0 0 -1
    outer loop
      vertex -201.278 185.081 0
      vertex -200.51 186.486 0
      vertex -200.195 185.67 0
    endloop
  endfacet
  facet normal 0 0 -1
    outer loop
      vertex -201.427 185.054 0
      vertex -200.51 186.486 0
      vertex -201.278 185.081 0
    endloop
  endfacet
  facet normal 0 0 -1
    outer loop
      vertex -201.427 185.054 0
      vertex -204.259 185.801 0
      vertex -200.51 186.486 0
    endloop
  endfacet
  facet normal 0 0 -1
    outer loop
      vertex -200.455 185.183 0
      vertex -200.841 184.918 0
      vertex -201.278 185.081 0
    endloop
  endfacet
  facet normal -0 0 -1
    outer loop
      vertex -200.51 186.486 0
      vertex -204.259 185.801 0
      vertex -200.465 186.656 0
    endloop
  endfacet
  facet normal -0 0 -1
    outer loop
      vertex -200.465 186.656 0
      vertex -204.259 185.801 0
      vertex -200.227 187.299 0
    endloop
  endfacet
  facet normal 0 0 -1
    outer loop
      vertex -194.094 190.967 0
      vertex -194.239 193.034 0
      vertex -193.55 192.173 0
    endloop
  endfacet
  facet normal -0 0 -1
    outer loop
      vertex -200.346 186.688 0
      vertex -200.465 186.656 0
      vertex -200.227 187.299 0
    endloop
  endfacet
  facet normal -0 0 -1
    outer loop
      vertex -200.227 187.299 0
      vertex -204.433 185.896 0
      vertex -200.145 187.5 0
    endloop
  endfacet
  facet normal 0 -0 -1
    outer loop
      vertex -198.307 216.07 0
      vertex -197.962 216.111 0
      vertex -199.116 214.65 0
    endloop
  endfacet
  facet normal 0 0 -1
    outer loop
      vertex -200.346 186.688 0
      vertex -200.227 187.299 0
      vertex -199.928 186.621 0
    endloop
  endfacet
  facet normal 0 0 -1
    outer loop
      vertex -199.635 187.7 0
      vertex -197.74 193.501 0
      vertex -199.449 187.634 0
    endloop
  endfacet
  facet normal 0 0 -1
    outer loop
      vertex -194.239 193.034 0
      vertex -193.541 192.75 0
      vertex -193.55 192.173 0
    endloop
  endfacet
  facet normal 0 0 -1
    outer loop
      vertex -199.068 186.959 0
      vertex -199.449 187.634 0
      vertex -198.686 186.999 0
    endloop
  endfacet
  facet normal 0 0 -1
    outer loop
      vertex -198.686 186.999 0
      vertex -198.367 187.19 0
      vertex -198.593 186.979 0
    endloop
  endfacet
  facet normal 0 0 -1
    outer loop
      vertex -198.593 186.979 0
      vertex -198.367 187.19 0
      vertex -198.286 186.794 0
    endloop
  endfacet
  facet normal -0 0 -1
    outer loop
      vertex -198.294 187.35 0
      vertex -198.686 186.999 0
      vertex -199.449 187.634 0
    endloop
  endfacet
  facet normal 0 0 -1
    outer loop
      vertex -195.902 187.687 0
      vertex -197.74 193.501 0
      vertex -194.094 190.967 0
    endloop
  endfacet
  facet normal 0 0 -1
    outer loop
      vertex -200.689 196.92 0
      vertex -199.887 196.95 0
      vertex -200.652 196.912 0
    endloop
  endfacet
  facet normal -0 0 -1
    outer loop
      vertex -195.902 187.687 0
      vertex -198.133 187.342 0
      vertex -197.74 193.501 0
    endloop
  endfacet
  facet normal 0 0 -1
    outer loop
      vertex -195.902 187.687 0
      vertex -197.364 186.79 0
      vertex -198.133 187.342 0
    endloop
  endfacet
  facet normal 0 0 -1
    outer loop
      vertex -197.74 193.501 0
      vertex -198.294 187.35 0
      vertex -199.449 187.634 0
    endloop
  endfacet
  facet normal 0 0 -1
    outer loop
      vertex -194.094 190.967 0
      vertex -197.74 193.501 0
      vertex -194.239 193.034 0
    endloop
  endfacet
  facet normal 0 0 -1
    outer loop
      vertex -199.635 187.7 0
      vertex -197.831 193.549 0
      vertex -197.74 193.501 0
    endloop
  endfacet
  facet normal -0 0 -1
    outer loop
      vertex -199.635 187.7 0
      vertex -200.145 187.5 0
      vertex -197.831 193.549 0
    endloop
  endfacet
  facet normal 0 0 -1
    outer loop
      vertex -192.706 199.021 0
      vertex -191.47 198.291 0
      vertex -191.197 197.826 0
    endloop
  endfacet
  facet normal 0 0 -1
    outer loop
      vertex -202.299 196.09 0
      vertex -202.164 196.204 0
      vertex -199.914 195.839 0
    endloop
  endfacet
  facet normal 0 0 -1
    outer loop
      vertex -199.914 195.839 0
      vertex -202.164 196.204 0
      vertex -202.083 196.538 0
    endloop
  endfacet
  facet normal 0 0 -1
    outer loop
      vertex -200.145 187.5 0
      vertex -202.299 196.09 0
      vertex -197.831 193.549 0
    endloop
  endfacet
  facet normal -0 0 -1
    outer loop
      vertex -202.299 196.09 0
      vertex -204.433 185.896 0
      vertex -202.408 196.126 0
    endloop
  endfacet
  facet normal 0 -0 -1
    outer loop
      vertex -183.971 217.578 0
      vertex -182.878 216.144 0
      vertex -188.44 215.016 0
    endloop
  endfacet
  facet normal -0 0 -1
    outer loop
      vertex -200.145 187.5 0
      vertex -204.433 185.896 0
      vertex -202.299 196.09 0
    endloop
  endfacet
  facet normal 0 0 -1
    outer loop
      vertex -204.433 185.896 0
      vertex -208.103 187.495 0
      vertex -202.408 196.126 0
    endloop
  endfacet
  facet normal 0 -0 -1
    outer loop
      vertex -203.238 196.836 0
      vertex -202.408 196.126 0
      vertex -208.103 187.495 0
    endloop
  endfacet
  facet normal 0 0 -1
    outer loop
      vertex -208.285 187.52 0
      vertex -203.238 196.836 0
      vertex -208.103 187.495 0
    endloop
  endfacet
  facet normal 0 0 -1
    outer loop
      vertex -212.614 200.954 0
      vertex -212.624 201.054 0
      vertex -211.949 202.309 0
    endloop
  endfacet
  facet normal 0 0 -1
    outer loop
      vertex -188.664 202.997 0
      vertex -192.213 205.481 0
      vertex -191.858 207.315 0
    endloop
  endfacet
  facet normal 0 0 -1
    outer loop
      vertex -200.652 196.912 0
      vertex -199.887 196.95 0
      vertex -200.021 196.748 0
    endloop
  endfacet
  facet normal 0 0 -1
    outer loop
      vertex -197.13 195.547 0
      vertex -192.78 199.142 0
      vertex -197.102 195.525 0
    endloop
  endfacet
  facet normal 0 0 -1
    outer loop
      vertex -200.652 196.912 0
      vertex -200.021 196.748 0
      vertex -200 196.693 0
    endloop
  endfacet
  facet normal 0 0 -1
    outer loop
      vertex -199.36 196.947 0
      vertex -192.83 200.042 0
      vertex -192.78 199.142 0
    endloop
  endfacet
  facet normal 0 0 -1
    outer loop
      vertex -190.268 200.455 0
      vertex -189.241 202.099 0
      vertex -190.163 200.444 0
    endloop
  endfacet
  facet normal -0 0 -1
    outer loop
      vertex -193.618 194.259 0
      vertex -195.424 193.797 0
      vertex -197.102 195.525 0
    endloop
  endfacet
  facet normal 0 0 -1
    outer loop
      vertex -194.382 193.752 0
      vertex -195.424 193.797 0
      vertex -193.618 194.259 0
    endloop
  endfacet
  facet normal 0 0 -1
    outer loop
      vertex -193.618 194.259 0
      vertex -192.706 199.021 0
      vertex -191.197 197.826 0
    endloop
  endfacet
  facet normal 0 0 -1
    outer loop
      vertex -190.163 200.444 0
      vertex -189.031 201.909 0
      vertex -189.803 200.264 0
    endloop
  endfacet
  facet normal 0 0 -1
    outer loop
      vertex -193.618 194.259 0
      vertex -197.102 195.525 0
      vertex -192.706 199.021 0
    endloop
  endfacet
  facet normal 0 0 -1
    outer loop
      vertex -197.13 195.547 0
      vertex -199.36 196.947 0
      vertex -192.78 199.142 0
    endloop
  endfacet
  facet normal 0 0 -1
    outer loop
      vertex -194.198 203.617 0
      vertex -192.679 200.2 0
      vertex -192.83 200.042 0
    endloop
  endfacet
  facet normal 0 0 -1
    outer loop
      vertex -194.198 203.617 0
      vertex -194.024 203.644 0
      vertex -192.679 200.2 0
    endloop
  endfacet
  facet normal 0 -0 -1
    outer loop
      vertex -194.198 203.617 0
      vertex -192.83 200.042 0
      vertex -199.36 196.947 0
    endloop
  endfacet
  facet normal 0 0 -1
    outer loop
      vertex -182.591 208.438 0
      vertex -190.882 208.901 0
      vertex -190.862 208.956 0
    endloop
  endfacet
  facet normal 0 -0 -1
    outer loop
      vertex -189.031 201.909 0
      vertex -188.821 201.917 0
      vertex -189.745 200.212 0
    endloop
  endfacet
  facet normal 0 0 -1
    outer loop
      vertex -189.745 200.212 0
      vertex -188.821 201.917 0
      vertex -187.291 200.873 0
    endloop
  endfacet
  facet normal 0 0 -1
    outer loop
      vertex -187.291 200.873 0
      vertex -188.821 201.917 0
      vertex -188.39 202.221 0
    endloop
  endfacet
  facet normal 0 0 -1
    outer loop
      vertex -187.799 202.727 0
      vertex -188.489 203.037 0
      vertex -182.591 208.438 0
    endloop
  endfacet
  facet normal 0 0 -1
    outer loop
      vertex -186.603 201.349 0
      vertex -182.917 201.368 0
      vertex -186.524 201.274 0
    endloop
  endfacet
  facet normal -0 0 -1
    outer loop
      vertex -187.445 198.853 0
      vertex -187.987 198.442 0
      vertex -188.993 199.07 0
    endloop
  endfacet
  facet normal 0 0 -1
    outer loop
      vertex -187.783 198.342 0
      vertex -187.987 198.442 0
      vertex -187.445 198.853 0
    endloop
  endfacet
  facet normal -0 0 -1
    outer loop
      vertex -187.258 198.906 0
      vertex -187.445 198.853 0
      vertex -187.291 200.873 0
    endloop
  endfacet
  facet normal -0 0 -1
    outer loop
      vertex -182.292 207.643 0
      vertex -187.799 202.727 0
      vertex -182.311 207.678 0
    endloop
  endfacet
  facet normal 0 0 -1
    outer loop
      vertex -187.291 200.873 0
      vertex -188.993 199.07 0
      vertex -189.745 200.212 0
    endloop
  endfacet
  facet normal -0 0 -1
    outer loop
      vertex -186.437 198.748 0
      vertex -186.484 198.552 0
      vertex -187.258 198.906 0
    endloop
  endfacet
  facet normal 0 0 -1
    outer loop
      vertex -187.291 200.873 0
      vertex -186.437 198.748 0
      vertex -187.258 198.906 0
    endloop
  endfacet
  facet normal -0 0 -1
    outer loop
      vertex -188.39 202.221 0
      vertex -188.821 201.917 0
      vertex -188.515 202.24 0
    endloop
  endfacet
  facet normal 0 0 -1
    outer loop
      vertex -186.524 201.274 0
      vertex -182.917 201.368 0
      vertex -185.388 199.372 0
    endloop
  endfacet
  facet normal 0 0 -1
    outer loop
      vertex -190.163 200.444 0
      vertex -189.241 202.099 0
      vertex -189.031 201.909 0
    endloop
  endfacet
  facet normal 0 0 -1
    outer loop
      vertex -186.603 201.349 0
      vertex -187.271 201.623 0
      vertex -187.208 201.693 0
    endloop
  endfacet
  facet normal -0 0 -1
    outer loop
      vertex -190.268 200.455 0
      vertex -191.269 200.19 0
      vertex -189.254 202.307 0
    endloop
  endfacet
  facet normal 0 0 -1
    outer loop
      vertex -189.031 201.909 0
      vertex -189.745 200.212 0
      vertex -189.803 200.264 0
    endloop
  endfacet
  facet normal 0 -0 -1
    outer loop
      vertex -189.254 202.307 0
      vertex -189.241 202.099 0
      vertex -190.268 200.455 0
    endloop
  endfacet
  facet normal 0 0 -1
    outer loop
      vertex -189.254 202.307 0
      vertex -192.254 205.404 0
      vertex -188.664 202.997 0
    endloop
  endfacet
  facet normal 0 0 -1
    outer loop
      vertex -190.277 212.532 0
      vertex -189.558 212.882 0
      vertex -189.469 212.873 0
    endloop
  endfacet
  facet normal -0 0 -1
    outer loop
      vertex -183.971 217.578 0
      vertex -188.483 215.184 0
      vertex -185.923 218.87 0
    endloop
  endfacet
  facet normal 0 0 -1
    outer loop
      vertex -182.191 202.673 0
      vertex -182.292 207.643 0
      vertex -182.093 202.746 0
    endloop
  endfacet
  facet normal -0 0 -1
    outer loop
      vertex -182.153 213.742 0
      vertex -182.756 211.725 0
      vertex -182.278 213.866 0
    endloop
  endfacet
  facet normal 0 0 -1
    outer loop
      vertex -182.191 202.673 0
      vertex -182.917 201.368 0
      vertex -186.603 201.349 0
    endloop
  endfacet
  facet normal 0 0 -1
    outer loop
      vertex -187.208 201.693 0
      vertex -187.271 201.623 0
      vertex -187.283 201.66 0
    endloop
  endfacet
  facet normal 0 -0 -1
    outer loop
      vertex -187.152 201.922 0
      vertex -186.603 201.349 0
      vertex -187.208 201.693 0
    endloop
  endfacet
  facet normal 0 0 -1
    outer loop
      vertex -186.524 201.274 0
      vertex -185.388 199.372 0
      vertex -185.656 199.431 0
    endloop
  endfacet
  facet normal -0 0 -1
    outer loop
      vertex -182.191 202.673 0
      vertex -187.152 201.922 0
      vertex -187.742 202.682 0
    endloop
  endfacet
  facet normal -0 0 -1
    outer loop
      vertex -180.771 212.577 0
      vertex -182.63 211.727 0
      vertex -182.153 213.742 0
    endloop
  endfacet
  facet normal 0 0 -1
    outer loop
      vertex -182.093 202.746 0
      vertex -182.292 207.643 0
      vertex -180.808 205.563 0
    endloop
  endfacet
  facet normal -0 0 -1
    outer loop
      vertex -181.181 203.208 0
      vertex -182.093 202.746 0
      vertex -180.808 205.563 0
    endloop
  endfacet
  facet normal 0 0 -1
    outer loop
      vertex -181.181 203.208 0
      vertex -181.479 202.886 0
      vertex -182.093 202.746 0
    endloop
  endfacet
  facet normal 0 0 -1
    outer loop
      vertex -182.191 202.673 0
      vertex -187.742 202.682 0
      vertex -182.292 207.643 0
    endloop
  endfacet
  facet normal 0 0 -1
    outer loop
      vertex -182.292 207.643 0
      vertex -187.742 202.682 0
      vertex -187.799 202.727 0
    endloop
  endfacet
  facet normal -0 0 -1
    outer loop
      vertex -182.311 207.678 0
      vertex -187.799 202.727 0
      vertex -182.591 208.438 0
    endloop
  endfacet
  facet normal 0 0 -1
    outer loop
      vertex -182.591 208.438 0
      vertex -182.859 209.354 0
      vertex -182.598 208.514 0
    endloop
  endfacet
  facet normal 0 0 -1
    outer loop
      vertex -182.598 208.514 0
      vertex -182.641 209.282 0
      vertex -182.452 209.399 0
    endloop
  endfacet
  facet normal 0 0 -1
    outer loop
      vertex -182.598 208.514 0
      vertex -182.859 209.354 0
      vertex -182.641 209.282 0
    endloop
  endfacet
  facet normal 0 0 -1
    outer loop
      vertex -188.45 213.156 0
      vertex -183.516 211.355 0
      vertex -183.589 211.164 0
    endloop
  endfacet
  facet normal 0 0 -1
    outer loop
      vertex -182.591 208.438 0
      vertex -190.862 208.956 0
      vertex -182.859 209.354 0
    endloop
  endfacet
  facet normal 0 0 -1
    outer loop
      vertex -188.495 213.326 0
      vertex -182.278 213.866 0
      vertex -188.45 213.156 0
    endloop
  endfacet
  facet normal 0 0 -1
    outer loop
      vertex -183.971 217.578 0
      vertex -183.045 217.082 0
      vertex -182.878 216.144 0
    endloop
  endfacet
  facet normal -0 0 -1
    outer loop
      vertex -182.756 211.725 0
      vertex -183.516 211.355 0
      vertex -182.278 213.866 0
    endloop
  endfacet
  facet normal 0 0 -1
    outer loop
      vertex -180.714 213.008 0
      vertex -182.153 213.742 0
      vertex -180.954 213.554 0
    endloop
  endfacet
  facet normal 0 -0 -1
    outer loop
      vertex -187.427 219.802 0
      vertex -186.001 218.893 0
      vertex -188.881 219.558 0
    endloop
  endfacet
  facet normal 0 0 -1
    outer loop
      vertex -182.63 211.727 0
      vertex -180.771 212.577 0
      vertex -182.056 211.475 0
    endloop
  endfacet
  facet normal -0 0 -1
    outer loop
      vertex -180.714 213.008 0
      vertex -180.771 212.577 0
      vertex -182.153 213.742 0
    endloop
  endfacet
  facet normal 0 0 -1
    outer loop
      vertex -182.153 213.742 0
      vertex -182.63 211.727 0
      vertex -182.756 211.725 0
    endloop
  endfacet
  facet normal 0 0 -1
    outer loop
      vertex -182.69 216.025 0
      vertex -182.132 216.181 0
      vertex -182.239 213.993 0
    endloop
  endfacet
  facet normal 0 0 -1
    outer loop
      vertex -182.878 216.144 0
      vertex -182.69 216.025 0
      vertex -182.239 213.993 0
    endloop
  endfacet
  facet normal -0 0 -1
    outer loop
      vertex -180.897 215.402 0
      vertex -182.239 213.993 0
      vertex -182.132 216.181 0
    endloop
  endfacet
  facet normal -0 -0 -1
    outer loop
      vertex -180.966 215.662 0
      vertex -180.897 215.402 0
      vertex -182.132 216.181 0
    endloop
  endfacet
  facet normal 0 0 -1
    outer loop
      vertex -182.278 213.866 0
      vertex -182.878 216.144 0
      vertex -182.239 213.993 0
    endloop
  endfacet
  facet normal 0 0 -1
    outer loop
      vertex -189.605 216.134 0
      vertex -186.001 218.893 0
      vertex -188.483 215.184 0
    endloop
  endfacet
  facet normal -0 0 -1
    outer loop
      vertex -202.817 216.534 0
      vertex -202.858 216.296 0
      vertex -204.169 217.824 0
    endloop
  endfacet
  facet normal -0 -0 -1
    outer loop
      vertex -184.048 217.736 0
      vertex -183.971 217.578 0
      vertex -185.923 218.87 0
    endloop
  endfacet
  facet normal 0 0 -1
    outer loop
      vertex -188.483 215.184 0
      vertex -186.001 218.893 0
      vertex -185.923 218.87 0
    endloop
  endfacet
  facet normal 0 0 -1
    outer loop
      vertex -189.605 216.134 0
      vertex -188.965 219.554 0
      vertex -188.881 219.558 0
    endloop
  endfacet
  facet normal -0 0 -1
    outer loop
      vertex -187.427 219.802 0
      vertex -188.881 219.558 0
      vertex -188.079 219.839 0
    endloop
  endfacet
  facet normal -0 0 -1
    outer loop
      vertex -183.957 217.849 0
      vertex -184.048 217.736 0
      vertex -185.923 218.87 0
    endloop
  endfacet
  facet normal -0 0 -1
    outer loop
      vertex -183.642 218.821 0
      vertex -183.957 217.849 0
      vertex -185.923 218.87 0
    endloop
  endfacet
  facet normal 0 0 -1
    outer loop
      vertex -183.642 218.821 0
      vertex -183.236 218.585 0
      vertex -183.437 218.064 0
    endloop
  endfacet
  facet normal 0 0 -1
    outer loop
      vertex -183.957 217.849 0
      vertex -183.642 218.821 0
      vertex -183.437 218.064 0
    endloop
  endfacet
  facet normal -0 0 -1
    outer loop
      vertex -186.001 218.893 0
      vertex -189.605 216.134 0
      vertex -188.881 219.558 0
    endloop
  endfacet
  facet normal 0 -0 -1
    outer loop
      vertex -212.345 229.792 0
      vertex -212.228 229.893 0
      vertex -212.967 225.648 0
    endloop
  endfacet
  facet normal 0 0 -1
    outer loop
      vertex -188.44 215.016 0
      vertex -188.483 215.184 0
      vertex -183.971 217.578 0
    endloop
  endfacet
  facet normal 0 0 -1
    outer loop
      vertex -189.856 219.767 0
      vertex -188.965 219.554 0
      vertex -189.605 216.134 0
    endloop
  endfacet
  facet normal 0 0 -1
    outer loop
      vertex -182.278 213.866 0
      vertex -188.44 215.016 0
      vertex -182.878 216.144 0
    endloop
  endfacet
  facet normal 0 0 -1
    outer loop
      vertex -206.739 226.507 0
      vertex -205.295 222.566 0
      vertex -205.715 221.706 0
    endloop
  endfacet
  facet normal 0 -0 -1
    outer loop
      vertex -189.469 212.873 0
      vertex -188.559 213.063 0
      vertex -190.862 208.956 0
    endloop
  endfacet
  facet normal 0 -0 -1
    outer loop
      vertex -189.926 213.035 0
      vertex -189.558 212.882 0
      vertex -190.277 212.532 0
    endloop
  endfacet
  facet normal 0 0 -1
    outer loop
      vertex -196.136 207.135 0
      vertex -200.481 209.931 0
      vertex -196.396 208.215 0
    endloop
  endfacet
  facet normal 0 0 -1
    outer loop
      vertex -183.516 211.355 0
      vertex -188.45 213.156 0
      vertex -182.278 213.866 0
    endloop
  endfacet
  facet normal 0 0 -1
    outer loop
      vertex -200.689 196.92 0
      vertex -203.129 197.1 0
      vertex -196.116 207.088 0
    endloop
  endfacet
  facet normal 0 -0 -1
    outer loop
      vertex -188.44 215.016 0
      vertex -182.278 213.866 0
      vertex -188.495 213.326 0
    endloop
  endfacet
  facet normal 0 0 -1
    outer loop
      vertex -190.862 208.956 0
      vertex -183.589 211.164 0
      vertex -182.859 209.354 0
    endloop
  endfacet
  facet normal 0 0 -1
    outer loop
      vertex -188.951 213.697 0
      vertex -188.44 215.016 0
      vertex -188.495 213.326 0
    endloop
  endfacet
  facet normal 0 0 -1
    outer loop
      vertex -191.858 207.315 0
      vertex -190.882 208.901 0
      vertex -188.489 203.037 0
    endloop
  endfacet
  facet normal 0 0 -1
    outer loop
      vertex -183.589 211.164 0
      vertex -188.559 213.063 0
      vertex -188.45 213.156 0
    endloop
  endfacet
  facet normal -0 0 -1
    outer loop
      vertex -183.589 211.164 0
      vertex -190.862 208.956 0
      vertex -188.559 213.063 0
    endloop
  endfacet
  facet normal 0 0 -1
    outer loop
      vertex -190.862 208.956 0
      vertex -190.277 212.532 0
      vertex -189.469 212.873 0
    endloop
  endfacet
  facet normal 0 0 -1
    outer loop
      vertex -188.489 203.037 0
      vertex -190.882 208.901 0
      vertex -182.591 208.438 0
    endloop
  endfacet
  facet normal -0 0 -1
    outer loop
      vertex -194.274 203.707 0
      vertex -199.447 196.97 0
      vertex -194.577 204.716 0
    endloop
  endfacet
  facet normal 0 0 -1
    outer loop
      vertex -195.625 212.777 0
      vertex -196.027 210.72 0
      vertex -196.197 210.674 0
    endloop
  endfacet
  facet normal 0 0 -1
    outer loop
      vertex -199.36 196.947 0
      vertex -194.274 203.707 0
      vertex -194.198 203.617 0
    endloop
  endfacet
  facet normal 0 0 -1
    outer loop
      vertex -188.664 202.997 0
      vertex -191.858 207.315 0
      vertex -188.489 203.037 0
    endloop
  endfacet
  facet normal 0 0 -1
    outer loop
      vertex -188.664 202.997 0
      vertex -192.254 205.404 0
      vertex -192.213 205.481 0
    endloop
  endfacet
  facet normal 0 0 -1
    outer loop
      vertex -189.254 202.307 0
      vertex -194.024 203.644 0
      vertex -192.254 205.404 0
    endloop
  endfacet
  facet normal 0 0 -1
    outer loop
      vertex -195.43 210.185 0
      vertex -195.708 210.196 0
      vertex -195.293 210.631 0
    endloop
  endfacet
  facet normal -0 0 -1
    outer loop
      vertex -189.254 202.307 0
      vertex -191.269 200.19 0
      vertex -194.024 203.644 0
    endloop
  endfacet
  facet normal 0 0 -1
    outer loop
      vertex -194.577 204.716 0
      vertex -199.447 196.97 0
      vertex -199.887 196.95 0
    endloop
  endfacet
  facet normal 0 0 -1
    outer loop
      vertex -194.024 203.644 0
      vertex -191.269 200.19 0
      vertex -192.679 200.2 0
    endloop
  endfacet
  facet normal 0 0 -1
    outer loop
      vertex -199.36 196.947 0
      vertex -199.447 196.97 0
      vertex -194.274 203.707 0
    endloop
  endfacet
  facet normal 0 0 -1
    outer loop
      vertex -199.887 196.95 0
      vertex -196.116 207.088 0
      vertex -194.577 204.716 0
    endloop
  endfacet
  facet normal -0 0 -1
    outer loop
      vertex -199.887 196.95 0
      vertex -200.689 196.92 0
      vertex -196.116 207.088 0
    endloop
  endfacet
  facet normal 0 0 -1
    outer loop
      vertex -196.4 208.244 0
      vertex -200.325 210.014 0
      vertex -196.48 210.264 0
    endloop
  endfacet
  facet normal -0 0 -1
    outer loop
      vertex -196.48 210.264 0
      vertex -200.325 210.014 0
      vertex -199.635 211.424 0
    endloop
  endfacet
  facet normal 0 0 -1
    outer loop
      vertex -196.447 210.364 0
      vertex -199.635 211.424 0
      vertex -199.622 211.466 0
    endloop
  endfacet
  facet normal 0 0 -1
    outer loop
      vertex -196.447 210.364 0
      vertex -199.622 211.466 0
      vertex -196.197 210.674 0
    endloop
  endfacet
  facet normal -0 0 -1
    outer loop
      vertex -201.52 217.701 0
      vertex -201.656 217.352 0
      vertex -203.205 217.76 0
    endloop
  endfacet
  facet normal 0 0 -1
    outer loop
      vertex -199.622 211.466 0
      vertex -196.178 214.009 0
      vertex -195.625 212.777 0
    endloop
  endfacet
  facet normal 0 -0 -1
    outer loop
      vertex -195.625 212.777 0
      vertex -195.293 210.631 0
      vertex -196.027 210.72 0
    endloop
  endfacet
  facet normal 0 0 -1
    outer loop
      vertex -196.027 210.72 0
      vertex -195.293 210.631 0
      vertex -195.947 210.65 0
    endloop
  endfacet
  facet normal 0 0 -1
    outer loop
      vertex -195.708 210.196 0
      vertex -195.947 210.65 0
      vertex -195.293 210.631 0
    endloop
  endfacet
  facet normal 0 0 -1
    outer loop
      vertex -199.116 214.65 0
      vertex -197.962 216.111 0
      vertex -196.178 214.009 0
    endloop
  endfacet
  facet normal 0 0 -1
    outer loop
      vertex -199.622 211.466 0
      vertex -199.116 214.65 0
      vertex -196.178 214.009 0
    endloop
  endfacet
  facet normal 0 0 -1
    outer loop
      vertex -199.622 211.466 0
      vertex -195.625 212.777 0
      vertex -196.197 210.674 0
    endloop
  endfacet
  facet normal 0 0 -1
    outer loop
      vertex -200.325 210.014 0
      vertex -196.4 208.244 0
      vertex -196.396 208.215 0
    endloop
  endfacet
  facet normal 0 0 -1
    outer loop
      vertex -200.481 209.931 0
      vertex -196.136 207.135 0
      vertex -196.116 207.088 0
    endloop
  endfacet
  facet normal 0 0 -1
    outer loop
      vertex -201.656 217.352 0
      vertex -202.033 216.525 0
      vertex -202.252 216.713 0
    endloop
  endfacet
  facet normal 0 0 -1
    outer loop
      vertex -199.635 211.424 0
      vertex -196.447 210.364 0
      vertex -196.48 210.264 0
    endloop
  endfacet
  facet normal 0 -0 -1
    outer loop
      vertex -200.588 210.001 0
      vertex -200.481 209.931 0
      vertex -203.129 197.1 0
    endloop
  endfacet
  facet normal 0 0 -1
    outer loop
      vertex -203.129 197.1 0
      vertex -200.481 209.931 0
      vertex -196.116 207.088 0
    endloop
  endfacet
  facet normal -0 0 -1
    outer loop
      vertex -209.146 213.413 0
      vertex -209.89 213.203 0
      vertex -210.064 213.441 0
    endloop
  endfacet
  facet normal 0 0 -1
    outer loop
      vertex -206.416 218.67 0
      vertex -205.201 218.699 0
      vertex -204.357 217.845 0
    endloop
  endfacet
  facet normal 0 0 -1
    outer loop
      vertex -204.357 217.845 0
      vertex -204.169 217.824 0
      vertex -202.858 216.296 0
    endloop
  endfacet
  facet normal 0 -0 -1
    outer loop
      vertex -207.5 216.87 0
      vertex -202.858 216.296 0
      vertex -208.048 213.992 0
    endloop
  endfacet
  facet normal 0 0 -1
    outer loop
      vertex -208.21 215.93 0
      vertex -207.5 216.87 0
      vertex -208.048 213.992 0
    endloop
  endfacet
  facet normal 0 0 -1
    outer loop
      vertex -208.008 217.98 0
      vertex -206.534 218.917 0
      vertex -206.562 218.77 0
    endloop
  endfacet
  facet normal 0 0 -1
    outer loop
      vertex -202.817 216.534 0
      vertex -204.169 217.824 0
      vertex -203.205 217.76 0
    endloop
  endfacet
  facet normal 0 0 -1
    outer loop
      vertex -203.205 217.76 0
      vertex -204.169 217.824 0
      vertex -203.344 217.869 0
    endloop
  endfacet
  facet normal 0 0 -1
    outer loop
      vertex -203.205 217.76 0
      vertex -201.656 217.352 0
      vertex -202.417 216.734 0
    endloop
  endfacet
  facet normal 0 0 -1
    outer loop
      vertex -202.417 216.734 0
      vertex -201.656 217.352 0
      vertex -202.252 216.713 0
    endloop
  endfacet
  facet normal 0 0 -1
    outer loop
      vertex -212.951 224.467 0
      vertex -205.715 221.706 0
      vertex -210.175 218.783 0
    endloop
  endfacet
  facet normal 0 0 -1
    outer loop
      vertex -201.52 217.701 0
      vertex -201.595 217.42 0
      vertex -201.656 217.352 0
    endloop
  endfacet
  facet normal -0 0 -1
    outer loop
      vertex -203.344 217.869 0
      vertex -204.169 217.824 0
      vertex -203.323 217.996 0
    endloop
  endfacet
  facet normal 0 0 -1
    outer loop
      vertex -201.595 217.42 0
      vertex -201.52 217.701 0
      vertex -201.307 217.586 0
    endloop
  endfacet
  facet normal 0 0 -1
    outer loop
      vertex -202.817 216.534 0
      vertex -203.205 217.76 0
      vertex -202.417 216.734 0
    endloop
  endfacet
  facet normal 0 0 -1
    outer loop
      vertex -208.184 218 0
      vertex -206.534 218.917 0
      vertex -208.008 217.98 0
    endloop
  endfacet
  facet normal -0 0 -1
    outer loop
      vertex -208.479 231.959 0
      vertex -211.868 230.973 0
      vertex -209.588 232.791 0
    endloop
  endfacet
  facet normal 0 -0 -1
    outer loop
      vertex -208.479 231.959 0
      vertex -206.881 229.868 0
      vertex -212.228 229.893 0
    endloop
  endfacet
  facet normal 0 0 -1
    outer loop
      vertex -203.323 217.996 0
      vertex -203.041 218.547 0
      vertex -202.944 218.54 0
    endloop
  endfacet
  facet normal -0 0 -1
    outer loop
      vertex -203.323 217.996 0
      vertex -204.169 217.824 0
      vertex -203.041 218.547 0
    endloop
  endfacet
  facet normal 0 0 -1
    outer loop
      vertex -210.744 218.436 0
      vertex -212.336 219.505 0
      vertex -210.411 218.801 0
    endloop
  endfacet
  facet normal 0 0 -1
    outer loop
      vertex -212.345 229.792 0
      vertex -212.967 225.648 0
      vertex -212.695 229.732 0
    endloop
  endfacet
  facet normal 0 0 -1
    outer loop
      vertex -212.819 231.727 0
      vertex -211.458 233.812 0
      vertex -211.973 231.165 0
    endloop
  endfacet
  facet normal 0 0 -1
    outer loop
      vertex -211.973 231.165 0
      vertex -211.458 233.812 0
      vertex -209.708 232.881 0
    endloop
  endfacet
  facet normal 0 0 -1
    outer loop
      vertex -206.534 218.917 0
      vertex -205.715 221.706 0
      vertex -205.603 221.492 0
    endloop
  endfacet
  facet normal 0 0 -1
    outer loop
      vertex -205.603 221.492 0
      vertex -204.796 221.368 0
      vertex -204.6 221.195 0
    endloop
  endfacet
  facet normal 0 0 -1
    outer loop
      vertex -206.534 218.917 0
      vertex -205.603 221.492 0
      vertex -204.6 221.195 0
    endloop
  endfacet
  facet normal 0 0 -1
    outer loop
      vertex -206.739 226.507 0
      vertex -205.367 225.066 0
      vertex -205.295 222.566 0
    endloop
  endfacet
  facet normal 0 -0 -1
    outer loop
      vertex -204.583 222.804 0
      vertex -204.117 221.991 0
      vertex -205.077 222.625 0
    endloop
  endfacet
  facet normal 0 0 -1
    outer loop
      vertex -208.479 231.959 0
      vertex -212.228 229.893 0
      vertex -211.868 230.973 0
    endloop
  endfacet
  facet normal 0 -0 -1
    outer loop
      vertex -204.071 222.919 0
      vertex -203.686 222.19 0
      vertex -204.16 222.801 0
    endloop
  endfacet
  facet normal 0 0 -1
    outer loop
      vertex -204.16 222.801 0
      vertex -203.686 222.19 0
      vertex -204.117 221.991 0
    endloop
  endfacet
  facet normal 0 0 -1
    outer loop
      vertex -204.583 222.804 0
      vertex -204.313 222.744 0
      vertex -204.117 221.991 0
    endloop
  endfacet
  facet normal 0 0 -1
    outer loop
      vertex -204.313 222.744 0
      vertex -204.16 222.801 0
      vertex -204.117 221.991 0
    endloop
  endfacet
  facet normal 0 -0 -1
    outer loop
      vertex -204.7 222.95 0
      vertex -204.583 222.804 0
      vertex -205.077 222.625 0
    endloop
  endfacet
  facet normal 0 -0 -1
    outer loop
      vertex -204.7 223.49 0
      vertex -204.7 222.95 0
      vertex -205.077 222.625 0
    endloop
  endfacet
  facet normal 0 0 -1
    outer loop
      vertex -205.295 222.566 0
      vertex -204.7 223.49 0
      vertex -205.077 222.625 0
    endloop
  endfacet
  facet normal 0 0 -1
    outer loop
      vertex -205.295 222.566 0
      vertex -205.367 225.066 0
      vertex -204.7 223.49 0
    endloop
  endfacet
  facet normal 0 0 -1
    outer loop
      vertex -213.846 225.39 0
      vertex -214.397 226.355 0
      vertex -213.138 225.688 0
    endloop
  endfacet
  facet normal 0 0 -1
    outer loop
      vertex -212.819 231.727 0
      vertex -211.973 231.165 0
      vertex -212.812 231.377 0
    endloop
  endfacet
  facet normal 0 0 -1
    outer loop
      vertex -217.272 208.551 0
      vertex -218.482 209.4 0
      vertex -218.198 210.304 0
    endloop
  endfacet
  facet normal 0 0 -1
    outer loop
      vertex -211.973 231.165 0
      vertex -209.708 232.881 0
      vertex -211.868 230.973 0
    endloop
  endfacet
  facet normal 0 -0 -1
    outer loop
      vertex -210.327 234.33 0
      vertex -209.708 232.881 0
      vertex -211.458 233.812 0
    endloop
  endfacet
  facet normal -0 -0 -1
    outer loop
      vertex -206.881 229.868 0
      vertex -206.562 228.088 0
      vertex -212.228 229.893 0
    endloop
  endfacet
  facet normal 0 0 -1
    outer loop
      vertex -208.51 232.056 0
      vertex -209.588 232.791 0
      vertex -208.485 232.658 0
    endloop
  endfacet
  facet normal 0 0 -1
    outer loop
      vertex -212.695 229.732 0
      vertex -213.138 225.688 0
      vertex -214.184 229.217 0
    endloop
  endfacet
  facet normal 0 0 -1
    outer loop
      vertex -206.778 226.632 0
      vertex -212.943 225.489 0
      vertex -212.967 225.648 0
    endloop
  endfacet
  facet normal 0 -0 -1
    outer loop
      vertex -276.765 217.344 0
      vertex -276.746 217.185 0
      vertex -278.015 217.328 0
    endloop
  endfacet
  facet normal 0 -0 -1
    outer loop
      vertex -212.943 225.489 0
      vertex -212.928 224.642 0
      vertex -213.143 225.037 0
    endloop
  endfacet
  facet normal 0 0 -1
    outer loop
      vertex -232.699 209.339 0
      vertex -233.17 209.893 0
      vertex -232.73 209.436 0
    endloop
  endfacet
  facet normal 0 -0 -1
    outer loop
      vertex -214.4 223.066 0
      vertex -213.084 224.422 0
      vertex -214.41 222.364 0
    endloop
  endfacet
  facet normal 0 0 -1
    outer loop
      vertex -211.868 230.973 0
      vertex -209.708 232.881 0
      vertex -209.588 232.791 0
    endloop
  endfacet
  facet normal 0 0 -1
    outer loop
      vertex -206.778 226.632 0
      vertex -212.228 229.893 0
      vertex -206.562 228.088 0
    endloop
  endfacet
  facet normal 0 0 -1
    outer loop
      vertex -214.184 229.217 0
      vertex -212.813 229.762 0
      vertex -212.695 229.732 0
    endloop
  endfacet
  facet normal 0 -0 -1
    outer loop
      vertex -214.184 229.217 0
      vertex -213.138 225.688 0
      vertex -214.397 226.355 0
    endloop
  endfacet
  facet normal -0 0 -1
    outer loop
      vertex -206.778 226.632 0
      vertex -212.967 225.648 0
      vertex -212.228 229.893 0
    endloop
  endfacet
  facet normal -0 0 -1
    outer loop
      vertex -212.813 229.762 0
      vertex -214.184 229.217 0
      vertex -213.439 230.255 0
    endloop
  endfacet
  facet normal 0 0 -1
    outer loop
      vertex -214.41 222.364 0
      vertex -212.37 219.521 0
      vertex -213.152 219.801 0
    endloop
  endfacet
  facet normal 0 0 -1
    outer loop
      vertex -209.007 215.516 0
      vertex -209.309 215.656 0
      vertex -208.599 216.087 0
    endloop
  endfacet
  facet normal 0 -0 -1
    outer loop
      vertex -210.718 208.674 0
      vertex -210.458 208.844 0
      vertex -211.994 206.293 0
    endloop
  endfacet
  facet normal 0 0 -1
    outer loop
      vertex -212.01 206.334 0
      vertex -212.4 207.021 0
      vertex -210.857 208.661 0
    endloop
  endfacet
  facet normal 0 0 -1
    outer loop
      vertex -214.41 222.364 0
      vertex -213.084 224.422 0
      vertex -212.951 224.467 0
    endloop
  endfacet
  facet normal 0 0 -1
    outer loop
      vertex -212.967 225.648 0
      vertex -213.138 225.688 0
      vertex -212.695 229.732 0
    endloop
  endfacet
  facet normal 0 0 -1
    outer loop
      vertex -212.928 224.642 0
      vertex -212.943 225.489 0
      vertex -206.739 226.507 0
    endloop
  endfacet
  facet normal 0 -0 -1
    outer loop
      vertex -206.778 226.632 0
      vertex -206.739 226.507 0
      vertex -212.943 225.489 0
    endloop
  endfacet
  facet normal 0 0 -1
    outer loop
      vertex -212.951 224.467 0
      vertex -206.739 226.507 0
      vertex -205.715 221.706 0
    endloop
  endfacet
  facet normal 0 0 -1
    outer loop
      vertex -214.41 222.364 0
      vertex -212.951 224.467 0
      vertex -212.37 219.521 0
    endloop
  endfacet
  facet normal 0 -0 -1
    outer loop
      vertex -213.563 224.5 0
      vertex -213.084 224.422 0
      vertex -213.867 224.229 0
    endloop
  endfacet
  facet normal 0 -0 -1
    outer loop
      vertex -213.867 224.229 0
      vertex -213.084 224.422 0
      vertex -214.4 223.066 0
    endloop
  endfacet
  facet normal 0 0 -1
    outer loop
      vertex -212.37 219.521 0
      vertex -212.951 224.467 0
      vertex -212.336 219.505 0
    endloop
  endfacet
  facet normal -0 0 -1
    outer loop
      vertex -203.129 197.1 0
      vertex -203.279 197.008 0
      vertex -211.852 202.424 0
    endloop
  endfacet
  facet normal 0 0 -1
    outer loop
      vertex -213.167 202.206 0
      vertex -212.519 202.121 0
      vertex -212.624 201.054 0
    endloop
  endfacet
  facet normal 0 0 -1
    outer loop
      vertex -208.556 214.77 0
      vertex -208.954 215.285 0
      vertex -208.439 215.917 0
    endloop
  endfacet
  facet normal 0 0 -1
    outer loop
      vertex -210.411 218.801 0
      vertex -212.336 219.505 0
      vertex -212.951 224.467 0
    endloop
  endfacet
  facet normal 0 0 -1
    outer loop
      vertex -210.175 218.783 0
      vertex -205.715 221.706 0
      vertex -206.534 218.917 0
    endloop
  endfacet
  facet normal 0 0 -1
    outer loop
      vertex -208.952 217.564 0
      vertex -209.404 217.612 0
      vertex -208.184 218 0
    endloop
  endfacet
  facet normal 0 0 -1
    outer loop
      vertex -207.7 217.628 0
      vertex -207.748 217.74 0
      vertex -206.416 218.67 0
    endloop
  endfacet
  facet normal 0 0 -1
    outer loop
      vertex -210.411 218.801 0
      vertex -212.951 224.467 0
      vertex -210.175 218.783 0
    endloop
  endfacet
  facet normal 0 0 -1
    outer loop
      vertex -210.175 218.783 0
      vertex -206.534 218.917 0
      vertex -208.184 218 0
    endloop
  endfacet
  facet normal 0 0 -1
    outer loop
      vertex -207.595 217.108 0
      vertex -207.7 217.628 0
      vertex -207.472 216.982 0
    endloop
  endfacet
  facet normal 0 0 -1
    outer loop
      vertex -208.008 217.98 0
      vertex -206.562 218.77 0
      vertex -207.748 217.74 0
    endloop
  endfacet
  facet normal 0 -0 -1
    outer loop
      vertex -208.439 215.917 0
      vertex -208.21 215.93 0
      vertex -208.556 214.77 0
    endloop
  endfacet
  facet normal 0 0 -1
    outer loop
      vertex -210.175 218.783 0
      vertex -208.184 218 0
      vertex -209.404 217.612 0
    endloop
  endfacet
  facet normal 0 0 -1
    outer loop
      vertex -207.708 217.127 0
      vertex -207.7 217.628 0
      vertex -207.595 217.108 0
    endloop
  endfacet
  facet normal 0 0 -1
    outer loop
      vertex -207.748 217.74 0
      vertex -206.562 218.77 0
      vertex -206.416 218.67 0
    endloop
  endfacet
  facet normal 0 0 -1
    outer loop
      vertex -207.5 216.87 0
      vertex -207.472 216.982 0
      vertex -204.357 217.845 0
    endloop
  endfacet
  facet normal 0 0 -1
    outer loop
      vertex -209.301 216.474 0
      vertex -208.335 216.919 0
      vertex -208.627 216.25 0
    endloop
  endfacet
  facet normal 0 0 -1
    outer loop
      vertex -207.472 216.982 0
      vertex -206.416 218.67 0
      vertex -204.357 217.845 0
    endloop
  endfacet
  facet normal 0 0 -1
    outer loop
      vertex -207.7 217.628 0
      vertex -206.416 218.67 0
      vertex -207.472 216.982 0
    endloop
  endfacet
  facet normal 0 0 -1
    outer loop
      vertex -208.048 213.992 0
      vertex -208.428 214.692 0
      vertex -208.21 215.93 0
    endloop
  endfacet
  facet normal 0 -0 -1
    outer loop
      vertex -208.599 216.087 0
      vertex -208.439 215.917 0
      vertex -209.007 215.516 0
    endloop
  endfacet
  facet normal -0 0 -1
    outer loop
      vertex -208.599 216.087 0
      vertex -209.309 215.656 0
      vertex -209.301 216.474 0
    endloop
  endfacet
  facet normal 0 0 -1
    outer loop
      vertex -209.996 214.009 0
      vertex -208.701 214.67 0
      vertex -209.146 213.413 0
    endloop
  endfacet
  facet normal 0 0 -1
    outer loop
      vertex -210.064 213.441 0
      vertex -209.996 214.009 0
      vertex -209.146 213.413 0
    endloop
  endfacet
  facet normal 0 0 -1
    outer loop
      vertex -208.599 216.087 0
      vertex -209.301 216.474 0
      vertex -208.627 216.25 0
    endloop
  endfacet
  facet normal 0 0 -1
    outer loop
      vertex -202.858 216.296 0
      vertex -207.511 212.287 0
      vertex -208.03 213.928 0
    endloop
  endfacet
  facet normal 0 -0 -1
    outer loop
      vertex -207.565 212.154 0
      vertex -200.588 210.001 0
      vertex -208.621 211.286 0
    endloop
  endfacet
  facet normal 0 0 -1
    outer loop
      vertex -208.954 215.285 0
      vertex -209.007 215.516 0
      vertex -208.439 215.917 0
    endloop
  endfacet
  facet normal 0 0 -1
    outer loop
      vertex -208.048 213.992 0
      vertex -202.858 216.296 0
      vertex -208.03 213.928 0
    endloop
  endfacet
  facet normal 0 0 -1
    outer loop
      vertex -212.01 206.334 0
      vertex -210.857 208.661 0
      vertex -210.718 208.674 0
    endloop
  endfacet
  facet normal 0 0 -1
    outer loop
      vertex -211.994 206.293 0
      vertex -212.01 206.334 0
      vertex -210.718 208.674 0
    endloop
  endfacet
  facet normal 0 0 -1
    outer loop
      vertex -207.511 212.287 0
      vertex -201.787 215.185 0
      vertex -201.213 213.855 0
    endloop
  endfacet
  facet normal -0 0 -1
    outer loop
      vertex -208.556 214.77 0
      vertex -208.701 214.67 0
      vertex -208.954 215.285 0
    endloop
  endfacet
  facet normal -0 0 -1
    outer loop
      vertex -208.701 214.67 0
      vertex -209.996 214.009 0
      vertex -208.954 215.285 0
    endloop
  endfacet
  facet normal 0 0 -1
    outer loop
      vertex -208.556 214.77 0
      vertex -208.21 215.93 0
      vertex -208.428 214.692 0
    endloop
  endfacet
  facet normal 0 0 -1
    outer loop
      vertex -207.511 212.287 0
      vertex -207.63 212.417 0
      vertex -208.03 213.928 0
    endloop
  endfacet
  facet normal 0 0 -1
    outer loop
      vertex -208.03 213.928 0
      vertex -207.63 212.417 0
      vertex -207.956 212.484 0
    endloop
  endfacet
  facet normal -0 0 -1
    outer loop
      vertex -201.787 215.185 0
      vertex -207.511 212.287 0
      vertex -202.858 216.296 0
    endloop
  endfacet
  facet normal 0 0 -1
    outer loop
      vertex -201.419 211.403 0
      vertex -207.511 212.287 0
      vertex -201.213 213.855 0
    endloop
  endfacet
  facet normal 0 0 -1
    outer loop
      vertex -201.419 211.403 0
      vertex -207.565 212.154 0
      vertex -207.511 212.287 0
    endloop
  endfacet
  facet normal 0 0 -1
    outer loop
      vertex -207.565 212.154 0
      vertex -201.398 211.311 0
      vertex -200.588 210.001 0
    endloop
  endfacet
  facet normal -0 -0 -1
    outer loop
      vertex -201.419 211.403 0
      vertex -201.398 211.311 0
      vertex -207.565 212.154 0
    endloop
  endfacet
  facet normal -0 0 -1
    outer loop
      vertex -200.588 210.001 0
      vertex -210.42 208.88 0
      vertex -208.621 211.286 0
    endloop
  endfacet
  facet normal 0 -0 -1
    outer loop
      vertex -210.42 208.88 0
      vertex -200.588 210.001 0
      vertex -211.544 204.273 0
    endloop
  endfacet
  facet normal 0 -0 -1
    outer loop
      vertex -214.464 208.777 0
      vertex -214.297 205.7 0
      vertex -214.894 208.637 0
    endloop
  endfacet
  facet normal 0 0 -1
    outer loop
      vertex -212.4 207.021 0
      vertex -212.002 208.575 0
      vertex -210.857 208.661 0
    endloop
  endfacet
  facet normal -0 0 -1
    outer loop
      vertex -210.857 208.661 0
      vertex -212.002 208.575 0
      vertex -211.385 208.876 0
    endloop
  endfacet
  facet normal 0 0 -1
    outer loop
      vertex -210.458 208.844 0
      vertex -211.544 204.273 0
      vertex -211.994 206.293 0
    endloop
  endfacet
  facet normal 0 0 -1
    outer loop
      vertex -211.852 202.424 0
      vertex -211.542 204.214 0
      vertex -203.129 197.1 0
    endloop
  endfacet
  facet normal 0 0 -1
    outer loop
      vertex -211.949 202.309 0
      vertex -212.624 201.054 0
      vertex -212.449 202.129 0
    endloop
  endfacet
  facet normal 0 0 -1
    outer loop
      vertex -212.624 201.054 0
      vertex -212.519 202.121 0
      vertex -212.449 202.129 0
    endloop
  endfacet
  facet normal 0 -0 -1
    outer loop
      vertex -210.458 208.844 0
      vertex -210.42 208.88 0
      vertex -211.544 204.273 0
    endloop
  endfacet
  facet normal 0 0 -1
    outer loop
      vertex -212.614 200.954 0
      vertex -211.949 202.309 0
      vertex -211.852 202.424 0
    endloop
  endfacet
  facet normal 0 0 -1
    outer loop
      vertex -211.544 204.273 0
      vertex -200.588 210.001 0
      vertex -211.542 204.214 0
    endloop
  endfacet
  facet normal 0 -0 -1
    outer loop
      vertex -213.611 204.155 0
      vertex -212.958 203.697 0
      vertex -214.222 203.182 0
    endloop
  endfacet
  facet normal 0 0 -1
    outer loop
      vertex -211.542 204.214 0
      vertex -200.588 210.001 0
      vertex -203.129 197.1 0
    endloop
  endfacet
  facet normal 0 0 -1
    outer loop
      vertex -212.714 200.544 0
      vertex -212.614 200.954 0
      vertex -211.852 202.424 0
    endloop
  endfacet
  facet normal 0 -0 -1
    outer loop
      vertex -212.714 200.544 0
      vertex -203.279 197.008 0
      vertex -212.849 200.43 0
    endloop
  endfacet
  facet normal 0 0 -1
    outer loop
      vertex -212.849 200.43 0
      vertex -203.238 196.836 0
      vertex -208.285 187.52 0
    endloop
  endfacet
  facet normal 0 0 -1
    outer loop
      vertex -208.357 187.359 0
      vertex -213.003 200.535 0
      vertex -212.849 200.43 0
    endloop
  endfacet
  facet normal 0 0 -1
    outer loop
      vertex -213.003 200.535 0
      vertex -214.394 202.956 0
      vertex -213.217 201.214 0
    endloop
  endfacet
  facet normal 0 0 -1
    outer loop
      vertex -203.279 197.008 0
      vertex -212.714 200.544 0
      vertex -211.852 202.424 0
    endloop
  endfacet
  facet normal -0 -0 -1
    outer loop
      vertex -203.279 197.008 0
      vertex -203.238 196.836 0
      vertex -212.849 200.43 0
    endloop
  endfacet
  facet normal -0 0 -1
    outer loop
      vertex -208.285 187.52 0
      vertex -208.357 187.359 0
      vertex -212.849 200.43 0
    endloop
  endfacet
  facet normal 0 -0 -1
    outer loop
      vertex -219.761 206.792 0
      vertex -214.394 202.956 0
      vertex -219.849 206.783 0
    endloop
  endfacet
  facet normal 0 0 -1
    outer loop
      vertex -216.639 206.167 0
      vertex -219.761 206.792 0
      vertex -217.689 206.707 0
    endloop
  endfacet
  facet normal 0 0 -1
    outer loop
      vertex -219.013 210.621 0
      vertex -218.346 210.317 0
      vertex -218.482 209.4 0
    endloop
  endfacet
  facet normal 0 0 -1
    outer loop
      vertex -212.19 202.927 0
      vertex -212.788 203.649 0
      vertex -212.19 203.572 0
    endloop
  endfacet
  facet normal 0 0 -1
    outer loop
      vertex -217.258 210.734 0
      vertex -217.272 208.551 0
      vertex -218.198 210.304 0
    endloop
  endfacet
  facet normal 0 0 -1
    outer loop
      vertex -241.418 210.353 0
      vertex -239.58 210.246 0
      vertex -240.665 209.625 0
    endloop
  endfacet
  facet normal 0 0 -1
    outer loop
      vertex -212.19 203.572 0
      vertex -212.788 203.649 0
      vertex -212.393 203.794 0
    endloop
  endfacet
  facet normal 0 0 -1
    outer loop
      vertex -212.958 203.697 0
      vertex -212.788 203.649 0
      vertex -212.821 202.709 0
    endloop
  endfacet
  facet normal 0 -0 -1
    outer loop
      vertex -212.788 203.649 0
      vertex -212.19 202.927 0
      vertex -212.821 202.709 0
    endloop
  endfacet
  facet normal 0 0 -1
    outer loop
      vertex -214.222 203.182 0
      vertex -212.958 203.697 0
      vertex -212.821 202.709 0
    endloop
  endfacet
  facet normal -0 -0 -1
    outer loop
      vertex -212.988 203.815 0
      vertex -212.958 203.697 0
      vertex -213.611 204.155 0
    endloop
  endfacet
  facet normal 0 0 -1
    outer loop
      vertex -212.897 204.345 0
      vertex -212.988 203.815 0
      vertex -213.611 204.155 0
    endloop
  endfacet
  facet normal -0 0 -1
    outer loop
      vertex -213.611 204.155 0
      vertex -214.222 203.182 0
      vertex -213.791 204.249 0
    endloop
  endfacet
  facet normal 0 0 -1
    outer loop
      vertex -213.791 204.249 0
      vertex -214.222 203.182 0
      vertex -214.388 203.132 0
    endloop
  endfacet
  facet normal 0 0 -1
    outer loop
      vertex -214.388 203.132 0
      vertex -214.291 205.619 0
      vertex -213.791 204.249 0
    endloop
  endfacet
  facet normal 0 -0 -1
    outer loop
      vertex -217.179 210.92 0
      vertex -216.71 211.262 0
      vertex -217.258 210.734 0
    endloop
  endfacet
  facet normal 0 0 -1
    outer loop
      vertex -214.644 209.921 0
      vertex -215.079 208.836 0
      vertex -214.736 209.89 0
    endloop
  endfacet
  facet normal 0 -0 -1
    outer loop
      vertex -214.189 209.346 0
      vertex -213.481 209.74 0
      vertex -214.37 208.867 0
    endloop
  endfacet
  facet normal 0 0 -1
    outer loop
      vertex -214.464 208.777 0
      vertex -214.37 208.867 0
      vertex -214.297 205.7 0
    endloop
  endfacet
  facet normal 0 0 -1
    outer loop
      vertex -214.37 208.867 0
      vertex -213.481 209.74 0
      vertex -214.297 205.7 0
    endloop
  endfacet
  facet normal 0 0 -1
    outer loop
      vertex -215.862 207.712 0
      vertex -215.932 207.818 0
      vertex -215.061 208.692 0
    endloop
  endfacet
  facet normal 0 0 -1
    outer loop
      vertex -217.365 211.447 0
      vertex -216.819 211.258 0
      vertex -217.179 210.92 0
    endloop
  endfacet
  facet normal 0 0 -1
    outer loop
      vertex -215.079 208.836 0
      vertex -215.625 209.987 0
      vertex -215.506 209.92 0
    endloop
  endfacet
  facet normal 0 0 -1
    outer loop
      vertex -216.71 211.262 0
      vertex -216.525 211.342 0
      vertex -215.625 209.987 0
    endloop
  endfacet
  facet normal 0 -0 -1
    outer loop
      vertex -216.819 211.258 0
      vertex -216.71 211.262 0
      vertex -217.179 210.92 0
    endloop
  endfacet
  facet normal 0 0 -1
    outer loop
      vertex -215.506 209.92 0
      vertex -214.736 209.89 0
      vertex -215.079 208.836 0
    endloop
  endfacet
  facet normal 0 0 -1
    outer loop
      vertex -215.625 209.987 0
      vertex -217.258 210.734 0
      vertex -216.71 211.262 0
    endloop
  endfacet
  facet normal 0 -0 -1
    outer loop
      vertex -218.482 209.4 0
      vertex -217.272 208.551 0
      vertex -218.573 209.198 0
    endloop
  endfacet
  facet normal 0 0 -1
    outer loop
      vertex -218.099 208.197 0
      vertex -217.272 208.551 0
      vertex -218.015 208.144 0
    endloop
  endfacet
  facet normal 0 0 -1
    outer loop
      vertex -218.099 208.197 0
      vertex -218.573 209.198 0
      vertex -217.272 208.551 0
    endloop
  endfacet
  facet normal 0 -0 -1
    outer loop
      vertex -217.258 210.734 0
      vertex -217.122 208.548 0
      vertex -217.272 208.551 0
    endloop
  endfacet
  facet normal 0 -0 -1
    outer loop
      vertex -218.346 210.317 0
      vertex -218.198 210.304 0
      vertex -218.482 209.4 0
    endloop
  endfacet
  facet normal 0 -0 -1
    outer loop
      vertex -218.848 210.667 0
      vertex -218.346 210.317 0
      vertex -219.013 210.621 0
    endloop
  endfacet
  facet normal 0 0 -1
    outer loop
      vertex -218.099 208.197 0
      vertex -218.667 209.166 0
      vertex -218.573 209.198 0
    endloop
  endfacet
  facet normal 0 0 -1
    outer loop
      vertex -215.752 206.962 0
      vertex -215.862 207.712 0
      vertex -214.894 208.637 0
    endloop
  endfacet
  facet normal 0 0 -1
    outer loop
      vertex -214.297 205.7 0
      vertex -216.466 206.192 0
      vertex -215.796 206.832 0
    endloop
  endfacet
  facet normal 0 0 -1
    outer loop
      vertex -217.741 206.752 0
      vertex -219.761 206.792 0
      vertex -218.631 207.272 0
    endloop
  endfacet
  facet normal 0 0 -1
    outer loop
      vertex -217.741 206.752 0
      vertex -218.631 207.272 0
      vertex -218.567 207.495 0
    endloop
  endfacet
  facet normal 0 -0 -1
    outer loop
      vertex -219.113 208.634 0
      vertex -218.567 207.495 0
      vertex -219.178 208.379 0
    endloop
  endfacet
  facet normal 0 0 -1
    outer loop
      vertex -216.639 206.167 0
      vertex -216.466 206.192 0
      vertex -214.388 203.132 0
    endloop
  endfacet
  facet normal 0 0 -1
    outer loop
      vertex -219.113 208.634 0
      vertex -217.741 206.752 0
      vertex -218.567 207.495 0
    endloop
  endfacet
  facet normal 0 -0 -1
    outer loop
      vertex -215.625 209.987 0
      vertex -215.079 208.836 0
      vertex -217.122 208.548 0
    endloop
  endfacet
  facet normal 0 0 -1
    outer loop
      vertex -217.258 210.734 0
      vertex -215.625 209.987 0
      vertex -217.122 208.548 0
    endloop
  endfacet
  facet normal 0 0 -1
    outer loop
      vertex -217.122 208.548 0
      vertex -215.079 208.836 0
      vertex -215.932 207.818 0
    endloop
  endfacet
  facet normal 0 0 -1
    outer loop
      vertex -215.862 207.712 0
      vertex -215.061 208.692 0
      vertex -214.894 208.637 0
    endloop
  endfacet
  facet normal 0 0 -1
    outer loop
      vertex -215.932 207.818 0
      vertex -215.079 208.836 0
      vertex -215.061 208.692 0
    endloop
  endfacet
  facet normal 0 -0 -1
    outer loop
      vertex -214.894 208.637 0
      vertex -214.297 205.7 0
      vertex -215.752 206.962 0
    endloop
  endfacet
  facet normal 0 -0 -1
    outer loop
      vertex -215.752 206.962 0
      vertex -214.297 205.7 0
      vertex -215.796 206.832 0
    endloop
  endfacet
  facet normal -0 -0 -1
    outer loop
      vertex -214.297 205.7 0
      vertex -214.291 205.619 0
      vertex -216.466 206.192 0
    endloop
  endfacet
  facet normal 0 0 -1
    outer loop
      vertex -216.466 206.192 0
      vertex -214.291 205.619 0
      vertex -214.388 203.132 0
    endloop
  endfacet
  facet normal 0 0 -1
    outer loop
      vertex -214.394 202.956 0
      vertex -216.639 206.167 0
      vertex -214.388 203.132 0
    endloop
  endfacet
  facet normal 0 0 -1
    outer loop
      vertex -217.689 206.707 0
      vertex -219.761 206.792 0
      vertex -217.741 206.752 0
    endloop
  endfacet
  facet normal 0 -0 -1
    outer loop
      vertex -223.229 207.445 0
      vertex -219.849 206.783 0
      vertex -225.63 206.599 0
    endloop
  endfacet
  facet normal 0 0 -1
    outer loop
      vertex -225.63 206.599 0
      vertex -214.394 202.956 0
      vertex -213.003 200.535 0
    endloop
  endfacet
  facet normal 0 0 -1
    outer loop
      vertex -214.394 202.956 0
      vertex -219.761 206.792 0
      vertex -216.639 206.167 0
    endloop
  endfacet
  facet normal 0 0 -1
    outer loop
      vertex -225.63 206.599 0
      vertex -219.849 206.783 0
      vertex -214.394 202.956 0
    endloop
  endfacet
  facet normal 0 0 -1
    outer loop
      vertex -238.325 199.272 0
      vertex -238.295 199.446 0
      vertex -227.371 206.84 0
    endloop
  endfacet
  facet normal 0 0 -1
    outer loop
      vertex -237.992 202.129 0
      vertex -238.276 203.263 0
      vertex -238.284 203.412 0
    endloop
  endfacet
  facet normal -0 0 -1
    outer loop
      vertex -232.205 208.771 0
      vertex -238.284 203.412 0
      vertex -232.309 208.829 0
    endloop
  endfacet
  facet normal 0 0 -1
    outer loop
      vertex -232.309 208.829 0
      vertex -238.284 203.412 0
      vertex -239.071 205.699 0
    endloop
  endfacet
  facet normal 0 0 -1
    outer loop
      vertex -228.617 207.551 0
      vertex -230.905 208.641 0
      vertex -228.651 207.579 0
    endloop
  endfacet
  facet normal 0 0 -1
    outer loop
      vertex -228.617 207.551 0
      vertex -232.205 208.771 0
      vertex -230.905 208.641 0
    endloop
  endfacet
  facet normal 0 0 -1
    outer loop
      vertex -236.527 209.592 0
      vertex -239.071 205.699 0
      vertex -237.5 209.128 0
    endloop
  endfacet
  facet normal 0 0 -1
    outer loop
      vertex -239.355 207.903 0
      vertex -239.751 206.824 0
      vertex -239.759 207.426 0
    endloop
  endfacet
  facet normal 0 0 -1
    outer loop
      vertex -228.651 207.579 0
      vertex -230.905 208.641 0
      vertex -230.827 208.654 0
    endloop
  endfacet
  facet normal 0 -0 -1
    outer loop
      vertex -229.977 209.047 0
      vertex -228.651 207.579 0
      vertex -230.827 208.654 0
    endloop
  endfacet
  facet normal 0 0 -1
    outer loop
      vertex -232.309 208.829 0
      vertex -236.527 209.592 0
      vertex -232.699 209.339 0
    endloop
  endfacet
  facet normal 0 0 -1
    outer loop
      vertex -237.575 209.084 0
      vertex -239.092 205.759 0
      vertex -239.355 207.903 0
    endloop
  endfacet
  facet normal 0 0 -1
    outer loop
      vertex -235.323 211.078 0
      vertex -235.273 211.138 0
      vertex -234.315 210.99 0
    endloop
  endfacet
  facet normal -0 -0 -1
    outer loop
      vertex -233.285 210 0
      vertex -233.17 209.893 0
      vertex -233.673 210.231 0
    endloop
  endfacet
  facet normal 0 -0 -1
    outer loop
      vertex -233.673 210.231 0
      vertex -233.17 209.893 0
      vertex -236.35 209.73 0
    endloop
  endfacet
  facet normal 0 0 -1
    outer loop
      vertex -239.071 205.699 0
      vertex -236.527 209.592 0
      vertex -232.309 208.829 0
    endloop
  endfacet
  facet normal 0 0 -1
    outer loop
      vertex -232.73 209.436 0
      vertex -233.17 209.893 0
      vertex -232.715 209.799 0
    endloop
  endfacet
  facet normal 0 0 -1
    outer loop
      vertex -240.665 209.625 0
      vertex -239.58 210.246 0
      vertex -239.564 209.718 0
    endloop
  endfacet
  facet normal 0 -0 -1
    outer loop
      vertex -246.564 207.181 0
      vertex -241.224 203.185 0
      vertex -246.698 207.172 0
    endloop
  endfacet
  facet normal 0 0 -1
    outer loop
      vertex -233.285 210 0
      vertex -233.528 210.183 0
      vertex -233.347 210.223 0
    endloop
  endfacet
  facet normal 0 0 -1
    outer loop
      vertex -238.714 212.554 0
      vertex -239.256 210.636 0
      vertex -240.595 212.091 0
    endloop
  endfacet
  facet normal 0 0 -1
    outer loop
      vertex -236.711 211.7 0
      vertex -237.405 211.003 0
      vertex -237.522 210.992 0
    endloop
  endfacet
  facet normal 0 0 -1
    outer loop
      vertex -240.595 212.091 0
      vertex -239.256 210.636 0
      vertex -239.536 210.356 0
    endloop
  endfacet
  facet normal 0 0 -1
    outer loop
      vertex -255.919 209.457 0
      vertex -257.806 213.502 0
      vertex -255.167 210.221 0
    endloop
  endfacet
  facet normal 0 -0 -1
    outer loop
      vertex -238.683 212.566 0
      vertex -237.522 210.992 0
      vertex -238.714 212.554 0
    endloop
  endfacet
  facet normal 0 0 -1
    outer loop
      vertex -238.896 204.353 0
      vertex -239.071 205.699 0
      vertex -238.284 203.412 0
    endloop
  endfacet
  facet normal 0 0 -1
    outer loop
      vertex -232.205 208.771 0
      vertex -237.992 202.129 0
      vertex -238.284 203.412 0
    endloop
  endfacet
  facet normal 0 0 -1
    outer loop
      vertex -227.457 206.861 0
      vertex -238.295 199.446 0
      vertex -238.031 201.957 0
    endloop
  endfacet
  facet normal 0 0 -1
    outer loop
      vertex -262.522 214.762 0
      vertex -262.487 214.741 0
      vertex -256.609 207.849 0
    endloop
  endfacet
  facet normal 0 0 -1
    outer loop
      vertex -239.321 208.016 0
      vertex -239.387 208.654 0
      vertex -237.575 209.084 0
    endloop
  endfacet
  facet normal 0 -0 -1
    outer loop
      vertex -236.986 209.678 0
      vertex -236.527 209.592 0
      vertex -237.5 209.128 0
    endloop
  endfacet
  facet normal 0 0 -1
    outer loop
      vertex -235.323 211.078 0
      vertex -236.35 209.73 0
      vertex -236.305 210.379 0
    endloop
  endfacet
  facet normal -0 0 -1
    outer loop
      vertex -239.536 210.356 0
      vertex -241.418 210.353 0
      vertex -240.595 212.091 0
    endloop
  endfacet
  facet normal 0 0 -1
    outer loop
      vertex -239.58 210.246 0
      vertex -241.418 210.353 0
      vertex -239.536 210.356 0
    endloop
  endfacet
  facet normal 0 0 -1
    outer loop
      vertex -238.714 212.554 0
      vertex -239.107 210.674 0
      vertex -239.256 210.636 0
    endloop
  endfacet
  facet normal 0 -0 -1
    outer loop
      vertex -238.714 212.554 0
      vertex -238.457 210.481 0
      vertex -239.107 210.674 0
    endloop
  endfacet
  facet normal 0 0 -1
    outer loop
      vertex -238.714 212.554 0
      vertex -237.522 210.992 0
      vertex -238.457 210.481 0
    endloop
  endfacet
  facet normal 0 0 -1
    outer loop
      vertex -235.922 213.951 0
      vertex -234.988 213.448 0
      vertex -235.479 212.507 0
    endloop
  endfacet
  facet normal 0 0 -1
    outer loop
      vertex -237.522 210.992 0
      vertex -238.683 212.566 0
      vertex -236.711 211.7 0
    endloop
  endfacet
  facet normal 0 0 -1
    outer loop
      vertex -234.283 210.931 0
      vertex -235.323 211.078 0
      vertex -234.315 210.99 0
    endloop
  endfacet
  facet normal 0 0 -1
    outer loop
      vertex -237.003 210.877 0
      vertex -237.405 211.003 0
      vertex -236.711 211.7 0
    endloop
  endfacet
  facet normal 0 0 -1
    outer loop
      vertex -236.711 211.7 0
      vertex -238.683 212.566 0
      vertex -236.649 211.777 0
    endloop
  endfacet
  facet normal -0 0 -1
    outer loop
      vertex -235.479 212.507 0
      vertex -236.649 211.777 0
      vertex -235.922 213.951 0
    endloop
  endfacet
  facet normal 0 0 -1
    outer loop
      vertex -236.649 211.777 0
      vertex -238.683 212.566 0
      vertex -235.922 213.951 0
    endloop
  endfacet
  facet normal 0 0 -1
    outer loop
      vertex -235.479 212.507 0
      vertex -234.988 213.448 0
      vertex -235.316 212.504 0
    endloop
  endfacet
  facet normal 0 0 -1
    outer loop
      vertex -235.316 212.504 0
      vertex -234.988 213.448 0
      vertex -234.916 212.234 0
    endloop
  endfacet
  facet normal 0 0 -1
    outer loop
      vertex -234.916 212.234 0
      vertex -234.988 213.448 0
      vertex -234.863 212.048 0
    endloop
  endfacet
  facet normal 0 0 -1
    outer loop
      vertex -234.863 212.048 0
      vertex -234.988 213.448 0
      vertex -234.315 210.99 0
    endloop
  endfacet
  facet normal 0 0 -1
    outer loop
      vertex -234.315 210.99 0
      vertex -235.273 211.138 0
      vertex -234.863 212.048 0
    endloop
  endfacet
  facet normal 0 0 -1
    outer loop
      vertex -236.35 209.73 0
      vertex -235.323 211.078 0
      vertex -234.283 210.931 0
    endloop
  endfacet
  facet normal 0 0 -1
    outer loop
      vertex -236.35 209.73 0
      vertex -233.17 209.893 0
      vertex -232.699 209.339 0
    endloop
  endfacet
  facet normal 0 0 -1
    outer loop
      vertex -236.527 209.592 0
      vertex -236.35 209.73 0
      vertex -232.699 209.339 0
    endloop
  endfacet
  facet normal 0 0 -1
    outer loop
      vertex -237.5 209.128 0
      vertex -239.071 205.699 0
      vertex -237.575 209.084 0
    endloop
  endfacet
  facet normal 0 0 -1
    outer loop
      vertex -237.575 209.084 0
      vertex -239.071 205.699 0
      vertex -239.092 205.759 0
    endloop
  endfacet
  facet normal 0 -0 -1
    outer loop
      vertex -239.321 208.016 0
      vertex -237.575 209.084 0
      vertex -239.355 207.903 0
    endloop
  endfacet
  facet normal 0 0 -1
    outer loop
      vertex -239.092 205.759 0
      vertex -239.751 206.824 0
      vertex -239.355 207.903 0
    endloop
  endfacet
  facet normal 0 -0 -1
    outer loop
      vertex -238.276 203.263 0
      vertex -237.992 202.129 0
      vertex -238.385 203.045 0
    endloop
  endfacet
  facet normal 0 0 -1
    outer loop
      vertex -237.992 202.129 0
      vertex -228.617 207.551 0
      vertex -227.457 206.861 0
    endloop
  endfacet
  facet normal 0 -0 -1
    outer loop
      vertex -225.739 206.602 0
      vertex -225.63 206.599 0
      vertex -238.325 199.272 0
    endloop
  endfacet
  facet normal -0 0 -1
    outer loop
      vertex -225.739 206.602 0
      vertex -238.325 199.272 0
      vertex -227.371 206.84 0
    endloop
  endfacet
  facet normal -0 -0 -1
    outer loop
      vertex -243.647 206.822 0
      vertex -242.035 205.121 0
      vertex -246.564 207.181 0
    endloop
  endfacet
  facet normal 0 0 -1
    outer loop
      vertex -238.325 199.272 0
      vertex -225.63 206.599 0
      vertex -213.003 200.535 0
    endloop
  endfacet
  facet normal 0 0 -1
    outer loop
      vertex -238.295 199.446 0
      vertex -238.187 201.931 0
      vertex -238.031 201.957 0
    endloop
  endfacet
  facet normal 0 0 -1
    outer loop
      vertex -208.357 187.359 0
      vertex -238.325 199.272 0
      vertex -213.003 200.535 0
    endloop
  endfacet
  facet normal 0 -0 -1
    outer loop
      vertex -240.879 204.947 0
      vertex -240.103 204.132 0
      vertex -241.045 203.41 0
    endloop
  endfacet
  facet normal 0 -0 -1
    outer loop
      vertex -241.433 205.996 0
      vertex -240.903 204.981 0
      vertex -241.47 205.983 0
    endloop
  endfacet
  facet normal -0 -0 -1
    outer loop
      vertex -208.357 187.359 0
      vertex -208.057 185.929 0
      vertex -238.325 199.272 0
    endloop
  endfacet
  facet normal 0 0 -1
    outer loop
      vertex -239.211 201.306 0
      vertex -238.187 201.931 0
      vertex -238.295 199.446 0
    endloop
  endfacet
  facet normal 0 0 -1
    outer loop
      vertex -238.325 199.272 0
      vertex -208.057 185.929 0
      vertex -209.22 173.584 0
    endloop
  endfacet
  facet normal 0 0 -1
    outer loop
      vertex -210.678 170.024 0
      vertex -238.325 199.272 0
      vertex -209.22 173.584 0
    endloop
  endfacet
  facet normal 0 0 -1
    outer loop
      vertex -239.211 201.306 0
      vertex -238.947 202.241 0
      vertex -238.187 201.931 0
    endloop
  endfacet
  facet normal -0 0 -1
    outer loop
      vertex -210.704 169.826 0
      vertex -210.788 167.492 0
      vertex -238.325 199.272 0
    endloop
  endfacet
  facet normal -0 0 -1
    outer loop
      vertex -238.947 202.241 0
      vertex -239.211 201.306 0
      vertex -239.011 202.291 0
    endloop
  endfacet
  facet normal 0 0 -1
    outer loop
      vertex -238.325 199.272 0
      vertex -210.788 167.492 0
      vertex -210.79 167.47 0
    endloop
  endfacet
  facet normal 0 0 -1
    outer loop
      vertex -239.238 202.558 0
      vertex -239.011 202.291 0
      vertex -239.211 201.306 0
    endloop
  endfacet
  facet normal 0 0 -1
    outer loop
      vertex -239.238 202.558 0
      vertex -239.216 202.569 0
      vertex -239.011 202.291 0
    endloop
  endfacet
  facet normal 0 0 -1
    outer loop
      vertex -238.554 199.295 0
      vertex -238.325 199.272 0
      vertex -210.79 167.47 0
    endloop
  endfacet
  facet normal 0 0 -1
    outer loop
      vertex -211.157 163.661 0
      vertex -238.554 199.295 0
      vertex -210.79 167.47 0
    endloop
  endfacet
  facet normal -0 0 -1
    outer loop
      vertex -240.094 203.391 0
      vertex -240.497 203.194 0
      vertex -240.103 204.132 0
    endloop
  endfacet
  facet normal 0 0 -1
    outer loop
      vertex -305.611 164.298 0
      vertex -305.448 163.048 0
      vertex -305.462 163.052 0
    endloop
  endfacet
  facet normal 0 0 -1
    outer loop
      vertex -238.554 199.295 0
      vertex -250.017 206.52 0
      vertex -241.224 203.185 0
    endloop
  endfacet
  facet normal 0 0 -1
    outer loop
      vertex -249.969 206.526 0
      vertex -247.1 207.341 0
      vertex -246.698 207.172 0
    endloop
  endfacet
  facet normal -0 -0 -1
    outer loop
      vertex -243.746 206.889 0
      vertex -243.647 206.822 0
      vertex -246.564 207.181 0
    endloop
  endfacet
  facet normal -0 0 -1
    outer loop
      vertex -239.96 203.68 0
      vertex -240.094 203.391 0
      vertex -240.103 204.132 0
    endloop
  endfacet
  facet normal 0 0 -1
    outer loop
      vertex -240.103 204.132 0
      vertex -240.497 203.194 0
      vertex -241.045 203.41 0
    endloop
  endfacet
  facet normal 0 0 -1
    outer loop
      vertex -241.219 203.361 0
      vertex -240.879 204.947 0
      vertex -241.045 203.41 0
    endloop
  endfacet
  facet normal 0 0 -1
    outer loop
      vertex -241.747 205.114 0
      vertex -240.903 204.981 0
      vertex -240.879 204.947 0
    endloop
  endfacet
  facet normal 0 -0 -1
    outer loop
      vertex -241.47 205.983 0
      vertex -240.903 204.981 0
      vertex -241.747 205.114 0
    endloop
  endfacet
  facet normal 0 0 -1
    outer loop
      vertex -246.564 207.181 0
      vertex -244.658 208.307 0
      vertex -243.746 206.889 0
    endloop
  endfacet
  facet normal 0 -0 -1
    outer loop
      vertex -241.747 205.114 0
      vertex -240.879 204.947 0
      vertex -241.889 205.01 0
    endloop
  endfacet
  facet normal 0 0 -1
    outer loop
      vertex -241.889 205.01 0
      vertex -240.879 204.947 0
      vertex -241.219 203.361 0
    endloop
  endfacet
  facet normal 0 0 -1
    outer loop
      vertex -242.035 205.121 0
      vertex -241.889 205.01 0
      vertex -241.219 203.361 0
    endloop
  endfacet
  facet normal 0 0 -1
    outer loop
      vertex -241.224 203.185 0
      vertex -242.035 205.121 0
      vertex -241.219 203.361 0
    endloop
  endfacet
  facet normal 0 0 -1
    outer loop
      vertex -242.035 205.121 0
      vertex -243.647 206.822 0
      vertex -242.43 206.6 0
    endloop
  endfacet
  facet normal 0 0 -1
    outer loop
      vertex -246.564 207.181 0
      vertex -242.035 205.121 0
      vertex -241.224 203.185 0
    endloop
  endfacet
  facet normal 0 0 -1
    outer loop
      vertex -250.017 206.52 0
      vertex -249.969 206.526 0
      vertex -241.224 203.185 0
    endloop
  endfacet
  facet normal 0 0 -1
    outer loop
      vertex -253.107 206.67 0
      vertex -250.017 206.52 0
      vertex -238.554 199.295 0
    endloop
  endfacet
  facet normal 0 0 -1
    outer loop
      vertex -253.135 206.674 0
      vertex -253.107 206.67 0
      vertex -238.554 199.295 0
    endloop
  endfacet
  facet normal 0 0 -1
    outer loop
      vertex -300.954 166.867 0
      vertex -301.121 166.897 0
      vertex -300.484 212.555 0
    endloop
  endfacet
  facet normal -0 0 -1
    outer loop
      vertex -301.121 166.897 0
      vertex -303.001 166.067 0
      vertex -308.913 169.19 0
    endloop
  endfacet
  facet normal -0 0 -1
    outer loop
      vertex -309.068 169.37 0
      vertex -310.398 169.3 0
      vertex -303.886 213.795 0
    endloop
  endfacet
  facet normal 0 0 -1
    outer loop
      vertex -294.397 213.886 0
      vertex -293.061 216.31 0
      vertex -291.066 215.771 0
    endloop
  endfacet
  facet normal 0 0 -1
    outer loop
      vertex -276.297 216.741 0
      vertex -274.497 216.901 0
      vertex -256.609 207.849 0
    endloop
  endfacet
  facet normal 0 0 -1
    outer loop
      vertex -274.497 216.901 0
      vertex -267.019 216.845 0
      vertex -262.522 214.762 0
    endloop
  endfacet
  facet normal 0 0 -1
    outer loop
      vertex -274.497 216.901 0
      vertex -274.389 216.962 0
      vertex -267.085 216.882 0
    endloop
  endfacet
  facet normal 0 0 -1
    outer loop
      vertex -256.634 208.067 0
      vertex -255.989 209.35 0
      vertex -256.073 208.724 0
    endloop
  endfacet
  facet normal 0 0 -1
    outer loop
      vertex -257.775 213.676 0
      vertex -257.662 214.202 0
      vertex -257.561 214.223 0
    endloop
  endfacet
  facet normal 0 0 -1
    outer loop
      vertex -255.624 213.564 0
      vertex -257.775 213.676 0
      vertex -257.34 214.36 0
    endloop
  endfacet
  facet normal 0 0 -1
    outer loop
      vertex -255.624 213.564 0
      vertex -255.028 210.31 0
      vertex -255.167 210.221 0
    endloop
  endfacet
  facet normal -0 0 -1
    outer loop
      vertex -270.125 219.368 0
      vertex -273.664 217.974 0
      vertex -271.285 219.62 0
    endloop
  endfacet
  facet normal 0 0 -1
    outer loop
      vertex -255.919 209.457 0
      vertex -255.167 210.221 0
      vertex -255.348 209.813 0
    endloop
  endfacet
  facet normal 0 0 -1
    outer loop
      vertex -255.028 210.31 0
      vertex -253.417 210.923 0
      vertex -253.653 210.291 0
    endloop
  endfacet
  facet normal 0 0 -1
    outer loop
      vertex -255.624 213.564 0
      vertex -254.366 212.423 0
      vertex -255.028 210.31 0
    endloop
  endfacet
  facet normal 0 -0 -1
    outer loop
      vertex -254.366 212.423 0
      vertex -253.417 210.923 0
      vertex -255.028 210.31 0
    endloop
  endfacet
  facet normal 0 0 -1
    outer loop
      vertex -257.34 214.36 0
      vertex -257.775 213.676 0
      vertex -257.561 214.223 0
    endloop
  endfacet
  facet normal 0 0 -1
    outer loop
      vertex -257.806 213.502 0
      vertex -257.775 213.676 0
      vertex -255.624 213.564 0
    endloop
  endfacet
  facet normal 0 0 -1
    outer loop
      vertex -255.167 210.221 0
      vertex -257.806 213.502 0
      vertex -255.624 213.564 0
    endloop
  endfacet
  facet normal 0 0 -1
    outer loop
      vertex -255.919 209.457 0
      vertex -257.937 213.462 0
      vertex -257.806 213.502 0
    endloop
  endfacet
  facet normal 0 0 -1
    outer loop
      vertex -257.937 213.462 0
      vertex -255.989 209.35 0
      vertex -256.634 208.067 0
    endloop
  endfacet
  facet normal -0 0 -1
    outer loop
      vertex -257.662 214.202 0
      vertex -257.775 213.676 0
      vertex -258.06 214.26 0
    endloop
  endfacet
  facet normal 0 0 -1
    outer loop
      vertex -255.989 209.35 0
      vertex -257.937 213.462 0
      vertex -255.919 209.457 0
    endloop
  endfacet
  facet normal 0 0 -1
    outer loop
      vertex -260.527 213.932 0
      vertex -257.937 213.462 0
      vertex -256.634 208.067 0
    endloop
  endfacet
  facet normal 0 0 -1
    outer loop
      vertex -260.557 213.941 0
      vertex -260.527 213.932 0
      vertex -256.634 208.067 0
    endloop
  endfacet
  facet normal 0 0 -1
    outer loop
      vertex -256.609 207.849 0
      vertex -260.557 213.941 0
      vertex -256.634 208.067 0
    endloop
  endfacet
  facet normal 0 0 -1
    outer loop
      vertex -256.609 207.849 0
      vertex -262.487 214.741 0
      vertex -260.557 213.941 0
    endloop
  endfacet
  facet normal -0 -0 -1
    outer loop
      vertex -264.218 216.083 0
      vertex -262.522 214.762 0
      vertex -267.019 216.845 0
    endloop
  endfacet
  facet normal 0 0 -1
    outer loop
      vertex -267.019 216.845 0
      vertex -274.497 216.901 0
      vertex -267.085 216.882 0
    endloop
  endfacet
  facet normal 0 0 -1
    outer loop
      vertex -273.689 217.922 0
      vertex -270.125 219.368 0
      vertex -268.902 218.65 0
    endloop
  endfacet
  facet normal 0 0 -1
    outer loop
      vertex -273.689 217.922 0
      vertex -273.664 217.974 0
      vertex -270.125 219.368 0
    endloop
  endfacet
  facet normal 0 0 -1
    outer loop
      vertex -276.803 221.743 0
      vertex -277.197 221.036 0
      vertex -277.483 221.168 0
    endloop
  endfacet
  facet normal 0 0 -1
    outer loop
      vertex -271.285 219.62 0
      vertex -273.664 217.974 0
      vertex -273.272 219.582 0
    endloop
  endfacet
  facet normal 0 0 -1
    outer loop
      vertex -274.389 216.962 0
      vertex -273.689 217.922 0
      vertex -268.902 218.65 0
    endloop
  endfacet
  facet normal 0 0 -1
    outer loop
      vertex -267.085 216.882 0
      vertex -274.389 216.962 0
      vertex -268.902 218.65 0
    endloop
  endfacet
  facet normal 0 0 -1
    outer loop
      vertex -256.609 207.849 0
      vertex -274.497 216.901 0
      vertex -262.522 214.762 0
    endloop
  endfacet
  facet normal 0 -0 -1
    outer loop
      vertex -278.015 217.328 0
      vertex -276.746 217.185 0
      vertex -278.053 217.185 0
    endloop
  endfacet
  facet normal 0 -0 -1
    outer loop
      vertex -278.533 216.695 0
      vertex -276.297 216.741 0
      vertex -278.676 216.654 0
    endloop
  endfacet
  facet normal 0 -0 -1
    outer loop
      vertex -278.053 217.185 0
      vertex -276.426 216.795 0
      vertex -278.533 216.695 0
    endloop
  endfacet
  facet normal 0 0 -1
    outer loop
      vertex -278.533 216.695 0
      vertex -276.426 216.795 0
      vertex -276.297 216.741 0
    endloop
  endfacet
  facet normal 0 0 -1
    outer loop
      vertex -276.426 216.795 0
      vertex -278.053 217.185 0
      vertex -276.746 217.185 0
    endloop
  endfacet
  facet normal 0 0 -1
    outer loop
      vertex -278.676 216.654 0
      vertex -276.297 216.741 0
      vertex -256.609 207.849 0
    endloop
  endfacet
  facet normal 0 0 -1
    outer loop
      vertex -277.822 219.701 0
      vertex -278.394 218.777 0
      vertex -277.988 219.635 0
    endloop
  endfacet
  facet normal 0 0 -1
    outer loop
      vertex -277.822 219.701 0
      vertex -276.61 219.455 0
      vertex -276.553 219.342 0
    endloop
  endfacet
  facet normal 0 0 -1
    outer loop
      vertex -276.765 217.344 0
      vertex -276.553 219.342 0
      vertex -276.017 218.917 0
    endloop
  endfacet
  facet normal 0 0 -1
    outer loop
      vertex -286.253 219.228 0
      vertex -286.221 219.258 0
      vertex -281.481 219.132 0
    endloop
  endfacet
  facet normal 0 0 -1
    outer loop
      vertex -293.061 216.31 0
      vertex -294.478 214.067 0
      vertex -294.784 215.032 0
    endloop
  endfacet
  facet normal 0 -0 -1
    outer loop
      vertex -276.803 221.743 0
      vertex -276.688 221.619 0
      vertex -277.197 221.036 0
    endloop
  endfacet
  facet normal 0 0 -1
    outer loop
      vertex -277.822 219.701 0
      vertex -277.132 220.821 0
      vertex -276.61 219.455 0
    endloop
  endfacet
  facet normal 0 -0 -1
    outer loop
      vertex -284.421 224.52 0
      vertex -284.318 223.45 0
      vertex -284.587 224.343 0
    endloop
  endfacet
  facet normal 0 0 -1
    outer loop
      vertex -277.197 221.036 0
      vertex -276.688 221.619 0
      vertex -277.132 220.821 0
    endloop
  endfacet
  facet normal 0 0 -1
    outer loop
      vertex -277.132 220.821 0
      vertex -276.688 221.619 0
      vertex -276.61 219.455 0
    endloop
  endfacet
  facet normal 0 -0 -1
    outer loop
      vertex -277.822 219.701 0
      vertex -276.553 219.342 0
      vertex -278.394 218.777 0
    endloop
  endfacet
  facet normal 0 0 -1
    outer loop
      vertex -286.221 219.258 0
      vertex -285.181 220.608 0
      vertex -281.501 219.168 0
    endloop
  endfacet
  facet normal 0 -0 -1
    outer loop
      vertex -278.119 219.669 0
      vertex -277.988 219.635 0
      vertex -278.394 218.777 0
    endloop
  endfacet
  facet normal 0 0 -1
    outer loop
      vertex -278.394 218.777 0
      vertex -276.553 219.342 0
      vertex -276.765 217.344 0
    endloop
  endfacet
  facet normal 0 0 -1
    outer loop
      vertex -278.015 217.328 0
      vertex -278.394 218.777 0
      vertex -276.765 217.344 0
    endloop
  endfacet
  facet normal 0 0 -1
    outer loop
      vertex -294.477 213.626 0
      vertex -294.397 213.886 0
      vertex -291.066 215.771 0
    endloop
  endfacet
  facet normal 0 -0 -1
    outer loop
      vertex -279.489 216.87 0
      vertex -279.436 216.844 0
      vertex -290.913 215.859 0
    endloop
  endfacet
  facet normal 0 -0 -1
    outer loop
      vertex -280.229 217.42 0
      vertex -279.489 216.87 0
      vertex -290.913 215.859 0
    endloop
  endfacet
  facet normal 0 -0 -1
    outer loop
      vertex -289.913 218.106 0
      vertex -286.703 218.908 0
      vertex -290.913 215.859 0
    endloop
  endfacet
  facet normal 0 0 -1
    outer loop
      vertex -290.913 215.859 0
      vertex -286.703 218.908 0
      vertex -280.229 217.42 0
    endloop
  endfacet
  facet normal 0 0 -1
    outer loop
      vertex -280.229 217.42 0
      vertex -286.703 218.908 0
      vertex -280.261 217.452 0
    endloop
  endfacet
  facet normal 0 0 -1
    outer loop
      vertex -281.481 219.132 0
      vertex -286.221 219.258 0
      vertex -281.501 219.168 0
    endloop
  endfacet
  facet normal 0 -0 -1
    outer loop
      vertex -285.154 220.664 0
      vertex -281.501 219.168 0
      vertex -285.181 220.608 0
    endloop
  endfacet
  facet normal 0 -0 -1
    outer loop
      vertex -284.587 224.343 0
      vertex -284.318 223.45 0
      vertex -284.661 223.768 0
    endloop
  endfacet
  facet normal 0 0 -1
    outer loop
      vertex -284.421 224.52 0
      vertex -282.85 222.82 0
      vertex -284.318 223.45 0
    endloop
  endfacet
  facet normal -0 0 -1
    outer loop
      vertex -300.705 216.4 0
      vertex -301.258 216.33 0
      vertex -301.068 216.542 0
    endloop
  endfacet
  facet normal 0 0 -1
    outer loop
      vertex -284.27 223.35 0
      vertex -282.85 222.82 0
      vertex -283.692 222.802 0
    endloop
  endfacet
  facet normal 0 0 -1
    outer loop
      vertex -286.931 218.979 0
      vertex -289.06 219.026 0
      vertex -287.161 219.619 0
    endloop
  endfacet
  facet normal 0 0 -1
    outer loop
      vertex -284.318 223.45 0
      vertex -282.85 222.82 0
      vertex -284.27 223.35 0
    endloop
  endfacet
  facet normal 0 0 -1
    outer loop
      vertex -284.27 223.35 0
      vertex -283.692 222.802 0
      vertex -284.247 222.99 0
    endloop
  endfacet
  facet normal 0 -0 -1
    outer loop
      vertex -284.927 221.572 0
      vertex -283.649 222.54 0
      vertex -285.154 220.664 0
    endloop
  endfacet
  facet normal 0 0 -1
    outer loop
      vertex -283.692 222.802 0
      vertex -282.85 222.82 0
      vertex -283.59 222.658 0
    endloop
  endfacet
  facet normal 0 -0 -1
    outer loop
      vertex -283.59 222.658 0
      vertex -282.85 222.82 0
      vertex -283.649 222.54 0
    endloop
  endfacet
  facet normal 0 0 -1
    outer loop
      vertex -283.649 222.54 0
      vertex -282.85 222.82 0
      vertex -281.501 219.168 0
    endloop
  endfacet
  facet normal 0 0 -1
    outer loop
      vertex -285.154 220.664 0
      vertex -283.649 222.54 0
      vertex -281.501 219.168 0
    endloop
  endfacet
  facet normal 0 0 -1
    outer loop
      vertex -280.261 217.452 0
      vertex -286.253 219.228 0
      vertex -281.481 219.132 0
    endloop
  endfacet
  facet normal 0 0 -1
    outer loop
      vertex -280.261 217.452 0
      vertex -286.703 218.908 0
      vertex -286.253 219.228 0
    endloop
  endfacet
  facet normal 0 0 -1
    outer loop
      vertex -289.913 218.106 0
      vertex -286.931 218.979 0
      vertex -286.703 218.908 0
    endloop
  endfacet
  facet normal 0 -0 -1
    outer loop
      vertex -290.913 215.859 0
      vertex -279.436 216.844 0
      vertex -291.066 215.771 0
    endloop
  endfacet
  facet normal -0 0 -1
    outer loop
      vertex -286.931 218.979 0
      vertex -289.913 218.106 0
      vertex -289.06 219.026 0
    endloop
  endfacet
  facet normal 0 0 -1
    outer loop
      vertex -294.397 213.886 0
      vertex -294.478 214.067 0
      vertex -293.061 216.31 0
    endloop
  endfacet
  facet normal -0 0 -1
    outer loop
      vertex -287.161 219.619 0
      vertex -289.06 219.026 0
      vertex -287.125 219.777 0
    endloop
  endfacet
  facet normal 0 -0 -1
    outer loop
      vertex -291.865 216.724 0
      vertex -291.199 215.9 0
      vertex -293.007 216.384 0
    endloop
  endfacet
  facet normal 0 0 -1
    outer loop
      vertex -287.125 219.777 0
      vertex -286.847 220.054 0
      vertex -286.827 220.069 0
    endloop
  endfacet
  facet normal -0 0 -1
    outer loop
      vertex -287.125 219.777 0
      vertex -289.06 219.026 0
      vertex -286.847 220.054 0
    endloop
  endfacet
  facet normal 0 -0 -1
    outer loop
      vertex -294.477 213.626 0
      vertex -291.066 215.771 0
      vertex -294.533 213.548 0
    endloop
  endfacet
  facet normal -0 0 -1
    outer loop
      vertex -288.024 221.637 0
      vertex -288.658 221.45 0
      vertex -288.2 221.961 0
    endloop
  endfacet
  facet normal 0 0 -1
    outer loop
      vertex -294.533 213.548 0
      vertex -291.066 215.771 0
      vertex -279.436 216.844 0
    endloop
  endfacet
  facet normal 0 -0 -1
    outer loop
      vertex -293.007 216.384 0
      vertex -291.199 215.9 0
      vertex -293.061 216.31 0
    endloop
  endfacet
  facet normal 0 0 -1
    outer loop
      vertex -294.478 214.067 0
      vertex -294.825 214.224 0
      vertex -294.784 215.032 0
    endloop
  endfacet
  facet normal 0 0 -1
    outer loop
      vertex -291.199 215.9 0
      vertex -291.865 216.724 0
      vertex -291.702 216.792 0
    endloop
  endfacet
  facet normal 0 0 -1
    outer loop
      vertex -291.702 216.792 0
      vertex -291.391 217.302 0
      vertex -291.383 217.301 0
    endloop
  endfacet
  facet normal 0 0 -1
    outer loop
      vertex -291.199 215.9 0
      vertex -291.702 216.792 0
      vertex -291.383 217.301 0
    endloop
  endfacet
  facet normal 0 -0 -1
    outer loop
      vertex -292.74 217.204 0
      vertex -291.979 216.857 0
      vertex -293.007 216.384 0
    endloop
  endfacet
  facet normal 0 0 -1
    outer loop
      vertex -293.007 216.384 0
      vertex -291.979 216.857 0
      vertex -291.865 216.724 0
    endloop
  endfacet
  facet normal 0 0 -1
    outer loop
      vertex -293.243 218.114 0
      vertex -293.603 218.946 0
      vertex -292.042 220.274 0
    endloop
  endfacet
  facet normal 0 0 -1
    outer loop
      vertex -291.979 216.857 0
      vertex -292.358 217.341 0
      vertex -292.011 217.228 0
    endloop
  endfacet
  facet normal 0 0 -1
    outer loop
      vertex -291.979 216.857 0
      vertex -292.74 217.204 0
      vertex -292.358 217.341 0
    endloop
  endfacet
  facet normal 0 0 -1
    outer loop
      vertex -293.061 216.31 0
      vertex -291.199 215.9 0
      vertex -291.066 215.771 0
    endloop
  endfacet
  facet normal 0 0 -1
    outer loop
      vertex -298.085 216.066 0
      vertex -297.032 216.785 0
      vertex -296.619 213.727 0
    endloop
  endfacet
  facet normal 0 0 -1
    outer loop
      vertex -278.676 216.654 0
      vertex -294.813 213.348 0
      vertex -294.533 213.548 0
    endloop
  endfacet
  facet normal 0 0 -1
    outer loop
      vertex -312.054 169.155 0
      vertex -310.495 169.257 0
      vertex -311.08 168.681 0
    endloop
  endfacet
  facet normal 0 0 -1
    outer loop
      vertex -295.898 212.892 0
      vertex -295.849 213.061 0
      vertex -294.922 213.322 0
    endloop
  endfacet
  facet normal 0 0 -1
    outer loop
      vertex -301.193 214.902 0
      vertex -301.258 216.33 0
      vertex -300.705 216.4 0
    endloop
  endfacet
  facet normal -0 0 -1
    outer loop
      vertex -278.676 216.654 0
      vertex -294.533 213.548 0
      vertex -279.436 216.844 0
    endloop
  endfacet
  facet normal 0 -0 -1
    outer loop
      vertex -294.922 213.322 0
      vertex -294.813 213.348 0
      vertex -295.898 212.892 0
    endloop
  endfacet
  facet normal 0 0 -1
    outer loop
      vertex -303.886 213.795 0
      vertex -310.398 169.3 0
      vertex -313.19 169.127 0
    endloop
  endfacet
  facet normal 0 -0 -1
    outer loop
      vertex -300.66 212.543 0
      vertex -300.484 212.555 0
      vertex -309.068 169.37 0
    endloop
  endfacet
  facet normal 0 0 -1
    outer loop
      vertex -309.068 169.37 0
      vertex -300.484 212.555 0
      vertex -301.121 166.897 0
    endloop
  endfacet
  facet normal 0 0 -1
    outer loop
      vertex -296.003 213.484 0
      vertex -294.922 213.322 0
      vertex -295.849 213.061 0
    endloop
  endfacet
  facet normal 0 0 -1
    outer loop
      vertex -303.407 165.327 0
      vertex -303.635 164.108 0
      vertex -304.033 164.1 0
    endloop
  endfacet
  facet normal -0 0 -1
    outer loop
      vertex -310.495 169.257 0
      vertex -312.054 169.155 0
      vertex -310.398 169.3 0
    endloop
  endfacet
  facet normal -0 0 -1
    outer loop
      vertex -296.06 212.877 0
      vertex -300.484 212.555 0
      vertex -296.4 213.057 0
    endloop
  endfacet
  facet normal -0 0 -1
    outer loop
      vertex -296.4 213.057 0
      vertex -300.484 212.555 0
      vertex -296.472 213.141 0
    endloop
  endfacet
  facet normal 0 0 -1
    outer loop
      vertex -301.241 214.635 0
      vertex -301.137 214.735 0
      vertex -300.902 213.774 0
    endloop
  endfacet
  facet normal 0 0 -1
    outer loop
      vertex -298.262 216.071 0
      vertex -300.831 213.696 0
      vertex -301.137 214.735 0
    endloop
  endfacet
  facet normal 0 -0 -1
    outer loop
      vertex -294.114 219.196 0
      vertex -293.793 218.942 0
      vertex -294.146 218.884 0
    endloop
  endfacet
  facet normal 0 0 -1
    outer loop
      vertex -290.813 218.845 0
      vertex -291.425 220.211 0
      vertex -291.275 220.294 0
    endloop
  endfacet
  facet normal 0 0 -1
    outer loop
      vertex -293.603 218.946 0
      vertex -294.086 218.719 0
      vertex -293.793 218.942 0
    endloop
  endfacet
  facet normal 0 0 -1
    outer loop
      vertex -289.349 221.387 0
      vertex -290.299 221.654 0
      vertex -290.017 221.73 0
    endloop
  endfacet
  facet normal 0 0 -1
    outer loop
      vertex -300.508 216.492 0
      vertex -301.193 214.902 0
      vertex -300.705 216.4 0
    endloop
  endfacet
  facet normal 0 0 -1
    outer loop
      vertex -288.238 221.038 0
      vertex -288.658 221.45 0
      vertex -288.024 221.637 0
    endloop
  endfacet
  facet normal 0 0 -1
    outer loop
      vertex -311.991 218.251 0
      vertex -309.379 217.723 0
      vertex -308.313 216.492 0
    endloop
  endfacet
  facet normal 0 -0 -1
    outer loop
      vertex -288.761 221.4 0
      vertex -288.238 221.038 0
      vertex -289.271 221.37 0
    endloop
  endfacet
  facet normal 0 -0 -1
    outer loop
      vertex -288.658 221.45 0
      vertex -288.238 221.038 0
      vertex -288.761 221.4 0
    endloop
  endfacet
  facet normal 0 -0 -1
    outer loop
      vertex -289.271 221.37 0
      vertex -288.238 221.038 0
      vertex -290.813 218.845 0
    endloop
  endfacet
  facet normal 0 -0 -1
    outer loop
      vertex -289.349 221.387 0
      vertex -289.271 221.37 0
      vertex -290.813 218.845 0
    endloop
  endfacet
  facet normal -0 0 -1
    outer loop
      vertex -289.349 221.387 0
      vertex -290.829 221.206 0
      vertex -290.299 221.654 0
    endloop
  endfacet
  facet normal 0 0 -1
    outer loop
      vertex -289.349 221.387 0
      vertex -291.275 220.294 0
      vertex -290.829 221.206 0
    endloop
  endfacet
  facet normal -0 0 -1
    outer loop
      vertex -290.813 218.845 0
      vertex -293.243 218.114 0
      vertex -292.042 220.274 0
    endloop
  endfacet
  facet normal -0 0 -1
    outer loop
      vertex -293.243 218.114 0
      vertex -293.328 218.048 0
      vertex -293.603 218.946 0
    endloop
  endfacet
  facet normal 0 0 -1
    outer loop
      vertex -290.813 218.845 0
      vertex -291.275 220.294 0
      vertex -289.349 221.387 0
    endloop
  endfacet
  facet normal 0 0 -1
    outer loop
      vertex -290.813 218.845 0
      vertex -292.042 220.274 0
      vertex -291.425 220.211 0
    endloop
  endfacet
  facet normal 0 0 -1
    outer loop
      vertex -294.328 219.139 0
      vertex -294.114 219.196 0
      vertex -294.146 218.884 0
    endloop
  endfacet
  facet normal 0 0 -1
    outer loop
      vertex -294.39 219.049 0
      vertex -294.328 219.139 0
      vertex -294.146 218.884 0
    endloop
  endfacet
  facet normal 0 0 -1
    outer loop
      vertex -294.179 216.65 0
      vertex -295.266 218.435 0
      vertex -294.205 218.612 0
    endloop
  endfacet
  facet normal 0 0 -1
    outer loop
      vertex -294.179 216.65 0
      vertex -295.783 217.269 0
      vertex -295.266 218.435 0
    endloop
  endfacet
  facet normal -0 0 -1
    outer loop
      vertex -294.179 216.65 0
      vertex -295.226 216.029 0
      vertex -295.783 217.269 0
    endloop
  endfacet
  facet normal 0 0 -1
    outer loop
      vertex -301.838 215.364 0
      vertex -301.472 216.319 0
      vertex -301.461 216.311 0
    endloop
  endfacet
  facet normal 0 0 -1
    outer loop
      vertex -294.146 218.884 0
      vertex -293.793 218.942 0
      vertex -294.086 218.719 0
    endloop
  endfacet
  facet normal 0 0 -1
    outer loop
      vertex -294.205 218.612 0
      vertex -294.086 218.719 0
      vertex -293.328 218.048 0
    endloop
  endfacet
  facet normal 0 0 -1
    outer loop
      vertex -294.086 218.719 0
      vertex -293.603 218.946 0
      vertex -293.328 218.048 0
    endloop
  endfacet
  facet normal 0 0 -1
    outer loop
      vertex -294.205 218.612 0
      vertex -293.328 218.048 0
      vertex -294.179 216.65 0
    endloop
  endfacet
  facet normal 0 -0 -1
    outer loop
      vertex -295.783 217.269 0
      vertex -295.226 216.029 0
      vertex -295.871 217.188 0
    endloop
  endfacet
  facet normal 0 0 -1
    outer loop
      vertex -295.871 217.188 0
      vertex -295.226 216.029 0
      vertex -295.279 215.977 0
    endloop
  endfacet
  facet normal 0 -0 -1
    outer loop
      vertex -300.201 217.404 0
      vertex -298.784 217.46 0
      vertex -300.508 216.492 0
    endloop
  endfacet
  facet normal 0 0 -1
    outer loop
      vertex -297.032 216.785 0
      vertex -295.871 217.188 0
      vertex -295.279 215.977 0
    endloop
  endfacet
  facet normal 0 0 -1
    outer loop
      vertex -296.619 213.727 0
      vertex -297.032 216.785 0
      vertex -295.279 215.977 0
    endloop
  endfacet
  facet normal 0 0 -1
    outer loop
      vertex -298.262 216.071 0
      vertex -298.085 216.066 0
      vertex -296.619 213.727 0
    endloop
  endfacet
  facet normal -0 -0 -1
    outer loop
      vertex -298.309 216.247 0
      vertex -298.262 216.071 0
      vertex -300.508 216.492 0
    endloop
  endfacet
  facet normal 0 -0 -1
    outer loop
      vertex -298.554 218.727 0
      vertex -298.405 218.695 0
      vertex -298.64 217.598 0
    endloop
  endfacet
  facet normal 0 0 -1
    outer loop
      vertex -298.64 217.598 0
      vertex -298.405 218.695 0
      vertex -297.682 217.776 0
    endloop
  endfacet
  facet normal 0 0 -1
    outer loop
      vertex -298.309 216.247 0
      vertex -298.64 217.598 0
      vertex -297.682 217.776 0
    endloop
  endfacet
  facet normal 0 0 -1
    outer loop
      vertex -308.313 216.492 0
      vertex -312.044 218.254 0
      vertex -311.991 218.251 0
    endloop
  endfacet
  facet normal 0 0 -1
    outer loop
      vertex -298.309 216.247 0
      vertex -298.784 217.46 0
      vertex -298.64 217.598 0
    endloop
  endfacet
  facet normal 0 0 -1
    outer loop
      vertex -300.508 216.492 0
      vertex -298.784 217.46 0
      vertex -298.309 216.247 0
    endloop
  endfacet
  facet normal 0 0 -1
    outer loop
      vertex -301.193 214.902 0
      vertex -301.838 215.364 0
      vertex -301.258 216.33 0
    endloop
  endfacet
  facet normal 0 0 -1
    outer loop
      vertex -303.826 213.78 0
      vertex -302.536 213.732 0
      vertex -300.66 212.543 0
    endloop
  endfacet
  facet normal 0 0 -1
    outer loop
      vertex -301.193 214.902 0
      vertex -300.508 216.492 0
      vertex -301.137 214.735 0
    endloop
  endfacet
  facet normal 0 0 -1
    outer loop
      vertex -301.258 216.33 0
      vertex -301.838 215.364 0
      vertex -301.461 216.311 0
    endloop
  endfacet
  facet normal 0 0 -1
    outer loop
      vertex -301.137 214.735 0
      vertex -300.508 216.492 0
      vertex -298.262 216.071 0
    endloop
  endfacet
  facet normal 0 0 -1
    outer loop
      vertex -300.902 213.774 0
      vertex -301.137 214.735 0
      vertex -300.831 213.696 0
    endloop
  endfacet
  facet normal 0 0 -1
    outer loop
      vertex -308.291 216.471 0
      vertex -313.19 218.521 0
      vertex -312.044 218.254 0
    endloop
  endfacet
  facet normal 0 0 -1
    outer loop
      vertex -300.902 213.774 0
      vertex -301.855 214.259 0
      vertex -301.241 214.635 0
    endloop
  endfacet
  facet normal 0 -0 -1
    outer loop
      vertex -298.262 216.071 0
      vertex -296.619 213.727 0
      vertex -300.831 213.696 0
    endloop
  endfacet
  facet normal 0 0 -1
    outer loop
      vertex -301.241 214.635 0
      vertex -301.855 214.259 0
      vertex -301.889 214.461 0
    endloop
  endfacet
  facet normal 0 0 -1
    outer loop
      vertex -300.831 213.696 0
      vertex -296.619 213.727 0
      vertex -300.441 212.726 0
    endloop
  endfacet
  facet normal 0 0 -1
    outer loop
      vertex -300.441 212.726 0
      vertex -296.619 213.727 0
      vertex -296.632 213.601 0
    endloop
  endfacet
  facet normal 0 0 -1
    outer loop
      vertex -296.472 213.141 0
      vertex -300.484 212.555 0
      vertex -300.441 212.726 0
    endloop
  endfacet
  facet normal -0 0 -1
    outer loop
      vertex -296.472 213.141 0
      vertex -300.441 212.726 0
      vertex -296.632 213.601 0
    endloop
  endfacet
  facet normal 0 0 -1
    outer loop
      vertex -310.398 169.3 0
      vertex -312.054 169.155 0
      vertex -313.19 169.127 0
    endloop
  endfacet
  facet normal 0 0 -1
    outer loop
      vertex -312.362 168.838 0
      vertex -313.19 169.127 0
      vertex -312.258 169.08 0
    endloop
  endfacet
  facet normal 0 0 -1
    outer loop
      vertex -313.19 169.127 0
      vertex -306.446 215.055 0
      vertex -303.886 213.795 0
    endloop
  endfacet
  facet normal 0 0 -1
    outer loop
      vertex -303.886 213.795 0
      vertex -303.826 213.78 0
      vertex -300.66 212.543 0
    endloop
  endfacet
  facet normal 0 0 -1
    outer loop
      vertex -313.19 169.127 0
      vertex -312.054 169.155 0
      vertex -312.258 169.08 0
    endloop
  endfacet
  facet normal -0 -0 -1
    outer loop
      vertex -308.313 216.492 0
      vertex -308.291 216.471 0
      vertex -312.044 218.254 0
    endloop
  endfacet
  facet normal 0 0 -1
    outer loop
      vertex -311.991 218.251 0
      vertex -311.078 218.367 0
      vertex -309.379 217.723 0
    endloop
  endfacet
  facet normal 0 0 -1
    outer loop
      vertex -273.36 125.71 0
      vertex -273.058 125.63 0
      vertex -273.261 125.631 0
    endloop
  endfacet
  facet normal -0 -0 -1
    outer loop
      vertex -308.291 216.471 0
      vertex -306.471 215.071 0
      vertex -313.19 218.521 0
    endloop
  endfacet
  facet normal 0 0 -1
    outer loop
      vertex -313.19 218.521 0
      vertex -306.471 215.071 0
      vertex -313.19 169.127 0
    endloop
  endfacet
  facet normal 0 0 -1
    outer loop
      vertex -313.19 169.127 0
      vertex -306.471 215.071 0
      vertex -306.446 215.055 0
    endloop
  endfacet
  facet normal 0 0 -1
    outer loop
      vertex -302.946 165.628 0
      vertex -303.075 165.436 0
      vertex -303.248 165.45 0
    endloop
  endfacet
  facet normal 0 0 -1
    outer loop
      vertex -309.134 168.113 0
      vertex -308.913 169.19 0
      vertex -308.139 167.36 0
    endloop
  endfacet
  facet normal -0 0 -1
    outer loop
      vertex -300.66 212.543 0
      vertex -309.068 169.37 0
      vertex -303.886 213.795 0
    endloop
  endfacet
  facet normal -0 0 -1
    outer loop
      vertex -303.248 165.45 0
      vertex -303.407 165.327 0
      vertex -303.072 165.858 0
    endloop
  endfacet
  facet normal 0 0 -1
    outer loop
      vertex -303.001 166.067 0
      vertex -303.407 165.327 0
      vertex -305.651 164.384 0
    endloop
  endfacet
  facet normal 0 0 -1
    outer loop
      vertex -303.407 165.327 0
      vertex -304.033 164.1 0
      vertex -304.121 164.069 0
    endloop
  endfacet
  facet normal 0 0 -1
    outer loop
      vertex -307.936 166.777 0
      vertex -303.001 166.067 0
      vertex -305.651 164.384 0
    endloop
  endfacet
  facet normal 0 0 -1
    outer loop
      vertex -303.407 165.327 0
      vertex -303.001 166.067 0
      vertex -303.072 165.858 0
    endloop
  endfacet
  facet normal -0 0 -1
    outer loop
      vertex -302.946 165.628 0
      vertex -303.248 165.45 0
      vertex -303.072 165.858 0
    endloop
  endfacet
  facet normal 0 0 -1
    outer loop
      vertex -304.121 164.069 0
      vertex -305.651 164.384 0
      vertex -303.407 165.327 0
    endloop
  endfacet
  facet normal 0 0 -1
    outer loop
      vertex -305.611 164.298 0
      vertex -305.651 164.384 0
      vertex -304.121 164.069 0
    endloop
  endfacet
  facet normal 0 0 -1
    outer loop
      vertex -305.448 163.048 0
      vertex -305.611 164.298 0
      vertex -304.121 164.069 0
    endloop
  endfacet
  facet normal 0 0 -1
    outer loop
      vertex -300.954 166.867 0
      vertex -294.813 213.348 0
      vertex -278.676 216.654 0
    endloop
  endfacet
  facet normal 0 0 -1
    outer loop
      vertex -299.961 165.808 0
      vertex -300.004 165.927 0
      vertex -298.667 163.788 0
    endloop
  endfacet
  facet normal 0 0 -1
    outer loop
      vertex -297.26 162.12 0
      vertex -297.288 162.148 0
      vertex -298.62 163.725 0
    endloop
  endfacet
  facet normal 0 0 -1
    outer loop
      vertex -300.004 165.927 0
      vertex -255.939 207.359 0
      vertex -297.26 162.12 0
    endloop
  endfacet
  facet normal 0 -0 -1
    outer loop
      vertex -299.961 165.808 0
      vertex -299.757 164.644 0
      vertex -300.007 165.244 0
    endloop
  endfacet
  facet normal 0 0 -1
    outer loop
      vertex -300.954 166.867 0
      vertex -296.06 212.877 0
      vertex -295.898 212.892 0
    endloop
  endfacet
  facet normal -0 0 -1
    outer loop
      vertex -256.609 207.849 0
      vertex -300.004 165.927 0
      vertex -278.676 216.654 0
    endloop
  endfacet
  facet normal 0 0 -1
    outer loop
      vertex -300.004 165.927 0
      vertex -298.62 163.725 0
      vertex -298.667 163.788 0
    endloop
  endfacet
  facet normal 0 0 -1
    outer loop
      vertex -308.086 167.283 0
      vertex -308.139 167.36 0
      vertex -303.001 166.067 0
    endloop
  endfacet
  facet normal 0 0 -1
    outer loop
      vertex -308.086 167.283 0
      vertex -303.001 166.067 0
      vertex -307.936 166.777 0
    endloop
  endfacet
  facet normal 0 0 -1
    outer loop
      vertex -300.004 165.927 0
      vertex -300.954 166.867 0
      vertex -278.676 216.654 0
    endloop
  endfacet
  facet normal 0 0 -1
    outer loop
      vertex -299.757 164.644 0
      vertex -299.961 165.808 0
      vertex -298.667 163.788 0
    endloop
  endfacet
  facet normal 0 0 -1
    outer loop
      vertex -294.813 213.348 0
      vertex -300.954 166.867 0
      vertex -295.898 212.892 0
    endloop
  endfacet
  facet normal 0 0 -1
    outer loop
      vertex -308.913 169.19 0
      vertex -309.068 169.37 0
      vertex -301.121 166.897 0
    endloop
  endfacet
  facet normal 0 0 -1
    outer loop
      vertex -308.139 167.36 0
      vertex -308.913 169.19 0
      vertex -303.001 166.067 0
    endloop
  endfacet
  facet normal 0 -0 -1
    outer loop
      vertex -300.484 212.555 0
      vertex -296.06 212.877 0
      vertex -300.954 166.867 0
    endloop
  endfacet
  facet normal 0 -0 -1
    outer loop
      vertex -256.609 207.849 0
      vertex -255.939 207.359 0
      vertex -300.004 165.927 0
    endloop
  endfacet
  facet normal 0 0 -1
    outer loop
      vertex -298.62 163.725 0
      vertex -300.004 165.927 0
      vertex -297.26 162.12 0
    endloop
  endfacet
  facet normal 0 0 -1
    outer loop
      vertex -297.288 162.148 0
      vertex -298.315 162.953 0
      vertex -298.62 163.725 0
    endloop
  endfacet
  facet normal 0 0 -1
    outer loop
      vertex -297.26 162.12 0
      vertex -255.939 207.359 0
      vertex -296.33 160.87 0
    endloop
  endfacet
  facet normal 0 0 -1
    outer loop
      vertex -296.33 160.87 0
      vertex -255.939 207.359 0
      vertex -255.885 207.334 0
    endloop
  endfacet
  facet normal 0 0 -1
    outer loop
      vertex -293.719 155.793 0
      vertex -290.449 152.369 0
      vertex -290.467 152.381 0
    endloop
  endfacet
  facet normal 0 0 -1
    outer loop
      vertex -293.354 155.163 0
      vertex -293.719 155.793 0
      vertex -290.467 152.381 0
    endloop
  endfacet
  facet normal 0 0 -1
    outer loop
      vertex -296.33 160.87 0
      vertex -293.719 155.793 0
      vertex -296.301 160.761 0
    endloop
  endfacet
  facet normal 0 0 -1
    outer loop
      vertex -289.099 151.47 0
      vertex -289.859 151.919 0
      vertex -290.449 152.369 0
    endloop
  endfacet
  facet normal 0 0 -1
    outer loop
      vertex -292.317 153.411 0
      vertex -293.254 154.984 0
      vertex -290.467 152.381 0
    endloop
  endfacet
  facet normal 0 0 -1
    outer loop
      vertex -293.719 155.793 0
      vertex -296.335 160.5 0
      vertex -296.301 160.761 0
    endloop
  endfacet
  facet normal 0 0 -1
    outer loop
      vertex -293.715 155.655 0
      vertex -293.719 155.793 0
      vertex -293.354 155.163 0
    endloop
  endfacet
  facet normal 0 0 -1
    outer loop
      vertex -290.467 152.381 0
      vertex -293.254 154.984 0
      vertex -293.354 155.163 0
    endloop
  endfacet
  facet normal 0 0 -1
    outer loop
      vertex -293.254 154.984 0
      vertex -292.891 154.088 0
      vertex -292.974 154.205 0
    endloop
  endfacet
  facet normal 0 -0 -1
    outer loop
      vertex -293.715 155.655 0
      vertex -293.354 155.163 0
      vertex -293.871 155.33 0
    endloop
  endfacet
  facet normal 0 0 -1
    outer loop
      vertex -292.317 153.411 0
      vertex -292.398 153.43 0
      vertex -292.891 154.088 0
    endloop
  endfacet
  facet normal 0 -0 -1
    outer loop
      vertex -293.254 154.984 0
      vertex -292.974 154.205 0
      vertex -293.395 154.411 0
    endloop
  endfacet
  facet normal 0 0 -1
    outer loop
      vertex -293.254 154.984 0
      vertex -292.317 153.411 0
      vertex -292.891 154.088 0
    endloop
  endfacet
  facet normal 0 0 -1
    outer loop
      vertex -292.808 153.407 0
      vertex -292.891 154.088 0
      vertex -292.398 153.43 0
    endloop
  endfacet
  facet normal 0 0 -1
    outer loop
      vertex -293.719 155.793 0
      vertex -289.099 151.47 0
      vertex -290.449 152.369 0
    endloop
  endfacet
  facet normal 0 0 -1
    outer loop
      vertex -293.719 155.793 0
      vertex -296.33 160.87 0
      vertex -289.099 151.47 0
    endloop
  endfacet
  facet normal 0 0 -1
    outer loop
      vertex -289.099 151.47 0
      vertex -296.33 160.87 0
      vertex -255.885 207.334 0
    endloop
  endfacet
  facet normal 0 0 -1
    outer loop
      vertex -288.96 151.324 0
      vertex -289.099 151.47 0
      vertex -255.885 207.334 0
    endloop
  endfacet
  facet normal 0 0 -1
    outer loop
      vertex -289.807 151.846 0
      vertex -289.099 151.47 0
      vertex -289.699 151.512 0
    endloop
  endfacet
  facet normal 0 0 -1
    outer loop
      vertex -289.859 151.919 0
      vertex -289.099 151.47 0
      vertex -289.807 151.846 0
    endloop
  endfacet
  facet normal 0 0 -1
    outer loop
      vertex -288.96 151.324 0
      vertex -255.885 207.334 0
      vertex -253.135 206.674 0
    endloop
  endfacet
  facet normal -0 0 -1
    outer loop
      vertex -238.554 199.295 0
      vertex -288.96 151.324 0
      vertex -253.135 206.674 0
    endloop
  endfacet
  facet normal -0 0 -1
    outer loop
      vertex -287.951 148.904 0
      vertex -288.144 148.85 0
      vertex -288.292 149.199 0
    endloop
  endfacet
  facet normal 0 0 -1
    outer loop
      vertex -288.579 149.156 0
      vertex -288.96 151.324 0
      vertex -288.461 149.287 0
    endloop
  endfacet
  facet normal 0 0 -1
    outer loop
      vertex -288.96 151.324 0
      vertex -287.785 148.843 0
      vertex -288.292 149.199 0
    endloop
  endfacet
  facet normal 0 0 -1
    outer loop
      vertex -287.779 148.686 0
      vertex -285.552 142.728 0
      vertex -285.932 142.958 0
    endloop
  endfacet
  facet normal 0 0 -1
    outer loop
      vertex -287.779 148.686 0
      vertex -288.087 144.157 0
      vertex -289.528 145.577 0
    endloop
  endfacet
  facet normal -0 0 -1
    outer loop
      vertex -288.677 148.24 0
      vertex -288.867 147.827 0
      vertex -288.579 149.156 0
    endloop
  endfacet
  facet normal 0 0 -1
    outer loop
      vertex -287.785 148.843 0
      vertex -287.951 148.904 0
      vertex -288.292 149.199 0
    endloop
  endfacet
  facet normal -0 0 -1
    outer loop
      vertex -288.579 149.156 0
      vertex -288.867 147.827 0
      vertex -288.96 151.324 0
    endloop
  endfacet
  facet normal 0 0 -1
    outer loop
      vertex -288.461 149.287 0
      vertex -288.96 151.324 0
      vertex -288.292 149.199 0
    endloop
  endfacet
  facet normal 0 0 -1
    outer loop
      vertex -282.296 138.968 0
      vertex -285.552 142.728 0
      vertex -282.129 138.87 0
    endloop
  endfacet
  facet normal 0 0 -1
    outer loop
      vertex -286.648 142.674 0
      vertex -287.928 144.082 0
      vertex -286.078 142.964 0
    endloop
  endfacet
  facet normal 0 0 -1
    outer loop
      vertex -288.96 151.324 0
      vertex -238.554 199.295 0
      vertex -287.785 148.843 0
    endloop
  endfacet
  facet normal 0 0 -1
    outer loop
      vertex -285.552 142.728 0
      vertex -287.779 148.686 0
      vertex -287.785 148.843 0
    endloop
  endfacet
  facet normal -0 0 -1
    outer loop
      vertex -288.087 144.157 0
      vertex -289.022 143.983 0
      vertex -289.689 144.772 0
    endloop
  endfacet
  facet normal 0 -0 -1
    outer loop
      vertex -289.528 145.577 0
      vertex -288.087 144.157 0
      vertex -289.689 144.772 0
    endloop
  endfacet
  facet normal 0 0 -1
    outer loop
      vertex -287.779 148.686 0
      vertex -287.928 144.082 0
      vertex -288.087 144.157 0
    endloop
  endfacet
  facet normal 0 0 -1
    outer loop
      vertex -285.552 142.728 0
      vertex -284.163 140.514 0
      vertex -285.484 142.566 0
    endloop
  endfacet
  facet normal 0 0 -1
    outer loop
      vertex -288.876 143.524 0
      vertex -288.005 143.871 0
      vertex -287.251 141.879 0
    endloop
  endfacet
  facet normal 0 0 -1
    outer loop
      vertex -288.566 141.535 0
      vertex -287.251 141.879 0
      vertex -287.279 141.809 0
    endloop
  endfacet
  facet normal 0 0 -1
    outer loop
      vertex -288.566 141.535 0
      vertex -288.624 141.585 0
      vertex -287.251 141.879 0
    endloop
  endfacet
  facet normal 0 0 -1
    outer loop
      vertex -289.462 142.103 0
      vertex -288.624 141.585 0
      vertex -289.365 141.946 0
    endloop
  endfacet
  facet normal 0 0 -1
    outer loop
      vertex -289.462 142.103 0
      vertex -288.876 143.524 0
      vertex -288.624 141.585 0
    endloop
  endfacet
  facet normal -0 0 -1
    outer loop
      vertex -287.382 141.024 0
      vertex -287.894 140.557 0
      vertex -288.566 141.535 0
    endloop
  endfacet
  facet normal 0 0 -1
    outer loop
      vertex -287.279 141.809 0
      vertex -287.382 141.024 0
      vertex -288.566 141.535 0
    endloop
  endfacet
  facet normal 0 0 -1
    outer loop
      vertex -285.484 142.566 0
      vertex -284.783 141.284 0
      vertex -284.904 141.34 0
    endloop
  endfacet
  facet normal 0 0 -1
    outer loop
      vertex -282.296 138.968 0
      vertex -284.154 140.338 0
      vertex -284.163 140.514 0
    endloop
  endfacet
  facet normal 0 0 -1
    outer loop
      vertex -288.624 141.585 0
      vertex -288.876 143.524 0
      vertex -287.251 141.879 0
    endloop
  endfacet
  facet normal 0 0 -1
    outer loop
      vertex -285.53 141.322 0
      vertex -285.535 142.484 0
      vertex -284.904 141.34 0
    endloop
  endfacet
  facet normal 0 0 -1
    outer loop
      vertex -287.251 141.879 0
      vertex -288.005 143.871 0
      vertex -286.701 142.629 0
    endloop
  endfacet
  facet normal 0 0 -1
    outer loop
      vertex -284.163 140.514 0
      vertex -284.783 141.284 0
      vertex -285.484 142.566 0
    endloop
  endfacet
  facet normal 0 0 -1
    outer loop
      vertex -286.701 142.629 0
      vertex -288.005 143.871 0
      vertex -286.648 142.674 0
    endloop
  endfacet
  facet normal 0 0 -1
    outer loop
      vertex -286.727 140.867 0
      vertex -286.887 141.363 0
      vertex -286.541 141.354 0
    endloop
  endfacet
  facet normal 0 0 -1
    outer loop
      vertex -286.648 142.674 0
      vertex -288.005 143.871 0
      vertex -287.928 144.082 0
    endloop
  endfacet
  facet normal 0 0 -1
    outer loop
      vertex -286.078 142.964 0
      vertex -287.928 144.082 0
      vertex -285.932 142.958 0
    endloop
  endfacet
  facet normal 0 0 -1
    outer loop
      vertex -285.932 142.958 0
      vertex -287.928 144.082 0
      vertex -287.779 148.686 0
    endloop
  endfacet
  facet normal 0 0 -1
    outer loop
      vertex -285.535 142.484 0
      vertex -285.484 142.566 0
      vertex -284.904 141.34 0
    endloop
  endfacet
  facet normal 0 0 -1
    outer loop
      vertex -285.818 141.547 0
      vertex -285.535 142.484 0
      vertex -285.53 141.322 0
    endloop
  endfacet
  facet normal 0 0 -1
    outer loop
      vertex -285.598 140.819 0
      vertex -285.769 140.389 0
      vertex -285.825 140.435 0
    endloop
  endfacet
  facet normal 0 0 -1
    outer loop
      vertex -285.535 142.484 0
      vertex -285.818 141.547 0
      vertex -285.97 142.125 0
    endloop
  endfacet
  facet normal 0 0 -1
    outer loop
      vertex -284.154 140.338 0
      vertex -282.296 138.968 0
      vertex -282.418 138.841 0
    endloop
  endfacet
  facet normal -0 0 -1
    outer loop
      vertex -211.157 163.661 0
      vertex -282.129 138.87 0
      vertex -238.554 199.295 0
    endloop
  endfacet
  facet normal 0 0 -1
    outer loop
      vertex -282.418 138.841 0
      vertex -284.414 139.034 0
      vertex -284.448 139.17 0
    endloop
  endfacet
  facet normal 0 0 -1
    outer loop
      vertex -284.235 137.86 0
      vertex -283.473 137.17 0
      vertex -284.189 137.641 0
    endloop
  endfacet
  facet normal 0 0 -1
    outer loop
      vertex -284.448 139.17 0
      vertex -284.393 140.322 0
      vertex -284.154 140.338 0
    endloop
  endfacet
  facet normal 0 0 -1
    outer loop
      vertex -285.466 139.963 0
      vertex -285.489 140.009 0
      vertex -284.393 140.322 0
    endloop
  endfacet
  facet normal -0 0 -1
    outer loop
      vertex -284.393 140.322 0
      vertex -285.489 140.009 0
      vertex -284.826 140.82 0
    endloop
  endfacet
  facet normal 0 -0 -1
    outer loop
      vertex -285.731 140.834 0
      vertex -285.598 140.819 0
      vertex -285.825 140.435 0
    endloop
  endfacet
  facet normal 0 0 -1
    outer loop
      vertex -285.489 140.009 0
      vertex -285.769 140.389 0
      vertex -285.598 140.819 0
    endloop
  endfacet
  facet normal 0 0 -1
    outer loop
      vertex -286.727 140.867 0
      vertex -285.731 140.834 0
      vertex -285.825 140.435 0
    endloop
  endfacet
  facet normal 0 0 -1
    outer loop
      vertex -286.541 141.354 0
      vertex -286.887 141.363 0
      vertex -286.606 141.513 0
    endloop
  endfacet
  facet normal 0 0 -1
    outer loop
      vertex -286.606 141.513 0
      vertex -286.617 141.839 0
      vertex -286.532 141.848 0
    endloop
  endfacet
  facet normal 0 0 -1
    outer loop
      vertex -286.887 141.363 0
      vertex -286.617 141.839 0
      vertex -286.606 141.513 0
    endloop
  endfacet
  facet normal 0 0 -1
    outer loop
      vertex -286.727 140.867 0
      vertex -286.541 141.354 0
      vertex -285.731 140.834 0
    endloop
  endfacet
  facet normal 0 0 -1
    outer loop
      vertex -285.237 140.951 0
      vertex -285.489 140.009 0
      vertex -285.598 140.819 0
    endloop
  endfacet
  facet normal 0 0 -1
    outer loop
      vertex -285.489 140.009 0
      vertex -285.237 140.951 0
      vertex -284.826 140.82 0
    endloop
  endfacet
  facet normal 0 0 -1
    outer loop
      vertex -285.165 138.966 0
      vertex -285.466 139.963 0
      vertex -284.621 139.207 0
    endloop
  endfacet
  facet normal 0 0 -1
    outer loop
      vertex -284.621 139.207 0
      vertex -285.466 139.963 0
      vertex -284.393 140.322 0
    endloop
  endfacet
  facet normal 0 0 -1
    outer loop
      vertex -284.621 139.207 0
      vertex -284.393 140.322 0
      vertex -284.448 139.17 0
    endloop
  endfacet
  facet normal 0 0 -1
    outer loop
      vertex -284.414 139.034 0
      vertex -284.235 137.86 0
      vertex -284.411 137.841 0
    endloop
  endfacet
  facet normal -0 0 -1
    outer loop
      vertex -282.418 138.841 0
      vertex -282.512 138.188 0
      vertex -284.414 139.034 0
    endloop
  endfacet
  facet normal 0 0 -1
    outer loop
      vertex -284.789 137.499 0
      vertex -284.414 139.034 0
      vertex -284.411 137.841 0
    endloop
  endfacet
  facet normal 0 0 -1
    outer loop
      vertex -282.512 138.188 0
      vertex -283.473 137.17 0
      vertex -284.235 137.86 0
    endloop
  endfacet
  facet normal -0 0 -1
    outer loop
      vertex -211.127 163.495 0
      vertex -282.129 138.87 0
      vertex -211.157 163.661 0
    endloop
  endfacet
  facet normal 0 0 -1
    outer loop
      vertex -283.473 137.17 0
      vertex -284.407 137.345 0
      vertex -284.189 137.641 0
    endloop
  endfacet
  facet normal 0 0 -1
    outer loop
      vertex -284.221 136.71 0
      vertex -284.435 136.784 0
      vertex -284.38 136.909 0
    endloop
  endfacet
  facet normal 0 0 -1
    outer loop
      vertex -284.38 136.909 0
      vertex -284.153 136.791 0
      vertex -284.221 136.71 0
    endloop
  endfacet
  facet normal 0 -0 -1
    outer loop
      vertex -284.435 136.784 0
      vertex -284.221 136.71 0
      vertex -285.058 136.275 0
    endloop
  endfacet
  facet normal 0 0 -1
    outer loop
      vertex -284.407 137.345 0
      vertex -284.153 136.791 0
      vertex -284.38 136.909 0
    endloop
  endfacet
  facet normal 0 0 -1
    outer loop
      vertex -284.683 135.402 0
      vertex -285.058 136.275 0
      vertex -284.221 136.71 0
    endloop
  endfacet
  facet normal 0 0 -1
    outer loop
      vertex -281.979 138.296 0
      vertex -281.969 138.42 0
      vertex -281.469 136.059 0
    endloop
  endfacet
  facet normal 0 0 -1
    outer loop
      vertex -284.407 137.345 0
      vertex -283.473 137.17 0
      vertex -284.153 136.791 0
    endloop
  endfacet
  facet normal 0 0 -1
    outer loop
      vertex -281.469 136.059 0
      vertex -277.467 131.88 0
      vertex -281.468 135.883 0
    endloop
  endfacet
  facet normal -0 0 -1
    outer loop
      vertex -282.512 138.188 0
      vertex -284.235 137.86 0
      vertex -284.414 139.034 0
    endloop
  endfacet
  facet normal 0 0 -1
    outer loop
      vertex -282.418 138.841 0
      vertex -284.448 139.17 0
      vertex -284.154 140.338 0
    endloop
  endfacet
  facet normal 0 0 -1
    outer loop
      vertex -284.163 140.514 0
      vertex -285.552 142.728 0
      vertex -282.296 138.968 0
    endloop
  endfacet
  facet normal 0 0 -1
    outer loop
      vertex -282.129 138.87 0
      vertex -287.785 148.843 0
      vertex -238.554 199.295 0
    endloop
  endfacet
  facet normal 0 0 -1
    outer loop
      vertex -285.552 142.728 0
      vertex -287.785 148.843 0
      vertex -282.129 138.87 0
    endloop
  endfacet
  facet normal 0 0 -1
    outer loop
      vertex -281.397 134.724 0
      vertex -277.467 131.88 0
      vertex -281 132.378 0
    endloop
  endfacet
  facet normal 0 0 -1
    outer loop
      vertex -281 132.378 0
      vertex -277.612 131.779 0
      vertex -279.8 131.29 0
    endloop
  endfacet
  facet normal 0 -0 -1
    outer loop
      vertex -281.979 138.296 0
      vertex -281.469 136.059 0
      vertex -282.472 137.421 0
    endloop
  endfacet
  facet normal 0 0 -1
    outer loop
      vertex -281.128 132.528 0
      vertex -281.397 134.724 0
      vertex -281 132.378 0
    endloop
  endfacet
  facet normal -0 0 -1
    outer loop
      vertex -278.977 131.09 0
      vertex -279.122 130.989 0
      vertex -279.651 131.196 0
    endloop
  endfacet
  facet normal 0 -0 -1
    outer loop
      vertex -281.468 135.883 0
      vertex -281.397 134.724 0
      vertex -281.538 134.83 0
    endloop
  endfacet
  facet normal -0 0 -1
    outer loop
      vertex -283.845 135.87 0
      vertex -283.947 135.866 0
      vertex -283.855 136.346 0
    endloop
  endfacet
  facet normal 0 0 -1
    outer loop
      vertex -283.741 134.188 0
      vertex -283.99 134.935 0
      vertex -283.072 134.81 0
    endloop
  endfacet
  facet normal 0 0 -1
    outer loop
      vertex -283.855 136.346 0
      vertex -283.699 135.771 0
      vertex -283.845 135.87 0
    endloop
  endfacet
  facet normal 0 0 -1
    outer loop
      vertex -283.855 136.346 0
      vertex -282.785 136.99 0
      vertex -283.699 135.771 0
    endloop
  endfacet
  facet normal 0 0 -1
    outer loop
      vertex -283.699 135.771 0
      vertex -282.785 136.99 0
      vertex -281.698 135.866 0
    endloop
  endfacet
  facet normal 0 0 -1
    outer loop
      vertex -283.701 135.665 0
      vertex -282.968 134.85 0
      vertex -283.072 134.81 0
    endloop
  endfacet
  facet normal 0 0 -1
    outer loop
      vertex -283.699 135.771 0
      vertex -281.698 135.866 0
      vertex -282.968 134.85 0
    endloop
  endfacet
  facet normal 0 0 -1
    outer loop
      vertex -282.968 134.85 0
      vertex -283.701 135.665 0
      vertex -283.699 135.771 0
    endloop
  endfacet
  facet normal 0 0 -1
    outer loop
      vertex -283.072 134.81 0
      vertex -283.99 134.935 0
      vertex -283.701 135.665 0
    endloop
  endfacet
  facet normal 0 0 -1
    outer loop
      vertex -281.538 134.83 0
      vertex -282.968 134.85 0
      vertex -281.698 135.866 0
    endloop
  endfacet
  facet normal 0 0 -1
    outer loop
      vertex -280.783 131.742 0
      vertex -281 132.378 0
      vertex -279.8 131.29 0
    endloop
  endfacet
  facet normal 0 0 -1
    outer loop
      vertex -281.538 134.83 0
      vertex -281.698 135.866 0
      vertex -281.468 135.883 0
    endloop
  endfacet
  facet normal 0 -0 -1
    outer loop
      vertex -281.509 134.533 0
      vertex -281.284 132.447 0
      vertex -283.057 134.206 0
    endloop
  endfacet
  facet normal 0 0 -1
    outer loop
      vertex -283.057 134.206 0
      vertex -281.284 132.447 0
      vertex -282.938 132.118 0
    endloop
  endfacet
  facet normal 0 -0 -1
    outer loop
      vertex -283.603 133.351 0
      vertex -282.938 132.118 0
      vertex -283.645 132.771 0
    endloop
  endfacet
  facet normal 0 0 -1
    outer loop
      vertex -283.603 133.351 0
      vertex -283.057 134.206 0
      vertex -282.938 132.118 0
    endloop
  endfacet
  facet normal 0 0 -1
    outer loop
      vertex -281.284 132.447 0
      vertex -281.5 132.014 0
      vertex -282.333 131.865 0
    endloop
  endfacet
  facet normal 0 0 -1
    outer loop
      vertex -282.938 132.118 0
      vertex -281.284 132.447 0
      vertex -282.333 131.865 0
    endloop
  endfacet
  facet normal 0 0 -1
    outer loop
      vertex -279.8 131.29 0
      vertex -277.612 131.779 0
      vertex -278.977 131.09 0
    endloop
  endfacet
  facet normal 0 0 -1
    outer loop
      vertex -281.509 134.533 0
      vertex -281.128 132.528 0
      vertex -281.284 132.447 0
    endloop
  endfacet
  facet normal 0 0 -1
    outer loop
      vertex -281.509 134.533 0
      vertex -281.397 134.724 0
      vertex -281.128 132.528 0
    endloop
  endfacet
  facet normal 0 0 -1
    outer loop
      vertex -280.699 131.526 0
      vertex -280.783 131.742 0
      vertex -279.8 131.29 0
    endloop
  endfacet
  facet normal 0 -0 -1
    outer loop
      vertex -281 132.378 0
      vertex -280.783 131.742 0
      vertex -281.008 131.818 0
    endloop
  endfacet
  facet normal 0 0 -1
    outer loop
      vertex -279.8 131.29 0
      vertex -278.977 131.09 0
      vertex -279.651 131.196 0
    endloop
  endfacet
  facet normal 0 0 -1
    outer loop
      vertex -277.612 131.779 0
      vertex -278.835 130.978 0
      vertex -278.977 131.09 0
    endloop
  endfacet
  facet normal 0 0 -1
    outer loop
      vertex -280.873 131.218 0
      vertex -280.699 131.526 0
      vertex -279.8 131.29 0
    endloop
  endfacet
  facet normal 0 0 -1
    outer loop
      vertex -281.468 135.883 0
      vertex -277.467 131.88 0
      vertex -281.397 134.724 0
    endloop
  endfacet
  facet normal 0 0 -1
    outer loop
      vertex -279.122 130.989 0
      vertex -279.742 130.998 0
      vertex -279.651 131.196 0
    endloop
  endfacet
  facet normal 0 0 -1
    outer loop
      vertex -279.303 130.462 0
      vertex -279.742 130.998 0
      vertex -279.122 130.989 0
    endloop
  endfacet
  facet normal 0 0 -1
    outer loop
      vertex -280.189 130.559 0
      vertex -280.745 130.655 0
      vertex -279.742 130.998 0
    endloop
  endfacet
  facet normal 0 0 -1
    outer loop
      vertex -278.835 130.978 0
      vertex -278.019 130.613 0
      vertex -278.727 130.568 0
    endloop
  endfacet
  facet normal 0 0 -1
    outer loop
      vertex -279.303 130.462 0
      vertex -280.189 130.559 0
      vertex -279.742 130.998 0
    endloop
  endfacet
  facet normal -0 0 -1
    outer loop
      vertex -277.467 131.88 0
      vertex -277.612 131.779 0
      vertex -281 132.378 0
    endloop
  endfacet
  facet normal 0 0 -1
    outer loop
      vertex -282.129 138.87 0
      vertex -211.127 163.495 0
      vertex -277.32 131.73 0
    endloop
  endfacet
  facet normal 0 0 -1
    outer loop
      vertex -278.835 130.978 0
      vertex -277.612 131.779 0
      vertex -278.019 130.613 0
    endloop
  endfacet
  facet normal 0 0 -1
    outer loop
      vertex -277.162 128.833 0
      vertex -277.732 130.132 0
      vertex -275.542 129.43 0
    endloop
  endfacet
  facet normal -0 0 -1
    outer loop
      vertex -275.576 129.257 0
      vertex -277.162 128.833 0
      vertex -275.542 129.43 0
    endloop
  endfacet
  facet normal 0 0 -1
    outer loop
      vertex -277.32 131.73 0
      vertex -275.371 129.453 0
      vertex -277.32 130.9 0
    endloop
  endfacet
  facet normal 0 0 -1
    outer loop
      vertex -281.469 136.059 0
      vertex -281.969 138.42 0
      vertex -277.467 131.88 0
    endloop
  endfacet
  facet normal 0 0 -1
    outer loop
      vertex -277.32 131.73 0
      vertex -277.467 131.88 0
      vertex -282.129 138.87 0
    endloop
  endfacet
  facet normal 0 0 -1
    outer loop
      vertex -277.467 131.88 0
      vertex -281.969 138.42 0
      vertex -282.129 138.87 0
    endloop
  endfacet
  facet normal 0 -0 -1
    outer loop
      vertex -275.576 129.257 0
      vertex -275.423 128.925 0
      vertex -275.64 128.356 0
    endloop
  endfacet
  facet normal 0 0 -1
    outer loop
      vertex -276.198 128.06 0
      vertex -276.548 128.153 0
      vertex -275.64 128.356 0
    endloop
  endfacet
  facet normal 0 0 -1
    outer loop
      vertex -276.548 128.153 0
      vertex -275.576 129.257 0
      vertex -275.64 128.356 0
    endloop
  endfacet
  facet normal 0 0 -1
    outer loop
      vertex -276.548 128.153 0
      vertex -277.162 128.833 0
      vertex -275.576 129.257 0
    endloop
  endfacet
  facet normal -0 0 -1
    outer loop
      vertex -273.888 127.64 0
      vertex -274.55 127.463 0
      vertex -274.499 127.663 0
    endloop
  endfacet
  facet normal 0 0 -1
    outer loop
      vertex -211.127 163.495 0
      vertex -275.101 129.313 0
      vertex -277.32 131.73 0
    endloop
  endfacet
  facet normal 0 0 -1
    outer loop
      vertex -275.542 129.43 0
      vertex -277.732 130.132 0
      vertex -277.339 130.826 0
    endloop
  endfacet
  facet normal 0 0 -1
    outer loop
      vertex -277.32 131.73 0
      vertex -275.101 129.313 0
      vertex -275.371 129.453 0
    endloop
  endfacet
  facet normal 0 0 -1
    outer loop
      vertex -275.542 129.43 0
      vertex -277.339 130.826 0
      vertex -277.32 130.9 0
    endloop
  endfacet
  facet normal 0 0 -1
    outer loop
      vertex -275.02 129.168 0
      vertex -275.101 129.313 0
      vertex -273.736 127.729 0
    endloop
  endfacet
  facet normal -0 0 -1
    outer loop
      vertex -275.371 129.453 0
      vertex -275.542 129.43 0
      vertex -277.32 130.9 0
    endloop
  endfacet
  facet normal 0 0 -1
    outer loop
      vertex -274.659 127.737 0
      vertex -275.02 129.168 0
      vertex -273.736 127.729 0
    endloop
  endfacet
  facet normal -0 0 -1
    outer loop
      vertex -274.659 127.737 0
      vertex -274.977 127.674 0
      vertex -275.125 127.834 0
    endloop
  endfacet
  facet normal 0 -0 -1
    outer loop
      vertex -275.02 129.168 0
      vertex -274.659 127.737 0
      vertex -275.125 127.834 0
    endloop
  endfacet
  facet normal 0 0 -1
    outer loop
      vertex -211.127 163.495 0
      vertex -273.602 127.554 0
      vertex -273.736 127.729 0
    endloop
  endfacet
  facet normal 0 0 -1
    outer loop
      vertex -273.736 127.729 0
      vertex -273.888 127.64 0
      vertex -274.499 127.663 0
    endloop
  endfacet
  facet normal 0 0 -1
    outer loop
      vertex -274.55 127.463 0
      vertex -274.196 126.93 0
      vertex -274.5 126.782 0
    endloop
  endfacet
  facet normal 0 0 -1
    outer loop
      vertex -274.55 127.463 0
      vertex -273.888 127.64 0
      vertex -274.196 126.93 0
    endloop
  endfacet
  facet normal 0 0 -1
    outer loop
      vertex -274.5 126.782 0
      vertex -275.06 127.14 0
      vertex -274.55 127.463 0
    endloop
  endfacet
  facet normal 0 0 -1
    outer loop
      vertex -273.602 127.554 0
      vertex -272.98 126.747 0
      vertex -273.156 126.735 0
    endloop
  endfacet
  facet normal 0 0 -1
    outer loop
      vertex -211.127 163.495 0
      vertex -272.98 126.747 0
      vertex -273.602 127.554 0
    endloop
  endfacet
  facet normal -0 0 -1
    outer loop
      vertex -273.736 127.729 0
      vertex -274.499 127.663 0
      vertex -274.659 127.737 0
    endloop
  endfacet
  facet normal 0 0 -1
    outer loop
      vertex -273.417 126.517 0
      vertex -273.775 126.56 0
      vertex -273.156 126.735 0
    endloop
  endfacet
  facet normal 0 0 -1
    outer loop
      vertex -273.736 127.729 0
      vertex -275.101 129.313 0
      vertex -211.127 163.495 0
    endloop
  endfacet
  facet normal 0 0 -1
    outer loop
      vertex -273.621 125.855 0
      vertex -273.66 126.03 0
      vertex -273.517 125.86 0
    endloop
  endfacet
  facet normal 0 0 -1
    outer loop
      vertex -273.775 126.56 0
      vertex -273.602 127.554 0
      vertex -273.156 126.735 0
    endloop
  endfacet
  facet normal 0 -0 -1
    outer loop
      vertex -211.127 163.495 0
      vertex -209.78 160.308 0
      vertex -272.98 126.747 0
    endloop
  endfacet
  facet normal 0 0 -1
    outer loop
      vertex -272.923 126.559 0
      vertex -211.61 126.521 0
      vertex -272.801 125.39 0
    endloop
  endfacet
  facet normal 0 0 -1
    outer loop
      vertex -272.98 126.747 0
      vertex -209.78 160.308 0
      vertex -211.61 126.521 0
    endloop
  endfacet
  facet normal 0 -0 -1
    outer loop
      vertex -272.923 126.559 0
      vertex -272.801 125.39 0
      vertex -273.083 126.199 0
    endloop
  endfacet
  facet normal 0 -0 -1
    outer loop
      vertex -273.194 126.112 0
      vertex -273.058 125.63 0
      vertex -273.36 125.71 0
    endloop
  endfacet
  facet normal 0 0 -1
    outer loop
      vertex -273.36 125.71 0
      vertex -273.517 125.86 0
      vertex -273.194 126.112 0
    endloop
  endfacet
  facet normal 0 0 -1
    outer loop
      vertex -273.517 125.86 0
      vertex -273.66 126.03 0
      vertex -273.194 126.112 0
    endloop
  endfacet
  facet normal 0 0 -1
    outer loop
      vertex -273.36 125.54 0
      vertex -273.36 125.71 0
      vertex -273.261 125.631 0
    endloop
  endfacet
  facet normal 0 0 -1
    outer loop
      vertex -273.194 126.112 0
      vertex -273.083 126.199 0
      vertex -273.058 125.63 0
    endloop
  endfacet
  facet normal 0 0 -1
    outer loop
      vertex -272.801 125.39 0
      vertex -211.61 126.521 0
      vertex -211.619 125.38 0
    endloop
  endfacet
  facet normal 0 0 -1
    outer loop
      vertex -273.058 125.63 0
      vertex -273.083 126.199 0
      vertex -272.801 125.39 0
    endloop
  endfacet
  facet normal 0 0 -1
    outer loop
      vertex -208.977 124.256 0
      vertex -210.164 124.52 0
      vertex -210.524 125.311 0
    endloop
  endfacet
  facet normal 0 0 -1
    outer loop
      vertex -211.61 126.521 0
      vertex -209.78 160.308 0
      vertex -206.317 154.476 0
    endloop
  endfacet
  facet normal 0 0 -1
    outer loop
      vertex -272.98 126.747 0
      vertex -211.61 126.521 0
      vertex -272.923 126.559 0
    endloop
  endfacet
  facet normal -0 0 -1
    outer loop
      vertex -207.569 124.108 0
      vertex -208.229 123.827 0
      vertex -208.934 124.239 0
    endloop
  endfacet
  facet normal 0 0 -1
    outer loop
      vertex -210.743 126.443 0
      vertex -194.531 150.881 0
      vertex -194.467 150.831 0
    endloop
  endfacet
  facet normal 0 0 -1
    outer loop
      vertex -210.524 125.311 0
      vertex -210.641 126.317 0
      vertex -208.977 124.256 0
    endloop
  endfacet
  facet normal 0 0 -1
    outer loop
      vertex -208.934 124.239 0
      vertex -208.977 124.256 0
      vertex -207.506 124.12 0
    endloop
  endfacet
  facet normal 0 0 -1
    outer loop
      vertex -205.281 123.026 0
      vertex -205.419 123.411 0
      vertex -204.884 123.18 0
    endloop
  endfacet
  facet normal 0 0 -1
    outer loop
      vertex -207.506 124.12 0
      vertex -210.641 126.317 0
      vertex -206.656 124.1 0
    endloop
  endfacet
  facet normal 0 -0 -1
    outer loop
      vertex -184.483 103.841 0
      vertex -184.382 102.627 0
      vertex -184.622 103.446 0
    endloop
  endfacet
  facet normal 0 0 -1
    outer loop
      vertex -206.656 124.1 0
      vertex -210.641 126.317 0
      vertex -210.743 126.443 0
    endloop
  endfacet
  facet normal -0 0 -1
    outer loop
      vertex -189.757 147.131 0
      vertex -206.589 124.082 0
      vertex -194.467 150.831 0
    endloop
  endfacet
  facet normal 0 0 -1
    outer loop
      vertex -206.589 124.082 0
      vertex -210.743 126.443 0
      vertex -194.467 150.831 0
    endloop
  endfacet
  facet normal 0 0 -1
    outer loop
      vertex -205.489 123.492 0
      vertex -204.78 123.182 0
      vertex -204.884 123.18 0
    endloop
  endfacet
  facet normal 0 0 -1
    outer loop
      vertex -202.093 122.74 0
      vertex -204.78 123.182 0
      vertex -205.489 123.492 0
    endloop
  endfacet
  facet normal 0 0 -1
    outer loop
      vertex -204.884 123.18 0
      vertex -205.419 123.411 0
      vertex -205.489 123.492 0
    endloop
  endfacet
  facet normal 0 0 -1
    outer loop
      vertex -206.589 124.082 0
      vertex -202.093 122.74 0
      vertex -205.489 123.492 0
    endloop
  endfacet
  facet normal 0 0 -1
    outer loop
      vertex -206.589 124.082 0
      vertex -189.757 147.131 0
      vertex -202.093 122.74 0
    endloop
  endfacet
  facet normal 0 0 -1
    outer loop
      vertex -204.371 123.03 0
      vertex -204.41 123.052 0
      vertex -202.093 122.74 0
    endloop
  endfacet
  facet normal 0 0 -1
    outer loop
      vertex -203.346 122.269 0
      vertex -204.371 123.03 0
      vertex -202.093 122.74 0
    endloop
  endfacet
  facet normal 0 0 -1
    outer loop
      vertex -196.459 123.058 0
      vertex -198.821 122.05 0
      vertex -200.095 122.407 0
    endloop
  endfacet
  facet normal 0 0 -1
    outer loop
      vertex -196.459 123.058 0
      vertex -201.941 122.713 0
      vertex -202.093 122.74 0
    endloop
  endfacet
  facet normal 0 0 -1
    outer loop
      vertex -189.757 147.131 0
      vertex -196.323 123.049 0
      vertex -196.459 123.058 0
    endloop
  endfacet
  facet normal 0 0 -1
    outer loop
      vertex -196.459 123.058 0
      vertex -200.095 122.407 0
      vertex -200.204 122.45 0
    endloop
  endfacet
  facet normal 0 0 -1
    outer loop
      vertex -201.596 122.412 0
      vertex -201.941 122.713 0
      vertex -200.204 122.45 0
    endloop
  endfacet
  facet normal 0 0 -1
    outer loop
      vertex -188.464 118.326 0
      vertex -187.044 117.283 0
      vertex -188.263 117.509 0
    endloop
  endfacet
  facet normal 0 0 -1
    outer loop
      vertex -189.757 147.131 0
      vertex -196.459 123.058 0
      vertex -202.093 122.74 0
    endloop
  endfacet
  facet normal 0 0 -1
    outer loop
      vertex -199.72 122.041 0
      vertex -200.095 122.407 0
      vertex -198.821 122.05 0
    endloop
  endfacet
  facet normal -0 0 -1
    outer loop
      vertex -167.663 111.619 0
      vertex -174.93 108.1 0
      vertex -183.302 113.335 0
    endloop
  endfacet
  facet normal 0 0 -1
    outer loop
      vertex -167.663 111.619 0
      vertex -183.302 113.335 0
      vertex -183.368 113.436 0
    endloop
  endfacet
  facet normal 0 -0 -1
    outer loop
      vertex -189.757 147.131 0
      vertex -182.993 139.424 0
      vertex -196.323 123.049 0
    endloop
  endfacet
  facet normal -0 0 -1
    outer loop
      vertex -180.699 103.778 0
      vertex -183.243 102.21 0
      vertex -183.335 104.784 0
    endloop
  endfacet
  facet normal 0 0 -1
    outer loop
      vertex -196.323 123.049 0
      vertex -182.993 139.424 0
      vertex -181.986 136.526 0
    endloop
  endfacet
  facet normal 0 0 -1
    outer loop
      vertex -176.005 107.595 0
      vertex -182.382 107.805 0
      vertex -183.302 113.335 0
    endloop
  endfacet
  facet normal -0 0 -1
    outer loop
      vertex -179.754 132.496 0
      vertex -196.323 123.049 0
      vertex -181.986 136.526 0
    endloop
  endfacet
  facet normal 0 0 -1
    outer loop
      vertex -179.754 132.496 0
      vertex -188.533 118.419 0
      vertex -196.323 123.049 0
    endloop
  endfacet
  facet normal 0 0 -1
    outer loop
      vertex -167.663 111.619 0
      vertex -183.368 113.436 0
      vertex -176.214 131.245 0
    endloop
  endfacet
  facet normal 0 -0 -1
    outer loop
      vertex -179.754 132.496 0
      vertex -176.45 131.25 0
      vertex -186.855 117.177 0
    endloop
  endfacet
  facet normal 0 0 -1
    outer loop
      vertex -186.507 115.825 0
      vertex -186.855 117.177 0
      vertex -185.828 115.909 0
    endloop
  endfacet
  facet normal 0 0 -1
    outer loop
      vertex -176.45 131.25 0
      vertex -185.694 115.855 0
      vertex -186.855 117.177 0
    endloop
  endfacet
  facet normal 0 0 -1
    outer loop
      vertex -174.995 108.085 0
      vertex -183.302 113.335 0
      vertex -174.93 108.1 0
    endloop
  endfacet
  facet normal 0 0 -1
    outer loop
      vertex -176.45 131.25 0
      vertex -185.374 115.465 0
      vertex -185.694 115.855 0
    endloop
  endfacet
  facet normal 0 -0 -1
    outer loop
      vertex -176.45 131.25 0
      vertex -176.214 131.245 0
      vertex -183.368 113.436 0
    endloop
  endfacet
  facet normal 0 0 -1
    outer loop
      vertex -176.45 131.25 0
      vertex -183.368 113.436 0
      vertex -185.374 115.465 0
    endloop
  endfacet
  facet normal 0 0 -1
    outer loop
      vertex -185.355 115.305 0
      vertex -185.374 115.465 0
      vertex -183.368 113.436 0
    endloop
  endfacet
  facet normal 0 0 -1
    outer loop
      vertex -182.387 107.735 0
      vertex -176.082 107.412 0
      vertex -178.379 104.263 0
    endloop
  endfacet
  facet normal 0 0 -1
    outer loop
      vertex -180.65 103.797 0
      vertex -182.387 107.735 0
      vertex -178.379 104.263 0
    endloop
  endfacet
  facet normal 0 -0 -1
    outer loop
      vertex -185.355 115.305 0
      vertex -183.368 113.436 0
      vertex -185.568 114.864 0
    endloop
  endfacet
  facet normal 0 0 -1
    outer loop
      vertex -180.699 103.778 0
      vertex -183.335 104.784 0
      vertex -183.287 104.855 0
    endloop
  endfacet
  facet normal -0 0 -1
    outer loop
      vertex -176.005 107.595 0
      vertex -176.082 107.412 0
      vertex -182.382 107.805 0
    endloop
  endfacet
  facet normal 0 0 -1
    outer loop
      vertex -180.65 103.797 0
      vertex -183.287 104.855 0
      vertex -182.387 107.735 0
    endloop
  endfacet
  facet normal -0 0 -1
    outer loop
      vertex -180.65 103.797 0
      vertex -180.699 103.778 0
      vertex -183.287 104.855 0
    endloop
  endfacet
  facet normal 0 -0 -1
    outer loop
      vertex -183.335 104.784 0
      vertex -183.243 102.21 0
      vertex -184.483 103.841 0
    endloop
  endfacet
  facet normal 0 0 -1
    outer loop
      vertex -183.717 102.21 0
      vertex -184.382 102.627 0
      vertex -184.483 103.841 0
    endloop
  endfacet
  facet normal 0 0 -1
    outer loop
      vertex -183.243 102.21 0
      vertex -183.717 102.21 0
      vertex -184.483 103.841 0
    endloop
  endfacet
  facet normal -0 0 -1
    outer loop
      vertex -286.671 220.222 0
      vertex -286.76 220.135 0
      vertex -286.668 220.243 0
    endloop
  endfacet
  facet normal 0 0 -1
    outer loop
      vertex -275.455 127.392 0
      vertex -275.452 127.408 0
      vertex -275.426 127.374 0
    endloop
  endfacet
  facet normal 0 0 1
    outer loop
      vertex -183.302 113.335 10
      vertex -176.005 107.595 10
      vertex -174.995 108.085 10
    endloop
  endfacet
  facet normal 0 0 1
    outer loop
      vertex -171.774 165.725 10
      vertex -157.068 167.552 10
      vertex -157.148 167.742 10
    endloop
  endfacet
  facet normal 0 0 1
    outer loop
      vertex -176.082 107.412 10
      vertex -175.734 105.561 10
      vertex -175.539 105.792 10
    endloop
  endfacet
  facet normal 0 0 1
    outer loop
      vertex -178.379 104.263 10
      vertex -175.734 105.561 10
      vertex -176.082 107.412 10
    endloop
  endfacet
  facet normal -0 0 1
    outer loop
      vertex -182.387 107.735 10
      vertex -176.082 107.412 10
      vertex -182.382 107.805 10
    endloop
  endfacet
  facet normal 0 0 1
    outer loop
      vertex -165.201 113.763 10
      vertex -167.634 111.64 10
      vertex -164.556 113.388 10
    endloop
  endfacet
  facet normal 0 0 1
    outer loop
      vertex -175.465 143.264 10
      vertex -175.762 143.688 10
      vertex -175.874 143.544 10
    endloop
  endfacet
  facet normal 0 0 1
    outer loop
      vertex -174.93 108.1 10
      vertex -170.049 109.357 10
      vertex -170.023 109.389 10
    endloop
  endfacet
  facet normal 0 0 1
    outer loop
      vertex -165.201 113.763 10
      vertex -164.556 113.388 10
      vertex -164.574 113.485 10
    endloop
  endfacet
  facet normal 0 -0 1
    outer loop
      vertex -170.795 108.11 10
      vertex -170.049 109.357 10
      vertex -174.93 108.1 10
    endloop
  endfacet
  facet normal 0 -0 1
    outer loop
      vertex -159.81 117.727 10
      vertex -157.97 123.435 10
      vertex -162.26 116.187 10
    endloop
  endfacet
  facet normal 0 0 1
    outer loop
      vertex -174.93 108.1 10
      vertex -170.023 109.389 10
      vertex -167.663 111.619 10
    endloop
  endfacet
  facet normal 0 -0 1
    outer loop
      vertex -174.809 138.944 10
      vertex -172.713 147.996 10
      vertex -175.307 142.415 10
    endloop
  endfacet
  facet normal 0 0 1
    outer loop
      vertex -165.289 113.915 10
      vertex -167.634 111.64 10
      vertex -165.201 113.763 10
    endloop
  endfacet
  facet normal 0 -0 1
    outer loop
      vertex -127.748 133.978 10
      vertex -127.516 141.046 10
      vertex -130.034 133.369 10
    endloop
  endfacet
  facet normal 0 -0 1
    outer loop
      vertex -162.26 116.187 10
      vertex -157.97 123.435 10
      vertex -176.214 131.245 10
    endloop
  endfacet
  facet normal 0 -0 1
    outer loop
      vertex -163.901 114.58 10
      vertex -162.301 116.149 10
      vertex -165.116 114.048 10
    endloop
  endfacet
  facet normal -0 -0 1
    outer loop
      vertex -175.188 139.613 10
      vertex -174.809 138.944 10
      vertex -175.307 142.415 10
    endloop
  endfacet
  facet normal 0 0 1
    outer loop
      vertex -163.901 114.58 10
      vertex -163.826 114.618 10
      vertex -162.301 116.149 10
    endloop
  endfacet
  facet normal -0 0 1
    outer loop
      vertex -175.397 142.354 10
      vertex -175.627 141.839 10
      vertex -175.307 142.415 10
    endloop
  endfacet
  facet normal 0 -0 1
    outer loop
      vertex -151.777 126.075 10
      vertex -148.851 128.779 10
      vertex -174.194 136.752 10
    endloop
  endfacet
  facet normal 0 -0 1
    outer loop
      vertex -164.578 113.96 10
      vertex -163.901 114.58 10
      vertex -165.116 114.048 10
    endloop
  endfacet
  facet normal 0 -0 1
    outer loop
      vertex -157.229 119.183 10
      vertex -155.671 121.127 10
      vertex -157.871 123.289 10
    endloop
  endfacet
  facet normal 0 0 1
    outer loop
      vertex -155.24 122.185 10
      vertex -155.566 122.458 10
      vertex -155.671 121.127 10
    endloop
  endfacet
  facet normal 0 -0 1
    outer loop
      vertex -163.365 114.697 10
      vertex -162.301 116.149 10
      vertex -163.826 114.618 10
    endloop
  endfacet
  facet normal 0 -0 1
    outer loop
      vertex -158.443 118.096 10
      vertex -157.871 123.289 10
      vertex -159.768 117.745 10
    endloop
  endfacet
  facet normal 0 -0 1
    outer loop
      vertex -159.768 117.745 10
      vertex -157.97 123.435 10
      vertex -159.81 117.727 10
    endloop
  endfacet
  facet normal 0 0 1
    outer loop
      vertex -133.097 146.32 10
      vertex -132.661 147.571 10
      vertex -132.781 147.67 10
    endloop
  endfacet
  facet normal 0 0 1
    outer loop
      vertex -158.443 118.096 10
      vertex -157.229 119.183 10
      vertex -157.871 123.289 10
    endloop
  endfacet
  facet normal 0 -0 1
    outer loop
      vertex -124.355 139.439 10
      vertex -124.157 140.172 10
      vertex -124.497 141.062 10
    endloop
  endfacet
  facet normal 0 0 1
    outer loop
      vertex -155.566 122.458 10
      vertex -157.871 123.289 10
      vertex -155.671 121.127 10
    endloop
  endfacet
  facet normal 0 0 1
    outer loop
      vertex -157.871 123.289 10
      vertex -157.97 123.435 10
      vertex -159.768 117.745 10
    endloop
  endfacet
  facet normal 0 0 1
    outer loop
      vertex -153.265 124.803 10
      vertex -151.824 125.798 10
      vertex -151.853 125.831 10
    endloop
  endfacet
  facet normal 0 -0 1
    outer loop
      vertex -174.79 138.86 10
      vertex -172.713 147.996 10
      vertex -174.809 138.944 10
    endloop
  endfacet
  facet normal 0 0 1
    outer loop
      vertex -171.328 159.201 10
      vertex -171.774 165.725 10
      vertex -171.363 159.244 10
    endloop
  endfacet
  facet normal 0 0 1
    outer loop
      vertex -136.59 150.725 10
      vertex -136.7 150.863 10
      vertex -134.785 147.077 10
    endloop
  endfacet
  facet normal 0 -0 1
    outer loop
      vertex -145.06 129.939 10
      vertex -136.7 150.863 10
      vertex -147.79 129.569 10
    endloop
  endfacet
  facet normal 0 -0 1
    outer loop
      vertex -153.298 124.772 10
      vertex -153.265 124.803 10
      vertex -157.779 123.574 10
    endloop
  endfacet
  facet normal 0 -0 1
    outer loop
      vertex -154.886 122.742 10
      vertex -153.298 124.772 10
      vertex -157.779 123.574 10
    endloop
  endfacet
  facet normal 0 -0 1
    outer loop
      vertex -151.869 126.007 10
      vertex -151.777 126.075 10
      vertex -157.779 123.574 10
    endloop
  endfacet
  facet normal 0 0 1
    outer loop
      vertex -153.265 124.803 10
      vertex -151.853 125.831 10
      vertex -151.869 126.007 10
    endloop
  endfacet
  facet normal 0 0 1
    outer loop
      vertex -151.777 126.075 10
      vertex -148.898 128.72 10
      vertex -148.851 128.779 10
    endloop
  endfacet
  facet normal 0 -0 1
    outer loop
      vertex -153.265 124.803 10
      vertex -151.869 126.007 10
      vertex -157.779 123.574 10
    endloop
  endfacet
  facet normal 0 0 1
    outer loop
      vertex -136.59 150.725 10
      vertex -134.83 147.275 10
      vertex -135.877 150.28 10
    endloop
  endfacet
  facet normal 0 -0 1
    outer loop
      vertex -149.828 126.577 10
      vertex -148.898 128.72 10
      vertex -151.777 126.075 10
    endloop
  endfacet
  facet normal 0 0 1
    outer loop
      vertex -134.153 140.255 10
      vertex -139.35 129.879 10
      vertex -137.58 129.639 10
    endloop
  endfacet
  facet normal 0 0 1
    outer loop
      vertex -172.713 147.996 10
      vertex -174.79 138.86 10
      vertex -174.194 136.752 10
    endloop
  endfacet
  facet normal 0 0 1
    outer loop
      vertex -127.923 141.788 10
      vertex -130.269 142.914 10
      vertex -127.946 141.576 10
    endloop
  endfacet
  facet normal 0 0 1
    outer loop
      vertex -125.319 137.713 10
      vertex -127.684 133.99 10
      vertex -126.66 133.952 10
    endloop
  endfacet
  facet normal 0 -0 1
    outer loop
      vertex -142.611 129.771 10
      vertex -141.931 129.917 10
      vertex -145.03 129.94 10
    endloop
  endfacet
  facet normal 0 0 1
    outer loop
      vertex -127.298 141.03 10
      vertex -124.497 141.062 10
      vertex -126.242 142.008 10
    endloop
  endfacet
  facet normal 0 0 1
    outer loop
      vertex -131.767 141.654 10
      vertex -130.034 133.369 10
      vertex -127.516 141.046 10
    endloop
  endfacet
  facet normal 0 0 1
    outer loop
      vertex -127.516 141.046 10
      vertex -127.748 133.978 10
      vertex -125.319 137.713 10
    endloop
  endfacet
  facet normal 0 -0 1
    outer loop
      vertex -140.53 129.672 10
      vertex -139.397 129.878 10
      vertex -141.873 129.918 10
    endloop
  endfacet
  facet normal 0 -0 1
    outer loop
      vertex -131.589 131.503 10
      vertex -130.137 133.314 10
      vertex -134.153 140.255 10
    endloop
  endfacet
  facet normal 0 -0 1
    outer loop
      vertex -137.492 129.594 10
      vertex -135.166 129.696 10
      vertex -137.58 129.639 10
    endloop
  endfacet
  facet normal 0 0 1
    outer loop
      vertex -135.132 129.7 10
      vertex -133.568 129.719 10
      vertex -131.589 131.503 10
    endloop
  endfacet
  facet normal 0 0 1
    outer loop
      vertex -126.66 133.952 10
      vertex -124.587 135.597 10
      vertex -125.2 137.583 10
    endloop
  endfacet
  facet normal 0 -0 1
    outer loop
      vertex -137.122 129.207 10
      vertex -135.166 129.696 10
      vertex -137.492 129.594 10
    endloop
  endfacet
  facet normal -0 0 1
    outer loop
      vertex -133.977 140.263 10
      vertex -130.034 133.369 10
      vertex -132.871 141.141 10
    endloop
  endfacet
  facet normal 0 0 1
    outer loop
      vertex -130.034 133.369 10
      vertex -131.767 141.654 10
      vertex -132.871 141.141 10
    endloop
  endfacet
  facet normal 0 0 1
    outer loop
      vertex -124.575 137.073 10
      vertex -124.587 135.597 10
      vertex -123.922 136.428 10
    endloop
  endfacet
  facet normal 0 0 1
    outer loop
      vertex -127.748 133.978 10
      vertex -127.684 133.99 10
      vertex -125.319 137.713 10
    endloop
  endfacet
  facet normal 0 0 1
    outer loop
      vertex -125.319 137.713 10
      vertex -126.66 133.952 10
      vertex -125.2 137.583 10
    endloop
  endfacet
  facet normal 0 0 1
    outer loop
      vertex -125.2 137.583 10
      vertex -124.575 137.073 10
      vertex -124.604 137.247 10
    endloop
  endfacet
  facet normal 0 -0 1
    outer loop
      vertex -128.977 133.467 10
      vertex -127.748 133.978 10
      vertex -130.034 133.369 10
    endloop
  endfacet
  facet normal 0 0 1
    outer loop
      vertex -124.497 141.062 10
      vertex -127.298 141.03 10
      vertex -124.355 139.439 10
    endloop
  endfacet
  facet normal 0 0 1
    outer loop
      vertex -125.2 137.583 10
      vertex -124.587 135.597 10
      vertex -124.575 137.073 10
    endloop
  endfacet
  facet normal 0 0 1
    outer loop
      vertex -127.298 141.03 10
      vertex -127.516 141.046 10
      vertex -125.319 137.713 10
    endloop
  endfacet
  facet normal 0 -0 1
    outer loop
      vertex -124.358 139.377 10
      vertex -124.355 139.439 10
      vertex -127.298 141.03 10
    endloop
  endfacet
  facet normal 0 0 1
    outer loop
      vertex -127.946 141.576 10
      vertex -131.733 141.675 10
      vertex -127.516 141.046 10
    endloop
  endfacet
  facet normal 0 0 1
    outer loop
      vertex -125.658 142.092 10
      vertex -126.242 142.008 10
      vertex -124.497 141.062 10
    endloop
  endfacet
  facet normal 0 -0 1
    outer loop
      vertex -124.604 137.247 10
      vertex -124.439 137.327 10
      vertex -125.2 137.583 10
    endloop
  endfacet
  facet normal 0 -0 1
    outer loop
      vertex -124.071 137.249 10
      vertex -124.053 137.352 10
      vertex -124.439 137.327 10
    endloop
  endfacet
  facet normal 0 0 1
    outer loop
      vertex -124.053 137.352 10
      vertex -125.2 137.583 10
      vertex -124.439 137.327 10
    endloop
  endfacet
  facet normal 0 0 1
    outer loop
      vertex -131.006 143.389 10
      vertex -130.944 143.409 10
      vertex -130.662 146.196 10
    endloop
  endfacet
  facet normal 0 0 1
    outer loop
      vertex -127.298 141.03 10
      vertex -125.214 137.873 10
      vertex -124.358 139.377 10
    endloop
  endfacet
  facet normal 0 -0 1
    outer loop
      vertex -125.319 137.713 10
      vertex -125.214 137.873 10
      vertex -127.298 141.03 10
    endloop
  endfacet
  facet normal 0 0 1
    outer loop
      vertex -124.178 138.195 10
      vertex -124.358 139.377 10
      vertex -125.214 137.873 10
    endloop
  endfacet
  facet normal 0 0 1
    outer loop
      vertex -127.516 141.046 10
      vertex -131.733 141.675 10
      vertex -131.767 141.654 10
    endloop
  endfacet
  facet normal 0 0 1
    outer loop
      vertex -133.977 140.263 10
      vertex -130.137 133.314 10
      vertex -130.034 133.369 10
    endloop
  endfacet
  facet normal -0 -0 1
    outer loop
      vertex -128.734 143.629 10
      vertex -127.691 143.607 10
      vertex -129.435 143.739 10
    endloop
  endfacet
  facet normal -0 0 1
    outer loop
      vertex -134.153 140.255 10
      vertex -130.137 133.314 10
      vertex -133.977 140.263 10
    endloop
  endfacet
  facet normal 0 0 1
    outer loop
      vertex -135.132 129.7 10
      vertex -131.589 131.503 10
      vertex -134.153 140.255 10
    endloop
  endfacet
  facet normal -0 0 1
    outer loop
      vertex -131.733 141.675 10
      vertex -127.946 141.576 10
      vertex -130.269 142.914 10
    endloop
  endfacet
  facet normal 0 0 1
    outer loop
      vertex -129.435 143.739 10
      vertex -129.436 143.704 10
      vertex -128.734 143.629 10
    endloop
  endfacet
  facet normal 0 0 1
    outer loop
      vertex -127.691 143.607 10
      vertex -128.711 143.335 10
      vertex -127.154 142.396 10
    endloop
  endfacet
  facet normal 0 -0 1
    outer loop
      vertex -139.397 129.878 10
      vertex -134.153 140.255 10
      vertex -141.873 129.918 10
    endloop
  endfacet
  facet normal 0 0 1
    outer loop
      vertex -134.153 140.255 10
      vertex -134.217 140.408 10
      vertex -141.873 129.918 10
    endloop
  endfacet
  facet normal 0 0 1
    outer loop
      vertex -129.249 144.619 10
      vertex -128.298 144.741 10
      vertex -128.571 145.748 10
    endloop
  endfacet
  facet normal 0 0 1
    outer loop
      vertex -127.923 141.788 10
      vertex -128.711 143.335 10
      vertex -130.269 142.914 10
    endloop
  endfacet
  facet normal 0 -0 1
    outer loop
      vertex -128.603 143.511 10
      vertex -127.691 143.607 10
      vertex -128.734 143.629 10
    endloop
  endfacet
  facet normal 0 0 1
    outer loop
      vertex -128.711 143.335 10
      vertex -127.691 143.607 10
      vertex -128.603 143.511 10
    endloop
  endfacet
  facet normal 0 -0 1
    outer loop
      vertex -127.923 141.788 10
      vertex -127.154 142.396 10
      vertex -128.711 143.335 10
    endloop
  endfacet
  facet normal 0 0 1
    outer loop
      vertex -134.153 140.255 10
      vertex -137.58 129.639 10
      vertex -135.166 129.696 10
    endloop
  endfacet
  facet normal 0 -0 1
    outer loop
      vertex -135.132 129.7 10
      vertex -134.153 140.255 10
      vertex -135.166 129.696 10
    endloop
  endfacet
  facet normal 0 0 1
    outer loop
      vertex -139.397 129.878 10
      vertex -139.35 129.879 10
      vertex -134.153 140.255 10
    endloop
  endfacet
  facet normal 0 -0 1
    outer loop
      vertex -134.217 140.408 10
      vertex -134.127 140.878 10
      vertex -134.314 141.721 10
    endloop
  endfacet
  facet normal 0 0 1
    outer loop
      vertex -134.345 141.895 10
      vertex -134.217 140.408 10
      vertex -134.314 141.721 10
    endloop
  endfacet
  facet normal 0 0 1
    outer loop
      vertex -134.217 140.408 10
      vertex -145.03 129.94 10
      vertex -141.931 129.917 10
    endloop
  endfacet
  facet normal 0 -0 1
    outer loop
      vertex -141.873 129.918 10
      vertex -134.217 140.408 10
      vertex -141.931 129.917 10
    endloop
  endfacet
  facet normal 0 0 1
    outer loop
      vertex -145.03 129.94 10
      vertex -134.217 140.408 10
      vertex -134.345 141.895 10
    endloop
  endfacet
  facet normal 0 0 1
    outer loop
      vertex -134.078 140.964 10
      vertex -134.314 141.721 10
      vertex -134.127 140.878 10
    endloop
  endfacet
  facet normal 0 0 1
    outer loop
      vertex -132.94 142.66 10
      vertex -133.027 146.101 10
      vertex -133.028 142.631 10
    endloop
  endfacet
  facet normal 0 -0 1
    outer loop
      vertex -145.03 129.94 10
      vertex -134.345 141.895 10
      vertex -145.06 129.939 10
    endloop
  endfacet
  facet normal 0 0 1
    outer loop
      vertex -134.314 141.721 10
      vertex -134.078 140.964 10
      vertex -133.784 141.216 10
    endloop
  endfacet
  facet normal 0 0 1
    outer loop
      vertex -134.609 147.081 10
      vertex -134.785 147.077 10
      vertex -133.027 146.101 10
    endloop
  endfacet
  facet normal 0 0 1
    outer loop
      vertex -133.027 146.101 10
      vertex -133.548 142.251 10
      vertex -133.028 142.631 10
    endloop
  endfacet
  facet normal 0 0 1
    outer loop
      vertex -130.759 146.284 10
      vertex -132.856 146.143 10
      vertex -130.662 146.196 10
    endloop
  endfacet
  facet normal 0 -0 1
    outer loop
      vertex -133.6 142.185 10
      vertex -133.548 142.251 10
      vertex -134.156 141.97 10
    endloop
  endfacet
  facet normal 0 -0 1
    outer loop
      vertex -133.745 141.813 10
      vertex -133.6 142.185 10
      vertex -134.156 141.97 10
    endloop
  endfacet
  facet normal 0 0 1
    outer loop
      vertex -129.812 145.946 10
      vertex -129.95 144.12 10
      vertex -129.32 144.59 10
    endloop
  endfacet
  facet normal -0 0 1
    outer loop
      vertex -129.812 145.946 10
      vertex -129.32 144.59 10
      vertex -129.678 145.972 10
    endloop
  endfacet
  facet normal 0 0 1
    outer loop
      vertex -132.251 142.66 10
      vertex -132.856 146.143 10
      vertex -133.027 146.101 10
    endloop
  endfacet
  facet normal 0 0 1
    outer loop
      vertex -129.263 146.294 10
      vertex -129.678 145.972 10
      vertex -128.633 145.811 10
    endloop
  endfacet
  facet normal 0 -0 1
    outer loop
      vertex -132.251 142.66 10
      vertex -131.006 143.389 10
      vertex -132.856 146.143 10
    endloop
  endfacet
  facet normal 0 0 1
    outer loop
      vertex -129.812 145.946 10
      vertex -130.662 146.196 10
      vertex -129.95 144.12 10
    endloop
  endfacet
  facet normal 0 -0 1
    outer loop
      vertex -129.32 144.59 10
      vertex -129.249 144.619 10
      vertex -129.678 145.972 10
    endloop
  endfacet
  facet normal 0 -0 1
    outer loop
      vertex -130.386 143.462 10
      vertex -129.986 144.081 10
      vertex -130.944 143.409 10
    endloop
  endfacet
  facet normal -0 0 1
    outer loop
      vertex -129.263 146.294 10
      vertex -128.633 145.811 10
      vertex -128.898 146.323 10
    endloop
  endfacet
  facet normal 0 0 1
    outer loop
      vertex -129.678 145.972 10
      vertex -129.249 144.619 10
      vertex -128.633 145.811 10
    endloop
  endfacet
  facet normal 0 0 1
    outer loop
      vertex -136.7 150.863 10
      vertex -137.894 152.583 10
      vertex -147.79 129.569 10
    endloop
  endfacet
  facet normal 0 -0 1
    outer loop
      vertex -128.298 144.741 10
      vertex -127.803 145.335 10
      vertex -128.571 145.748 10
    endloop
  endfacet
  facet normal 0 0 1
    outer loop
      vertex -129.249 144.619 10
      vertex -128.571 145.748 10
      vertex -128.633 145.811 10
    endloop
  endfacet
  facet normal 0 0 1
    outer loop
      vertex -130.662 146.196 10
      vertex -129.986 144.081 10
      vertex -129.95 144.12 10
    endloop
  endfacet
  facet normal 0 0 1
    outer loop
      vertex -130.944 143.409 10
      vertex -129.986 144.081 10
      vertex -130.662 146.196 10
    endloop
  endfacet
  facet normal -0 0 1
    outer loop
      vertex -132.856 146.143 10
      vertex -131.006 143.389 10
      vertex -130.662 146.196 10
    endloop
  endfacet
  facet normal 0 0 1
    outer loop
      vertex -140.7 159.02 10
      vertex -139.029 156.905 10
      vertex -140.531 158.968 10
    endloop
  endfacet
  facet normal 0 0 1
    outer loop
      vertex -131.642 147.565 10
      vertex -130.759 146.284 10
      vertex -131.214 147.42 10
    endloop
  endfacet
  facet normal 0 0 1
    outer loop
      vertex -132.856 146.143 10
      vertex -130.759 146.284 10
      vertex -131.642 147.565 10
    endloop
  endfacet
  facet normal 0 0 1
    outer loop
      vertex -133.027 146.101 10
      vertex -132.94 142.66 10
      vertex -132.251 142.66 10
    endloop
  endfacet
  facet normal 0 0 1
    outer loop
      vertex -134.609 147.081 10
      vertex -133.027 146.101 10
      vertex -133.097 146.32 10
    endloop
  endfacet
  facet normal 0 0 1
    outer loop
      vertex -133.741 147.744 10
      vertex -133.097 146.32 10
      vertex -132.781 147.67 10
    endloop
  endfacet
  facet normal 0 0 1
    outer loop
      vertex -132.331 147.524 10
      vertex -132.661 147.571 10
      vertex -133.097 146.32 10
    endloop
  endfacet
  facet normal 0 0 1
    outer loop
      vertex -134.156 141.97 10
      vertex -133.548 142.251 10
      vertex -133.027 146.101 10
    endloop
  endfacet
  facet normal 0 0 1
    outer loop
      vertex -132.894 147.987 10
      vertex -133.741 147.744 10
      vertex -132.781 147.67 10
    endloop
  endfacet
  facet normal 0 0 1
    outer loop
      vertex -133.741 147.744 10
      vertex -134.609 147.081 10
      vertex -133.097 146.32 10
    endloop
  endfacet
  facet normal 0 0 1
    outer loop
      vertex -133.027 146.101 10
      vertex -134.785 147.077 10
      vertex -134.156 141.97 10
    endloop
  endfacet
  facet normal 0 0 1
    outer loop
      vertex -134.785 147.077 10
      vertex -134.345 141.895 10
      vertex -134.156 141.97 10
    endloop
  endfacet
  facet normal 0 0 1
    outer loop
      vertex -134.785 147.077 10
      vertex -136.7 150.863 10
      vertex -134.345 141.895 10
    endloop
  endfacet
  facet normal 0 0 1
    outer loop
      vertex -134.715 149.735 10
      vertex -135.697 150.22 10
      vertex -134.83 147.275 10
    endloop
  endfacet
  facet normal 0 0 1
    outer loop
      vertex -134.384 149.541 10
      vertex -134.452 149.722 10
      vertex -134.615 149.654 10
    endloop
  endfacet
  facet normal 0 0 1
    outer loop
      vertex -134.384 149.541 10
      vertex -134.615 149.654 10
      vertex -134.361 149.412 10
    endloop
  endfacet
  facet normal 0 0 1
    outer loop
      vertex -133.938 148.83 10
      vertex -134.361 149.412 10
      vertex -134.83 147.275 10
    endloop
  endfacet
  facet normal 0 0 1
    outer loop
      vertex -134.321 149.936 10
      vertex -134.452 149.722 10
      vertex -134.276 149.924 10
    endloop
  endfacet
  facet normal -0 0 1
    outer loop
      vertex -134.452 149.722 10
      vertex -134.384 149.541 10
      vertex -134.276 149.924 10
    endloop
  endfacet
  facet normal 0 0 1
    outer loop
      vertex -134.715 149.735 10
      vertex -134.83 147.275 10
      vertex -134.615 149.654 10
    endloop
  endfacet
  facet normal 0 0 1
    outer loop
      vertex -135.065 150.461 10
      vertex -135.697 150.22 10
      vertex -134.715 149.735 10
    endloop
  endfacet
  facet normal 0 0 1
    outer loop
      vertex -135.697 150.22 10
      vertex -135.877 150.28 10
      vertex -134.83 147.275 10
    endloop
  endfacet
  facet normal 0 0 1
    outer loop
      vertex -135.877 150.28 10
      vertex -136.066 150.581 10
      vertex -136.59 150.725 10
    endloop
  endfacet
  facet normal 0 0 1
    outer loop
      vertex -134.615 149.654 10
      vertex -134.83 147.275 10
      vertex -134.361 149.412 10
    endloop
  endfacet
  facet normal 0 0 1
    outer loop
      vertex -134.83 147.275 10
      vertex -136.59 150.725 10
      vertex -134.785 147.077 10
    endloop
  endfacet
  facet normal 0 0 1
    outer loop
      vertex -134.345 141.895 10
      vertex -136.7 150.863 10
      vertex -145.06 129.939 10
    endloop
  endfacet
  facet normal 0 0 1
    outer loop
      vertex -136.7 150.863 10
      vertex -137.152 151.66 10
      vertex -137.29 151.817 10
    endloop
  endfacet
  facet normal 0 0 1
    outer loop
      vertex -136.7 150.863 10
      vertex -137.29 151.817 10
      vertex -137.894 152.583 10
    endloop
  endfacet
  facet normal 0 0 1
    outer loop
      vertex -146.354 161.506 10
      vertex -145.269 163.413 10
      vertex -146.302 162.495 10
    endloop
  endfacet
  facet normal 0 0 1
    outer loop
      vertex -137.29 151.817 10
      vertex -137.682 152.433 10
      vertex -137.744 152.463 10
    endloop
  endfacet
  facet normal 0 -0 1
    outer loop
      vertex -136.7 150.863 10
      vertex -136.628 150.998 10
      vertex -137.152 151.66 10
    endloop
  endfacet
  facet normal 0 -0 1
    outer loop
      vertex -136.628 150.998 10
      vertex -136.493 151.609 10
      vertex -137.152 151.66 10
    endloop
  endfacet
  facet normal 0 0 1
    outer loop
      vertex -137.29 151.817 10
      vertex -137.744 152.463 10
      vertex -137.894 152.583 10
    endloop
  endfacet
  facet normal 0 0 1
    outer loop
      vertex -137.682 152.433 10
      vertex -137.29 151.817 10
      vertex -137.28 152.047 10
    endloop
  endfacet
  facet normal 0 0 1
    outer loop
      vertex -136.39 151.143 10
      vertex -136.493 151.609 10
      vertex -136.628 150.998 10
    endloop
  endfacet
  facet normal 0 0 1
    outer loop
      vertex -150.392 158.86 10
      vertex -138.962 153.975 10
      vertex -139.025 154.14 10
    endloop
  endfacet
  facet normal 0 0 1
    outer loop
      vertex -137.94 152.753 10
      vertex -138.962 153.975 10
      vertex -137.894 152.583 10
    endloop
  endfacet
  facet normal 0 0 1
    outer loop
      vertex -148.191 160.993 10
      vertex -150.255 158.971 10
      vertex -146.664 160.72 10
    endloop
  endfacet
  facet normal 0 -0 1
    outer loop
      vertex -137.28 152.047 10
      vertex -137.193 152.176 10
      vertex -137.682 152.433 10
    endloop
  endfacet
  facet normal -0 0 1
    outer loop
      vertex -138.482 154.374 10
      vertex -138.316 154.315 10
      vertex -137.779 155.788 10
    endloop
  endfacet
  facet normal 0 0 1
    outer loop
      vertex -136.97 152.279 10
      vertex -137.682 152.433 10
      vertex -137.193 152.176 10
    endloop
  endfacet
  facet normal 0 0 1
    outer loop
      vertex -137.864 152.835 10
      vertex -138.962 153.975 10
      vertex -137.94 152.753 10
    endloop
  endfacet
  facet normal 0 0 1
    outer loop
      vertex -139.029 156.905 10
      vertex -140.7 159.02 10
      vertex -139.025 154.14 10
    endloop
  endfacet
  facet normal -0 0 1
    outer loop
      vertex -145.648 164.17 10
      vertex -145.239 163.697 10
      vertex -145.285 164.54 10
    endloop
  endfacet
  facet normal 0 -0 1
    outer loop
      vertex -139.025 154.14 10
      vertex -138.912 156.773 10
      vertex -139.029 156.905 10
    endloop
  endfacet
  facet normal 0 0 1
    outer loop
      vertex -138.912 156.773 10
      vertex -138.922 154.244 10
      vertex -138.482 154.374 10
    endloop
  endfacet
  facet normal 0 0 1
    outer loop
      vertex -137.495 153.011 10
      vertex -138.962 153.975 10
      vertex -137.864 152.835 10
    endloop
  endfacet
  facet normal 0 0 1
    outer loop
      vertex -138.912 156.773 10
      vertex -138.482 154.374 10
      vertex -137.86 156.005 10
    endloop
  endfacet
  facet normal 0 -0 1
    outer loop
      vertex -139.029 156.905 10
      vertex -138.871 157.07 10
      vertex -140.531 158.968 10
    endloop
  endfacet
  facet normal 0 0 1
    outer loop
      vertex -138.309 154.157 10
      vertex -138.376 154.036 10
      vertex -137.888 153.839 10
    endloop
  endfacet
  facet normal 0 0 1
    outer loop
      vertex -137.034 155.53 10
      vertex -137.888 153.839 10
      vertex -136.454 154.905 10
    endloop
  endfacet
  facet normal 0 0 1
    outer loop
      vertex -138.593 158.861 10
      vertex -138.871 157.07 10
      vertex -138.506 158.787 10
    endloop
  endfacet
  facet normal -0 -0 1
    outer loop
      vertex -138.309 154.157 10
      vertex -137.888 153.839 10
      vertex -138.316 154.315 10
    endloop
  endfacet
  facet normal -0 0 1
    outer loop
      vertex -137.888 153.839 10
      vertex -136.521 153.777 10
      vertex -136.454 154.905 10
    endloop
  endfacet
  facet normal -0 0 1
    outer loop
      vertex -138.316 154.315 10
      vertex -137.888 153.839 10
      vertex -137.034 155.53 10
    endloop
  endfacet
  facet normal 0 0 1
    outer loop
      vertex -138.316 154.315 10
      vertex -137.034 155.53 10
      vertex -137.779 155.788 10
    endloop
  endfacet
  facet normal 0 0 1
    outer loop
      vertex -138.482 154.374 10
      vertex -137.779 155.788 10
      vertex -137.86 156.005 10
    endloop
  endfacet
  facet normal 0 0 1
    outer loop
      vertex -137.686 156.505 10
      vertex -137.86 156.005 10
      vertex -137.62 156.419 10
    endloop
  endfacet
  facet normal 0 0 1
    outer loop
      vertex -138.912 156.773 10
      vertex -137.86 156.005 10
      vertex -137.686 156.505 10
    endloop
  endfacet
  facet normal 0 0 1
    outer loop
      vertex -139.025 154.14 10
      vertex -138.922 154.244 10
      vertex -138.912 156.773 10
    endloop
  endfacet
  facet normal 0 -0 1
    outer loop
      vertex -138.871 157.07 10
      vertex -138.593 158.861 10
      vertex -140.531 158.968 10
    endloop
  endfacet
  facet normal -0 0 1
    outer loop
      vertex -138.871 157.07 10
      vertex -138.57 157.053 10
      vertex -138.506 158.787 10
    endloop
  endfacet
  facet normal 0 0 1
    outer loop
      vertex -138.593 158.861 10
      vertex -138.934 159.516 10
      vertex -140.531 158.968 10
    endloop
  endfacet
  facet normal 0 0 1
    outer loop
      vertex -138.57 157.053 10
      vertex -137.859 157.512 10
      vertex -138.506 158.787 10
    endloop
  endfacet
  facet normal 0 0 1
    outer loop
      vertex -140.672 159.228 10
      vertex -141.096 160.323 10
      vertex -141.272 160.314 10
    endloop
  endfacet
  facet normal 0 -0 1
    outer loop
      vertex -137.859 157.512 10
      vertex -137.842 158.572 10
      vertex -138.506 158.787 10
    endloop
  endfacet
  facet normal 0 0 1
    outer loop
      vertex -145.285 164.54 10
      vertex -145.444 164.546 10
      vertex -145.648 164.17 10
    endloop
  endfacet
  facet normal 0 0 1
    outer loop
      vertex -144.582 164.839 10
      vertex -145.298 165.105 10
      vertex -145.213 164.701 10
    endloop
  endfacet
  facet normal 0 -0 1
    outer loop
      vertex -140.7 159.02 10
      vertex -140.672 159.228 10
      vertex -141.272 160.314 10
    endloop
  endfacet
  facet normal 0 -0 1
    outer loop
      vertex -140.672 159.228 10
      vertex -140.257 160.634 10
      vertex -141.096 160.323 10
    endloop
  endfacet
  facet normal 0 0 1
    outer loop
      vertex -141.295 160.547 10
      vertex -139.899 161.924 10
      vertex -140.616 162.581 10
    endloop
  endfacet
  facet normal 0 0 1
    outer loop
      vertex -140.41 160.69 10
      vertex -140.497 160.806 10
      vertex -141.096 160.323 10
    endloop
  endfacet
  facet normal 0 0 1
    outer loop
      vertex -140.41 160.69 10
      vertex -141.096 160.323 10
      vertex -140.257 160.634 10
    endloop
  endfacet
  facet normal 0 -0 1
    outer loop
      vertex -139.703 159.984 10
      vertex -139.349 160.84 10
      vertex -140.257 160.634 10
    endloop
  endfacet
  facet normal 0 0 1
    outer loop
      vertex -139.703 159.984 10
      vertex -140.257 160.634 10
      vertex -140.672 159.228 10
    endloop
  endfacet
  facet normal 0 -0 1
    outer loop
      vertex -144.39 164.926 10
      vertex -142.22 165.039 10
      vertex -144.435 165.096 10
    endloop
  endfacet
  facet normal 0 0 1
    outer loop
      vertex -142.301 163.477 10
      vertex -141.295 160.547 10
      vertex -142.153 163.38 10
    endloop
  endfacet
  facet normal 0 0 1
    outer loop
      vertex -142.182 163.678 10
      vertex -144.39 164.926 10
      vertex -142.301 163.477 10
    endloop
  endfacet
  facet normal 0 0 1
    outer loop
      vertex -141.884 164.712 10
      vertex -142.151 164.809 10
      vertex -141.87 164.491 10
    endloop
  endfacet
  facet normal 0 0 1
    outer loop
      vertex -142.802 166.398 10
      vertex -144.403 166.555 10
      vertex -144.435 165.096 10
    endloop
  endfacet
  facet normal 0 0 1
    outer loop
      vertex -140.715 163.443 10
      vertex -142.153 163.38 10
      vertex -140.779 162.744 10
    endloop
  endfacet
  facet normal 0 0 1
    outer loop
      vertex -139.899 161.924 10
      vertex -140.204 162.62 10
      vertex -140.616 162.581 10
    endloop
  endfacet
  facet normal 0 0 1
    outer loop
      vertex -141.295 160.547 10
      vertex -140.616 162.581 10
      vertex -140.779 162.744 10
    endloop
  endfacet
  facet normal 0 0 1
    outer loop
      vertex -142.153 163.38 10
      vertex -141.295 160.547 10
      vertex -140.779 162.744 10
    endloop
  endfacet
  facet normal 0 0 1
    outer loop
      vertex -143.897 167.584 10
      vertex -144.377 166.73 10
      vertex -142.879 166.544 10
    endloop
  endfacet
  facet normal 0 -0 1
    outer loop
      vertex -142.22 165.039 10
      vertex -141.845 165.545 10
      vertex -142.627 166.421 10
    endloop
  endfacet
  facet normal 0 0 1
    outer loop
      vertex -144.059 167.654 10
      vertex -144.664 167.277 10
      vertex -144.377 166.73 10
    endloop
  endfacet
  facet normal 0 0 1
    outer loop
      vertex -142.22 165.039 10
      vertex -142.802 166.398 10
      vertex -144.435 165.096 10
    endloop
  endfacet
  facet normal 0 0 1
    outer loop
      vertex -141.87 164.491 10
      vertex -142.182 163.678 10
      vertex -141.83 164.398 10
    endloop
  endfacet
  facet normal -0 0 1
    outer loop
      vertex -141.657 164.364 10
      vertex -141.101 164.173 10
      vertex -141.273 164.541 10
    endloop
  endfacet
  facet normal 0 -0 1
    outer loop
      vertex -141.5 163.781 10
      vertex -141.101 164.173 10
      vertex -141.657 164.364 10
    endloop
  endfacet
  facet normal 0 0 1
    outer loop
      vertex -141.5 163.781 10
      vertex -141.657 164.364 10
      vertex -141.83 164.398 10
    endloop
  endfacet
  facet normal 0 0 1
    outer loop
      vertex -142.301 163.477 10
      vertex -145.151 163.544 10
      vertex -145.269 163.413 10
    endloop
  endfacet
  facet normal 0 0 1
    outer loop
      vertex -141.5 163.781 10
      vertex -141.83 164.398 10
      vertex -142.182 163.678 10
    endloop
  endfacet
  facet normal 0 0 1
    outer loop
      vertex -142.151 164.809 10
      vertex -142.182 163.678 10
      vertex -141.87 164.491 10
    endloop
  endfacet
  facet normal 0 0 1
    outer loop
      vertex -142.22 165.039 10
      vertex -144.39 164.926 10
      vertex -142.151 164.809 10
    endloop
  endfacet
  facet normal 0 0 1
    outer loop
      vertex -142.22 165.039 10
      vertex -142.627 166.421 10
      vertex -142.802 166.398 10
    endloop
  endfacet
  facet normal 0 0 1
    outer loop
      vertex -144.377 166.73 10
      vertex -144.403 166.555 10
      vertex -142.879 166.544 10
    endloop
  endfacet
  facet normal 0 0 1
    outer loop
      vertex -141.845 165.545 10
      vertex -142.394 166.642 10
      vertex -142.627 166.421 10
    endloop
  endfacet
  facet normal 0 0 1
    outer loop
      vertex -144.059 167.654 10
      vertex -144.377 166.73 10
      vertex -143.897 167.584 10
    endloop
  endfacet
  facet normal 0 0 1
    outer loop
      vertex -142.784 167.529 10
      vertex -143.897 167.584 10
      vertex -142.879 166.544 10
    endloop
  endfacet
  facet normal 0 0 1
    outer loop
      vertex -142.928 167.799 10
      vertex -143.897 167.584 10
      vertex -142.784 167.529 10
    endloop
  endfacet
  facet normal 0 0 1
    outer loop
      vertex -142.879 166.544 10
      vertex -144.403 166.555 10
      vertex -142.802 166.398 10
    endloop
  endfacet
  facet normal -0 0 1
    outer loop
      vertex -145.239 163.697 10
      vertex -145.151 163.544 10
      vertex -144.582 164.839 10
    endloop
  endfacet
  facet normal 0 0 1
    outer loop
      vertex -151.379 159.706 10
      vertex -151.025 160.305 10
      vertex -151.37 160.669 10
    endloop
  endfacet
  facet normal 0 0 1
    outer loop
      vertex -144.664 167.277 10
      vertex -144.059 167.654 10
      vertex -144.031 167.841 10
    endloop
  endfacet
  facet normal 0 0 1
    outer loop
      vertex -144.664 167.277 10
      vertex -144.031 167.841 10
      vertex -143.958 168.967 10
    endloop
  endfacet
  facet normal 0 0 1
    outer loop
      vertex -143.329 168.48 10
      vertex -143.445 168.764 10
      vertex -143.958 168.967 10
    endloop
  endfacet
  facet normal 0 0 1
    outer loop
      vertex -143.329 168.48 10
      vertex -143.958 168.967 10
      vertex -144.031 167.841 10
    endloop
  endfacet
  facet normal 0 0 1
    outer loop
      vertex -168.541 177.789 10
      vertex -168.566 178.223 10
      vertex -170.885 179.216 10
    endloop
  endfacet
  facet normal 0 0 1
    outer loop
      vertex -145.648 164.17 10
      vertex -145.444 164.546 10
      vertex -145.503 164.586 10
    endloop
  endfacet
  facet normal 0 0 1
    outer loop
      vertex -144.435 165.096 10
      vertex -144.561 166.519 10
      vertex -145.204 165.724 10
    endloop
  endfacet
  facet normal 0 0 1
    outer loop
      vertex -145.076 166.706 10
      vertex -145.255 166.605 10
      vertex -144.561 166.519 10
    endloop
  endfacet
  facet normal 0 0 1
    outer loop
      vertex -144.403 166.555 10
      vertex -144.561 166.519 10
      vertex -144.435 165.096 10
    endloop
  endfacet
  facet normal 0 0 1
    outer loop
      vertex -144.561 166.519 10
      vertex -145.255 166.605 10
      vertex -145.204 165.724 10
    endloop
  endfacet
  facet normal 0 0 1
    outer loop
      vertex -141.272 160.314 10
      vertex -141.295 160.547 10
      vertex -146.526 160.829 10
    endloop
  endfacet
  facet normal 0 -0 1
    outer loop
      vertex -145.239 163.697 10
      vertex -144.582 164.839 10
      vertex -145.285 164.54 10
    endloop
  endfacet
  facet normal 0 -0 1
    outer loop
      vertex -142.182 163.678 10
      vertex -142.151 164.809 10
      vertex -144.39 164.926 10
    endloop
  endfacet
  facet normal 0 0 1
    outer loop
      vertex -145.285 164.54 10
      vertex -144.582 164.839 10
      vertex -145.213 164.701 10
    endloop
  endfacet
  facet normal 0 0 1
    outer loop
      vertex -145.239 163.697 10
      vertex -145.648 164.17 10
      vertex -145.678 163.894 10
    endloop
  endfacet
  facet normal 0 0 1
    outer loop
      vertex -144.39 164.926 10
      vertex -145.151 163.544 10
      vertex -142.301 163.477 10
    endloop
  endfacet
  facet normal 0 -0 1
    outer loop
      vertex -145.678 163.894 10
      vertex -145.648 164.17 10
      vertex -145.769 164.085 10
    endloop
  endfacet
  facet normal 0 0 1
    outer loop
      vertex -142.301 163.477 10
      vertex -145.269 163.413 10
      vertex -141.295 160.547 10
    endloop
  endfacet
  facet normal 0 0 1
    outer loop
      vertex -146.356 161.429 10
      vertex -145.269 163.413 10
      vertex -146.354 161.506 10
    endloop
  endfacet
  facet normal 0 0 1
    outer loop
      vertex -141.295 160.547 10
      vertex -146.356 161.429 10
      vertex -146.526 160.829 10
    endloop
  endfacet
  facet normal 0 0 1
    outer loop
      vertex -146.302 162.495 10
      vertex -145.269 163.413 10
      vertex -146.207 162.709 10
    endloop
  endfacet
  facet normal 0 0 1
    outer loop
      vertex -145.269 163.413 10
      vertex -145.877 163.283 10
      vertex -145.862 163.196 10
    endloop
  endfacet
  facet normal 0 0 1
    outer loop
      vertex -144.39 164.926 10
      vertex -144.582 164.839 10
      vertex -145.151 163.544 10
    endloop
  endfacet
  facet normal 0 0 1
    outer loop
      vertex -146.025 163.021 10
      vertex -145.269 163.413 10
      vertex -145.862 163.196 10
    endloop
  endfacet
  facet normal -0 0 1
    outer loop
      vertex -146.025 163.021 10
      vertex -146.207 162.709 10
      vertex -145.269 163.413 10
    endloop
  endfacet
  facet normal 0 0 1
    outer loop
      vertex -146.302 162.495 10
      vertex -146.579 162.422 10
      vertex -146.354 161.506 10
    endloop
  endfacet
  facet normal 0 0 1
    outer loop
      vertex -146.235 163.042 10
      vertex -146.316 162.92 10
      vertex -146.025 163.021 10
    endloop
  endfacet
  facet normal 0 0 1
    outer loop
      vertex -146.025 163.021 10
      vertex -146.316 162.92 10
      vertex -146.207 162.709 10
    endloop
  endfacet
  facet normal 0 0 1
    outer loop
      vertex -148.191 160.993 10
      vertex -150.02 159.854 10
      vertex -150.255 158.971 10
    endloop
  endfacet
  facet normal 0 0 1
    outer loop
      vertex -146.664 160.72 10
      vertex -150.255 158.971 10
      vertex -139.025 154.14 10
    endloop
  endfacet
  facet normal 0 0 1
    outer loop
      vertex -150.392 158.86 10
      vertex -137.894 152.583 10
      vertex -138.962 153.975 10
    endloop
  endfacet
  facet normal 0 0 1
    outer loop
      vertex -141.295 160.547 10
      vertex -145.269 163.413 10
      vertex -146.356 161.429 10
    endloop
  endfacet
  facet normal 0 0 1
    outer loop
      vertex -146.664 160.72 10
      vertex -146.817 160.84 10
      vertex -148.191 160.993 10
    endloop
  endfacet
  facet normal 0 0 1
    outer loop
      vertex -150.255 158.971 10
      vertex -150.392 158.86 10
      vertex -139.025 154.14 10
    endloop
  endfacet
  facet normal 0 0 1
    outer loop
      vertex -141.272 160.314 10
      vertex -146.526 160.829 10
      vertex -140.7 159.02 10
    endloop
  endfacet
  facet normal 0 0 1
    outer loop
      vertex -146.664 160.72 10
      vertex -139.025 154.14 10
      vertex -140.7 159.02 10
    endloop
  endfacet
  facet normal 0 0 1
    outer loop
      vertex -146.526 160.829 10
      vertex -146.664 160.72 10
      vertex -140.7 159.02 10
    endloop
  endfacet
  facet normal -0 0 1
    outer loop
      vertex -148.191 160.993 10
      vertex -146.817 160.84 10
      vertex -148.143 161.04 10
    endloop
  endfacet
  facet normal 0 0 1
    outer loop
      vertex -147.007 161.763 10
      vertex -148.143 161.04 10
      vertex -146.817 160.84 10
    endloop
  endfacet
  facet normal 0 0 1
    outer loop
      vertex -147.439 162.166 10
      vertex -148.143 161.04 10
      vertex -147.007 161.763 10
    endloop
  endfacet
  facet normal 0 -0 1
    outer loop
      vertex -147.79 129.569 10
      vertex -137.894 152.583 10
      vertex -150.392 158.86 10
    endloop
  endfacet
  facet normal 0 0 1
    outer loop
      vertex -147.79 129.569 10
      vertex -150.392 158.86 10
      vertex -153.358 158.503 10
    endloop
  endfacet
  facet normal 0 0 1
    outer loop
      vertex -150.392 158.86 10
      vertex -150.549 158.995 10
      vertex -151.968 159.133 10
    endloop
  endfacet
  facet normal 0 0 1
    outer loop
      vertex -151.284 159.484 10
      vertex -151.889 159.219 10
      vertex -150.549 158.995 10
    endloop
  endfacet
  facet normal 0 0 1
    outer loop
      vertex -150.549 158.995 10
      vertex -151.122 159.552 10
      vertex -151.284 159.484 10
    endloop
  endfacet
  facet normal 0 0 1
    outer loop
      vertex -153.887 162.653 10
      vertex -151.775 161.083 10
      vertex -152.092 162.12 10
    endloop
  endfacet
  facet normal 0 0 1
    outer loop
      vertex -150.549 158.995 10
      vertex -151.889 159.219 10
      vertex -151.968 159.133 10
    endloop
  endfacet
  facet normal 0 0 1
    outer loop
      vertex -153.358 158.503 10
      vertex -150.392 158.86 10
      vertex -151.968 159.133 10
    endloop
  endfacet
  facet normal -0 0 1
    outer loop
      vertex -151.122 159.552 10
      vertex -150.549 158.995 10
      vertex -150.675 160.287 10
    endloop
  endfacet
  facet normal 0 0 1
    outer loop
      vertex -153.358 158.503 10
      vertex -147.861 129.539 10
      vertex -147.79 129.569 10
    endloop
  endfacet
  facet normal 0 0 1
    outer loop
      vertex -151.379 159.706 10
      vertex -151.889 159.219 10
      vertex -151.284 159.484 10
    endloop
  endfacet
  facet normal 0 0 1
    outer loop
      vertex -153.531 158.539 10
      vertex -170.435 150.833 10
      vertex -170.463 150.776 10
    endloop
  endfacet
  facet normal -0 0 1
    outer loop
      vertex -169.92 152.895 10
      vertex -169.925 152.853 10
      vertex -153.531 158.539 10
    endloop
  endfacet
  facet normal 0 0 1
    outer loop
      vertex -154.774 166.229 10
      vertex -156.952 167.462 10
      vertex -154.998 164.803 10
    endloop
  endfacet
  facet normal 0 0 1
    outer loop
      vertex -151.025 160.305 10
      vertex -151.218 160.825 10
      vertex -151.37 160.669 10
    endloop
  endfacet
  facet normal 0 0 1
    outer loop
      vertex -156.05 162.276 10
      vertex -170.016 155.693 10
      vertex -155.952 162.129 10
    endloop
  endfacet
  facet normal 0 -0 1
    outer loop
      vertex -151.379 159.706 10
      vertex -151.37 160.669 10
      vertex -151.889 159.219 10
    endloop
  endfacet
  facet normal 0 -0 1
    outer loop
      vertex -153.531 158.539 10
      vertex -153.495 158.77 10
      vertex -155.142 161.829 10
    endloop
  endfacet
  facet normal 0 0 1
    outer loop
      vertex -153.531 158.539 10
      vertex -155.142 161.829 10
      vertex -155.952 162.129 10
    endloop
  endfacet
  facet normal 0 0 1
    outer loop
      vertex -155.002 161.848 10
      vertex -155.142 161.829 10
      vertex -153.495 158.77 10
    endloop
  endfacet
  facet normal 0 0 1
    outer loop
      vertex -155.002 161.848 10
      vertex -153.495 158.77 10
      vertex -152.254 159.483 10
    endloop
  endfacet
  facet normal 0 0 1
    outer loop
      vertex -155.002 161.848 10
      vertex -152.041 159.79 10
      vertex -151.775 161.083 10
    endloop
  endfacet
  facet normal -0 0 1
    outer loop
      vertex -155.002 161.848 10
      vertex -151.775 161.083 10
      vertex -153.887 162.653 10
    endloop
  endfacet
  facet normal 0 0 1
    outer loop
      vertex -155.981 162.396 10
      vertex -155.218 163.168 10
      vertex -154.998 164.803 10
    endloop
  endfacet
  facet normal -0 0 1
    outer loop
      vertex -153.887 162.653 10
      vertex -152.092 162.12 10
      vertex -152.717 162.736 10
    endloop
  endfacet
  facet normal 0 0 1
    outer loop
      vertex -155.002 161.848 10
      vertex -152.254 159.483 10
      vertex -152.041 159.79 10
    endloop
  endfacet
  facet normal 0 0 1
    outer loop
      vertex -165.794 177.261 10
      vertex -165.945 177.284 10
      vertex -172.316 171.323 10
    endloop
  endfacet
  facet normal -0 0 1
    outer loop
      vertex -154.948 163.181 10
      vertex -154.645 162.824 10
      vertex -154.278 164.497 10
    endloop
  endfacet
  facet normal -0 0 1
    outer loop
      vertex -173.008 178.767 10
      vertex -173.236 176.124 10
      vertex -170.885 179.216 10
    endloop
  endfacet
  facet normal 0 0 1
    outer loop
      vertex -168.515 177.584 10
      vertex -172.138 174.67 10
      vertex -168.339 177.574 10
    endloop
  endfacet
  facet normal 0 0 1
    outer loop
      vertex -165.794 177.261 10
      vertex -172.316 171.323 10
      vertex -172.145 170.234 10
    endloop
  endfacet
  facet normal 0 0 1
    outer loop
      vertex -155.218 163.168 10
      vertex -155.068 163.259 10
      vertex -154.883 164.634 10
    endloop
  endfacet
  facet normal 0 0 1
    outer loop
      vertex -155.068 163.259 10
      vertex -154.278 164.497 10
      vertex -154.883 164.634 10
    endloop
  endfacet
  facet normal 0 -0 1
    outer loop
      vertex -155.38 162.781 10
      vertex -155.218 163.168 10
      vertex -155.981 162.396 10
    endloop
  endfacet
  facet normal 0 0 1
    outer loop
      vertex -157.151 172.3 10
      vertex -157.203 172.306 10
      vertex -157.006 167.95 10
    endloop
  endfacet
  facet normal 0 -0 1
    outer loop
      vertex -154.723 162.761 10
      vertex -154.645 162.824 10
      vertex -154.948 163.181 10
    endloop
  endfacet
  facet normal 0 -0 1
    outer loop
      vertex -154.948 163.181 10
      vertex -154.278 164.497 10
      vertex -155.068 163.259 10
    endloop
  endfacet
  facet normal 0 0 1
    outer loop
      vertex -157.203 172.306 10
      vertex -157.108 167.913 10
      vertex -157.006 167.95 10
    endloop
  endfacet
  facet normal 0 0 1
    outer loop
      vertex -155.218 163.168 10
      vertex -154.883 164.634 10
      vertex -154.998 164.803 10
    endloop
  endfacet
  facet normal 0 0 1
    outer loop
      vertex -155.075 167.185 10
      vertex -156.952 167.462 10
      vertex -154.774 166.229 10
    endloop
  endfacet
  facet normal 0 0 1
    outer loop
      vertex -156.952 167.462 10
      vertex -155.981 162.396 10
      vertex -154.998 164.803 10
    endloop
  endfacet
  facet normal 0 0 1
    outer loop
      vertex -157.068 167.552 10
      vertex -155.981 162.396 10
      vertex -156.952 167.462 10
    endloop
  endfacet
  facet normal 0 -0 1
    outer loop
      vertex -156.05 162.276 10
      vertex -155.981 162.396 10
      vertex -157.068 167.552 10
    endloop
  endfacet
  facet normal 0 0 1
    outer loop
      vertex -172.491 171.534 10
      vertex -172.834 172.499 10
      vertex -173.055 171.375 10
    endloop
  endfacet
  facet normal 0 0 1
    outer loop
      vertex -158.834 172.822 10
      vertex -157.148 167.742 10
      vertex -157.108 167.913 10
    endloop
  endfacet
  facet normal 0 0 1
    outer loop
      vertex -157.006 167.95 10
      vertex -155.147 169.829 10
      vertex -155.145 169.898 10
    endloop
  endfacet
  facet normal 0 0 1
    outer loop
      vertex -154.513 172.141 10
      vertex -154.767 171.756 10
      vertex -154.39 171.526 10
    endloop
  endfacet
  facet normal 0 0 1
    outer loop
      vertex -155.497 167.911 10
      vertex -154.963 168.128 10
      vertex -154.883 168.568 10
    endloop
  endfacet
  facet normal 0 0 1
    outer loop
      vertex -154.63 172.202 10
      vertex -154.767 171.756 10
      vertex -154.513 172.141 10
    endloop
  endfacet
  facet normal 0 0 1
    outer loop
      vertex -155.497 167.911 10
      vertex -154.883 168.568 10
      vertex -155.147 169.829 10
    endloop
  endfacet
  facet normal 0 -0 1
    outer loop
      vertex -155.497 167.911 10
      vertex -155.147 169.829 10
      vertex -157.006 167.95 10
    endloop
  endfacet
  facet normal 0 0 1
    outer loop
      vertex -155.665 171.457 10
      vertex -155.145 169.898 10
      vertex -155.483 171.401 10
    endloop
  endfacet
  facet normal 0 -0 1
    outer loop
      vertex -155.145 169.898 10
      vertex -154.905 170.818 10
      vertex -155.483 171.401 10
    endloop
  endfacet
  facet normal 0 0 1
    outer loop
      vertex -159.81 174.295 10
      vertex -160.578 174.797 10
      vertex -159.717 174.075 10
    endloop
  endfacet
  facet normal 0 -0 1
    outer loop
      vertex -159.81 174.295 10
      vertex -159.704 175.203 10
      vertex -160.403 174.782 10
    endloop
  endfacet
  facet normal 0 0 1
    outer loop
      vertex -154.767 171.756 10
      vertex -154.853 171.661 10
      vertex -154.39 171.526 10
    endloop
  endfacet
  facet normal -0 0 1
    outer loop
      vertex -155.483 171.401 10
      vertex -154.88 170.87 10
      vertex -154.853 171.661 10
    endloop
  endfacet
  facet normal 0 0 1
    outer loop
      vertex -154.853 171.661 10
      vertex -154.88 170.87 10
      vertex -154.39 171.526 10
    endloop
  endfacet
  facet normal 0 -0 1
    outer loop
      vertex -154.905 170.818 10
      vertex -154.88 170.87 10
      vertex -155.483 171.401 10
    endloop
  endfacet
  facet normal 0 0 1
    outer loop
      vertex -157.006 167.95 10
      vertex -155.145 169.898 10
      vertex -155.665 171.457 10
    endloop
  endfacet
  facet normal 0 -0 1
    outer loop
      vertex -157.006 167.95 10
      vertex -155.665 171.457 10
      vertex -157.151 172.3 10
    endloop
  endfacet
  facet normal 0 0 1
    outer loop
      vertex -155.665 171.457 10
      vertex -156.257 172.355 10
      vertex -157.151 172.3 10
    endloop
  endfacet
  facet normal 0 0 1
    outer loop
      vertex -158.763 172.776 10
      vertex -157.108 167.913 10
      vertex -157.203 172.306 10
    endloop
  endfacet
  facet normal 0 0 1
    outer loop
      vertex -158.834 172.822 10
      vertex -157.108 167.913 10
      vertex -158.763 172.776 10
    endloop
  endfacet
  facet normal 0 0 1
    outer loop
      vertex -159.544 173.652 10
      vertex -159.717 174.075 10
      vertex -160.578 174.797 10
    endloop
  endfacet
  facet normal 0 0 1
    outer loop
      vertex -165.794 177.261 10
      vertex -172.145 170.234 10
      vertex -172.111 170.019 10
    endloop
  endfacet
  facet normal 0 0 1
    outer loop
      vertex -159.81 174.295 10
      vertex -160.403 174.782 10
      vertex -160.578 174.797 10
    endloop
  endfacet
  facet normal 0 0 1
    outer loop
      vertex -159.544 173.652 10
      vertex -159.557 173.83 10
      vertex -159.717 174.075 10
    endloop
  endfacet
  facet normal -0 0 1
    outer loop
      vertex -161.627 175.975 10
      vertex -160.613 175.956 10
      vertex -161.122 176.309 10
    endloop
  endfacet
  facet normal 0 0 1
    outer loop
      vertex -159.447 174.006 10
      vertex -159.717 174.075 10
      vertex -159.557 173.83 10
    endloop
  endfacet
  facet normal 0 0 1
    outer loop
      vertex -160.578 174.797 10
      vertex -161.627 175.975 10
      vertex -161.803 175.983 10
    endloop
  endfacet
  facet normal 0 0 1
    outer loop
      vertex -187.291 200.873 10
      vertex -188.993 199.07 10
      vertex -187.445 198.853 10
    endloop
  endfacet
  facet normal 0 0 1
    outer loop
      vertex -159.401 175.003 10
      vertex -159.704 175.203 10
      vertex -159.81 174.295 10
    endloop
  endfacet
  facet normal 0 0 1
    outer loop
      vertex -165.7 177.41 10
      vertex -165.794 177.261 10
      vertex -161.851 176.15 10
    endloop
  endfacet
  facet normal 0 -0 1
    outer loop
      vertex -161.851 176.15 10
      vertex -161.557 176.985 10
      vertex -161.963 177.3 10
    endloop
  endfacet
  facet normal 0 0 1
    outer loop
      vertex -165.794 177.261 10
      vertex -161.803 175.983 10
      vertex -161.851 176.15 10
    endloop
  endfacet
  facet normal 0 0 1
    outer loop
      vertex -161.627 175.975 10
      vertex -160.592 175.009 10
      vertex -160.613 175.956 10
    endloop
  endfacet
  facet normal 0 0 1
    outer loop
      vertex -160.274 175.369 10
      vertex -160.613 175.956 10
      vertex -160.592 175.009 10
    endloop
  endfacet
  facet normal 0 0 1
    outer loop
      vertex -160.578 174.797 10
      vertex -160.592 175.009 10
      vertex -161.627 175.975 10
    endloop
  endfacet
  facet normal 0 0 1
    outer loop
      vertex -161.851 176.15 10
      vertex -162.061 177.339 10
      vertex -165.7 177.41 10
    endloop
  endfacet
  facet normal 0 0 1
    outer loop
      vertex -161.557 176.985 10
      vertex -161.644 177.293 10
      vertex -161.963 177.3 10
    endloop
  endfacet
  facet normal -0 0 1
    outer loop
      vertex -172.834 172.499 10
      vertex -172.325 171.473 10
      vertex -172.811 172.561 10
    endloop
  endfacet
  facet normal 0 0 1
    outer loop
      vertex -163.808 178.924 10
      vertex -165.7 177.41 10
      vertex -162.061 177.339 10
    endloop
  endfacet
  facet normal 0 0 1
    outer loop
      vertex -192.706 199.021 10
      vertex -192.78 199.142 10
      vertex -197.102 195.525 10
    endloop
  endfacet
  facet normal 0 0 1
    outer loop
      vertex -161.851 176.15 10
      vertex -161.963 177.3 10
      vertex -162.061 177.339 10
    endloop
  endfacet
  facet normal -0 0 1
    outer loop
      vertex -165.724 177.769 10
      vertex -165.7 177.41 10
      vertex -163.808 178.924 10
    endloop
  endfacet
  facet normal 0 0 1
    outer loop
      vertex -168.339 177.574 10
      vertex -172.138 174.67 10
      vertex -172.325 171.473 10
    endloop
  endfacet
  facet normal -0 0 1
    outer loop
      vertex -172.137 174.869 10
      vertex -172.138 174.67 10
      vertex -168.515 177.584 10
    endloop
  endfacet
  facet normal -0 0 1
    outer loop
      vertex -200.481 209.931 10
      vertex -196.396 208.215 10
      vertex -200.325 210.014 10
    endloop
  endfacet
  facet normal 0 -0 1
    outer loop
      vertex -172.325 171.473 10
      vertex -172.138 174.67 10
      vertex -172.811 172.561 10
    endloop
  endfacet
  facet normal 0 0 1
    outer loop
      vertex -168.339 177.574 10
      vertex -166.793 177.976 10
      vertex -167.399 178.175 10
    endloop
  endfacet
  facet normal 0 0 1
    outer loop
      vertex -166.793 177.976 10
      vertex -168.339 177.574 10
      vertex -165.945 177.284 10
    endloop
  endfacet
  facet normal 0 0 1
    outer loop
      vertex -172.137 174.869 10
      vertex -168.515 177.584 10
      vertex -170.885 179.216 10
    endloop
  endfacet
  facet normal 0 0 1
    outer loop
      vertex -173.008 178.767 10
      vertex -170.885 179.216 10
      vertex -171.913 179.431 10
    endloop
  endfacet
  facet normal -0 0 1
    outer loop
      vertex -173.474 178.148 10
      vertex -173.236 176.124 10
      vertex -173.008 178.767 10
    endloop
  endfacet
  facet normal 0 0 1
    outer loop
      vertex -183.3 144.006 10
      vertex -183.307 144.09 10
      vertex -189.586 147.173 10
    endloop
  endfacet
  facet normal -0 0 1
    outer loop
      vertex -173.236 176.124 10
      vertex -172.137 174.869 10
      vertex -170.885 179.216 10
    endloop
  endfacet
  facet normal 0 0 1
    outer loop
      vertex -168.515 177.584 10
      vertex -168.541 177.789 10
      vertex -170.885 179.216 10
    endloop
  endfacet
  facet normal 0 0 1
    outer loop
      vertex -168.367 178.025 10
      vertex -168.566 178.223 10
      vertex -168.541 177.789 10
    endloop
  endfacet
  facet normal 0 0 1
    outer loop
      vertex -172.811 172.561 10
      vertex -172.138 174.67 10
      vertex -172.607 174.145 10
    endloop
  endfacet
  facet normal 0 0 1
    outer loop
      vertex -160.578 174.797 10
      vertex -161.803 175.983 10
      vertex -172.111 170.019 10
    endloop
  endfacet
  facet normal -0 0 1
    outer loop
      vertex -187.152 201.922 10
      vertex -186.603 201.349 10
      vertex -182.191 202.673 10
    endloop
  endfacet
  facet normal 0 -0 1
    outer loop
      vertex -171.601 167.765 10
      vertex -160.578 174.797 10
      vertex -172.111 170.019 10
    endloop
  endfacet
  facet normal 0 0 1
    outer loop
      vertex -232.205 208.771 10
      vertex -237.992 202.129 10
      vertex -228.617 207.551 10
    endloop
  endfacet
  facet normal -0 0 1
    outer loop
      vertex -172.459 169.567 10
      vertex -171.981 168.386 10
      vertex -172.111 170.019 10
    endloop
  endfacet
  facet normal 0 0 1
    outer loop
      vertex -194.531 150.881 10
      vertex -206.141 154.462 10
      vertex -210.743 126.443 10
    endloop
  endfacet
  facet normal -0 0 1
    outer loop
      vertex -176.232 144.229 10
      vertex -175.79 143.9 10
      vertex -174.326 146.864 10
    endloop
  endfacet
  facet normal 0 0 1
    outer loop
      vertex -165.945 177.284 10
      vertex -172.325 171.473 10
      vertex -172.316 171.323 10
    endloop
  endfacet
  facet normal 0 0 1
    outer loop
      vertex -172.325 171.473 10
      vertex -172.834 172.499 10
      vertex -172.491 171.534 10
    endloop
  endfacet
  facet normal 0 -0 1
    outer loop
      vertex -173.055 171.375 10
      vertex -172.834 172.499 10
      vertex -173.497 171.471 10
    endloop
  endfacet
  facet normal 0 0 1
    outer loop
      vertex -171.764 165.901 10
      vertex -157.148 167.742 10
      vertex -171.701 166.765 10
    endloop
  endfacet
  facet normal 0 0 1
    outer loop
      vertex -156.05 162.276 10
      vertex -157.068 167.552 10
      vertex -171.774 165.725 10
    endloop
  endfacet
  facet normal 0 0 1
    outer loop
      vertex -172.111 170.019 10
      vertex -161.803 175.983 10
      vertex -165.794 177.261 10
    endloop
  endfacet
  facet normal 0 0 1
    outer loop
      vertex -165.945 177.284 10
      vertex -168.339 177.574 10
      vertex -172.325 171.473 10
    endloop
  endfacet
  facet normal 0 0 1
    outer loop
      vertex -171.601 167.765 10
      vertex -172.111 170.019 10
      vertex -171.69 167.917 10
    endloop
  endfacet
  facet normal -0 0 1
    outer loop
      vertex -172.677 170.6 10
      vertex -172.145 170.234 10
      vertex -172.316 171.323 10
    endloop
  endfacet
  facet normal -0 -0 1
    outer loop
      vertex -171.981 168.386 10
      vertex -171.69 167.917 10
      vertex -172.111 170.019 10
    endloop
  endfacet
  facet normal 0 0 1
    outer loop
      vertex -159.544 173.652 10
      vertex -160.578 174.797 10
      vertex -171.601 167.765 10
    endloop
  endfacet
  facet normal 0 0 1
    outer loop
      vertex -159.544 173.652 10
      vertex -171.601 167.765 10
      vertex -158.834 172.822 10
    endloop
  endfacet
  facet normal -0 0 1
    outer loop
      vertex -172.02 168.218 10
      vertex -171.69 167.917 10
      vertex -171.981 168.386 10
    endloop
  endfacet
  facet normal -0 0 1
    outer loop
      vertex -171.601 167.765 10
      vertex -157.148 167.742 10
      vertex -158.834 172.822 10
    endloop
  endfacet
  facet normal -0 0 1
    outer loop
      vertex -172.01 166.287 10
      vertex -171.764 165.901 10
      vertex -171.727 166.694 10
    endloop
  endfacet
  facet normal 0 0 1
    outer loop
      vertex -171.701 166.765 10
      vertex -157.148 167.742 10
      vertex -171.601 167.765 10
    endloop
  endfacet
  facet normal 0 0 1
    outer loop
      vertex -172.02 168.218 10
      vertex -172.137 168.114 10
      vertex -171.69 167.917 10
    endloop
  endfacet
  facet normal 0 0 1
    outer loop
      vertex -171.363 159.244 10
      vertex -174.149 162.819 10
      vertex -174.232 161.688 10
    endloop
  endfacet
  facet normal 0 0 1
    outer loop
      vertex -172.678 164.862 10
      vertex -171.987 165.706 10
      vertex -172.667 165.02 10
    endloop
  endfacet
  facet normal 0 0 1
    outer loop
      vertex -171.764 165.901 10
      vertex -171.701 166.765 10
      vertex -171.727 166.694 10
    endloop
  endfacet
  facet normal 0 0 1
    outer loop
      vertex -157.148 167.742 10
      vertex -171.764 165.901 10
      vertex -171.774 165.725 10
    endloop
  endfacet
  facet normal 0 0 1
    outer loop
      vertex -171.987 165.706 10
      vertex -172.857 165.383 10
      vertex -172.667 165.02 10
    endloop
  endfacet
  facet normal -0 0 1
    outer loop
      vertex -172.678 164.862 10
      vertex -171.363 159.244 10
      vertex -171.774 165.725 10
    endloop
  endfacet
  facet normal 0 0 1
    outer loop
      vertex -171.774 165.725 10
      vertex -171.328 159.201 10
      vertex -156.05 162.276 10
    endloop
  endfacet
  facet normal -0 0 1
    outer loop
      vertex -171.987 165.706 10
      vertex -172.678 164.862 10
      vertex -171.774 165.725 10
    endloop
  endfacet
  facet normal 0 0 1
    outer loop
      vertex -172.857 165.383 10
      vertex -172.471 166.116 10
      vertex -172.61 166.107 10
    endloop
  endfacet
  facet normal 0 0 1
    outer loop
      vertex -172.678 164.862 10
      vertex -174.149 162.819 10
      vertex -171.363 159.244 10
    endloop
  endfacet
  facet normal 0 0 1
    outer loop
      vertex -172.471 166.116 10
      vertex -172.857 165.383 10
      vertex -171.987 165.706 10
    endloop
  endfacet
  facet normal 0 -0 1
    outer loop
      vertex -169.92 152.895 10
      vertex -153.531 158.539 10
      vertex -170.01 155.655 10
    endloop
  endfacet
  facet normal 0 0 1
    outer loop
      vertex -174.149 162.819 10
      vertex -174.325 161.951 10
      vertex -174.232 161.688 10
    endloop
  endfacet
  facet normal 0 0 1
    outer loop
      vertex -181.484 137.278 10
      vertex -182.993 139.424 10
      vertex -181.93 136.68 10
    endloop
  endfacet
  facet normal 0 0 1
    outer loop
      vertex -174.326 146.864 10
      vertex -175.79 143.9 10
      vertex -175.465 143.264 10
    endloop
  endfacet
  facet normal 0 -0 1
    outer loop
      vertex -174.819 133.889 10
      vertex -174.206 136.606 10
      vertex -174.829 134.012 10
    endloop
  endfacet
  facet normal -0 0 1
    outer loop
      vertex -169.925 152.853 10
      vertex -170.435 150.833 10
      vertex -153.531 158.539 10
    endloop
  endfacet
  facet normal -0 0 1
    outer loop
      vertex -171.328 159.201 10
      vertex -170.738 158.111 10
      vertex -156.05 162.276 10
    endloop
  endfacet
  facet normal -0 0 1
    outer loop
      vertex -170.738 158.111 10
      vertex -170.726 158.083 10
      vertex -156.05 162.276 10
    endloop
  endfacet
  facet normal -0 0 1
    outer loop
      vertex -170.726 158.083 10
      vertex -170.016 155.693 10
      vertex -156.05 162.276 10
    endloop
  endfacet
  facet normal 0 0 1
    outer loop
      vertex -170.01 155.655 10
      vertex -153.531 158.539 10
      vertex -155.952 162.129 10
    endloop
  endfacet
  facet normal -0 0 1
    outer loop
      vertex -170.016 155.693 10
      vertex -170.01 155.655 10
      vertex -155.952 162.129 10
    endloop
  endfacet
  facet normal 0 0 1
    outer loop
      vertex -153.531 158.539 10
      vertex -170.463 150.776 10
      vertex -153.358 158.503 10
    endloop
  endfacet
  facet normal -0 0 1
    outer loop
      vertex -170.463 150.776 10
      vertex -147.861 129.539 10
      vertex -153.358 158.503 10
    endloop
  endfacet
  facet normal 0 -0 1
    outer loop
      vertex -148.851 128.779 10
      vertex -147.861 129.539 10
      vertex -170.463 150.776 10
    endloop
  endfacet
  facet normal 0 0 1
    outer loop
      vertex -174.304 146.877 10
      vertex -174.326 146.864 10
      vertex -175.465 143.264 10
    endloop
  endfacet
  facet normal -0 0 1
    outer loop
      vertex -172.744 147.967 10
      vertex -175.307 142.415 10
      vertex -172.713 147.996 10
    endloop
  endfacet
  facet normal 0 -0 1
    outer loop
      vertex -175.424 143.058 10
      vertex -174.304 146.877 10
      vertex -175.465 143.264 10
    endloop
  endfacet
  facet normal -0 0 1
    outer loop
      vertex -176.937 145.63 10
      vertex -176.232 144.229 10
      vertex -174.326 146.864 10
    endloop
  endfacet
  facet normal -0 0 1
    outer loop
      vertex -175.311 142.591 10
      vertex -175.307 142.415 10
      vertex -172.744 147.967 10
    endloop
  endfacet
  facet normal -0 0 1
    outer loop
      vertex -175.536 142.887 10
      vertex -175.311 142.591 10
      vertex -175.424 143.058 10
    endloop
  endfacet
  facet normal 0 0 1
    outer loop
      vertex -151.777 126.075 10
      vertex -174.194 136.752 10
      vertex -157.779 123.574 10
    endloop
  endfacet
  facet normal 0 0 1
    outer loop
      vertex -174.194 136.752 10
      vertex -174.206 136.606 10
      vertex -157.779 123.574 10
    endloop
  endfacet
  facet normal 0 0 1
    outer loop
      vertex -188.533 118.419 10
      vertex -188.464 118.326 10
      vertex -187.044 117.283 10
    endloop
  endfacet
  facet normal 0 0 1
    outer loop
      vertex -174.304 146.877 10
      vertex -175.424 143.058 10
      vertex -175.311 142.591 10
    endloop
  endfacet
  facet normal 0 -0 1
    outer loop
      vertex -167.663 111.619 10
      vertex -167.634 111.64 10
      vertex -176.214 131.245 10
    endloop
  endfacet
  facet normal 0 0 1
    outer loop
      vertex -175.465 143.264 10
      vertex -175.79 143.9 10
      vertex -175.762 143.688 10
    endloop
  endfacet
  facet normal 0 0 1
    outer loop
      vertex -175.345 132.74 10
      vertex -176.204 131.422 10
      vertex -176.214 131.245 10
    endloop
  endfacet
  facet normal 0 0 1
    outer loop
      vertex -174.194 136.752 10
      vertex -170.463 150.776 10
      vertex -172.713 147.996 10
    endloop
  endfacet
  facet normal -0 0 1
    outer loop
      vertex -174.304 146.877 10
      vertex -175.311 142.591 10
      vertex -172.744 147.967 10
    endloop
  endfacet
  facet normal 0 0 1
    outer loop
      vertex -175.627 141.839 10
      vertex -175.397 142.354 10
      vertex -175.523 142.325 10
    endloop
  endfacet
  facet normal 0 -0 1
    outer loop
      vertex -174.829 134.012 10
      vertex -174.206 136.606 10
      vertex -175.334 134.932 10
    endloop
  endfacet
  facet normal 0 0 1
    outer loop
      vertex -175.307 142.415 10
      vertex -175.627 141.839 10
      vertex -175.188 139.613 10
    endloop
  endfacet
  facet normal 0 0 1
    outer loop
      vertex -148.851 128.779 10
      vertex -170.463 150.776 10
      vertex -174.194 136.752 10
    endloop
  endfacet
  facet normal -0 0 1
    outer loop
      vertex -176.214 131.245 10
      vertex -157.97 123.435 10
      vertex -175.199 132.839 10
    endloop
  endfacet
  facet normal 0 0 1
    outer loop
      vertex -175.482 132.843 10
      vertex -175.781 133.739 10
      vertex -176.942 133.368 10
    endloop
  endfacet
  facet normal 0 -0 1
    outer loop
      vertex -157.97 123.435 10
      vertex -157.779 123.574 10
      vertex -174.819 133.889 10
    endloop
  endfacet
  facet normal 0 0 1
    outer loop
      vertex -174.79 138.86 10
      vertex -174.838 138.158 10
      vertex -174.194 136.752 10
    endloop
  endfacet
  facet normal 0 0 1
    outer loop
      vertex -157.97 123.435 10
      vertex -174.819 133.889 10
      vertex -175.199 132.839 10
    endloop
  endfacet
  facet normal -0 0 1
    outer loop
      vertex -174.819 133.889 10
      vertex -157.779 123.574 10
      vertex -174.206 136.606 10
    endloop
  endfacet
  facet normal 0 0 1
    outer loop
      vertex -176.204 131.422 10
      vertex -175.345 132.74 10
      vertex -175.482 132.843 10
    endloop
  endfacet
  facet normal 0 0 1
    outer loop
      vertex -165.116 114.048 10
      vertex -176.214 131.245 10
      vertex -165.289 113.915 10
    endloop
  endfacet
  facet normal -0 0 1
    outer loop
      vertex -176.987 132.63 10
      vertex -176.204 131.422 10
      vertex -175.482 132.843 10
    endloop
  endfacet
  facet normal 0 0 1
    outer loop
      vertex -176.214 131.245 10
      vertex -175.199 132.839 10
      vertex -175.345 132.74 10
    endloop
  endfacet
  facet normal 0 -0 1
    outer loop
      vertex -165.116 114.048 10
      vertex -162.301 116.149 10
      vertex -176.214 131.245 10
    endloop
  endfacet
  facet normal 0 0 1
    outer loop
      vertex -176.214 131.245 10
      vertex -162.301 116.149 10
      vertex -162.26 116.187 10
    endloop
  endfacet
  facet normal 0 0 1
    outer loop
      vertex -176.987 132.63 10
      vertex -175.482 132.843 10
      vertex -176.942 133.368 10
    endloop
  endfacet
  facet normal -0 -0 1
    outer loop
      vertex -185.828 115.909 10
      vertex -185.694 115.855 10
      vertex -186.855 117.177 10
    endloop
  endfacet
  facet normal 0 0 1
    outer loop
      vertex -175.781 133.739 10
      vertex -176.254 134.212 10
      vertex -176.553 134.083 10
    endloop
  endfacet
  facet normal 0 0 1
    outer loop
      vertex -175.781 133.739 10
      vertex -176.553 134.083 10
      vertex -176.942 133.368 10
    endloop
  endfacet
  facet normal -0 0 1
    outer loop
      vertex -179.578 132.502 10
      vertex -176.45 131.25 10
      vertex -177.514 132.679 10
    endloop
  endfacet
  facet normal 0 0 1
    outer loop
      vertex -179.578 132.502 10
      vertex -178.062 133.035 10
      vertex -178.796 133.114 10
    endloop
  endfacet
  facet normal -0 0 1
    outer loop
      vertex -188.533 118.419 10
      vertex -186.855 117.177 10
      vertex -179.754 132.496 10
    endloop
  endfacet
  facet normal 0 0 1
    outer loop
      vertex -176.214 131.245 10
      vertex -167.634 111.64 10
      vertex -165.289 113.915 10
    endloop
  endfacet
  facet normal 0 -0 1
    outer loop
      vertex -187.868 117.033 10
      vertex -187.044 117.283 10
      vertex -188.263 117.509 10
    endloop
  endfacet
  facet normal -0 -0 1
    outer loop
      vertex -187.044 117.283 10
      vertex -186.855 117.177 10
      vertex -188.533 118.419 10
    endloop
  endfacet
  facet normal 0 0 1
    outer loop
      vertex -177.514 132.679 10
      vertex -178.062 133.035 10
      vertex -179.578 132.502 10
    endloop
  endfacet
  facet normal -0 0 1
    outer loop
      vertex -179.754 132.496 10
      vertex -176.45 131.25 10
      vertex -179.578 132.502 10
    endloop
  endfacet
  facet normal 0 0 1
    outer loop
      vertex -179.368 134.793 10
      vertex -179.778 132.724 10
      vertex -178.933 133.597 10
    endloop
  endfacet
  facet normal -0 0 1
    outer loop
      vertex -201.941 122.713 10
      vertex -200.204 122.45 10
      vertex -196.459 123.058 10
    endloop
  endfacet
  facet normal 0 0 1
    outer loop
      vertex -187.796 147.822 10
      vertex -187.832 147.821 10
      vertex -189.586 147.173 10
    endloop
  endfacet
  facet normal 0 0 1
    outer loop
      vertex -202.093 122.74 10
      vertex -204.78 123.182 10
      vertex -204.41 123.052 10
    endloop
  endfacet
  facet normal 0 0 1
    outer loop
      vertex -181.853 136.411 10
      vertex -179.778 132.724 10
      vertex -181.103 136.345 10
    endloop
  endfacet
  facet normal 0 0 1
    outer loop
      vertex -179.754 132.496 10
      vertex -179.778 132.724 10
      vertex -181.853 136.411 10
    endloop
  endfacet
  facet normal 0 -0 1
    outer loop
      vertex -179.778 132.724 10
      vertex -179.368 134.793 10
      vertex -181.103 136.345 10
    endloop
  endfacet
  facet normal 0 0 1
    outer loop
      vertex -179.754 132.496 10
      vertex -181.853 136.411 10
      vertex -181.986 136.526 10
    endloop
  endfacet
  facet normal 0 0 1
    outer loop
      vertex -208.934 124.239 10
      vertex -207.569 124.108 10
      vertex -207.506 124.12 10
    endloop
  endfacet
  facet normal 0 -0 1
    outer loop
      vertex -181.504 136.999 10
      vertex -181.484 137.278 10
      vertex -181.93 136.68 10
    endloop
  endfacet
  facet normal 0 0 1
    outer loop
      vertex -181.93 136.68 10
      vertex -182.993 139.424 10
      vertex -181.986 136.526 10
    endloop
  endfacet
  facet normal 0 0 1
    outer loop
      vertex -184.456 147.715 10
      vertex -186.47 148.038 10
      vertex -183.307 144.09 10
    endloop
  endfacet
  facet normal 0 0 1
    outer loop
      vertex -187.796 147.822 10
      vertex -189.586 147.173 10
      vertex -183.307 144.09 10
    endloop
  endfacet
  facet normal 0 -0 1
    outer loop
      vertex -182.73 140.406 10
      vertex -182.691 142.424 10
      vertex -183.3 144.006 10
    endloop
  endfacet
  facet normal 0 0 1
    outer loop
      vertex -182.866 146.226 10
      vertex -183.218 147.111 10
      vertex -184.456 147.715 10
    endloop
  endfacet
  facet normal 0 0 1
    outer loop
      vertex -182.73 140.406 10
      vertex -183.3 144.006 10
      vertex -183.012 139.557 10
    endloop
  endfacet
  facet normal 0 0 1
    outer loop
      vertex -186.47 148.038 10
      vertex -187.796 147.822 10
      vertex -183.307 144.09 10
    endloop
  endfacet
  facet normal 0 0 1
    outer loop
      vertex -189.757 147.131 10
      vertex -189.843 147.315 10
      vertex -194.467 150.831 10
    endloop
  endfacet
  facet normal 0 0 1
    outer loop
      vertex -189.843 147.315 10
      vertex -190.474 149.182 10
      vertex -194.467 150.831 10
    endloop
  endfacet
  facet normal 0 0 1
    outer loop
      vertex -182.866 146.226 10
      vertex -184.456 147.715 10
      vertex -183.307 144.09 10
    endloop
  endfacet
  facet normal 0 0 1
    outer loop
      vertex -187.832 147.821 10
      vertex -188.956 147.914 10
      vertex -189.586 147.173 10
    endloop
  endfacet
  facet normal 0 0 1
    outer loop
      vertex -183.3 144.006 10
      vertex -189.586 147.173 10
      vertex -189.757 147.131 10
    endloop
  endfacet
  facet normal 0 0 1
    outer loop
      vertex -183.3 144.006 10
      vertex -189.757 147.131 10
      vertex -183.012 139.557 10
    endloop
  endfacet
  facet normal 0 0 1
    outer loop
      vertex -189.757 147.131 10
      vertex -182.993 139.424 10
      vertex -183.012 139.557 10
    endloop
  endfacet
  facet normal 0 0 1
    outer loop
      vertex -206.589 124.082 10
      vertex -210.743 126.443 10
      vertex -206.656 124.1 10
    endloop
  endfacet
  facet normal 0 0 1
    outer loop
      vertex -211.413 126.663 10
      vertex -206.141 154.462 10
      vertex -206.317 154.476 10
    endloop
  endfacet
  facet normal 0 0 1
    outer loop
      vertex -189.541 148.277 10
      vertex -190.474 149.182 10
      vertex -189.843 147.315 10
    endloop
  endfacet
  facet normal 0 0 1
    outer loop
      vertex -199.585 154.697 10
      vertex -195.83 152.647 10
      vertex -197.464 154.026 10
    endloop
  endfacet
  facet normal 0 0 1
    outer loop
      vertex -206.283 178.59 10
      vertex -206.318 178.451 10
      vertex -206.271 178.423 10
    endloop
  endfacet
  facet normal 0 -0 1
    outer loop
      vertex -210.743 126.443 10
      vertex -206.141 154.462 10
      vertex -211.413 126.663 10
    endloop
  endfacet
  facet normal -0 0 1
    outer loop
      vertex -206.141 154.462 10
      vertex -194.531 150.881 10
      vertex -205.174 154.651 10
    endloop
  endfacet
  facet normal 0 0 1
    outer loop
      vertex -205.371 154.84 10
      vertex -205.409 154.915 10
      vertex -205.345 154.694 10
    endloop
  endfacet
  facet normal 0 0 1
    outer loop
      vertex -194.531 150.881 10
      vertex -195.83 152.647 10
      vertex -199.585 154.697 10
    endloop
  endfacet
  facet normal 0 0 1
    outer loop
      vertex -205.174 154.651 10
      vertex -199.585 154.697 10
      vertex -199.613 154.709 10
    endloop
  endfacet
  facet normal 0 0 1
    outer loop
      vertex -202.445 155.748 10
      vertex -199.613 154.709 10
      vertex -201.363 155.682 10
    endloop
  endfacet
  facet normal 0 0 1
    outer loop
      vertex -205.174 154.651 10
      vertex -199.613 154.709 10
      vertex -202.445 155.748 10
    endloop
  endfacet
  facet normal 0 0 1
    outer loop
      vertex -194.531 150.881 10
      vertex -199.585 154.697 10
      vertex -205.174 154.651 10
    endloop
  endfacet
  facet normal 0 0 1
    outer loop
      vertex -206.317 154.476 10
      vertex -211.61 126.521 10
      vertex -211.413 126.663 10
    endloop
  endfacet
  facet normal 0 0 1
    outer loop
      vertex -205.174 154.651 10
      vertex -205.345 154.694 10
      vertex -206.141 154.462 10
    endloop
  endfacet
  facet normal 0 0 1
    outer loop
      vertex -206.317 154.476 10
      vertex -206.334 154.687 10
      vertex -209.62 160.15 10
    endloop
  endfacet
  facet normal 0 0 1
    outer loop
      vertex -208.396 162.168 10
      vertex -209.485 160.263 10
      vertex -207.178 161.986 10
    endloop
  endfacet
  facet normal 0 0 1
    outer loop
      vertex -205.342 154.923 10
      vertex -205.409 154.915 10
      vertex -205.371 154.84 10
    endloop
  endfacet
  facet normal 0 0 1
    outer loop
      vertex -205.409 154.915 10
      vertex -206.141 154.462 10
      vertex -205.345 154.694 10
    endloop
  endfacet
  facet normal 0 0 1
    outer loop
      vertex -207.506 124.12 10
      vertex -210.641 126.317 10
      vertex -208.977 124.256 10
    endloop
  endfacet
  facet normal 0 -0 1
    outer loop
      vertex -205.942 155.146 10
      vertex -205.567 156.225 10
      vertex -206.334 154.687 10
    endloop
  endfacet
  facet normal 0 0 1
    outer loop
      vertex -233.528 210.183 10
      vertex -233.673 210.231 10
      vertex -233.285 210 10
    endloop
  endfacet
  facet normal -0 0 1
    outer loop
      vertex -209.038 162.041 10
      vertex -209.485 160.263 10
      vertex -208.396 162.168 10
    endloop
  endfacet
  facet normal -0 0 1
    outer loop
      vertex -209.485 160.263 10
      vertex -205.567 156.225 10
      vertex -207.178 161.986 10
    endloop
  endfacet
  facet normal -0 0 1
    outer loop
      vertex -209.62 160.15 10
      vertex -205.567 156.225 10
      vertex -209.485 160.263 10
    endloop
  endfacet
  facet normal 0 -0 1
    outer loop
      vertex -206.334 154.687 10
      vertex -205.567 156.225 10
      vertex -209.62 160.15 10
    endloop
  endfacet
  facet normal 0 0 1
    outer loop
      vertex -236.35 209.73 10
      vertex -233.673 210.231 10
      vertex -234.283 210.931 10
    endloop
  endfacet
  facet normal 0 0 1
    outer loop
      vertex -206.317 154.476 10
      vertex -209.62 160.15 10
      vertex -209.78 160.308 10
    endloop
  endfacet
  facet normal 0 0 1
    outer loop
      vertex -241.224 203.185 10
      vertex -246.698 207.172 10
      vertex -249.969 206.526 10
    endloop
  endfacet
  facet normal 0 0 1
    outer loop
      vertex -209.683 162.022 10
      vertex -211.127 163.495 10
      vertex -209.78 160.308 10
    endloop
  endfacet
  facet normal 0 0 1
    outer loop
      vertex -210.678 170.024 10
      vertex -238.325 199.272 10
      vertex -210.704 169.826 10
    endloop
  endfacet
  facet normal 0 0 1
    outer loop
      vertex -225.739 206.602 10
      vertex -226.436 206.898 10
      vertex -227.371 206.84 10
    endloop
  endfacet
  facet normal 0 -0 1
    outer loop
      vertex -210.79 164.492 10
      vertex -210.79 167.47 10
      vertex -211.157 163.661 10
    endloop
  endfacet
  facet normal 0 0 1
    outer loop
      vertex -209.588 232.791 10
      vertex -208.479 231.959 10
      vertex -208.51 232.056 10
    endloop
  endfacet
  facet normal 0 0 1
    outer loop
      vertex -202.858 216.296 10
      vertex -204.357 217.845 10
      vertex -207.5 216.87 10
    endloop
  endfacet
  facet normal 0 0 1
    outer loop
      vertex -210.487 169.504 10
      vertex -210.704 169.826 10
      vertex -210.788 167.492 10
    endloop
  endfacet
  facet normal 0 -0 1
    outer loop
      vertex -210.145 170.48 10
      vertex -209.191 172.856 10
      vertex -210.678 170.024 10
    endloop
  endfacet
  facet normal 0 0 1
    outer loop
      vertex -209.22 173.584 10
      vertex -208.796 174.526 10
      vertex -208.081 176.668 10
    endloop
  endfacet
  facet normal 0 -0 1
    outer loop
      vertex -209.131 173.727 10
      vertex -208.84 174.408 10
      vertex -209.22 173.584 10
    endloop
  endfacet
  facet normal 0 0 1
    outer loop
      vertex -209.191 172.856 10
      vertex -209.22 173.584 10
      vertex -210.678 170.024 10
    endloop
  endfacet
  facet normal 0 0 1
    outer loop
      vertex -208.796 174.526 10
      vertex -208.082 176.492 10
      vertex -208.081 176.668 10
    endloop
  endfacet
  facet normal -0 0 1
    outer loop
      vertex -207.17 185.728 10
      vertex -205.048 185.046 10
      vertex -207.133 185.901 10
    endloop
  endfacet
  facet normal 0 0 1
    outer loop
      vertex -208.798 173.874 10
      vertex -208.84 174.408 10
      vertex -209.131 173.727 10
    endloop
  endfacet
  facet normal 0 -0 1
    outer loop
      vertex -208.84 174.408 10
      vertex -208.796 174.526 10
      vertex -209.22 173.584 10
    endloop
  endfacet
  facet normal 0 0 1
    outer loop
      vertex -207.946 176.729 10
      vertex -207.59 176.98 10
      vertex -207.476 177.136 10
    endloop
  endfacet
  facet normal 0 0 1
    outer loop
      vertex -207.556 175.766 10
      vertex -208.082 176.492 10
      vertex -208.796 174.526 10
    endloop
  endfacet
  facet normal 0 -0 1
    outer loop
      vertex -204.52 179.615 10
      vertex -204.482 179.832 10
      vertex -204.985 179.799 10
    endloop
  endfacet
  facet normal 0 0 1
    outer loop
      vertex -205.396 180.744 10
      vertex -207.938 185.813 10
      vertex -207.251 178.664 10
    endloop
  endfacet
  facet normal 0 0 1
    outer loop
      vertex -207.231 178.489 10
      vertex -206.96 177.567 10
      vertex -206.909 177.672 10
    endloop
  endfacet
  facet normal 0 0 1
    outer loop
      vertex -207.571 176.695 10
      vertex -207.59 176.98 10
      vertex -207.946 176.729 10
    endloop
  endfacet
  facet normal 0 -0 1
    outer loop
      vertex -206.909 177.672 10
      vertex -206.674 177.881 10
      vertex -207.231 178.489 10
    endloop
  endfacet
  facet normal 0 -0 1
    outer loop
      vertex -207.946 176.729 10
      vertex -207.476 177.136 10
      vertex -208.081 176.668 10
    endloop
  endfacet
  facet normal 0 0 1
    outer loop
      vertex -205.585 184.517 10
      vertex -207.17 185.728 10
      vertex -207.298 185.693 10
    endloop
  endfacet
  facet normal 0 -0 1
    outer loop
      vertex -206.974 177.259 10
      vertex -206.96 177.567 10
      vertex -207.476 177.136 10
    endloop
  endfacet
  facet normal 0 0 1
    outer loop
      vertex -207.476 177.136 10
      vertex -206.96 177.567 10
      vertex -207.231 178.489 10
    endloop
  endfacet
  facet normal 0 0 1
    outer loop
      vertex -205.396 180.744 10
      vertex -205.799 179.537 10
      vertex -205.715 179.603 10
    endloop
  endfacet
  facet normal 0 -0 1
    outer loop
      vertex -207.476 177.136 10
      vertex -207.231 178.489 10
      vertex -208.081 176.668 10
    endloop
  endfacet
  facet normal 0 0 1
    outer loop
      vertex -206.283 178.59 10
      vertex -206.271 178.423 10
      vertex -206.13 178.298 10
    endloop
  endfacet
  facet normal 0 0 1
    outer loop
      vertex -207.231 178.489 10
      vertex -207.251 178.664 10
      vertex -208.081 176.668 10
    endloop
  endfacet
  facet normal 0 0 1
    outer loop
      vertex -205.396 180.744 10
      vertex -205.715 179.603 10
      vertex -205.266 180.224 10
    endloop
  endfacet
  facet normal 0 0 1
    outer loop
      vertex -207.068 178.731 10
      vertex -206.318 178.451 10
      vertex -206.283 178.59 10
    endloop
  endfacet
  facet normal -0 0 1
    outer loop
      vertex -207.068 178.731 10
      vertex -206.283 178.59 10
      vertex -206.279 178.737 10
    endloop
  endfacet
  facet normal 0 -0 1
    outer loop
      vertex -206.279 178.737 10
      vertex -205.799 179.537 10
      vertex -207.068 178.731 10
    endloop
  endfacet
  facet normal 0 0 1
    outer loop
      vertex -205.085 179.803 10
      vertex -205.178 180.121 10
      vertex -205.715 179.603 10
    endloop
  endfacet
  facet normal 0 0 1
    outer loop
      vertex -205.266 180.224 10
      vertex -205.715 179.603 10
      vertex -205.178 180.121 10
    endloop
  endfacet
  facet normal 0 0 1
    outer loop
      vertex -204.11 184.941 10
      vertex -205.412 184.276 10
      vertex -203.057 184.055 10
    endloop
  endfacet
  facet normal 0 0 1
    outer loop
      vertex -204.482 179.832 10
      vertex -204.52 179.615 10
      vertex -204.459 179.71 10
    endloop
  endfacet
  facet normal 0 -0 1
    outer loop
      vertex -204.985 179.799 10
      vertex -204.482 179.832 10
      vertex -205.178 180.121 10
    endloop
  endfacet
  facet normal 0 0 1
    outer loop
      vertex -203.016 184.031 10
      vertex -204.487 181.146 10
      vertex -203.243 180.869 10
    endloop
  endfacet
  facet normal 0 0 1
    outer loop
      vertex -204.985 179.799 10
      vertex -205.178 180.121 10
      vertex -205.085 179.803 10
    endloop
  endfacet
  facet normal 0 0 1
    outer loop
      vertex -207.068 178.731 10
      vertex -205.799 179.537 10
      vertex -205.396 180.744 10
    endloop
  endfacet
  facet normal 0 -0 1
    outer loop
      vertex -207.068 178.731 10
      vertex -205.396 180.744 10
      vertex -207.251 178.664 10
    endloop
  endfacet
  facet normal 0 0 1
    outer loop
      vertex -205.586 184.304 10
      vertex -205.293 180.924 10
      vertex -205.412 184.276 10
    endloop
  endfacet
  facet normal 0 0 1
    outer loop
      vertex -202.251 183.725 10
      vertex -203.016 184.031 10
      vertex -201.872 181.623 10
    endloop
  endfacet
  facet normal 0 0 1
    outer loop
      vertex -207.938 185.813 10
      vertex -208.057 185.929 10
      vertex -207.251 178.664 10
    endloop
  endfacet
  facet normal 0 0 1
    outer loop
      vertex -202.251 183.725 10
      vertex -201.872 181.623 10
      vertex -201.735 183.111 10
    endloop
  endfacet
  facet normal 0 0 1
    outer loop
      vertex -203.016 184.031 10
      vertex -203.243 180.869 10
      vertex -201.872 181.623 10
    endloop
  endfacet
  facet normal 0 -0 1
    outer loop
      vertex -198.367 187.19 10
      vertex -198.294 187.35 10
      vertex -198.686 186.999 10
    endloop
  endfacet
  facet normal 0 0 1
    outer loop
      vertex -203.057 184.055 10
      vertex -204.487 181.146 10
      vertex -203.016 184.031 10
    endloop
  endfacet
  facet normal 0 0 1
    outer loop
      vertex -205.412 184.276 10
      vertex -204.487 181.146 10
      vertex -203.057 184.055 10
    endloop
  endfacet
  facet normal 0 0 1
    outer loop
      vertex -204.259 185.801 10
      vertex -204.163 185.538 10
      vertex -201.427 185.054 10
    endloop
  endfacet
  facet normal 0 0 1
    outer loop
      vertex -205.412 184.276 10
      vertex -204.563 181.144 10
      vertex -204.487 181.146 10
    endloop
  endfacet
  facet normal 0 -0 1
    outer loop
      vertex -205.293 180.924 10
      vertex -204.563 181.144 10
      vertex -205.412 184.276 10
    endloop
  endfacet
  facet normal 0 -0 1
    outer loop
      vertex -205.396 180.744 10
      vertex -205.293 180.924 10
      vertex -205.586 184.304 10
    endloop
  endfacet
  facet normal 0 0 1
    outer loop
      vertex -212.951 224.467 10
      vertex -206.739 226.507 10
      vertex -212.928 224.642 10
    endloop
  endfacet
  facet normal 0 -0 1
    outer loop
      vertex -205.586 184.304 10
      vertex -205.585 184.517 10
      vertex -207.298 185.693 10
    endloop
  endfacet
  facet normal 0 0 1
    outer loop
      vertex -205.586 184.304 10
      vertex -207.938 185.813 10
      vertex -205.396 180.744 10
    endloop
  endfacet
  facet normal 0 -0 1
    outer loop
      vertex -200.455 185.183 10
      vertex -200.195 185.67 10
      vertex -201.278 185.081 10
    endloop
  endfacet
  facet normal 0 0 1
    outer loop
      vertex -205.048 185.046 10
      vertex -207.209 186.071 10
      vertex -207.133 185.901 10
    endloop
  endfacet
  facet normal 0 -0 1
    outer loop
      vertex -205.585 184.517 10
      vertex -205.048 185.046 10
      vertex -207.17 185.728 10
    endloop
  endfacet
  facet normal 0 0 1
    outer loop
      vertex -205.586 184.304 10
      vertex -207.298 185.693 10
      vertex -207.938 185.813 10
    endloop
  endfacet
  facet normal 0 0 1
    outer loop
      vertex -208.057 185.929 10
      vertex -208.081 176.668 10
      vertex -207.251 178.664 10
    endloop
  endfacet
  facet normal 0 0 1
    outer loop
      vertex -209.22 173.584 10
      vertex -208.081 176.668 10
      vertex -208.057 185.929 10
    endloop
  endfacet
  facet normal -0 0 1
    outer loop
      vertex -237.992 202.129 10
      vertex -238.031 201.957 10
      vertex -227.457 206.861 10
    endloop
  endfacet
  facet normal 0 0 1
    outer loop
      vertex -238.295 199.446 10
      vertex -227.371 206.84 10
      vertex -227.457 206.861 10
    endloop
  endfacet
  facet normal 0 0 1
    outer loop
      vertex -200.227 187.299 10
      vertex -204.433 185.896 10
      vertex -204.259 185.801 10
    endloop
  endfacet
  facet normal 0 0 1
    outer loop
      vertex -197.831 193.549 10
      vertex -199.914 195.839 10
      vertex -202.299 196.09 10
    endloop
  endfacet
  facet normal 0 0 1
    outer loop
      vertex -207.53 186.913 10
      vertex -205.18 185.728 10
      vertex -204.433 185.896 10
    endloop
  endfacet
  facet normal -0 -0 1
    outer loop
      vertex -207.53 186.913 10
      vertex -204.433 185.896 10
      vertex -208.103 187.495 10
    endloop
  endfacet
  facet normal 0 -0 1
    outer loop
      vertex -198.133 187.342 10
      vertex -197.74 193.501 10
      vertex -198.294 187.35 10
    endloop
  endfacet
  facet normal 0 0 1
    outer loop
      vertex -204.163 185.538 10
      vertex -201.831 184.71 10
      vertex -201.427 185.054 10
    endloop
  endfacet
  facet normal 0 0 1
    outer loop
      vertex -200.195 185.67 10
      vertex -200.51 186.486 10
      vertex -201.278 185.081 10
    endloop
  endfacet
  facet normal 0 -0 1
    outer loop
      vertex -201.278 185.081 10
      vertex -200.51 186.486 10
      vertex -201.427 185.054 10
    endloop
  endfacet
  facet normal 0 0 1
    outer loop
      vertex -200.51 186.486 10
      vertex -204.259 185.801 10
      vertex -201.427 185.054 10
    endloop
  endfacet
  facet normal -0 0 1
    outer loop
      vertex -201.278 185.081 10
      vertex -200.841 184.918 10
      vertex -200.455 185.183 10
    endloop
  endfacet
  facet normal 0 0 1
    outer loop
      vertex -200.465 186.656 10
      vertex -204.259 185.801 10
      vertex -200.51 186.486 10
    endloop
  endfacet
  facet normal 0 0 1
    outer loop
      vertex -200.227 187.299 10
      vertex -204.259 185.801 10
      vertex -200.465 186.656 10
    endloop
  endfacet
  facet normal 0 0 1
    outer loop
      vertex -193.55 192.173 10
      vertex -194.239 193.034 10
      vertex -194.094 190.967 10
    endloop
  endfacet
  facet normal 0 0 1
    outer loop
      vertex -200.227 187.299 10
      vertex -200.465 186.656 10
      vertex -200.346 186.688 10
    endloop
  endfacet
  facet normal 0 0 1
    outer loop
      vertex -200.145 187.5 10
      vertex -204.433 185.896 10
      vertex -200.227 187.299 10
    endloop
  endfacet
  facet normal 0 0 1
    outer loop
      vertex -199.116 214.65 10
      vertex -197.962 216.111 10
      vertex -198.307 216.07 10
    endloop
  endfacet
  facet normal 0 0 1
    outer loop
      vertex -199.928 186.621 10
      vertex -200.227 187.299 10
      vertex -200.346 186.688 10
    endloop
  endfacet
  facet normal 0 -0 1
    outer loop
      vertex -199.449 187.634 10
      vertex -197.74 193.501 10
      vertex -199.635 187.7 10
    endloop
  endfacet
  facet normal 0 -0 1
    outer loop
      vertex -193.55 192.173 10
      vertex -193.541 192.75 10
      vertex -194.239 193.034 10
    endloop
  endfacet
  facet normal 0 0 1
    outer loop
      vertex -198.686 186.999 10
      vertex -199.449 187.634 10
      vertex -199.068 186.959 10
    endloop
  endfacet
  facet normal 0 -0 1
    outer loop
      vertex -198.593 186.979 10
      vertex -198.367 187.19 10
      vertex -198.686 186.999 10
    endloop
  endfacet
  facet normal 0 0 1
    outer loop
      vertex -198.286 186.794 10
      vertex -198.367 187.19 10
      vertex -198.593 186.979 10
    endloop
  endfacet
  facet normal 0 0 1
    outer loop
      vertex -199.449 187.634 10
      vertex -198.686 186.999 10
      vertex -198.294 187.35 10
    endloop
  endfacet
  facet normal 0 0 1
    outer loop
      vertex -194.094 190.967 10
      vertex -197.74 193.501 10
      vertex -195.902 187.687 10
    endloop
  endfacet
  facet normal 0 -0 1
    outer loop
      vertex -200.652 196.912 10
      vertex -199.887 196.95 10
      vertex -200.689 196.92 10
    endloop
  endfacet
  facet normal 0 0 1
    outer loop
      vertex -197.74 193.501 10
      vertex -198.133 187.342 10
      vertex -195.902 187.687 10
    endloop
  endfacet
  facet normal -0 0 1
    outer loop
      vertex -198.133 187.342 10
      vertex -197.364 186.79 10
      vertex -195.902 187.687 10
    endloop
  endfacet
  facet normal -0 0 1
    outer loop
      vertex -199.449 187.634 10
      vertex -198.294 187.35 10
      vertex -197.74 193.501 10
    endloop
  endfacet
  facet normal 0 0 1
    outer loop
      vertex -194.239 193.034 10
      vertex -197.74 193.501 10
      vertex -194.094 190.967 10
    endloop
  endfacet
  facet normal 0 0 1
    outer loop
      vertex -197.74 193.501 10
      vertex -197.831 193.549 10
      vertex -199.635 187.7 10
    endloop
  endfacet
  facet normal 0 0 1
    outer loop
      vertex -197.831 193.549 10
      vertex -200.145 187.5 10
      vertex -199.635 187.7 10
    endloop
  endfacet
  facet normal 0 0 1
    outer loop
      vertex -191.197 197.826 10
      vertex -191.47 198.291 10
      vertex -192.706 199.021 10
    endloop
  endfacet
  facet normal 0 0 1
    outer loop
      vertex -199.914 195.839 10
      vertex -202.164 196.204 10
      vertex -202.299 196.09 10
    endloop
  endfacet
  facet normal 0 0 1
    outer loop
      vertex -202.083 196.538 10
      vertex -202.164 196.204 10
      vertex -199.914 195.839 10
    endloop
  endfacet
  facet normal 0 0 1
    outer loop
      vertex -197.831 193.549 10
      vertex -202.299 196.09 10
      vertex -200.145 187.5 10
    endloop
  endfacet
  facet normal 0 0 1
    outer loop
      vertex -202.408 196.126 10
      vertex -204.433 185.896 10
      vertex -202.299 196.09 10
    endloop
  endfacet
  facet normal 0 0 1
    outer loop
      vertex -188.44 215.016 10
      vertex -182.878 216.144 10
      vertex -183.971 217.578 10
    endloop
  endfacet
  facet normal 0 0 1
    outer loop
      vertex -202.299 196.09 10
      vertex -204.433 185.896 10
      vertex -200.145 187.5 10
    endloop
  endfacet
  facet normal 0 0 1
    outer loop
      vertex -202.408 196.126 10
      vertex -208.103 187.495 10
      vertex -204.433 185.896 10
    endloop
  endfacet
  facet normal 0 0 1
    outer loop
      vertex -208.103 187.495 10
      vertex -202.408 196.126 10
      vertex -203.238 196.836 10
    endloop
  endfacet
  facet normal 0 -0 1
    outer loop
      vertex -208.103 187.495 10
      vertex -203.238 196.836 10
      vertex -208.285 187.52 10
    endloop
  endfacet
  facet normal 0 0 1
    outer loop
      vertex -211.949 202.309 10
      vertex -212.624 201.054 10
      vertex -212.614 200.954 10
    endloop
  endfacet
  facet normal 0 0 1
    outer loop
      vertex -191.858 207.315 10
      vertex -192.213 205.481 10
      vertex -188.664 202.997 10
    endloop
  endfacet
  facet normal 0 -0 1
    outer loop
      vertex -200.021 196.748 10
      vertex -199.887 196.95 10
      vertex -200.652 196.912 10
    endloop
  endfacet
  facet normal 0 -0 1
    outer loop
      vertex -197.102 195.525 10
      vertex -192.78 199.142 10
      vertex -197.13 195.547 10
    endloop
  endfacet
  facet normal 0 0 1
    outer loop
      vertex -200 196.693 10
      vertex -200.021 196.748 10
      vertex -200.652 196.912 10
    endloop
  endfacet
  facet normal 0 0 1
    outer loop
      vertex -192.78 199.142 10
      vertex -192.83 200.042 10
      vertex -199.36 196.947 10
    endloop
  endfacet
  facet normal 0 -0 1
    outer loop
      vertex -190.163 200.444 10
      vertex -189.241 202.099 10
      vertex -190.268 200.455 10
    endloop
  endfacet
  facet normal 0 0 1
    outer loop
      vertex -197.102 195.525 10
      vertex -195.424 193.797 10
      vertex -193.618 194.259 10
    endloop
  endfacet
  facet normal 0 0 1
    outer loop
      vertex -193.618 194.259 10
      vertex -195.424 193.797 10
      vertex -194.382 193.752 10
    endloop
  endfacet
  facet normal 0 0 1
    outer loop
      vertex -191.197 197.826 10
      vertex -192.706 199.021 10
      vertex -193.618 194.259 10
    endloop
  endfacet
  facet normal 0 -0 1
    outer loop
      vertex -189.803 200.264 10
      vertex -189.031 201.909 10
      vertex -190.163 200.444 10
    endloop
  endfacet
  facet normal 0 0 1
    outer loop
      vertex -192.706 199.021 10
      vertex -197.102 195.525 10
      vertex -193.618 194.259 10
    endloop
  endfacet
  facet normal 0 0 1
    outer loop
      vertex -192.78 199.142 10
      vertex -199.36 196.947 10
      vertex -197.13 195.547 10
    endloop
  endfacet
  facet normal 0 -0 1
    outer loop
      vertex -192.83 200.042 10
      vertex -192.679 200.2 10
      vertex -194.198 203.617 10
    endloop
  endfacet
  facet normal 0 0 1
    outer loop
      vertex -192.679 200.2 10
      vertex -194.024 203.644 10
      vertex -194.198 203.617 10
    endloop
  endfacet
  facet normal 0 0 1
    outer loop
      vertex -199.36 196.947 10
      vertex -192.83 200.042 10
      vertex -194.198 203.617 10
    endloop
  endfacet
  facet normal 0 0 1
    outer loop
      vertex -190.862 208.956 10
      vertex -190.882 208.901 10
      vertex -182.591 208.438 10
    endloop
  endfacet
  facet normal 0 0 1
    outer loop
      vertex -189.745 200.212 10
      vertex -188.821 201.917 10
      vertex -189.031 201.909 10
    endloop
  endfacet
  facet normal 0 0 1
    outer loop
      vertex -187.291 200.873 10
      vertex -188.821 201.917 10
      vertex -189.745 200.212 10
    endloop
  endfacet
  facet normal 0 0 1
    outer loop
      vertex -188.39 202.221 10
      vertex -188.821 201.917 10
      vertex -187.291 200.873 10
    endloop
  endfacet
  facet normal 0 0 1
    outer loop
      vertex -182.591 208.438 10
      vertex -188.489 203.037 10
      vertex -187.799 202.727 10
    endloop
  endfacet
  facet normal 0 -0 1
    outer loop
      vertex -186.524 201.274 10
      vertex -182.917 201.368 10
      vertex -186.603 201.349 10
    endloop
  endfacet
  facet normal 0 0 1
    outer loop
      vertex -188.993 199.07 10
      vertex -187.987 198.442 10
      vertex -187.445 198.853 10
    endloop
  endfacet
  facet normal 0 0 1
    outer loop
      vertex -187.445 198.853 10
      vertex -187.987 198.442 10
      vertex -187.783 198.342 10
    endloop
  endfacet
  facet normal 0 0 1
    outer loop
      vertex -187.291 200.873 10
      vertex -187.445 198.853 10
      vertex -187.258 198.906 10
    endloop
  endfacet
  facet normal 0 0 1
    outer loop
      vertex -182.311 207.678 10
      vertex -187.799 202.727 10
      vertex -182.292 207.643 10
    endloop
  endfacet
  facet normal -0 0 1
    outer loop
      vertex -189.745 200.212 10
      vertex -188.993 199.07 10
      vertex -187.291 200.873 10
    endloop
  endfacet
  facet normal 0 0 1
    outer loop
      vertex -187.258 198.906 10
      vertex -186.484 198.552 10
      vertex -186.437 198.748 10
    endloop
  endfacet
  facet normal -0 -0 1
    outer loop
      vertex -187.258 198.906 10
      vertex -186.437 198.748 10
      vertex -187.291 200.873 10
    endloop
  endfacet
  facet normal 0 0 1
    outer loop
      vertex -188.515 202.24 10
      vertex -188.821 201.917 10
      vertex -188.39 202.221 10
    endloop
  endfacet
  facet normal 0 -0 1
    outer loop
      vertex -185.388 199.372 10
      vertex -182.917 201.368 10
      vertex -186.524 201.274 10
    endloop
  endfacet
  facet normal 0 0 1
    outer loop
      vertex -189.031 201.909 10
      vertex -189.241 202.099 10
      vertex -190.163 200.444 10
    endloop
  endfacet
  facet normal 0 0 1
    outer loop
      vertex -187.208 201.693 10
      vertex -187.271 201.623 10
      vertex -186.603 201.349 10
    endloop
  endfacet
  facet normal 0 0 1
    outer loop
      vertex -189.254 202.307 10
      vertex -191.269 200.19 10
      vertex -190.268 200.455 10
    endloop
  endfacet
  facet normal -0 0 1
    outer loop
      vertex -189.803 200.264 10
      vertex -189.745 200.212 10
      vertex -189.031 201.909 10
    endloop
  endfacet
  facet normal 0 0 1
    outer loop
      vertex -190.268 200.455 10
      vertex -189.241 202.099 10
      vertex -189.254 202.307 10
    endloop
  endfacet
  facet normal 0 0 1
    outer loop
      vertex -188.664 202.997 10
      vertex -192.254 205.404 10
      vertex -189.254 202.307 10
    endloop
  endfacet
  facet normal 0 0 1
    outer loop
      vertex -189.469 212.873 10
      vertex -189.558 212.882 10
      vertex -190.277 212.532 10
    endloop
  endfacet
  facet normal 0 0 1
    outer loop
      vertex -185.923 218.87 10
      vertex -188.483 215.184 10
      vertex -183.971 217.578 10
    endloop
  endfacet
  facet normal 0 0 1
    outer loop
      vertex -182.093 202.746 10
      vertex -182.292 207.643 10
      vertex -182.191 202.673 10
    endloop
  endfacet
  facet normal 0 0 1
    outer loop
      vertex -182.278 213.866 10
      vertex -182.756 211.725 10
      vertex -182.153 213.742 10
    endloop
  endfacet
  facet normal 0 0 1
    outer loop
      vertex -186.603 201.349 10
      vertex -182.917 201.368 10
      vertex -182.191 202.673 10
    endloop
  endfacet
  facet normal -0 0 1
    outer loop
      vertex -187.283 201.66 10
      vertex -187.271 201.623 10
      vertex -187.208 201.693 10
    endloop
  endfacet
  facet normal -0 0 1
    outer loop
      vertex -187.208 201.693 10
      vertex -186.603 201.349 10
      vertex -187.152 201.922 10
    endloop
  endfacet
  facet normal -0 -0 1
    outer loop
      vertex -185.656 199.431 10
      vertex -185.388 199.372 10
      vertex -186.524 201.274 10
    endloop
  endfacet
  facet normal 0 0 1
    outer loop
      vertex -187.742 202.682 10
      vertex -187.152 201.922 10
      vertex -182.191 202.673 10
    endloop
  endfacet
  facet normal 0 0 1
    outer loop
      vertex -182.153 213.742 10
      vertex -182.63 211.727 10
      vertex -180.771 212.577 10
    endloop
  endfacet
  facet normal 0 0 1
    outer loop
      vertex -180.808 205.563 10
      vertex -182.292 207.643 10
      vertex -182.093 202.746 10
    endloop
  endfacet
  facet normal 0 0 1
    outer loop
      vertex -180.808 205.563 10
      vertex -182.093 202.746 10
      vertex -181.181 203.208 10
    endloop
  endfacet
  facet normal 0 0 1
    outer loop
      vertex -182.093 202.746 10
      vertex -181.479 202.886 10
      vertex -181.181 203.208 10
    endloop
  endfacet
  facet normal 0 0 1
    outer loop
      vertex -182.292 207.643 10
      vertex -187.742 202.682 10
      vertex -182.191 202.673 10
    endloop
  endfacet
  facet normal -0 0 1
    outer loop
      vertex -187.799 202.727 10
      vertex -187.742 202.682 10
      vertex -182.292 207.643 10
    endloop
  endfacet
  facet normal 0 0 1
    outer loop
      vertex -182.591 208.438 10
      vertex -187.799 202.727 10
      vertex -182.311 207.678 10
    endloop
  endfacet
  facet normal 0 0 1
    outer loop
      vertex -182.598 208.514 10
      vertex -182.859 209.354 10
      vertex -182.591 208.438 10
    endloop
  endfacet
  facet normal 0 0 1
    outer loop
      vertex -182.452 209.399 10
      vertex -182.641 209.282 10
      vertex -182.598 208.514 10
    endloop
  endfacet
  facet normal 0 0 1
    outer loop
      vertex -182.641 209.282 10
      vertex -182.859 209.354 10
      vertex -182.598 208.514 10
    endloop
  endfacet
  facet normal 0 -0 1
    outer loop
      vertex -183.589 211.164 10
      vertex -183.516 211.355 10
      vertex -188.45 213.156 10
    endloop
  endfacet
  facet normal 0 0 1
    outer loop
      vertex -182.859 209.354 10
      vertex -190.862 208.956 10
      vertex -182.591 208.438 10
    endloop
  endfacet
  facet normal 0 -0 1
    outer loop
      vertex -188.45 213.156 10
      vertex -182.278 213.866 10
      vertex -188.495 213.326 10
    endloop
  endfacet
  facet normal 0 0 1
    outer loop
      vertex -182.878 216.144 10
      vertex -183.045 217.082 10
      vertex -183.971 217.578 10
    endloop
  endfacet
  facet normal 0 0 1
    outer loop
      vertex -182.278 213.866 10
      vertex -183.516 211.355 10
      vertex -182.756 211.725 10
    endloop
  endfacet
  facet normal 0 0 1
    outer loop
      vertex -180.954 213.554 10
      vertex -182.153 213.742 10
      vertex -180.714 213.008 10
    endloop
  endfacet
  facet normal -0 0 1
    outer loop
      vertex -188.881 219.558 10
      vertex -186.001 218.893 10
      vertex -187.427 219.802 10
    endloop
  endfacet
  facet normal 0 -0 1
    outer loop
      vertex -182.056 211.475 10
      vertex -180.771 212.577 10
      vertex -182.63 211.727 10
    endloop
  endfacet
  facet normal 0 0 1
    outer loop
      vertex -182.153 213.742 10
      vertex -180.771 212.577 10
      vertex -180.714 213.008 10
    endloop
  endfacet
  facet normal 0 0 1
    outer loop
      vertex -182.756 211.725 10
      vertex -182.63 211.727 10
      vertex -182.153 213.742 10
    endloop
  endfacet
  facet normal 0 -0 1
    outer loop
      vertex -182.239 213.993 10
      vertex -182.132 216.181 10
      vertex -182.69 216.025 10
    endloop
  endfacet
  facet normal 0 0 1
    outer loop
      vertex -182.239 213.993 10
      vertex -182.69 216.025 10
      vertex -182.878 216.144 10
    endloop
  endfacet
  facet normal 0 0 1
    outer loop
      vertex -182.132 216.181 10
      vertex -182.239 213.993 10
      vertex -180.897 215.402 10
    endloop
  endfacet
  facet normal 0 0 1
    outer loop
      vertex -182.132 216.181 10
      vertex -180.897 215.402 10
      vertex -180.966 215.662 10
    endloop
  endfacet
  facet normal 0 0 1
    outer loop
      vertex -182.239 213.993 10
      vertex -182.878 216.144 10
      vertex -182.278 213.866 10
    endloop
  endfacet
  facet normal 0 -0 1
    outer loop
      vertex -188.483 215.184 10
      vertex -186.001 218.893 10
      vertex -189.605 216.134 10
    endloop
  endfacet
  facet normal 0 0 1
    outer loop
      vertex -204.169 217.824 10
      vertex -202.858 216.296 10
      vertex -202.817 216.534 10
    endloop
  endfacet
  facet normal 0 0 1
    outer loop
      vertex -185.923 218.87 10
      vertex -183.971 217.578 10
      vertex -184.048 217.736 10
    endloop
  endfacet
  facet normal 0 0 1
    outer loop
      vertex -185.923 218.87 10
      vertex -186.001 218.893 10
      vertex -188.483 215.184 10
    endloop
  endfacet
  facet normal 0 0 1
    outer loop
      vertex -188.881 219.558 10
      vertex -188.965 219.554 10
      vertex -189.605 216.134 10
    endloop
  endfacet
  facet normal 0 0 1
    outer loop
      vertex -188.079 219.839 10
      vertex -188.881 219.558 10
      vertex -187.427 219.802 10
    endloop
  endfacet
  facet normal 0 0 1
    outer loop
      vertex -185.923 218.87 10
      vertex -184.048 217.736 10
      vertex -183.957 217.849 10
    endloop
  endfacet
  facet normal 0 0 1
    outer loop
      vertex -185.923 218.87 10
      vertex -183.957 217.849 10
      vertex -183.642 218.821 10
    endloop
  endfacet
  facet normal 0 -0 1
    outer loop
      vertex -183.437 218.064 10
      vertex -183.236 218.585 10
      vertex -183.642 218.821 10
    endloop
  endfacet
  facet normal 0 0 1
    outer loop
      vertex -183.437 218.064 10
      vertex -183.642 218.821 10
      vertex -183.957 217.849 10
    endloop
  endfacet
  facet normal 0 0 1
    outer loop
      vertex -188.881 219.558 10
      vertex -189.605 216.134 10
      vertex -186.001 218.893 10
    endloop
  endfacet
  facet normal 0 0 1
    outer loop
      vertex -212.967 225.648 10
      vertex -212.228 229.893 10
      vertex -212.345 229.792 10
    endloop
  endfacet
  facet normal 0 0 1
    outer loop
      vertex -183.971 217.578 10
      vertex -188.483 215.184 10
      vertex -188.44 215.016 10
    endloop
  endfacet
  facet normal 0 -0 1
    outer loop
      vertex -189.605 216.134 10
      vertex -188.965 219.554 10
      vertex -189.856 219.767 10
    endloop
  endfacet
  facet normal 0 0 1
    outer loop
      vertex -182.878 216.144 10
      vertex -188.44 215.016 10
      vertex -182.278 213.866 10
    endloop
  endfacet
  facet normal 0 -0 1
    outer loop
      vertex -205.715 221.706 10
      vertex -205.295 222.566 10
      vertex -206.739 226.507 10
    endloop
  endfacet
  facet normal 0 0 1
    outer loop
      vertex -190.862 208.956 10
      vertex -188.559 213.063 10
      vertex -189.469 212.873 10
    endloop
  endfacet
  facet normal 0 0 1
    outer loop
      vertex -190.277 212.532 10
      vertex -189.558 212.882 10
      vertex -189.926 213.035 10
    endloop
  endfacet
  facet normal 0 0 1
    outer loop
      vertex -196.396 208.215 10
      vertex -200.481 209.931 10
      vertex -196.136 207.135 10
    endloop
  endfacet
  facet normal 0 0 1
    outer loop
      vertex -182.278 213.866 10
      vertex -188.45 213.156 10
      vertex -183.516 211.355 10
    endloop
  endfacet
  facet normal 0 0 1
    outer loop
      vertex -196.116 207.088 10
      vertex -203.129 197.1 10
      vertex -200.689 196.92 10
    endloop
  endfacet
  facet normal 0 0 1
    outer loop
      vertex -188.495 213.326 10
      vertex -182.278 213.866 10
      vertex -188.44 215.016 10
    endloop
  endfacet
  facet normal 0 0 1
    outer loop
      vertex -182.859 209.354 10
      vertex -183.589 211.164 10
      vertex -190.862 208.956 10
    endloop
  endfacet
  facet normal 0 -0 1
    outer loop
      vertex -188.495 213.326 10
      vertex -188.44 215.016 10
      vertex -188.951 213.697 10
    endloop
  endfacet
  facet normal 0 0 1
    outer loop
      vertex -188.489 203.037 10
      vertex -190.882 208.901 10
      vertex -191.858 207.315 10
    endloop
  endfacet
  facet normal 0 0 1
    outer loop
      vertex -188.45 213.156 10
      vertex -188.559 213.063 10
      vertex -183.589 211.164 10
    endloop
  endfacet
  facet normal 0 0 1
    outer loop
      vertex -188.559 213.063 10
      vertex -190.862 208.956 10
      vertex -183.589 211.164 10
    endloop
  endfacet
  facet normal 0 0 1
    outer loop
      vertex -189.469 212.873 10
      vertex -190.277 212.532 10
      vertex -190.862 208.956 10
    endloop
  endfacet
  facet normal 0 0 1
    outer loop
      vertex -182.591 208.438 10
      vertex -190.882 208.901 10
      vertex -188.489 203.037 10
    endloop
  endfacet
  facet normal 0 0 1
    outer loop
      vertex -194.577 204.716 10
      vertex -199.447 196.97 10
      vertex -194.274 203.707 10
    endloop
  endfacet
  facet normal 0 0 1
    outer loop
      vertex -196.197 210.674 10
      vertex -196.027 210.72 10
      vertex -195.625 212.777 10
    endloop
  endfacet
  facet normal 0 0 1
    outer loop
      vertex -194.198 203.617 10
      vertex -194.274 203.707 10
      vertex -199.36 196.947 10
    endloop
  endfacet
  facet normal 0 0 1
    outer loop
      vertex -188.489 203.037 10
      vertex -191.858 207.315 10
      vertex -188.664 202.997 10
    endloop
  endfacet
  facet normal 0 0 1
    outer loop
      vertex -192.213 205.481 10
      vertex -192.254 205.404 10
      vertex -188.664 202.997 10
    endloop
  endfacet
  facet normal 0 0 1
    outer loop
      vertex -192.254 205.404 10
      vertex -194.024 203.644 10
      vertex -189.254 202.307 10
    endloop
  endfacet
  facet normal 0 0 1
    outer loop
      vertex -195.293 210.631 10
      vertex -195.708 210.196 10
      vertex -195.43 210.185 10
    endloop
  endfacet
  facet normal 0 0 1
    outer loop
      vertex -194.024 203.644 10
      vertex -191.269 200.19 10
      vertex -189.254 202.307 10
    endloop
  endfacet
  facet normal 0 0 1
    outer loop
      vertex -199.887 196.95 10
      vertex -199.447 196.97 10
      vertex -194.577 204.716 10
    endloop
  endfacet
  facet normal -0 -0 1
    outer loop
      vertex -192.679 200.2 10
      vertex -191.269 200.19 10
      vertex -194.024 203.644 10
    endloop
  endfacet
  facet normal 0 0 1
    outer loop
      vertex -194.274 203.707 10
      vertex -199.447 196.97 10
      vertex -199.36 196.947 10
    endloop
  endfacet
  facet normal 0 0 1
    outer loop
      vertex -194.577 204.716 10
      vertex -196.116 207.088 10
      vertex -199.887 196.95 10
    endloop
  endfacet
  facet normal 0 0 1
    outer loop
      vertex -196.116 207.088 10
      vertex -200.689 196.92 10
      vertex -199.887 196.95 10
    endloop
  endfacet
  facet normal 0 0 1
    outer loop
      vertex -196.48 210.264 10
      vertex -200.325 210.014 10
      vertex -196.4 208.244 10
    endloop
  endfacet
  facet normal 0 0 1
    outer loop
      vertex -199.635 211.424 10
      vertex -200.325 210.014 10
      vertex -196.48 210.264 10
    endloop
  endfacet
  facet normal 0 0 1
    outer loop
      vertex -199.622 211.466 10
      vertex -199.635 211.424 10
      vertex -196.447 210.364 10
    endloop
  endfacet
  facet normal 0 0 1
    outer loop
      vertex -196.197 210.674 10
      vertex -199.622 211.466 10
      vertex -196.447 210.364 10
    endloop
  endfacet
  facet normal 0 0 1
    outer loop
      vertex -203.205 217.76 10
      vertex -201.656 217.352 10
      vertex -201.52 217.701 10
    endloop
  endfacet
  facet normal 0 0 1
    outer loop
      vertex -195.625 212.777 10
      vertex -196.178 214.009 10
      vertex -199.622 211.466 10
    endloop
  endfacet
  facet normal -0 0 1
    outer loop
      vertex -196.027 210.72 10
      vertex -195.293 210.631 10
      vertex -195.625 212.777 10
    endloop
  endfacet
  facet normal -0 -0 1
    outer loop
      vertex -195.947 210.65 10
      vertex -195.293 210.631 10
      vertex -196.027 210.72 10
    endloop
  endfacet
  facet normal 0 0 1
    outer loop
      vertex -195.293 210.631 10
      vertex -195.947 210.65 10
      vertex -195.708 210.196 10
    endloop
  endfacet
  facet normal 0 0 1
    outer loop
      vertex -196.178 214.009 10
      vertex -197.962 216.111 10
      vertex -199.116 214.65 10
    endloop
  endfacet
  facet normal 0 0 1
    outer loop
      vertex -196.178 214.009 10
      vertex -199.116 214.65 10
      vertex -199.622 211.466 10
    endloop
  endfacet
  facet normal 0 -0 1
    outer loop
      vertex -196.197 210.674 10
      vertex -195.625 212.777 10
      vertex -199.622 211.466 10
    endloop
  endfacet
  facet normal 0 0 1
    outer loop
      vertex -196.396 208.215 10
      vertex -196.4 208.244 10
      vertex -200.325 210.014 10
    endloop
  endfacet
  facet normal 0 0 1
    outer loop
      vertex -196.116 207.088 10
      vertex -196.136 207.135 10
      vertex -200.481 209.931 10
    endloop
  endfacet
  facet normal -0 0 1
    outer loop
      vertex -202.252 216.713 10
      vertex -202.033 216.525 10
      vertex -201.656 217.352 10
    endloop
  endfacet
  facet normal 0 -0 1
    outer loop
      vertex -196.48 210.264 10
      vertex -196.447 210.364 10
      vertex -199.635 211.424 10
    endloop
  endfacet
  facet normal 0 0 1
    outer loop
      vertex -203.129 197.1 10
      vertex -200.481 209.931 10
      vertex -200.588 210.001 10
    endloop
  endfacet
  facet normal 0 0 1
    outer loop
      vertex -196.116 207.088 10
      vertex -200.481 209.931 10
      vertex -203.129 197.1 10
    endloop
  endfacet
  facet normal 0 0 1
    outer loop
      vertex -210.064 213.441 10
      vertex -209.89 213.203 10
      vertex -209.146 213.413 10
    endloop
  endfacet
  facet normal 0 0 1
    outer loop
      vertex -204.357 217.845 10
      vertex -205.201 218.699 10
      vertex -206.416 218.67 10
    endloop
  endfacet
  facet normal 0 0 1
    outer loop
      vertex -202.858 216.296 10
      vertex -204.169 217.824 10
      vertex -204.357 217.845 10
    endloop
  endfacet
  facet normal 0 0 1
    outer loop
      vertex -208.048 213.992 10
      vertex -202.858 216.296 10
      vertex -207.5 216.87 10
    endloop
  endfacet
  facet normal 0 -0 1
    outer loop
      vertex -208.048 213.992 10
      vertex -207.5 216.87 10
      vertex -208.21 215.93 10
    endloop
  endfacet
  facet normal 0 -0 1
    outer loop
      vertex -206.562 218.77 10
      vertex -206.534 218.917 10
      vertex -208.008 217.98 10
    endloop
  endfacet
  facet normal 0 0 1
    outer loop
      vertex -203.205 217.76 10
      vertex -204.169 217.824 10
      vertex -202.817 216.534 10
    endloop
  endfacet
  facet normal 0 0 1
    outer loop
      vertex -203.344 217.869 10
      vertex -204.169 217.824 10
      vertex -203.205 217.76 10
    endloop
  endfacet
  facet normal 0 -0 1
    outer loop
      vertex -202.417 216.734 10
      vertex -201.656 217.352 10
      vertex -203.205 217.76 10
    endloop
  endfacet
  facet normal 0 -0 1
    outer loop
      vertex -202.252 216.713 10
      vertex -201.656 217.352 10
      vertex -202.417 216.734 10
    endloop
  endfacet
  facet normal 0 -0 1
    outer loop
      vertex -210.175 218.783 10
      vertex -205.715 221.706 10
      vertex -212.951 224.467 10
    endloop
  endfacet
  facet normal 0 0 1
    outer loop
      vertex -201.656 217.352 10
      vertex -201.595 217.42 10
      vertex -201.52 217.701 10
    endloop
  endfacet
  facet normal 0 0 1
    outer loop
      vertex -203.323 217.996 10
      vertex -204.169 217.824 10
      vertex -203.344 217.869 10
    endloop
  endfacet
  facet normal 0 0 1
    outer loop
      vertex -201.307 217.586 10
      vertex -201.52 217.701 10
      vertex -201.595 217.42 10
    endloop
  endfacet
  facet normal 0 0 1
    outer loop
      vertex -202.417 216.734 10
      vertex -203.205 217.76 10
      vertex -202.817 216.534 10
    endloop
  endfacet
  facet normal 0 -0 1
    outer loop
      vertex -208.008 217.98 10
      vertex -206.534 218.917 10
      vertex -208.184 218 10
    endloop
  endfacet
  facet normal 0 0 1
    outer loop
      vertex -209.588 232.791 10
      vertex -211.868 230.973 10
      vertex -208.479 231.959 10
    endloop
  endfacet
  facet normal -0 0 1
    outer loop
      vertex -212.228 229.893 10
      vertex -206.881 229.868 10
      vertex -208.479 231.959 10
    endloop
  endfacet
  facet normal 0 0 1
    outer loop
      vertex -202.944 218.54 10
      vertex -203.041 218.547 10
      vertex -203.323 217.996 10
    endloop
  endfacet
  facet normal 0 0 1
    outer loop
      vertex -203.041 218.547 10
      vertex -204.169 217.824 10
      vertex -203.323 217.996 10
    endloop
  endfacet
  facet normal 0 0 1
    outer loop
      vertex -210.411 218.801 10
      vertex -212.336 219.505 10
      vertex -210.744 218.436 10
    endloop
  endfacet
  facet normal -0 0 1
    outer loop
      vertex -212.695 229.732 10
      vertex -212.967 225.648 10
      vertex -212.345 229.792 10
    endloop
  endfacet
  facet normal 0 -0 1
    outer loop
      vertex -211.973 231.165 10
      vertex -211.458 233.812 10
      vertex -212.819 231.727 10
    endloop
  endfacet
  facet normal 0 0 1
    outer loop
      vertex -209.708 232.881 10
      vertex -211.458 233.812 10
      vertex -211.973 231.165 10
    endloop
  endfacet
  facet normal 0 0 1
    outer loop
      vertex -205.603 221.492 10
      vertex -205.715 221.706 10
      vertex -206.534 218.917 10
    endloop
  endfacet
  facet normal 0 0 1
    outer loop
      vertex -204.6 221.195 10
      vertex -204.796 221.368 10
      vertex -205.603 221.492 10
    endloop
  endfacet
  facet normal 0 0 1
    outer loop
      vertex -204.6 221.195 10
      vertex -205.603 221.492 10
      vertex -206.534 218.917 10
    endloop
  endfacet
  facet normal 0 0 1
    outer loop
      vertex -205.295 222.566 10
      vertex -205.367 225.066 10
      vertex -206.739 226.507 10
    endloop
  endfacet
  facet normal -0 0 1
    outer loop
      vertex -205.077 222.625 10
      vertex -204.117 221.991 10
      vertex -204.583 222.804 10
    endloop
  endfacet
  facet normal -0 0 1
    outer loop
      vertex -211.868 230.973 10
      vertex -212.228 229.893 10
      vertex -208.479 231.959 10
    endloop
  endfacet
  facet normal -0 0 1
    outer loop
      vertex -204.16 222.801 10
      vertex -203.686 222.19 10
      vertex -204.071 222.919 10
    endloop
  endfacet
  facet normal 0 -0 1
    outer loop
      vertex -204.117 221.991 10
      vertex -203.686 222.19 10
      vertex -204.16 222.801 10
    endloop
  endfacet
  facet normal 0 0 1
    outer loop
      vertex -204.117 221.991 10
      vertex -204.313 222.744 10
      vertex -204.583 222.804 10
    endloop
  endfacet
  facet normal 0 0 1
    outer loop
      vertex -204.117 221.991 10
      vertex -204.16 222.801 10
      vertex -204.313 222.744 10
    endloop
  endfacet
  facet normal 0 0 1
    outer loop
      vertex -205.077 222.625 10
      vertex -204.583 222.804 10
      vertex -204.7 222.95 10
    endloop
  endfacet
  facet normal 0 0 1
    outer loop
      vertex -205.077 222.625 10
      vertex -204.7 222.95 10
      vertex -204.7 223.49 10
    endloop
  endfacet
  facet normal 0 -0 1
    outer loop
      vertex -205.077 222.625 10
      vertex -204.7 223.49 10
      vertex -205.295 222.566 10
    endloop
  endfacet
  facet normal 0 0 1
    outer loop
      vertex -204.7 223.49 10
      vertex -205.367 225.066 10
      vertex -205.295 222.566 10
    endloop
  endfacet
  facet normal 0 0 1
    outer loop
      vertex -213.138 225.688 10
      vertex -214.397 226.355 10
      vertex -213.846 225.39 10
    endloop
  endfacet
  facet normal -0 -0 1
    outer loop
      vertex -212.812 231.377 10
      vertex -211.973 231.165 10
      vertex -212.819 231.727 10
    endloop
  endfacet
  facet normal 0 0 1
    outer loop
      vertex -218.198 210.304 10
      vertex -218.482 209.4 10
      vertex -217.272 208.551 10
    endloop
  endfacet
  facet normal 0 -0 1
    outer loop
      vertex -211.868 230.973 10
      vertex -209.708 232.881 10
      vertex -211.973 231.165 10
    endloop
  endfacet
  facet normal -0 0 1
    outer loop
      vertex -211.458 233.812 10
      vertex -209.708 232.881 10
      vertex -210.327 234.33 10
    endloop
  endfacet
  facet normal 0 0 1
    outer loop
      vertex -212.228 229.893 10
      vertex -206.562 228.088 10
      vertex -206.881 229.868 10
    endloop
  endfacet
  facet normal 0 0 1
    outer loop
      vertex -208.485 232.658 10
      vertex -209.588 232.791 10
      vertex -208.51 232.056 10
    endloop
  endfacet
  facet normal -0 0 1
    outer loop
      vertex -214.184 229.217 10
      vertex -213.138 225.688 10
      vertex -212.695 229.732 10
    endloop
  endfacet
  facet normal -0 0 1
    outer loop
      vertex -212.967 225.648 10
      vertex -212.943 225.489 10
      vertex -206.778 226.632 10
    endloop
  endfacet
  facet normal -0 0 1
    outer loop
      vertex -278.015 217.328 10
      vertex -276.746 217.185 10
      vertex -276.765 217.344 10
    endloop
  endfacet
  facet normal -0 0 1
    outer loop
      vertex -213.143 225.037 10
      vertex -212.928 224.642 10
      vertex -212.943 225.489 10
    endloop
  endfacet
  facet normal 0 0 1
    outer loop
      vertex -232.73 209.436 10
      vertex -233.17 209.893 10
      vertex -232.699 209.339 10
    endloop
  endfacet
  facet normal 0 0 1
    outer loop
      vertex -214.41 222.364 10
      vertex -213.084 224.422 10
      vertex -214.4 223.066 10
    endloop
  endfacet
  facet normal 0 0 1
    outer loop
      vertex -209.588 232.791 10
      vertex -209.708 232.881 10
      vertex -211.868 230.973 10
    endloop
  endfacet
  facet normal 0 0 1
    outer loop
      vertex -206.562 228.088 10
      vertex -212.228 229.893 10
      vertex -206.778 226.632 10
    endloop
  endfacet
  facet normal 0 0 1
    outer loop
      vertex -212.695 229.732 10
      vertex -212.813 229.762 10
      vertex -214.184 229.217 10
    endloop
  endfacet
  facet normal -0 0 1
    outer loop
      vertex -214.397 226.355 10
      vertex -213.138 225.688 10
      vertex -214.184 229.217 10
    endloop
  endfacet
  facet normal 0 0 1
    outer loop
      vertex -212.228 229.893 10
      vertex -212.967 225.648 10
      vertex -206.778 226.632 10
    endloop
  endfacet
  facet normal 0 0 1
    outer loop
      vertex -213.439 230.255 10
      vertex -214.184 229.217 10
      vertex -212.813 229.762 10
    endloop
  endfacet
  facet normal -0 -0 1
    outer loop
      vertex -213.152 219.801 10
      vertex -212.37 219.521 10
      vertex -214.41 222.364 10
    endloop
  endfacet
  facet normal 0 0 1
    outer loop
      vertex -208.599 216.087 10
      vertex -209.309 215.656 10
      vertex -209.007 215.516 10
    endloop
  endfacet
  facet normal 0 0 1
    outer loop
      vertex -211.994 206.293 10
      vertex -210.458 208.844 10
      vertex -210.718 208.674 10
    endloop
  endfacet
  facet normal 0 0 1
    outer loop
      vertex -210.857 208.661 10
      vertex -212.4 207.021 10
      vertex -212.01 206.334 10
    endloop
  endfacet
  facet normal 0 0 1
    outer loop
      vertex -212.951 224.467 10
      vertex -213.084 224.422 10
      vertex -214.41 222.364 10
    endloop
  endfacet
  facet normal 0 0 1
    outer loop
      vertex -212.695 229.732 10
      vertex -213.138 225.688 10
      vertex -212.967 225.648 10
    endloop
  endfacet
  facet normal 0 0 1
    outer loop
      vertex -206.739 226.507 10
      vertex -212.943 225.489 10
      vertex -212.928 224.642 10
    endloop
  endfacet
  facet normal 0 0 1
    outer loop
      vertex -212.943 225.489 10
      vertex -206.739 226.507 10
      vertex -206.778 226.632 10
    endloop
  endfacet
  facet normal 0 0 1
    outer loop
      vertex -205.715 221.706 10
      vertex -206.739 226.507 10
      vertex -212.951 224.467 10
    endloop
  endfacet
  facet normal 0 0 1
    outer loop
      vertex -212.37 219.521 10
      vertex -212.951 224.467 10
      vertex -214.41 222.364 10
    endloop
  endfacet
  facet normal 0 0 1
    outer loop
      vertex -213.867 224.229 10
      vertex -213.084 224.422 10
      vertex -213.563 224.5 10
    endloop
  endfacet
  facet normal 0 0 1
    outer loop
      vertex -214.4 223.066 10
      vertex -213.084 224.422 10
      vertex -213.867 224.229 10
    endloop
  endfacet
  facet normal 0 0 1
    outer loop
      vertex -212.336 219.505 10
      vertex -212.951 224.467 10
      vertex -212.37 219.521 10
    endloop
  endfacet
  facet normal 0 0 1
    outer loop
      vertex -211.852 202.424 10
      vertex -203.279 197.008 10
      vertex -203.129 197.1 10
    endloop
  endfacet
  facet normal 0 -0 1
    outer loop
      vertex -212.624 201.054 10
      vertex -212.519 202.121 10
      vertex -213.167 202.206 10
    endloop
  endfacet
  facet normal 0 0 1
    outer loop
      vertex -208.439 215.917 10
      vertex -208.954 215.285 10
      vertex -208.556 214.77 10
    endloop
  endfacet
  facet normal 0 0 1
    outer loop
      vertex -212.951 224.467 10
      vertex -212.336 219.505 10
      vertex -210.411 218.801 10
    endloop
  endfacet
  facet normal 0 -0 1
    outer loop
      vertex -206.534 218.917 10
      vertex -205.715 221.706 10
      vertex -210.175 218.783 10
    endloop
  endfacet
  facet normal 0 0 1
    outer loop
      vertex -208.184 218 10
      vertex -209.404 217.612 10
      vertex -208.952 217.564 10
    endloop
  endfacet
  facet normal 0 0 1
    outer loop
      vertex -206.416 218.67 10
      vertex -207.748 217.74 10
      vertex -207.7 217.628 10
    endloop
  endfacet
  facet normal 0 0 1
    outer loop
      vertex -210.175 218.783 10
      vertex -212.951 224.467 10
      vertex -210.411 218.801 10
    endloop
  endfacet
  facet normal 0 -0 1
    outer loop
      vertex -208.184 218 10
      vertex -206.534 218.917 10
      vertex -210.175 218.783 10
    endloop
  endfacet
  facet normal 0 0 1
    outer loop
      vertex -207.472 216.982 10
      vertex -207.7 217.628 10
      vertex -207.595 217.108 10
    endloop
  endfacet
  facet normal 0 -0 1
    outer loop
      vertex -207.748 217.74 10
      vertex -206.562 218.77 10
      vertex -208.008 217.98 10
    endloop
  endfacet
  facet normal 0 0 1
    outer loop
      vertex -208.556 214.77 10
      vertex -208.21 215.93 10
      vertex -208.439 215.917 10
    endloop
  endfacet
  facet normal 0 -0 1
    outer loop
      vertex -209.404 217.612 10
      vertex -208.184 218 10
      vertex -210.175 218.783 10
    endloop
  endfacet
  facet normal 0 0 1
    outer loop
      vertex -207.595 217.108 10
      vertex -207.7 217.628 10
      vertex -207.708 217.127 10
    endloop
  endfacet
  facet normal 0 0 1
    outer loop
      vertex -206.416 218.67 10
      vertex -206.562 218.77 10
      vertex -207.748 217.74 10
    endloop
  endfacet
  facet normal 0 0 1
    outer loop
      vertex -204.357 217.845 10
      vertex -207.472 216.982 10
      vertex -207.5 216.87 10
    endloop
  endfacet
  facet normal 0 -0 1
    outer loop
      vertex -208.627 216.25 10
      vertex -208.335 216.919 10
      vertex -209.301 216.474 10
    endloop
  endfacet
  facet normal 0 0 1
    outer loop
      vertex -204.357 217.845 10
      vertex -206.416 218.67 10
      vertex -207.472 216.982 10
    endloop
  endfacet
  facet normal 0 -0 1
    outer loop
      vertex -207.472 216.982 10
      vertex -206.416 218.67 10
      vertex -207.7 217.628 10
    endloop
  endfacet
  facet normal 0 0 1
    outer loop
      vertex -208.21 215.93 10
      vertex -208.428 214.692 10
      vertex -208.048 213.992 10
    endloop
  endfacet
  facet normal 0 0 1
    outer loop
      vertex -209.007 215.516 10
      vertex -208.439 215.917 10
      vertex -208.599 216.087 10
    endloop
  endfacet
  facet normal 0 0 1
    outer loop
      vertex -209.301 216.474 10
      vertex -209.309 215.656 10
      vertex -208.599 216.087 10
    endloop
  endfacet
  facet normal 0 -0 1
    outer loop
      vertex -209.146 213.413 10
      vertex -208.701 214.67 10
      vertex -209.996 214.009 10
    endloop
  endfacet
  facet normal 0 0 1
    outer loop
      vertex -209.146 213.413 10
      vertex -209.996 214.009 10
      vertex -210.064 213.441 10
    endloop
  endfacet
  facet normal 0 0 1
    outer loop
      vertex -208.627 216.25 10
      vertex -209.301 216.474 10
      vertex -208.599 216.087 10
    endloop
  endfacet
  facet normal -0 0 1
    outer loop
      vertex -208.03 213.928 10
      vertex -207.511 212.287 10
      vertex -202.858 216.296 10
    endloop
  endfacet
  facet normal -0 0 1
    outer loop
      vertex -208.621 211.286 10
      vertex -200.588 210.001 10
      vertex -207.565 212.154 10
    endloop
  endfacet
  facet normal 0 0 1
    outer loop
      vertex -208.439 215.917 10
      vertex -209.007 215.516 10
      vertex -208.954 215.285 10
    endloop
  endfacet
  facet normal 0 -0 1
    outer loop
      vertex -208.03 213.928 10
      vertex -202.858 216.296 10
      vertex -208.048 213.992 10
    endloop
  endfacet
  facet normal 0 0 1
    outer loop
      vertex -210.718 208.674 10
      vertex -210.857 208.661 10
      vertex -212.01 206.334 10
    endloop
  endfacet
  facet normal 0 0 1
    outer loop
      vertex -210.718 208.674 10
      vertex -212.01 206.334 10
      vertex -211.994 206.293 10
    endloop
  endfacet
  facet normal 0 0 1
    outer loop
      vertex -201.213 213.855 10
      vertex -201.787 215.185 10
      vertex -207.511 212.287 10
    endloop
  endfacet
  facet normal 0 0 1
    outer loop
      vertex -208.954 215.285 10
      vertex -208.701 214.67 10
      vertex -208.556 214.77 10
    endloop
  endfacet
  facet normal 0 0 1
    outer loop
      vertex -208.954 215.285 10
      vertex -209.996 214.009 10
      vertex -208.701 214.67 10
    endloop
  endfacet
  facet normal 0 -0 1
    outer loop
      vertex -208.428 214.692 10
      vertex -208.21 215.93 10
      vertex -208.556 214.77 10
    endloop
  endfacet
  facet normal 0 0 1
    outer loop
      vertex -208.03 213.928 10
      vertex -207.63 212.417 10
      vertex -207.511 212.287 10
    endloop
  endfacet
  facet normal -0 -0 1
    outer loop
      vertex -207.956 212.484 10
      vertex -207.63 212.417 10
      vertex -208.03 213.928 10
    endloop
  endfacet
  facet normal 0 0 1
    outer loop
      vertex -202.858 216.296 10
      vertex -207.511 212.287 10
      vertex -201.787 215.185 10
    endloop
  endfacet
  facet normal 0 0 1
    outer loop
      vertex -201.213 213.855 10
      vertex -207.511 212.287 10
      vertex -201.419 211.403 10
    endloop
  endfacet
  facet normal 0 0 1
    outer loop
      vertex -207.511 212.287 10
      vertex -207.565 212.154 10
      vertex -201.419 211.403 10
    endloop
  endfacet
  facet normal 0 0 1
    outer loop
      vertex -200.588 210.001 10
      vertex -201.398 211.311 10
      vertex -207.565 212.154 10
    endloop
  endfacet
  facet normal 0 0 1
    outer loop
      vertex -207.565 212.154 10
      vertex -201.398 211.311 10
      vertex -201.419 211.403 10
    endloop
  endfacet
  facet normal 0 0 1
    outer loop
      vertex -208.621 211.286 10
      vertex -210.42 208.88 10
      vertex -200.588 210.001 10
    endloop
  endfacet
  facet normal 0 0 1
    outer loop
      vertex -211.544 204.273 10
      vertex -200.588 210.001 10
      vertex -210.42 208.88 10
    endloop
  endfacet
  facet normal -0 0 1
    outer loop
      vertex -214.894 208.637 10
      vertex -214.297 205.7 10
      vertex -214.464 208.777 10
    endloop
  endfacet
  facet normal 0 0 1
    outer loop
      vertex -210.857 208.661 10
      vertex -212.002 208.575 10
      vertex -212.4 207.021 10
    endloop
  endfacet
  facet normal 0 0 1
    outer loop
      vertex -211.385 208.876 10
      vertex -212.002 208.575 10
      vertex -210.857 208.661 10
    endloop
  endfacet
  facet normal -0 0 1
    outer loop
      vertex -211.994 206.293 10
      vertex -211.544 204.273 10
      vertex -210.458 208.844 10
    endloop
  endfacet
  facet normal 0 0 1
    outer loop
      vertex -203.129 197.1 10
      vertex -211.542 204.214 10
      vertex -211.852 202.424 10
    endloop
  endfacet
  facet normal -0 0 1
    outer loop
      vertex -212.449 202.129 10
      vertex -212.624 201.054 10
      vertex -211.949 202.309 10
    endloop
  endfacet
  facet normal 0 0 1
    outer loop
      vertex -212.449 202.129 10
      vertex -212.519 202.121 10
      vertex -212.624 201.054 10
    endloop
  endfacet
  facet normal 0 0 1
    outer loop
      vertex -211.544 204.273 10
      vertex -210.42 208.88 10
      vertex -210.458 208.844 10
    endloop
  endfacet
  facet normal 0 0 1
    outer loop
      vertex -211.852 202.424 10
      vertex -211.949 202.309 10
      vertex -212.614 200.954 10
    endloop
  endfacet
  facet normal 0 -0 1
    outer loop
      vertex -211.542 204.214 10
      vertex -200.588 210.001 10
      vertex -211.544 204.273 10
    endloop
  endfacet
  facet normal 0 0 1
    outer loop
      vertex -214.222 203.182 10
      vertex -212.958 203.697 10
      vertex -213.611 204.155 10
    endloop
  endfacet
  facet normal 0 -0 1
    outer loop
      vertex -203.129 197.1 10
      vertex -200.588 210.001 10
      vertex -211.542 204.214 10
    endloop
  endfacet
  facet normal 0 0 1
    outer loop
      vertex -211.852 202.424 10
      vertex -212.614 200.954 10
      vertex -212.714 200.544 10
    endloop
  endfacet
  facet normal -0 0 1
    outer loop
      vertex -212.849 200.43 10
      vertex -203.279 197.008 10
      vertex -212.714 200.544 10
    endloop
  endfacet
  facet normal 0 -0 1
    outer loop
      vertex -208.285 187.52 10
      vertex -203.238 196.836 10
      vertex -212.849 200.43 10
    endloop
  endfacet
  facet normal 0 0 1
    outer loop
      vertex -212.849 200.43 10
      vertex -213.003 200.535 10
      vertex -208.357 187.359 10
    endloop
  endfacet
  facet normal 0 0 1
    outer loop
      vertex -213.217 201.214 10
      vertex -214.394 202.956 10
      vertex -213.003 200.535 10
    endloop
  endfacet
  facet normal 0 0 1
    outer loop
      vertex -211.852 202.424 10
      vertex -212.714 200.544 10
      vertex -203.279 197.008 10
    endloop
  endfacet
  facet normal 0 0 1
    outer loop
      vertex -212.849 200.43 10
      vertex -203.238 196.836 10
      vertex -203.279 197.008 10
    endloop
  endfacet
  facet normal 0 0 1
    outer loop
      vertex -212.849 200.43 10
      vertex -208.357 187.359 10
      vertex -208.285 187.52 10
    endloop
  endfacet
  facet normal -0 0 1
    outer loop
      vertex -219.849 206.783 10
      vertex -214.394 202.956 10
      vertex -219.761 206.792 10
    endloop
  endfacet
  facet normal 0 0 1
    outer loop
      vertex -217.689 206.707 10
      vertex -219.761 206.792 10
      vertex -216.639 206.167 10
    endloop
  endfacet
  facet normal 0 -0 1
    outer loop
      vertex -218.482 209.4 10
      vertex -218.346 210.317 10
      vertex -219.013 210.621 10
    endloop
  endfacet
  facet normal 0 0 1
    outer loop
      vertex -212.19 203.572 10
      vertex -212.788 203.649 10
      vertex -212.19 202.927 10
    endloop
  endfacet
  facet normal -0 0 1
    outer loop
      vertex -218.198 210.304 10
      vertex -217.272 208.551 10
      vertex -217.258 210.734 10
    endloop
  endfacet
  facet normal 0 -0 1
    outer loop
      vertex -240.665 209.625 10
      vertex -239.58 210.246 10
      vertex -241.418 210.353 10
    endloop
  endfacet
  facet normal 0 0 1
    outer loop
      vertex -212.393 203.794 10
      vertex -212.788 203.649 10
      vertex -212.19 203.572 10
    endloop
  endfacet
  facet normal 0 -0 1
    outer loop
      vertex -212.821 202.709 10
      vertex -212.788 203.649 10
      vertex -212.958 203.697 10
    endloop
  endfacet
  facet normal 0 0 1
    outer loop
      vertex -212.821 202.709 10
      vertex -212.19 202.927 10
      vertex -212.788 203.649 10
    endloop
  endfacet
  facet normal 0 0 1
    outer loop
      vertex -212.821 202.709 10
      vertex -212.958 203.697 10
      vertex -214.222 203.182 10
    endloop
  endfacet
  facet normal 0 0 1
    outer loop
      vertex -213.611 204.155 10
      vertex -212.958 203.697 10
      vertex -212.988 203.815 10
    endloop
  endfacet
  facet normal -0 0 1
    outer loop
      vertex -213.611 204.155 10
      vertex -212.988 203.815 10
      vertex -212.897 204.345 10
    endloop
  endfacet
  facet normal 0 0 1
    outer loop
      vertex -213.791 204.249 10
      vertex -214.222 203.182 10
      vertex -213.611 204.155 10
    endloop
  endfacet
  facet normal 0 0 1
    outer loop
      vertex -214.388 203.132 10
      vertex -214.222 203.182 10
      vertex -213.791 204.249 10
    endloop
  endfacet
  facet normal 0 0 1
    outer loop
      vertex -213.791 204.249 10
      vertex -214.291 205.619 10
      vertex -214.388 203.132 10
    endloop
  endfacet
  facet normal 0 0 1
    outer loop
      vertex -217.258 210.734 10
      vertex -216.71 211.262 10
      vertex -217.179 210.92 10
    endloop
  endfacet
  facet normal -0 0 1
    outer loop
      vertex -214.736 209.89 10
      vertex -215.079 208.836 10
      vertex -214.644 209.921 10
    endloop
  endfacet
  facet normal 0 0 1
    outer loop
      vertex -214.37 208.867 10
      vertex -213.481 209.74 10
      vertex -214.189 209.346 10
    endloop
  endfacet
  facet normal 0 0 1
    outer loop
      vertex -214.297 205.7 10
      vertex -214.37 208.867 10
      vertex -214.464 208.777 10
    endloop
  endfacet
  facet normal 0 -0 1
    outer loop
      vertex -214.297 205.7 10
      vertex -213.481 209.74 10
      vertex -214.37 208.867 10
    endloop
  endfacet
  facet normal 0 0 1
    outer loop
      vertex -215.061 208.692 10
      vertex -215.932 207.818 10
      vertex -215.862 207.712 10
    endloop
  endfacet
  facet normal 0 -0 1
    outer loop
      vertex -217.179 210.92 10
      vertex -216.819 211.258 10
      vertex -217.365 211.447 10
    endloop
  endfacet
  facet normal 0 0 1
    outer loop
      vertex -215.506 209.92 10
      vertex -215.625 209.987 10
      vertex -215.079 208.836 10
    endloop
  endfacet
  facet normal 0 0 1
    outer loop
      vertex -215.625 209.987 10
      vertex -216.525 211.342 10
      vertex -216.71 211.262 10
    endloop
  endfacet
  facet normal 0 0 1
    outer loop
      vertex -217.179 210.92 10
      vertex -216.71 211.262 10
      vertex -216.819 211.258 10
    endloop
  endfacet
  facet normal 0 -0 1
    outer loop
      vertex -215.079 208.836 10
      vertex -214.736 209.89 10
      vertex -215.506 209.92 10
    endloop
  endfacet
  facet normal 0 0 1
    outer loop
      vertex -216.71 211.262 10
      vertex -217.258 210.734 10
      vertex -215.625 209.987 10
    endloop
  endfacet
  facet normal -0 0 1
    outer loop
      vertex -218.573 209.198 10
      vertex -217.272 208.551 10
      vertex -218.482 209.4 10
    endloop
  endfacet
  facet normal 0 -0 1
    outer loop
      vertex -218.015 208.144 10
      vertex -217.272 208.551 10
      vertex -218.099 208.197 10
    endloop
  endfacet
  facet normal 0 0 1
    outer loop
      vertex -217.272 208.551 10
      vertex -218.573 209.198 10
      vertex -218.099 208.197 10
    endloop
  endfacet
  facet normal -0 0 1
    outer loop
      vertex -217.272 208.551 10
      vertex -217.122 208.548 10
      vertex -217.258 210.734 10
    endloop
  endfacet
  facet normal 0 0 1
    outer loop
      vertex -218.482 209.4 10
      vertex -218.198 210.304 10
      vertex -218.346 210.317 10
    endloop
  endfacet
  facet normal -0 0 1
    outer loop
      vertex -219.013 210.621 10
      vertex -218.346 210.317 10
      vertex -218.848 210.667 10
    endloop
  endfacet
  facet normal 0 0 1
    outer loop
      vertex -218.573 209.198 10
      vertex -218.667 209.166 10
      vertex -218.099 208.197 10
    endloop
  endfacet
  facet normal 0 0 1
    outer loop
      vertex -214.894 208.637 10
      vertex -215.862 207.712 10
      vertex -215.752 206.962 10
    endloop
  endfacet
  facet normal 0 0 1
    outer loop
      vertex -215.796 206.832 10
      vertex -216.466 206.192 10
      vertex -214.297 205.7 10
    endloop
  endfacet
  facet normal 0 0 1
    outer loop
      vertex -218.631 207.272 10
      vertex -219.761 206.792 10
      vertex -217.741 206.752 10
    endloop
  endfacet
  facet normal 0 0 1
    outer loop
      vertex -218.567 207.495 10
      vertex -218.631 207.272 10
      vertex -217.741 206.752 10
    endloop
  endfacet
  facet normal -0 0 1
    outer loop
      vertex -219.178 208.379 10
      vertex -218.567 207.495 10
      vertex -219.113 208.634 10
    endloop
  endfacet
  facet normal 0 0 1
    outer loop
      vertex -214.388 203.132 10
      vertex -216.466 206.192 10
      vertex -216.639 206.167 10
    endloop
  endfacet
  facet normal -0 -0 1
    outer loop
      vertex -218.567 207.495 10
      vertex -217.741 206.752 10
      vertex -219.113 208.634 10
    endloop
  endfacet
  facet normal 0 0 1
    outer loop
      vertex -217.122 208.548 10
      vertex -215.079 208.836 10
      vertex -215.625 209.987 10
    endloop
  endfacet
  facet normal 0 -0 1
    outer loop
      vertex -217.122 208.548 10
      vertex -215.625 209.987 10
      vertex -217.258 210.734 10
    endloop
  endfacet
  facet normal 0 -0 1
    outer loop
      vertex -215.932 207.818 10
      vertex -215.079 208.836 10
      vertex -217.122 208.548 10
    endloop
  endfacet
  facet normal 0 0 1
    outer loop
      vertex -214.894 208.637 10
      vertex -215.061 208.692 10
      vertex -215.862 207.712 10
    endloop
  endfacet
  facet normal 0 0 1
    outer loop
      vertex -215.061 208.692 10
      vertex -215.079 208.836 10
      vertex -215.932 207.818 10
    endloop
  endfacet
  facet normal -0 0 1
    outer loop
      vertex -215.752 206.962 10
      vertex -214.297 205.7 10
      vertex -214.894 208.637 10
    endloop
  endfacet
  facet normal -0 0 1
    outer loop
      vertex -215.796 206.832 10
      vertex -214.297 205.7 10
      vertex -215.752 206.962 10
    endloop
  endfacet
  facet normal 0 0 1
    outer loop
      vertex -216.466 206.192 10
      vertex -214.291 205.619 10
      vertex -214.297 205.7 10
    endloop
  endfacet
  facet normal 0 -0 1
    outer loop
      vertex -214.388 203.132 10
      vertex -214.291 205.619 10
      vertex -216.466 206.192 10
    endloop
  endfacet
  facet normal 0 0 1
    outer loop
      vertex -214.388 203.132 10
      vertex -216.639 206.167 10
      vertex -214.394 202.956 10
    endloop
  endfacet
  facet normal 0 0 1
    outer loop
      vertex -217.741 206.752 10
      vertex -219.761 206.792 10
      vertex -217.689 206.707 10
    endloop
  endfacet
  facet normal 0 0 1
    outer loop
      vertex -225.63 206.599 10
      vertex -219.849 206.783 10
      vertex -223.229 207.445 10
    endloop
  endfacet
  facet normal 0 0 1
    outer loop
      vertex -213.003 200.535 10
      vertex -214.394 202.956 10
      vertex -225.63 206.599 10
    endloop
  endfacet
  facet normal 0 0 1
    outer loop
      vertex -216.639 206.167 10
      vertex -219.761 206.792 10
      vertex -214.394 202.956 10
    endloop
  endfacet
  facet normal 0 0 1
    outer loop
      vertex -214.394 202.956 10
      vertex -219.849 206.783 10
      vertex -225.63 206.599 10
    endloop
  endfacet
  facet normal 0 0 1
    outer loop
      vertex -227.371 206.84 10
      vertex -238.295 199.446 10
      vertex -238.325 199.272 10
    endloop
  endfacet
  facet normal 0 0 1
    outer loop
      vertex -238.284 203.412 10
      vertex -238.276 203.263 10
      vertex -237.992 202.129 10
    endloop
  endfacet
  facet normal 0 0 1
    outer loop
      vertex -232.309 208.829 10
      vertex -238.284 203.412 10
      vertex -232.205 208.771 10
    endloop
  endfacet
  facet normal -0 0 1
    outer loop
      vertex -239.071 205.699 10
      vertex -238.284 203.412 10
      vertex -232.309 208.829 10
    endloop
  endfacet
  facet normal 0 0 1
    outer loop
      vertex -228.651 207.579 10
      vertex -230.905 208.641 10
      vertex -228.617 207.551 10
    endloop
  endfacet
  facet normal 0 0 1
    outer loop
      vertex -230.905 208.641 10
      vertex -232.205 208.771 10
      vertex -228.617 207.551 10
    endloop
  endfacet
  facet normal -0 0 1
    outer loop
      vertex -237.5 209.128 10
      vertex -239.071 205.699 10
      vertex -236.527 209.592 10
    endloop
  endfacet
  facet normal -0 0 1
    outer loop
      vertex -239.759 207.426 10
      vertex -239.751 206.824 10
      vertex -239.355 207.903 10
    endloop
  endfacet
  facet normal 0 0 1
    outer loop
      vertex -230.827 208.654 10
      vertex -230.905 208.641 10
      vertex -228.651 207.579 10
    endloop
  endfacet
  facet normal -0 0 1
    outer loop
      vertex -230.827 208.654 10
      vertex -228.651 207.579 10
      vertex -229.977 209.047 10
    endloop
  endfacet
  facet normal 0 0 1
    outer loop
      vertex -232.699 209.339 10
      vertex -236.527 209.592 10
      vertex -232.309 208.829 10
    endloop
  endfacet
  facet normal -0 0 1
    outer loop
      vertex -239.355 207.903 10
      vertex -239.092 205.759 10
      vertex -237.575 209.084 10
    endloop
  endfacet
  facet normal 0 0 1
    outer loop
      vertex -234.315 210.99 10
      vertex -235.273 211.138 10
      vertex -235.323 211.078 10
    endloop
  endfacet
  facet normal 0 0 1
    outer loop
      vertex -233.673 210.231 10
      vertex -233.17 209.893 10
      vertex -233.285 210 10
    endloop
  endfacet
  facet normal 0 0 1
    outer loop
      vertex -236.35 209.73 10
      vertex -233.17 209.893 10
      vertex -233.673 210.231 10
    endloop
  endfacet
  facet normal 0 0 1
    outer loop
      vertex -232.309 208.829 10
      vertex -236.527 209.592 10
      vertex -239.071 205.699 10
    endloop
  endfacet
  facet normal 0 0 1
    outer loop
      vertex -232.715 209.799 10
      vertex -233.17 209.893 10
      vertex -232.73 209.436 10
    endloop
  endfacet
  facet normal 0 0 1
    outer loop
      vertex -239.564 209.718 10
      vertex -239.58 210.246 10
      vertex -240.665 209.625 10
    endloop
  endfacet
  facet normal -0 0 1
    outer loop
      vertex -246.698 207.172 10
      vertex -241.224 203.185 10
      vertex -246.564 207.181 10
    endloop
  endfacet
  facet normal 0 0 1
    outer loop
      vertex -233.347 210.223 10
      vertex -233.528 210.183 10
      vertex -233.285 210 10
    endloop
  endfacet
  facet normal -0 0 1
    outer loop
      vertex -240.595 212.091 10
      vertex -239.256 210.636 10
      vertex -238.714 212.554 10
    endloop
  endfacet
  facet normal 0 0 1
    outer loop
      vertex -237.522 210.992 10
      vertex -237.405 211.003 10
      vertex -236.711 211.7 10
    endloop
  endfacet
  facet normal 0 -0 1
    outer loop
      vertex -239.536 210.356 10
      vertex -239.256 210.636 10
      vertex -240.595 212.091 10
    endloop
  endfacet
  facet normal 0 0 1
    outer loop
      vertex -255.167 210.221 10
      vertex -257.806 213.502 10
      vertex -255.919 209.457 10
    endloop
  endfacet
  facet normal -0 0 1
    outer loop
      vertex -238.714 212.554 10
      vertex -237.522 210.992 10
      vertex -238.683 212.566 10
    endloop
  endfacet
  facet normal 0 0 1
    outer loop
      vertex -238.284 203.412 10
      vertex -239.071 205.699 10
      vertex -238.896 204.353 10
    endloop
  endfacet
  facet normal -0 0 1
    outer loop
      vertex -238.284 203.412 10
      vertex -237.992 202.129 10
      vertex -232.205 208.771 10
    endloop
  endfacet
  facet normal -0 0 1
    outer loop
      vertex -238.031 201.957 10
      vertex -238.295 199.446 10
      vertex -227.457 206.861 10
    endloop
  endfacet
  facet normal 0 0 1
    outer loop
      vertex -256.609 207.849 10
      vertex -262.487 214.741 10
      vertex -262.522 214.762 10
    endloop
  endfacet
  facet normal 0 0 1
    outer loop
      vertex -237.575 209.084 10
      vertex -239.387 208.654 10
      vertex -239.321 208.016 10
    endloop
  endfacet
  facet normal 0 0 1
    outer loop
      vertex -237.5 209.128 10
      vertex -236.527 209.592 10
      vertex -236.986 209.678 10
    endloop
  endfacet
  facet normal -0 0 1
    outer loop
      vertex -236.305 210.379 10
      vertex -236.35 209.73 10
      vertex -235.323 211.078 10
    endloop
  endfacet
  facet normal 0 0 1
    outer loop
      vertex -240.595 212.091 10
      vertex -241.418 210.353 10
      vertex -239.536 210.356 10
    endloop
  endfacet
  facet normal 0 0 1
    outer loop
      vertex -239.536 210.356 10
      vertex -241.418 210.353 10
      vertex -239.58 210.246 10
    endloop
  endfacet
  facet normal 0 0 1
    outer loop
      vertex -239.256 210.636 10
      vertex -239.107 210.674 10
      vertex -238.714 212.554 10
    endloop
  endfacet
  facet normal -0 0 1
    outer loop
      vertex -239.107 210.674 10
      vertex -238.457 210.481 10
      vertex -238.714 212.554 10
    endloop
  endfacet
  facet normal 0 -0 1
    outer loop
      vertex -238.457 210.481 10
      vertex -237.522 210.992 10
      vertex -238.714 212.554 10
    endloop
  endfacet
  facet normal 0 -0 1
    outer loop
      vertex -235.479 212.507 10
      vertex -234.988 213.448 10
      vertex -235.922 213.951 10
    endloop
  endfacet
  facet normal 0 0 1
    outer loop
      vertex -236.711 211.7 10
      vertex -238.683 212.566 10
      vertex -237.522 210.992 10
    endloop
  endfacet
  facet normal 0 0 1
    outer loop
      vertex -234.315 210.99 10
      vertex -235.323 211.078 10
      vertex -234.283 210.931 10
    endloop
  endfacet
  facet normal 0 0 1
    outer loop
      vertex -236.711 211.7 10
      vertex -237.405 211.003 10
      vertex -237.003 210.877 10
    endloop
  endfacet
  facet normal 0 0 1
    outer loop
      vertex -236.649 211.777 10
      vertex -238.683 212.566 10
      vertex -236.711 211.7 10
    endloop
  endfacet
  facet normal 0 0 1
    outer loop
      vertex -235.922 213.951 10
      vertex -236.649 211.777 10
      vertex -235.479 212.507 10
    endloop
  endfacet
  facet normal 0 0 1
    outer loop
      vertex -235.922 213.951 10
      vertex -238.683 212.566 10
      vertex -236.649 211.777 10
    endloop
  endfacet
  facet normal 0 -0 1
    outer loop
      vertex -235.316 212.504 10
      vertex -234.988 213.448 10
      vertex -235.479 212.507 10
    endloop
  endfacet
  facet normal 0 0 1
    outer loop
      vertex -234.916 212.234 10
      vertex -234.988 213.448 10
      vertex -235.316 212.504 10
    endloop
  endfacet
  facet normal 0 0 1
    outer loop
      vertex -234.863 212.048 10
      vertex -234.988 213.448 10
      vertex -234.916 212.234 10
    endloop
  endfacet
  facet normal 0 0 1
    outer loop
      vertex -234.315 210.99 10
      vertex -234.988 213.448 10
      vertex -234.863 212.048 10
    endloop
  endfacet
  facet normal 0 0 1
    outer loop
      vertex -234.863 212.048 10
      vertex -235.273 211.138 10
      vertex -234.315 210.99 10
    endloop
  endfacet
  facet normal 0 0 1
    outer loop
      vertex -234.283 210.931 10
      vertex -235.323 211.078 10
      vertex -236.35 209.73 10
    endloop
  endfacet
  facet normal 0 0 1
    outer loop
      vertex -232.699 209.339 10
      vertex -233.17 209.893 10
      vertex -236.35 209.73 10
    endloop
  endfacet
  facet normal 0 0 1
    outer loop
      vertex -232.699 209.339 10
      vertex -236.35 209.73 10
      vertex -236.527 209.592 10
    endloop
  endfacet
  facet normal -0 0 1
    outer loop
      vertex -237.575 209.084 10
      vertex -239.071 205.699 10
      vertex -237.5 209.128 10
    endloop
  endfacet
  facet normal -0 0 1
    outer loop
      vertex -239.092 205.759 10
      vertex -239.071 205.699 10
      vertex -237.575 209.084 10
    endloop
  endfacet
  facet normal 0 0 1
    outer loop
      vertex -239.355 207.903 10
      vertex -237.575 209.084 10
      vertex -239.321 208.016 10
    endloop
  endfacet
  facet normal 0 0 1
    outer loop
      vertex -239.355 207.903 10
      vertex -239.751 206.824 10
      vertex -239.092 205.759 10
    endloop
  endfacet
  facet normal -0 0 1
    outer loop
      vertex -238.385 203.045 10
      vertex -237.992 202.129 10
      vertex -238.276 203.263 10
    endloop
  endfacet
  facet normal 0 0 1
    outer loop
      vertex -227.457 206.861 10
      vertex -228.617 207.551 10
      vertex -237.992 202.129 10
    endloop
  endfacet
  facet normal 0 0 1
    outer loop
      vertex -238.325 199.272 10
      vertex -225.63 206.599 10
      vertex -225.739 206.602 10
    endloop
  endfacet
  facet normal 0 0 1
    outer loop
      vertex -227.371 206.84 10
      vertex -238.325 199.272 10
      vertex -225.739 206.602 10
    endloop
  endfacet
  facet normal 0 0 1
    outer loop
      vertex -246.564 207.181 10
      vertex -242.035 205.121 10
      vertex -243.647 206.822 10
    endloop
  endfacet
  facet normal 0 0 1
    outer loop
      vertex -213.003 200.535 10
      vertex -225.63 206.599 10
      vertex -238.325 199.272 10
    endloop
  endfacet
  facet normal 0 0 1
    outer loop
      vertex -238.031 201.957 10
      vertex -238.187 201.931 10
      vertex -238.295 199.446 10
    endloop
  endfacet
  facet normal 0 0 1
    outer loop
      vertex -213.003 200.535 10
      vertex -238.325 199.272 10
      vertex -208.357 187.359 10
    endloop
  endfacet
  facet normal 0 0 1
    outer loop
      vertex -241.045 203.41 10
      vertex -240.103 204.132 10
      vertex -240.879 204.947 10
    endloop
  endfacet
  facet normal -0 0 1
    outer loop
      vertex -241.47 205.983 10
      vertex -240.903 204.981 10
      vertex -241.433 205.996 10
    endloop
  endfacet
  facet normal 0 0 1
    outer loop
      vertex -238.325 199.272 10
      vertex -208.057 185.929 10
      vertex -208.357 187.359 10
    endloop
  endfacet
  facet normal 0 -0 1
    outer loop
      vertex -238.295 199.446 10
      vertex -238.187 201.931 10
      vertex -239.211 201.306 10
    endloop
  endfacet
  facet normal 0 -0 1
    outer loop
      vertex -209.22 173.584 10
      vertex -208.057 185.929 10
      vertex -238.325 199.272 10
    endloop
  endfacet
  facet normal 0 0 1
    outer loop
      vertex -209.22 173.584 10
      vertex -238.325 199.272 10
      vertex -210.678 170.024 10
    endloop
  endfacet
  facet normal 0 0 1
    outer loop
      vertex -238.187 201.931 10
      vertex -238.947 202.241 10
      vertex -239.211 201.306 10
    endloop
  endfacet
  facet normal 0 0 1
    outer loop
      vertex -238.325 199.272 10
      vertex -210.788 167.492 10
      vertex -210.704 169.826 10
    endloop
  endfacet
  facet normal 0 0 1
    outer loop
      vertex -239.011 202.291 10
      vertex -239.211 201.306 10
      vertex -238.947 202.241 10
    endloop
  endfacet
  facet normal 0 -0 1
    outer loop
      vertex -210.79 167.47 10
      vertex -210.788 167.492 10
      vertex -238.325 199.272 10
    endloop
  endfacet
  facet normal 0 -0 1
    outer loop
      vertex -239.211 201.306 10
      vertex -239.011 202.291 10
      vertex -239.238 202.558 10
    endloop
  endfacet
  facet normal 0 0 1
    outer loop
      vertex -239.011 202.291 10
      vertex -239.216 202.569 10
      vertex -239.238 202.558 10
    endloop
  endfacet
  facet normal 0 0 1
    outer loop
      vertex -210.79 167.47 10
      vertex -238.325 199.272 10
      vertex -238.554 199.295 10
    endloop
  endfacet
  facet normal 0 0 1
    outer loop
      vertex -210.79 167.47 10
      vertex -238.554 199.295 10
      vertex -211.157 163.661 10
    endloop
  endfacet
  facet normal 0 0 1
    outer loop
      vertex -240.103 204.132 10
      vertex -240.497 203.194 10
      vertex -240.094 203.391 10
    endloop
  endfacet
  facet normal -0 -0 1
    outer loop
      vertex -305.462 163.052 10
      vertex -305.448 163.048 10
      vertex -305.611 164.298 10
    endloop
  endfacet
  facet normal 0 0 1
    outer loop
      vertex -241.224 203.185 10
      vertex -250.017 206.52 10
      vertex -238.554 199.295 10
    endloop
  endfacet
  facet normal 0 0 1
    outer loop
      vertex -246.698 207.172 10
      vertex -247.1 207.341 10
      vertex -249.969 206.526 10
    endloop
  endfacet
  facet normal 0 0 1
    outer loop
      vertex -246.564 207.181 10
      vertex -243.647 206.822 10
      vertex -243.746 206.889 10
    endloop
  endfacet
  facet normal 0 0 1
    outer loop
      vertex -240.103 204.132 10
      vertex -240.094 203.391 10
      vertex -239.96 203.68 10
    endloop
  endfacet
  facet normal -0 0 1
    outer loop
      vertex -241.045 203.41 10
      vertex -240.497 203.194 10
      vertex -240.103 204.132 10
    endloop
  endfacet
  facet normal 0 -0 1
    outer loop
      vertex -241.045 203.41 10
      vertex -240.879 204.947 10
      vertex -241.219 203.361 10
    endloop
  endfacet
  facet normal 0 0 1
    outer loop
      vertex -240.879 204.947 10
      vertex -240.903 204.981 10
      vertex -241.747 205.114 10
    endloop
  endfacet
  facet normal -0 0 1
    outer loop
      vertex -241.747 205.114 10
      vertex -240.903 204.981 10
      vertex -241.47 205.983 10
    endloop
  endfacet
  facet normal 0 0 1
    outer loop
      vertex -243.746 206.889 10
      vertex -244.658 208.307 10
      vertex -246.564 207.181 10
    endloop
  endfacet
  facet normal -0 0 1
    outer loop
      vertex -241.889 205.01 10
      vertex -240.879 204.947 10
      vertex -241.747 205.114 10
    endloop
  endfacet
  facet normal 0 -0 1
    outer loop
      vertex -241.219 203.361 10
      vertex -240.879 204.947 10
      vertex -241.889 205.01 10
    endloop
  endfacet
  facet normal 0 0 1
    outer loop
      vertex -241.219 203.361 10
      vertex -241.889 205.01 10
      vertex -242.035 205.121 10
    endloop
  endfacet
  facet normal 0 0 1
    outer loop
      vertex -241.219 203.361 10
      vertex -242.035 205.121 10
      vertex -241.224 203.185 10
    endloop
  endfacet
  facet normal 0 0 1
    outer loop
      vertex -242.43 206.6 10
      vertex -243.647 206.822 10
      vertex -242.035 205.121 10
    endloop
  endfacet
  facet normal 0 0 1
    outer loop
      vertex -241.224 203.185 10
      vertex -242.035 205.121 10
      vertex -246.564 207.181 10
    endloop
  endfacet
  facet normal 0 0 1
    outer loop
      vertex -241.224 203.185 10
      vertex -249.969 206.526 10
      vertex -250.017 206.52 10
    endloop
  endfacet
  facet normal 0 0 1
    outer loop
      vertex -238.554 199.295 10
      vertex -250.017 206.52 10
      vertex -253.107 206.67 10
    endloop
  endfacet
  facet normal 0 0 1
    outer loop
      vertex -238.554 199.295 10
      vertex -253.107 206.67 10
      vertex -253.135 206.674 10
    endloop
  endfacet
  facet normal 0 0 1
    outer loop
      vertex -300.484 212.555 10
      vertex -301.121 166.897 10
      vertex -300.954 166.867 10
    endloop
  endfacet
  facet normal 0 0 1
    outer loop
      vertex -308.913 169.19 10
      vertex -303.001 166.067 10
      vertex -301.121 166.897 10
    endloop
  endfacet
  facet normal 0 0 1
    outer loop
      vertex -303.886 213.795 10
      vertex -310.398 169.3 10
      vertex -309.068 169.37 10
    endloop
  endfacet
  facet normal 0 0 1
    outer loop
      vertex -291.066 215.771 10
      vertex -293.061 216.31 10
      vertex -294.397 213.886 10
    endloop
  endfacet
  facet normal 0 0 1
    outer loop
      vertex -256.609 207.849 10
      vertex -274.497 216.901 10
      vertex -276.297 216.741 10
    endloop
  endfacet
  facet normal 0 0 1
    outer loop
      vertex -262.522 214.762 10
      vertex -267.019 216.845 10
      vertex -274.497 216.901 10
    endloop
  endfacet
  facet normal 0 0 1
    outer loop
      vertex -267.085 216.882 10
      vertex -274.389 216.962 10
      vertex -274.497 216.901 10
    endloop
  endfacet
  facet normal 0 -0 1
    outer loop
      vertex -256.073 208.724 10
      vertex -255.989 209.35 10
      vertex -256.634 208.067 10
    endloop
  endfacet
  facet normal 0 0 1
    outer loop
      vertex -257.561 214.223 10
      vertex -257.662 214.202 10
      vertex -257.775 213.676 10
    endloop
  endfacet
  facet normal 0 0 1
    outer loop
      vertex -257.34 214.36 10
      vertex -257.775 213.676 10
      vertex -255.624 213.564 10
    endloop
  endfacet
  facet normal 0 -0 1
    outer loop
      vertex -255.167 210.221 10
      vertex -255.028 210.31 10
      vertex -255.624 213.564 10
    endloop
  endfacet
  facet normal 0 0 1
    outer loop
      vertex -271.285 219.62 10
      vertex -273.664 217.974 10
      vertex -270.125 219.368 10
    endloop
  endfacet
  facet normal 0 -0 1
    outer loop
      vertex -255.348 209.813 10
      vertex -255.167 210.221 10
      vertex -255.919 209.457 10
    endloop
  endfacet
  facet normal 0 -0 1
    outer loop
      vertex -253.653 210.291 10
      vertex -253.417 210.923 10
      vertex -255.028 210.31 10
    endloop
  endfacet
  facet normal 0 -0 1
    outer loop
      vertex -255.028 210.31 10
      vertex -254.366 212.423 10
      vertex -255.624 213.564 10
    endloop
  endfacet
  facet normal 0 0 1
    outer loop
      vertex -255.028 210.31 10
      vertex -253.417 210.923 10
      vertex -254.366 212.423 10
    endloop
  endfacet
  facet normal -0 0 1
    outer loop
      vertex -257.561 214.223 10
      vertex -257.775 213.676 10
      vertex -257.34 214.36 10
    endloop
  endfacet
  facet normal 0 0 1
    outer loop
      vertex -255.624 213.564 10
      vertex -257.775 213.676 10
      vertex -257.806 213.502 10
    endloop
  endfacet
  facet normal 0 0 1
    outer loop
      vertex -255.624 213.564 10
      vertex -257.806 213.502 10
      vertex -255.167 210.221 10
    endloop
  endfacet
  facet normal 0 0 1
    outer loop
      vertex -257.806 213.502 10
      vertex -257.937 213.462 10
      vertex -255.919 209.457 10
    endloop
  endfacet
  facet normal 0 -0 1
    outer loop
      vertex -256.634 208.067 10
      vertex -255.989 209.35 10
      vertex -257.937 213.462 10
    endloop
  endfacet
  facet normal 0 0 1
    outer loop
      vertex -258.06 214.26 10
      vertex -257.775 213.676 10
      vertex -257.662 214.202 10
    endloop
  endfacet
  facet normal 0 0 1
    outer loop
      vertex -255.919 209.457 10
      vertex -257.937 213.462 10
      vertex -255.989 209.35 10
    endloop
  endfacet
  facet normal 0 0 1
    outer loop
      vertex -256.634 208.067 10
      vertex -257.937 213.462 10
      vertex -260.527 213.932 10
    endloop
  endfacet
  facet normal 0 0 1
    outer loop
      vertex -256.634 208.067 10
      vertex -260.527 213.932 10
      vertex -260.557 213.941 10
    endloop
  endfacet
  facet normal 0 0 1
    outer loop
      vertex -256.634 208.067 10
      vertex -260.557 213.941 10
      vertex -256.609 207.849 10
    endloop
  endfacet
  facet normal 0 0 1
    outer loop
      vertex -260.557 213.941 10
      vertex -262.487 214.741 10
      vertex -256.609 207.849 10
    endloop
  endfacet
  facet normal 0 0 1
    outer loop
      vertex -267.019 216.845 10
      vertex -262.522 214.762 10
      vertex -264.218 216.083 10
    endloop
  endfacet
  facet normal 0 0 1
    outer loop
      vertex -267.085 216.882 10
      vertex -274.497 216.901 10
      vertex -267.019 216.845 10
    endloop
  endfacet
  facet normal 0 0 1
    outer loop
      vertex -268.902 218.65 10
      vertex -270.125 219.368 10
      vertex -273.689 217.922 10
    endloop
  endfacet
  facet normal 0 0 1
    outer loop
      vertex -270.125 219.368 10
      vertex -273.664 217.974 10
      vertex -273.689 217.922 10
    endloop
  endfacet
  facet normal -0 0 1
    outer loop
      vertex -277.483 221.168 10
      vertex -277.197 221.036 10
      vertex -276.803 221.743 10
    endloop
  endfacet
  facet normal -0 0 1
    outer loop
      vertex -273.272 219.582 10
      vertex -273.664 217.974 10
      vertex -271.285 219.62 10
    endloop
  endfacet
  facet normal 0 0 1
    outer loop
      vertex -268.902 218.65 10
      vertex -273.689 217.922 10
      vertex -274.389 216.962 10
    endloop
  endfacet
  facet normal 0 0 1
    outer loop
      vertex -268.902 218.65 10
      vertex -274.389 216.962 10
      vertex -267.085 216.882 10
    endloop
  endfacet
  facet normal 0 0 1
    outer loop
      vertex -262.522 214.762 10
      vertex -274.497 216.901 10
      vertex -256.609 207.849 10
    endloop
  endfacet
  facet normal 0 0 1
    outer loop
      vertex -278.053 217.185 10
      vertex -276.746 217.185 10
      vertex -278.015 217.328 10
    endloop
  endfacet
  facet normal 0 0 1
    outer loop
      vertex -278.676 216.654 10
      vertex -276.297 216.741 10
      vertex -278.533 216.695 10
    endloop
  endfacet
  facet normal 0 0 1
    outer loop
      vertex -278.533 216.695 10
      vertex -276.426 216.795 10
      vertex -278.053 217.185 10
    endloop
  endfacet
  facet normal 0 0 1
    outer loop
      vertex -276.297 216.741 10
      vertex -276.426 216.795 10
      vertex -278.533 216.695 10
    endloop
  endfacet
  facet normal 0 0 1
    outer loop
      vertex -276.746 217.185 10
      vertex -278.053 217.185 10
      vertex -276.426 216.795 10
    endloop
  endfacet
  facet normal 0 0 1
    outer loop
      vertex -256.609 207.849 10
      vertex -276.297 216.741 10
      vertex -278.676 216.654 10
    endloop
  endfacet
  facet normal -0 0 1
    outer loop
      vertex -277.988 219.635 10
      vertex -278.394 218.777 10
      vertex -277.822 219.701 10
    endloop
  endfacet
  facet normal 0 0 1
    outer loop
      vertex -276.553 219.342 10
      vertex -276.61 219.455 10
      vertex -277.822 219.701 10
    endloop
  endfacet
  facet normal 0 0 1
    outer loop
      vertex -276.017 218.917 10
      vertex -276.553 219.342 10
      vertex -276.765 217.344 10
    endloop
  endfacet
  facet normal 0 0 1
    outer loop
      vertex -281.481 219.132 10
      vertex -286.221 219.258 10
      vertex -286.253 219.228 10
    endloop
  endfacet
  facet normal -0 0 1
    outer loop
      vertex -294.784 215.032 10
      vertex -294.478 214.067 10
      vertex -293.061 216.31 10
    endloop
  endfacet
  facet normal 0 0 1
    outer loop
      vertex -277.197 221.036 10
      vertex -276.688 221.619 10
      vertex -276.803 221.743 10
    endloop
  endfacet
  facet normal 0 0 1
    outer loop
      vertex -276.61 219.455 10
      vertex -277.132 220.821 10
      vertex -277.822 219.701 10
    endloop
  endfacet
  facet normal -0 0 1
    outer loop
      vertex -284.587 224.343 10
      vertex -284.318 223.45 10
      vertex -284.421 224.52 10
    endloop
  endfacet
  facet normal 0 -0 1
    outer loop
      vertex -277.132 220.821 10
      vertex -276.688 221.619 10
      vertex -277.197 221.036 10
    endloop
  endfacet
  facet normal 0 0 1
    outer loop
      vertex -276.61 219.455 10
      vertex -276.688 221.619 10
      vertex -277.132 220.821 10
    endloop
  endfacet
  facet normal 0 0 1
    outer loop
      vertex -278.394 218.777 10
      vertex -276.553 219.342 10
      vertex -277.822 219.701 10
    endloop
  endfacet
  facet normal 0 0 1
    outer loop
      vertex -281.501 219.168 10
      vertex -285.181 220.608 10
      vertex -286.221 219.258 10
    endloop
  endfacet
  facet normal 0 0 1
    outer loop
      vertex -278.394 218.777 10
      vertex -277.988 219.635 10
      vertex -278.119 219.669 10
    endloop
  endfacet
  facet normal 0 -0 1
    outer loop
      vertex -276.765 217.344 10
      vertex -276.553 219.342 10
      vertex -278.394 218.777 10
    endloop
  endfacet
  facet normal 0 0 1
    outer loop
      vertex -276.765 217.344 10
      vertex -278.394 218.777 10
      vertex -278.015 217.328 10
    endloop
  endfacet
  facet normal 0 0 1
    outer loop
      vertex -291.066 215.771 10
      vertex -294.397 213.886 10
      vertex -294.477 213.626 10
    endloop
  endfacet
  facet normal 0 0 1
    outer loop
      vertex -290.913 215.859 10
      vertex -279.436 216.844 10
      vertex -279.489 216.87 10
    endloop
  endfacet
  facet normal 0 0 1
    outer loop
      vertex -290.913 215.859 10
      vertex -279.489 216.87 10
      vertex -280.229 217.42 10
    endloop
  endfacet
  facet normal 0 0 1
    outer loop
      vertex -290.913 215.859 10
      vertex -286.703 218.908 10
      vertex -289.913 218.106 10
    endloop
  endfacet
  facet normal 0 0 1
    outer loop
      vertex -280.229 217.42 10
      vertex -286.703 218.908 10
      vertex -290.913 215.859 10
    endloop
  endfacet
  facet normal 0 0 1
    outer loop
      vertex -280.261 217.452 10
      vertex -286.703 218.908 10
      vertex -280.229 217.42 10
    endloop
  endfacet
  facet normal 0 0 1
    outer loop
      vertex -281.501 219.168 10
      vertex -286.221 219.258 10
      vertex -281.481 219.132 10
    endloop
  endfacet
  facet normal -0 0 1
    outer loop
      vertex -285.181 220.608 10
      vertex -281.501 219.168 10
      vertex -285.154 220.664 10
    endloop
  endfacet
  facet normal -0 0 1
    outer loop
      vertex -284.661 223.768 10
      vertex -284.318 223.45 10
      vertex -284.587 224.343 10
    endloop
  endfacet
  facet normal -0 -0 1
    outer loop
      vertex -284.318 223.45 10
      vertex -282.85 222.82 10
      vertex -284.421 224.52 10
    endloop
  endfacet
  facet normal 0 0 1
    outer loop
      vertex -301.068 216.542 10
      vertex -301.258 216.33 10
      vertex -300.705 216.4 10
    endloop
  endfacet
  facet normal 0 -0 1
    outer loop
      vertex -283.692 222.802 10
      vertex -282.85 222.82 10
      vertex -284.27 223.35 10
    endloop
  endfacet
  facet normal 0 0 1
    outer loop
      vertex -287.161 219.619 10
      vertex -289.06 219.026 10
      vertex -286.931 218.979 10
    endloop
  endfacet
  facet normal -0 -0 1
    outer loop
      vertex -284.27 223.35 10
      vertex -282.85 222.82 10
      vertex -284.318 223.45 10
    endloop
  endfacet
  facet normal -0 -0 1
    outer loop
      vertex -284.247 222.99 10
      vertex -283.692 222.802 10
      vertex -284.27 223.35 10
    endloop
  endfacet
  facet normal 0 0 1
    outer loop
      vertex -285.154 220.664 10
      vertex -283.649 222.54 10
      vertex -284.927 221.572 10
    endloop
  endfacet
  facet normal 0 -0 1
    outer loop
      vertex -283.59 222.658 10
      vertex -282.85 222.82 10
      vertex -283.692 222.802 10
    endloop
  endfacet
  facet normal 0 0 1
    outer loop
      vertex -283.649 222.54 10
      vertex -282.85 222.82 10
      vertex -283.59 222.658 10
    endloop
  endfacet
  facet normal 0 0 1
    outer loop
      vertex -281.501 219.168 10
      vertex -282.85 222.82 10
      vertex -283.649 222.54 10
    endloop
  endfacet
  facet normal 0 0 1
    outer loop
      vertex -281.501 219.168 10
      vertex -283.649 222.54 10
      vertex -285.154 220.664 10
    endloop
  endfacet
  facet normal 0 0 1
    outer loop
      vertex -281.481 219.132 10
      vertex -286.253 219.228 10
      vertex -280.261 217.452 10
    endloop
  endfacet
  facet normal 0 0 1
    outer loop
      vertex -286.253 219.228 10
      vertex -286.703 218.908 10
      vertex -280.261 217.452 10
    endloop
  endfacet
  facet normal 0 0 1
    outer loop
      vertex -286.703 218.908 10
      vertex -286.931 218.979 10
      vertex -289.913 218.106 10
    endloop
  endfacet
  facet normal 0 0 1
    outer loop
      vertex -291.066 215.771 10
      vertex -279.436 216.844 10
      vertex -290.913 215.859 10
    endloop
  endfacet
  facet normal 0 0 1
    outer loop
      vertex -289.06 219.026 10
      vertex -289.913 218.106 10
      vertex -286.931 218.979 10
    endloop
  endfacet
  facet normal 0 0 1
    outer loop
      vertex -293.061 216.31 10
      vertex -294.478 214.067 10
      vertex -294.397 213.886 10
    endloop
  endfacet
  facet normal 0 0 1
    outer loop
      vertex -287.125 219.777 10
      vertex -289.06 219.026 10
      vertex -287.161 219.619 10
    endloop
  endfacet
  facet normal -0 0 1
    outer loop
      vertex -293.007 216.384 10
      vertex -291.199 215.9 10
      vertex -291.865 216.724 10
    endloop
  endfacet
  facet normal 0 0 1
    outer loop
      vertex -286.827 220.069 10
      vertex -286.847 220.054 10
      vertex -287.125 219.777 10
    endloop
  endfacet
  facet normal 0 0 1
    outer loop
      vertex -286.847 220.054 10
      vertex -289.06 219.026 10
      vertex -287.125 219.777 10
    endloop
  endfacet
  facet normal 0 0 1
    outer loop
      vertex -294.533 213.548 10
      vertex -291.066 215.771 10
      vertex -294.477 213.626 10
    endloop
  endfacet
  facet normal 0 0 1
    outer loop
      vertex -288.2 221.961 10
      vertex -288.658 221.45 10
      vertex -288.024 221.637 10
    endloop
  endfacet
  facet normal 0 0 1
    outer loop
      vertex -279.436 216.844 10
      vertex -291.066 215.771 10
      vertex -294.533 213.548 10
    endloop
  endfacet
  facet normal -0 0 1
    outer loop
      vertex -293.061 216.31 10
      vertex -291.199 215.9 10
      vertex -293.007 216.384 10
    endloop
  endfacet
  facet normal 0 0 1
    outer loop
      vertex -294.784 215.032 10
      vertex -294.825 214.224 10
      vertex -294.478 214.067 10
    endloop
  endfacet
  facet normal 0 0 1
    outer loop
      vertex -291.702 216.792 10
      vertex -291.865 216.724 10
      vertex -291.199 215.9 10
    endloop
  endfacet
  facet normal 0 0 1
    outer loop
      vertex -291.383 217.301 10
      vertex -291.391 217.302 10
      vertex -291.702 216.792 10
    endloop
  endfacet
  facet normal 0 0 1
    outer loop
      vertex -291.383 217.301 10
      vertex -291.702 216.792 10
      vertex -291.199 215.9 10
    endloop
  endfacet
  facet normal 0 0 1
    outer loop
      vertex -293.007 216.384 10
      vertex -291.979 216.857 10
      vertex -292.74 217.204 10
    endloop
  endfacet
  facet normal 0 0 1
    outer loop
      vertex -291.865 216.724 10
      vertex -291.979 216.857 10
      vertex -293.007 216.384 10
    endloop
  endfacet
  facet normal 0 0 1
    outer loop
      vertex -292.042 220.274 10
      vertex -293.603 218.946 10
      vertex -293.243 218.114 10
    endloop
  endfacet
  facet normal 0 0 1
    outer loop
      vertex -292.011 217.228 10
      vertex -292.358 217.341 10
      vertex -291.979 216.857 10
    endloop
  endfacet
  facet normal 0 0 1
    outer loop
      vertex -292.358 217.341 10
      vertex -292.74 217.204 10
      vertex -291.979 216.857 10
    endloop
  endfacet
  facet normal 0 0 1
    outer loop
      vertex -291.066 215.771 10
      vertex -291.199 215.9 10
      vertex -293.061 216.31 10
    endloop
  endfacet
  facet normal 0 0 1
    outer loop
      vertex -296.619 213.727 10
      vertex -297.032 216.785 10
      vertex -298.085 216.066 10
    endloop
  endfacet
  facet normal -0 0 1
    outer loop
      vertex -294.533 213.548 10
      vertex -294.813 213.348 10
      vertex -278.676 216.654 10
    endloop
  endfacet
  facet normal 0 -0 1
    outer loop
      vertex -311.08 168.681 10
      vertex -310.495 169.257 10
      vertex -312.054 169.155 10
    endloop
  endfacet
  facet normal 0 0 1
    outer loop
      vertex -294.922 213.322 10
      vertex -295.849 213.061 10
      vertex -295.898 212.892 10
    endloop
  endfacet
  facet normal 0 0 1
    outer loop
      vertex -300.705 216.4 10
      vertex -301.258 216.33 10
      vertex -301.193 214.902 10
    endloop
  endfacet
  facet normal 0 0 1
    outer loop
      vertex -279.436 216.844 10
      vertex -294.533 213.548 10
      vertex -278.676 216.654 10
    endloop
  endfacet
  facet normal 0 0 1
    outer loop
      vertex -295.898 212.892 10
      vertex -294.813 213.348 10
      vertex -294.922 213.322 10
    endloop
  endfacet
  facet normal 0 0 1
    outer loop
      vertex -313.19 169.127 10
      vertex -310.398 169.3 10
      vertex -303.886 213.795 10
    endloop
  endfacet
  facet normal 0 0 1
    outer loop
      vertex -309.068 169.37 10
      vertex -300.484 212.555 10
      vertex -300.66 212.543 10
    endloop
  endfacet
  facet normal 0 -0 1
    outer loop
      vertex -301.121 166.897 10
      vertex -300.484 212.555 10
      vertex -309.068 169.37 10
    endloop
  endfacet
  facet normal 0 -0 1
    outer loop
      vertex -295.849 213.061 10
      vertex -294.922 213.322 10
      vertex -296.003 213.484 10
    endloop
  endfacet
  facet normal 0 0 1
    outer loop
      vertex -304.033 164.1 10
      vertex -303.635 164.108 10
      vertex -303.407 165.327 10
    endloop
  endfacet
  facet normal 0 0 1
    outer loop
      vertex -310.398 169.3 10
      vertex -312.054 169.155 10
      vertex -310.495 169.257 10
    endloop
  endfacet
  facet normal 0 0 1
    outer loop
      vertex -296.4 213.057 10
      vertex -300.484 212.555 10
      vertex -296.06 212.877 10
    endloop
  endfacet
  facet normal 0 0 1
    outer loop
      vertex -296.472 213.141 10
      vertex -300.484 212.555 10
      vertex -296.4 213.057 10
    endloop
  endfacet
  facet normal 0 0 1
    outer loop
      vertex -300.902 213.774 10
      vertex -301.137 214.735 10
      vertex -301.241 214.635 10
    endloop
  endfacet
  facet normal -0 0 1
    outer loop
      vertex -301.137 214.735 10
      vertex -300.831 213.696 10
      vertex -298.262 216.071 10
    endloop
  endfacet
  facet normal 0 0 1
    outer loop
      vertex -294.146 218.884 10
      vertex -293.793 218.942 10
      vertex -294.114 219.196 10
    endloop
  endfacet
  facet normal 0 0 1
    outer loop
      vertex -291.275 220.294 10
      vertex -291.425 220.211 10
      vertex -290.813 218.845 10
    endloop
  endfacet
  facet normal -0 0 1
    outer loop
      vertex -293.793 218.942 10
      vertex -294.086 218.719 10
      vertex -293.603 218.946 10
    endloop
  endfacet
  facet normal 0 0 1
    outer loop
      vertex -290.017 221.73 10
      vertex -290.299 221.654 10
      vertex -289.349 221.387 10
    endloop
  endfacet
  facet normal -0 0 1
    outer loop
      vertex -300.705 216.4 10
      vertex -301.193 214.902 10
      vertex -300.508 216.492 10
    endloop
  endfacet
  facet normal 0 0 1
    outer loop
      vertex -288.024 221.637 10
      vertex -288.658 221.45 10
      vertex -288.238 221.038 10
    endloop
  endfacet
  facet normal 0 0 1
    outer loop
      vertex -308.313 216.492 10
      vertex -309.379 217.723 10
      vertex -311.991 218.251 10
    endloop
  endfacet
  facet normal -0 0 1
    outer loop
      vertex -289.271 221.37 10
      vertex -288.238 221.038 10
      vertex -288.761 221.4 10
    endloop
  endfacet
  facet normal -0 0 1
    outer loop
      vertex -288.761 221.4 10
      vertex -288.238 221.038 10
      vertex -288.658 221.45 10
    endloop
  endfacet
  facet normal 0 0 1
    outer loop
      vertex -290.813 218.845 10
      vertex -288.238 221.038 10
      vertex -289.271 221.37 10
    endloop
  endfacet
  facet normal 0 0 1
    outer loop
      vertex -290.813 218.845 10
      vertex -289.271 221.37 10
      vertex -289.349 221.387 10
    endloop
  endfacet
  facet normal 0 0 1
    outer loop
      vertex -290.299 221.654 10
      vertex -290.829 221.206 10
      vertex -289.349 221.387 10
    endloop
  endfacet
  facet normal -0 0 1
    outer loop
      vertex -290.829 221.206 10
      vertex -291.275 220.294 10
      vertex -289.349 221.387 10
    endloop
  endfacet
  facet normal 0 0 1
    outer loop
      vertex -292.042 220.274 10
      vertex -293.243 218.114 10
      vertex -290.813 218.845 10
    endloop
  endfacet
  facet normal 0 0 1
    outer loop
      vertex -293.603 218.946 10
      vertex -293.328 218.048 10
      vertex -293.243 218.114 10
    endloop
  endfacet
  facet normal 0 0 1
    outer loop
      vertex -289.349 221.387 10
      vertex -291.275 220.294 10
      vertex -290.813 218.845 10
    endloop
  endfacet
  facet normal 0 0 1
    outer loop
      vertex -291.425 220.211 10
      vertex -292.042 220.274 10
      vertex -290.813 218.845 10
    endloop
  endfacet
  facet normal 0 -0 1
    outer loop
      vertex -294.146 218.884 10
      vertex -294.114 219.196 10
      vertex -294.328 219.139 10
    endloop
  endfacet
  facet normal 0 0 1
    outer loop
      vertex -294.146 218.884 10
      vertex -294.328 219.139 10
      vertex -294.39 219.049 10
    endloop
  endfacet
  facet normal 0 0 1
    outer loop
      vertex -294.205 218.612 10
      vertex -295.266 218.435 10
      vertex -294.179 216.65 10
    endloop
  endfacet
  facet normal 0 0 1
    outer loop
      vertex -295.266 218.435 10
      vertex -295.783 217.269 10
      vertex -294.179 216.65 10
    endloop
  endfacet
  facet normal 0 0 1
    outer loop
      vertex -295.783 217.269 10
      vertex -295.226 216.029 10
      vertex -294.179 216.65 10
    endloop
  endfacet
  facet normal 0 0 1
    outer loop
      vertex -301.461 216.311 10
      vertex -301.472 216.319 10
      vertex -301.838 215.364 10
    endloop
  endfacet
  facet normal 0 -0 1
    outer loop
      vertex -294.086 218.719 10
      vertex -293.793 218.942 10
      vertex -294.146 218.884 10
    endloop
  endfacet
  facet normal 0 0 1
    outer loop
      vertex -293.328 218.048 10
      vertex -294.086 218.719 10
      vertex -294.205 218.612 10
    endloop
  endfacet
  facet normal 0 0 1
    outer loop
      vertex -293.328 218.048 10
      vertex -293.603 218.946 10
      vertex -294.086 218.719 10
    endloop
  endfacet
  facet normal 0 -0 1
    outer loop
      vertex -294.179 216.65 10
      vertex -293.328 218.048 10
      vertex -294.205 218.612 10
    endloop
  endfacet
  facet normal -0 0 1
    outer loop
      vertex -295.871 217.188 10
      vertex -295.226 216.029 10
      vertex -295.783 217.269 10
    endloop
  endfacet
  facet normal 0 -0 1
    outer loop
      vertex -295.279 215.977 10
      vertex -295.226 216.029 10
      vertex -295.871 217.188 10
    endloop
  endfacet
  facet normal 0 0 1
    outer loop
      vertex -300.508 216.492 10
      vertex -298.784 217.46 10
      vertex -300.201 217.404 10
    endloop
  endfacet
  facet normal 0 0 1
    outer loop
      vertex -295.279 215.977 10
      vertex -295.871 217.188 10
      vertex -297.032 216.785 10
    endloop
  endfacet
  facet normal 0 0 1
    outer loop
      vertex -295.279 215.977 10
      vertex -297.032 216.785 10
      vertex -296.619 213.727 10
    endloop
  endfacet
  facet normal 0 0 1
    outer loop
      vertex -296.619 213.727 10
      vertex -298.085 216.066 10
      vertex -298.262 216.071 10
    endloop
  endfacet
  facet normal 0 0 1
    outer loop
      vertex -300.508 216.492 10
      vertex -298.262 216.071 10
      vertex -298.309 216.247 10
    endloop
  endfacet
  facet normal 0 0 1
    outer loop
      vertex -298.64 217.598 10
      vertex -298.405 218.695 10
      vertex -298.554 218.727 10
    endloop
  endfacet
  facet normal 0 0 1
    outer loop
      vertex -297.682 217.776 10
      vertex -298.405 218.695 10
      vertex -298.64 217.598 10
    endloop
  endfacet
  facet normal 0 0 1
    outer loop
      vertex -297.682 217.776 10
      vertex -298.64 217.598 10
      vertex -298.309 216.247 10
    endloop
  endfacet
  facet normal 0 0 1
    outer loop
      vertex -311.991 218.251 10
      vertex -312.044 218.254 10
      vertex -308.313 216.492 10
    endloop
  endfacet
  facet normal 0 0 1
    outer loop
      vertex -298.64 217.598 10
      vertex -298.784 217.46 10
      vertex -298.309 216.247 10
    endloop
  endfacet
  facet normal 0 0 1
    outer loop
      vertex -298.309 216.247 10
      vertex -298.784 217.46 10
      vertex -300.508 216.492 10
    endloop
  endfacet
  facet normal 0 0 1
    outer loop
      vertex -301.258 216.33 10
      vertex -301.838 215.364 10
      vertex -301.193 214.902 10
    endloop
  endfacet
  facet normal 0 0 1
    outer loop
      vertex -300.66 212.543 10
      vertex -302.536 213.732 10
      vertex -303.826 213.78 10
    endloop
  endfacet
  facet normal 0 -0 1
    outer loop
      vertex -301.137 214.735 10
      vertex -300.508 216.492 10
      vertex -301.193 214.902 10
    endloop
  endfacet
  facet normal -0 0 1
    outer loop
      vertex -301.461 216.311 10
      vertex -301.838 215.364 10
      vertex -301.258 216.33 10
    endloop
  endfacet
  facet normal 0 0 1
    outer loop
      vertex -298.262 216.071 10
      vertex -300.508 216.492 10
      vertex -301.137 214.735 10
    endloop
  endfacet
  facet normal 0 0 1
    outer loop
      vertex -300.831 213.696 10
      vertex -301.137 214.735 10
      vertex -300.902 213.774 10
    endloop
  endfacet
  facet normal 0 0 1
    outer loop
      vertex -312.044 218.254 10
      vertex -313.19 218.521 10
      vertex -308.291 216.471 10
    endloop
  endfacet
  facet normal 0 0 1
    outer loop
      vertex -301.241 214.635 10
      vertex -301.855 214.259 10
      vertex -300.902 213.774 10
    endloop
  endfacet
  facet normal 0 0 1
    outer loop
      vertex -300.831 213.696 10
      vertex -296.619 213.727 10
      vertex -298.262 216.071 10
    endloop
  endfacet
  facet normal -0 0 1
    outer loop
      vertex -301.889 214.461 10
      vertex -301.855 214.259 10
      vertex -301.241 214.635 10
    endloop
  endfacet
  facet normal 0 -0 1
    outer loop
      vertex -300.441 212.726 10
      vertex -296.619 213.727 10
      vertex -300.831 213.696 10
    endloop
  endfacet
  facet normal 0 -0 1
    outer loop
      vertex -296.632 213.601 10
      vertex -296.619 213.727 10
      vertex -300.441 212.726 10
    endloop
  endfacet
  facet normal -0 0 1
    outer loop
      vertex -300.441 212.726 10
      vertex -300.484 212.555 10
      vertex -296.472 213.141 10
    endloop
  endfacet
  facet normal 0 0 1
    outer loop
      vertex -296.632 213.601 10
      vertex -300.441 212.726 10
      vertex -296.472 213.141 10
    endloop
  endfacet
  facet normal 0 0 1
    outer loop
      vertex -313.19 169.127 10
      vertex -312.054 169.155 10
      vertex -310.398 169.3 10
    endloop
  endfacet
  facet normal 0 0 1
    outer loop
      vertex -312.258 169.08 10
      vertex -313.19 169.127 10
      vertex -312.362 168.838 10
    endloop
  endfacet
  facet normal 0 0 1
    outer loop
      vertex -303.886 213.795 10
      vertex -306.446 215.055 10
      vertex -313.19 169.127 10
    endloop
  endfacet
  facet normal 0 0 1
    outer loop
      vertex -300.66 212.543 10
      vertex -303.826 213.78 10
      vertex -303.886 213.795 10
    endloop
  endfacet
  facet normal 0 -0 1
    outer loop
      vertex -312.258 169.08 10
      vertex -312.054 169.155 10
      vertex -313.19 169.127 10
    endloop
  endfacet
  facet normal 0 0 1
    outer loop
      vertex -312.044 218.254 10
      vertex -308.291 216.471 10
      vertex -308.313 216.492 10
    endloop
  endfacet
  facet normal 0 0 1
    outer loop
      vertex -309.379 217.723 10
      vertex -311.078 218.367 10
      vertex -311.991 218.251 10
    endloop
  endfacet
  facet normal -0 -0 1
    outer loop
      vertex -273.261 125.631 10
      vertex -273.058 125.63 10
      vertex -273.36 125.71 10
    endloop
  endfacet
  facet normal 0 0 1
    outer loop
      vertex -313.19 218.521 10
      vertex -306.471 215.071 10
      vertex -308.291 216.471 10
    endloop
  endfacet
  facet normal 0 0 1
    outer loop
      vertex -313.19 169.127 10
      vertex -306.471 215.071 10
      vertex -313.19 218.521 10
    endloop
  endfacet
  facet normal 0 0 1
    outer loop
      vertex -306.446 215.055 10
      vertex -306.471 215.071 10
      vertex -313.19 169.127 10
    endloop
  endfacet
  facet normal -0 0 1
    outer loop
      vertex -303.248 165.45 10
      vertex -303.075 165.436 10
      vertex -302.946 165.628 10
    endloop
  endfacet
  facet normal 0 0 1
    outer loop
      vertex -308.139 167.36 10
      vertex -308.913 169.19 10
      vertex -309.134 168.113 10
    endloop
  endfacet
  facet normal 0 0 1
    outer loop
      vertex -303.886 213.795 10
      vertex -309.068 169.37 10
      vertex -300.66 212.543 10
    endloop
  endfacet
  facet normal 0 0 1
    outer loop
      vertex -303.072 165.858 10
      vertex -303.407 165.327 10
      vertex -303.248 165.45 10
    endloop
  endfacet
  facet normal 0 0 1
    outer loop
      vertex -305.651 164.384 10
      vertex -303.407 165.327 10
      vertex -303.001 166.067 10
    endloop
  endfacet
  facet normal 0 0 1
    outer loop
      vertex -304.121 164.069 10
      vertex -304.033 164.1 10
      vertex -303.407 165.327 10
    endloop
  endfacet
  facet normal 0 -0 1
    outer loop
      vertex -305.651 164.384 10
      vertex -303.001 166.067 10
      vertex -307.936 166.777 10
    endloop
  endfacet
  facet normal 0 -0 1
    outer loop
      vertex -303.072 165.858 10
      vertex -303.001 166.067 10
      vertex -303.407 165.327 10
    endloop
  endfacet
  facet normal 0 0 1
    outer loop
      vertex -303.072 165.858 10
      vertex -303.248 165.45 10
      vertex -302.946 165.628 10
    endloop
  endfacet
  facet normal 0 0 1
    outer loop
      vertex -303.407 165.327 10
      vertex -305.651 164.384 10
      vertex -304.121 164.069 10
    endloop
  endfacet
  facet normal 0 0 1
    outer loop
      vertex -304.121 164.069 10
      vertex -305.651 164.384 10
      vertex -305.611 164.298 10
    endloop
  endfacet
  facet normal 0 0 1
    outer loop
      vertex -304.121 164.069 10
      vertex -305.611 164.298 10
      vertex -305.448 163.048 10
    endloop
  endfacet
  facet normal 0 0 1
    outer loop
      vertex -278.676 216.654 10
      vertex -294.813 213.348 10
      vertex -300.954 166.867 10
    endloop
  endfacet
  facet normal 0 0 1
    outer loop
      vertex -298.667 163.788 10
      vertex -300.004 165.927 10
      vertex -299.961 165.808 10
    endloop
  endfacet
  facet normal 0 0 1
    outer loop
      vertex -298.62 163.725 10
      vertex -297.288 162.148 10
      vertex -297.26 162.12 10
    endloop
  endfacet
  facet normal 0 -0 1
    outer loop
      vertex -297.26 162.12 10
      vertex -255.939 207.359 10
      vertex -300.004 165.927 10
    endloop
  endfacet
  facet normal -0 0 1
    outer loop
      vertex -300.007 165.244 10
      vertex -299.757 164.644 10
      vertex -299.961 165.808 10
    endloop
  endfacet
  facet normal 0 0 1
    outer loop
      vertex -295.898 212.892 10
      vertex -296.06 212.877 10
      vertex -300.954 166.867 10
    endloop
  endfacet
  facet normal 0 0 1
    outer loop
      vertex -278.676 216.654 10
      vertex -300.004 165.927 10
      vertex -256.609 207.849 10
    endloop
  endfacet
  facet normal -0 -0 1
    outer loop
      vertex -298.667 163.788 10
      vertex -298.62 163.725 10
      vertex -300.004 165.927 10
    endloop
  endfacet
  facet normal 0 0 1
    outer loop
      vertex -303.001 166.067 10
      vertex -308.139 167.36 10
      vertex -308.086 167.283 10
    endloop
  endfacet
  facet normal -0 -0 1
    outer loop
      vertex -307.936 166.777 10
      vertex -303.001 166.067 10
      vertex -308.086 167.283 10
    endloop
  endfacet
  facet normal 0 0 1
    outer loop
      vertex -278.676 216.654 10
      vertex -300.954 166.867 10
      vertex -300.004 165.927 10
    endloop
  endfacet
  facet normal 0 0 1
    outer loop
      vertex -298.667 163.788 10
      vertex -299.961 165.808 10
      vertex -299.757 164.644 10
    endloop
  endfacet
  facet normal -0 0 1
    outer loop
      vertex -295.898 212.892 10
      vertex -300.954 166.867 10
      vertex -294.813 213.348 10
    endloop
  endfacet
  facet normal 0 0 1
    outer loop
      vertex -301.121 166.897 10
      vertex -309.068 169.37 10
      vertex -308.913 169.19 10
    endloop
  endfacet
  facet normal 0 0 1
    outer loop
      vertex -303.001 166.067 10
      vertex -308.913 169.19 10
      vertex -308.139 167.36 10
    endloop
  endfacet
  facet normal 0 0 1
    outer loop
      vertex -300.954 166.867 10
      vertex -296.06 212.877 10
      vertex -300.484 212.555 10
    endloop
  endfacet
  facet normal 0 0 1
    outer loop
      vertex -300.004 165.927 10
      vertex -255.939 207.359 10
      vertex -256.609 207.849 10
    endloop
  endfacet
  facet normal 0 0 1
    outer loop
      vertex -297.26 162.12 10
      vertex -300.004 165.927 10
      vertex -298.62 163.725 10
    endloop
  endfacet
  facet normal 0 0 1
    outer loop
      vertex -298.62 163.725 10
      vertex -298.315 162.953 10
      vertex -297.288 162.148 10
    endloop
  endfacet
  facet normal 0 -0 1
    outer loop
      vertex -296.33 160.87 10
      vertex -255.939 207.359 10
      vertex -297.26 162.12 10
    endloop
  endfacet
  facet normal 0 0 1
    outer loop
      vertex -255.885 207.334 10
      vertex -255.939 207.359 10
      vertex -296.33 160.87 10
    endloop
  endfacet
  facet normal -0 -0 1
    outer loop
      vertex -290.467 152.381 10
      vertex -290.449 152.369 10
      vertex -293.719 155.793 10
    endloop
  endfacet
  facet normal 0 0 1
    outer loop
      vertex -290.467 152.381 10
      vertex -293.719 155.793 10
      vertex -293.354 155.163 10
    endloop
  endfacet
  facet normal -0 -0 1
    outer loop
      vertex -296.301 160.761 10
      vertex -293.719 155.793 10
      vertex -296.33 160.87 10
    endloop
  endfacet
  facet normal 0 0 1
    outer loop
      vertex -290.449 152.369 10
      vertex -289.859 151.919 10
      vertex -289.099 151.47 10
    endloop
  endfacet
  facet normal 0 0 1
    outer loop
      vertex -290.467 152.381 10
      vertex -293.254 154.984 10
      vertex -292.317 153.411 10
    endloop
  endfacet
  facet normal 0 0 1
    outer loop
      vertex -296.301 160.761 10
      vertex -296.335 160.5 10
      vertex -293.719 155.793 10
    endloop
  endfacet
  facet normal 0 0 1
    outer loop
      vertex -293.354 155.163 10
      vertex -293.719 155.793 10
      vertex -293.715 155.655 10
    endloop
  endfacet
  facet normal 0 0 1
    outer loop
      vertex -293.354 155.163 10
      vertex -293.254 154.984 10
      vertex -290.467 152.381 10
    endloop
  endfacet
  facet normal -0 -0 1
    outer loop
      vertex -292.974 154.205 10
      vertex -292.891 154.088 10
      vertex -293.254 154.984 10
    endloop
  endfacet
  facet normal -0 0 1
    outer loop
      vertex -293.871 155.33 10
      vertex -293.354 155.163 10
      vertex -293.715 155.655 10
    endloop
  endfacet
  facet normal 0 0 1
    outer loop
      vertex -292.891 154.088 10
      vertex -292.398 153.43 10
      vertex -292.317 153.411 10
    endloop
  endfacet
  facet normal -0 0 1
    outer loop
      vertex -293.395 154.411 10
      vertex -292.974 154.205 10
      vertex -293.254 154.984 10
    endloop
  endfacet
  facet normal -0 -0 1
    outer loop
      vertex -292.891 154.088 10
      vertex -292.317 153.411 10
      vertex -293.254 154.984 10
    endloop
  endfacet
  facet normal 0 0 1
    outer loop
      vertex -292.398 153.43 10
      vertex -292.891 154.088 10
      vertex -292.808 153.407 10
    endloop
  endfacet
  facet normal -0 -0 1
    outer loop
      vertex -290.449 152.369 10
      vertex -289.099 151.47 10
      vertex -293.719 155.793 10
    endloop
  endfacet
  facet normal 0 0 1
    outer loop
      vertex -289.099 151.47 10
      vertex -296.33 160.87 10
      vertex -293.719 155.793 10
    endloop
  endfacet
  facet normal 0 0 1
    outer loop
      vertex -255.885 207.334 10
      vertex -296.33 160.87 10
      vertex -289.099 151.47 10
    endloop
  endfacet
  facet normal 0 0 1
    outer loop
      vertex -255.885 207.334 10
      vertex -289.099 151.47 10
      vertex -288.96 151.324 10
    endloop
  endfacet
  facet normal -0 -0 1
    outer loop
      vertex -289.699 151.512 10
      vertex -289.099 151.47 10
      vertex -289.807 151.846 10
    endloop
  endfacet
  facet normal -0 -0 1
    outer loop
      vertex -289.807 151.846 10
      vertex -289.099 151.47 10
      vertex -289.859 151.919 10
    endloop
  endfacet
  facet normal 0 0 1
    outer loop
      vertex -253.135 206.674 10
      vertex -255.885 207.334 10
      vertex -288.96 151.324 10
    endloop
  endfacet
  facet normal 0 0 1
    outer loop
      vertex -253.135 206.674 10
      vertex -288.96 151.324 10
      vertex -238.554 199.295 10
    endloop
  endfacet
  facet normal 0 0 1
    outer loop
      vertex -288.292 149.199 10
      vertex -288.144 148.85 10
      vertex -287.951 148.904 10
    endloop
  endfacet
  facet normal 0 0 1
    outer loop
      vertex -288.461 149.287 10
      vertex -288.96 151.324 10
      vertex -288.579 149.156 10
    endloop
  endfacet
  facet normal -0 -0 1
    outer loop
      vertex -288.292 149.199 10
      vertex -287.785 148.843 10
      vertex -288.96 151.324 10
    endloop
  endfacet
  facet normal -0 -0 1
    outer loop
      vertex -285.932 142.958 10
      vertex -285.552 142.728 10
      vertex -287.779 148.686 10
    endloop
  endfacet
  facet normal -0 0 1
    outer loop
      vertex -289.528 145.577 10
      vertex -288.087 144.157 10
      vertex -287.779 148.686 10
    endloop
  endfacet
  facet normal 0 0 1
    outer loop
      vertex -288.579 149.156 10
      vertex -288.867 147.827 10
      vertex -288.677 148.24 10
    endloop
  endfacet
  facet normal 0 0 1
    outer loop
      vertex -288.292 149.199 10
      vertex -287.951 148.904 10
      vertex -287.785 148.843 10
    endloop
  endfacet
  facet normal 0 0 1
    outer loop
      vertex -288.96 151.324 10
      vertex -288.867 147.827 10
      vertex -288.579 149.156 10
    endloop
  endfacet
  facet normal 0 0 1
    outer loop
      vertex -288.292 149.199 10
      vertex -288.96 151.324 10
      vertex -288.461 149.287 10
    endloop
  endfacet
  facet normal 0 0 1
    outer loop
      vertex -282.129 138.87 10
      vertex -285.552 142.728 10
      vertex -282.296 138.968 10
    endloop
  endfacet
  facet normal 0 0 1
    outer loop
      vertex -286.078 142.964 10
      vertex -287.928 144.082 10
      vertex -286.648 142.674 10
    endloop
  endfacet
  facet normal 0 -0 1
    outer loop
      vertex -287.785 148.843 10
      vertex -238.554 199.295 10
      vertex -288.96 151.324 10
    endloop
  endfacet
  facet normal 0 0 1
    outer loop
      vertex -287.785 148.843 10
      vertex -287.779 148.686 10
      vertex -285.552 142.728 10
    endloop
  endfacet
  facet normal 0 0 1
    outer loop
      vertex -289.689 144.772 10
      vertex -289.022 143.983 10
      vertex -288.087 144.157 10
    endloop
  endfacet
  facet normal -0 0 1
    outer loop
      vertex -289.689 144.772 10
      vertex -288.087 144.157 10
      vertex -289.528 145.577 10
    endloop
  endfacet
  facet normal -0 0 1
    outer loop
      vertex -288.087 144.157 10
      vertex -287.928 144.082 10
      vertex -287.779 148.686 10
    endloop
  endfacet
  facet normal -0 -0 1
    outer loop
      vertex -285.484 142.566 10
      vertex -284.163 140.514 10
      vertex -285.552 142.728 10
    endloop
  endfacet
  facet normal 0 0 1
    outer loop
      vertex -287.251 141.879 10
      vertex -288.005 143.871 10
      vertex -288.876 143.524 10
    endloop
  endfacet
  facet normal 0 -0 1
    outer loop
      vertex -287.279 141.809 10
      vertex -287.251 141.879 10
      vertex -288.566 141.535 10
    endloop
  endfacet
  facet normal 0 0 1
    outer loop
      vertex -287.251 141.879 10
      vertex -288.624 141.585 10
      vertex -288.566 141.535 10
    endloop
  endfacet
  facet normal -0 -0 1
    outer loop
      vertex -289.365 141.946 10
      vertex -288.624 141.585 10
      vertex -289.462 142.103 10
    endloop
  endfacet
  facet normal 0 0 1
    outer loop
      vertex -288.624 141.585 10
      vertex -288.876 143.524 10
      vertex -289.462 142.103 10
    endloop
  endfacet
  facet normal 0 0 1
    outer loop
      vertex -288.566 141.535 10
      vertex -287.894 140.557 10
      vertex -287.382 141.024 10
    endloop
  endfacet
  facet normal -0 0 1
    outer loop
      vertex -288.566 141.535 10
      vertex -287.382 141.024 10
      vertex -287.279 141.809 10
    endloop
  endfacet
  facet normal -0 -0 1
    outer loop
      vertex -284.904 141.34 10
      vertex -284.783 141.284 10
      vertex -285.484 142.566 10
    endloop
  endfacet
  facet normal 0 0 1
    outer loop
      vertex -284.163 140.514 10
      vertex -284.154 140.338 10
      vertex -282.296 138.968 10
    endloop
  endfacet
  facet normal 0 0 1
    outer loop
      vertex -287.251 141.879 10
      vertex -288.876 143.524 10
      vertex -288.624 141.585 10
    endloop
  endfacet
  facet normal 0 0 1
    outer loop
      vertex -284.904 141.34 10
      vertex -285.535 142.484 10
      vertex -285.53 141.322 10
    endloop
  endfacet
  facet normal 0 0 1
    outer loop
      vertex -286.701 142.629 10
      vertex -288.005 143.871 10
      vertex -287.251 141.879 10
    endloop
  endfacet
  facet normal 0 0 1
    outer loop
      vertex -285.484 142.566 10
      vertex -284.783 141.284 10
      vertex -284.163 140.514 10
    endloop
  endfacet
  facet normal 0 0 1
    outer loop
      vertex -286.648 142.674 10
      vertex -288.005 143.871 10
      vertex -286.701 142.629 10
    endloop
  endfacet
  facet normal 0 0 1
    outer loop
      vertex -286.541 141.354 10
      vertex -286.887 141.363 10
      vertex -286.727 140.867 10
    endloop
  endfacet
  facet normal 0 0 1
    outer loop
      vertex -287.928 144.082 10
      vertex -288.005 143.871 10
      vertex -286.648 142.674 10
    endloop
  endfacet
  facet normal 0 0 1
    outer loop
      vertex -285.932 142.958 10
      vertex -287.928 144.082 10
      vertex -286.078 142.964 10
    endloop
  endfacet
  facet normal 0 0 1
    outer loop
      vertex -287.779 148.686 10
      vertex -287.928 144.082 10
      vertex -285.932 142.958 10
    endloop
  endfacet
  facet normal 0 0 1
    outer loop
      vertex -284.904 141.34 10
      vertex -285.484 142.566 10
      vertex -285.535 142.484 10
    endloop
  endfacet
  facet normal 0 0 1
    outer loop
      vertex -285.53 141.322 10
      vertex -285.535 142.484 10
      vertex -285.818 141.547 10
    endloop
  endfacet
  facet normal -0 0 1
    outer loop
      vertex -285.825 140.435 10
      vertex -285.769 140.389 10
      vertex -285.598 140.819 10
    endloop
  endfacet
  facet normal -0 0 1
    outer loop
      vertex -285.97 142.125 10
      vertex -285.818 141.547 10
      vertex -285.535 142.484 10
    endloop
  endfacet
  facet normal 0 -0 1
    outer loop
      vertex -282.418 138.841 10
      vertex -282.296 138.968 10
      vertex -284.154 140.338 10
    endloop
  endfacet
  facet normal 0 0 1
    outer loop
      vertex -238.554 199.295 10
      vertex -282.129 138.87 10
      vertex -211.157 163.661 10
    endloop
  endfacet
  facet normal 0 0 1
    outer loop
      vertex -284.448 139.17 10
      vertex -284.414 139.034 10
      vertex -282.418 138.841 10
    endloop
  endfacet
  facet normal -0 -0 1
    outer loop
      vertex -284.189 137.641 10
      vertex -283.473 137.17 10
      vertex -284.235 137.86 10
    endloop
  endfacet
  facet normal 0 0 1
    outer loop
      vertex -284.154 140.338 10
      vertex -284.393 140.322 10
      vertex -284.448 139.17 10
    endloop
  endfacet
  facet normal 0 0 1
    outer loop
      vertex -284.393 140.322 10
      vertex -285.489 140.009 10
      vertex -285.466 139.963 10
    endloop
  endfacet
  facet normal 0 0 1
    outer loop
      vertex -284.826 140.82 10
      vertex -285.489 140.009 10
      vertex -284.393 140.322 10
    endloop
  endfacet
  facet normal 0 0 1
    outer loop
      vertex -285.825 140.435 10
      vertex -285.598 140.819 10
      vertex -285.731 140.834 10
    endloop
  endfacet
  facet normal 0 0 1
    outer loop
      vertex -285.598 140.819 10
      vertex -285.769 140.389 10
      vertex -285.489 140.009 10
    endloop
  endfacet
  facet normal 0 -0 1
    outer loop
      vertex -285.825 140.435 10
      vertex -285.731 140.834 10
      vertex -286.727 140.867 10
    endloop
  endfacet
  facet normal 0 0 1
    outer loop
      vertex -286.606 141.513 10
      vertex -286.887 141.363 10
      vertex -286.541 141.354 10
    endloop
  endfacet
  facet normal 0 0 1
    outer loop
      vertex -286.532 141.848 10
      vertex -286.617 141.839 10
      vertex -286.606 141.513 10
    endloop
  endfacet
  facet normal 0 0 1
    outer loop
      vertex -286.606 141.513 10
      vertex -286.617 141.839 10
      vertex -286.887 141.363 10
    endloop
  endfacet
  facet normal 0 0 1
    outer loop
      vertex -285.731 140.834 10
      vertex -286.541 141.354 10
      vertex -286.727 140.867 10
    endloop
  endfacet
  facet normal -0 0 1
    outer loop
      vertex -285.598 140.819 10
      vertex -285.489 140.009 10
      vertex -285.237 140.951 10
    endloop
  endfacet
  facet normal 0 0 1
    outer loop
      vertex -284.826 140.82 10
      vertex -285.237 140.951 10
      vertex -285.489 140.009 10
    endloop
  endfacet
  facet normal 0 0 1
    outer loop
      vertex -284.621 139.207 10
      vertex -285.466 139.963 10
      vertex -285.165 138.966 10
    endloop
  endfacet
  facet normal 0 0 1
    outer loop
      vertex -284.393 140.322 10
      vertex -285.466 139.963 10
      vertex -284.621 139.207 10
    endloop
  endfacet
  facet normal 0 -0 1
    outer loop
      vertex -284.448 139.17 10
      vertex -284.393 140.322 10
      vertex -284.621 139.207 10
    endloop
  endfacet
  facet normal 0 -0 1
    outer loop
      vertex -284.411 137.841 10
      vertex -284.235 137.86 10
      vertex -284.414 139.034 10
    endloop
  endfacet
  facet normal 0 0 1
    outer loop
      vertex -284.414 139.034 10
      vertex -282.512 138.188 10
      vertex -282.418 138.841 10
    endloop
  endfacet
  facet normal 0 0 1
    outer loop
      vertex -284.411 137.841 10
      vertex -284.414 139.034 10
      vertex -284.789 137.499 10
    endloop
  endfacet
  facet normal -0 0 1
    outer loop
      vertex -284.235 137.86 10
      vertex -283.473 137.17 10
      vertex -282.512 138.188 10
    endloop
  endfacet
  facet normal 0 0 1
    outer loop
      vertex -211.157 163.661 10
      vertex -282.129 138.87 10
      vertex -211.127 163.495 10
    endloop
  endfacet
  facet normal 0 0 1
    outer loop
      vertex -284.189 137.641 10
      vertex -284.407 137.345 10
      vertex -283.473 137.17 10
    endloop
  endfacet
  facet normal 0 0 1
    outer loop
      vertex -284.38 136.909 10
      vertex -284.435 136.784 10
      vertex -284.221 136.71 10
    endloop
  endfacet
  facet normal 0 -0 1
    outer loop
      vertex -284.221 136.71 10
      vertex -284.153 136.791 10
      vertex -284.38 136.909 10
    endloop
  endfacet
  facet normal 0 0 1
    outer loop
      vertex -285.058 136.275 10
      vertex -284.221 136.71 10
      vertex -284.435 136.784 10
    endloop
  endfacet
  facet normal -0 -0 1
    outer loop
      vertex -284.38 136.909 10
      vertex -284.153 136.791 10
      vertex -284.407 137.345 10
    endloop
  endfacet
  facet normal 0 0 1
    outer loop
      vertex -284.221 136.71 10
      vertex -285.058 136.275 10
      vertex -284.683 135.402 10
    endloop
  endfacet
  facet normal 0 0 1
    outer loop
      vertex -281.469 136.059 10
      vertex -281.969 138.42 10
      vertex -281.979 138.296 10
    endloop
  endfacet
  facet normal 0 -0 1
    outer loop
      vertex -284.153 136.791 10
      vertex -283.473 137.17 10
      vertex -284.407 137.345 10
    endloop
  endfacet
  facet normal -0 -0 1
    outer loop
      vertex -281.468 135.883 10
      vertex -277.467 131.88 10
      vertex -281.469 136.059 10
    endloop
  endfacet
  facet normal 0 0 1
    outer loop
      vertex -284.414 139.034 10
      vertex -284.235 137.86 10
      vertex -282.512 138.188 10
    endloop
  endfacet
  facet normal 0 0 1
    outer loop
      vertex -284.154 140.338 10
      vertex -284.448 139.17 10
      vertex -282.418 138.841 10
    endloop
  endfacet
  facet normal 0 0 1
    outer loop
      vertex -282.296 138.968 10
      vertex -285.552 142.728 10
      vertex -284.163 140.514 10
    endloop
  endfacet
  facet normal 0 0 1
    outer loop
      vertex -238.554 199.295 10
      vertex -287.785 148.843 10
      vertex -282.129 138.87 10
    endloop
  endfacet
  facet normal 0 0 1
    outer loop
      vertex -282.129 138.87 10
      vertex -287.785 148.843 10
      vertex -285.552 142.728 10
    endloop
  endfacet
  facet normal -0 -0 1
    outer loop
      vertex -281 132.378 10
      vertex -277.467 131.88 10
      vertex -281.397 134.724 10
    endloop
  endfacet
  facet normal 0 -0 1
    outer loop
      vertex -279.8 131.29 10
      vertex -277.612 131.779 10
      vertex -281 132.378 10
    endloop
  endfacet
  facet normal -0 0 1
    outer loop
      vertex -282.472 137.421 10
      vertex -281.469 136.059 10
      vertex -281.979 138.296 10
    endloop
  endfacet
  facet normal 0 0 1
    outer loop
      vertex -281 132.378 10
      vertex -281.397 134.724 10
      vertex -281.128 132.528 10
    endloop
  endfacet
  facet normal 0 0 1
    outer loop
      vertex -279.651 131.196 10
      vertex -279.122 130.989 10
      vertex -278.977 131.09 10
    endloop
  endfacet
  facet normal -0 0 1
    outer loop
      vertex -281.538 134.83 10
      vertex -281.397 134.724 10
      vertex -281.468 135.883 10
    endloop
  endfacet
  facet normal 0 0 1
    outer loop
      vertex -283.855 136.346 10
      vertex -283.947 135.866 10
      vertex -283.845 135.87 10
    endloop
  endfacet
  facet normal 0 0 1
    outer loop
      vertex -283.072 134.81 10
      vertex -283.99 134.935 10
      vertex -283.741 134.188 10
    endloop
  endfacet
  facet normal -0 -0 1
    outer loop
      vertex -283.845 135.87 10
      vertex -283.699 135.771 10
      vertex -283.855 136.346 10
    endloop
  endfacet
  facet normal 0 -0 1
    outer loop
      vertex -283.699 135.771 10
      vertex -282.785 136.99 10
      vertex -283.855 136.346 10
    endloop
  endfacet
  facet normal 0 0 1
    outer loop
      vertex -281.698 135.866 10
      vertex -282.785 136.99 10
      vertex -283.699 135.771 10
    endloop
  endfacet
  facet normal 0 -0 1
    outer loop
      vertex -283.072 134.81 10
      vertex -282.968 134.85 10
      vertex -283.701 135.665 10
    endloop
  endfacet
  facet normal 0 -0 1
    outer loop
      vertex -282.968 134.85 10
      vertex -281.698 135.866 10
      vertex -283.699 135.771 10
    endloop
  endfacet
  facet normal 0 0 1
    outer loop
      vertex -283.699 135.771 10
      vertex -283.701 135.665 10
      vertex -282.968 134.85 10
    endloop
  endfacet
  facet normal 0 0 1
    outer loop
      vertex -283.701 135.665 10
      vertex -283.99 134.935 10
      vertex -283.072 134.81 10
    endloop
  endfacet
  facet normal 0 0 1
    outer loop
      vertex -281.698 135.866 10
      vertex -282.968 134.85 10
      vertex -281.538 134.83 10
    endloop
  endfacet
  facet normal 0 0 1
    outer loop
      vertex -279.8 131.29 10
      vertex -281 132.378 10
      vertex -280.783 131.742 10
    endloop
  endfacet
  facet normal 0 0 1
    outer loop
      vertex -281.468 135.883 10
      vertex -281.698 135.866 10
      vertex -281.538 134.83 10
    endloop
  endfacet
  facet normal -0 0 1
    outer loop
      vertex -283.057 134.206 10
      vertex -281.284 132.447 10
      vertex -281.509 134.533 10
    endloop
  endfacet
  facet normal 0 -0 1
    outer loop
      vertex -282.938 132.118 10
      vertex -281.284 132.447 10
      vertex -283.057 134.206 10
    endloop
  endfacet
  facet normal -0 0 1
    outer loop
      vertex -283.645 132.771 10
      vertex -282.938 132.118 10
      vertex -283.603 133.351 10
    endloop
  endfacet
  facet normal 0 0 1
    outer loop
      vertex -282.938 132.118 10
      vertex -283.057 134.206 10
      vertex -283.603 133.351 10
    endloop
  endfacet
  facet normal 0 0 1
    outer loop
      vertex -282.333 131.865 10
      vertex -281.5 132.014 10
      vertex -281.284 132.447 10
    endloop
  endfacet
  facet normal 0 -0 1
    outer loop
      vertex -282.333 131.865 10
      vertex -281.284 132.447 10
      vertex -282.938 132.118 10
    endloop
  endfacet
  facet normal 0 -0 1
    outer loop
      vertex -278.977 131.09 10
      vertex -277.612 131.779 10
      vertex -279.8 131.29 10
    endloop
  endfacet
  facet normal 0 -0 1
    outer loop
      vertex -281.284 132.447 10
      vertex -281.128 132.528 10
      vertex -281.509 134.533 10
    endloop
  endfacet
  facet normal 0 0 1
    outer loop
      vertex -281.128 132.528 10
      vertex -281.397 134.724 10
      vertex -281.509 134.533 10
    endloop
  endfacet
  facet normal 0 0 1
    outer loop
      vertex -279.8 131.29 10
      vertex -280.783 131.742 10
      vertex -280.699 131.526 10
    endloop
  endfacet
  facet normal -0 0 1
    outer loop
      vertex -281.008 131.818 10
      vertex -280.783 131.742 10
      vertex -281 132.378 10
    endloop
  endfacet
  facet normal -0 -0 1
    outer loop
      vertex -279.651 131.196 10
      vertex -278.977 131.09 10
      vertex -279.8 131.29 10
    endloop
  endfacet
  facet normal -0 0 1
    outer loop
      vertex -278.977 131.09 10
      vertex -278.835 130.978 10
      vertex -277.612 131.779 10
    endloop
  endfacet
  facet normal 0 0 1
    outer loop
      vertex -279.8 131.29 10
      vertex -280.699 131.526 10
      vertex -280.873 131.218 10
    endloop
  endfacet
  facet normal -0 -0 1
    outer loop
      vertex -281.397 134.724 10
      vertex -277.467 131.88 10
      vertex -281.468 135.883 10
    endloop
  endfacet
  facet normal 0 0 1
    outer loop
      vertex -279.651 131.196 10
      vertex -279.742 130.998 10
      vertex -279.122 130.989 10
    endloop
  endfacet
  facet normal 0 0 1
    outer loop
      vertex -279.122 130.989 10
      vertex -279.742 130.998 10
      vertex -279.303 130.462 10
    endloop
  endfacet
  facet normal 0 0 1
    outer loop
      vertex -279.742 130.998 10
      vertex -280.745 130.655 10
      vertex -280.189 130.559 10
    endloop
  endfacet
  facet normal 0 -0 1
    outer loop
      vertex -278.727 130.568 10
      vertex -278.019 130.613 10
      vertex -278.835 130.978 10
    endloop
  endfacet
  facet normal 0 0 1
    outer loop
      vertex -279.742 130.998 10
      vertex -280.189 130.559 10
      vertex -279.303 130.462 10
    endloop
  endfacet
  facet normal 0 0 1
    outer loop
      vertex -281 132.378 10
      vertex -277.612 131.779 10
      vertex -277.467 131.88 10
    endloop
  endfacet
  facet normal 0 -0 1
    outer loop
      vertex -277.32 131.73 10
      vertex -211.127 163.495 10
      vertex -282.129 138.87 10
    endloop
  endfacet
  facet normal 0 -0 1
    outer loop
      vertex -278.019 130.613 10
      vertex -277.612 131.779 10
      vertex -278.835 130.978 10
    endloop
  endfacet
  facet normal 0 0 1
    outer loop
      vertex -275.542 129.43 10
      vertex -277.732 130.132 10
      vertex -277.162 128.833 10
    endloop
  endfacet
  facet normal 0 0 1
    outer loop
      vertex -275.542 129.43 10
      vertex -277.162 128.833 10
      vertex -275.576 129.257 10
    endloop
  endfacet
  facet normal -0 0 1
    outer loop
      vertex -277.32 130.9 10
      vertex -275.371 129.453 10
      vertex -277.32 131.73 10
    endloop
  endfacet
  facet normal 0 0 1
    outer loop
      vertex -277.467 131.88 10
      vertex -281.969 138.42 10
      vertex -281.469 136.059 10
    endloop
  endfacet
  facet normal 0 0 1
    outer loop
      vertex -282.129 138.87 10
      vertex -277.467 131.88 10
      vertex -277.32 131.73 10
    endloop
  endfacet
  facet normal 0 0 1
    outer loop
      vertex -282.129 138.87 10
      vertex -281.969 138.42 10
      vertex -277.467 131.88 10
    endloop
  endfacet
  facet normal 0 0 1
    outer loop
      vertex -275.64 128.356 10
      vertex -275.423 128.925 10
      vertex -275.576 129.257 10
    endloop
  endfacet
  facet normal 0 0 1
    outer loop
      vertex -275.64 128.356 10
      vertex -276.548 128.153 10
      vertex -276.198 128.06 10
    endloop
  endfacet
  facet normal 0 -0 1
    outer loop
      vertex -275.64 128.356 10
      vertex -275.576 129.257 10
      vertex -276.548 128.153 10
    endloop
  endfacet
  facet normal 0 0 1
    outer loop
      vertex -275.576 129.257 10
      vertex -277.162 128.833 10
      vertex -276.548 128.153 10
    endloop
  endfacet
  facet normal 0 0 1
    outer loop
      vertex -274.499 127.663 10
      vertex -274.55 127.463 10
      vertex -273.888 127.64 10
    endloop
  endfacet
  facet normal -0 0 1
    outer loop
      vertex -277.32 131.73 10
      vertex -275.101 129.313 10
      vertex -211.127 163.495 10
    endloop
  endfacet
  facet normal 0 0 1
    outer loop
      vertex -277.339 130.826 10
      vertex -277.732 130.132 10
      vertex -275.542 129.43 10
    endloop
  endfacet
  facet normal -0 -0 1
    outer loop
      vertex -275.371 129.453 10
      vertex -275.101 129.313 10
      vertex -277.32 131.73 10
    endloop
  endfacet
  facet normal 0 0 1
    outer loop
      vertex -277.32 130.9 10
      vertex -277.339 130.826 10
      vertex -275.542 129.43 10
    endloop
  endfacet
  facet normal 0 0 1
    outer loop
      vertex -273.736 127.729 10
      vertex -275.101 129.313 10
      vertex -275.02 129.168 10
    endloop
  endfacet
  facet normal 0 0 1
    outer loop
      vertex -277.32 130.9 10
      vertex -275.542 129.43 10
      vertex -275.371 129.453 10
    endloop
  endfacet
  facet normal 0 0 1
    outer loop
      vertex -273.736 127.729 10
      vertex -275.02 129.168 10
      vertex -274.659 127.737 10
    endloop
  endfacet
  facet normal 0 0 1
    outer loop
      vertex -275.125 127.834 10
      vertex -274.977 127.674 10
      vertex -274.659 127.737 10
    endloop
  endfacet
  facet normal -0 0 1
    outer loop
      vertex -275.125 127.834 10
      vertex -274.659 127.737 10
      vertex -275.02 129.168 10
    endloop
  endfacet
  facet normal -0 0 1
    outer loop
      vertex -273.736 127.729 10
      vertex -273.602 127.554 10
      vertex -211.127 163.495 10
    endloop
  endfacet
  facet normal -0 0 1
    outer loop
      vertex -274.499 127.663 10
      vertex -273.888 127.64 10
      vertex -273.736 127.729 10
    endloop
  endfacet
  facet normal 0 -0 1
    outer loop
      vertex -274.5 126.782 10
      vertex -274.196 126.93 10
      vertex -274.55 127.463 10
    endloop
  endfacet
  facet normal 0 -0 1
    outer loop
      vertex -274.196 126.93 10
      vertex -273.888 127.64 10
      vertex -274.55 127.463 10
    endloop
  endfacet
  facet normal 0 0 1
    outer loop
      vertex -274.55 127.463 10
      vertex -275.06 127.14 10
      vertex -274.5 126.782 10
    endloop
  endfacet
  facet normal 0 -0 1
    outer loop
      vertex -273.156 126.735 10
      vertex -272.98 126.747 10
      vertex -273.602 127.554 10
    endloop
  endfacet
  facet normal -0 0 1
    outer loop
      vertex -273.602 127.554 10
      vertex -272.98 126.747 10
      vertex -211.127 163.495 10
    endloop
  endfacet
  facet normal 0 0 1
    outer loop
      vertex -274.659 127.737 10
      vertex -274.499 127.663 10
      vertex -273.736 127.729 10
    endloop
  endfacet
  facet normal 0 0 1
    outer loop
      vertex -273.156 126.735 10
      vertex -273.775 126.56 10
      vertex -273.417 126.517 10
    endloop
  endfacet
  facet normal 0 0 1
    outer loop
      vertex -211.127 163.495 10
      vertex -275.101 129.313 10
      vertex -273.736 127.729 10
    endloop
  endfacet
  facet normal 0 0 1
    outer loop
      vertex -273.517 125.86 10
      vertex -273.66 126.03 10
      vertex -273.621 125.855 10
    endloop
  endfacet
  facet normal 0 0 1
    outer loop
      vertex -273.156 126.735 10
      vertex -273.602 127.554 10
      vertex -273.775 126.56 10
    endloop
  endfacet
  facet normal 0 0 1
    outer loop
      vertex -272.98 126.747 10
      vertex -209.78 160.308 10
      vertex -211.127 163.495 10
    endloop
  endfacet
  facet normal 0 -0 1
    outer loop
      vertex -272.801 125.39 10
      vertex -211.61 126.521 10
      vertex -272.923 126.559 10
    endloop
  endfacet
  facet normal 0 -0 1
    outer loop
      vertex -211.61 126.521 10
      vertex -209.78 160.308 10
      vertex -272.98 126.747 10
    endloop
  endfacet
  facet normal -0 0 1
    outer loop
      vertex -273.083 126.199 10
      vertex -272.801 125.39 10
      vertex -272.923 126.559 10
    endloop
  endfacet
  facet normal -0 0 1
    outer loop
      vertex -273.36 125.71 10
      vertex -273.058 125.63 10
      vertex -273.194 126.112 10
    endloop
  endfacet
  facet normal 0 0 1
    outer loop
      vertex -273.194 126.112 10
      vertex -273.517 125.86 10
      vertex -273.36 125.71 10
    endloop
  endfacet
  facet normal 0 0 1
    outer loop
      vertex -273.194 126.112 10
      vertex -273.66 126.03 10
      vertex -273.517 125.86 10
    endloop
  endfacet
  facet normal 0 0 1
    outer loop
      vertex -273.261 125.631 10
      vertex -273.36 125.71 10
      vertex -273.36 125.54 10
    endloop
  endfacet
  facet normal 0 0 1
    outer loop
      vertex -273.058 125.63 10
      vertex -273.083 126.199 10
      vertex -273.194 126.112 10
    endloop
  endfacet
  facet normal 0 -0 1
    outer loop
      vertex -211.619 125.38 10
      vertex -211.61 126.521 10
      vertex -272.801 125.39 10
    endloop
  endfacet
  facet normal 0 0 1
    outer loop
      vertex -272.801 125.39 10
      vertex -273.083 126.199 10
      vertex -273.058 125.63 10
    endloop
  endfacet
  facet normal 0 0 1
    outer loop
      vertex -210.524 125.311 10
      vertex -210.164 124.52 10
      vertex -208.977 124.256 10
    endloop
  endfacet
  facet normal 0 0 1
    outer loop
      vertex -206.317 154.476 10
      vertex -209.78 160.308 10
      vertex -211.61 126.521 10
    endloop
  endfacet
  facet normal -0 -0 1
    outer loop
      vertex -272.923 126.559 10
      vertex -211.61 126.521 10
      vertex -272.98 126.747 10
    endloop
  endfacet
  facet normal 0 0 1
    outer loop
      vertex -208.934 124.239 10
      vertex -208.229 123.827 10
      vertex -207.569 124.108 10
    endloop
  endfacet
  facet normal 0 0 1
    outer loop
      vertex -194.467 150.831 10
      vertex -194.531 150.881 10
      vertex -210.743 126.443 10
    endloop
  endfacet
  facet normal 0 0 1
    outer loop
      vertex -208.977 124.256 10
      vertex -210.641 126.317 10
      vertex -210.524 125.311 10
    endloop
  endfacet
  facet normal 0 0 1
    outer loop
      vertex -207.506 124.12 10
      vertex -208.977 124.256 10
      vertex -208.934 124.239 10
    endloop
  endfacet
  facet normal 0 0 1
    outer loop
      vertex -204.884 123.18 10
      vertex -205.419 123.411 10
      vertex -205.281 123.026 10
    endloop
  endfacet
  facet normal 0 0 1
    outer loop
      vertex -206.656 124.1 10
      vertex -210.641 126.317 10
      vertex -207.506 124.12 10
    endloop
  endfacet
  facet normal -0 0 1
    outer loop
      vertex -184.622 103.446 10
      vertex -184.382 102.627 10
      vertex -184.483 103.841 10
    endloop
  endfacet
  facet normal 0 0 1
    outer loop
      vertex -210.743 126.443 10
      vertex -210.641 126.317 10
      vertex -206.656 124.1 10
    endloop
  endfacet
  facet normal 0 0 1
    outer loop
      vertex -194.467 150.831 10
      vertex -206.589 124.082 10
      vertex -189.757 147.131 10
    endloop
  endfacet
  facet normal 0 0 1
    outer loop
      vertex -194.467 150.831 10
      vertex -210.743 126.443 10
      vertex -206.589 124.082 10
    endloop
  endfacet
  facet normal 0 -0 1
    outer loop
      vertex -204.884 123.18 10
      vertex -204.78 123.182 10
      vertex -205.489 123.492 10
    endloop
  endfacet
  facet normal 0 0 1
    outer loop
      vertex -205.489 123.492 10
      vertex -204.78 123.182 10
      vertex -202.093 122.74 10
    endloop
  endfacet
  facet normal 0 0 1
    outer loop
      vertex -205.489 123.492 10
      vertex -205.419 123.411 10
      vertex -204.884 123.18 10
    endloop
  endfacet
  facet normal -0 -0 1
    outer loop
      vertex -205.489 123.492 10
      vertex -202.093 122.74 10
      vertex -206.589 124.082 10
    endloop
  endfacet
  facet normal 0 -0 1
    outer loop
      vertex -202.093 122.74 10
      vertex -189.757 147.131 10
      vertex -206.589 124.082 10
    endloop
  endfacet
  facet normal 0 0 1
    outer loop
      vertex -202.093 122.74 10
      vertex -204.41 123.052 10
      vertex -204.371 123.03 10
    endloop
  endfacet
  facet normal 0 0 1
    outer loop
      vertex -202.093 122.74 10
      vertex -204.371 123.03 10
      vertex -203.346 122.269 10
    endloop
  endfacet
  facet normal -0 0 1
    outer loop
      vertex -200.095 122.407 10
      vertex -198.821 122.05 10
      vertex -196.459 123.058 10
    endloop
  endfacet
  facet normal -0 0 1
    outer loop
      vertex -202.093 122.74 10
      vertex -201.941 122.713 10
      vertex -196.459 123.058 10
    endloop
  endfacet
  facet normal -0 0 1
    outer loop
      vertex -196.459 123.058 10
      vertex -196.323 123.049 10
      vertex -189.757 147.131 10
    endloop
  endfacet
  facet normal -0 0 1
    outer loop
      vertex -200.204 122.45 10
      vertex -200.095 122.407 10
      vertex -196.459 123.058 10
    endloop
  endfacet
  facet normal 0 0 1
    outer loop
      vertex -200.204 122.45 10
      vertex -201.941 122.713 10
      vertex -201.596 122.412 10
    endloop
  endfacet
  facet normal -0 -0 1
    outer loop
      vertex -188.263 117.509 10
      vertex -187.044 117.283 10
      vertex -188.464 118.326 10
    endloop
  endfacet
  facet normal 0 0 1
    outer loop
      vertex -202.093 122.74 10
      vertex -196.459 123.058 10
      vertex -189.757 147.131 10
    endloop
  endfacet
  facet normal 0 0 1
    outer loop
      vertex -198.821 122.05 10
      vertex -200.095 122.407 10
      vertex -199.72 122.041 10
    endloop
  endfacet
  facet normal 0 0 1
    outer loop
      vertex -183.302 113.335 10
      vertex -174.93 108.1 10
      vertex -167.663 111.619 10
    endloop
  endfacet
  facet normal 0 0 1
    outer loop
      vertex -183.368 113.436 10
      vertex -183.302 113.335 10
      vertex -167.663 111.619 10
    endloop
  endfacet
  facet normal 0 0 1
    outer loop
      vertex -196.323 123.049 10
      vertex -182.993 139.424 10
      vertex -189.757 147.131 10
    endloop
  endfacet
  facet normal 0 0 1
    outer loop
      vertex -183.335 104.784 10
      vertex -183.243 102.21 10
      vertex -180.699 103.778 10
    endloop
  endfacet
  facet normal 0 0 1
    outer loop
      vertex -181.986 136.526 10
      vertex -182.993 139.424 10
      vertex -196.323 123.049 10
    endloop
  endfacet
  facet normal 0 0 1
    outer loop
      vertex -183.302 113.335 10
      vertex -182.382 107.805 10
      vertex -176.005 107.595 10
    endloop
  endfacet
  facet normal 0 0 1
    outer loop
      vertex -181.986 136.526 10
      vertex -196.323 123.049 10
      vertex -179.754 132.496 10
    endloop
  endfacet
  facet normal -0 0 1
    outer loop
      vertex -196.323 123.049 10
      vertex -188.533 118.419 10
      vertex -179.754 132.496 10
    endloop
  endfacet
  facet normal 0 0 1
    outer loop
      vertex -176.214 131.245 10
      vertex -183.368 113.436 10
      vertex -167.663 111.619 10
    endloop
  endfacet
  facet normal 0 0 1
    outer loop
      vertex -186.855 117.177 10
      vertex -176.45 131.25 10
      vertex -179.754 132.496 10
    endloop
  endfacet
  facet normal 0 0 1
    outer loop
      vertex -185.828 115.909 10
      vertex -186.855 117.177 10
      vertex -186.507 115.825 10
    endloop
  endfacet
  facet normal -0 0 1
    outer loop
      vertex -186.855 117.177 10
      vertex -185.694 115.855 10
      vertex -176.45 131.25 10
    endloop
  endfacet
  facet normal 0 0 1
    outer loop
      vertex -174.93 108.1 10
      vertex -183.302 113.335 10
      vertex -174.995 108.085 10
    endloop
  endfacet
  facet normal -0 0 1
    outer loop
      vertex -185.694 115.855 10
      vertex -185.374 115.465 10
      vertex -176.45 131.25 10
    endloop
  endfacet
  facet normal 0 0 1
    outer loop
      vertex -183.368 113.436 10
      vertex -176.214 131.245 10
      vertex -176.45 131.25 10
    endloop
  endfacet
  facet normal -0 0 1
    outer loop
      vertex -185.374 115.465 10
      vertex -183.368 113.436 10
      vertex -176.45 131.25 10
    endloop
  endfacet
  facet normal 0 0 1
    outer loop
      vertex -183.368 113.436 10
      vertex -185.374 115.465 10
      vertex -185.355 115.305 10
    endloop
  endfacet
  facet normal 0 -0 1
    outer loop
      vertex -178.379 104.263 10
      vertex -176.082 107.412 10
      vertex -182.387 107.735 10
    endloop
  endfacet
  facet normal 0 0 1
    outer loop
      vertex -178.379 104.263 10
      vertex -182.387 107.735 10
      vertex -180.65 103.797 10
    endloop
  endfacet
  facet normal -0 0 1
    outer loop
      vertex -185.568 114.864 10
      vertex -183.368 113.436 10
      vertex -185.355 115.305 10
    endloop
  endfacet
  facet normal 0 0 1
    outer loop
      vertex -183.287 104.855 10
      vertex -183.335 104.784 10
      vertex -180.699 103.778 10
    endloop
  endfacet
  facet normal 0 0 1
    outer loop
      vertex -182.382 107.805 10
      vertex -176.082 107.412 10
      vertex -176.005 107.595 10
    endloop
  endfacet
  facet normal 0 0 1
    outer loop
      vertex -182.387 107.735 10
      vertex -183.287 104.855 10
      vertex -180.65 103.797 10
    endloop
  endfacet
  facet normal 0 0 1
    outer loop
      vertex -183.287 104.855 10
      vertex -180.699 103.778 10
      vertex -180.65 103.797 10
    endloop
  endfacet
  facet normal -0 0 1
    outer loop
      vertex -184.483 103.841 10
      vertex -183.243 102.21 10
      vertex -183.335 104.784 10
    endloop
  endfacet
  facet normal 0 0 1
    outer loop
      vertex -184.483 103.841 10
      vertex -184.382 102.627 10
      vertex -183.717 102.21 10
    endloop
  endfacet
  facet normal 0 0 1
    outer loop
      vertex -184.483 103.841 10
      vertex -183.717 102.21 10
      vertex -183.243 102.21 10
    endloop
  endfacet
  facet normal 0 0 1
    outer loop
      vertex -286.668 220.243 10
      vertex -286.76 220.135 10
      vertex -286.671 220.222 10
    endloop
  endfacet
  facet normal 0 0 1
    outer loop
      vertex -275.426 127.374 10
      vertex -275.452 127.408 10
      vertex -275.455 127.392 10
    endloop
  endfacet
  facet normal 0.361528 -0.932361 0
    outer loop
      vertex -180.65 103.797 0
      vertex -180.699 103.778 10
      vertex -180.699 103.778 0
    endloop
  endfacet
  facet normal 0.361528 -0.932361 0
    outer loop
      vertex -180.65 103.797 0
      vertex -180.65 103.797 10
      vertex -180.699 103.778 10
    endloop
  endfacet
  facet normal 0.201008 -0.97959 0
    outer loop
      vertex -178.379 104.263 0
      vertex -180.65 103.797 10
      vertex -180.65 103.797 0
    endloop
  endfacet
  facet normal 0.201008 -0.97959 0
    outer loop
      vertex -178.379 104.263 0
      vertex -178.379 104.263 10
      vertex -180.65 103.797 10
    endloop
  endfacet
  facet normal 0.440549 -0.897729 0
    outer loop
      vertex -175.734 105.561 0
      vertex -178.379 104.263 10
      vertex -178.379 104.263 0
    endloop
  endfacet
  facet normal 0.440549 -0.897729 0
    outer loop
      vertex -175.734 105.561 0
      vertex -175.734 105.561 10
      vertex -178.379 104.263 10
    endloop
  endfacet
  facet normal 0.764139 -0.645052 0
    outer loop
      vertex -175.539 105.792 0
      vertex -175.734 105.561 10
      vertex -175.734 105.561 0
    endloop
  endfacet
  facet normal 0.764139 -0.645052 0
    outer loop
      vertex -175.539 105.792 0
      vertex -175.539 105.792 10
      vertex -175.734 105.561 10
    endloop
  endfacet
  facet normal 0.948155 0.317808 0
    outer loop
      vertex -176.082 107.412 0
      vertex -175.539 105.792 10
      vertex -175.539 105.792 0
    endloop
  endfacet
  facet normal 0.948155 0.317808 -0
    outer loop
      vertex -176.082 107.412 0
      vertex -176.082 107.412 10
      vertex -175.539 105.792 10
    endloop
  endfacet
  facet normal 0.92173 -0.387832 0
    outer loop
      vertex -176.005 107.595 0
      vertex -176.082 107.412 10
      vertex -176.082 107.412 0
    endloop
  endfacet
  facet normal 0.92173 -0.387832 0
    outer loop
      vertex -176.005 107.595 0
      vertex -176.005 107.595 10
      vertex -176.082 107.412 10
    endloop
  endfacet
  facet normal 0.436492 -0.899708 0
    outer loop
      vertex -174.995 108.085 0
      vertex -176.005 107.595 10
      vertex -176.005 107.595 0
    endloop
  endfacet
  facet normal 0.436492 -0.899708 0
    outer loop
      vertex -174.995 108.085 0
      vertex -174.995 108.085 10
      vertex -176.005 107.595 10
    endloop
  endfacet
  facet normal 0.22486 -0.974391 0
    outer loop
      vertex -174.93 108.1 0
      vertex -174.995 108.085 10
      vertex -174.995 108.085 0
    endloop
  endfacet
  facet normal 0.22486 -0.974391 0
    outer loop
      vertex -174.93 108.1 0
      vertex -174.93 108.1 10
      vertex -174.995 108.085 10
    endloop
  endfacet
  facet normal 0.00241837 -0.999997 0
    outer loop
      vertex -170.795 108.11 0
      vertex -174.93 108.1 10
      vertex -174.93 108.1 0
    endloop
  endfacet
  facet normal 0.00241837 -0.999997 0
    outer loop
      vertex -170.795 108.11 0
      vertex -170.795 108.11 10
      vertex -174.93 108.1 10
    endloop
  endfacet
  facet normal 0.85816 -0.513382 0
    outer loop
      vertex -170.049 109.357 0
      vertex -170.795 108.11 10
      vertex -170.795 108.11 0
    endloop
  endfacet
  facet normal 0.85816 -0.513382 0
    outer loop
      vertex -170.049 109.357 0
      vertex -170.049 109.357 10
      vertex -170.795 108.11 10
    endloop
  endfacet
  facet normal 0.776114 -0.630593 0
    outer loop
      vertex -170.023 109.389 0
      vertex -170.049 109.357 10
      vertex -170.049 109.357 0
    endloop
  endfacet
  facet normal 0.776114 -0.630593 0
    outer loop
      vertex -170.023 109.389 0
      vertex -170.023 109.389 10
      vertex -170.049 109.357 10
    endloop
  endfacet
  facet normal 0.686804 -0.726842 0
    outer loop
      vertex -167.663 111.619 0
      vertex -170.023 109.389 10
      vertex -170.023 109.389 0
    endloop
  endfacet
  facet normal 0.686804 -0.726842 0
    outer loop
      vertex -167.663 111.619 0
      vertex -167.663 111.619 10
      vertex -170.023 109.389 10
    endloop
  endfacet
  facet normal 0.58651 -0.809942 0
    outer loop
      vertex -167.634 111.64 0
      vertex -167.663 111.619 10
      vertex -167.663 111.619 0
    endloop
  endfacet
  facet normal 0.58651 -0.809942 0
    outer loop
      vertex -167.634 111.64 0
      vertex -167.634 111.64 10
      vertex -167.663 111.619 10
    endloop
  endfacet
  facet normal 0.493825 -0.869561 0
    outer loop
      vertex -164.556 113.388 0
      vertex -167.634 111.64 10
      vertex -167.634 111.64 0
    endloop
  endfacet
  facet normal 0.493825 -0.869561 0
    outer loop
      vertex -164.556 113.388 0
      vertex -164.556 113.388 10
      vertex -167.634 111.64 10
    endloop
  endfacet
  facet normal 0.983215 0.182452 0
    outer loop
      vertex -164.574 113.485 0
      vertex -164.556 113.388 10
      vertex -164.556 113.388 0
    endloop
  endfacet
  facet normal 0.983215 0.182452 -0
    outer loop
      vertex -164.574 113.485 0
      vertex -164.574 113.485 10
      vertex -164.556 113.388 10
    endloop
  endfacet
  facet normal 0.405327 0.914172 0
    outer loop
      vertex -165.201 113.763 0
      vertex -164.574 113.485 10
      vertex -164.574 113.485 0
    endloop
  endfacet
  facet normal 0.405327 0.914172 -0
    outer loop
      vertex -165.201 113.763 0
      vertex -165.201 113.763 10
      vertex -164.574 113.485 10
    endloop
  endfacet
  facet normal 0.865426 0.501036 0
    outer loop
      vertex -165.289 113.915 0
      vertex -165.201 113.763 10
      vertex -165.201 113.763 0
    endloop
  endfacet
  facet normal 0.865426 0.501036 -0
    outer loop
      vertex -165.289 113.915 0
      vertex -165.289 113.915 10
      vertex -165.201 113.763 10
    endloop
  endfacet
  facet normal 0.609489 -0.792794 0
    outer loop
      vertex -165.116 114.048 0
      vertex -165.289 113.915 10
      vertex -165.289 113.915 0
    endloop
  endfacet
  facet normal 0.609489 -0.792794 0
    outer loop
      vertex -165.116 114.048 0
      vertex -165.116 114.048 10
      vertex -165.289 113.915 10
    endloop
  endfacet
  facet normal -0.161424 -0.986885 0
    outer loop
      vertex -164.578 113.96 0
      vertex -165.116 114.048 10
      vertex -165.116 114.048 0
    endloop
  endfacet
  facet normal -0.161424 -0.986885 0
    outer loop
      vertex -164.578 113.96 0
      vertex -164.578 113.96 10
      vertex -165.116 114.048 10
    endloop
  endfacet
  facet normal 0.675379 -0.737471 0
    outer loop
      vertex -163.901 114.58 0
      vertex -164.578 113.96 10
      vertex -164.578 113.96 0
    endloop
  endfacet
  facet normal 0.675379 -0.737471 0
    outer loop
      vertex -163.901 114.58 0
      vertex -163.901 114.58 10
      vertex -164.578 113.96 10
    endloop
  endfacet
  facet normal 0.451965 -0.892036 0
    outer loop
      vertex -163.826 114.618 0
      vertex -163.901 114.58 10
      vertex -163.901 114.58 0
    endloop
  endfacet
  facet normal 0.451965 -0.892036 0
    outer loop
      vertex -163.826 114.618 0
      vertex -163.826 114.618 10
      vertex -163.901 114.58 10
    endloop
  endfacet
  facet normal 0.168904 -0.985632 0
    outer loop
      vertex -163.365 114.697 0
      vertex -163.826 114.618 10
      vertex -163.826 114.618 0
    endloop
  endfacet
  facet normal 0.168904 -0.985632 0
    outer loop
      vertex -163.365 114.697 0
      vertex -163.365 114.697 10
      vertex -163.826 114.618 10
    endloop
  endfacet
  facet normal 0.806617 -0.591075 0
    outer loop
      vertex -162.301 116.149 0
      vertex -163.365 114.697 10
      vertex -163.365 114.697 0
    endloop
  endfacet
  facet normal 0.806617 -0.591075 0
    outer loop
      vertex -162.301 116.149 0
      vertex -162.301 116.149 10
      vertex -163.365 114.697 10
    endloop
  endfacet
  facet normal 0.679765 -0.73343 0
    outer loop
      vertex -162.26 116.187 0
      vertex -162.301 116.149 10
      vertex -162.301 116.149 0
    endloop
  endfacet
  facet normal 0.679765 -0.73343 0
    outer loop
      vertex -162.26 116.187 0
      vertex -162.26 116.187 10
      vertex -162.301 116.149 10
    endloop
  endfacet
  facet normal 0.532172 -0.846637 0
    outer loop
      vertex -159.81 117.727 0
      vertex -162.26 116.187 10
      vertex -162.26 116.187 0
    endloop
  endfacet
  facet normal 0.532172 -0.846637 0
    outer loop
      vertex -159.81 117.727 0
      vertex -159.81 117.727 10
      vertex -162.26 116.187 10
    endloop
  endfacet
  facet normal 0.393919 -0.919145 0
    outer loop
      vertex -159.768 117.745 0
      vertex -159.81 117.727 10
      vertex -159.81 117.727 0
    endloop
  endfacet
  facet normal 0.393919 -0.919145 0
    outer loop
      vertex -159.768 117.745 0
      vertex -159.768 117.745 10
      vertex -159.81 117.727 10
    endloop
  endfacet
  facet normal 0.256073 -0.966657 0
    outer loop
      vertex -158.443 118.096 0
      vertex -159.768 117.745 10
      vertex -159.768 117.745 0
    endloop
  endfacet
  facet normal 0.256073 -0.966657 0
    outer loop
      vertex -158.443 118.096 0
      vertex -158.443 118.096 10
      vertex -159.768 117.745 10
    endloop
  endfacet
  facet normal 0.667064 -0.745001 0
    outer loop
      vertex -157.229 119.183 0
      vertex -158.443 118.096 10
      vertex -158.443 118.096 0
    endloop
  endfacet
  facet normal 0.667064 -0.745001 0
    outer loop
      vertex -157.229 119.183 0
      vertex -157.229 119.183 10
      vertex -158.443 118.096 10
    endloop
  endfacet
  facet normal 0.78032 -0.62538 0
    outer loop
      vertex -155.671 121.127 0
      vertex -157.229 119.183 10
      vertex -157.229 119.183 0
    endloop
  endfacet
  facet normal 0.78032 -0.62538 0
    outer loop
      vertex -155.671 121.127 0
      vertex -155.671 121.127 10
      vertex -157.229 119.183 10
    endloop
  endfacet
  facet normal 0.926104 -0.377269 0
    outer loop
      vertex -155.24 122.185 0
      vertex -155.671 121.127 10
      vertex -155.671 121.127 0
    endloop
  endfacet
  facet normal 0.926104 -0.377269 0
    outer loop
      vertex -155.24 122.185 0
      vertex -155.24 122.185 10
      vertex -155.671 121.127 10
    endloop
  endfacet
  facet normal 0.642033 0.766677 0
    outer loop
      vertex -155.566 122.458 0
      vertex -155.24 122.185 10
      vertex -155.24 122.185 0
    endloop
  endfacet
  facet normal 0.642033 0.766677 -0
    outer loop
      vertex -155.566 122.458 0
      vertex -155.566 122.458 10
      vertex -155.24 122.185 10
    endloop
  endfacet
  facet normal 0.339153 0.940731 0
    outer loop
      vertex -157.871 123.289 0
      vertex -155.566 122.458 10
      vertex -155.566 122.458 0
    endloop
  endfacet
  facet normal 0.339153 0.940731 -0
    outer loop
      vertex -157.871 123.289 0
      vertex -157.871 123.289 10
      vertex -155.566 122.458 10
    endloop
  endfacet
  facet normal 0.827664 0.561224 0
    outer loop
      vertex -157.97 123.435 0
      vertex -157.871 123.289 10
      vertex -157.871 123.289 0
    endloop
  endfacet
  facet normal 0.827664 0.561224 -0
    outer loop
      vertex -157.97 123.435 0
      vertex -157.97 123.435 10
      vertex -157.871 123.289 10
    endloop
  endfacet
  facet normal 0.588423 -0.808553 0
    outer loop
      vertex -157.779 123.574 0
      vertex -157.97 123.435 10
      vertex -157.97 123.435 0
    endloop
  endfacet
  facet normal 0.588423 -0.808553 0
    outer loop
      vertex -157.779 123.574 0
      vertex -157.779 123.574 10
      vertex -157.97 123.435 10
    endloop
  endfacet
  facet normal -0.276388 -0.961046 0
    outer loop
      vertex -154.886 122.742 0
      vertex -157.779 123.574 10
      vertex -157.779 123.574 0
    endloop
  endfacet
  facet normal -0.276388 -0.961046 0
    outer loop
      vertex -154.886 122.742 0
      vertex -154.886 122.742 10
      vertex -157.779 123.574 10
    endloop
  endfacet
  facet normal 0.787636 -0.616141 0
    outer loop
      vertex -153.298 124.772 0
      vertex -154.886 122.742 10
      vertex -154.886 122.742 0
    endloop
  endfacet
  facet normal 0.787636 -0.616141 0
    outer loop
      vertex -153.298 124.772 0
      vertex -153.298 124.772 10
      vertex -154.886 122.742 10
    endloop
  endfacet
  facet normal 0.684675 -0.728848 0
    outer loop
      vertex -153.265 124.803 0
      vertex -153.298 124.772 10
      vertex -153.298 124.772 0
    endloop
  endfacet
  facet normal 0.684675 -0.728848 0
    outer loop
      vertex -153.265 124.803 0
      vertex -153.265 124.803 10
      vertex -153.298 124.772 10
    endloop
  endfacet
  facet normal 0.5682 -0.822891 0
    outer loop
      vertex -151.824 125.798 0
      vertex -153.265 124.803 10
      vertex -153.265 124.803 0
    endloop
  endfacet
  facet normal 0.5682 -0.822891 0
    outer loop
      vertex -151.824 125.798 0
      vertex -151.824 125.798 10
      vertex -153.265 124.803 10
    endloop
  endfacet
  facet normal 0.751165 0.660115 0
    outer loop
      vertex -151.853 125.831 0
      vertex -151.824 125.798 10
      vertex -151.824 125.798 0
    endloop
  endfacet
  facet normal 0.751165 0.660115 -0
    outer loop
      vertex -151.853 125.831 0
      vertex -151.853 125.831 10
      vertex -151.824 125.798 10
    endloop
  endfacet
  facet normal 0.995893 0.0905357 0
    outer loop
      vertex -151.869 126.007 0
      vertex -151.853 125.831 10
      vertex -151.853 125.831 0
    endloop
  endfacet
  facet normal 0.995893 0.0905357 -0
    outer loop
      vertex -151.869 126.007 0
      vertex -151.869 126.007 10
      vertex -151.853 125.831 10
    endloop
  endfacet
  facet normal 0.594391 -0.804176 0
    outer loop
      vertex -151.777 126.075 0
      vertex -151.869 126.007 10
      vertex -151.869 126.007 0
    endloop
  endfacet
  facet normal 0.594391 -0.804176 0
    outer loop
      vertex -151.777 126.075 0
      vertex -151.777 126.075 10
      vertex -151.869 126.007 10
    endloop
  endfacet
  facet normal 0.249427 -0.968394 0
    outer loop
      vertex -149.828 126.577 0
      vertex -151.777 126.075 10
      vertex -151.777 126.075 0
    endloop
  endfacet
  facet normal 0.249427 -0.968394 0
    outer loop
      vertex -149.828 126.577 0
      vertex -149.828 126.577 10
      vertex -151.777 126.075 10
    endloop
  endfacet
  facet normal 0.917342 -0.3981 0
    outer loop
      vertex -148.898 128.72 0
      vertex -149.828 126.577 10
      vertex -149.828 126.577 0
    endloop
  endfacet
  facet normal 0.917342 -0.3981 0
    outer loop
      vertex -148.898 128.72 0
      vertex -148.898 128.72 10
      vertex -149.828 126.577 10
    endloop
  endfacet
  facet normal 0.78216 -0.623077 0
    outer loop
      vertex -148.851 128.779 0
      vertex -148.898 128.72 10
      vertex -148.898 128.72 0
    endloop
  endfacet
  facet normal 0.78216 -0.623077 0
    outer loop
      vertex -148.851 128.779 0
      vertex -148.851 128.779 10
      vertex -148.898 128.72 10
    endloop
  endfacet
  facet normal 0.608936 -0.793219 0
    outer loop
      vertex -147.861 129.539 0
      vertex -148.851 128.779 10
      vertex -148.851 128.779 0
    endloop
  endfacet
  facet normal 0.608936 -0.793219 0
    outer loop
      vertex -147.861 129.539 0
      vertex -147.861 129.539 10
      vertex -148.851 128.779 10
    endloop
  endfacet
  facet normal 0.389217 -0.921146 0
    outer loop
      vertex -147.79 129.569 0
      vertex -147.861 129.539 10
      vertex -147.861 129.539 0
    endloop
  endfacet
  facet normal 0.389217 -0.921146 0
    outer loop
      vertex -147.79 129.569 0
      vertex -147.79 129.569 10
      vertex -147.861 129.539 10
    endloop
  endfacet
  facet normal 0.134303 -0.99094 0
    outer loop
      vertex -145.06 129.939 0
      vertex -147.79 129.569 10
      vertex -147.79 129.569 0
    endloop
  endfacet
  facet normal 0.134303 -0.99094 0
    outer loop
      vertex -145.06 129.939 0
      vertex -145.06 129.939 10
      vertex -147.79 129.569 10
    endloop
  endfacet
  facet normal 0.0333148 -0.999445 0
    outer loop
      vertex -145.03 129.94 0
      vertex -145.06 129.939 10
      vertex -145.06 129.939 0
    endloop
  endfacet
  facet normal 0.0333148 -0.999445 0
    outer loop
      vertex -145.03 129.94 0
      vertex -145.03 129.94 10
      vertex -145.06 129.939 10
    endloop
  endfacet
  facet normal -0.0696937 -0.997568 0
    outer loop
      vertex -142.611 129.771 0
      vertex -145.03 129.94 10
      vertex -145.03 129.94 0
    endloop
  endfacet
  facet normal -0.0696937 -0.997568 0
    outer loop
      vertex -142.611 129.771 0
      vertex -142.611 129.771 10
      vertex -145.03 129.94 10
    endloop
  endfacet
  facet normal 0.209922 -0.977718 0
    outer loop
      vertex -141.931 129.917 0
      vertex -142.611 129.771 10
      vertex -142.611 129.771 0
    endloop
  endfacet
  facet normal 0.209922 -0.977718 0
    outer loop
      vertex -141.931 129.917 0
      vertex -141.931 129.917 10
      vertex -142.611 129.771 10
    endloop
  endfacet
  facet normal 0.0172388 -0.999851 0
    outer loop
      vertex -141.873 129.918 0
      vertex -141.931 129.917 10
      vertex -141.931 129.917 0
    endloop
  endfacet
  facet normal 0.0172388 -0.999851 0
    outer loop
      vertex -141.873 129.918 0
      vertex -141.873 129.918 10
      vertex -141.931 129.917 10
    endloop
  endfacet
  facet normal -0.180174 -0.983635 0
    outer loop
      vertex -140.53 129.672 0
      vertex -141.873 129.918 10
      vertex -141.873 129.918 0
    endloop
  endfacet
  facet normal -0.180174 -0.983635 0
    outer loop
      vertex -140.53 129.672 0
      vertex -140.53 129.672 10
      vertex -141.873 129.918 10
    endloop
  endfacet
  facet normal 0.178885 -0.98387 0
    outer loop
      vertex -139.397 129.878 0
      vertex -140.53 129.672 10
      vertex -140.53 129.672 0
    endloop
  endfacet
  facet normal 0.178885 -0.98387 0
    outer loop
      vertex -139.397 129.878 0
      vertex -139.397 129.878 10
      vertex -140.53 129.672 10
    endloop
  endfacet
  facet normal 0.0212718 -0.999774 0
    outer loop
      vertex -139.35 129.879 0
      vertex -139.397 129.878 10
      vertex -139.397 129.878 0
    endloop
  endfacet
  facet normal 0.0212718 -0.999774 0
    outer loop
      vertex -139.35 129.879 0
      vertex -139.35 129.879 10
      vertex -139.397 129.878 10
    endloop
  endfacet
  facet normal -0.134364 -0.990932 0
    outer loop
      vertex -137.58 129.639 0
      vertex -139.35 129.879 10
      vertex -139.35 129.879 0
    endloop
  endfacet
  facet normal -0.134364 -0.990932 0
    outer loop
      vertex -137.58 129.639 0
      vertex -137.58 129.639 10
      vertex -139.35 129.879 10
    endloop
  endfacet
  facet normal -0.455289 -0.890344 0
    outer loop
      vertex -137.492 129.594 0
      vertex -137.58 129.639 10
      vertex -137.58 129.639 0
    endloop
  endfacet
  facet normal -0.455289 -0.890344 0
    outer loop
      vertex -137.492 129.594 0
      vertex -137.492 129.594 10
      vertex -137.58 129.639 10
    endloop
  endfacet
  facet normal -0.722804 -0.691053 0
    outer loop
      vertex -137.122 129.207 0
      vertex -137.492 129.594 10
      vertex -137.492 129.594 0
    endloop
  endfacet
  facet normal -0.722804 -0.691053 0
    outer loop
      vertex -137.122 129.207 0
      vertex -137.122 129.207 10
      vertex -137.492 129.594 10
    endloop
  endfacet
  facet normal 0.242536 -0.970143 0
    outer loop
      vertex -135.166 129.696 0
      vertex -137.122 129.207 10
      vertex -137.122 129.207 0
    endloop
  endfacet
  facet normal 0.242536 -0.970143 0
    outer loop
      vertex -135.166 129.696 0
      vertex -135.166 129.696 10
      vertex -137.122 129.207 10
    endloop
  endfacet
  facet normal 0.116841 -0.993151 0
    outer loop
      vertex -135.132 129.7 0
      vertex -135.166 129.696 10
      vertex -135.166 129.696 0
    endloop
  endfacet
  facet normal 0.116841 -0.993151 0
    outer loop
      vertex -135.132 129.7 0
      vertex -135.132 129.7 10
      vertex -135.166 129.696 10
    endloop
  endfacet
  facet normal 0.0121474 -0.999926 0
    outer loop
      vertex -133.568 129.719 0
      vertex -135.132 129.7 10
      vertex -135.132 129.7 0
    endloop
  endfacet
  facet normal 0.0121474 -0.999926 0
    outer loop
      vertex -133.568 129.719 0
      vertex -133.568 129.719 10
      vertex -135.132 129.7 10
    endloop
  endfacet
  facet normal 0.669566 -0.742753 0
    outer loop
      vertex -131.589 131.503 0
      vertex -133.568 129.719 10
      vertex -133.568 129.719 0
    endloop
  endfacet
  facet normal 0.669566 -0.742753 0
    outer loop
      vertex -131.589 131.503 0
      vertex -131.589 131.503 10
      vertex -133.568 129.719 10
    endloop
  endfacet
  facet normal 0.780196 -0.625535 0
    outer loop
      vertex -130.137 133.314 0
      vertex -131.589 131.503 10
      vertex -131.589 131.503 0
    endloop
  endfacet
  facet normal 0.780196 -0.625535 0
    outer loop
      vertex -130.137 133.314 0
      vertex -130.137 133.314 10
      vertex -131.589 131.503 10
    endloop
  endfacet
  facet normal 0.471033 -0.882116 0
    outer loop
      vertex -130.034 133.369 0
      vertex -130.137 133.314 10
      vertex -130.137 133.314 0
    endloop
  endfacet
  facet normal 0.471033 -0.882116 0
    outer loop
      vertex -130.034 133.369 0
      vertex -130.034 133.369 10
      vertex -130.137 133.314 10
    endloop
  endfacet
  facet normal 0.0923193 -0.995729 0
    outer loop
      vertex -128.977 133.467 0
      vertex -130.034 133.369 10
      vertex -130.034 133.369 0
    endloop
  endfacet
  facet normal 0.0923193 -0.995729 0
    outer loop
      vertex -128.977 133.467 0
      vertex -128.977 133.467 10
      vertex -130.034 133.369 10
    endloop
  endfacet
  facet normal 0.383922 -0.923366 0
    outer loop
      vertex -127.748 133.978 0
      vertex -128.977 133.467 10
      vertex -128.977 133.467 0
    endloop
  endfacet
  facet normal 0.383922 -0.923366 0
    outer loop
      vertex -127.748 133.978 0
      vertex -127.748 133.978 10
      vertex -128.977 133.467 10
    endloop
  endfacet
  facet normal 0.184289 -0.982872 0
    outer loop
      vertex -127.684 133.99 0
      vertex -127.748 133.978 10
      vertex -127.748 133.978 0
    endloop
  endfacet
  facet normal 0.184289 -0.982872 0
    outer loop
      vertex -127.684 133.99 0
      vertex -127.684 133.99 10
      vertex -127.748 133.978 10
    endloop
  endfacet
  facet normal -0.0370838 -0.999312 0
    outer loop
      vertex -126.66 133.952 0
      vertex -127.684 133.99 10
      vertex -127.684 133.99 0
    endloop
  endfacet
  facet normal -0.0370838 -0.999312 0
    outer loop
      vertex -126.66 133.952 0
      vertex -126.66 133.952 10
      vertex -127.684 133.99 10
    endloop
  endfacet
  facet normal 0.621603 -0.783333 0
    outer loop
      vertex -124.587 135.597 0
      vertex -126.66 133.952 10
      vertex -126.66 133.952 0
    endloop
  endfacet
  facet normal 0.621603 -0.783333 0
    outer loop
      vertex -124.587 135.597 0
      vertex -124.587 135.597 10
      vertex -126.66 133.952 10
    endloop
  endfacet
  facet normal 0.780777 -0.62481 0
    outer loop
      vertex -123.922 136.428 0
      vertex -124.587 135.597 10
      vertex -124.587 135.597 0
    endloop
  endfacet
  facet normal 0.780777 -0.62481 0
    outer loop
      vertex -123.922 136.428 0
      vertex -123.922 136.428 10
      vertex -124.587 135.597 10
    endloop
  endfacet
  facet normal 0.702735 0.711451 0
    outer loop
      vertex -124.575 137.073 0
      vertex -123.922 136.428 10
      vertex -123.922 136.428 0
    endloop
  endfacet
  facet normal 0.702735 0.711451 -0
    outer loop
      vertex -124.575 137.073 0
      vertex -124.575 137.073 10
      vertex -123.922 136.428 10
    endloop
  endfacet
  facet normal 0.986394 0.164399 0
    outer loop
      vertex -124.604 137.247 0
      vertex -124.575 137.073 10
      vertex -124.575 137.073 0
    endloop
  endfacet
  facet normal 0.986394 0.164399 -0
    outer loop
      vertex -124.604 137.247 0
      vertex -124.604 137.247 10
      vertex -124.575 137.073 10
    endloop
  endfacet
  facet normal 0.436274 -0.899814 0
    outer loop
      vertex -124.439 137.327 0
      vertex -124.604 137.247 10
      vertex -124.604 137.247 0
    endloop
  endfacet
  facet normal 0.436274 -0.899814 0
    outer loop
      vertex -124.439 137.327 0
      vertex -124.439 137.327 10
      vertex -124.604 137.247 10
    endloop
  endfacet
  facet normal -0.20735 -0.978267 0
    outer loop
      vertex -124.071 137.249 0
      vertex -124.439 137.327 10
      vertex -124.439 137.327 0
    endloop
  endfacet
  facet normal -0.20735 -0.978267 0
    outer loop
      vertex -124.071 137.249 0
      vertex -124.071 137.249 10
      vertex -124.439 137.327 10
    endloop
  endfacet
  facet normal 0.985071 -0.172148 0
    outer loop
      vertex -124.053 137.352 0
      vertex -124.071 137.249 10
      vertex -124.071 137.249 0
    endloop
  endfacet
  facet normal 0.985071 -0.172148 0
    outer loop
      vertex -124.053 137.352 0
      vertex -124.053 137.352 10
      vertex -124.071 137.249 10
    endloop
  endfacet
  facet normal 0.197431 0.980317 0
    outer loop
      vertex -125.2 137.583 0
      vertex -124.053 137.352 10
      vertex -124.053 137.352 0
    endloop
  endfacet
  facet normal 0.197431 0.980317 -0
    outer loop
      vertex -125.2 137.583 0
      vertex -125.2 137.583 10
      vertex -124.053 137.352 10
    endloop
  endfacet
  facet normal 0.737625 0.675211 0
    outer loop
      vertex -125.319 137.713 0
      vertex -125.2 137.583 10
      vertex -125.2 137.583 0
    endloop
  endfacet
  facet normal 0.737625 0.675211 -0
    outer loop
      vertex -125.319 137.713 0
      vertex -125.319 137.713 10
      vertex -125.2 137.583 10
    endloop
  endfacet
  facet normal 0.836048 -0.548656 0
    outer loop
      vertex -125.214 137.873 0
      vertex -125.319 137.713 10
      vertex -125.319 137.713 0
    endloop
  endfacet
  facet normal 0.836048 -0.548656 0
    outer loop
      vertex -125.214 137.873 0
      vertex -125.214 137.873 10
      vertex -125.319 137.713 10
    endloop
  endfacet
  facet normal 0.296805 -0.954938 0
    outer loop
      vertex -124.178 138.195 0
      vertex -125.214 137.873 10
      vertex -125.214 137.873 0
    endloop
  endfacet
  facet normal 0.296805 -0.954938 0
    outer loop
      vertex -124.178 138.195 0
      vertex -124.178 138.195 10
      vertex -125.214 137.873 10
    endloop
  endfacet
  facet normal 0.988603 0.150549 0
    outer loop
      vertex -124.358 139.377 0
      vertex -124.178 138.195 10
      vertex -124.178 138.195 0
    endloop
  endfacet
  facet normal 0.988603 0.150549 -0
    outer loop
      vertex -124.358 139.377 0
      vertex -124.358 139.377 10
      vertex -124.178 138.195 10
    endloop
  endfacet
  facet normal 0.998831 -0.0483306 0
    outer loop
      vertex -124.355 139.439 0
      vertex -124.358 139.377 10
      vertex -124.358 139.377 0
    endloop
  endfacet
  facet normal 0.998831 -0.0483306 0
    outer loop
      vertex -124.355 139.439 0
      vertex -124.355 139.439 10
      vertex -124.358 139.377 10
    endloop
  endfacet
  facet normal 0.965399 -0.260776 0
    outer loop
      vertex -124.157 140.172 0
      vertex -124.355 139.439 10
      vertex -124.355 139.439 0
    endloop
  endfacet
  facet normal 0.965399 -0.260776 0
    outer loop
      vertex -124.157 140.172 0
      vertex -124.157 140.172 10
      vertex -124.355 139.439 10
    endloop
  endfacet
  facet normal 0.934155 0.356868 0
    outer loop
      vertex -124.497 141.062 0
      vertex -124.157 140.172 10
      vertex -124.157 140.172 0
    endloop
  endfacet
  facet normal 0.934155 0.356868 -0
    outer loop
      vertex -124.497 141.062 0
      vertex -124.497 141.062 10
      vertex -124.157 140.172 10
    endloop
  endfacet
  facet normal 0.663644 0.748049 0
    outer loop
      vertex -125.658 142.092 0
      vertex -124.497 141.062 10
      vertex -124.497 141.062 0
    endloop
  endfacet
  facet normal 0.663644 0.748049 -0
    outer loop
      vertex -125.658 142.092 0
      vertex -125.658 142.092 10
      vertex -124.497 141.062 10
    endloop
  endfacet
  facet normal -0.14237 0.989813 0
    outer loop
      vertex -126.242 142.008 0
      vertex -125.658 142.092 10
      vertex -125.658 142.092 0
    endloop
  endfacet
  facet normal -0.14237 0.989813 0
    outer loop
      vertex -126.242 142.008 0
      vertex -126.242 142.008 10
      vertex -125.658 142.092 10
    endloop
  endfacet
  facet normal -0.679491 0.733684 0
    outer loop
      vertex -127.298 141.03 0
      vertex -126.242 142.008 10
      vertex -126.242 142.008 0
    endloop
  endfacet
  facet normal -0.679491 0.733684 0
    outer loop
      vertex -127.298 141.03 0
      vertex -127.298 141.03 10
      vertex -126.242 142.008 10
    endloop
  endfacet
  facet normal 0.0731976 0.997317 0
    outer loop
      vertex -127.516 141.046 0
      vertex -127.298 141.03 10
      vertex -127.298 141.03 0
    endloop
  endfacet
  facet normal 0.0731976 0.997317 -0
    outer loop
      vertex -127.516 141.046 0
      vertex -127.516 141.046 10
      vertex -127.298 141.03 10
    endloop
  endfacet
  facet normal 0.776562 0.630041 0
    outer loop
      vertex -127.946 141.576 0
      vertex -127.516 141.046 10
      vertex -127.516 141.046 0
    endloop
  endfacet
  facet normal 0.776562 0.630041 -0
    outer loop
      vertex -127.946 141.576 0
      vertex -127.946 141.576 10
      vertex -127.516 141.046 10
    endloop
  endfacet
  facet normal 0.994166 -0.107858 0
    outer loop
      vertex -127.923 141.788 0
      vertex -127.946 141.576 10
      vertex -127.946 141.576 0
    endloop
  endfacet
  facet normal 0.994166 -0.107858 0
    outer loop
      vertex -127.923 141.788 0
      vertex -127.923 141.788 10
      vertex -127.946 141.576 10
    endloop
  endfacet
  facet normal 0.620206 -0.784439 0
    outer loop
      vertex -127.154 142.396 0
      vertex -127.923 141.788 10
      vertex -127.923 141.788 0
    endloop
  endfacet
  facet normal 0.620206 -0.784439 0
    outer loop
      vertex -127.154 142.396 0
      vertex -127.154 142.396 10
      vertex -127.923 141.788 10
    endloop
  endfacet
  facet normal 0.914154 0.405368 0
    outer loop
      vertex -127.691 143.607 0
      vertex -127.154 142.396 10
      vertex -127.154 142.396 0
    endloop
  endfacet
  facet normal 0.914154 0.405368 -0
    outer loop
      vertex -127.691 143.607 0
      vertex -127.691 143.607 10
      vertex -127.154 142.396 10
    endloop
  endfacet
  facet normal 0.0754722 0.997148 0
    outer loop
      vertex -129.435 143.739 0
      vertex -127.691 143.607 10
      vertex -127.691 143.607 0
    endloop
  endfacet
  facet normal 0.0754722 0.997148 -0
    outer loop
      vertex -129.435 143.739 0
      vertex -129.435 143.739 10
      vertex -127.691 143.607 10
    endloop
  endfacet
  facet normal -0.999592 0.0285598 0
    outer loop
      vertex -129.436 143.704 0
      vertex -129.435 143.739 10
      vertex -129.435 143.739 0
    endloop
  endfacet
  facet normal -0.999592 0.0285598 0
    outer loop
      vertex -129.436 143.704 0
      vertex -129.436 143.704 10
      vertex -129.435 143.739 10
    endloop
  endfacet
  facet normal -0.106233 -0.994341 0
    outer loop
      vertex -128.734 143.629 0
      vertex -129.436 143.704 10
      vertex -129.436 143.704 0
    endloop
  endfacet
  facet normal -0.106233 -0.994341 0
    outer loop
      vertex -128.734 143.629 0
      vertex -128.734 143.629 10
      vertex -129.436 143.704 10
    endloop
  endfacet
  facet normal -0.669278 -0.743012 0
    outer loop
      vertex -128.603 143.511 0
      vertex -128.734 143.629 10
      vertex -128.734 143.629 0
    endloop
  endfacet
  facet normal -0.669278 -0.743012 0
    outer loop
      vertex -128.603 143.511 0
      vertex -128.603 143.511 10
      vertex -128.734 143.629 10
    endloop
  endfacet
  facet normal -0.852323 0.523016 0
    outer loop
      vertex -128.711 143.335 0
      vertex -128.603 143.511 10
      vertex -128.603 143.511 0
    endloop
  endfacet
  facet normal -0.852323 0.523016 0
    outer loop
      vertex -128.711 143.335 0
      vertex -128.711 143.335 10
      vertex -128.603 143.511 10
    endloop
  endfacet
  facet normal -0.260862 0.965376 0
    outer loop
      vertex -130.269 142.914 0
      vertex -128.711 143.335 10
      vertex -128.711 143.335 0
    endloop
  endfacet
  facet normal -0.260862 0.965376 0
    outer loop
      vertex -130.269 142.914 0
      vertex -130.269 142.914 10
      vertex -128.711 143.335 10
    endloop
  endfacet
  facet normal -0.646012 0.763327 0
    outer loop
      vertex -131.733 141.675 0
      vertex -130.269 142.914 10
      vertex -130.269 142.914 0
    endloop
  endfacet
  facet normal -0.646012 0.763327 0
    outer loop
      vertex -131.733 141.675 0
      vertex -131.733 141.675 10
      vertex -130.269 142.914 10
    endloop
  endfacet
  facet normal -0.525493 0.850798 0
    outer loop
      vertex -131.767 141.654 0
      vertex -131.733 141.675 10
      vertex -131.733 141.675 0
    endloop
  endfacet
  facet normal -0.525493 0.850798 0
    outer loop
      vertex -131.767 141.654 0
      vertex -131.767 141.654 10
      vertex -131.733 141.675 10
    endloop
  endfacet
  facet normal -0.421401 0.906874 0
    outer loop
      vertex -132.871 141.141 0
      vertex -131.767 141.654 10
      vertex -131.767 141.654 0
    endloop
  endfacet
  facet normal -0.421401 0.906874 0
    outer loop
      vertex -132.871 141.141 0
      vertex -132.871 141.141 10
      vertex -131.767 141.654 10
    endloop
  endfacet
  facet normal -0.621754 0.783212 0
    outer loop
      vertex -133.977 140.263 0
      vertex -132.871 141.141 10
      vertex -132.871 141.141 0
    endloop
  endfacet
  facet normal -0.621754 0.783212 0
    outer loop
      vertex -133.977 140.263 0
      vertex -133.977 140.263 10
      vertex -132.871 141.141 10
    endloop
  endfacet
  facet normal -0.0454077 0.998969 0
    outer loop
      vertex -134.153 140.255 0
      vertex -133.977 140.263 10
      vertex -133.977 140.263 0
    endloop
  endfacet
  facet normal -0.0454077 0.998969 0
    outer loop
      vertex -134.153 140.255 0
      vertex -134.153 140.255 10
      vertex -133.977 140.263 10
    endloop
  endfacet
  facet normal 0.922541 0.385899 0
    outer loop
      vertex -134.217 140.408 0
      vertex -134.153 140.255 10
      vertex -134.153 140.255 0
    endloop
  endfacet
  facet normal 0.922541 0.385899 -0
    outer loop
      vertex -134.217 140.408 0
      vertex -134.217 140.408 10
      vertex -134.153 140.255 10
    endloop
  endfacet
  facet normal 0.982155 -0.188072 0
    outer loop
      vertex -134.127 140.878 0
      vertex -134.217 140.408 10
      vertex -134.217 140.408 0
    endloop
  endfacet
  facet normal 0.982155 -0.188072 0
    outer loop
      vertex -134.127 140.878 0
      vertex -134.127 140.878 10
      vertex -134.217 140.408 10
    endloop
  endfacet
  facet normal 0.868864 -0.495051 0
    outer loop
      vertex -134.078 140.964 0
      vertex -134.127 140.878 10
      vertex -134.127 140.878 0
    endloop
  endfacet
  facet normal 0.868864 -0.495051 0
    outer loop
      vertex -134.078 140.964 0
      vertex -134.078 140.964 10
      vertex -134.127 140.878 10
    endloop
  endfacet
  facet normal 0.650791 -0.759257 0
    outer loop
      vertex -133.784 141.216 0
      vertex -134.078 140.964 10
      vertex -134.078 140.964 0
    endloop
  endfacet
  facet normal 0.650791 -0.759257 0
    outer loop
      vertex -133.784 141.216 0
      vertex -133.784 141.216 10
      vertex -134.078 140.964 10
    endloop
  endfacet
  facet normal 0.689826 0.723975 0
    outer loop
      vertex -134.314 141.721 0
      vertex -133.784 141.216 10
      vertex -133.784 141.216 0
    endloop
  endfacet
  facet normal 0.689826 0.723975 -0
    outer loop
      vertex -134.314 141.721 0
      vertex -134.314 141.721 10
      vertex -133.784 141.216 10
    endloop
  endfacet
  facet normal 0.984497 0.175399 0
    outer loop
      vertex -134.345 141.895 0
      vertex -134.314 141.721 10
      vertex -134.314 141.721 0
    endloop
  endfacet
  facet normal 0.984497 0.175399 -0
    outer loop
      vertex -134.345 141.895 0
      vertex -134.345 141.895 10
      vertex -134.314 141.721 10
    endloop
  endfacet
  facet normal 0.368846 -0.929491 0
    outer loop
      vertex -134.156 141.97 0
      vertex -134.345 141.895 10
      vertex -134.345 141.895 0
    endloop
  endfacet
  facet normal 0.368846 -0.929491 0
    outer loop
      vertex -134.156 141.97 0
      vertex -134.156 141.97 10
      vertex -134.345 141.895 10
    endloop
  endfacet
  facet normal -0.356846 -0.934163 0
    outer loop
      vertex -133.745 141.813 0
      vertex -134.156 141.97 10
      vertex -134.156 141.97 0
    endloop
  endfacet
  facet normal -0.356846 -0.934163 0
    outer loop
      vertex -133.745 141.813 0
      vertex -133.745 141.813 10
      vertex -134.156 141.97 10
    endloop
  endfacet
  facet normal 0.931722 -0.363171 0
    outer loop
      vertex -133.6 142.185 0
      vertex -133.745 141.813 10
      vertex -133.745 141.813 0
    endloop
  endfacet
  facet normal 0.931722 -0.363171 0
    outer loop
      vertex -133.6 142.185 0
      vertex -133.6 142.185 10
      vertex -133.745 141.813 10
    endloop
  endfacet
  facet normal 0.785492 -0.618872 0
    outer loop
      vertex -133.548 142.251 0
      vertex -133.6 142.185 10
      vertex -133.6 142.185 0
    endloop
  endfacet
  facet normal 0.785492 -0.618872 0
    outer loop
      vertex -133.548 142.251 0
      vertex -133.548 142.251 10
      vertex -133.6 142.185 10
    endloop
  endfacet
  facet normal 0.590017 -0.807391 0
    outer loop
      vertex -133.028 142.631 0
      vertex -133.548 142.251 10
      vertex -133.548 142.251 0
    endloop
  endfacet
  facet normal 0.590017 -0.807391 0
    outer loop
      vertex -133.028 142.631 0
      vertex -133.028 142.631 10
      vertex -133.548 142.251 10
    endloop
  endfacet
  facet normal 0.312988 -0.949757 0
    outer loop
      vertex -132.94 142.66 0
      vertex -133.028 142.631 10
      vertex -133.028 142.631 0
    endloop
  endfacet
  facet normal 0.312988 -0.949757 0
    outer loop
      vertex -132.94 142.66 0
      vertex -132.94 142.66 10
      vertex -133.028 142.631 10
    endloop
  endfacet
  facet normal 0 -1 0
    outer loop
      vertex -132.251 142.66 0
      vertex -132.94 142.66 10
      vertex -132.94 142.66 0
    endloop
  endfacet
  facet normal 0 -1 0
    outer loop
      vertex -132.251 142.66 0
      vertex -132.251 142.66 10
      vertex -132.94 142.66 10
    endloop
  endfacet
  facet normal 0.505293 -0.862948 0
    outer loop
      vertex -131.006 143.389 0
      vertex -132.251 142.66 10
      vertex -132.251 142.66 0
    endloop
  endfacet
  facet normal 0.505293 -0.862948 0
    outer loop
      vertex -131.006 143.389 0
      vertex -131.006 143.389 10
      vertex -132.251 142.66 10
    endloop
  endfacet
  facet normal 0.307003 -0.951709 0
    outer loop
      vertex -130.944 143.409 0
      vertex -131.006 143.389 10
      vertex -131.006 143.389 0
    endloop
  endfacet
  facet normal 0.307003 -0.951709 0
    outer loop
      vertex -130.944 143.409 0
      vertex -130.944 143.409 10
      vertex -131.006 143.389 10
    endloop
  endfacet
  facet normal 0.0945565 -0.995519 0
    outer loop
      vertex -130.386 143.462 0
      vertex -130.944 143.409 10
      vertex -130.944 143.409 0
    endloop
  endfacet
  facet normal 0.0945565 -0.995519 0
    outer loop
      vertex -130.386 143.462 0
      vertex -130.386 143.462 10
      vertex -130.944 143.409 10
    endloop
  endfacet
  facet normal 0.839898 -0.542745 0
    outer loop
      vertex -129.986 144.081 0
      vertex -130.386 143.462 10
      vertex -130.386 143.462 0
    endloop
  endfacet
  facet normal 0.839898 -0.542745 0
    outer loop
      vertex -129.986 144.081 0
      vertex -129.986 144.081 10
      vertex -130.386 143.462 10
    endloop
  endfacet
  facet normal 0.734803 -0.67828 0
    outer loop
      vertex -129.95 144.12 0
      vertex -129.986 144.081 10
      vertex -129.986 144.081 0
    endloop
  endfacet
  facet normal 0.734803 -0.67828 0
    outer loop
      vertex -129.95 144.12 0
      vertex -129.95 144.12 10
      vertex -129.986 144.081 10
    endloop
  endfacet
  facet normal 0.597962 -0.801524 0
    outer loop
      vertex -129.32 144.59 0
      vertex -129.95 144.12 10
      vertex -129.95 144.12 0
    endloop
  endfacet
  facet normal 0.597962 -0.801524 0
    outer loop
      vertex -129.32 144.59 0
      vertex -129.32 144.59 10
      vertex -129.95 144.12 10
    endloop
  endfacet
  facet normal 0.378125 -0.925755 0
    outer loop
      vertex -129.249 144.619 0
      vertex -129.32 144.59 10
      vertex -129.32 144.59 0
    endloop
  endfacet
  facet normal 0.378125 -0.925755 0
    outer loop
      vertex -129.249 144.619 0
      vertex -129.249 144.619 10
      vertex -129.32 144.59 10
    endloop
  endfacet
  facet normal 0.127243 -0.991872 0
    outer loop
      vertex -128.298 144.741 0
      vertex -129.249 144.619 10
      vertex -129.249 144.619 0
    endloop
  endfacet
  facet normal 0.127243 -0.991872 0
    outer loop
      vertex -128.298 144.741 0
      vertex -128.298 144.741 10
      vertex -129.249 144.619 10
    endloop
  endfacet
  facet normal 0.768221 -0.640184 0
    outer loop
      vertex -127.803 145.335 0
      vertex -128.298 144.741 10
      vertex -128.298 144.741 0
    endloop
  endfacet
  facet normal 0.768221 -0.640184 0
    outer loop
      vertex -127.803 145.335 0
      vertex -127.803 145.335 10
      vertex -128.298 144.741 10
    endloop
  endfacet
  facet normal 0.473621 0.880729 0
    outer loop
      vertex -128.571 145.748 0
      vertex -127.803 145.335 10
      vertex -127.803 145.335 0
    endloop
  endfacet
  facet normal 0.473621 0.880729 -0
    outer loop
      vertex -128.571 145.748 0
      vertex -128.571 145.748 10
      vertex -127.803 145.335 10
    endloop
  endfacet
  facet normal 0.712741 0.701427 0
    outer loop
      vertex -128.633 145.811 0
      vertex -128.571 145.748 10
      vertex -128.571 145.748 0
    endloop
  endfacet
  facet normal 0.712741 0.701427 -0
    outer loop
      vertex -128.633 145.811 0
      vertex -128.633 145.811 10
      vertex -128.571 145.748 10
    endloop
  endfacet
  facet normal 0.888096 0.459659 0
    outer loop
      vertex -128.898 146.323 0
      vertex -128.633 145.811 10
      vertex -128.633 145.811 0
    endloop
  endfacet
  facet normal 0.888096 0.459659 -0
    outer loop
      vertex -128.898 146.323 0
      vertex -128.898 146.323 10
      vertex -128.633 145.811 10
    endloop
  endfacet
  facet normal -0.0792025 0.996859 0
    outer loop
      vertex -129.263 146.294 0
      vertex -128.898 146.323 10
      vertex -128.898 146.323 0
    endloop
  endfacet
  facet normal -0.0792025 0.996859 0
    outer loop
      vertex -129.263 146.294 0
      vertex -129.263 146.294 10
      vertex -128.898 146.323 10
    endloop
  endfacet
  facet normal -0.613018 0.790069 0
    outer loop
      vertex -129.678 145.972 0
      vertex -129.263 146.294 10
      vertex -129.263 146.294 0
    endloop
  endfacet
  facet normal -0.613018 0.790069 0
    outer loop
      vertex -129.678 145.972 0
      vertex -129.678 145.972 10
      vertex -129.263 146.294 10
    endloop
  endfacet
  facet normal -0.190477 0.981692 0
    outer loop
      vertex -129.812 145.946 0
      vertex -129.678 145.972 10
      vertex -129.678 145.972 0
    endloop
  endfacet
  facet normal -0.190477 0.981692 0
    outer loop
      vertex -129.812 145.946 0
      vertex -129.812 145.946 10
      vertex -129.678 145.972 10
    endloop
  endfacet
  facet normal 0.282166 0.959366 0
    outer loop
      vertex -130.662 146.196 0
      vertex -129.812 145.946 10
      vertex -129.812 145.946 0
    endloop
  endfacet
  facet normal 0.282166 0.959366 -0
    outer loop
      vertex -130.662 146.196 0
      vertex -130.662 146.196 10
      vertex -129.812 145.946 10
    endloop
  endfacet
  facet normal 0.671912 0.740631 0
    outer loop
      vertex -130.759 146.284 0
      vertex -130.662 146.196 10
      vertex -130.662 146.196 0
    endloop
  endfacet
  facet normal 0.671912 0.740631 -0
    outer loop
      vertex -130.759 146.284 0
      vertex -130.759 146.284 10
      vertex -130.662 146.196 10
    endloop
  endfacet
  facet normal 0.928308 0.371813 0
    outer loop
      vertex -131.214 147.42 0
      vertex -130.759 146.284 10
      vertex -130.759 146.284 0
    endloop
  endfacet
  facet normal 0.928308 0.371813 -0
    outer loop
      vertex -131.214 147.42 0
      vertex -131.214 147.42 10
      vertex -130.759 146.284 10
    endloop
  endfacet
  facet normal 0.320871 0.947123 0
    outer loop
      vertex -131.642 147.565 0
      vertex -131.214 147.42 10
      vertex -131.214 147.42 0
    endloop
  endfacet
  facet normal 0.320871 0.947123 -0
    outer loop
      vertex -131.642 147.565 0
      vertex -131.642 147.565 10
      vertex -131.214 147.42 10
    endloop
  endfacet
  facet normal -0.760539 0.649293 0
    outer loop
      vertex -132.856 146.143 0
      vertex -131.642 147.565 10
      vertex -131.642 147.565 0
    endloop
  endfacet
  facet normal -0.760539 0.649293 0
    outer loop
      vertex -132.856 146.143 0
      vertex -132.856 146.143 10
      vertex -131.642 147.565 10
    endloop
  endfacet
  facet normal -0.238525 0.971136 0
    outer loop
      vertex -133.027 146.101 0
      vertex -132.856 146.143 10
      vertex -132.856 146.143 0
    endloop
  endfacet
  facet normal -0.238525 0.971136 0
    outer loop
      vertex -133.027 146.101 0
      vertex -133.027 146.101 10
      vertex -132.856 146.143 10
    endloop
  endfacet
  facet normal 0.952525 0.30446 0
    outer loop
      vertex -133.097 146.32 0
      vertex -133.027 146.101 10
      vertex -133.027 146.101 0
    endloop
  endfacet
  facet normal 0.952525 0.30446 -0
    outer loop
      vertex -133.097 146.32 0
      vertex -133.097 146.32 10
      vertex -133.027 146.101 10
    endloop
  endfacet
  facet normal 0.843719 -0.536785 0
    outer loop
      vertex -132.331 147.524 0
      vertex -133.097 146.32 10
      vertex -133.097 146.32 0
    endloop
  endfacet
  facet normal 0.843719 -0.536785 0
    outer loop
      vertex -132.331 147.524 0
      vertex -132.331 147.524 10
      vertex -133.097 146.32 10
    endloop
  endfacet
  facet normal 0.141001 0.990009 0
    outer loop
      vertex -132.661 147.571 0
      vertex -132.331 147.524 10
      vertex -132.331 147.524 0
    endloop
  endfacet
  facet normal 0.141001 0.990009 -0
    outer loop
      vertex -132.661 147.571 0
      vertex -132.661 147.571 10
      vertex -132.331 147.524 10
    endloop
  endfacet
  facet normal 0.636383 0.771373 0
    outer loop
      vertex -132.781 147.67 0
      vertex -132.661 147.571 10
      vertex -132.661 147.571 0
    endloop
  endfacet
  facet normal 0.636383 0.771373 -0
    outer loop
      vertex -132.781 147.67 0
      vertex -132.781 147.67 10
      vertex -132.661 147.571 10
    endloop
  endfacet
  facet normal 0.941943 0.335772 0
    outer loop
      vertex -132.894 147.987 0
      vertex -132.781 147.67 10
      vertex -132.781 147.67 0
    endloop
  endfacet
  facet normal 0.941943 0.335772 -0
    outer loop
      vertex -132.894 147.987 0
      vertex -132.894 147.987 10
      vertex -132.781 147.67 10
    endloop
  endfacet
  facet normal -0.27577 0.961224 0
    outer loop
      vertex -133.741 147.744 0
      vertex -132.894 147.987 10
      vertex -132.894 147.987 0
    endloop
  endfacet
  facet normal -0.27577 0.961224 0
    outer loop
      vertex -133.741 147.744 0
      vertex -133.741 147.744 10
      vertex -132.894 147.987 10
    endloop
  endfacet
  facet normal -0.607008 0.794696 0
    outer loop
      vertex -134.609 147.081 0
      vertex -133.741 147.744 10
      vertex -133.741 147.744 0
    endloop
  endfacet
  facet normal -0.607008 0.794696 0
    outer loop
      vertex -134.609 147.081 0
      vertex -134.609 147.081 10
      vertex -133.741 147.744 10
    endloop
  endfacet
  facet normal -0.0227214 0.999742 0
    outer loop
      vertex -134.785 147.077 0
      vertex -134.609 147.081 10
      vertex -134.609 147.081 0
    endloop
  endfacet
  facet normal -0.0227214 0.999742 0
    outer loop
      vertex -134.785 147.077 0
      vertex -134.785 147.077 10
      vertex -134.609 147.081 10
    endloop
  endfacet
  facet normal 0.975133 0.221621 0
    outer loop
      vertex -134.83 147.275 0
      vertex -134.785 147.077 10
      vertex -134.785 147.077 0
    endloop
  endfacet
  facet normal 0.975133 0.221621 -0
    outer loop
      vertex -134.83 147.275 0
      vertex -134.83 147.275 10
      vertex -134.785 147.077 10
    endloop
  endfacet
  facet normal 0.867418 -0.49758 0
    outer loop
      vertex -133.938 148.83 0
      vertex -134.83 147.275 10
      vertex -134.83 147.275 0
    endloop
  endfacet
  facet normal 0.867418 -0.49758 0
    outer loop
      vertex -133.938 148.83 0
      vertex -133.938 148.83 10
      vertex -134.83 147.275 10
    endloop
  endfacet
  facet normal 0.808916 0.587924 0
    outer loop
      vertex -134.361 149.412 0
      vertex -133.938 148.83 10
      vertex -133.938 148.83 0
    endloop
  endfacet
  facet normal 0.808916 0.587924 -0
    outer loop
      vertex -134.361 149.412 0
      vertex -134.361 149.412 10
      vertex -133.938 148.83 10
    endloop
  endfacet
  facet normal 0.984475 0.175526 0
    outer loop
      vertex -134.384 149.541 0
      vertex -134.361 149.412 10
      vertex -134.361 149.412 0
    endloop
  endfacet
  facet normal 0.984475 0.175526 -0
    outer loop
      vertex -134.384 149.541 0
      vertex -134.384 149.541 10
      vertex -134.361 149.412 10
    endloop
  endfacet
  facet normal 0.962467 -0.2714 0
    outer loop
      vertex -134.276 149.924 0
      vertex -134.384 149.541 10
      vertex -134.384 149.541 0
    endloop
  endfacet
  facet normal 0.962467 -0.2714 0
    outer loop
      vertex -134.276 149.924 0
      vertex -134.276 149.924 10
      vertex -134.384 149.541 10
    endloop
  endfacet
  facet normal 0.257663 0.966235 0
    outer loop
      vertex -134.321 149.936 0
      vertex -134.276 149.924 10
      vertex -134.276 149.924 0
    endloop
  endfacet
  facet normal 0.257663 0.966235 -0
    outer loop
      vertex -134.321 149.936 0
      vertex -134.321 149.936 10
      vertex -134.276 149.924 10
    endloop
  endfacet
  facet normal -0.852888 0.522095 0
    outer loop
      vertex -134.452 149.722 0
      vertex -134.321 149.936 10
      vertex -134.321 149.936 0
    endloop
  endfacet
  facet normal -0.852888 0.522095 0
    outer loop
      vertex -134.452 149.722 0
      vertex -134.452 149.722 10
      vertex -134.321 149.936 10
    endloop
  endfacet
  facet normal -0.385017 0.922909 0
    outer loop
      vertex -134.615 149.654 0
      vertex -134.452 149.722 10
      vertex -134.452 149.722 0
    endloop
  endfacet
  facet normal -0.385017 0.922909 0
    outer loop
      vertex -134.615 149.654 0
      vertex -134.615 149.654 10
      vertex -134.452 149.722 10
    endloop
  endfacet
  facet normal 0.629422 0.777064 0
    outer loop
      vertex -134.715 149.735 0
      vertex -134.615 149.654 10
      vertex -134.615 149.654 0
    endloop
  endfacet
  facet normal 0.629422 0.777064 -0
    outer loop
      vertex -134.715 149.735 0
      vertex -134.715 149.735 10
      vertex -134.615 149.654 10
    endloop
  endfacet
  facet normal 0.900786 0.434263 0
    outer loop
      vertex -135.065 150.461 0
      vertex -134.715 149.735 10
      vertex -134.715 149.735 0
    endloop
  endfacet
  facet normal 0.900786 0.434263 -0
    outer loop
      vertex -135.065 150.461 0
      vertex -135.065 150.461 10
      vertex -134.715 149.735 10
    endloop
  endfacet
  facet normal -0.356303 0.934371 0
    outer loop
      vertex -135.697 150.22 0
      vertex -135.065 150.461 10
      vertex -135.065 150.461 0
    endloop
  endfacet
  facet normal -0.356303 0.934371 0
    outer loop
      vertex -135.697 150.22 0
      vertex -135.697 150.22 10
      vertex -135.065 150.461 10
    endloop
  endfacet
  facet normal 0.316228 0.948683 0
    outer loop
      vertex -135.877 150.28 0
      vertex -135.697 150.22 10
      vertex -135.697 150.22 0
    endloop
  endfacet
  facet normal 0.316228 0.948683 -0
    outer loop
      vertex -135.877 150.28 0
      vertex -135.877 150.28 10
      vertex -135.697 150.22 10
    endloop
  endfacet
  facet normal 0.84689 0.531768 0
    outer loop
      vertex -136.066 150.581 0
      vertex -135.877 150.28 10
      vertex -135.877 150.28 0
    endloop
  endfacet
  facet normal 0.84689 0.531768 -0
    outer loop
      vertex -136.066 150.581 0
      vertex -136.066 150.581 10
      vertex -135.877 150.28 10
    endloop
  endfacet
  facet normal 0.264985 0.964252 0
    outer loop
      vertex -136.59 150.725 0
      vertex -136.066 150.581 10
      vertex -136.066 150.581 0
    endloop
  endfacet
  facet normal 0.264985 0.964252 -0
    outer loop
      vertex -136.59 150.725 0
      vertex -136.59 150.725 10
      vertex -136.066 150.581 10
    endloop
  endfacet
  facet normal 0.781973 0.623312 0
    outer loop
      vertex -136.7 150.863 0
      vertex -136.59 150.725 10
      vertex -136.59 150.725 0
    endloop
  endfacet
  facet normal 0.781973 0.623312 -0
    outer loop
      vertex -136.7 150.863 0
      vertex -136.7 150.863 10
      vertex -136.59 150.725 10
    endloop
  endfacet
  facet normal 0.882353 -0.470588 0
    outer loop
      vertex -136.628 150.998 0
      vertex -136.7 150.863 10
      vertex -136.7 150.863 0
    endloop
  endfacet
  facet normal 0.882353 -0.470588 0
    outer loop
      vertex -136.628 150.998 0
      vertex -136.628 150.998 10
      vertex -136.7 150.863 10
    endloop
  endfacet
  facet normal 0.520288 -0.853991 0
    outer loop
      vertex -136.39 151.143 0
      vertex -136.628 150.998 10
      vertex -136.628 150.998 0
    endloop
  endfacet
  facet normal 0.520288 -0.853991 0
    outer loop
      vertex -136.39 151.143 0
      vertex -136.39 151.143 10
      vertex -136.628 150.998 10
    endloop
  endfacet
  facet normal 0.976433 0.215821 0
    outer loop
      vertex -136.493 151.609 0
      vertex -136.39 151.143 10
      vertex -136.39 151.143 0
    endloop
  endfacet
  facet normal 0.976433 0.215821 -0
    outer loop
      vertex -136.493 151.609 0
      vertex -136.493 151.609 10
      vertex -136.39 151.143 10
    endloop
  endfacet
  facet normal 0.0771593 0.997019 0
    outer loop
      vertex -137.152 151.66 0
      vertex -136.493 151.609 10
      vertex -136.493 151.609 0
    endloop
  endfacet
  facet normal 0.0771593 0.997019 -0
    outer loop
      vertex -137.152 151.66 0
      vertex -137.152 151.66 10
      vertex -136.493 151.609 10
    endloop
  endfacet
  facet normal 0.751093 0.660196 0
    outer loop
      vertex -137.29 151.817 0
      vertex -137.152 151.66 10
      vertex -137.152 151.66 0
    endloop
  endfacet
  facet normal 0.751093 0.660196 -0
    outer loop
      vertex -137.29 151.817 0
      vertex -137.29 151.817 10
      vertex -137.152 151.66 10
    endloop
  endfacet
  facet normal 0.999056 -0.0434372 0
    outer loop
      vertex -137.28 152.047 0
      vertex -137.29 151.817 10
      vertex -137.29 151.817 0
    endloop
  endfacet
  facet normal 0.999056 -0.0434372 0
    outer loop
      vertex -137.28 152.047 0
      vertex -137.28 152.047 10
      vertex -137.29 151.817 10
    endloop
  endfacet
  facet normal 0.829072 -0.559142 0
    outer loop
      vertex -137.193 152.176 0
      vertex -137.28 152.047 10
      vertex -137.28 152.047 0
    endloop
  endfacet
  facet normal 0.829072 -0.559142 0
    outer loop
      vertex -137.193 152.176 0
      vertex -137.193 152.176 10
      vertex -137.28 152.047 10
    endloop
  endfacet
  facet normal 0.419316 -0.90784 0
    outer loop
      vertex -136.97 152.279 0
      vertex -137.193 152.176 10
      vertex -137.193 152.176 0
    endloop
  endfacet
  facet normal 0.419316 -0.90784 0
    outer loop
      vertex -136.97 152.279 0
      vertex -136.97 152.279 10
      vertex -137.193 152.176 10
    endloop
  endfacet
  facet normal 0.211404 0.977399 0
    outer loop
      vertex -137.682 152.433 0
      vertex -136.97 152.279 10
      vertex -136.97 152.279 0
    endloop
  endfacet
  facet normal 0.211404 0.977399 -0
    outer loop
      vertex -137.682 152.433 0
      vertex -137.682 152.433 10
      vertex -136.97 152.279 10
    endloop
  endfacet
  facet normal 0.435561 0.900159 0
    outer loop
      vertex -137.744 152.463 0
      vertex -137.682 152.433 10
      vertex -137.682 152.433 0
    endloop
  endfacet
  facet normal 0.435561 0.900159 -0
    outer loop
      vertex -137.744 152.463 0
      vertex -137.744 152.463 10
      vertex -137.682 152.433 10
    endloop
  endfacet
  facet normal 0.624695 0.780869 0
    outer loop
      vertex -137.894 152.583 0
      vertex -137.744 152.463 10
      vertex -137.744 152.463 0
    endloop
  endfacet
  facet normal 0.624695 0.780869 -0
    outer loop
      vertex -137.894 152.583 0
      vertex -137.894 152.583 10
      vertex -137.744 152.463 10
    endloop
  endfacet
  facet normal 0.965286 0.261195 0
    outer loop
      vertex -137.94 152.753 0
      vertex -137.894 152.583 10
      vertex -137.894 152.583 0
    endloop
  endfacet
  facet normal 0.965286 0.261195 -0
    outer loop
      vertex -137.94 152.753 0
      vertex -137.94 152.753 10
      vertex -137.894 152.583 10
    endloop
  endfacet
  facet normal 0.73343 -0.679765 0
    outer loop
      vertex -137.864 152.835 0
      vertex -137.94 152.753 10
      vertex -137.94 152.753 0
    endloop
  endfacet
  facet normal 0.73343 -0.679765 0
    outer loop
      vertex -137.864 152.835 0
      vertex -137.864 152.835 10
      vertex -137.94 152.753 10
    endloop
  endfacet
  facet normal 0.430503 -0.902589 0
    outer loop
      vertex -137.495 153.011 0
      vertex -137.864 152.835 10
      vertex -137.864 152.835 0
    endloop
  endfacet
  facet normal 0.430503 -0.902589 0
    outer loop
      vertex -137.495 153.011 0
      vertex -137.495 153.011 10
      vertex -137.864 152.835 10
    endloop
  endfacet
  facet normal 0.549167 0.835713 0
    outer loop
      vertex -138.962 153.975 0
      vertex -137.495 153.011 10
      vertex -137.495 153.011 0
    endloop
  endfacet
  facet normal 0.549167 0.835713 -0
    outer loop
      vertex -138.962 153.975 0
      vertex -138.962 153.975 10
      vertex -137.495 153.011 10
    endloop
  endfacet
  facet normal 0.934218 0.356702 0
    outer loop
      vertex -139.025 154.14 0
      vertex -138.962 153.975 10
      vertex -138.962 153.975 0
    endloop
  endfacet
  facet normal 0.934218 0.356702 -0
    outer loop
      vertex -139.025 154.14 0
      vertex -139.025 154.14 10
      vertex -138.962 153.975 10
    endloop
  endfacet
  facet normal 0.710514 -0.703683 0
    outer loop
      vertex -138.922 154.244 0
      vertex -139.025 154.14 10
      vertex -139.025 154.14 0
    endloop
  endfacet
  facet normal 0.710514 -0.703683 0
    outer loop
      vertex -138.922 154.244 0
      vertex -138.922 154.244 10
      vertex -139.025 154.14 10
    endloop
  endfacet
  facet normal 0.283346 -0.959018 0
    outer loop
      vertex -138.482 154.374 0
      vertex -138.922 154.244 10
      vertex -138.922 154.244 0
    endloop
  endfacet
  facet normal 0.283346 -0.959018 0
    outer loop
      vertex -138.482 154.374 0
      vertex -138.482 154.374 10
      vertex -138.922 154.244 10
    endloop
  endfacet
  facet normal -0.334898 -0.942254 0
    outer loop
      vertex -138.316 154.315 0
      vertex -138.482 154.374 10
      vertex -138.482 154.374 0
    endloop
  endfacet
  facet normal -0.334898 -0.942254 0
    outer loop
      vertex -138.316 154.315 0
      vertex -138.316 154.315 10
      vertex -138.482 154.374 10
    endloop
  endfacet
  facet normal -0.99902 -0.0442604 0
    outer loop
      vertex -138.309 154.157 0
      vertex -138.316 154.315 10
      vertex -138.316 154.315 0
    endloop
  endfacet
  facet normal -0.99902 -0.0442604 0
    outer loop
      vertex -138.309 154.157 0
      vertex -138.309 154.157 10
      vertex -138.316 154.315 10
    endloop
  endfacet
  facet normal -0.874838 0.484415 0
    outer loop
      vertex -138.376 154.036 0
      vertex -138.309 154.157 10
      vertex -138.309 154.157 0
    endloop
  endfacet
  facet normal -0.874838 0.484415 0
    outer loop
      vertex -138.376 154.036 0
      vertex -138.376 154.036 10
      vertex -138.309 154.157 10
    endloop
  endfacet
  facet normal -0.374337 -0.927293 0
    outer loop
      vertex -137.888 153.839 0
      vertex -138.376 154.036 10
      vertex -138.376 154.036 0
    endloop
  endfacet
  facet normal -0.374337 -0.927293 0
    outer loop
      vertex -137.888 153.839 0
      vertex -137.888 153.839 10
      vertex -138.376 154.036 10
    endloop
  endfacet
  facet normal -0.0453082 -0.998973 0
    outer loop
      vertex -136.521 153.777 0
      vertex -137.888 153.839 10
      vertex -137.888 153.839 0
    endloop
  endfacet
  facet normal -0.0453082 -0.998973 0
    outer loop
      vertex -136.521 153.777 0
      vertex -136.521 153.777 10
      vertex -137.888 153.839 10
    endloop
  endfacet
  facet normal 0.998241 -0.0592927 0
    outer loop
      vertex -136.454 154.905 0
      vertex -136.521 153.777 10
      vertex -136.521 153.777 0
    endloop
  endfacet
  facet normal 0.998241 -0.0592927 0
    outer loop
      vertex -136.454 154.905 0
      vertex -136.454 154.905 10
      vertex -136.521 153.777 10
    endloop
  endfacet
  facet normal 0.733002 0.680226 0
    outer loop
      vertex -137.034 155.53 0
      vertex -136.454 154.905 10
      vertex -136.454 154.905 0
    endloop
  endfacet
  facet normal 0.733002 0.680226 -0
    outer loop
      vertex -137.034 155.53 0
      vertex -137.034 155.53 10
      vertex -136.454 154.905 10
    endloop
  endfacet
  facet normal 0.327241 0.944941 0
    outer loop
      vertex -137.779 155.788 0
      vertex -137.034 155.53 10
      vertex -137.034 155.53 0
    endloop
  endfacet
  facet normal 0.327241 0.944941 -0
    outer loop
      vertex -137.779 155.788 0
      vertex -137.779 155.788 10
      vertex -137.034 155.53 10
    endloop
  endfacet
  facet normal 0.93686 0.349704 0
    outer loop
      vertex -137.86 156.005 0
      vertex -137.779 155.788 10
      vertex -137.779 155.788 0
    endloop
  endfacet
  facet normal 0.93686 0.349704 -0
    outer loop
      vertex -137.86 156.005 0
      vertex -137.86 156.005 10
      vertex -137.779 155.788 10
    endloop
  endfacet
  facet normal 0.86514 -0.50153 0
    outer loop
      vertex -137.62 156.419 0
      vertex -137.86 156.005 10
      vertex -137.86 156.005 0
    endloop
  endfacet
  facet normal 0.86514 -0.50153 0
    outer loop
      vertex -137.62 156.419 0
      vertex -137.62 156.419 10
      vertex -137.86 156.005 10
    endloop
  endfacet
  facet normal 0.793309 0.608819 0
    outer loop
      vertex -137.686 156.505 0
      vertex -137.62 156.419 10
      vertex -137.62 156.419 0
    endloop
  endfacet
  facet normal 0.793309 0.608819 -0
    outer loop
      vertex -137.686 156.505 0
      vertex -137.686 156.505 10
      vertex -137.62 156.419 10
    endloop
  endfacet
  facet normal 0.213554 0.976931 0
    outer loop
      vertex -138.912 156.773 0
      vertex -137.686 156.505 10
      vertex -137.686 156.505 0
    endloop
  endfacet
  facet normal 0.213554 0.976931 -0
    outer loop
      vertex -138.912 156.773 0
      vertex -138.912 156.773 10
      vertex -137.686 156.505 10
    endloop
  endfacet
  facet normal 0.748347 0.663308 0
    outer loop
      vertex -139.029 156.905 0
      vertex -138.912 156.773 10
      vertex -138.912 156.773 0
    endloop
  endfacet
  facet normal 0.748347 0.663308 -0
    outer loop
      vertex -139.029 156.905 0
      vertex -139.029 156.905 10
      vertex -138.912 156.773 10
    endloop
  endfacet
  facet normal 0.722261 -0.69162 0
    outer loop
      vertex -138.871 157.07 0
      vertex -139.029 156.905 10
      vertex -139.029 156.905 0
    endloop
  endfacet
  facet normal 0.722261 -0.69162 0
    outer loop
      vertex -138.871 157.07 0
      vertex -138.871 157.07 10
      vertex -139.029 156.905 10
    endloop
  endfacet
  facet normal -0.0563885 -0.998409 0
    outer loop
      vertex -138.57 157.053 0
      vertex -138.871 157.07 10
      vertex -138.871 157.07 0
    endloop
  endfacet
  facet normal -0.0563885 -0.998409 0
    outer loop
      vertex -138.57 157.053 0
      vertex -138.57 157.053 10
      vertex -138.871 157.07 10
    endloop
  endfacet
  facet normal 0.542369 -0.84014 0
    outer loop
      vertex -137.859 157.512 0
      vertex -138.57 157.053 10
      vertex -138.57 157.053 0
    endloop
  endfacet
  facet normal 0.542369 -0.84014 0
    outer loop
      vertex -137.859 157.512 0
      vertex -137.859 157.512 10
      vertex -138.57 157.053 10
    endloop
  endfacet
  facet normal 0.999871 -0.0160357 0
    outer loop
      vertex -137.842 158.572 0
      vertex -137.859 157.512 10
      vertex -137.859 157.512 0
    endloop
  endfacet
  facet normal 0.999871 -0.0160357 0
    outer loop
      vertex -137.842 158.572 0
      vertex -137.842 158.572 10
      vertex -137.859 157.512 10
    endloop
  endfacet
  facet normal 0.308049 0.95137 0
    outer loop
      vertex -138.506 158.787 0
      vertex -137.842 158.572 10
      vertex -137.842 158.572 0
    endloop
  endfacet
  facet normal 0.308049 0.95137 -0
    outer loop
      vertex -138.506 158.787 0
      vertex -138.506 158.787 10
      vertex -137.842 158.572 10
    endloop
  endfacet
  facet normal 0.647903 0.761723 0
    outer loop
      vertex -138.593 158.861 0
      vertex -138.506 158.787 10
      vertex -138.506 158.787 0
    endloop
  endfacet
  facet normal 0.647903 0.761723 -0
    outer loop
      vertex -138.593 158.861 0
      vertex -138.593 158.861 10
      vertex -138.506 158.787 10
    endloop
  endfacet
  facet normal 0.886995 0.461779 0
    outer loop
      vertex -138.934 159.516 0
      vertex -138.593 158.861 10
      vertex -138.593 158.861 0
    endloop
  endfacet
  facet normal 0.886995 0.461779 -0
    outer loop
      vertex -138.934 159.516 0
      vertex -138.934 159.516 10
      vertex -138.593 158.861 10
    endloop
  endfacet
  facet normal -0.324567 0.945863 0
    outer loop
      vertex -140.531 158.968 0
      vertex -138.934 159.516 10
      vertex -138.934 159.516 0
    endloop
  endfacet
  facet normal -0.324567 0.945863 0
    outer loop
      vertex -140.531 158.968 0
      vertex -140.531 158.968 10
      vertex -138.934 159.516 10
    endloop
  endfacet
  facet normal 0.294086 0.955779 0
    outer loop
      vertex -140.7 159.02 0
      vertex -140.531 158.968 10
      vertex -140.531 158.968 0
    endloop
  endfacet
  facet normal 0.294086 0.955779 -0
    outer loop
      vertex -140.7 159.02 0
      vertex -140.7 159.02 10
      vertex -140.531 158.968 10
    endloop
  endfacet
  facet normal 0.991061 -0.133412 0
    outer loop
      vertex -140.672 159.228 0
      vertex -140.7 159.02 10
      vertex -140.7 159.02 0
    endloop
  endfacet
  facet normal 0.991061 -0.133412 0
    outer loop
      vertex -140.672 159.228 0
      vertex -140.672 159.228 10
      vertex -140.7 159.02 10
    endloop
  endfacet
  facet normal 0.615123 -0.788431 0
    outer loop
      vertex -139.703 159.984 0
      vertex -140.672 159.228 10
      vertex -140.672 159.228 0
    endloop
  endfacet
  facet normal 0.615123 -0.788431 0
    outer loop
      vertex -139.703 159.984 0
      vertex -139.703 159.984 10
      vertex -140.672 159.228 10
    endloop
  endfacet
  facet normal 0.924096 -0.382161 0
    outer loop
      vertex -139.349 160.84 0
      vertex -139.703 159.984 10
      vertex -139.703 159.984 0
    endloop
  endfacet
  facet normal 0.924096 -0.382161 0
    outer loop
      vertex -139.349 160.84 0
      vertex -139.349 160.84 10
      vertex -139.703 159.984 10
    endloop
  endfacet
  facet normal -0.22125 0.975217 0
    outer loop
      vertex -140.257 160.634 0
      vertex -139.349 160.84 10
      vertex -139.349 160.84 0
    endloop
  endfacet
  facet normal -0.22125 0.975217 0
    outer loop
      vertex -140.257 160.634 0
      vertex -140.257 160.634 10
      vertex -139.349 160.84 10
    endloop
  endfacet
  facet normal 0.343714 0.939075 0
    outer loop
      vertex -140.41 160.69 0
      vertex -140.257 160.634 10
      vertex -140.257 160.634 0
    endloop
  endfacet
  facet normal 0.343714 0.939075 -0
    outer loop
      vertex -140.41 160.69 0
      vertex -140.41 160.69 10
      vertex -140.257 160.634 10
    endloop
  endfacet
  facet normal 0.8 0.6 0
    outer loop
      vertex -140.497 160.806 0
      vertex -140.41 160.69 10
      vertex -140.41 160.69 0
    endloop
  endfacet
  facet normal 0.8 0.6 -0
    outer loop
      vertex -140.497 160.806 0
      vertex -140.497 160.806 10
      vertex -140.41 160.69 10
    endloop
  endfacet
  facet normal -0.627702 0.778454 0
    outer loop
      vertex -141.096 160.323 0
      vertex -140.497 160.806 10
      vertex -140.497 160.806 0
    endloop
  endfacet
  facet normal -0.627702 0.778454 0
    outer loop
      vertex -141.096 160.323 0
      vertex -141.096 160.323 10
      vertex -140.497 160.806 10
    endloop
  endfacet
  facet normal -0.0510696 0.998695 0
    outer loop
      vertex -141.272 160.314 0
      vertex -141.096 160.323 10
      vertex -141.096 160.323 0
    endloop
  endfacet
  facet normal -0.0510696 0.998695 0
    outer loop
      vertex -141.272 160.314 0
      vertex -141.272 160.314 10
      vertex -141.096 160.323 10
    endloop
  endfacet
  facet normal 0.995163 0.098235 0
    outer loop
      vertex -141.295 160.547 0
      vertex -141.272 160.314 10
      vertex -141.272 160.314 0
    endloop
  endfacet
  facet normal 0.995163 0.098235 -0
    outer loop
      vertex -141.295 160.547 0
      vertex -141.295 160.547 10
      vertex -141.272 160.314 10
    endloop
  endfacet
  facet normal 0.702245 -0.711935 0
    outer loop
      vertex -139.899 161.924 0
      vertex -141.295 160.547 10
      vertex -141.295 160.547 0
    endloop
  endfacet
  facet normal 0.702245 -0.711935 0
    outer loop
      vertex -139.899 161.924 0
      vertex -139.899 161.924 10
      vertex -141.295 160.547 10
    endloop
  endfacet
  facet normal 0.915916 0.401371 0
    outer loop
      vertex -140.204 162.62 0
      vertex -139.899 161.924 10
      vertex -139.899 161.924 0
    endloop
  endfacet
  facet normal 0.915916 0.401371 -0
    outer loop
      vertex -140.204 162.62 0
      vertex -140.204 162.62 10
      vertex -139.899 161.924 10
    endloop
  endfacet
  facet normal -0.0942389 0.99555 0
    outer loop
      vertex -140.616 162.581 0
      vertex -140.204 162.62 10
      vertex -140.204 162.62 0
    endloop
  endfacet
  facet normal -0.0942389 0.99555 0
    outer loop
      vertex -140.616 162.581 0
      vertex -140.616 162.581 10
      vertex -140.204 162.62 10
    endloop
  endfacet
  facet normal 0.707107 0.707107 0
    outer loop
      vertex -140.779 162.744 0
      vertex -140.616 162.581 10
      vertex -140.616 162.581 0
    endloop
  endfacet
  facet normal 0.707107 0.707107 -0
    outer loop
      vertex -140.779 162.744 0
      vertex -140.779 162.744 10
      vertex -140.616 162.581 10
    endloop
  endfacet
  facet normal 0.995835 -0.091178 0
    outer loop
      vertex -140.715 163.443 0
      vertex -140.779 162.744 10
      vertex -140.779 162.744 0
    endloop
  endfacet
  facet normal 0.995835 -0.091178 0
    outer loop
      vertex -140.715 163.443 0
      vertex -140.715 163.443 10
      vertex -140.779 162.744 10
    endloop
  endfacet
  facet normal -0.0437689 0.999042 0
    outer loop
      vertex -142.153 163.38 0
      vertex -140.715 163.443 10
      vertex -140.715 163.443 0
    endloop
  endfacet
  facet normal -0.0437689 0.999042 0
    outer loop
      vertex -142.153 163.38 0
      vertex -142.153 163.38 10
      vertex -140.715 163.443 10
    endloop
  endfacet
  facet normal 0.548163 0.836372 0
    outer loop
      vertex -142.301 163.477 0
      vertex -142.153 163.38 10
      vertex -142.153 163.38 0
    endloop
  endfacet
  facet normal 0.548163 0.836372 -0
    outer loop
      vertex -142.301 163.477 0
      vertex -142.301 163.477 10
      vertex -142.153 163.38 10
    endloop
  endfacet
  facet normal 0.8605 -0.50945 0
    outer loop
      vertex -142.182 163.678 0
      vertex -142.301 163.477 10
      vertex -142.301 163.477 0
    endloop
  endfacet
  facet normal 0.8605 -0.50945 0
    outer loop
      vertex -142.182 163.678 0
      vertex -142.182 163.678 10
      vertex -142.301 163.477 10
    endloop
  endfacet
  facet normal 0.149333 -0.988787 0
    outer loop
      vertex -141.5 163.781 0
      vertex -142.182 163.678 10
      vertex -142.182 163.678 0
    endloop
  endfacet
  facet normal 0.149333 -0.988787 0
    outer loop
      vertex -141.5 163.781 0
      vertex -141.5 163.781 10
      vertex -142.182 163.678 10
    endloop
  endfacet
  facet normal 0.700822 -0.713336 0
    outer loop
      vertex -141.101 164.173 0
      vertex -141.5 163.781 10
      vertex -141.5 163.781 0
    endloop
  endfacet
  facet normal 0.700822 -0.713336 0
    outer loop
      vertex -141.101 164.173 0
      vertex -141.101 164.173 10
      vertex -141.5 163.781 10
    endloop
  endfacet
  facet normal 0.905931 0.423424 0
    outer loop
      vertex -141.273 164.541 0
      vertex -141.101 164.173 10
      vertex -141.101 164.173 0
    endloop
  endfacet
  facet normal 0.905931 0.423424 -0
    outer loop
      vertex -141.273 164.541 0
      vertex -141.273 164.541 10
      vertex -141.101 164.173 10
    endloop
  endfacet
  facet normal -0.418608 0.908167 0
    outer loop
      vertex -141.657 164.364 0
      vertex -141.273 164.541 10
      vertex -141.273 164.541 0
    endloop
  endfacet
  facet normal -0.418608 0.908167 0
    outer loop
      vertex -141.657 164.364 0
      vertex -141.657 164.364 10
      vertex -141.273 164.541 10
    endloop
  endfacet
  facet normal 0.192843 0.98123 0
    outer loop
      vertex -141.83 164.398 0
      vertex -141.657 164.364 10
      vertex -141.657 164.364 0
    endloop
  endfacet
  facet normal 0.192843 0.98123 -0
    outer loop
      vertex -141.83 164.398 0
      vertex -141.83 164.398 10
      vertex -141.657 164.364 10
    endloop
  endfacet
  facet normal 0.918633 0.395111 0
    outer loop
      vertex -141.87 164.491 0
      vertex -141.83 164.398 10
      vertex -141.83 164.398 0
    endloop
  endfacet
  facet normal 0.918633 0.395111 -0
    outer loop
      vertex -141.87 164.491 0
      vertex -141.87 164.491 10
      vertex -141.83 164.398 10
    endloop
  endfacet
  facet normal 0.998 0.0632217 0
    outer loop
      vertex -141.884 164.712 0
      vertex -141.87 164.491 10
      vertex -141.87 164.491 0
    endloop
  endfacet
  facet normal 0.998 0.0632217 -0
    outer loop
      vertex -141.884 164.712 0
      vertex -141.884 164.712 10
      vertex -141.87 164.491 10
    endloop
  endfacet
  facet normal 0.34146 0.939896 0
    outer loop
      vertex -142.151 164.809 0
      vertex -141.884 164.712 10
      vertex -141.884 164.712 0
    endloop
  endfacet
  facet normal 0.34146 0.939896 -0
    outer loop
      vertex -142.151 164.809 0
      vertex -142.151 164.809 10
      vertex -141.884 164.712 10
    endloop
  endfacet
  facet normal 0.957826 0.287348 0
    outer loop
      vertex -142.22 165.039 0
      vertex -142.151 164.809 10
      vertex -142.151 164.809 0
    endloop
  endfacet
  facet normal 0.957826 0.287348 -0
    outer loop
      vertex -142.22 165.039 0
      vertex -142.22 165.039 10
      vertex -142.151 164.809 10
    endloop
  endfacet
  facet normal 0.803417 -0.595417 0
    outer loop
      vertex -141.845 165.545 0
      vertex -142.22 165.039 10
      vertex -142.22 165.039 0
    endloop
  endfacet
  facet normal 0.803417 -0.595417 0
    outer loop
      vertex -141.845 165.545 0
      vertex -141.845 165.545 10
      vertex -142.22 165.039 10
    endloop
  endfacet
  facet normal 0.894264 0.44754 0
    outer loop
      vertex -142.394 166.642 0
      vertex -141.845 165.545 10
      vertex -141.845 165.545 0
    endloop
  endfacet
  facet normal 0.894264 0.44754 -0
    outer loop
      vertex -142.394 166.642 0
      vertex -142.394 166.642 10
      vertex -141.845 165.545 10
    endloop
  endfacet
  facet normal -0.688176 0.725543 0
    outer loop
      vertex -142.627 166.421 0
      vertex -142.394 166.642 10
      vertex -142.394 166.642 0
    endloop
  endfacet
  facet normal -0.688176 0.725543 0
    outer loop
      vertex -142.627 166.421 0
      vertex -142.627 166.421 10
      vertex -142.394 166.642 10
    endloop
  endfacet
  facet normal -0.130308 0.991474 0
    outer loop
      vertex -142.802 166.398 0
      vertex -142.627 166.421 10
      vertex -142.627 166.421 0
    endloop
  endfacet
  facet normal -0.130308 0.991474 0
    outer loop
      vertex -142.802 166.398 0
      vertex -142.802 166.398 10
      vertex -142.627 166.421 10
    endloop
  endfacet
  facet normal 0.884524 0.466495 0
    outer loop
      vertex -142.879 166.544 0
      vertex -142.802 166.398 10
      vertex -142.802 166.398 0
    endloop
  endfacet
  facet normal 0.884524 0.466495 -0
    outer loop
      vertex -142.879 166.544 0
      vertex -142.879 166.544 10
      vertex -142.802 166.398 10
    endloop
  endfacet
  facet normal 0.995381 -0.0960012 0
    outer loop
      vertex -142.784 167.529 0
      vertex -142.879 166.544 10
      vertex -142.879 166.544 0
    endloop
  endfacet
  facet normal 0.995381 -0.0960012 0
    outer loop
      vertex -142.784 167.529 0
      vertex -142.784 167.529 10
      vertex -142.879 166.544 10
    endloop
  endfacet
  facet normal 0.882353 0.470588 0
    outer loop
      vertex -142.928 167.799 0
      vertex -142.784 167.529 10
      vertex -142.784 167.529 0
    endloop
  endfacet
  facet normal 0.882353 0.470588 -0
    outer loop
      vertex -142.928 167.799 0
      vertex -142.928 167.799 10
      vertex -142.784 167.529 10
    endloop
  endfacet
  facet normal -0.21661 0.976258 0
    outer loop
      vertex -143.897 167.584 0
      vertex -142.928 167.799 10
      vertex -142.928 167.799 0
    endloop
  endfacet
  facet normal -0.21661 0.976258 0
    outer loop
      vertex -143.897 167.584 0
      vertex -143.897 167.584 10
      vertex -142.928 167.799 10
    endloop
  endfacet
  facet normal 0.396653 0.917969 0
    outer loop
      vertex -144.059 167.654 0
      vertex -143.897 167.584 10
      vertex -143.897 167.584 0
    endloop
  endfacet
  facet normal 0.396653 0.917969 -0
    outer loop
      vertex -144.059 167.654 0
      vertex -144.059 167.654 10
      vertex -143.897 167.584 10
    endloop
  endfacet
  facet normal 0.988975 -0.148082 0
    outer loop
      vertex -144.031 167.841 0
      vertex -144.059 167.654 10
      vertex -144.059 167.654 0
    endloop
  endfacet
  facet normal 0.988975 -0.148082 0
    outer loop
      vertex -144.031 167.841 0
      vertex -144.031 167.841 10
      vertex -144.059 167.654 10
    endloop
  endfacet
  facet normal 0.673145 -0.739511 0
    outer loop
      vertex -143.329 168.48 0
      vertex -144.031 167.841 10
      vertex -144.031 167.841 0
    endloop
  endfacet
  facet normal 0.673145 -0.739511 0
    outer loop
      vertex -143.329 168.48 0
      vertex -143.329 168.48 10
      vertex -144.031 167.841 10
    endloop
  endfacet
  facet normal 0.925755 0.378125 0
    outer loop
      vertex -143.445 168.764 0
      vertex -143.329 168.48 10
      vertex -143.329 168.48 0
    endloop
  endfacet
  facet normal 0.925755 0.378125 -0
    outer loop
      vertex -143.445 168.764 0
      vertex -143.445 168.764 10
      vertex -143.329 168.48 10
    endloop
  endfacet
  facet normal 0.367951 0.929845 0
    outer loop
      vertex -143.958 168.967 0
      vertex -143.445 168.764 10
      vertex -143.445 168.764 0
    endloop
  endfacet
  facet normal 0.367951 0.929845 -0
    outer loop
      vertex -143.958 168.967 0
      vertex -143.958 168.967 10
      vertex -143.445 168.764 10
    endloop
  endfacet
  facet normal -0.922721 0.385468 0
    outer loop
      vertex -144.664 167.277 0
      vertex -143.958 168.967 10
      vertex -143.958 168.967 0
    endloop
  endfacet
  facet normal -0.922721 0.385468 0
    outer loop
      vertex -144.664 167.277 0
      vertex -144.664 167.277 10
      vertex -143.958 168.967 10
    endloop
  endfacet
  facet normal -0.885514 -0.464612 0
    outer loop
      vertex -144.377 166.73 0
      vertex -144.664 167.277 10
      vertex -144.664 167.277 0
    endloop
  endfacet
  facet normal -0.885514 -0.464612 0
    outer loop
      vertex -144.377 166.73 0
      vertex -144.377 166.73 10
      vertex -144.664 167.277 10
    endloop
  endfacet
  facet normal -0.989143 0.146958 0
    outer loop
      vertex -144.403 166.555 0
      vertex -144.377 166.73 10
      vertex -144.377 166.73 0
    endloop
  endfacet
  facet normal -0.989143 0.146958 0
    outer loop
      vertex -144.403 166.555 0
      vertex -144.403 166.555 10
      vertex -144.377 166.73 10
    endloop
  endfacet
  facet normal -0.222155 0.975011 0
    outer loop
      vertex -144.561 166.519 0
      vertex -144.403 166.555 10
      vertex -144.403 166.555 0
    endloop
  endfacet
  facet normal -0.222155 0.975011 0
    outer loop
      vertex -144.561 166.519 0
      vertex -144.561 166.519 10
      vertex -144.403 166.555 10
    endloop
  endfacet
  facet normal 0.341303 0.939953 0
    outer loop
      vertex -145.076 166.706 0
      vertex -144.561 166.519 10
      vertex -144.561 166.519 0
    endloop
  endfacet
  facet normal 0.341303 0.939953 -0
    outer loop
      vertex -145.076 166.706 0
      vertex -145.076 166.706 10
      vertex -144.561 166.519 10
    endloop
  endfacet
  facet normal -0.491416 0.870925 0
    outer loop
      vertex -145.255 166.605 0
      vertex -145.076 166.706 10
      vertex -145.076 166.706 0
    endloop
  endfacet
  facet normal -0.491416 0.870925 0
    outer loop
      vertex -145.255 166.605 0
      vertex -145.255 166.605 10
      vertex -145.076 166.706 10
    endloop
  endfacet
  facet normal -0.998329 -0.057792 0
    outer loop
      vertex -145.204 165.724 0
      vertex -145.255 166.605 10
      vertex -145.255 166.605 0
    endloop
  endfacet
  facet normal -0.998329 -0.057792 0
    outer loop
      vertex -145.204 165.724 0
      vertex -145.204 165.724 10
      vertex -145.255 166.605 10
    endloop
  endfacet
  facet normal -0.632525 -0.77454 0
    outer loop
      vertex -144.435 165.096 0
      vertex -145.204 165.724 10
      vertex -145.204 165.724 0
    endloop
  endfacet
  facet normal -0.632525 -0.77454 0
    outer loop
      vertex -144.435 165.096 0
      vertex -144.435 165.096 10
      vertex -145.204 165.724 10
    endloop
  endfacet
  facet normal -0.966705 -0.255893 0
    outer loop
      vertex -144.39 164.926 0
      vertex -144.435 165.096 10
      vertex -144.435 165.096 0
    endloop
  endfacet
  facet normal -0.966705 -0.255893 0
    outer loop
      vertex -144.39 164.926 0
      vertex -144.39 164.926 10
      vertex -144.435 165.096 10
    endloop
  endfacet
  facet normal -0.41273 0.910853 0
    outer loop
      vertex -144.582 164.839 0
      vertex -144.39 164.926 10
      vertex -144.39 164.926 0
    endloop
  endfacet
  facet normal -0.41273 0.910853 0
    outer loop
      vertex -144.582 164.839 0
      vertex -144.582 164.839 10
      vertex -144.39 164.926 10
    endloop
  endfacet
  facet normal 0.348252 0.937401 0
    outer loop
      vertex -145.298 165.105 0
      vertex -144.582 164.839 10
      vertex -144.582 164.839 0
    endloop
  endfacet
  facet normal 0.348252 0.937401 -0
    outer loop
      vertex -145.298 165.105 0
      vertex -145.298 165.105 10
      vertex -144.582 164.839 10
    endloop
  endfacet
  facet normal -0.978575 -0.205888 0
    outer loop
      vertex -145.213 164.701 0
      vertex -145.298 165.105 10
      vertex -145.298 165.105 0
    endloop
  endfacet
  facet normal -0.978575 -0.205888 0
    outer loop
      vertex -145.213 164.701 0
      vertex -145.213 164.701 10
      vertex -145.298 165.105 10
    endloop
  endfacet
  facet normal -0.912874 0.408242 0
    outer loop
      vertex -145.285 164.54 0
      vertex -145.213 164.701 10
      vertex -145.213 164.701 0
    endloop
  endfacet
  facet normal -0.912874 0.408242 0
    outer loop
      vertex -145.285 164.54 0
      vertex -145.285 164.54 10
      vertex -145.213 164.701 10
    endloop
  endfacet
  facet normal 0.037709 0.999289 0
    outer loop
      vertex -145.444 164.546 0
      vertex -145.285 164.54 10
      vertex -145.285 164.54 0
    endloop
  endfacet
  facet normal 0.037709 0.999289 -0
    outer loop
      vertex -145.444 164.546 0
      vertex -145.444 164.546 10
      vertex -145.285 164.54 10
    endloop
  endfacet
  facet normal 0.561158 0.827708 0
    outer loop
      vertex -145.503 164.586 0
      vertex -145.444 164.546 10
      vertex -145.444 164.546 0
    endloop
  endfacet
  facet normal 0.561158 0.827708 -0
    outer loop
      vertex -145.503 164.586 0
      vertex -145.503 164.586 10
      vertex -145.444 164.546 10
    endloop
  endfacet
  facet normal -0.944282 0.329137 0
    outer loop
      vertex -145.648 164.17 0
      vertex -145.503 164.586 10
      vertex -145.503 164.586 0
    endloop
  endfacet
  facet normal -0.944282 0.329137 0
    outer loop
      vertex -145.648 164.17 0
      vertex -145.648 164.17 10
      vertex -145.503 164.586 10
    endloop
  endfacet
  facet normal -0.574823 0.818278 0
    outer loop
      vertex -145.769 164.085 0
      vertex -145.648 164.17 10
      vertex -145.648 164.17 0
    endloop
  endfacet
  facet normal -0.574823 0.818278 0
    outer loop
      vertex -145.769 164.085 0
      vertex -145.769 164.085 10
      vertex -145.648 164.17 10
    endloop
  endfacet
  facet normal -0.902773 -0.430117 0
    outer loop
      vertex -145.678 163.894 0
      vertex -145.769 164.085 10
      vertex -145.769 164.085 0
    endloop
  endfacet
  facet normal -0.902773 -0.430117 0
    outer loop
      vertex -145.678 163.894 0
      vertex -145.678 163.894 10
      vertex -145.769 164.085 10
    endloop
  endfacet
  facet normal -0.409414 -0.912349 0
    outer loop
      vertex -145.239 163.697 0
      vertex -145.678 163.894 10
      vertex -145.678 163.894 0
    endloop
  endfacet
  facet normal -0.409414 -0.912349 0
    outer loop
      vertex -145.239 163.697 0
      vertex -145.239 163.697 10
      vertex -145.678 163.894 10
    endloop
  endfacet
  facet normal -0.866845 -0.498578 0
    outer loop
      vertex -145.151 163.544 0
      vertex -145.239 163.697 10
      vertex -145.239 163.697 0
    endloop
  endfacet
  facet normal -0.866845 -0.498578 0
    outer loop
      vertex -145.151 163.544 0
      vertex -145.151 163.544 10
      vertex -145.239 163.697 10
    endloop
  endfacet
  facet normal -0.743012 0.669278 0
    outer loop
      vertex -145.269 163.413 0
      vertex -145.151 163.544 10
      vertex -145.151 163.544 0
    endloop
  endfacet
  facet normal -0.743012 0.669278 0
    outer loop
      vertex -145.269 163.413 0
      vertex -145.269 163.413 10
      vertex -145.151 163.544 10
    endloop
  endfacet
  facet normal -0.20909 0.977896 0
    outer loop
      vertex -145.877 163.283 0
      vertex -145.269 163.413 10
      vertex -145.269 163.413 0
    endloop
  endfacet
  facet normal -0.20909 0.977896 0
    outer loop
      vertex -145.877 163.283 0
      vertex -145.877 163.283 10
      vertex -145.269 163.413 10
    endloop
  endfacet
  facet normal -0.98546 -0.169907 0
    outer loop
      vertex -145.862 163.196 0
      vertex -145.877 163.283 10
      vertex -145.877 163.283 0
    endloop
  endfacet
  facet normal -0.98546 -0.169907 0
    outer loop
      vertex -145.862 163.196 0
      vertex -145.862 163.196 10
      vertex -145.877 163.283 10
    endloop
  endfacet
  facet normal -0.73175 0.681573 0
    outer loop
      vertex -146.025 163.021 0
      vertex -145.862 163.196 10
      vertex -145.862 163.196 0
    endloop
  endfacet
  facet normal -0.73175 0.681573 0
    outer loop
      vertex -146.025 163.021 0
      vertex -146.025 163.021 10
      vertex -145.862 163.196 10
    endloop
  endfacet
  facet normal 0.0995037 0.995037 0
    outer loop
      vertex -146.235 163.042 0
      vertex -146.025 163.021 10
      vertex -146.025 163.021 0
    endloop
  endfacet
  facet normal 0.0995037 0.995037 -0
    outer loop
      vertex -146.235 163.042 0
      vertex -146.235 163.042 10
      vertex -146.025 163.021 10
    endloop
  endfacet
  facet normal -0.833099 0.553123 0
    outer loop
      vertex -146.316 162.92 0
      vertex -146.235 163.042 10
      vertex -146.235 163.042 0
    endloop
  endfacet
  facet normal -0.833099 0.553123 0
    outer loop
      vertex -146.316 162.92 0
      vertex -146.316 162.92 10
      vertex -146.235 163.042 10
    endloop
  endfacet
  facet normal -0.888455 -0.458965 0
    outer loop
      vertex -146.207 162.709 0
      vertex -146.316 162.92 10
      vertex -146.316 162.92 0
    endloop
  endfacet
  facet normal -0.888455 -0.458965 0
    outer loop
      vertex -146.207 162.709 0
      vertex -146.207 162.709 10
      vertex -146.316 162.92 10
    endloop
  endfacet
  facet normal -0.913988 0.405742 0
    outer loop
      vertex -146.302 162.495 0
      vertex -146.207 162.709 10
      vertex -146.207 162.709 0
    endloop
  endfacet
  facet normal -0.913988 0.405742 0
    outer loop
      vertex -146.302 162.495 0
      vertex -146.302 162.495 10
      vertex -146.207 162.709 10
    endloop
  endfacet
  facet normal -0.254837 0.966984 0
    outer loop
      vertex -146.579 162.422 0
      vertex -146.302 162.495 10
      vertex -146.302 162.495 0
    endloop
  endfacet
  facet normal -0.254837 0.966984 0
    outer loop
      vertex -146.579 162.422 0
      vertex -146.579 162.422 10
      vertex -146.302 162.495 10
    endloop
  endfacet
  facet normal -0.971132 -0.238542 0
    outer loop
      vertex -146.354 161.506 0
      vertex -146.579 162.422 10
      vertex -146.579 162.422 0
    endloop
  endfacet
  facet normal -0.971132 -0.238542 0
    outer loop
      vertex -146.354 161.506 0
      vertex -146.354 161.506 10
      vertex -146.579 162.422 10
    endloop
  endfacet
  facet normal -0.999663 0.0259653 0
    outer loop
      vertex -146.356 161.429 0
      vertex -146.354 161.506 10
      vertex -146.354 161.506 0
    endloop
  endfacet
  facet normal -0.999663 0.0259653 0
    outer loop
      vertex -146.356 161.429 0
      vertex -146.356 161.429 10
      vertex -146.354 161.506 10
    endloop
  endfacet
  facet normal -0.962127 0.272603 0
    outer loop
      vertex -146.526 160.829 0
      vertex -146.356 161.429 10
      vertex -146.356 161.429 0
    endloop
  endfacet
  facet normal -0.962127 0.272603 0
    outer loop
      vertex -146.526 160.829 0
      vertex -146.526 160.829 10
      vertex -146.356 161.429 10
    endloop
  endfacet
  facet normal -0.619829 0.784737 0
    outer loop
      vertex -146.664 160.72 0
      vertex -146.526 160.829 10
      vertex -146.526 160.829 0
    endloop
  endfacet
  facet normal -0.619829 0.784737 0
    outer loop
      vertex -146.664 160.72 0
      vertex -146.664 160.72 10
      vertex -146.526 160.829 10
    endloop
  endfacet
  facet normal 0.61714 0.786853 0
    outer loop
      vertex -146.817 160.84 0
      vertex -146.664 160.72 10
      vertex -146.664 160.72 0
    endloop
  endfacet
  facet normal 0.61714 0.786853 -0
    outer loop
      vertex -146.817 160.84 0
      vertex -146.817 160.84 10
      vertex -146.664 160.72 10
    endloop
  endfacet
  facet normal 0.979463 0.201623 0
    outer loop
      vertex -147.007 161.763 0
      vertex -146.817 160.84 10
      vertex -146.817 160.84 0
    endloop
  endfacet
  facet normal 0.979463 0.201623 -0
    outer loop
      vertex -147.007 161.763 0
      vertex -147.007 161.763 10
      vertex -146.817 160.84 10
    endloop
  endfacet
  facet normal 0.682137 0.731224 0
    outer loop
      vertex -147.439 162.166 0
      vertex -147.007 161.763 10
      vertex -147.007 161.763 0
    endloop
  endfacet
  facet normal 0.682137 0.731224 -0
    outer loop
      vertex -147.439 162.166 0
      vertex -147.439 162.166 10
      vertex -147.007 161.763 10
    endloop
  endfacet
  facet normal -0.847914 0.530134 0
    outer loop
      vertex -148.143 161.04 0
      vertex -147.439 162.166 10
      vertex -147.439 162.166 0
    endloop
  endfacet
  facet normal -0.847914 0.530134 0
    outer loop
      vertex -148.143 161.04 0
      vertex -148.143 161.04 10
      vertex -147.439 162.166 10
    endloop
  endfacet
  facet normal -0.699625 0.71451 0
    outer loop
      vertex -148.191 160.993 0
      vertex -148.143 161.04 10
      vertex -148.143 161.04 0
    endloop
  endfacet
  facet normal -0.699625 0.71451 0
    outer loop
      vertex -148.191 160.993 0
      vertex -148.191 160.993 10
      vertex -148.143 161.04 10
    endloop
  endfacet
  facet normal -0.528622 0.848858 0
    outer loop
      vertex -150.02 159.854 0
      vertex -148.191 160.993 10
      vertex -148.191 160.993 0
    endloop
  endfacet
  facet normal -0.528622 0.848858 0
    outer loop
      vertex -150.02 159.854 0
      vertex -150.02 159.854 10
      vertex -148.191 160.993 10
    endloop
  endfacet
  facet normal -0.966362 0.257186 0
    outer loop
      vertex -150.255 158.971 0
      vertex -150.02 159.854 10
      vertex -150.02 159.854 0
    endloop
  endfacet
  facet normal -0.966362 0.257186 0
    outer loop
      vertex -150.255 158.971 0
      vertex -150.255 158.971 10
      vertex -150.02 159.854 10
    endloop
  endfacet
  facet normal -0.629524 0.776981 0
    outer loop
      vertex -150.392 158.86 0
      vertex -150.255 158.971 10
      vertex -150.255 158.971 0
    endloop
  endfacet
  facet normal -0.629524 0.776981 0
    outer loop
      vertex -150.392 158.86 0
      vertex -150.392 158.86 10
      vertex -150.255 158.971 10
    endloop
  endfacet
  facet normal 0.651984 0.758233 0
    outer loop
      vertex -150.549 158.995 0
      vertex -150.392 158.86 10
      vertex -150.392 158.86 0
    endloop
  endfacet
  facet normal 0.651984 0.758233 -0
    outer loop
      vertex -150.549 158.995 0
      vertex -150.549 158.995 10
      vertex -150.392 158.86 10
    endloop
  endfacet
  facet normal 0.995278 0.0970627 0
    outer loop
      vertex -150.675 160.287 0
      vertex -150.549 158.995 10
      vertex -150.549 158.995 0
    endloop
  endfacet
  facet normal 0.995278 0.0970627 -0
    outer loop
      vertex -150.675 160.287 0
      vertex -150.675 160.287 10
      vertex -150.549 158.995 10
    endloop
  endfacet
  facet normal -0.854401 0.519615 0
    outer loop
      vertex -151.122 159.552 0
      vertex -150.675 160.287 10
      vertex -150.675 160.287 0
    endloop
  endfacet
  facet normal -0.854401 0.519615 0
    outer loop
      vertex -151.122 159.552 0
      vertex -151.122 159.552 10
      vertex -150.675 160.287 10
    endloop
  endfacet
  facet normal -0.387039 0.922063 0
    outer loop
      vertex -151.284 159.484 0
      vertex -151.122 159.552 10
      vertex -151.122 159.552 0
    endloop
  endfacet
  facet normal -0.387039 0.922063 0
    outer loop
      vertex -151.284 159.484 0
      vertex -151.284 159.484 10
      vertex -151.122 159.552 10
    endloop
  endfacet
  facet normal 0.919359 0.393419 0
    outer loop
      vertex -151.379 159.706 0
      vertex -151.284 159.484 10
      vertex -151.284 159.484 0
    endloop
  endfacet
  facet normal 0.919359 0.393419 -0
    outer loop
      vertex -151.379 159.706 0
      vertex -151.379 159.706 10
      vertex -151.284 159.484 10
    endloop
  endfacet
  facet normal 0.860898 -0.508778 0
    outer loop
      vertex -151.025 160.305 0
      vertex -151.379 159.706 10
      vertex -151.379 159.706 0
    endloop
  endfacet
  facet normal 0.860898 -0.508778 0
    outer loop
      vertex -151.025 160.305 0
      vertex -151.025 160.305 10
      vertex -151.379 159.706 10
    endloop
  endfacet
  facet normal 0.937509 0.34796 0
    outer loop
      vertex -151.218 160.825 0
      vertex -151.025 160.305 10
      vertex -151.025 160.305 0
    endloop
  endfacet
  facet normal 0.937509 0.34796 -0
    outer loop
      vertex -151.218 160.825 0
      vertex -151.218 160.825 10
      vertex -151.025 160.305 10
    endloop
  endfacet
  facet normal -0.71623 0.697865 0
    outer loop
      vertex -151.37 160.669 0
      vertex -151.218 160.825 10
      vertex -151.218 160.825 0
    endloop
  endfacet
  facet normal -0.71623 0.697865 0
    outer loop
      vertex -151.37 160.669 0
      vertex -151.37 160.669 10
      vertex -151.218 160.825 10
    endloop
  endfacet
  facet normal -0.941507 0.336994 0
    outer loop
      vertex -151.889 159.219 0
      vertex -151.37 160.669 10
      vertex -151.37 160.669 0
    endloop
  endfacet
  facet normal -0.941507 0.336994 0
    outer loop
      vertex -151.889 159.219 0
      vertex -151.889 159.219 10
      vertex -151.37 160.669 10
    endloop
  endfacet
  facet normal -0.736443 0.6765 0
    outer loop
      vertex -151.968 159.133 0
      vertex -151.889 159.219 10
      vertex -151.889 159.219 0
    endloop
  endfacet
  facet normal -0.736443 0.6765 0
    outer loop
      vertex -151.968 159.133 0
      vertex -151.968 159.133 10
      vertex -151.889 159.219 10
    endloop
  endfacet
  facet normal -0.412815 0.910815 0
    outer loop
      vertex -153.358 158.503 0
      vertex -151.968 159.133 10
      vertex -151.968 159.133 0
    endloop
  endfacet
  facet normal -0.412815 0.910815 0
    outer loop
      vertex -153.358 158.503 0
      vertex -153.358 158.503 10
      vertex -151.968 159.133 10
    endloop
  endfacet
  facet normal 0.203728 0.979027 0
    outer loop
      vertex -153.531 158.539 0
      vertex -153.358 158.503 10
      vertex -153.358 158.503 0
    endloop
  endfacet
  facet normal 0.203728 0.979027 -0
    outer loop
      vertex -153.531 158.539 0
      vertex -153.531 158.539 10
      vertex -153.358 158.503 10
    endloop
  endfacet
  facet normal 0.988073 -0.153985 0
    outer loop
      vertex -153.495 158.77 0
      vertex -153.531 158.539 10
      vertex -153.531 158.539 0
    endloop
  endfacet
  facet normal 0.988073 -0.153985 0
    outer loop
      vertex -153.495 158.77 0
      vertex -153.495 158.77 10
      vertex -153.531 158.539 10
    endloop
  endfacet
  facet normal 0.498169 -0.86708 0
    outer loop
      vertex -152.254 159.483 0
      vertex -153.495 158.77 10
      vertex -153.495 158.77 0
    endloop
  endfacet
  facet normal 0.498169 -0.86708 0
    outer loop
      vertex -152.254 159.483 0
      vertex -152.254 159.483 10
      vertex -153.495 158.77 10
    endloop
  endfacet
  facet normal 0.821614 -0.570045 0
    outer loop
      vertex -152.041 159.79 0
      vertex -152.254 159.483 10
      vertex -152.254 159.483 0
    endloop
  endfacet
  facet normal 0.821614 -0.570045 0
    outer loop
      vertex -152.041 159.79 0
      vertex -152.041 159.79 10
      vertex -152.254 159.483 10
    endloop
  endfacet
  facet normal 0.979488 -0.201503 0
    outer loop
      vertex -151.775 161.083 0
      vertex -152.041 159.79 10
      vertex -152.041 159.79 0
    endloop
  endfacet
  facet normal 0.979488 -0.201503 0
    outer loop
      vertex -151.775 161.083 0
      vertex -151.775 161.083 10
      vertex -152.041 159.79 10
    endloop
  endfacet
  facet normal 0.956316 0.292336 0
    outer loop
      vertex -152.092 162.12 0
      vertex -151.775 161.083 10
      vertex -151.775 161.083 0
    endloop
  endfacet
  facet normal 0.956316 0.292336 -0
    outer loop
      vertex -152.092 162.12 0
      vertex -152.092 162.12 10
      vertex -151.775 161.083 10
    endloop
  endfacet
  facet normal 0.70196 0.712216 0
    outer loop
      vertex -152.717 162.736 0
      vertex -152.092 162.12 10
      vertex -152.092 162.12 0
    endloop
  endfacet
  facet normal 0.70196 0.712216 -0
    outer loop
      vertex -152.717 162.736 0
      vertex -152.717 162.736 10
      vertex -152.092 162.12 10
    endloop
  endfacet
  facet normal -0.0707623 0.997493 0
    outer loop
      vertex -153.887 162.653 0
      vertex -152.717 162.736 10
      vertex -152.717 162.736 0
    endloop
  endfacet
  facet normal -0.0707623 0.997493 0
    outer loop
      vertex -153.887 162.653 0
      vertex -153.887 162.653 10
      vertex -152.717 162.736 10
    endloop
  endfacet
  facet normal -0.585358 0.810775 0
    outer loop
      vertex -155.002 161.848 0
      vertex -153.887 162.653 10
      vertex -153.887 162.653 0
    endloop
  endfacet
  facet normal -0.585358 0.810775 0
    outer loop
      vertex -155.002 161.848 0
      vertex -155.002 161.848 10
      vertex -153.887 162.653 10
    endloop
  endfacet
  facet normal -0.134481 0.990916 0
    outer loop
      vertex -155.142 161.829 0
      vertex -155.002 161.848 10
      vertex -155.002 161.848 0
    endloop
  endfacet
  facet normal -0.134481 0.990916 0
    outer loop
      vertex -155.142 161.829 0
      vertex -155.142 161.829 10
      vertex -155.002 161.848 10
    endloop
  endfacet
  facet normal 0.347314 0.937749 0
    outer loop
      vertex -155.952 162.129 0
      vertex -155.142 161.829 10
      vertex -155.142 161.829 0
    endloop
  endfacet
  facet normal 0.347314 0.937749 -0
    outer loop
      vertex -155.952 162.129 0
      vertex -155.952 162.129 10
      vertex -155.142 161.829 10
    endloop
  endfacet
  facet normal 0.83205 0.5547 0
    outer loop
      vertex -156.05 162.276 0
      vertex -155.952 162.129 10
      vertex -155.952 162.129 0
    endloop
  endfacet
  facet normal 0.83205 0.5547 -0
    outer loop
      vertex -156.05 162.276 0
      vertex -156.05 162.276 10
      vertex -155.952 162.129 10
    endloop
  endfacet
  facet normal 0.866906 -0.498471 0
    outer loop
      vertex -155.981 162.396 0
      vertex -156.05 162.276 10
      vertex -156.05 162.276 0
    endloop
  endfacet
  facet normal 0.866906 -0.498471 0
    outer loop
      vertex -155.981 162.396 0
      vertex -155.981 162.396 10
      vertex -156.05 162.276 10
    endloop
  endfacet
  facet normal 0.539411 -0.842042 0
    outer loop
      vertex -155.38 162.781 0
      vertex -155.981 162.396 10
      vertex -155.981 162.396 0
    endloop
  endfacet
  facet normal 0.539411 -0.842042 0
    outer loop
      vertex -155.38 162.781 0
      vertex -155.38 162.781 10
      vertex -155.981 162.396 10
    endloop
  endfacet
  facet normal 0.922441 -0.386138 0
    outer loop
      vertex -155.218 163.168 0
      vertex -155.38 162.781 10
      vertex -155.38 162.781 0
    endloop
  endfacet
  facet normal 0.922441 -0.386138 0
    outer loop
      vertex -155.218 163.168 0
      vertex -155.218 163.168 10
      vertex -155.38 162.781 10
    endloop
  endfacet
  facet normal 0.518681 -0.854968 0
    outer loop
      vertex -155.068 163.259 0
      vertex -155.218 163.168 10
      vertex -155.218 163.168 0
    endloop
  endfacet
  facet normal 0.518681 -0.854968 0
    outer loop
      vertex -155.068 163.259 0
      vertex -155.068 163.259 10
      vertex -155.218 163.168 10
    endloop
  endfacet
  facet normal -0.544988 -0.838444 0
    outer loop
      vertex -154.948 163.181 0
      vertex -155.068 163.259 10
      vertex -155.068 163.259 0
    endloop
  endfacet
  facet normal -0.544988 -0.838444 0
    outer loop
      vertex -154.948 163.181 0
      vertex -154.948 163.181 10
      vertex -155.068 163.259 10
    endloop
  endfacet
  facet normal -0.88148 -0.472221 0
    outer loop
      vertex -154.723 162.761 0
      vertex -154.948 163.181 10
      vertex -154.948 163.181 0
    endloop
  endfacet
  facet normal -0.88148 -0.472221 0
    outer loop
      vertex -154.723 162.761 0
      vertex -154.723 162.761 10
      vertex -154.948 163.181 10
    endloop
  endfacet
  facet normal 0.628337 -0.777941 0
    outer loop
      vertex -154.645 162.824 0
      vertex -154.723 162.761 10
      vertex -154.723 162.761 0
    endloop
  endfacet
  facet normal 0.628337 -0.777941 0
    outer loop
      vertex -154.645 162.824 0
      vertex -154.645 162.824 10
      vertex -154.723 162.761 10
    endloop
  endfacet
  facet normal 0.976774 -0.214271 0
    outer loop
      vertex -154.278 164.497 0
      vertex -154.645 162.824 10
      vertex -154.645 162.824 0
    endloop
  endfacet
  facet normal 0.976774 -0.214271 0
    outer loop
      vertex -154.278 164.497 0
      vertex -154.278 164.497 10
      vertex -154.645 162.824 10
    endloop
  endfacet
  facet normal 0.220855 0.975307 0
    outer loop
      vertex -154.883 164.634 0
      vertex -154.278 164.497 10
      vertex -154.278 164.497 0
    endloop
  endfacet
  facet normal 0.220855 0.975307 -0
    outer loop
      vertex -154.883 164.634 0
      vertex -154.883 164.634 10
      vertex -154.278 164.497 10
    endloop
  endfacet
  facet normal 0.826744 0.562578 0
    outer loop
      vertex -154.998 164.803 0
      vertex -154.883 164.634 10
      vertex -154.883 164.634 0
    endloop
  endfacet
  facet normal 0.826744 0.562578 -0
    outer loop
      vertex -154.998 164.803 0
      vertex -154.998 164.803 10
      vertex -154.883 164.634 10
    endloop
  endfacet
  facet normal 0.987886 -0.15518 0
    outer loop
      vertex -154.774 166.229 0
      vertex -154.998 164.803 10
      vertex -154.998 164.803 0
    endloop
  endfacet
  facet normal 0.987886 -0.15518 0
    outer loop
      vertex -154.774 166.229 0
      vertex -154.774 166.229 10
      vertex -154.998 164.803 10
    endloop
  endfacet
  facet normal 0.953839 0.300319 0
    outer loop
      vertex -155.075 167.185 0
      vertex -154.774 166.229 10
      vertex -154.774 166.229 0
    endloop
  endfacet
  facet normal 0.953839 0.300319 -0
    outer loop
      vertex -155.075 167.185 0
      vertex -155.075 167.185 10
      vertex -154.774 166.229 10
    endloop
  endfacet
  facet normal 0.145995 0.989285 0
    outer loop
      vertex -156.952 167.462 0
      vertex -155.075 167.185 10
      vertex -155.075 167.185 0
    endloop
  endfacet
  facet normal 0.145995 0.989285 -0
    outer loop
      vertex -156.952 167.462 0
      vertex -156.952 167.462 10
      vertex -155.075 167.185 10
    endloop
  endfacet
  facet normal 0.612997 0.790085 0
    outer loop
      vertex -157.068 167.552 0
      vertex -156.952 167.462 10
      vertex -156.952 167.462 0
    endloop
  endfacet
  facet normal 0.612997 0.790085 -0
    outer loop
      vertex -157.068 167.552 0
      vertex -157.068 167.552 10
      vertex -156.952 167.462 10
    endloop
  endfacet
  facet normal 0.921635 0.388057 0
    outer loop
      vertex -157.148 167.742 0
      vertex -157.068 167.552 10
      vertex -157.068 167.552 0
    endloop
  endfacet
  facet normal 0.921635 0.388057 -0
    outer loop
      vertex -157.148 167.742 0
      vertex -157.148 167.742 10
      vertex -157.068 167.552 10
    endloop
  endfacet
  facet normal 0.973715 -0.22777 0
    outer loop
      vertex -157.108 167.913 0
      vertex -157.148 167.742 10
      vertex -157.148 167.742 0
    endloop
  endfacet
  facet normal 0.973715 -0.22777 0
    outer loop
      vertex -157.108 167.913 0
      vertex -157.108 167.913 10
      vertex -157.148 167.742 10
    endloop
  endfacet
  facet normal 0.341003 -0.940062 0
    outer loop
      vertex -157.006 167.95 0
      vertex -157.108 167.913 10
      vertex -157.108 167.913 0
    endloop
  endfacet
  facet normal 0.341003 -0.940062 0
    outer loop
      vertex -157.006 167.95 0
      vertex -157.006 167.95 10
      vertex -157.108 167.913 10
    endloop
  endfacet
  facet normal -0.0258363 -0.999666 0
    outer loop
      vertex -155.497 167.911 0
      vertex -157.006 167.95 10
      vertex -157.006 167.95 0
    endloop
  endfacet
  facet normal -0.0258363 -0.999666 0
    outer loop
      vertex -155.497 167.911 0
      vertex -155.497 167.911 10
      vertex -157.006 167.95 10
    endloop
  endfacet
  facet normal 0.37647 -0.926429 0
    outer loop
      vertex -154.963 168.128 0
      vertex -155.497 167.911 10
      vertex -155.497 167.911 0
    endloop
  endfacet
  facet normal 0.37647 -0.926429 0
    outer loop
      vertex -154.963 168.128 0
      vertex -154.963 168.128 10
      vertex -155.497 167.911 10
    endloop
  endfacet
  facet normal 0.98387 -0.178885 0
    outer loop
      vertex -154.883 168.568 0
      vertex -154.963 168.128 10
      vertex -154.963 168.128 0
    endloop
  endfacet
  facet normal 0.98387 -0.178885 0
    outer loop
      vertex -154.883 168.568 0
      vertex -154.883 168.568 10
      vertex -154.963 168.128 10
    endloop
  endfacet
  facet normal 0.97878 0.204915 0
    outer loop
      vertex -155.147 169.829 0
      vertex -154.883 168.568 10
      vertex -154.883 168.568 0
    endloop
  endfacet
  facet normal 0.97878 0.204915 -0
    outer loop
      vertex -155.147 169.829 0
      vertex -155.147 169.829 10
      vertex -154.883 168.568 10
    endloop
  endfacet
  facet normal 0.99958 -0.0289733 0
    outer loop
      vertex -155.145 169.898 0
      vertex -155.147 169.829 10
      vertex -155.147 169.829 0
    endloop
  endfacet
  facet normal 0.99958 -0.0289733 0
    outer loop
      vertex -155.145 169.898 0
      vertex -155.145 169.898 10
      vertex -155.147 169.829 10
    endloop
  endfacet
  facet normal 0.967617 -0.252422 0
    outer loop
      vertex -154.905 170.818 0
      vertex -155.145 169.898 10
      vertex -155.145 169.898 0
    endloop
  endfacet
  facet normal 0.967617 -0.252422 0
    outer loop
      vertex -154.905 170.818 0
      vertex -154.905 170.818 10
      vertex -155.145 169.898 10
    endloop
  endfacet
  facet normal 0.901252 -0.433294 0
    outer loop
      vertex -154.88 170.87 0
      vertex -154.905 170.818 10
      vertex -154.905 170.818 0
    endloop
  endfacet
  facet normal 0.901252 -0.433294 0
    outer loop
      vertex -154.88 170.87 0
      vertex -154.88 170.87 10
      vertex -154.905 170.818 10
    endloop
  endfacet
  facet normal 0.801171 -0.598436 0
    outer loop
      vertex -154.39 171.526 0
      vertex -154.88 170.87 10
      vertex -154.88 170.87 0
    endloop
  endfacet
  facet normal 0.801171 -0.598436 0
    outer loop
      vertex -154.39 171.526 0
      vertex -154.39 171.526 10
      vertex -154.88 170.87 10
    endloop
  endfacet
  facet normal 0.980581 0.196116 0
    outer loop
      vertex -154.513 172.141 0
      vertex -154.39 171.526 10
      vertex -154.39 171.526 0
    endloop
  endfacet
  facet normal 0.980581 0.196116 -0
    outer loop
      vertex -154.513 172.141 0
      vertex -154.513 172.141 10
      vertex -154.39 171.526 10
    endloop
  endfacet
  facet normal 0.462307 0.88672 0
    outer loop
      vertex -154.63 172.202 0
      vertex -154.513 172.141 10
      vertex -154.513 172.141 0
    endloop
  endfacet
  facet normal 0.462307 0.88672 -0
    outer loop
      vertex -154.63 172.202 0
      vertex -154.63 172.202 10
      vertex -154.513 172.141 10
    endloop
  endfacet
  facet normal -0.955918 0.293634 0
    outer loop
      vertex -154.767 171.756 0
      vertex -154.63 172.202 10
      vertex -154.63 172.202 0
    endloop
  endfacet
  facet normal -0.955918 0.293634 0
    outer loop
      vertex -154.767 171.756 0
      vertex -154.767 171.756 10
      vertex -154.63 172.202 10
    endloop
  endfacet
  facet normal -0.741351 0.671118 0
    outer loop
      vertex -154.853 171.661 0
      vertex -154.767 171.756 10
      vertex -154.767 171.756 0
    endloop
  endfacet
  facet normal -0.741351 0.671118 0
    outer loop
      vertex -154.853 171.661 0
      vertex -154.853 171.661 10
      vertex -154.767 171.756 10
    endloop
  endfacet
  facet normal -0.381488 0.924374 0
    outer loop
      vertex -155.483 171.401 0
      vertex -154.853 171.661 10
      vertex -154.853 171.661 0
    endloop
  endfacet
  facet normal -0.381488 0.924374 0
    outer loop
      vertex -155.483 171.401 0
      vertex -155.483 171.401 10
      vertex -154.853 171.661 10
    endloop
  endfacet
  facet normal 0.294086 0.955779 0
    outer loop
      vertex -155.665 171.457 0
      vertex -155.483 171.401 10
      vertex -155.483 171.401 0
    endloop
  endfacet
  facet normal 0.294086 0.955779 -0
    outer loop
      vertex -155.665 171.457 0
      vertex -155.665 171.457 10
      vertex -155.483 171.401 10
    endloop
  endfacet
  facet normal 0.8349 0.550402 0
    outer loop
      vertex -156.257 172.355 0
      vertex -155.665 171.457 10
      vertex -155.665 171.457 0
    endloop
  endfacet
  facet normal 0.8349 0.550402 -0
    outer loop
      vertex -156.257 172.355 0
      vertex -156.257 172.355 10
      vertex -155.665 171.457 10
    endloop
  endfacet
  facet normal -0.0614052 0.998113 0
    outer loop
      vertex -157.151 172.3 0
      vertex -156.257 172.355 10
      vertex -156.257 172.355 0
    endloop
  endfacet
  facet normal -0.0614052 0.998113 0
    outer loop
      vertex -157.151 172.3 0
      vertex -157.151 172.3 10
      vertex -156.257 172.355 10
    endloop
  endfacet
  facet normal 0.114624 0.993409 0
    outer loop
      vertex -157.203 172.306 0
      vertex -157.151 172.3 10
      vertex -157.151 172.3 0
    endloop
  endfacet
  facet normal 0.114624 0.993409 -0
    outer loop
      vertex -157.203 172.306 0
      vertex -157.203 172.306 10
      vertex -157.151 172.3 10
    endloop
  endfacet
  facet normal 0.288474 0.957488 0
    outer loop
      vertex -158.763 172.776 0
      vertex -157.203 172.306 10
      vertex -157.203 172.306 0
    endloop
  endfacet
  facet normal 0.288474 0.957488 -0
    outer loop
      vertex -158.763 172.776 0
      vertex -158.763 172.776 10
      vertex -157.203 172.306 10
    endloop
  endfacet
  facet normal 0.543741 0.839253 0
    outer loop
      vertex -158.834 172.822 0
      vertex -158.763 172.776 10
      vertex -158.763 172.776 0
    endloop
  endfacet
  facet normal 0.543741 0.839253 -0
    outer loop
      vertex -158.834 172.822 0
      vertex -158.834 172.822 10
      vertex -158.763 172.776 10
    endloop
  endfacet
  facet normal 0.759902 0.650037 0
    outer loop
      vertex -159.544 173.652 0
      vertex -158.834 172.822 10
      vertex -158.834 172.822 0
    endloop
  endfacet
  facet normal 0.759902 0.650037 -0
    outer loop
      vertex -159.544 173.652 0
      vertex -159.544 173.652 10
      vertex -158.834 172.822 10
    endloop
  endfacet
  facet normal 0.997344 0.0728397 0
    outer loop
      vertex -159.557 173.83 0
      vertex -159.544 173.652 10
      vertex -159.544 173.652 0
    endloop
  endfacet
  facet normal 0.997344 0.0728397 -0
    outer loop
      vertex -159.557 173.83 0
      vertex -159.557 173.83 10
      vertex -159.544 173.652 10
    endloop
  endfacet
  facet normal 0.847998 -0.529999 0
    outer loop
      vertex -159.447 174.006 0
      vertex -159.557 173.83 10
      vertex -159.557 173.83 0
    endloop
  endfacet
  facet normal 0.847998 -0.529999 0
    outer loop
      vertex -159.447 174.006 0
      vertex -159.447 174.006 10
      vertex -159.557 173.83 10
    endloop
  endfacet
  facet normal 0.247598 0.968863 0
    outer loop
      vertex -159.717 174.075 0
      vertex -159.447 174.006 10
      vertex -159.447 174.006 0
    endloop
  endfacet
  facet normal 0.247598 0.968863 -0
    outer loop
      vertex -159.717 174.075 0
      vertex -159.717 174.075 10
      vertex -159.447 174.006 10
    endloop
  endfacet
  facet normal 0.921083 0.389367 0
    outer loop
      vertex -159.81 174.295 0
      vertex -159.717 174.075 10
      vertex -159.717 174.075 0
    endloop
  endfacet
  facet normal 0.921083 0.389367 -0
    outer loop
      vertex -159.81 174.295 0
      vertex -159.81 174.295 10
      vertex -159.717 174.075 10
    endloop
  endfacet
  facet normal 0.8659 -0.500216 0
    outer loop
      vertex -159.401 175.003 0
      vertex -159.81 174.295 10
      vertex -159.81 174.295 0
    endloop
  endfacet
  facet normal 0.8659 -0.500216 0
    outer loop
      vertex -159.401 175.003 0
      vertex -159.401 175.003 10
      vertex -159.81 174.295 10
    endloop
  endfacet
  facet normal 0.550881 0.834584 0
    outer loop
      vertex -159.704 175.203 0
      vertex -159.401 175.003 10
      vertex -159.401 175.003 0
    endloop
  endfacet
  facet normal 0.550881 0.834584 -0
    outer loop
      vertex -159.704 175.203 0
      vertex -159.704 175.203 10
      vertex -159.401 175.003 10
    endloop
  endfacet
  facet normal -0.515937 0.856627 0
    outer loop
      vertex -160.403 174.782 0
      vertex -159.704 175.203 10
      vertex -159.704 175.203 0
    endloop
  endfacet
  facet normal -0.515937 0.856627 0
    outer loop
      vertex -160.403 174.782 0
      vertex -160.403 174.782 10
      vertex -159.704 175.203 10
    endloop
  endfacet
  facet normal 0.0854011 0.996347 0
    outer loop
      vertex -160.578 174.797 0
      vertex -160.403 174.782 10
      vertex -160.403 174.782 0
    endloop
  endfacet
  facet normal 0.0854011 0.996347 -0
    outer loop
      vertex -160.578 174.797 0
      vertex -160.578 174.797 10
      vertex -160.403 174.782 10
    endloop
  endfacet
  facet normal 0.997827 0.0658942 0
    outer loop
      vertex -160.592 175.009 0
      vertex -160.578 174.797 10
      vertex -160.578 174.797 0
    endloop
  endfacet
  facet normal 0.997827 0.0658942 -0
    outer loop
      vertex -160.592 175.009 0
      vertex -160.592 175.009 10
      vertex -160.578 174.797 10
    endloop
  endfacet
  facet normal 0.749473 -0.662035 0
    outer loop
      vertex -160.274 175.369 0
      vertex -160.592 175.009 10
      vertex -160.592 175.009 0
    endloop
  endfacet
  facet normal 0.749473 -0.662035 0
    outer loop
      vertex -160.274 175.369 0
      vertex -160.274 175.369 10
      vertex -160.592 175.009 10
    endloop
  endfacet
  facet normal 0.865964 0.500106 0
    outer loop
      vertex -160.613 175.956 0
      vertex -160.274 175.369 10
      vertex -160.274 175.369 0
    endloop
  endfacet
  facet normal 0.865964 0.500106 -0
    outer loop
      vertex -160.613 175.956 0
      vertex -160.613 175.956 10
      vertex -160.274 175.369 10
    endloop
  endfacet
  facet normal 0.569881 0.821727 0
    outer loop
      vertex -161.122 176.309 0
      vertex -160.613 175.956 10
      vertex -160.613 175.956 0
    endloop
  endfacet
  facet normal 0.569881 0.821727 -0
    outer loop
      vertex -161.122 176.309 0
      vertex -161.122 176.309 10
      vertex -160.613 175.956 10
    endloop
  endfacet
  facet normal -0.551647 0.834077 0
    outer loop
      vertex -161.627 175.975 0
      vertex -161.122 176.309 10
      vertex -161.122 176.309 0
    endloop
  endfacet
  facet normal -0.551647 0.834077 0
    outer loop
      vertex -161.627 175.975 0
      vertex -161.627 175.975 10
      vertex -161.122 176.309 10
    endloop
  endfacet
  facet normal 0.0454077 0.998969 0
    outer loop
      vertex -161.803 175.983 0
      vertex -161.627 175.975 10
      vertex -161.627 175.975 0
    endloop
  endfacet
  facet normal 0.0454077 0.998969 -0
    outer loop
      vertex -161.803 175.983 0
      vertex -161.803 175.983 10
      vertex -161.627 175.975 10
    endloop
  endfacet
  facet normal 0.961088 0.276241 0
    outer loop
      vertex -161.851 176.15 0
      vertex -161.803 175.983 10
      vertex -161.803 175.983 0
    endloop
  endfacet
  facet normal 0.961088 0.276241 -0
    outer loop
      vertex -161.851 176.15 0
      vertex -161.851 176.15 10
      vertex -161.803 175.983 10
    endloop
  endfacet
  facet normal 0.94324 -0.332111 0
    outer loop
      vertex -161.557 176.985 0
      vertex -161.851 176.15 10
      vertex -161.851 176.15 0
    endloop
  endfacet
  facet normal 0.94324 -0.332111 0
    outer loop
      vertex -161.557 176.985 0
      vertex -161.557 176.985 10
      vertex -161.851 176.15 10
    endloop
  endfacet
  facet normal 0.962345 0.271831 0
    outer loop
      vertex -161.644 177.293 0
      vertex -161.557 176.985 10
      vertex -161.557 176.985 0
    endloop
  endfacet
  facet normal 0.962345 0.271831 -0
    outer loop
      vertex -161.644 177.293 0
      vertex -161.644 177.293 10
      vertex -161.557 176.985 10
    endloop
  endfacet
  facet normal 0.0219383 0.999759 0
    outer loop
      vertex -161.963 177.3 0
      vertex -161.644 177.293 10
      vertex -161.644 177.293 0
    endloop
  endfacet
  facet normal 0.0219383 0.999759 -0
    outer loop
      vertex -161.963 177.3 0
      vertex -161.963 177.3 10
      vertex -161.644 177.293 10
    endloop
  endfacet
  facet normal 0.369755 0.929129 0
    outer loop
      vertex -162.061 177.339 0
      vertex -161.963 177.3 10
      vertex -161.963 177.3 0
    endloop
  endfacet
  facet normal 0.369755 0.929129 -0
    outer loop
      vertex -162.061 177.339 0
      vertex -162.061 177.339 10
      vertex -161.963 177.3 10
    endloop
  endfacet
  facet normal 0.671934 0.740611 0
    outer loop
      vertex -163.808 178.924 0
      vertex -162.061 177.339 10
      vertex -162.061 177.339 0
    endloop
  endfacet
  facet normal 0.671934 0.740611 -0
    outer loop
      vertex -163.808 178.924 0
      vertex -163.808 178.924 10
      vertex -162.061 177.339 10
    endloop
  endfacet
  facet normal -0.516269 0.856426 0
    outer loop
      vertex -165.724 177.769 0
      vertex -163.808 178.924 10
      vertex -163.808 178.924 0
    endloop
  endfacet
  facet normal -0.516269 0.856426 0
    outer loop
      vertex -165.724 177.769 0
      vertex -165.724 177.769 10
      vertex -163.808 178.924 10
    endloop
  endfacet
  facet normal -0.997773 -0.0667035 0
    outer loop
      vertex -165.7 177.41 0
      vertex -165.724 177.769 10
      vertex -165.724 177.769 0
    endloop
  endfacet
  facet normal -0.997773 -0.0667035 0
    outer loop
      vertex -165.7 177.41 0
      vertex -165.7 177.41 10
      vertex -165.724 177.769 10
    endloop
  endfacet
  facet normal -0.845759 0.533566 0
    outer loop
      vertex -165.794 177.261 0
      vertex -165.7 177.41 10
      vertex -165.7 177.41 0
    endloop
  endfacet
  facet normal -0.845759 0.533566 0
    outer loop
      vertex -165.794 177.261 0
      vertex -165.794 177.261 10
      vertex -165.7 177.41 10
    endloop
  endfacet
  facet normal 0.150581 0.988598 0
    outer loop
      vertex -165.945 177.284 0
      vertex -165.794 177.261 10
      vertex -165.794 177.261 0
    endloop
  endfacet
  facet normal 0.150581 0.988598 -0
    outer loop
      vertex -165.945 177.284 0
      vertex -165.945 177.284 10
      vertex -165.794 177.261 10
    endloop
  endfacet
  facet normal 0.632242 0.774771 0
    outer loop
      vertex -166.793 177.976 0
      vertex -165.945 177.284 10
      vertex -165.945 177.284 0
    endloop
  endfacet
  facet normal 0.632242 0.774771 -0
    outer loop
      vertex -166.793 177.976 0
      vertex -166.793 177.976 10
      vertex -165.945 177.284 10
    endloop
  endfacet
  facet normal 0.311992 0.950085 0
    outer loop
      vertex -167.399 178.175 0
      vertex -166.793 177.976 10
      vertex -166.793 177.976 0
    endloop
  endfacet
  facet normal 0.311992 0.950085 -0
    outer loop
      vertex -167.399 178.175 0
      vertex -167.399 178.175 10
      vertex -166.793 177.976 10
    endloop
  endfacet
  facet normal -0.538672 0.842515 0
    outer loop
      vertex -168.339 177.574 0
      vertex -167.399 178.175 10
      vertex -167.399 178.175 0
    endloop
  endfacet
  facet normal -0.538672 0.842515 0
    outer loop
      vertex -168.339 177.574 0
      vertex -168.339 177.574 10
      vertex -167.399 178.175 10
    endloop
  endfacet
  facet normal 0.0567267 0.99839 0
    outer loop
      vertex -168.515 177.584 0
      vertex -168.339 177.574 10
      vertex -168.339 177.574 0
    endloop
  endfacet
  facet normal 0.0567267 0.99839 -0
    outer loop
      vertex -168.515 177.584 0
      vertex -168.515 177.584 10
      vertex -168.339 177.574 10
    endloop
  endfacet
  facet normal 0.992053 0.125821 0
    outer loop
      vertex -168.541 177.789 0
      vertex -168.515 177.584 10
      vertex -168.515 177.584 0
    endloop
  endfacet
  facet normal 0.992053 0.125821 -0
    outer loop
      vertex -168.541 177.789 0
      vertex -168.541 177.789 10
      vertex -168.515 177.584 10
    endloop
  endfacet
  facet normal 0.804884 -0.593432 0
    outer loop
      vertex -168.367 178.025 0
      vertex -168.541 177.789 10
      vertex -168.541 177.789 0
    endloop
  endfacet
  facet normal 0.804884 -0.593432 0
    outer loop
      vertex -168.367 178.025 0
      vertex -168.367 178.025 10
      vertex -168.541 177.789 10
    endloop
  endfacet
  facet normal 0.705323 0.708886 0
    outer loop
      vertex -168.566 178.223 0
      vertex -168.367 178.025 10
      vertex -168.367 178.025 0
    endloop
  endfacet
  facet normal 0.705323 0.708886 -0
    outer loop
      vertex -168.566 178.223 0
      vertex -168.566 178.223 10
      vertex -168.367 178.025 10
    endloop
  endfacet
  facet normal 0.393632 0.919268 0
    outer loop
      vertex -170.885 179.216 0
      vertex -168.566 178.223 10
      vertex -168.566 178.223 0
    endloop
  endfacet
  facet normal 0.393632 0.919268 -0
    outer loop
      vertex -170.885 179.216 0
      vertex -170.885 179.216 10
      vertex -168.566 178.223 10
    endloop
  endfacet
  facet normal 0.204715 0.978822 0
    outer loop
      vertex -171.913 179.431 0
      vertex -170.885 179.216 10
      vertex -170.885 179.216 0
    endloop
  endfacet
  facet normal 0.204715 0.978822 -0
    outer loop
      vertex -171.913 179.431 0
      vertex -171.913 179.431 10
      vertex -170.885 179.216 10
    endloop
  endfacet
  facet normal -0.518509 0.855072 0
    outer loop
      vertex -173.008 178.767 0
      vertex -171.913 179.431 10
      vertex -171.913 179.431 0
    endloop
  endfacet
  facet normal -0.518509 0.855072 0
    outer loop
      vertex -173.008 178.767 0
      vertex -173.008 178.767 10
      vertex -171.913 179.431 10
    endloop
  endfacet
  facet normal -0.798915 0.601445 0
    outer loop
      vertex -173.474 178.148 0
      vertex -173.008 178.767 10
      vertex -173.008 178.767 0
    endloop
  endfacet
  facet normal -0.798915 0.601445 0
    outer loop
      vertex -173.474 178.148 0
      vertex -173.474 178.148 10
      vertex -173.008 178.767 10
    endloop
  endfacet
  facet normal -0.993157 -0.116784 0
    outer loop
      vertex -173.236 176.124 0
      vertex -173.474 178.148 10
      vertex -173.474 178.148 0
    endloop
  endfacet
  facet normal -0.993157 -0.116784 0
    outer loop
      vertex -173.236 176.124 0
      vertex -173.236 176.124 10
      vertex -173.474 178.148 10
    endloop
  endfacet
  facet normal -0.752317 -0.658802 0
    outer loop
      vertex -172.137 174.869 0
      vertex -173.236 176.124 10
      vertex -173.236 176.124 0
    endloop
  endfacet
  facet normal -0.752317 -0.658802 0
    outer loop
      vertex -172.137 174.869 0
      vertex -172.137 174.869 10
      vertex -173.236 176.124 10
    endloop
  endfacet
  facet normal -0.999987 0.00502506 0
    outer loop
      vertex -172.138 174.67 0
      vertex -172.137 174.869 10
      vertex -172.137 174.869 0
    endloop
  endfacet
  facet normal -0.999987 0.00502506 0
    outer loop
      vertex -172.138 174.67 0
      vertex -172.138 174.67 10
      vertex -172.137 174.869 10
    endloop
  endfacet
  facet normal -0.745761 0.666213 0
    outer loop
      vertex -172.607 174.145 0
      vertex -172.138 174.67 10
      vertex -172.138 174.67 0
    endloop
  endfacet
  facet normal -0.745761 0.666213 0
    outer loop
      vertex -172.607 174.145 0
      vertex -172.607 174.145 10
      vertex -172.138 174.67 10
    endloop
  endfacet
  facet normal -0.991809 0.127733 0
    outer loop
      vertex -172.811 172.561 0
      vertex -172.607 174.145 10
      vertex -172.607 174.145 0
    endloop
  endfacet
  facet normal -0.991809 0.127733 0
    outer loop
      vertex -172.811 172.561 0
      vertex -172.811 172.561 10
      vertex -172.607 174.145 10
    endloop
  endfacet
  facet normal -0.937566 0.347807 0
    outer loop
      vertex -172.834 172.499 0
      vertex -172.811 172.561 10
      vertex -172.811 172.561 0
    endloop
  endfacet
  facet normal -0.937566 0.347807 0
    outer loop
      vertex -172.834 172.499 0
      vertex -172.834 172.499 10
      vertex -172.811 172.561 10
    endloop
  endfacet
  facet normal -0.840381 0.541997 0
    outer loop
      vertex -173.497 171.471 0
      vertex -172.834 172.499 10
      vertex -172.834 172.499 0
    endloop
  endfacet
  facet normal -0.840381 0.541997 0
    outer loop
      vertex -173.497 171.471 0
      vertex -173.497 171.471 10
      vertex -172.834 172.499 10
    endloop
  endfacet
  facet normal -0.212246 -0.977216 0
    outer loop
      vertex -173.055 171.375 0
      vertex -173.497 171.471 10
      vertex -173.497 171.471 0
    endloop
  endfacet
  facet normal -0.212246 -0.977216 0
    outer loop
      vertex -173.055 171.375 0
      vertex -173.055 171.375 10
      vertex -173.497 171.471 10
    endloop
  endfacet
  facet normal 0.271339 -0.962484 0
    outer loop
      vertex -172.491 171.534 0
      vertex -173.055 171.375 10
      vertex -173.055 171.375 0
    endloop
  endfacet
  facet normal 0.271339 -0.962484 0
    outer loop
      vertex -172.491 171.534 0
      vertex -172.491 171.534 10
      vertex -173.055 171.375 10
    endloop
  endfacet
  facet normal -0.344919 -0.938632 0
    outer loop
      vertex -172.325 171.473 0
      vertex -172.491 171.534 10
      vertex -172.491 171.534 0
    endloop
  endfacet
  facet normal -0.344919 -0.938632 0
    outer loop
      vertex -172.325 171.473 0
      vertex -172.325 171.473 10
      vertex -172.491 171.534 10
    endloop
  endfacet
  facet normal -0.998205 -0.0598923 0
    outer loop
      vertex -172.316 171.323 0
      vertex -172.325 171.473 10
      vertex -172.325 171.473 0
    endloop
  endfacet
  facet normal -0.998205 -0.0598923 0
    outer loop
      vertex -172.316 171.323 0
      vertex -172.316 171.323 10
      vertex -172.325 171.473 10
    endloop
  endfacet
  facet normal -0.894675 0.446719 0
    outer loop
      vertex -172.677 170.6 0
      vertex -172.316 171.323 10
      vertex -172.316 171.323 0
    endloop
  endfacet
  facet normal -0.894675 0.446719 0
    outer loop
      vertex -172.677 170.6 0
      vertex -172.677 170.6 10
      vertex -172.316 171.323 10
    endloop
  endfacet
  facet normal -0.566792 -0.823861 0
    outer loop
      vertex -172.145 170.234 0
      vertex -172.677 170.6 10
      vertex -172.677 170.6 0
    endloop
  endfacet
  facet normal -0.566792 -0.823861 0
    outer loop
      vertex -172.145 170.234 0
      vertex -172.145 170.234 10
      vertex -172.677 170.6 10
    endloop
  endfacet
  facet normal -0.987726 -0.156198 0
    outer loop
      vertex -172.111 170.019 0
      vertex -172.145 170.234 10
      vertex -172.145 170.234 0
    endloop
  endfacet
  facet normal -0.987726 -0.156198 0
    outer loop
      vertex -172.111 170.019 0
      vertex -172.111 170.019 10
      vertex -172.145 170.234 10
    endloop
  endfacet
  facet normal -0.792363 0.61005 0
    outer loop
      vertex -172.459 169.567 0
      vertex -172.111 170.019 10
      vertex -172.111 170.019 0
    endloop
  endfacet
  facet normal -0.792363 0.61005 0
    outer loop
      vertex -172.459 169.567 0
      vertex -172.459 169.567 10
      vertex -172.111 170.019 10
    endloop
  endfacet
  facet normal -0.926953 -0.375177 0
    outer loop
      vertex -171.981 168.386 0
      vertex -172.459 169.567 10
      vertex -172.459 169.567 0
    endloop
  endfacet
  facet normal -0.926953 -0.375177 0
    outer loop
      vertex -171.981 168.386 0
      vertex -171.981 168.386 10
      vertex -172.459 169.567 10
    endloop
  endfacet
  facet normal -0.974097 0.22613 0
    outer loop
      vertex -172.02 168.218 0
      vertex -171.981 168.386 10
      vertex -171.981 168.386 0
    endloop
  endfacet
  facet normal -0.974097 0.22613 0
    outer loop
      vertex -172.02 168.218 0
      vertex -172.02 168.218 10
      vertex -171.981 168.386 10
    endloop
  endfacet
  facet normal -0.664364 0.747409 0
    outer loop
      vertex -172.137 168.114 0
      vertex -172.02 168.218 10
      vertex -172.02 168.218 0
    endloop
  endfacet
  facet normal -0.664364 0.747409 0
    outer loop
      vertex -172.137 168.114 0
      vertex -172.137 168.114 10
      vertex -172.02 168.218 10
    endloop
  endfacet
  facet normal -0.403287 -0.915073 0
    outer loop
      vertex -171.69 167.917 0
      vertex -172.137 168.114 10
      vertex -172.137 168.114 0
    endloop
  endfacet
  facet normal -0.403287 -0.915073 0
    outer loop
      vertex -171.69 167.917 0
      vertex -171.69 167.917 10
      vertex -172.137 168.114 10
    endloop
  endfacet
  facet normal -0.862954 -0.505282 0
    outer loop
      vertex -171.601 167.765 0
      vertex -171.69 167.917 10
      vertex -171.69 167.917 0
    endloop
  endfacet
  facet normal -0.862954 -0.505282 0
    outer loop
      vertex -171.601 167.765 0
      vertex -171.601 167.765 10
      vertex -171.69 167.917 10
    endloop
  endfacet
  facet normal -0.995037 0.0995037 0
    outer loop
      vertex -171.701 166.765 0
      vertex -171.601 167.765 10
      vertex -171.601 167.765 0
    endloop
  endfacet
  facet normal -0.995037 0.0995037 0
    outer loop
      vertex -171.701 166.765 0
      vertex -171.701 166.765 10
      vertex -171.601 167.765 10
    endloop
  endfacet
  facet normal -0.939019 0.343866 0
    outer loop
      vertex -171.727 166.694 0
      vertex -171.701 166.765 10
      vertex -171.701 166.765 0
    endloop
  endfacet
  facet normal -0.939019 0.343866 0
    outer loop
      vertex -171.727 166.694 0
      vertex -171.727 166.694 10
      vertex -171.701 166.765 10
    endloop
  endfacet
  facet normal -0.821029 0.570887 0
    outer loop
      vertex -172.01 166.287 0
      vertex -171.727 166.694 10
      vertex -171.727 166.694 0
    endloop
  endfacet
  facet normal -0.821029 0.570887 0
    outer loop
      vertex -172.01 166.287 0
      vertex -172.01 166.287 10
      vertex -171.727 166.694 10
    endloop
  endfacet
  facet normal -0.843301 -0.537441 0
    outer loop
      vertex -171.764 165.901 0
      vertex -172.01 166.287 10
      vertex -172.01 166.287 0
    endloop
  endfacet
  facet normal -0.843301 -0.537441 0
    outer loop
      vertex -171.764 165.901 0
      vertex -171.764 165.901 10
      vertex -172.01 166.287 10
    endloop
  endfacet
  facet normal -0.99839 0.0567267 0
    outer loop
      vertex -171.774 165.725 0
      vertex -171.764 165.901 10
      vertex -171.764 165.901 0
    endloop
  endfacet
  facet normal -0.99839 0.0567267 0
    outer loop
      vertex -171.774 165.725 0
      vertex -171.774 165.725 10
      vertex -171.764 165.901 10
    endloop
  endfacet
  facet normal -0.0888491 0.996045 0
    outer loop
      vertex -171.987 165.706 0
      vertex -171.774 165.725 10
      vertex -171.774 165.725 0
    endloop
  endfacet
  facet normal -0.0888491 0.996045 0
    outer loop
      vertex -171.987 165.706 0
      vertex -171.987 165.706 10
      vertex -171.774 165.725 10
    endloop
  endfacet
  facet normal 0.646366 0.763027 0
    outer loop
      vertex -172.471 166.116 0
      vertex -171.987 165.706 10
      vertex -171.987 165.706 0
    endloop
  endfacet
  facet normal 0.646366 0.763027 -0
    outer loop
      vertex -172.471 166.116 0
      vertex -172.471 166.116 10
      vertex -171.987 165.706 10
    endloop
  endfacet
  facet normal -0.0646129 0.99791 0
    outer loop
      vertex -172.61 166.107 0
      vertex -172.471 166.116 10
      vertex -172.471 166.116 0
    endloop
  endfacet
  facet normal -0.0646129 0.99791 0
    outer loop
      vertex -172.61 166.107 0
      vertex -172.61 166.107 10
      vertex -172.471 166.116 10
    endloop
  endfacet
  facet normal -0.946438 0.322887 0
    outer loop
      vertex -172.857 165.383 0
      vertex -172.61 166.107 10
      vertex -172.61 166.107 0
    endloop
  endfacet
  facet normal -0.946438 0.322887 0
    outer loop
      vertex -172.857 165.383 0
      vertex -172.857 165.383 10
      vertex -172.61 166.107 10
    endloop
  endfacet
  facet normal -0.885975 -0.463733 0
    outer loop
      vertex -172.667 165.02 0
      vertex -172.857 165.383 10
      vertex -172.857 165.383 0
    endloop
  endfacet
  facet normal -0.885975 -0.463733 0
    outer loop
      vertex -172.667 165.02 0
      vertex -172.667 165.02 10
      vertex -172.857 165.383 10
    endloop
  endfacet
  facet normal -0.997585 0.0694521 0
    outer loop
      vertex -172.678 164.862 0
      vertex -172.667 165.02 10
      vertex -172.667 165.02 0
    endloop
  endfacet
  facet normal -0.997585 0.0694521 0
    outer loop
      vertex -172.678 164.862 0
      vertex -172.678 164.862 10
      vertex -172.667 165.02 10
    endloop
  endfacet
  facet normal -0.811527 0.584315 0
    outer loop
      vertex -174.149 162.819 0
      vertex -172.678 164.862 10
      vertex -172.678 164.862 0
    endloop
  endfacet
  facet normal -0.811527 0.584315 0
    outer loop
      vertex -174.149 162.819 0
      vertex -174.149 162.819 10
      vertex -172.678 164.862 10
    endloop
  endfacet
  facet normal -0.980056 0.198721 0
    outer loop
      vertex -174.325 161.951 0
      vertex -174.149 162.819 10
      vertex -174.149 162.819 0
    endloop
  endfacet
  facet normal -0.980056 0.198721 0
    outer loop
      vertex -174.325 161.951 0
      vertex -174.325 161.951 10
      vertex -174.149 162.819 10
    endloop
  endfacet
  facet normal -0.942792 -0.333383 0
    outer loop
      vertex -174.232 161.688 0
      vertex -174.325 161.951 10
      vertex -174.325 161.951 0
    endloop
  endfacet
  facet normal -0.942792 -0.333383 0
    outer loop
      vertex -174.232 161.688 0
      vertex -174.232 161.688 10
      vertex -174.325 161.951 10
    endloop
  endfacet
  facet normal -0.648472 -0.761238 0
    outer loop
      vertex -171.363 159.244 0
      vertex -174.232 161.688 10
      vertex -174.232 161.688 0
    endloop
  endfacet
  facet normal -0.648472 -0.761238 0
    outer loop
      vertex -171.363 159.244 0
      vertex -171.363 159.244 10
      vertex -174.232 161.688 10
    endloop
  endfacet
  facet normal -0.775562 -0.631271 0
    outer loop
      vertex -171.328 159.201 0
      vertex -171.363 159.244 10
      vertex -171.363 159.244 0
    endloop
  endfacet
  facet normal -0.775562 -0.631271 0
    outer loop
      vertex -171.328 159.201 0
      vertex -171.328 159.201 10
      vertex -171.363 159.244 10
    endloop
  endfacet
  facet normal -0.879433 -0.476023 0
    outer loop
      vertex -170.738 158.111 0
      vertex -171.328 159.201 10
      vertex -171.328 159.201 0
    endloop
  endfacet
  facet normal -0.879433 -0.476023 0
    outer loop
      vertex -170.738 158.111 0
      vertex -170.738 158.111 10
      vertex -171.328 159.201 10
    endloop
  endfacet
  facet normal -0.919145 -0.393919 0
    outer loop
      vertex -170.726 158.083 0
      vertex -170.738 158.111 10
      vertex -170.738 158.111 0
    endloop
  endfacet
  facet normal -0.919145 -0.393919 0
    outer loop
      vertex -170.726 158.083 0
      vertex -170.726 158.083 10
      vertex -170.738 158.111 10
    endloop
  endfacet
  facet normal -0.958596 -0.284771 0
    outer loop
      vertex -170.016 155.693 0
      vertex -170.726 158.083 10
      vertex -170.726 158.083 0
    endloop
  endfacet
  facet normal -0.958596 -0.284771 0
    outer loop
      vertex -170.016 155.693 0
      vertex -170.016 155.693 10
      vertex -170.726 158.083 10
    endloop
  endfacet
  facet normal -0.987763 -0.155963 0
    outer loop
      vertex -170.01 155.655 0
      vertex -170.016 155.693 10
      vertex -170.016 155.693 0
    endloop
  endfacet
  facet normal -0.987763 -0.155963 0
    outer loop
      vertex -170.01 155.655 0
      vertex -170.01 155.655 10
      vertex -170.016 155.693 10
    endloop
  endfacet
  facet normal -0.999469 -0.0325914 0
    outer loop
      vertex -169.92 152.895 0
      vertex -170.01 155.655 10
      vertex -170.01 155.655 0
    endloop
  endfacet
  facet normal -0.999469 -0.0325914 0
    outer loop
      vertex -169.92 152.895 0
      vertex -169.92 152.895 10
      vertex -170.01 155.655 10
    endloop
  endfacet
  facet normal -0.992988 0.118213 0
    outer loop
      vertex -169.925 152.853 0
      vertex -169.92 152.895 10
      vertex -169.92 152.895 0
    endloop
  endfacet
  facet normal -0.992988 0.118213 0
    outer loop
      vertex -169.925 152.853 0
      vertex -169.925 152.853 10
      vertex -169.92 152.895 10
    endloop
  endfacet
  facet normal -0.969575 0.244794 0
    outer loop
      vertex -170.435 150.833 0
      vertex -169.925 152.853 10
      vertex -169.925 152.853 0
    endloop
  endfacet
  facet normal -0.969575 0.244794 0
    outer loop
      vertex -170.435 150.833 0
      vertex -170.435 150.833 10
      vertex -169.925 152.853 10
    endloop
  endfacet
  facet normal -0.897554 0.440904 0
    outer loop
      vertex -170.463 150.776 0
      vertex -170.435 150.833 10
      vertex -170.435 150.833 0
    endloop
  endfacet
  facet normal -0.897554 0.440904 0
    outer loop
      vertex -170.463 150.776 0
      vertex -170.463 150.776 10
      vertex -170.435 150.833 10
    endloop
  endfacet
  facet normal -0.77731 0.629118 0
    outer loop
      vertex -172.713 147.996 0
      vertex -170.463 150.776 10
      vertex -170.463 150.776 0
    endloop
  endfacet
  facet normal -0.77731 0.629118 0
    outer loop
      vertex -172.713 147.996 0
      vertex -172.713 147.996 10
      vertex -170.463 150.776 10
    endloop
  endfacet
  facet normal -0.683157 0.730271 0
    outer loop
      vertex -172.744 147.967 0
      vertex -172.713 147.996 10
      vertex -172.713 147.996 0
    endloop
  endfacet
  facet normal -0.683157 0.730271 0
    outer loop
      vertex -172.744 147.967 0
      vertex -172.744 147.967 10
      vertex -172.713 147.996 10
    endloop
  endfacet
  facet normal -0.572757 0.819725 0
    outer loop
      vertex -174.304 146.877 0
      vertex -172.744 147.967 10
      vertex -172.744 147.967 0
    endloop
  endfacet
  facet normal -0.572757 0.819725 0
    outer loop
      vertex -174.304 146.877 0
      vertex -174.304 146.877 10
      vertex -172.744 147.967 10
    endloop
  endfacet
  facet normal -0.508729 0.860927 0
    outer loop
      vertex -174.326 146.864 0
      vertex -174.304 146.877 10
      vertex -174.304 146.877 0
    endloop
  endfacet
  facet normal -0.508729 0.860927 0
    outer loop
      vertex -174.326 146.864 0
      vertex -174.326 146.864 10
      vertex -174.304 146.877 10
    endloop
  endfacet
  facet normal -0.427297 0.904111 0
    outer loop
      vertex -176.937 145.63 0
      vertex -174.326 146.864 10
      vertex -174.326 146.864 0
    endloop
  endfacet
  facet normal -0.427297 0.904111 0
    outer loop
      vertex -176.937 145.63 0
      vertex -176.937 145.63 10
      vertex -174.326 146.864 10
    endloop
  endfacet
  facet normal -0.893277 -0.449507 0
    outer loop
      vertex -176.232 144.229 0
      vertex -176.937 145.63 10
      vertex -176.937 145.63 0
    endloop
  endfacet
  facet normal -0.893277 -0.449507 0
    outer loop
      vertex -176.232 144.229 0
      vertex -176.232 144.229 10
      vertex -176.937 145.63 10
    endloop
  endfacet
  facet normal -0.597092 -0.802173 0
    outer loop
      vertex -175.79 143.9 0
      vertex -176.232 144.229 10
      vertex -176.232 144.229 0
    endloop
  endfacet
  facet normal -0.597092 -0.802173 0
    outer loop
      vertex -175.79 143.9 0
      vertex -175.79 143.9 10
      vertex -176.232 144.229 10
    endloop
  endfacet
  facet normal -0.991391 -0.130938 0
    outer loop
      vertex -175.762 143.688 0
      vertex -175.79 143.9 10
      vertex -175.79 143.9 0
    endloop
  endfacet
  facet normal -0.991391 -0.130938 0
    outer loop
      vertex -175.762 143.688 0
      vertex -175.762 143.688 10
      vertex -175.79 143.9 10
    endloop
  endfacet
  facet normal -0.789352 0.613941 0
    outer loop
      vertex -175.874 143.544 0
      vertex -175.762 143.688 10
      vertex -175.762 143.688 0
    endloop
  endfacet
  facet normal -0.789352 0.613941 0
    outer loop
      vertex -175.874 143.544 0
      vertex -175.874 143.544 10
      vertex -175.762 143.688 10
    endloop
  endfacet
  facet normal -0.564901 -0.825159 0
    outer loop
      vertex -175.465 143.264 0
      vertex -175.874 143.544 10
      vertex -175.874 143.544 0
    endloop
  endfacet
  facet normal -0.564901 -0.825159 0
    outer loop
      vertex -175.465 143.264 0
      vertex -175.465 143.264 10
      vertex -175.874 143.544 10
    endloop
  endfacet
  facet normal -0.980763 -0.1952 0
    outer loop
      vertex -175.424 143.058 0
      vertex -175.465 143.264 10
      vertex -175.465 143.264 0
    endloop
  endfacet
  facet normal -0.980763 -0.1952 0
    outer loop
      vertex -175.424 143.058 0
      vertex -175.424 143.058 10
      vertex -175.465 143.264 10
    endloop
  endfacet
  facet normal -0.836538 0.547908 0
    outer loop
      vertex -175.536 142.887 0
      vertex -175.424 143.058 10
      vertex -175.424 143.058 0
    endloop
  endfacet
  facet normal -0.836538 0.547908 0
    outer loop
      vertex -175.536 142.887 0
      vertex -175.536 142.887 10
      vertex -175.424 143.058 10
    endloop
  endfacet
  facet normal -0.79611 -0.605151 0
    outer loop
      vertex -175.311 142.591 0
      vertex -175.536 142.887 10
      vertex -175.536 142.887 0
    endloop
  endfacet
  facet normal -0.79611 -0.605151 0
    outer loop
      vertex -175.311 142.591 0
      vertex -175.311 142.591 10
      vertex -175.536 142.887 10
    endloop
  endfacet
  facet normal -0.999742 -0.0227214 0
    outer loop
      vertex -175.307 142.415 0
      vertex -175.311 142.591 10
      vertex -175.311 142.591 0
    endloop
  endfacet
  facet normal -0.999742 -0.0227214 0
    outer loop
      vertex -175.307 142.415 0
      vertex -175.307 142.415 10
      vertex -175.311 142.591 10
    endloop
  endfacet
  facet normal -0.561051 0.827781 0
    outer loop
      vertex -175.397 142.354 0
      vertex -175.307 142.415 10
      vertex -175.307 142.415 0
    endloop
  endfacet
  facet normal -0.561051 0.827781 0
    outer loop
      vertex -175.397 142.354 0
      vertex -175.397 142.354 10
      vertex -175.307 142.415 10
    endloop
  endfacet
  facet normal -0.224295 0.974521 0
    outer loop
      vertex -175.523 142.325 0
      vertex -175.397 142.354 10
      vertex -175.397 142.354 0
    endloop
  endfacet
  facet normal -0.224295 0.974521 0
    outer loop
      vertex -175.523 142.325 0
      vertex -175.523 142.325 10
      vertex -175.397 142.354 10
    endloop
  endfacet
  facet normal -0.977861 0.209254 0
    outer loop
      vertex -175.627 141.839 0
      vertex -175.523 142.325 10
      vertex -175.523 142.325 0
    endloop
  endfacet
  facet normal -0.977861 0.209254 0
    outer loop
      vertex -175.627 141.839 0
      vertex -175.627 141.839 10
      vertex -175.523 142.325 10
    endloop
  endfacet
  facet normal -0.981103 -0.193488 0
    outer loop
      vertex -175.188 139.613 0
      vertex -175.627 141.839 10
      vertex -175.627 141.839 0
    endloop
  endfacet
  facet normal -0.981103 -0.193488 0
    outer loop
      vertex -175.188 139.613 0
      vertex -175.188 139.613 10
      vertex -175.627 141.839 10
    endloop
  endfacet
  facet normal -0.870078 -0.492914 0
    outer loop
      vertex -174.809 138.944 0
      vertex -175.188 139.613 10
      vertex -175.188 139.613 0
    endloop
  endfacet
  facet normal -0.870078 -0.492914 0
    outer loop
      vertex -174.809 138.944 0
      vertex -174.809 138.944 10
      vertex -175.188 139.613 10
    endloop
  endfacet
  facet normal -0.97536 -0.220617 0
    outer loop
      vertex -174.79 138.86 0
      vertex -174.809 138.944 10
      vertex -174.809 138.944 0
    endloop
  endfacet
  facet normal -0.97536 -0.220617 0
    outer loop
      vertex -174.79 138.86 0
      vertex -174.79 138.86 10
      vertex -174.809 138.944 10
    endloop
  endfacet
  facet normal -0.997671 0.0682168 0
    outer loop
      vertex -174.838 138.158 0
      vertex -174.79 138.86 10
      vertex -174.79 138.86 0
    endloop
  endfacet
  facet normal -0.997671 0.0682168 0
    outer loop
      vertex -174.838 138.158 0
      vertex -174.838 138.158 10
      vertex -174.79 138.86 10
    endloop
  endfacet
  facet normal -0.909167 -0.416432 0
    outer loop
      vertex -174.194 136.752 0
      vertex -174.838 138.158 10
      vertex -174.838 138.158 0
    endloop
  endfacet
  facet normal -0.909167 -0.416432 0
    outer loop
      vertex -174.194 136.752 0
      vertex -174.194 136.752 10
      vertex -174.838 138.158 10
    endloop
  endfacet
  facet normal -0.996639 0.0819156 0
    outer loop
      vertex -174.206 136.606 0
      vertex -174.194 136.752 10
      vertex -174.194 136.752 0
    endloop
  endfacet
  facet normal -0.996639 0.0819156 0
    outer loop
      vertex -174.206 136.606 0
      vertex -174.206 136.606 10
      vertex -174.194 136.752 10
    endloop
  endfacet
  facet normal -0.829296 0.558809 0
    outer loop
      vertex -175.334 134.932 0
      vertex -174.206 136.606 10
      vertex -174.206 136.606 0
    endloop
  endfacet
  facet normal -0.829296 0.558809 0
    outer loop
      vertex -175.334 134.932 0
      vertex -175.334 134.932 10
      vertex -174.206 136.606 10
    endloop
  endfacet
  facet normal -0.876618 -0.481187 0
    outer loop
      vertex -174.829 134.012 0
      vertex -175.334 134.932 10
      vertex -175.334 134.932 0
    endloop
  endfacet
  facet normal -0.876618 -0.481187 0
    outer loop
      vertex -174.829 134.012 0
      vertex -174.829 134.012 10
      vertex -175.334 134.932 10
    endloop
  endfacet
  facet normal -0.996711 -0.0810334 0
    outer loop
      vertex -174.819 133.889 0
      vertex -174.829 134.012 10
      vertex -174.829 134.012 0
    endloop
  endfacet
  facet normal -0.996711 -0.0810334 0
    outer loop
      vertex -174.819 133.889 0
      vertex -174.819 133.889 10
      vertex -174.829 134.012 10
    endloop
  endfacet
  facet normal -0.940315 0.340305 0
    outer loop
      vertex -175.199 132.839 0
      vertex -174.819 133.889 10
      vertex -174.819 133.889 0
    endloop
  endfacet
  facet normal -0.940315 0.340305 0
    outer loop
      vertex -175.199 132.839 0
      vertex -175.199 132.839 10
      vertex -174.819 133.889 10
    endloop
  endfacet
  facet normal -0.561224 0.827664 0
    outer loop
      vertex -175.345 132.74 0
      vertex -175.199 132.839 10
      vertex -175.199 132.839 0
    endloop
  endfacet
  facet normal -0.561224 0.827664 0
    outer loop
      vertex -175.345 132.74 0
      vertex -175.345 132.74 10
      vertex -175.199 132.839 10
    endloop
  endfacet
  facet normal 0.600933 0.799299 0
    outer loop
      vertex -175.482 132.843 0
      vertex -175.345 132.74 10
      vertex -175.345 132.74 0
    endloop
  endfacet
  facet normal 0.600933 0.799299 -0
    outer loop
      vertex -175.482 132.843 0
      vertex -175.482 132.843 10
      vertex -175.345 132.74 10
    endloop
  endfacet
  facet normal 0.948577 0.316545 0
    outer loop
      vertex -175.781 133.739 0
      vertex -175.482 132.843 10
      vertex -175.482 132.843 0
    endloop
  endfacet
  facet normal 0.948577 0.316545 -0
    outer loop
      vertex -175.781 133.739 0
      vertex -175.781 133.739 10
      vertex -175.482 132.843 10
    endloop
  endfacet
  facet normal 0.707107 0.707107 0
    outer loop
      vertex -176.254 134.212 0
      vertex -175.781 133.739 10
      vertex -175.781 133.739 0
    endloop
  endfacet
  facet normal 0.707107 0.707107 -0
    outer loop
      vertex -176.254 134.212 0
      vertex -176.254 134.212 10
      vertex -175.781 133.739 10
    endloop
  endfacet
  facet normal -0.396142 0.918189 0
    outer loop
      vertex -176.553 134.083 0
      vertex -176.254 134.212 10
      vertex -176.254 134.212 0
    endloop
  endfacet
  facet normal -0.396142 0.918189 0
    outer loop
      vertex -176.553 134.083 0
      vertex -176.553 134.083 10
      vertex -176.254 134.212 10
    endloop
  endfacet
  facet normal -0.878412 0.477905 0
    outer loop
      vertex -176.942 133.368 0
      vertex -176.553 134.083 10
      vertex -176.553 134.083 0
    endloop
  endfacet
  facet normal -0.878412 0.477905 0
    outer loop
      vertex -176.942 133.368 0
      vertex -176.942 133.368 10
      vertex -176.553 134.083 10
    endloop
  endfacet
  facet normal -0.998146 0.0608626 0
    outer loop
      vertex -176.987 132.63 0
      vertex -176.942 133.368 10
      vertex -176.942 133.368 0
    endloop
  endfacet
  facet normal -0.998146 0.0608626 0
    outer loop
      vertex -176.987 132.63 0
      vertex -176.987 132.63 10
      vertex -176.942 133.368 10
    endloop
  endfacet
  facet normal -0.839141 -0.543914 0
    outer loop
      vertex -176.204 131.422 0
      vertex -176.987 132.63 10
      vertex -176.987 132.63 0
    endloop
  endfacet
  facet normal -0.839141 -0.543914 0
    outer loop
      vertex -176.204 131.422 0
      vertex -176.204 131.422 10
      vertex -176.987 132.63 10
    endloop
  endfacet
  facet normal -0.998408 0.0564072 0
    outer loop
      vertex -176.214 131.245 0
      vertex -176.204 131.422 10
      vertex -176.204 131.422 0
    endloop
  endfacet
  facet normal -0.998408 0.0564072 0
    outer loop
      vertex -176.214 131.245 0
      vertex -176.214 131.245 10
      vertex -176.204 131.422 10
    endloop
  endfacet
  facet normal 0.0211817 0.999776 0
    outer loop
      vertex -176.45 131.25 0
      vertex -176.214 131.245 10
      vertex -176.214 131.245 0
    endloop
  endfacet
  facet normal 0.0211817 0.999776 -0
    outer loop
      vertex -176.45 131.25 0
      vertex -176.45 131.25 10
      vertex -176.214 131.245 10
    endloop
  endfacet
  facet normal 0.802083 0.597212 0
    outer loop
      vertex -177.514 132.679 0
      vertex -176.45 131.25 10
      vertex -176.45 131.25 0
    endloop
  endfacet
  facet normal 0.802083 0.597212 -0
    outer loop
      vertex -177.514 132.679 0
      vertex -177.514 132.679 10
      vertex -176.45 131.25 10
    endloop
  endfacet
  facet normal 0.544773 0.838583 0
    outer loop
      vertex -178.062 133.035 0
      vertex -177.514 132.679 10
      vertex -177.514 132.679 0
    endloop
  endfacet
  facet normal 0.544773 0.838583 -0
    outer loop
      vertex -178.062 133.035 0
      vertex -178.062 133.035 10
      vertex -177.514 132.679 10
    endloop
  endfacet
  facet normal 0.107011 0.994258 0
    outer loop
      vertex -178.796 133.114 0
      vertex -178.062 133.035 10
      vertex -178.062 133.035 0
    endloop
  endfacet
  facet normal 0.107011 0.994258 -0
    outer loop
      vertex -178.796 133.114 0
      vertex -178.796 133.114 10
      vertex -178.062 133.035 10
    endloop
  endfacet
  facet normal -0.616308 0.787505 0
    outer loop
      vertex -179.578 132.502 0
      vertex -178.796 133.114 10
      vertex -178.796 133.114 0
    endloop
  endfacet
  facet normal -0.616308 0.787505 0
    outer loop
      vertex -179.578 132.502 0
      vertex -179.578 132.502 10
      vertex -178.796 133.114 10
    endloop
  endfacet
  facet normal -0.0340711 0.999419 0
    outer loop
      vertex -179.754 132.496 0
      vertex -179.578 132.502 10
      vertex -179.578 132.502 0
    endloop
  endfacet
  facet normal -0.0340711 0.999419 0
    outer loop
      vertex -179.754 132.496 0
      vertex -179.754 132.496 10
      vertex -179.578 132.502 10
    endloop
  endfacet
  facet normal 0.994505 0.104685 0
    outer loop
      vertex -179.778 132.724 0
      vertex -179.754 132.496 10
      vertex -179.754 132.496 0
    endloop
  endfacet
  facet normal 0.994505 0.104685 -0
    outer loop
      vertex -179.778 132.724 0
      vertex -179.778 132.724 10
      vertex -179.754 132.496 10
    endloop
  endfacet
  facet normal 0.718536 -0.69549 0
    outer loop
      vertex -178.933 133.597 0
      vertex -179.778 132.724 10
      vertex -179.778 132.724 0
    endloop
  endfacet
  facet normal 0.718536 -0.69549 0
    outer loop
      vertex -178.933 133.597 0
      vertex -178.933 133.597 10
      vertex -179.778 132.724 10
    endloop
  endfacet
  facet normal 0.93977 0.341806 0
    outer loop
      vertex -179.368 134.793 0
      vertex -178.933 133.597 10
      vertex -178.933 133.597 0
    endloop
  endfacet
  facet normal 0.93977 0.341806 -0
    outer loop
      vertex -179.368 134.793 0
      vertex -179.368 134.793 10
      vertex -178.933 133.597 10
    endloop
  endfacet
  facet normal 0.666707 0.74532 0
    outer loop
      vertex -181.103 136.345 0
      vertex -179.368 134.793 10
      vertex -179.368 134.793 0
    endloop
  endfacet
  facet normal 0.666707 0.74532 -0
    outer loop
      vertex -181.103 136.345 0
      vertex -181.103 136.345 10
      vertex -179.368 134.793 10
    endloop
  endfacet
  facet normal 0.0876612 0.99615 0
    outer loop
      vertex -181.853 136.411 0
      vertex -181.103 136.345 10
      vertex -181.103 136.345 0
    endloop
  endfacet
  facet normal 0.0876612 0.99615 -0
    outer loop
      vertex -181.853 136.411 0
      vertex -181.853 136.411 10
      vertex -181.103 136.345 10
    endloop
  endfacet
  facet normal 0.654064 0.756439 0
    outer loop
      vertex -181.986 136.526 0
      vertex -181.853 136.411 10
      vertex -181.853 136.411 0
    endloop
  endfacet
  facet normal 0.654064 0.756439 -0
    outer loop
      vertex -181.986 136.526 0
      vertex -181.986 136.526 10
      vertex -181.853 136.411 10
    endloop
  endfacet
  facet normal 0.939793 -0.341743 0
    outer loop
      vertex -181.93 136.68 0
      vertex -181.986 136.526 10
      vertex -181.986 136.526 0
    endloop
  endfacet
  facet normal 0.939793 -0.341743 0
    outer loop
      vertex -181.93 136.68 0
      vertex -181.93 136.68 10
      vertex -181.986 136.526 10
    endloop
  endfacet
  facet normal 0.599399 -0.800451 0
    outer loop
      vertex -181.504 136.999 0
      vertex -181.93 136.68 10
      vertex -181.93 136.68 0
    endloop
  endfacet
  facet normal 0.599399 -0.800451 0
    outer loop
      vertex -181.504 136.999 0
      vertex -181.504 136.999 10
      vertex -181.93 136.68 10
    endloop
  endfacet
  facet normal 0.997441 -0.0715011 0
    outer loop
      vertex -181.484 137.278 0
      vertex -181.504 136.999 10
      vertex -181.504 136.999 0
    endloop
  endfacet
  facet normal 0.997441 -0.0715011 0
    outer loop
      vertex -181.484 137.278 0
      vertex -181.484 137.278 10
      vertex -181.504 136.999 10
    endloop
  endfacet
  facet normal 0.818012 0.575201 0
    outer loop
      vertex -182.993 139.424 0
      vertex -181.484 137.278 10
      vertex -181.484 137.278 0
    endloop
  endfacet
  facet normal 0.818012 0.575201 -0
    outer loop
      vertex -182.993 139.424 0
      vertex -182.993 139.424 10
      vertex -181.484 137.278 10
    endloop
  endfacet
  facet normal 0.989949 0.141421 0
    outer loop
      vertex -183.012 139.557 0
      vertex -182.993 139.424 10
      vertex -182.993 139.424 0
    endloop
  endfacet
  facet normal 0.989949 0.141421 -0
    outer loop
      vertex -183.012 139.557 0
      vertex -183.012 139.557 10
      vertex -182.993 139.424 10
    endloop
  endfacet
  facet normal 0.949018 -0.315222 0
    outer loop
      vertex -182.73 140.406 0
      vertex -183.012 139.557 10
      vertex -183.012 139.557 0
    endloop
  endfacet
  facet normal 0.949018 -0.315222 0
    outer loop
      vertex -182.73 140.406 0
      vertex -182.73 140.406 10
      vertex -183.012 139.557 10
    endloop
  endfacet
  facet normal 0.999813 -0.0193225 0
    outer loop
      vertex -182.691 142.424 0
      vertex -182.73 140.406 10
      vertex -182.73 140.406 0
    endloop
  endfacet
  facet normal 0.999813 -0.0193225 0
    outer loop
      vertex -182.691 142.424 0
      vertex -182.691 142.424 10
      vertex -182.73 140.406 10
    endloop
  endfacet
  facet normal 0.933239 0.359256 0
    outer loop
      vertex -183.3 144.006 0
      vertex -182.691 142.424 10
      vertex -182.691 142.424 0
    endloop
  endfacet
  facet normal 0.933239 0.359256 -0
    outer loop
      vertex -183.3 144.006 0
      vertex -183.3 144.006 10
      vertex -182.691 142.424 10
    endloop
  endfacet
  facet normal 0.996546 0.0830455 0
    outer loop
      vertex -183.307 144.09 0
      vertex -183.3 144.006 10
      vertex -183.3 144.006 0
    endloop
  endfacet
  facet normal 0.996546 0.0830455 -0
    outer loop
      vertex -183.307 144.09 0
      vertex -183.307 144.09 10
      vertex -183.3 144.006 10
    endloop
  endfacet
  facet normal 0.979345 -0.202196 0
    outer loop
      vertex -182.866 146.226 0
      vertex -183.307 144.09 10
      vertex -183.307 144.09 0
    endloop
  endfacet
  facet normal 0.979345 -0.202196 0
    outer loop
      vertex -182.866 146.226 0
      vertex -182.866 146.226 10
      vertex -183.307 144.09 10
    endloop
  endfacet
  facet normal 0.929199 0.36958 0
    outer loop
      vertex -183.218 147.111 0
      vertex -182.866 146.226 10
      vertex -182.866 146.226 0
    endloop
  endfacet
  facet normal 0.929199 0.36958 -0
    outer loop
      vertex -183.218 147.111 0
      vertex -183.218 147.111 10
      vertex -182.866 146.226 10
    endloop
  endfacet
  facet normal 0.438481 0.898741 0
    outer loop
      vertex -184.456 147.715 0
      vertex -183.218 147.111 10
      vertex -183.218 147.111 0
    endloop
  endfacet
  facet normal 0.438481 0.898741 -0
    outer loop
      vertex -184.456 147.715 0
      vertex -184.456 147.715 10
      vertex -183.218 147.111 10
    endloop
  endfacet
  facet normal 0.158354 0.987382 0
    outer loop
      vertex -186.47 148.038 0
      vertex -184.456 147.715 10
      vertex -184.456 147.715 0
    endloop
  endfacet
  facet normal 0.158354 0.987382 -0
    outer loop
      vertex -186.47 148.038 0
      vertex -186.47 148.038 10
      vertex -184.456 147.715 10
    endloop
  endfacet
  facet normal -0.160777 0.986991 0
    outer loop
      vertex -187.796 147.822 0
      vertex -186.47 148.038 10
      vertex -186.47 148.038 0
    endloop
  endfacet
  facet normal -0.160777 0.986991 0
    outer loop
      vertex -187.796 147.822 0
      vertex -187.796 147.822 10
      vertex -186.47 148.038 10
    endloop
  endfacet
  facet normal -0.0277671 0.999614 0
    outer loop
      vertex -187.832 147.821 0
      vertex -187.796 147.822 10
      vertex -187.796 147.822 0
    endloop
  endfacet
  facet normal -0.0277671 0.999614 0
    outer loop
      vertex -187.832 147.821 0
      vertex -187.832 147.821 10
      vertex -187.796 147.822 10
    endloop
  endfacet
  facet normal 0.0824584 0.996595 0
    outer loop
      vertex -188.956 147.914 0
      vertex -187.832 147.821 10
      vertex -187.832 147.821 0
    endloop
  endfacet
  facet normal 0.0824584 0.996595 -0
    outer loop
      vertex -188.956 147.914 0
      vertex -188.956 147.914 10
      vertex -187.832 147.821 10
    endloop
  endfacet
  facet normal -0.761863 0.647738 0
    outer loop
      vertex -189.586 147.173 0
      vertex -188.956 147.914 10
      vertex -188.956 147.914 0
    endloop
  endfacet
  facet normal -0.761863 0.647738 0
    outer loop
      vertex -189.586 147.173 0
      vertex -189.586 147.173 10
      vertex -188.956 147.914 10
    endloop
  endfacet
  facet normal -0.238525 0.971136 0
    outer loop
      vertex -189.757 147.131 0
      vertex -189.586 147.173 10
      vertex -189.586 147.173 0
    endloop
  endfacet
  facet normal -0.238525 0.971136 0
    outer loop
      vertex -189.757 147.131 0
      vertex -189.757 147.131 10
      vertex -189.586 147.173 10
    endloop
  endfacet
  facet normal 0.905931 0.423424 0
    outer loop
      vertex -189.843 147.315 0
      vertex -189.757 147.131 10
      vertex -189.757 147.131 0
    endloop
  endfacet
  facet normal 0.905931 0.423424 -0
    outer loop
      vertex -189.843 147.315 0
      vertex -189.843 147.315 10
      vertex -189.757 147.131 10
    endloop
  endfacet
  facet normal 0.954091 -0.299517 0
    outer loop
      vertex -189.541 148.277 0
      vertex -189.843 147.315 10
      vertex -189.843 147.315 0
    endloop
  endfacet
  facet normal 0.954091 -0.299517 0
    outer loop
      vertex -189.541 148.277 0
      vertex -189.541 148.277 10
      vertex -189.843 147.315 10
    endloop
  endfacet
  facet normal 0.696254 0.717796 0
    outer loop
      vertex -190.474 149.182 0
      vertex -189.541 148.277 10
      vertex -189.541 148.277 0
    endloop
  endfacet
  facet normal 0.696254 0.717796 -0
    outer loop
      vertex -190.474 149.182 0
      vertex -190.474 149.182 10
      vertex -189.541 148.277 10
    endloop
  endfacet
  facet normal 0.381704 0.924285 0
    outer loop
      vertex -194.467 150.831 0
      vertex -190.474 149.182 10
      vertex -190.474 149.182 0
    endloop
  endfacet
  facet normal 0.381704 0.924285 -0
    outer loop
      vertex -194.467 150.831 0
      vertex -194.467 150.831 10
      vertex -190.474 149.182 10
    endloop
  endfacet
  facet normal 0.615644 0.788024 0
    outer loop
      vertex -194.531 150.881 0
      vertex -194.467 150.831 10
      vertex -194.467 150.831 0
    endloop
  endfacet
  facet normal 0.615644 0.788024 -0
    outer loop
      vertex -194.531 150.881 0
      vertex -194.531 150.881 10
      vertex -194.467 150.831 10
    endloop
  endfacet
  facet normal 0.805549 0.59253 0
    outer loop
      vertex -195.83 152.647 0
      vertex -194.531 150.881 10
      vertex -194.531 150.881 0
    endloop
  endfacet
  facet normal 0.805549 0.59253 -0
    outer loop
      vertex -195.83 152.647 0
      vertex -195.83 152.647 10
      vertex -194.531 150.881 10
    endloop
  endfacet
  facet normal 0.644956 0.764219 0
    outer loop
      vertex -197.464 154.026 0
      vertex -195.83 152.647 10
      vertex -195.83 152.647 0
    endloop
  endfacet
  facet normal 0.644956 0.764219 -0
    outer loop
      vertex -197.464 154.026 0
      vertex -197.464 154.026 10
      vertex -195.83 152.647 10
    endloop
  endfacet
  facet normal 0.301626 0.953426 0
    outer loop
      vertex -199.585 154.697 0
      vertex -197.464 154.026 10
      vertex -197.464 154.026 0
    endloop
  endfacet
  facet normal 0.301626 0.953426 -0
    outer loop
      vertex -199.585 154.697 0
      vertex -199.585 154.697 10
      vertex -197.464 154.026 10
    endloop
  endfacet
  facet normal 0.393919 0.919145 0
    outer loop
      vertex -199.613 154.709 0
      vertex -199.585 154.697 10
      vertex -199.585 154.697 0
    endloop
  endfacet
  facet normal 0.393919 0.919145 -0
    outer loop
      vertex -199.613 154.709 0
      vertex -199.613 154.709 10
      vertex -199.585 154.697 10
    endloop
  endfacet
  facet normal 0.48594 0.873992 0
    outer loop
      vertex -201.363 155.682 0
      vertex -199.613 154.709 10
      vertex -199.613 154.709 0
    endloop
  endfacet
  facet normal 0.48594 0.873992 -0
    outer loop
      vertex -201.363 155.682 0
      vertex -201.363 155.682 10
      vertex -199.613 154.709 10
    endloop
  endfacet
  facet normal 0.060885 0.998145 0
    outer loop
      vertex -202.445 155.748 0
      vertex -201.363 155.682 10
      vertex -201.363 155.682 0
    endloop
  endfacet
  facet normal 0.060885 0.998145 -0
    outer loop
      vertex -202.445 155.748 0
      vertex -202.445 155.748 10
      vertex -201.363 155.682 10
    endloop
  endfacet
  facet normal -0.372973 0.927842 0
    outer loop
      vertex -205.174 154.651 0
      vertex -202.445 155.748 10
      vertex -202.445 155.748 0
    endloop
  endfacet
  facet normal -0.372973 0.927842 0
    outer loop
      vertex -205.174 154.651 0
      vertex -205.174 154.651 10
      vertex -202.445 155.748 10
    endloop
  endfacet
  facet normal 0.24387 0.969808 0
    outer loop
      vertex -205.345 154.694 0
      vertex -205.174 154.651 10
      vertex -205.174 154.651 0
    endloop
  endfacet
  facet normal 0.24387 0.969808 -0
    outer loop
      vertex -205.345 154.694 0
      vertex -205.345 154.694 10
      vertex -205.174 154.651 10
    endloop
  endfacet
  facet normal 0.984511 0.175324 0
    outer loop
      vertex -205.371 154.84 0
      vertex -205.345 154.694 10
      vertex -205.345 154.694 0
    endloop
  endfacet
  facet normal 0.984511 0.175324 -0
    outer loop
      vertex -205.371 154.84 0
      vertex -205.371 154.84 10
      vertex -205.345 154.694 10
    endloop
  endfacet
  facet normal 0.944036 -0.329844 0
    outer loop
      vertex -205.342 154.923 0
      vertex -205.371 154.84 10
      vertex -205.371 154.84 0
    endloop
  endfacet
  facet normal 0.944036 -0.329844 0
    outer loop
      vertex -205.342 154.923 0
      vertex -205.342 154.923 10
      vertex -205.371 154.84 10
    endloop
  endfacet
  facet normal -0.118561 0.992947 0
    outer loop
      vertex -205.409 154.915 0
      vertex -205.342 154.923 10
      vertex -205.342 154.923 0
    endloop
  endfacet
  facet normal -0.118561 0.992947 0
    outer loop
      vertex -205.409 154.915 0
      vertex -205.409 154.915 10
      vertex -205.342 154.923 10
    endloop
  endfacet
  facet normal -0.526235 0.850339 0
    outer loop
      vertex -206.141 154.462 0
      vertex -205.409 154.915 10
      vertex -205.409 154.915 0
    endloop
  endfacet
  facet normal -0.526235 0.850339 0
    outer loop
      vertex -206.141 154.462 0
      vertex -206.141 154.462 10
      vertex -205.409 154.915 10
    endloop
  endfacet
  facet normal 0.079295 0.996851 0
    outer loop
      vertex -206.317 154.476 0
      vertex -206.141 154.462 10
      vertex -206.141 154.462 0
    endloop
  endfacet
  facet normal 0.079295 0.996851 -0
    outer loop
      vertex -206.317 154.476 0
      vertex -206.317 154.476 10
      vertex -206.141 154.462 10
    endloop
  endfacet
  facet normal 0.99677 0.0803085 0
    outer loop
      vertex -206.334 154.687 0
      vertex -206.317 154.476 10
      vertex -206.317 154.476 0
    endloop
  endfacet
  facet normal 0.99677 0.0803085 -0
    outer loop
      vertex -206.334 154.687 0
      vertex -206.334 154.687 10
      vertex -206.317 154.476 10
    endloop
  endfacet
  facet normal 0.760425 -0.649426 0
    outer loop
      vertex -205.942 155.146 0
      vertex -206.334 154.687 10
      vertex -206.334 154.687 0
    endloop
  endfacet
  facet normal 0.760425 -0.649426 0
    outer loop
      vertex -205.942 155.146 0
      vertex -205.942 155.146 10
      vertex -206.334 154.687 10
    endloop
  endfacet
  facet normal 0.944579 -0.328283 0
    outer loop
      vertex -205.567 156.225 0
      vertex -205.942 155.146 10
      vertex -205.942 155.146 0
    endloop
  endfacet
  facet normal 0.944579 -0.328283 0
    outer loop
      vertex -205.567 156.225 0
      vertex -205.567 156.225 10
      vertex -205.942 155.146 10
    endloop
  endfacet
  facet normal 0.963054 0.269307 0
    outer loop
      vertex -207.178 161.986 0
      vertex -205.567 156.225 10
      vertex -205.567 156.225 0
    endloop
  endfacet
  facet normal 0.963054 0.269307 -0
    outer loop
      vertex -207.178 161.986 0
      vertex -207.178 161.986 10
      vertex -205.567 156.225 10
    endloop
  endfacet
  facet normal 0.147785 0.98902 0
    outer loop
      vertex -208.396 162.168 0
      vertex -207.178 161.986 10
      vertex -207.178 161.986 0
    endloop
  endfacet
  facet normal 0.147785 0.98902 -0
    outer loop
      vertex -208.396 162.168 0
      vertex -208.396 162.168 10
      vertex -207.178 161.986 10
    endloop
  endfacet
  facet normal -0.194059 0.98099 0
    outer loop
      vertex -209.038 162.041 0
      vertex -208.396 162.168 10
      vertex -208.396 162.168 0
    endloop
  endfacet
  facet normal -0.194059 0.98099 0
    outer loop
      vertex -209.038 162.041 0
      vertex -209.038 162.041 10
      vertex -208.396 162.168 10
    endloop
  endfacet
  facet normal -0.969821 0.243819 0
    outer loop
      vertex -209.485 160.263 0
      vertex -209.038 162.041 10
      vertex -209.038 162.041 0
    endloop
  endfacet
  facet normal -0.969821 0.243819 0
    outer loop
      vertex -209.485 160.263 0
      vertex -209.485 160.263 10
      vertex -209.038 162.041 10
    endloop
  endfacet
  facet normal -0.641859 0.766823 0
    outer loop
      vertex -209.62 160.15 0
      vertex -209.485 160.263 10
      vertex -209.485 160.263 0
    endloop
  endfacet
  facet normal -0.641859 0.766823 0
    outer loop
      vertex -209.62 160.15 0
      vertex -209.62 160.15 10
      vertex -209.485 160.263 10
    endloop
  endfacet
  facet normal 0.702646 0.71154 0
    outer loop
      vertex -209.78 160.308 0
      vertex -209.62 160.15 10
      vertex -209.62 160.15 0
    endloop
  endfacet
  facet normal 0.702646 0.71154 -0
    outer loop
      vertex -209.78 160.308 0
      vertex -209.78 160.308 10
      vertex -209.62 160.15 10
    endloop
  endfacet
  facet normal 0.998402 -0.0565024 0
    outer loop
      vertex -209.683 162.022 0
      vertex -209.78 160.308 10
      vertex -209.78 160.308 0
    endloop
  endfacet
  facet normal 0.998402 -0.0565024 0
    outer loop
      vertex -209.683 162.022 0
      vertex -209.683 162.022 10
      vertex -209.78 160.308 10
    endloop
  endfacet
  facet normal 0.714101 0.700042 0
    outer loop
      vertex -211.127 163.495 0
      vertex -209.683 162.022 10
      vertex -209.683 162.022 0
    endloop
  endfacet
  facet normal 0.714101 0.700042 -0
    outer loop
      vertex -211.127 163.495 0
      vertex -211.127 163.495 10
      vertex -209.683 162.022 10
    endloop
  endfacet
  facet normal 0.984059 0.177842 0
    outer loop
      vertex -211.157 163.661 0
      vertex -211.127 163.495 10
      vertex -211.127 163.495 0
    endloop
  endfacet
  facet normal 0.984059 0.177842 -0
    outer loop
      vertex -211.157 163.661 0
      vertex -211.157 163.661 10
      vertex -211.127 163.495 10
    endloop
  endfacet
  facet normal 0.914762 -0.403992 0
    outer loop
      vertex -210.79 164.492 0
      vertex -211.157 163.661 10
      vertex -211.157 163.661 0
    endloop
  endfacet
  facet normal 0.914762 -0.403992 0
    outer loop
      vertex -210.79 164.492 0
      vertex -210.79 164.492 10
      vertex -211.157 163.661 10
    endloop
  endfacet
  facet normal 1 0 0
    outer loop
      vertex -210.79 167.47 0
      vertex -210.79 164.492 10
      vertex -210.79 164.492 0
    endloop
  endfacet
  facet normal 1 0 -0
    outer loop
      vertex -210.79 167.47 0
      vertex -210.79 167.47 10
      vertex -210.79 164.492 10
    endloop
  endfacet
  facet normal 0.995893 -0.0905357 0
    outer loop
      vertex -210.788 167.492 0
      vertex -210.79 167.47 10
      vertex -210.79 167.47 0
    endloop
  endfacet
  facet normal 0.995893 -0.0905357 0
    outer loop
      vertex -210.788 167.492 0
      vertex -210.788 167.492 10
      vertex -210.79 167.47 10
    endloop
  endfacet
  facet normal 0.988994 -0.147956 0
    outer loop
      vertex -210.487 169.504 0
      vertex -210.788 167.492 10
      vertex -210.788 167.492 0
    endloop
  endfacet
  facet normal 0.988994 -0.147956 0
    outer loop
      vertex -210.487 169.504 0
      vertex -210.487 169.504 10
      vertex -210.788 167.492 10
    endloop
  endfacet
  facet normal 0.829266 0.558853 0
    outer loop
      vertex -210.704 169.826 0
      vertex -210.487 169.504 10
      vertex -210.487 169.504 0
    endloop
  endfacet
  facet normal 0.829266 0.558853 -0
    outer loop
      vertex -210.704 169.826 0
      vertex -210.704 169.826 10
      vertex -210.487 169.504 10
    endloop
  endfacet
  facet normal 0.991488 -0.130195 0
    outer loop
      vertex -210.678 170.024 0
      vertex -210.704 169.826 10
      vertex -210.704 169.826 0
    endloop
  endfacet
  facet normal 0.991488 -0.130195 0
    outer loop
      vertex -210.678 170.024 0
      vertex -210.678 170.024 10
      vertex -210.704 169.826 10
    endloop
  endfacet
  facet normal 0.650087 -0.75986 0
    outer loop
      vertex -210.145 170.48 0
      vertex -210.678 170.024 10
      vertex -210.678 170.024 0
    endloop
  endfacet
  facet normal 0.650087 -0.75986 0
    outer loop
      vertex -210.145 170.48 0
      vertex -210.145 170.48 10
      vertex -210.678 170.024 10
    endloop
  endfacet
  facet normal 0.927991 -0.372602 0
    outer loop
      vertex -209.191 172.856 0
      vertex -210.145 170.48 10
      vertex -210.145 170.48 0
    endloop
  endfacet
  facet normal 0.927991 -0.372602 0
    outer loop
      vertex -209.191 172.856 0
      vertex -209.191 172.856 10
      vertex -210.145 170.48 10
    endloop
  endfacet
  facet normal 0.999208 0.0398036 0
    outer loop
      vertex -209.22 173.584 0
      vertex -209.191 172.856 10
      vertex -209.191 172.856 0
    endloop
  endfacet
  facet normal 0.999208 0.0398036 -0
    outer loop
      vertex -209.22 173.584 0
      vertex -209.22 173.584 10
      vertex -209.191 172.856 10
    endloop
  endfacet
  facet normal 0.848997 -0.528397 0
    outer loop
      vertex -209.131 173.727 0
      vertex -209.22 173.584 10
      vertex -209.22 173.584 0
    endloop
  endfacet
  facet normal 0.848997 -0.528397 0
    outer loop
      vertex -209.131 173.727 0
      vertex -209.131 173.727 10
      vertex -209.22 173.584 10
    endloop
  endfacet
  facet normal 0.403843 -0.914828 0
    outer loop
      vertex -208.798 173.874 0
      vertex -209.131 173.727 10
      vertex -209.131 173.727 0
    endloop
  endfacet
  facet normal 0.403843 -0.914828 0
    outer loop
      vertex -208.798 173.874 0
      vertex -208.798 173.874 10
      vertex -209.131 173.727 10
    endloop
  endfacet
  facet normal 0.996921 0.0784095 0
    outer loop
      vertex -208.84 174.408 0
      vertex -208.798 173.874 10
      vertex -208.798 173.874 0
    endloop
  endfacet
  facet normal 0.996921 0.0784095 -0
    outer loop
      vertex -208.84 174.408 0
      vertex -208.84 174.408 10
      vertex -208.798 173.874 10
    endloop
  endfacet
  facet normal 0.93698 -0.349382 0
    outer loop
      vertex -208.796 174.526 0
      vertex -208.84 174.408 10
      vertex -208.84 174.408 0
    endloop
  endfacet
  facet normal 0.93698 -0.349382 0
    outer loop
      vertex -208.796 174.526 0
      vertex -208.796 174.526 10
      vertex -208.84 174.408 10
    endloop
  endfacet
  facet normal 0.707107 -0.707107 0
    outer loop
      vertex -207.556 175.766 0
      vertex -208.796 174.526 10
      vertex -208.796 174.526 0
    endloop
  endfacet
  facet normal 0.707107 -0.707107 0
    outer loop
      vertex -207.556 175.766 0
      vertex -207.556 175.766 10
      vertex -208.796 174.526 10
    endloop
  endfacet
  facet normal 0.809796 0.586712 0
    outer loop
      vertex -208.082 176.492 0
      vertex -207.556 175.766 10
      vertex -207.556 175.766 0
    endloop
  endfacet
  facet normal 0.809796 0.586712 -0
    outer loop
      vertex -208.082 176.492 0
      vertex -208.082 176.492 10
      vertex -207.556 175.766 10
    endloop
  endfacet
  facet normal 0.999984 -0.00568173 0
    outer loop
      vertex -208.081 176.668 0
      vertex -208.082 176.492 10
      vertex -208.082 176.492 0
    endloop
  endfacet
  facet normal 0.999984 -0.00568173 0
    outer loop
      vertex -208.081 176.668 0
      vertex -208.081 176.668 10
      vertex -208.082 176.492 10
    endloop
  endfacet
  facet normal 0.411768 -0.911289 0
    outer loop
      vertex -207.946 176.729 0
      vertex -208.081 176.668 10
      vertex -208.081 176.668 0
    endloop
  endfacet
  facet normal 0.411768 -0.911289 0
    outer loop
      vertex -207.946 176.729 0
      vertex -207.946 176.729 10
      vertex -208.081 176.668 10
    endloop
  endfacet
  facet normal -0.0902963 -0.995915 0
    outer loop
      vertex -207.571 176.695 0
      vertex -207.946 176.729 10
      vertex -207.946 176.729 0
    endloop
  endfacet
  facet normal -0.0902963 -0.995915 0
    outer loop
      vertex -207.571 176.695 0
      vertex -207.571 176.695 10
      vertex -207.946 176.729 10
    endloop
  endfacet
  facet normal 0.997785 0.066519 0
    outer loop
      vertex -207.59 176.98 0
      vertex -207.571 176.695 10
      vertex -207.571 176.695 0
    endloop
  endfacet
  facet normal 0.997785 0.066519 -0
    outer loop
      vertex -207.59 176.98 0
      vertex -207.59 176.98 10
      vertex -207.571 176.695 10
    endloop
  endfacet
  facet normal 0.807391 -0.590017 0
    outer loop
      vertex -207.476 177.136 0
      vertex -207.59 176.98 10
      vertex -207.59 176.98 0
    endloop
  endfacet
  facet normal 0.807391 -0.590017 0
    outer loop
      vertex -207.476 177.136 0
      vertex -207.476 177.136 10
      vertex -207.59 176.98 10
    endloop
  endfacet
  facet normal 0.23798 -0.97127 0
    outer loop
      vertex -206.974 177.259 0
      vertex -207.476 177.136 10
      vertex -207.476 177.136 0
    endloop
  endfacet
  facet normal 0.23798 -0.97127 0
    outer loop
      vertex -206.974 177.259 0
      vertex -206.974 177.259 10
      vertex -207.476 177.136 10
    endloop
  endfacet
  facet normal 0.998969 -0.0454077 0
    outer loop
      vertex -206.96 177.567 0
      vertex -206.974 177.259 10
      vertex -206.974 177.259 0
    endloop
  endfacet
  facet normal 0.998969 -0.0454077 0
    outer loop
      vertex -206.96 177.567 0
      vertex -206.96 177.567 10
      vertex -206.974 177.259 10
    endloop
  endfacet
  facet normal 0.899508 -0.436904 0
    outer loop
      vertex -206.909 177.672 0
      vertex -206.96 177.567 10
      vertex -206.96 177.567 0
    endloop
  endfacet
  facet normal 0.899508 -0.436904 0
    outer loop
      vertex -206.909 177.672 0
      vertex -206.909 177.672 10
      vertex -206.96 177.567 10
    endloop
  endfacet
  facet normal 0.664561 -0.747234 0
    outer loop
      vertex -206.674 177.881 0
      vertex -206.909 177.672 10
      vertex -206.909 177.672 0
    endloop
  endfacet
  facet normal 0.664561 -0.747234 0
    outer loop
      vertex -206.674 177.881 0
      vertex -206.674 177.881 10
      vertex -206.909 177.672 10
    endloop
  endfacet
  facet normal 0.737355 0.675505 0
    outer loop
      vertex -207.231 178.489 0
      vertex -206.674 177.881 10
      vertex -206.674 177.881 0
    endloop
  endfacet
  facet normal 0.737355 0.675505 -0
    outer loop
      vertex -207.231 178.489 0
      vertex -207.231 178.489 10
      vertex -206.674 177.881 10
    endloop
  endfacet
  facet normal 0.993533 0.113547 0
    outer loop
      vertex -207.251 178.664 0
      vertex -207.231 178.489 10
      vertex -207.231 178.489 0
    endloop
  endfacet
  facet normal 0.993533 0.113547 -0
    outer loop
      vertex -207.251 178.664 0
      vertex -207.251 178.664 10
      vertex -207.231 178.489 10
    endloop
  endfacet
  facet normal 0.343802 -0.939042 0
    outer loop
      vertex -207.068 178.731 0
      vertex -207.251 178.664 10
      vertex -207.251 178.664 0
    endloop
  endfacet
  facet normal 0.343802 -0.939042 0
    outer loop
      vertex -207.068 178.731 0
      vertex -207.068 178.731 10
      vertex -207.251 178.664 10
    endloop
  endfacet
  facet normal -0.349754 -0.936842 0
    outer loop
      vertex -206.318 178.451 0
      vertex -207.068 178.731 10
      vertex -207.068 178.731 0
    endloop
  endfacet
  facet normal -0.349754 -0.936842 0
    outer loop
      vertex -206.318 178.451 0
      vertex -206.318 178.451 10
      vertex -207.068 178.731 10
    endloop
  endfacet
  facet normal -0.511805 -0.859102 0
    outer loop
      vertex -206.271 178.423 0
      vertex -206.318 178.451 10
      vertex -206.318 178.451 0
    endloop
  endfacet
  facet normal -0.511805 -0.859102 0
    outer loop
      vertex -206.271 178.423 0
      vertex -206.271 178.423 10
      vertex -206.318 178.451 10
    endloop
  endfacet
  facet normal -0.663375 -0.748287 0
    outer loop
      vertex -206.13 178.298 0
      vertex -206.271 178.423 10
      vertex -206.271 178.423 0
    endloop
  endfacet
  facet normal -0.663375 -0.748287 0
    outer loop
      vertex -206.13 178.298 0
      vertex -206.13 178.298 10
      vertex -206.271 178.423 10
    endloop
  endfacet
  facet normal 0.885772 0.46412 0
    outer loop
      vertex -206.283 178.59 0
      vertex -206.13 178.298 10
      vertex -206.13 178.298 0
    endloop
  endfacet
  facet normal 0.885772 0.46412 -0
    outer loop
      vertex -206.283 178.59 0
      vertex -206.283 178.59 10
      vertex -206.13 178.298 10
    endloop
  endfacet
  facet normal 0.99963 -0.0272008 0
    outer loop
      vertex -206.279 178.737 0
      vertex -206.283 178.59 10
      vertex -206.283 178.59 0
    endloop
  endfacet
  facet normal 0.99963 -0.0272008 0
    outer loop
      vertex -206.279 178.737 0
      vertex -206.279 178.737 10
      vertex -206.283 178.59 10
    endloop
  endfacet
  facet normal 0.857493 -0.514496 0
    outer loop
      vertex -205.799 179.537 0
      vertex -206.279 178.737 10
      vertex -206.279 178.737 0
    endloop
  endfacet
  facet normal 0.857493 -0.514496 0
    outer loop
      vertex -205.799 179.537 0
      vertex -205.799 179.537 10
      vertex -206.279 178.737 10
    endloop
  endfacet
  facet normal 0.617822 -0.786318 0
    outer loop
      vertex -205.715 179.603 0
      vertex -205.799 179.537 10
      vertex -205.799 179.537 0
    endloop
  endfacet
  facet normal 0.617822 -0.786318 0
    outer loop
      vertex -205.715 179.603 0
      vertex -205.715 179.603 10
      vertex -205.799 179.537 10
    endloop
  endfacet
  facet normal 0.302579 -0.953124 0
    outer loop
      vertex -205.085 179.803 0
      vertex -205.715 179.603 10
      vertex -205.715 179.603 0
    endloop
  endfacet
  facet normal 0.302579 -0.953124 0
    outer loop
      vertex -205.085 179.803 0
      vertex -205.085 179.803 10
      vertex -205.715 179.603 10
    endloop
  endfacet
  facet normal -0.039968 -0.999201 0
    outer loop
      vertex -204.985 179.799 0
      vertex -205.085 179.803 10
      vertex -205.085 179.803 0
    endloop
  endfacet
  facet normal -0.039968 -0.999201 0
    outer loop
      vertex -204.985 179.799 0
      vertex -204.985 179.799 10
      vertex -205.085 179.803 10
    endloop
  endfacet
  facet normal -0.36794 -0.929849 0
    outer loop
      vertex -204.52 179.615 0
      vertex -204.985 179.799 10
      vertex -204.985 179.799 0
    endloop
  endfacet
  facet normal -0.36794 -0.929849 0
    outer loop
      vertex -204.52 179.615 0
      vertex -204.52 179.615 10
      vertex -204.985 179.799 10
    endloop
  endfacet
  facet normal 0.841466 -0.54031 0
    outer loop
      vertex -204.459 179.71 0
      vertex -204.52 179.615 10
      vertex -204.52 179.615 0
    endloop
  endfacet
  facet normal 0.841466 -0.54031 0
    outer loop
      vertex -204.459 179.71 0
      vertex -204.459 179.71 10
      vertex -204.52 179.615 10
    endloop
  endfacet
  facet normal 0.982689 0.185261 0
    outer loop
      vertex -204.482 179.832 0
      vertex -204.459 179.71 10
      vertex -204.459 179.71 0
    endloop
  endfacet
  facet normal 0.982689 0.185261 -0
    outer loop
      vertex -204.482 179.832 0
      vertex -204.482 179.832 10
      vertex -204.459 179.71 10
    endloop
  endfacet
  facet normal 0.383484 0.923547 0
    outer loop
      vertex -205.178 180.121 0
      vertex -204.482 179.832 10
      vertex -204.482 179.832 0
    endloop
  endfacet
  facet normal 0.383484 0.923547 -0
    outer loop
      vertex -205.178 180.121 0
      vertex -205.178 180.121 10
      vertex -204.482 179.832 10
    endloop
  endfacet
  facet normal 0.760298 0.649575 0
    outer loop
      vertex -205.266 180.224 0
      vertex -205.178 180.121 10
      vertex -205.178 180.121 0
    endloop
  endfacet
  facet normal 0.760298 0.649575 -0
    outer loop
      vertex -205.266 180.224 0
      vertex -205.266 180.224 10
      vertex -205.178 180.121 10
    endloop
  endfacet
  facet normal 0.970143 0.242536 0
    outer loop
      vertex -205.396 180.744 0
      vertex -205.266 180.224 10
      vertex -205.266 180.224 0
    endloop
  endfacet
  facet normal 0.970143 0.242536 -0
    outer loop
      vertex -205.396 180.744 0
      vertex -205.396 180.744 10
      vertex -205.266 180.224 10
    endloop
  endfacet
  facet normal 0.867946 -0.496658 0
    outer loop
      vertex -205.293 180.924 0
      vertex -205.396 180.744 10
      vertex -205.396 180.744 0
    endloop
  endfacet
  facet normal 0.867946 -0.496658 0
    outer loop
      vertex -205.293 180.924 0
      vertex -205.293 180.924 10
      vertex -205.396 180.744 10
    endloop
  endfacet
  facet normal 0.288551 -0.957465 0
    outer loop
      vertex -204.563 181.144 0
      vertex -205.293 180.924 10
      vertex -205.293 180.924 0
    endloop
  endfacet
  facet normal 0.288551 -0.957465 0
    outer loop
      vertex -204.563 181.144 0
      vertex -204.563 181.144 10
      vertex -205.293 180.924 10
    endloop
  endfacet
  facet normal 0.0263067 -0.999654 0
    outer loop
      vertex -204.487 181.146 0
      vertex -204.563 181.144 10
      vertex -204.563 181.144 0
    endloop
  endfacet
  facet normal 0.0263067 -0.999654 0
    outer loop
      vertex -204.487 181.146 0
      vertex -204.487 181.146 10
      vertex -204.563 181.144 10
    endloop
  endfacet
  facet normal -0.217346 -0.976095 0
    outer loop
      vertex -203.243 180.869 0
      vertex -204.487 181.146 10
      vertex -204.487 181.146 0
    endloop
  endfacet
  facet normal -0.217346 -0.976095 0
    outer loop
      vertex -203.243 180.869 0
      vertex -203.243 180.869 10
      vertex -204.487 181.146 10
    endloop
  endfacet
  facet normal 0.481894 -0.876229 0
    outer loop
      vertex -201.872 181.623 0
      vertex -203.243 180.869 10
      vertex -203.243 180.869 0
    endloop
  endfacet
  facet normal 0.481894 -0.876229 0
    outer loop
      vertex -201.872 181.623 0
      vertex -201.872 181.623 10
      vertex -203.243 180.869 10
    endloop
  endfacet
  facet normal 0.995788 -0.0916821 0
    outer loop
      vertex -201.735 183.111 0
      vertex -201.872 181.623 10
      vertex -201.872 181.623 0
    endloop
  endfacet
  facet normal 0.995788 -0.0916821 0
    outer loop
      vertex -201.735 183.111 0
      vertex -201.735 183.111 10
      vertex -201.872 181.623 10
    endloop
  endfacet
  facet normal 0.765557 0.643368 0
    outer loop
      vertex -202.251 183.725 0
      vertex -201.735 183.111 10
      vertex -201.735 183.111 0
    endloop
  endfacet
  facet normal 0.765557 0.643368 -0
    outer loop
      vertex -202.251 183.725 0
      vertex -202.251 183.725 10
      vertex -201.735 183.111 10
    endloop
  endfacet
  facet normal 0.371391 0.928477 0
    outer loop
      vertex -203.016 184.031 0
      vertex -202.251 183.725 10
      vertex -202.251 183.725 0
    endloop
  endfacet
  facet normal 0.371391 0.928477 -0
    outer loop
      vertex -203.016 184.031 0
      vertex -203.016 184.031 10
      vertex -202.251 183.725 10
    endloop
  endfacet
  facet normal 0.505179 0.863014 0
    outer loop
      vertex -203.057 184.055 0
      vertex -203.016 184.031 10
      vertex -203.016 184.031 0
    endloop
  endfacet
  facet normal 0.505179 0.863014 -0
    outer loop
      vertex -203.057 184.055 0
      vertex -203.057 184.055 10
      vertex -203.016 184.031 10
    endloop
  endfacet
  facet normal 0.643822 0.765175 0
    outer loop
      vertex -204.11 184.941 0
      vertex -203.057 184.055 10
      vertex -203.057 184.055 0
    endloop
  endfacet
  facet normal 0.643822 0.765175 -0
    outer loop
      vertex -204.11 184.941 0
      vertex -204.11 184.941 10
      vertex -203.057 184.055 10
    endloop
  endfacet
  facet normal -0.454858 0.890564 0
    outer loop
      vertex -205.412 184.276 0
      vertex -204.11 184.941 10
      vertex -204.11 184.941 0
    endloop
  endfacet
  facet normal -0.454858 0.890564 0
    outer loop
      vertex -205.412 184.276 0
      vertex -205.412 184.276 10
      vertex -204.11 184.941 10
    endloop
  endfacet
  facet normal 0.158876 0.987299 0
    outer loop
      vertex -205.586 184.304 0
      vertex -205.412 184.276 10
      vertex -205.412 184.276 0
    endloop
  endfacet
  facet normal 0.158876 0.987299 -0
    outer loop
      vertex -205.586 184.304 0
      vertex -205.586 184.304 10
      vertex -205.412 184.276 10
    endloop
  endfacet
  facet normal 0.999989 -0.00469478 0
    outer loop
      vertex -205.585 184.517 0
      vertex -205.586 184.304 10
      vertex -205.586 184.304 0
    endloop
  endfacet
  facet normal 0.999989 -0.00469478 0
    outer loop
      vertex -205.585 184.517 0
      vertex -205.585 184.517 10
      vertex -205.586 184.304 10
    endloop
  endfacet
  facet normal 0.70178 -0.712393 0
    outer loop
      vertex -205.048 185.046 0
      vertex -205.585 184.517 10
      vertex -205.585 184.517 0
    endloop
  endfacet
  facet normal 0.70178 -0.712393 0
    outer loop
      vertex -205.048 185.046 0
      vertex -205.048 185.046 10
      vertex -205.585 184.517 10
    endloop
  endfacet
  facet normal 0.428554 0.903516 0
    outer loop
      vertex -207.209 186.071 0
      vertex -205.048 185.046 10
      vertex -205.048 185.046 0
    endloop
  endfacet
  facet normal 0.428554 0.903516 -0
    outer loop
      vertex -207.209 186.071 0
      vertex -207.209 186.071 10
      vertex -205.048 185.046 10
    endloop
  endfacet
  facet normal -0.912924 -0.408131 0
    outer loop
      vertex -207.133 185.901 0
      vertex -207.209 186.071 10
      vertex -207.209 186.071 0
    endloop
  endfacet
  facet normal -0.912924 -0.408131 0
    outer loop
      vertex -207.133 185.901 0
      vertex -207.133 185.901 10
      vertex -207.209 186.071 10
    endloop
  endfacet
  facet normal -0.977885 0.209143 0
    outer loop
      vertex -207.17 185.728 0
      vertex -207.133 185.901 10
      vertex -207.133 185.901 0
    endloop
  endfacet
  facet normal -0.977885 0.209143 0
    outer loop
      vertex -207.17 185.728 0
      vertex -207.17 185.728 10
      vertex -207.133 185.901 10
    endloop
  endfacet
  facet normal -0.263755 0.96459 0
    outer loop
      vertex -207.298 185.693 0
      vertex -207.17 185.728 10
      vertex -207.17 185.728 0
    endloop
  endfacet
  facet normal -0.263755 0.96459 0
    outer loop
      vertex -207.298 185.693 0
      vertex -207.298 185.693 10
      vertex -207.17 185.728 10
    endloop
  endfacet
  facet normal 0.184289 0.982872 0
    outer loop
      vertex -207.938 185.813 0
      vertex -207.298 185.693 10
      vertex -207.298 185.693 0
    endloop
  endfacet
  facet normal 0.184289 0.982872 -0
    outer loop
      vertex -207.938 185.813 0
      vertex -207.938 185.813 10
      vertex -207.298 185.693 10
    endloop
  endfacet
  facet normal 0.698023 0.716075 0
    outer loop
      vertex -208.057 185.929 0
      vertex -207.938 185.813 10
      vertex -207.938 185.813 0
    endloop
  endfacet
  facet normal 0.698023 0.716075 -0
    outer loop
      vertex -208.057 185.929 0
      vertex -208.057 185.929 10
      vertex -207.938 185.813 10
    endloop
  endfacet
  facet normal 0.978695 0.205321 0
    outer loop
      vertex -208.357 187.359 0
      vertex -208.057 185.929 10
      vertex -208.057 185.929 0
    endloop
  endfacet
  facet normal 0.978695 0.205321 -0
    outer loop
      vertex -208.357 187.359 0
      vertex -208.357 187.359 10
      vertex -208.057 185.929 10
    endloop
  endfacet
  facet normal 0.912874 -0.408242 0
    outer loop
      vertex -208.285 187.52 0
      vertex -208.357 187.359 10
      vertex -208.357 187.359 0
    endloop
  endfacet
  facet normal 0.912874 -0.408242 0
    outer loop
      vertex -208.285 187.52 0
      vertex -208.285 187.52 10
      vertex -208.357 187.359 10
    endloop
  endfacet
  facet normal -0.136085 -0.990697 0
    outer loop
      vertex -208.103 187.495 0
      vertex -208.285 187.52 10
      vertex -208.285 187.52 0
    endloop
  endfacet
  facet normal -0.136085 -0.990697 0
    outer loop
      vertex -208.103 187.495 0
      vertex -208.103 187.495 10
      vertex -208.285 187.52 10
    endloop
  endfacet
  facet normal -0.712595 -0.701576 0
    outer loop
      vertex -207.53 186.913 0
      vertex -208.103 187.495 10
      vertex -208.103 187.495 0
    endloop
  endfacet
  facet normal -0.712595 -0.701576 0
    outer loop
      vertex -207.53 186.913 0
      vertex -207.53 186.913 10
      vertex -208.103 187.495 10
    endloop
  endfacet
  facet normal -0.450251 -0.892902 0
    outer loop
      vertex -205.18 185.728 0
      vertex -207.53 186.913 10
      vertex -207.53 186.913 0
    endloop
  endfacet
  facet normal -0.450251 -0.892902 0
    outer loop
      vertex -205.18 185.728 0
      vertex -205.18 185.728 10
      vertex -207.53 186.913 10
    endloop
  endfacet
  facet normal 0.219419 -0.975631 0
    outer loop
      vertex -204.433 185.896 0
      vertex -205.18 185.728 10
      vertex -205.18 185.728 0
    endloop
  endfacet
  facet normal 0.219419 -0.975631 0
    outer loop
      vertex -204.433 185.896 0
      vertex -204.433 185.896 10
      vertex -205.18 185.728 10
    endloop
  endfacet
  facet normal -0.479206 -0.877703 0
    outer loop
      vertex -204.259 185.801 0
      vertex -204.433 185.896 10
      vertex -204.433 185.896 0
    endloop
  endfacet
  facet normal -0.479206 -0.877703 0
    outer loop
      vertex -204.259 185.801 0
      vertex -204.259 185.801 10
      vertex -204.433 185.896 10
    endloop
  endfacet
  facet normal -0.939376 -0.34289 0
    outer loop
      vertex -204.163 185.538 0
      vertex -204.259 185.801 10
      vertex -204.259 185.801 0
    endloop
  endfacet
  facet normal -0.939376 -0.34289 0
    outer loop
      vertex -204.163 185.538 0
      vertex -204.163 185.538 10
      vertex -204.259 185.801 10
    endloop
  endfacet
  facet normal -0.334595 -0.942362 0
    outer loop
      vertex -201.831 184.71 0
      vertex -204.163 185.538 10
      vertex -204.163 185.538 0
    endloop
  endfacet
  facet normal -0.334595 -0.942362 0
    outer loop
      vertex -201.831 184.71 0
      vertex -201.831 184.71 10
      vertex -204.163 185.538 10
    endloop
  endfacet
  facet normal 0.648305 -0.761381 0
    outer loop
      vertex -201.427 185.054 0
      vertex -201.831 184.71 10
      vertex -201.831 184.71 0
    endloop
  endfacet
  facet normal 0.648305 -0.761381 0
    outer loop
      vertex -201.427 185.054 0
      vertex -201.427 185.054 10
      vertex -201.831 184.71 10
    endloop
  endfacet
  facet normal 0.178304 -0.983975 0
    outer loop
      vertex -201.278 185.081 0
      vertex -201.427 185.054 10
      vertex -201.427 185.054 0
    endloop
  endfacet
  facet normal 0.178304 -0.983975 0
    outer loop
      vertex -201.278 185.081 0
      vertex -201.278 185.081 10
      vertex -201.427 185.054 10
    endloop
  endfacet
  facet normal -0.349478 -0.936945 0
    outer loop
      vertex -200.841 184.918 0
      vertex -201.278 185.081 10
      vertex -201.278 185.081 0
    endloop
  endfacet
  facet normal -0.349478 -0.936945 0
    outer loop
      vertex -200.841 184.918 0
      vertex -200.841 184.918 10
      vertex -201.278 185.081 10
    endloop
  endfacet
  facet normal 0.565985 -0.824416 0
    outer loop
      vertex -200.455 185.183 0
      vertex -200.841 184.918 10
      vertex -200.841 184.918 0
    endloop
  endfacet
  facet normal 0.565985 -0.824416 0
    outer loop
      vertex -200.455 185.183 0
      vertex -200.455 185.183 10
      vertex -200.841 184.918 10
    endloop
  endfacet
  facet normal 0.882152 -0.470964 0
    outer loop
      vertex -200.195 185.67 0
      vertex -200.455 185.183 10
      vertex -200.455 185.183 0
    endloop
  endfacet
  facet normal 0.882152 -0.470964 0
    outer loop
      vertex -200.195 185.67 0
      vertex -200.195 185.67 10
      vertex -200.455 185.183 10
    endloop
  endfacet
  facet normal 0.932903 0.360128 0
    outer loop
      vertex -200.51 186.486 0
      vertex -200.195 185.67 10
      vertex -200.195 185.67 0
    endloop
  endfacet
  facet normal 0.932903 0.360128 -0
    outer loop
      vertex -200.51 186.486 0
      vertex -200.51 186.486 10
      vertex -200.195 185.67 10
    endloop
  endfacet
  facet normal 0.966705 -0.255893 0
    outer loop
      vertex -200.465 186.656 0
      vertex -200.51 186.486 10
      vertex -200.51 186.486 0
    endloop
  endfacet
  facet normal 0.966705 -0.255893 0
    outer loop
      vertex -200.465 186.656 0
      vertex -200.465 186.656 10
      vertex -200.51 186.486 10
    endloop
  endfacet
  facet normal 0.259682 -0.965694 0
    outer loop
      vertex -200.346 186.688 0
      vertex -200.465 186.656 10
      vertex -200.465 186.656 0
    endloop
  endfacet
  facet normal 0.259682 -0.965694 0
    outer loop
      vertex -200.346 186.688 0
      vertex -200.346 186.688 10
      vertex -200.465 186.656 10
    endloop
  endfacet
  facet normal -0.158267 -0.987396 0
    outer loop
      vertex -199.928 186.621 0
      vertex -200.346 186.688 10
      vertex -200.346 186.688 0
    endloop
  endfacet
  facet normal -0.158267 -0.987396 0
    outer loop
      vertex -199.928 186.621 0
      vertex -199.928 186.621 10
      vertex -200.346 186.688 10
    endloop
  endfacet
  facet normal 0.914976 0.403507 0
    outer loop
      vertex -200.227 187.299 0
      vertex -199.928 186.621 10
      vertex -199.928 186.621 0
    endloop
  endfacet
  facet normal 0.914976 0.403507 -0
    outer loop
      vertex -200.227 187.299 0
      vertex -200.227 187.299 10
      vertex -199.928 186.621 10
    endloop
  endfacet
  facet normal 0.925913 -0.377736 0
    outer loop
      vertex -200.145 187.5 0
      vertex -200.227 187.299 10
      vertex -200.227 187.299 0
    endloop
  endfacet
  facet normal 0.925913 -0.377736 0
    outer loop
      vertex -200.145 187.5 0
      vertex -200.145 187.5 10
      vertex -200.227 187.299 10
    endloop
  endfacet
  facet normal 0.365088 -0.930973 0
    outer loop
      vertex -199.635 187.7 0
      vertex -200.145 187.5 10
      vertex -200.145 187.5 0
    endloop
  endfacet
  facet normal 0.365088 -0.930973 0
    outer loop
      vertex -199.635 187.7 0
      vertex -199.635 187.7 10
      vertex -200.145 187.5 10
    endloop
  endfacet
  facet normal -0.33441 -0.942428 0
    outer loop
      vertex -199.449 187.634 0
      vertex -199.635 187.7 10
      vertex -199.635 187.7 0
    endloop
  endfacet
  facet normal -0.33441 -0.942428 0
    outer loop
      vertex -199.449 187.634 0
      vertex -199.449 187.634 10
      vertex -199.635 187.7 10
    endloop
  endfacet
  facet normal -0.870851 -0.491547 0
    outer loop
      vertex -199.068 186.959 0
      vertex -199.449 187.634 10
      vertex -199.449 187.634 0
    endloop
  endfacet
  facet normal -0.870851 -0.491547 0
    outer loop
      vertex -199.068 186.959 0
      vertex -199.068 186.959 10
      vertex -199.449 187.634 10
    endloop
  endfacet
  facet normal 0.104143 -0.994562 0
    outer loop
      vertex -198.686 186.999 0
      vertex -199.068 186.959 10
      vertex -199.068 186.959 0
    endloop
  endfacet
  facet normal 0.104143 -0.994562 0
    outer loop
      vertex -198.686 186.999 0
      vertex -198.686 186.999 10
      vertex -199.068 186.959 10
    endloop
  endfacet
  facet normal -0.210247 -0.977648 0
    outer loop
      vertex -198.593 186.979 0
      vertex -198.686 186.999 10
      vertex -198.686 186.999 0
    endloop
  endfacet
  facet normal -0.210247 -0.977648 0
    outer loop
      vertex -198.593 186.979 0
      vertex -198.593 186.979 10
      vertex -198.686 186.999 10
    endloop
  endfacet
  facet normal -0.516136 -0.856507 0
    outer loop
      vertex -198.286 186.794 0
      vertex -198.593 186.979 10
      vertex -198.593 186.979 0
    endloop
  endfacet
  facet normal -0.516136 -0.856507 0
    outer loop
      vertex -198.286 186.794 0
      vertex -198.286 186.794 10
      vertex -198.593 186.979 10
    endloop
  endfacet
  facet normal 0.979715 0.200396 0
    outer loop
      vertex -198.367 187.19 0
      vertex -198.286 186.794 10
      vertex -198.286 186.794 0
    endloop
  endfacet
  facet normal 0.979715 0.200396 -0
    outer loop
      vertex -198.367 187.19 0
      vertex -198.367 187.19 10
      vertex -198.286 186.794 10
    endloop
  endfacet
  facet normal 0.909781 -0.415088 0
    outer loop
      vertex -198.294 187.35 0
      vertex -198.367 187.19 10
      vertex -198.367 187.19 0
    endloop
  endfacet
  facet normal 0.909781 -0.415088 0
    outer loop
      vertex -198.294 187.35 0
      vertex -198.294 187.35 10
      vertex -198.367 187.19 10
    endloop
  endfacet
  facet normal -0.0496282 -0.998768 0
    outer loop
      vertex -198.133 187.342 0
      vertex -198.294 187.35 10
      vertex -198.294 187.35 0
    endloop
  endfacet
  facet normal -0.0496282 -0.998768 0
    outer loop
      vertex -198.133 187.342 0
      vertex -198.133 187.342 10
      vertex -198.294 187.35 10
    endloop
  endfacet
  facet normal -0.583135 -0.812375 0
    outer loop
      vertex -197.364 186.79 0
      vertex -198.133 187.342 10
      vertex -198.133 187.342 0
    endloop
  endfacet
  facet normal -0.583135 -0.812375 0
    outer loop
      vertex -197.364 186.79 0
      vertex -197.364 186.79 10
      vertex -198.133 187.342 10
    endloop
  endfacet
  facet normal 0.522958 -0.852358 0
    outer loop
      vertex -195.902 187.687 0
      vertex -197.364 186.79 10
      vertex -197.364 186.79 0
    endloop
  endfacet
  facet normal 0.522958 -0.852358 0
    outer loop
      vertex -195.902 187.687 0
      vertex -195.902 187.687 10
      vertex -197.364 186.79 10
    endloop
  endfacet
  facet normal 0.875765 -0.482739 0
    outer loop
      vertex -194.094 190.967 0
      vertex -195.902 187.687 10
      vertex -195.902 187.687 0
    endloop
  endfacet
  facet normal 0.875765 -0.482739 0
    outer loop
      vertex -194.094 190.967 0
      vertex -194.094 190.967 10
      vertex -195.902 187.687 10
    endloop
  endfacet
  facet normal 0.911553 -0.411182 0
    outer loop
      vertex -193.55 192.173 0
      vertex -194.094 190.967 10
      vertex -194.094 190.967 0
    endloop
  endfacet
  facet normal 0.911553 -0.411182 0
    outer loop
      vertex -193.55 192.173 0
      vertex -193.55 192.173 10
      vertex -194.094 190.967 10
    endloop
  endfacet
  facet normal 0.999878 -0.015596 0
    outer loop
      vertex -193.541 192.75 0
      vertex -193.55 192.173 10
      vertex -193.55 192.173 0
    endloop
  endfacet
  facet normal 0.999878 -0.015596 0
    outer loop
      vertex -193.541 192.75 0
      vertex -193.541 192.75 10
      vertex -193.55 192.173 10
    endloop
  endfacet
  facet normal 0.376875 0.926264 0
    outer loop
      vertex -194.239 193.034 0
      vertex -193.541 192.75 10
      vertex -193.541 192.75 0
    endloop
  endfacet
  facet normal 0.376875 0.926264 -0
    outer loop
      vertex -194.239 193.034 0
      vertex -194.239 193.034 10
      vertex -193.541 192.75 10
    endloop
  endfacet
  facet normal 0.132219 0.99122 0
    outer loop
      vertex -197.74 193.501 0
      vertex -194.239 193.034 10
      vertex -194.239 193.034 0
    endloop
  endfacet
  facet normal 0.132219 0.99122 -0
    outer loop
      vertex -197.74 193.501 0
      vertex -197.74 193.501 10
      vertex -194.239 193.034 10
    endloop
  endfacet
  facet normal 0.466547 0.884496 0
    outer loop
      vertex -197.831 193.549 0
      vertex -197.74 193.501 10
      vertex -197.74 193.501 0
    endloop
  endfacet
  facet normal 0.466547 0.884496 -0
    outer loop
      vertex -197.831 193.549 0
      vertex -197.831 193.549 10
      vertex -197.74 193.501 10
    endloop
  endfacet
  facet normal 0.73975 0.672882 0
    outer loop
      vertex -199.914 195.839 0
      vertex -197.831 193.549 10
      vertex -197.831 193.549 0
    endloop
  endfacet
  facet normal 0.73975 0.672882 -0
    outer loop
      vertex -199.914 195.839 0
      vertex -199.914 195.839 10
      vertex -197.831 193.549 10
    endloop
  endfacet
  facet normal 0.306734 0.951795 0
    outer loop
      vertex -202.083 196.538 0
      vertex -199.914 195.839 10
      vertex -199.914 195.839 0
    endloop
  endfacet
  facet normal 0.306734 0.951795 -0
    outer loop
      vertex -202.083 196.538 0
      vertex -202.083 196.538 10
      vertex -199.914 195.839 10
    endloop
  endfacet
  facet normal -0.97183 0.235683 0
    outer loop
      vertex -202.164 196.204 0
      vertex -202.083 196.538 10
      vertex -202.083 196.538 0
    endloop
  endfacet
  facet normal -0.97183 0.235683 0
    outer loop
      vertex -202.164 196.204 0
      vertex -202.164 196.204 10
      vertex -202.083 196.538 10
    endloop
  endfacet
  facet normal -0.645181 0.76403 0
    outer loop
      vertex -202.299 196.09 0
      vertex -202.164 196.204 10
      vertex -202.164 196.204 0
    endloop
  endfacet
  facet normal -0.645181 0.76403 0
    outer loop
      vertex -202.299 196.09 0
      vertex -202.299 196.09 10
      vertex -202.164 196.204 10
    endloop
  endfacet
  facet normal 0.313613 0.949551 0
    outer loop
      vertex -202.408 196.126 0
      vertex -202.299 196.09 10
      vertex -202.299 196.09 0
    endloop
  endfacet
  facet normal 0.313613 0.949551 -0
    outer loop
      vertex -202.408 196.126 0
      vertex -202.408 196.126 10
      vertex -202.299 196.09 10
    endloop
  endfacet
  facet normal 0.650037 0.759902 0
    outer loop
      vertex -203.238 196.836 0
      vertex -202.408 196.126 10
      vertex -202.408 196.126 0
    endloop
  endfacet
  facet normal 0.650037 0.759902 -0
    outer loop
      vertex -203.238 196.836 0
      vertex -203.238 196.836 10
      vertex -202.408 196.126 10
    endloop
  endfacet
  facet normal 0.972746 0.231875 0
    outer loop
      vertex -203.279 197.008 0
      vertex -203.238 196.836 10
      vertex -203.238 196.836 0
    endloop
  endfacet
  facet normal 0.972746 0.231875 -0
    outer loop
      vertex -203.279 197.008 0
      vertex -203.279 197.008 10
      vertex -203.238 196.836 10
    endloop
  endfacet
  facet normal 0.522829 -0.852438 0
    outer loop
      vertex -203.129 197.1 0
      vertex -203.279 197.008 10
      vertex -203.279 197.008 0
    endloop
  endfacet
  facet normal 0.522829 -0.852438 0
    outer loop
      vertex -203.129 197.1 0
      vertex -203.129 197.1 10
      vertex -203.279 197.008 10
    endloop
  endfacet
  facet normal -0.0735706 -0.99729 0
    outer loop
      vertex -200.689 196.92 0
      vertex -203.129 197.1 10
      vertex -203.129 197.1 0
    endloop
  endfacet
  facet normal -0.0735706 -0.99729 0
    outer loop
      vertex -200.689 196.92 0
      vertex -200.689 196.92 10
      vertex -203.129 197.1 10
    endloop
  endfacet
  facet normal -0.211333 -0.977414 0
    outer loop
      vertex -200.652 196.912 0
      vertex -200.689 196.92 10
      vertex -200.689 196.92 0
    endloop
  endfacet
  facet normal -0.211333 -0.977414 0
    outer loop
      vertex -200.652 196.912 0
      vertex -200.652 196.912 10
      vertex -200.689 196.92 10
    endloop
  endfacet
  facet normal -0.318408 -0.947954 0
    outer loop
      vertex -200 196.693 0
      vertex -200.652 196.912 10
      vertex -200.652 196.912 0
    endloop
  endfacet
  facet normal -0.318408 -0.947954 0
    outer loop
      vertex -200 196.693 0
      vertex -200 196.693 10
      vertex -200.652 196.912 10
    endloop
  endfacet
  facet normal 0.934218 0.356702 0
    outer loop
      vertex -200.021 196.748 0
      vertex -200 196.693 10
      vertex -200 196.693 0
    endloop
  endfacet
  facet normal 0.934218 0.356702 -0
    outer loop
      vertex -200.021 196.748 0
      vertex -200.021 196.748 10
      vertex -200 196.693 10
    endloop
  endfacet
  facet normal 0.833317 -0.552795 0
    outer loop
      vertex -199.887 196.95 0
      vertex -200.021 196.748 10
      vertex -200.021 196.748 0
    endloop
  endfacet
  facet normal 0.833317 -0.552795 0
    outer loop
      vertex -199.887 196.95 0
      vertex -199.887 196.95 10
      vertex -200.021 196.748 10
    endloop
  endfacet
  facet normal 0.0454077 -0.998969 0
    outer loop
      vertex -199.447 196.97 0
      vertex -199.887 196.95 10
      vertex -199.887 196.95 0
    endloop
  endfacet
  facet normal 0.0454077 -0.998969 0
    outer loop
      vertex -199.447 196.97 0
      vertex -199.447 196.97 10
      vertex -199.887 196.95 10
    endloop
  endfacet
  facet normal -0.255587 -0.966786 0
    outer loop
      vertex -199.36 196.947 0
      vertex -199.447 196.97 10
      vertex -199.447 196.97 0
    endloop
  endfacet
  facet normal -0.255587 -0.966786 0
    outer loop
      vertex -199.36 196.947 0
      vertex -199.36 196.947 10
      vertex -199.447 196.97 10
    endloop
  endfacet
  facet normal -0.531705 -0.84693 0
    outer loop
      vertex -197.13 195.547 0
      vertex -199.36 196.947 10
      vertex -199.36 196.947 0
    endloop
  endfacet
  facet normal -0.531705 -0.84693 0
    outer loop
      vertex -197.13 195.547 0
      vertex -197.13 195.547 10
      vertex -199.36 196.947 10
    endloop
  endfacet
  facet normal -0.617822 -0.786318 0
    outer loop
      vertex -197.102 195.525 0
      vertex -197.13 195.547 10
      vertex -197.13 195.547 0
    endloop
  endfacet
  facet normal -0.617822 -0.786318 0
    outer loop
      vertex -197.102 195.525 0
      vertex -197.102 195.525 10
      vertex -197.13 195.547 10
    endloop
  endfacet
  facet normal -0.71741 -0.696651 0
    outer loop
      vertex -195.424 193.797 0
      vertex -197.102 195.525 10
      vertex -197.102 195.525 0
    endloop
  endfacet
  facet normal -0.71741 -0.696651 0
    outer loop
      vertex -195.424 193.797 0
      vertex -195.424 193.797 10
      vertex -197.102 195.525 10
    endloop
  endfacet
  facet normal -0.043146 -0.999069 0
    outer loop
      vertex -194.382 193.752 0
      vertex -195.424 193.797 10
      vertex -195.424 193.797 0
    endloop
  endfacet
  facet normal -0.043146 -0.999069 0
    outer loop
      vertex -194.382 193.752 0
      vertex -194.382 193.752 10
      vertex -195.424 193.797 10
    endloop
  endfacet
  facet normal 0.552937 -0.833223 0
    outer loop
      vertex -193.618 194.259 0
      vertex -194.382 193.752 10
      vertex -194.382 193.752 0
    endloop
  endfacet
  facet normal 0.552937 -0.833223 0
    outer loop
      vertex -193.618 194.259 0
      vertex -193.618 194.259 10
      vertex -194.382 193.752 10
    endloop
  endfacet
  facet normal 0.827418 -0.561587 0
    outer loop
      vertex -191.197 197.826 0
      vertex -193.618 194.259 10
      vertex -193.618 194.259 0
    endloop
  endfacet
  facet normal 0.827418 -0.561587 0
    outer loop
      vertex -191.197 197.826 0
      vertex -191.197 197.826 10
      vertex -193.618 194.259 10
    endloop
  endfacet
  facet normal 0.862363 0.506291 0
    outer loop
      vertex -191.47 198.291 0
      vertex -191.197 197.826 10
      vertex -191.197 197.826 0
    endloop
  endfacet
  facet normal 0.862363 0.506291 -0
    outer loop
      vertex -191.47 198.291 0
      vertex -191.47 198.291 10
      vertex -191.197 197.826 10
    endloop
  endfacet
  facet normal 0.508542 0.861037 0
    outer loop
      vertex -192.706 199.021 0
      vertex -191.47 198.291 10
      vertex -191.47 198.291 0
    endloop
  endfacet
  facet normal 0.508542 0.861037 -0
    outer loop
      vertex -192.706 199.021 0
      vertex -192.706 199.021 10
      vertex -191.47 198.291 10
    endloop
  endfacet
  facet normal 0.853108 0.521735 0
    outer loop
      vertex -192.78 199.142 0
      vertex -192.706 199.021 10
      vertex -192.706 199.021 0
    endloop
  endfacet
  facet normal 0.853108 0.521735 -0
    outer loop
      vertex -192.78 199.142 0
      vertex -192.78 199.142 10
      vertex -192.706 199.021 10
    endloop
  endfacet
  facet normal 0.99846 0.05547 0
    outer loop
      vertex -192.83 200.042 0
      vertex -192.78 199.142 10
      vertex -192.78 199.142 0
    endloop
  endfacet
  facet normal 0.99846 0.05547 -0
    outer loop
      vertex -192.83 200.042 0
      vertex -192.83 200.042 10
      vertex -192.78 199.142 10
    endloop
  endfacet
  facet normal 0.72294 -0.690911 0
    outer loop
      vertex -192.679 200.2 0
      vertex -192.83 200.042 10
      vertex -192.83 200.042 0
    endloop
  endfacet
  facet normal 0.72294 -0.690911 0
    outer loop
      vertex -192.679 200.2 0
      vertex -192.679 200.2 10
      vertex -192.83 200.042 10
    endloop
  endfacet
  facet normal -0.00709202 -0.999975 0
    outer loop
      vertex -191.269 200.19 0
      vertex -192.679 200.2 10
      vertex -192.679 200.2 0
    endloop
  endfacet
  facet normal -0.00709202 -0.999975 0
    outer loop
      vertex -191.269 200.19 0
      vertex -191.269 200.19 10
      vertex -192.679 200.2 10
    endloop
  endfacet
  facet normal 0.255919 -0.966698 0
    outer loop
      vertex -190.268 200.455 0
      vertex -191.269 200.19 10
      vertex -191.269 200.19 0
    endloop
  endfacet
  facet normal 0.255919 -0.966698 0
    outer loop
      vertex -190.268 200.455 0
      vertex -190.268 200.455 10
      vertex -191.269 200.19 10
    endloop
  endfacet
  facet normal -0.104192 -0.994557 0
    outer loop
      vertex -190.163 200.444 0
      vertex -190.268 200.455 10
      vertex -190.268 200.455 0
    endloop
  endfacet
  facet normal -0.104192 -0.994557 0
    outer loop
      vertex -190.163 200.444 0
      vertex -190.163 200.444 10
      vertex -190.268 200.455 10
    endloop
  endfacet
  facet normal -0.447214 -0.894427 0
    outer loop
      vertex -189.803 200.264 0
      vertex -190.163 200.444 10
      vertex -190.163 200.444 0
    endloop
  endfacet
  facet normal -0.447214 -0.894427 0
    outer loop
      vertex -189.803 200.264 0
      vertex -189.803 200.264 10
      vertex -190.163 200.444 10
    endloop
  endfacet
  facet normal -0.667545 -0.744569 0
    outer loop
      vertex -189.745 200.212 0
      vertex -189.803 200.264 10
      vertex -189.803 200.264 0
    endloop
  endfacet
  facet normal -0.667545 -0.744569 0
    outer loop
      vertex -189.745 200.212 0
      vertex -189.745 200.212 10
      vertex -189.803 200.264 10
    endloop
  endfacet
  facet normal -0.835187 -0.549966 0
    outer loop
      vertex -188.993 199.07 0
      vertex -189.745 200.212 10
      vertex -189.745 200.212 0
    endloop
  endfacet
  facet normal -0.835187 -0.549966 0
    outer loop
      vertex -188.993 199.07 0
      vertex -188.993 199.07 10
      vertex -189.745 200.212 10
    endloop
  endfacet
  facet normal -0.529544 -0.848282 0
    outer loop
      vertex -187.987 198.442 0
      vertex -188.993 199.07 10
      vertex -188.993 199.07 0
    endloop
  endfacet
  facet normal -0.529544 -0.848282 0
    outer loop
      vertex -187.987 198.442 0
      vertex -187.987 198.442 10
      vertex -188.993 199.07 10
    endloop
  endfacet
  facet normal -0.440157 -0.897921 0
    outer loop
      vertex -187.783 198.342 0
      vertex -187.987 198.442 10
      vertex -187.987 198.442 0
    endloop
  endfacet
  facet normal -0.440157 -0.897921 0
    outer loop
      vertex -187.783 198.342 0
      vertex -187.783 198.342 10
      vertex -187.987 198.442 10
    endloop
  endfacet
  facet normal 0.834054 -0.551683 0
    outer loop
      vertex -187.445 198.853 0
      vertex -187.783 198.342 10
      vertex -187.783 198.342 0
    endloop
  endfacet
  facet normal 0.834054 -0.551683 0
    outer loop
      vertex -187.445 198.853 0
      vertex -187.445 198.853 10
      vertex -187.783 198.342 10
    endloop
  endfacet
  facet normal 0.272682 -0.962104 0
    outer loop
      vertex -187.258 198.906 0
      vertex -187.445 198.853 10
      vertex -187.445 198.853 0
    endloop
  endfacet
  facet normal 0.272682 -0.962104 0
    outer loop
      vertex -187.258 198.906 0
      vertex -187.258 198.906 10
      vertex -187.445 198.853 10
    endloop
  endfacet
  facet normal -0.415926 -0.909398 0
    outer loop
      vertex -186.484 198.552 0
      vertex -187.258 198.906 10
      vertex -187.258 198.906 0
    endloop
  endfacet
  facet normal -0.415926 -0.909398 0
    outer loop
      vertex -186.484 198.552 0
      vertex -186.484 198.552 10
      vertex -187.258 198.906 10
    endloop
  endfacet
  facet normal 0.972432 -0.233185 0
    outer loop
      vertex -186.437 198.748 0
      vertex -186.484 198.552 10
      vertex -186.484 198.552 0
    endloop
  endfacet
  facet normal 0.972432 -0.233185 0
    outer loop
      vertex -186.437 198.748 0
      vertex -186.437 198.748 10
      vertex -186.484 198.552 10
    endloop
  endfacet
  facet normal 0.927873 0.372896 0
    outer loop
      vertex -187.291 200.873 0
      vertex -186.437 198.748 10
      vertex -186.437 198.748 0
    endloop
  endfacet
  facet normal 0.927873 0.372896 -0
    outer loop
      vertex -187.291 200.873 0
      vertex -187.291 200.873 10
      vertex -186.437 198.748 10
    endloop
  endfacet
  facet normal 0.775058 0.63189 0
    outer loop
      vertex -188.39 202.221 0
      vertex -187.291 200.873 10
      vertex -187.291 200.873 0
    endloop
  endfacet
  facet normal 0.775058 0.63189 -0
    outer loop
      vertex -188.39 202.221 0
      vertex -188.39 202.221 10
      vertex -187.291 200.873 10
    endloop
  endfacet
  facet normal 0.150274 0.988644 0
    outer loop
      vertex -188.515 202.24 0
      vertex -188.39 202.221 10
      vertex -188.39 202.221 0
    endloop
  endfacet
  facet normal 0.150274 0.988644 -0
    outer loop
      vertex -188.515 202.24 0
      vertex -188.515 202.24 10
      vertex -188.39 202.221 10
    endloop
  endfacet
  facet normal -0.725953 0.687745 0
    outer loop
      vertex -188.821 201.917 0
      vertex -188.515 202.24 10
      vertex -188.515 202.24 0
    endloop
  endfacet
  facet normal -0.725953 0.687745 0
    outer loop
      vertex -188.821 201.917 0
      vertex -188.821 201.917 10
      vertex -188.515 202.24 10
    endloop
  endfacet
  facet normal -0.0380676 0.999275 0
    outer loop
      vertex -189.031 201.909 0
      vertex -188.821 201.917 10
      vertex -188.821 201.917 0
    endloop
  endfacet
  facet normal -0.0380676 0.999275 0
    outer loop
      vertex -189.031 201.909 0
      vertex -189.031 201.909 10
      vertex -188.821 201.917 10
    endloop
  endfacet
  facet normal 0.670913 0.741536 0
    outer loop
      vertex -189.241 202.099 0
      vertex -189.031 201.909 10
      vertex -189.031 201.909 0
    endloop
  endfacet
  facet normal 0.670913 0.741536 -0
    outer loop
      vertex -189.241 202.099 0
      vertex -189.241 202.099 10
      vertex -189.031 201.909 10
    endloop
  endfacet
  facet normal 0.998053 0.0623783 0
    outer loop
      vertex -189.254 202.307 0
      vertex -189.241 202.099 10
      vertex -189.241 202.099 0
    endloop
  endfacet
  facet normal 0.998053 0.0623783 -0
    outer loop
      vertex -189.254 202.307 0
      vertex -189.254 202.307 10
      vertex -189.241 202.099 10
    endloop
  endfacet
  facet normal 0.760034 -0.649884 0
    outer loop
      vertex -188.664 202.997 0
      vertex -189.254 202.307 10
      vertex -189.254 202.307 0
    endloop
  endfacet
  facet normal 0.760034 -0.649884 0
    outer loop
      vertex -188.664 202.997 0
      vertex -188.664 202.997 10
      vertex -189.254 202.307 10
    endloop
  endfacet
  facet normal 0.222825 -0.974859 0
    outer loop
      vertex -188.489 203.037 0
      vertex -188.664 202.997 10
      vertex -188.664 202.997 0
    endloop
  endfacet
  facet normal 0.222825 -0.974859 0
    outer loop
      vertex -188.489 203.037 0
      vertex -188.489 203.037 10
      vertex -188.664 202.997 10
    endloop
  endfacet
  facet normal -0.409815 -0.912169 0
    outer loop
      vertex -187.799 202.727 0
      vertex -188.489 203.037 10
      vertex -188.489 203.037 0
    endloop
  endfacet
  facet normal -0.409815 -0.912169 0
    outer loop
      vertex -187.799 202.727 0
      vertex -187.799 202.727 10
      vertex -188.489 203.037 10
    endloop
  endfacet
  facet normal -0.619644 -0.784883 0
    outer loop
      vertex -187.742 202.682 0
      vertex -187.799 202.727 10
      vertex -187.799 202.727 0
    endloop
  endfacet
  facet normal -0.619644 -0.784883 0
    outer loop
      vertex -187.742 202.682 0
      vertex -187.742 202.682 10
      vertex -187.799 202.727 10
    endloop
  endfacet
  facet normal -0.789912 -0.613221 0
    outer loop
      vertex -187.152 201.922 0
      vertex -187.742 202.682 10
      vertex -187.742 202.682 0
    endloop
  endfacet
  facet normal -0.789912 -0.613221 0
    outer loop
      vertex -187.152 201.922 0
      vertex -187.152 201.922 10
      vertex -187.742 202.682 10
    endloop
  endfacet
  facet normal -0.971377 0.237542 0
    outer loop
      vertex -187.208 201.693 0
      vertex -187.152 201.922 10
      vertex -187.152 201.922 0
    endloop
  endfacet
  facet normal -0.971377 0.237542 0
    outer loop
      vertex -187.208 201.693 0
      vertex -187.208 201.693 10
      vertex -187.152 201.922 10
    endloop
  endfacet
  facet normal -0.402739 0.915315 0
    outer loop
      vertex -187.283 201.66 0
      vertex -187.208 201.693 10
      vertex -187.208 201.693 0
    endloop
  endfacet
  facet normal -0.402739 0.915315 0
    outer loop
      vertex -187.283 201.66 0
      vertex -187.283 201.66 10
      vertex -187.208 201.693 10
    endloop
  endfacet
  facet normal -0.951223 -0.308505 0
    outer loop
      vertex -187.271 201.623 0
      vertex -187.283 201.66 10
      vertex -187.283 201.66 0
    endloop
  endfacet
  facet normal -0.951223 -0.308505 0
    outer loop
      vertex -187.271 201.623 0
      vertex -187.271 201.623 10
      vertex -187.283 201.66 10
    endloop
  endfacet
  facet normal -0.379496 -0.925194 0
    outer loop
      vertex -186.603 201.349 0
      vertex -187.271 201.623 10
      vertex -187.271 201.623 0
    endloop
  endfacet
  facet normal -0.379496 -0.925194 0
    outer loop
      vertex -186.603 201.349 0
      vertex -186.603 201.349 10
      vertex -187.271 201.623 10
    endloop
  endfacet
  facet normal -0.688508 -0.725229 0
    outer loop
      vertex -186.524 201.274 0
      vertex -186.603 201.349 10
      vertex -186.603 201.349 0
    endloop
  endfacet
  facet normal -0.688508 -0.725229 0
    outer loop
      vertex -186.524 201.274 0
      vertex -186.524 201.274 10
      vertex -186.603 201.349 10
    endloop
  endfacet
  facet normal -0.904685 -0.426081 0
    outer loop
      vertex -185.656 199.431 0
      vertex -186.524 201.274 10
      vertex -186.524 201.274 0
    endloop
  endfacet
  facet normal -0.904685 -0.426081 0
    outer loop
      vertex -185.656 199.431 0
      vertex -185.656 199.431 10
      vertex -186.524 201.274 10
    endloop
  endfacet
  facet normal -0.215001 -0.976614 0
    outer loop
      vertex -185.388 199.372 0
      vertex -185.656 199.431 10
      vertex -185.656 199.431 0
    endloop
  endfacet
  facet normal -0.215001 -0.976614 0
    outer loop
      vertex -185.388 199.372 0
      vertex -185.388 199.372 10
      vertex -185.656 199.431 10
    endloop
  endfacet
  facet normal 0.628374 -0.777912 0
    outer loop
      vertex -182.917 201.368 0
      vertex -185.388 199.372 10
      vertex -185.388 199.372 0
    endloop
  endfacet
  facet normal 0.628374 -0.777912 0
    outer loop
      vertex -182.917 201.368 0
      vertex -182.917 201.368 10
      vertex -185.388 199.372 10
    endloop
  endfacet
  facet normal 0.873873 -0.486155 0
    outer loop
      vertex -182.191 202.673 0
      vertex -182.917 201.368 10
      vertex -182.917 201.368 0
    endloop
  endfacet
  facet normal 0.873873 -0.486155 0
    outer loop
      vertex -182.191 202.673 0
      vertex -182.191 202.673 10
      vertex -182.917 201.368 10
    endloop
  endfacet
  facet normal 0.597378 -0.80196 0
    outer loop
      vertex -182.093 202.746 0
      vertex -182.191 202.673 10
      vertex -182.191 202.673 0
    endloop
  endfacet
  facet normal 0.597378 -0.80196 0
    outer loop
      vertex -182.093 202.746 0
      vertex -182.093 202.746 10
      vertex -182.191 202.673 10
    endloop
  endfacet
  facet normal 0.222307 -0.974977 0
    outer loop
      vertex -181.479 202.886 0
      vertex -182.093 202.746 10
      vertex -182.093 202.746 0
    endloop
  endfacet
  facet normal 0.222307 -0.974977 0
    outer loop
      vertex -181.479 202.886 0
      vertex -181.479 202.886 10
      vertex -182.093 202.746 10
    endloop
  endfacet
  facet normal 0.733929 -0.679226 0
    outer loop
      vertex -181.181 203.208 0
      vertex -181.479 202.886 10
      vertex -181.479 202.886 0
    endloop
  endfacet
  facet normal 0.733929 -0.679226 0
    outer loop
      vertex -181.181 203.208 0
      vertex -181.181 203.208 10
      vertex -181.479 202.886 10
    endloop
  endfacet
  facet normal 0.987688 -0.156436 0
    outer loop
      vertex -180.808 205.563 0
      vertex -181.181 203.208 10
      vertex -181.181 203.208 0
    endloop
  endfacet
  facet normal 0.987688 -0.156436 0
    outer loop
      vertex -180.808 205.563 0
      vertex -180.808 205.563 10
      vertex -181.181 203.208 10
    endloop
  endfacet
  facet normal 0.814051 0.580794 0
    outer loop
      vertex -182.292 207.643 0
      vertex -180.808 205.563 10
      vertex -180.808 205.563 0
    endloop
  endfacet
  facet normal 0.814051 0.580794 -0
    outer loop
      vertex -182.292 207.643 0
      vertex -182.292 207.643 10
      vertex -180.808 205.563 10
    endloop
  endfacet
  facet normal 0.878853 0.477092 0
    outer loop
      vertex -182.311 207.678 0
      vertex -182.292 207.643 10
      vertex -182.292 207.643 0
    endloop
  endfacet
  facet normal 0.878853 0.477092 -0
    outer loop
      vertex -182.311 207.678 0
      vertex -182.311 207.678 10
      vertex -182.292 207.643 10
    endloop
  endfacet
  facet normal 0.938343 0.345705 0
    outer loop
      vertex -182.591 208.438 0
      vertex -182.311 207.678 10
      vertex -182.311 207.678 0
    endloop
  endfacet
  facet normal 0.938343 0.345705 -0
    outer loop
      vertex -182.591 208.438 0
      vertex -182.591 208.438 10
      vertex -182.311 207.678 10
    endloop
  endfacet
  facet normal 0.995785 0.091717 0
    outer loop
      vertex -182.598 208.514 0
      vertex -182.591 208.438 10
      vertex -182.591 208.438 0
    endloop
  endfacet
  facet normal 0.995785 0.091717 -0
    outer loop
      vertex -182.598 208.514 0
      vertex -182.598 208.514 10
      vertex -182.591 208.438 10
    endloop
  endfacet
  facet normal 0.986664 -0.162772 0
    outer loop
      vertex -182.452 209.399 0
      vertex -182.598 208.514 10
      vertex -182.598 208.514 0
    endloop
  endfacet
  facet normal 0.986664 -0.162772 0
    outer loop
      vertex -182.452 209.399 0
      vertex -182.452 209.399 10
      vertex -182.598 208.514 10
    endloop
  endfacet
  facet normal -0.526355 0.850265 0
    outer loop
      vertex -182.641 209.282 0
      vertex -182.452 209.399 10
      vertex -182.452 209.399 0
    endloop
  endfacet
  facet normal -0.526355 0.850265 0
    outer loop
      vertex -182.641 209.282 0
      vertex -182.641 209.282 10
      vertex -182.452 209.399 10
    endloop
  endfacet
  facet normal 0.313613 0.949551 0
    outer loop
      vertex -182.859 209.354 0
      vertex -182.641 209.282 10
      vertex -182.641 209.282 0
    endloop
  endfacet
  facet normal 0.313613 0.949551 -0
    outer loop
      vertex -182.859 209.354 0
      vertex -182.859 209.354 10
      vertex -182.641 209.282 10
    endloop
  endfacet
  facet normal 0.927413 0.374039 0
    outer loop
      vertex -183.589 211.164 0
      vertex -182.859 209.354 10
      vertex -182.859 209.354 0
    endloop
  endfacet
  facet normal 0.927413 0.374039 -0
    outer loop
      vertex -183.589 211.164 0
      vertex -183.589 211.164 10
      vertex -182.859 209.354 10
    endloop
  endfacet
  facet normal 0.9341 -0.357012 0
    outer loop
      vertex -183.516 211.355 0
      vertex -183.589 211.164 10
      vertex -183.589 211.164 0
    endloop
  endfacet
  facet normal 0.9341 -0.357012 0
    outer loop
      vertex -183.516 211.355 0
      vertex -183.516 211.355 10
      vertex -183.589 211.164 10
    endloop
  endfacet
  facet normal 0.437724 -0.899109 0
    outer loop
      vertex -182.756 211.725 0
      vertex -183.516 211.355 10
      vertex -183.516 211.355 0
    endloop
  endfacet
  facet normal 0.437724 -0.899109 0
    outer loop
      vertex -182.756 211.725 0
      vertex -182.756 211.725 10
      vertex -183.516 211.355 10
    endloop
  endfacet
  facet normal 0.015871 -0.999874 0
    outer loop
      vertex -182.63 211.727 0
      vertex -182.756 211.725 10
      vertex -182.756 211.725 0
    endloop
  endfacet
  facet normal 0.015871 -0.999874 0
    outer loop
      vertex -182.63 211.727 0
      vertex -182.63 211.727 10
      vertex -182.756 211.725 10
    endloop
  endfacet
  facet normal -0.40199 -0.915644 0
    outer loop
      vertex -182.056 211.475 0
      vertex -182.63 211.727 10
      vertex -182.63 211.727 0
    endloop
  endfacet
  facet normal -0.40199 -0.915644 0
    outer loop
      vertex -182.056 211.475 0
      vertex -182.056 211.475 10
      vertex -182.63 211.727 10
    endloop
  endfacet
  facet normal 0.650986 -0.75909 0
    outer loop
      vertex -180.771 212.577 0
      vertex -182.056 211.475 10
      vertex -182.056 211.475 0
    endloop
  endfacet
  facet normal 0.650986 -0.75909 0
    outer loop
      vertex -180.771 212.577 0
      vertex -180.771 212.577 10
      vertex -182.056 211.475 10
    endloop
  endfacet
  facet normal 0.991368 -0.131109 0
    outer loop
      vertex -180.714 213.008 0
      vertex -180.771 212.577 10
      vertex -180.771 212.577 0
    endloop
  endfacet
  facet normal 0.991368 -0.131109 0
    outer loop
      vertex -180.714 213.008 0
      vertex -180.714 213.008 10
      vertex -180.771 212.577 10
    endloop
  endfacet
  facet normal 0.915463 0.402401 0
    outer loop
      vertex -180.954 213.554 0
      vertex -180.714 213.008 10
      vertex -180.714 213.008 0
    endloop
  endfacet
  facet normal 0.915463 0.402401 -0
    outer loop
      vertex -180.954 213.554 0
      vertex -180.954 213.554 10
      vertex -180.714 213.008 10
    endloop
  endfacet
  facet normal 0.154905 0.987929 0
    outer loop
      vertex -182.153 213.742 0
      vertex -180.954 213.554 10
      vertex -180.954 213.554 0
    endloop
  endfacet
  facet normal 0.154905 0.987929 -0
    outer loop
      vertex -182.153 213.742 0
      vertex -182.153 213.742 10
      vertex -180.954 213.554 10
    endloop
  endfacet
  facet normal 0.704261 0.709941 0
    outer loop
      vertex -182.278 213.866 0
      vertex -182.153 213.742 10
      vertex -182.153 213.742 0
    endloop
  endfacet
  facet normal 0.704261 0.709941 -0
    outer loop
      vertex -182.278 213.866 0
      vertex -182.278 213.866 10
      vertex -182.153 213.742 10
    endloop
  endfacet
  facet normal 0.955942 -0.293557 0
    outer loop
      vertex -182.239 213.993 0
      vertex -182.278 213.866 10
      vertex -182.278 213.866 0
    endloop
  endfacet
  facet normal 0.955942 -0.293557 0
    outer loop
      vertex -182.239 213.993 0
      vertex -182.239 213.993 10
      vertex -182.278 213.866 10
    endloop
  endfacet
  facet normal 0.724113 -0.689681 0
    outer loop
      vertex -180.897 215.402 0
      vertex -182.239 213.993 10
      vertex -182.239 213.993 0
    endloop
  endfacet
  facet normal 0.724113 -0.689681 0
    outer loop
      vertex -180.897 215.402 0
      vertex -180.897 215.402 10
      vertex -182.239 213.993 10
    endloop
  endfacet
  facet normal 0.966543 0.256506 0
    outer loop
      vertex -180.966 215.662 0
      vertex -180.897 215.402 10
      vertex -180.897 215.402 0
    endloop
  endfacet
  facet normal 0.966543 0.256506 -0
    outer loop
      vertex -180.966 215.662 0
      vertex -180.966 215.662 10
      vertex -180.897 215.402 10
    endloop
  endfacet
  facet normal 0.406647 0.913585 0
    outer loop
      vertex -182.132 216.181 0
      vertex -180.966 215.662 10
      vertex -180.966 215.662 0
    endloop
  endfacet
  facet normal 0.406647 0.913585 -0
    outer loop
      vertex -182.132 216.181 0
      vertex -182.132 216.181 10
      vertex -180.966 215.662 10
    endloop
  endfacet
  facet normal -0.269246 0.963071 0
    outer loop
      vertex -182.69 216.025 0
      vertex -182.132 216.181 10
      vertex -182.132 216.181 0
    endloop
  endfacet
  facet normal -0.269246 0.963071 0
    outer loop
      vertex -182.69 216.025 0
      vertex -182.69 216.025 10
      vertex -182.132 216.181 10
    endloop
  endfacet
  facet normal 0.534838 0.844954 0
    outer loop
      vertex -182.878 216.144 0
      vertex -182.69 216.025 10
      vertex -182.69 216.025 0
    endloop
  endfacet
  facet normal 0.534838 0.844954 -0
    outer loop
      vertex -182.878 216.144 0
      vertex -182.878 216.144 10
      vertex -182.69 216.025 10
    endloop
  endfacet
  facet normal 0.984518 0.175282 0
    outer loop
      vertex -183.045 217.082 0
      vertex -182.878 216.144 10
      vertex -182.878 216.144 0
    endloop
  endfacet
  facet normal 0.984518 0.175282 -0
    outer loop
      vertex -183.045 217.082 0
      vertex -183.045 217.082 10
      vertex -182.878 216.144 10
    endloop
  endfacet
  facet normal 0.472169 0.881508 0
    outer loop
      vertex -183.971 217.578 0
      vertex -183.045 217.082 10
      vertex -183.045 217.082 0
    endloop
  endfacet
  facet normal 0.472169 0.881508 -0
    outer loop
      vertex -183.971 217.578 0
      vertex -183.971 217.578 10
      vertex -183.045 217.082 10
    endloop
  endfacet
  facet normal 0.898932 0.438087 0
    outer loop
      vertex -184.048 217.736 0
      vertex -183.971 217.578 10
      vertex -183.971 217.578 0
    endloop
  endfacet
  facet normal 0.898932 0.438087 -0
    outer loop
      vertex -184.048 217.736 0
      vertex -184.048 217.736 10
      vertex -183.971 217.578 10
    endloop
  endfacet
  facet normal 0.778847 -0.627213 0
    outer loop
      vertex -183.957 217.849 0
      vertex -184.048 217.736 10
      vertex -184.048 217.736 0
    endloop
  endfacet
  facet normal 0.778847 -0.627213 0
    outer loop
      vertex -183.957 217.849 0
      vertex -183.957 217.849 10
      vertex -184.048 217.736 10
    endloop
  endfacet
  facet normal 0.38209 -0.924125 0
    outer loop
      vertex -183.437 218.064 0
      vertex -183.957 217.849 10
      vertex -183.957 217.849 0
    endloop
  endfacet
  facet normal 0.38209 -0.924125 0
    outer loop
      vertex -183.437 218.064 0
      vertex -183.437 218.064 10
      vertex -183.957 217.849 10
    endloop
  endfacet
  facet normal 0.932976 -0.359939 0
    outer loop
      vertex -183.236 218.585 0
      vertex -183.437 218.064 10
      vertex -183.437 218.064 0
    endloop
  endfacet
  facet normal 0.932976 -0.359939 0
    outer loop
      vertex -183.236 218.585 0
      vertex -183.236 218.585 10
      vertex -183.437 218.064 10
    endloop
  endfacet
  facet normal 0.502546 0.86455 0
    outer loop
      vertex -183.642 218.821 0
      vertex -183.236 218.585 10
      vertex -183.236 218.585 0
    endloop
  endfacet
  facet normal 0.502546 0.86455 -0
    outer loop
      vertex -183.642 218.821 0
      vertex -183.642 218.821 10
      vertex -183.236 218.585 10
    endloop
  endfacet
  facet normal 0.0214769 0.999769 0
    outer loop
      vertex -185.923 218.87 0
      vertex -183.642 218.821 10
      vertex -183.642 218.821 0
    endloop
  endfacet
  facet normal 0.0214769 0.999769 -0
    outer loop
      vertex -185.923 218.87 0
      vertex -185.923 218.87 10
      vertex -183.642 218.821 10
    endloop
  endfacet
  facet normal 0.282832 0.959169 0
    outer loop
      vertex -186.001 218.893 0
      vertex -185.923 218.87 10
      vertex -185.923 218.87 0
    endloop
  endfacet
  facet normal 0.282832 0.959169 -0
    outer loop
      vertex -186.001 218.893 0
      vertex -186.001 218.893 10
      vertex -185.923 218.87 10
    endloop
  endfacet
  facet normal 0.537526 0.843247 0
    outer loop
      vertex -187.427 219.802 0
      vertex -186.001 218.893 10
      vertex -186.001 218.893 0
    endloop
  endfacet
  facet normal 0.537526 0.843247 -0
    outer loop
      vertex -187.427 219.802 0
      vertex -187.427 219.802 10
      vertex -186.001 218.893 10
    endloop
  endfacet
  facet normal 0.0566573 0.998394 0
    outer loop
      vertex -188.079 219.839 0
      vertex -187.427 219.802 10
      vertex -187.427 219.802 0
    endloop
  endfacet
  facet normal 0.0566573 0.998394 -0
    outer loop
      vertex -188.079 219.839 0
      vertex -188.079 219.839 10
      vertex -187.427 219.802 10
    endloop
  endfacet
  facet normal -0.330665 0.943748 0
    outer loop
      vertex -188.881 219.558 0
      vertex -188.079 219.839 10
      vertex -188.079 219.839 0
    endloop
  endfacet
  facet normal -0.330665 0.943748 0
    outer loop
      vertex -188.881 219.558 0
      vertex -188.881 219.558 10
      vertex -188.079 219.839 10
    endloop
  endfacet
  facet normal -0.0475651 0.998868 0
    outer loop
      vertex -188.965 219.554 0
      vertex -188.881 219.558 10
      vertex -188.881 219.558 0
    endloop
  endfacet
  facet normal -0.0475651 0.998868 0
    outer loop
      vertex -188.965 219.554 0
      vertex -188.965 219.554 10
      vertex -188.881 219.558 10
    endloop
  endfacet
  facet normal 0.232506 0.972595 0
    outer loop
      vertex -189.856 219.767 0
      vertex -188.965 219.554 10
      vertex -188.965 219.554 0
    endloop
  endfacet
  facet normal 0.232506 0.972595 -0
    outer loop
      vertex -189.856 219.767 0
      vertex -189.856 219.767 10
      vertex -188.965 219.554 10
    endloop
  endfacet
  facet normal -0.997622 -0.0689246 0
    outer loop
      vertex -189.605 216.134 0
      vertex -189.856 219.767 10
      vertex -189.856 219.767 0
    endloop
  endfacet
  facet normal -0.997622 -0.0689246 0
    outer loop
      vertex -189.605 216.134 0
      vertex -189.605 216.134 10
      vertex -189.856 219.767 10
    endloop
  endfacet
  facet normal -0.646186 -0.76318 0
    outer loop
      vertex -188.483 215.184 0
      vertex -189.605 216.134 10
      vertex -189.605 216.134 0
    endloop
  endfacet
  facet normal -0.646186 -0.76318 0
    outer loop
      vertex -188.483 215.184 0
      vertex -188.483 215.184 10
      vertex -189.605 216.134 10
    endloop
  endfacet
  facet normal -0.96877 -0.247959 0
    outer loop
      vertex -188.44 215.016 0
      vertex -188.483 215.184 10
      vertex -188.483 215.184 0
    endloop
  endfacet
  facet normal -0.96877 -0.247959 0
    outer loop
      vertex -188.44 215.016 0
      vertex -188.44 215.016 10
      vertex -188.483 215.184 10
    endloop
  endfacet
  facet normal -0.932468 0.361252 0
    outer loop
      vertex -188.951 213.697 0
      vertex -188.44 215.016 10
      vertex -188.44 215.016 0
    endloop
  endfacet
  facet normal -0.932468 0.361252 0
    outer loop
      vertex -188.951 213.697 0
      vertex -188.951 213.697 10
      vertex -188.44 215.016 10
    endloop
  endfacet
  facet normal -0.631105 -0.775698 0
    outer loop
      vertex -188.495 213.326 0
      vertex -188.951 213.697 10
      vertex -188.951 213.697 0
    endloop
  endfacet
  facet normal -0.631105 -0.775698 0
    outer loop
      vertex -188.495 213.326 0
      vertex -188.495 213.326 10
      vertex -188.951 213.697 10
    endloop
  endfacet
  facet normal -0.966705 -0.255893 0
    outer loop
      vertex -188.45 213.156 0
      vertex -188.495 213.326 10
      vertex -188.495 213.326 0
    endloop
  endfacet
  facet normal -0.966705 -0.255893 0
    outer loop
      vertex -188.45 213.156 0
      vertex -188.45 213.156 10
      vertex -188.495 213.326 10
    endloop
  endfacet
  facet normal -0.649065 0.760733 0
    outer loop
      vertex -188.559 213.063 0
      vertex -188.45 213.156 10
      vertex -188.45 213.156 0
    endloop
  endfacet
  facet normal -0.649065 0.760733 0
    outer loop
      vertex -188.559 213.063 0
      vertex -188.559 213.063 10
      vertex -188.45 213.156 10
    endloop
  endfacet
  facet normal -0.204384 0.978891 0
    outer loop
      vertex -189.469 212.873 0
      vertex -188.559 213.063 10
      vertex -188.559 213.063 0
    endloop
  endfacet
  facet normal -0.204384 0.978891 0
    outer loop
      vertex -189.469 212.873 0
      vertex -189.469 212.873 10
      vertex -188.559 213.063 10
    endloop
  endfacet
  facet normal 0.10061 0.994926 0
    outer loop
      vertex -189.558 212.882 0
      vertex -189.469 212.873 10
      vertex -189.469 212.873 0
    endloop
  endfacet
  facet normal 0.10061 0.994926 -0
    outer loop
      vertex -189.558 212.882 0
      vertex -189.558 212.882 10
      vertex -189.469 212.873 10
    endloop
  endfacet
  facet normal 0.383903 0.923374 0
    outer loop
      vertex -189.926 213.035 0
      vertex -189.558 212.882 10
      vertex -189.558 212.882 0
    endloop
  endfacet
  facet normal 0.383903 0.923374 -0
    outer loop
      vertex -189.926 213.035 0
      vertex -189.926 213.035 10
      vertex -189.558 212.882 10
    endloop
  endfacet
  facet normal -0.820074 0.572258 0
    outer loop
      vertex -190.277 212.532 0
      vertex -189.926 213.035 10
      vertex -189.926 213.035 0
    endloop
  endfacet
  facet normal -0.820074 0.572258 0
    outer loop
      vertex -190.277 212.532 0
      vertex -190.277 212.532 10
      vertex -189.926 213.035 10
    endloop
  endfacet
  facet normal -0.986882 0.161445 0
    outer loop
      vertex -190.862 208.956 0
      vertex -190.277 212.532 10
      vertex -190.277 212.532 0
    endloop
  endfacet
  facet normal -0.986882 0.161445 0
    outer loop
      vertex -190.862 208.956 0
      vertex -190.862 208.956 10
      vertex -190.277 212.532 10
    endloop
  endfacet
  facet normal -0.939793 0.341743 0
    outer loop
      vertex -190.882 208.901 0
      vertex -190.862 208.956 10
      vertex -190.862 208.956 0
    endloop
  endfacet
  facet normal -0.939793 0.341743 0
    outer loop
      vertex -190.882 208.901 0
      vertex -190.882 208.901 10
      vertex -190.862 208.956 10
    endloop
  endfacet
  facet normal -0.851658 0.524097 0
    outer loop
      vertex -191.858 207.315 0
      vertex -190.882 208.901 10
      vertex -190.882 208.901 0
    endloop
  endfacet
  facet normal -0.851658 0.524097 0
    outer loop
      vertex -191.858 207.315 0
      vertex -191.858 207.315 10
      vertex -190.882 208.901 10
    endloop
  endfacet
  facet normal -0.981777 0.190039 0
    outer loop
      vertex -192.213 205.481 0
      vertex -191.858 207.315 10
      vertex -191.858 207.315 0
    endloop
  endfacet
  facet normal -0.981777 0.190039 0
    outer loop
      vertex -192.213 205.481 0
      vertex -192.213 205.481 10
      vertex -191.858 207.315 10
    endloop
  endfacet
  facet normal -0.88267 0.469993 0
    outer loop
      vertex -192.254 205.404 0
      vertex -192.213 205.481 10
      vertex -192.213 205.481 0
    endloop
  endfacet
  facet normal -0.88267 0.469993 0
    outer loop
      vertex -192.254 205.404 0
      vertex -192.254 205.404 10
      vertex -192.213 205.481 10
    endloop
  endfacet
  facet normal -0.705101 0.709107 0
    outer loop
      vertex -194.024 203.644 0
      vertex -192.254 205.404 10
      vertex -192.254 205.404 0
    endloop
  endfacet
  facet normal -0.705101 0.709107 0
    outer loop
      vertex -194.024 203.644 0
      vertex -194.024 203.644 10
      vertex -192.254 205.404 10
    endloop
  endfacet
  facet normal -0.153337 0.988174 0
    outer loop
      vertex -194.198 203.617 0
      vertex -194.024 203.644 10
      vertex -194.024 203.644 0
    endloop
  endfacet
  facet normal -0.153337 0.988174 0
    outer loop
      vertex -194.198 203.617 0
      vertex -194.198 203.617 10
      vertex -194.024 203.644 10
    endloop
  endfacet
  facet normal 0.76403 0.645181 0
    outer loop
      vertex -194.274 203.707 0
      vertex -194.198 203.617 10
      vertex -194.198 203.617 0
    endloop
  endfacet
  facet normal 0.76403 0.645181 -0
    outer loop
      vertex -194.274 203.707 0
      vertex -194.274 203.707 10
      vertex -194.198 203.617 10
    endloop
  endfacet
  facet normal 0.957748 0.287609 0
    outer loop
      vertex -194.577 204.716 0
      vertex -194.274 203.707 10
      vertex -194.274 203.707 0
    endloop
  endfacet
  facet normal 0.957748 0.287609 -0
    outer loop
      vertex -194.577 204.716 0
      vertex -194.577 204.716 10
      vertex -194.274 203.707 10
    endloop
  endfacet
  facet normal 0.838896 0.544292 0
    outer loop
      vertex -196.116 207.088 0
      vertex -194.577 204.716 10
      vertex -194.577 204.716 0
    endloop
  endfacet
  facet normal 0.838896 0.544292 -0
    outer loop
      vertex -196.116 207.088 0
      vertex -196.116 207.088 10
      vertex -194.577 204.716 10
    endloop
  endfacet
  facet normal 0.920155 0.391555 0
    outer loop
      vertex -196.136 207.135 0
      vertex -196.116 207.088 10
      vertex -196.116 207.088 0
    endloop
  endfacet
  facet normal 0.920155 0.391555 -0
    outer loop
      vertex -196.136 207.135 0
      vertex -196.136 207.135 10
      vertex -196.116 207.088 10
    endloop
  endfacet
  facet normal 0.972224 0.234054 0
    outer loop
      vertex -196.396 208.215 0
      vertex -196.136 207.135 10
      vertex -196.136 207.135 0
    endloop
  endfacet
  facet normal 0.972224 0.234054 -0
    outer loop
      vertex -196.396 208.215 0
      vertex -196.396 208.215 10
      vertex -196.136 207.135 10
    endloop
  endfacet
  facet normal 0.990621 0.136637 0
    outer loop
      vertex -196.4 208.244 0
      vertex -196.396 208.215 10
      vertex -196.396 208.215 0
    endloop
  endfacet
  facet normal 0.990621 0.136637 -0
    outer loop
      vertex -196.4 208.244 0
      vertex -196.4 208.244 10
      vertex -196.396 208.215 10
    endloop
  endfacet
  facet normal 0.999217 0.0395729 0
    outer loop
      vertex -196.48 210.264 0
      vertex -196.4 208.244 10
      vertex -196.4 208.244 0
    endloop
  endfacet
  facet normal 0.999217 0.0395729 -0
    outer loop
      vertex -196.48 210.264 0
      vertex -196.48 210.264 10
      vertex -196.4 208.244 10
    endloop
  endfacet
  facet normal 0.949629 -0.313377 0
    outer loop
      vertex -196.447 210.364 0
      vertex -196.48 210.264 10
      vertex -196.48 210.264 0
    endloop
  endfacet
  facet normal 0.949629 -0.313377 0
    outer loop
      vertex -196.447 210.364 0
      vertex -196.447 210.364 10
      vertex -196.48 210.264 10
    endloop
  endfacet
  facet normal 0.778413 -0.627752 0
    outer loop
      vertex -196.197 210.674 0
      vertex -196.447 210.364 10
      vertex -196.447 210.364 0
    endloop
  endfacet
  facet normal 0.778413 -0.627752 0
    outer loop
      vertex -196.197 210.674 0
      vertex -196.197 210.674 10
      vertex -196.447 210.364 10
    endloop
  endfacet
  facet normal 0.261195 -0.965286 0
    outer loop
      vertex -196.027 210.72 0
      vertex -196.197 210.674 10
      vertex -196.197 210.674 0
    endloop
  endfacet
  facet normal 0.261195 -0.965286 0
    outer loop
      vertex -196.027 210.72 0
      vertex -196.027 210.72 10
      vertex -196.197 210.674 10
    endloop
  endfacet
  facet normal -0.658505 -0.752577 0
    outer loop
      vertex -195.947 210.65 0
      vertex -196.027 210.72 10
      vertex -196.027 210.72 0
    endloop
  endfacet
  facet normal -0.658505 -0.752577 0
    outer loop
      vertex -195.947 210.65 0
      vertex -195.947 210.65 10
      vertex -196.027 210.72 10
    endloop
  endfacet
  facet normal -0.884876 -0.465827 0
    outer loop
      vertex -195.708 210.196 0
      vertex -195.947 210.65 10
      vertex -195.947 210.65 0
    endloop
  endfacet
  facet normal -0.884876 -0.465827 0
    outer loop
      vertex -195.708 210.196 0
      vertex -195.708 210.196 10
      vertex -195.947 210.65 10
    endloop
  endfacet
  facet normal -0.0395374 -0.999218 0
    outer loop
      vertex -195.43 210.185 0
      vertex -195.708 210.196 10
      vertex -195.708 210.196 0
    endloop
  endfacet
  facet normal -0.0395374 -0.999218 0
    outer loop
      vertex -195.43 210.185 0
      vertex -195.43 210.185 10
      vertex -195.708 210.196 10
    endloop
  endfacet
  facet normal 0.955918 -0.293634 0
    outer loop
      vertex -195.293 210.631 0
      vertex -195.43 210.185 10
      vertex -195.43 210.185 0
    endloop
  endfacet
  facet normal 0.955918 -0.293634 0
    outer loop
      vertex -195.293 210.631 0
      vertex -195.293 210.631 10
      vertex -195.43 210.185 10
    endloop
  endfacet
  facet normal 0.988244 0.152888 0
    outer loop
      vertex -195.625 212.777 0
      vertex -195.293 210.631 10
      vertex -195.293 210.631 0
    endloop
  endfacet
  facet normal 0.988244 0.152888 -0
    outer loop
      vertex -195.625 212.777 0
      vertex -195.625 212.777 10
      vertex -195.293 210.631 10
    endloop
  endfacet
  facet normal 0.912309 0.409502 0
    outer loop
      vertex -196.178 214.009 0
      vertex -195.625 212.777 10
      vertex -195.625 212.777 0
    endloop
  endfacet
  facet normal 0.912309 0.409502 -0
    outer loop
      vertex -196.178 214.009 0
      vertex -196.178 214.009 10
      vertex -195.625 212.777 10
    endloop
  endfacet
  facet normal 0.762422 0.64708 0
    outer loop
      vertex -197.962 216.111 0
      vertex -196.178 214.009 10
      vertex -196.178 214.009 0
    endloop
  endfacet
  facet normal 0.762422 0.64708 -0
    outer loop
      vertex -197.962 216.111 0
      vertex -197.962 216.111 10
      vertex -196.178 214.009 10
    endloop
  endfacet
  facet normal -0.11801 0.993012 0
    outer loop
      vertex -198.307 216.07 0
      vertex -197.962 216.111 10
      vertex -197.962 216.111 0
    endloop
  endfacet
  facet normal -0.11801 0.993012 0
    outer loop
      vertex -198.307 216.07 0
      vertex -198.307 216.07 10
      vertex -197.962 216.111 10
    endloop
  endfacet
  facet normal -0.868883 0.495018 0
    outer loop
      vertex -199.116 214.65 0
      vertex -198.307 216.07 10
      vertex -198.307 216.07 0
    endloop
  endfacet
  facet normal -0.868883 0.495018 0
    outer loop
      vertex -199.116 214.65 0
      vertex -199.116 214.65 10
      vertex -198.307 216.07 10
    endloop
  endfacet
  facet normal -0.987607 0.15695 0
    outer loop
      vertex -199.622 211.466 0
      vertex -199.116 214.65 10
      vertex -199.116 214.65 0
    endloop
  endfacet
  facet normal -0.987607 0.15695 0
    outer loop
      vertex -199.622 211.466 0
      vertex -199.622 211.466 10
      vertex -199.116 214.65 10
    endloop
  endfacet
  facet normal -0.955286 0.295684 0
    outer loop
      vertex -199.635 211.424 0
      vertex -199.622 211.466 10
      vertex -199.622 211.466 0
    endloop
  endfacet
  facet normal -0.955286 0.295684 0
    outer loop
      vertex -199.635 211.424 0
      vertex -199.635 211.424 10
      vertex -199.622 211.466 10
    endloop
  endfacet
  facet normal -0.898217 0.439553 0
    outer loop
      vertex -200.325 210.014 0
      vertex -199.635 211.424 10
      vertex -199.635 211.424 0
    endloop
  endfacet
  facet normal -0.898217 0.439553 0
    outer loop
      vertex -200.325 210.014 0
      vertex -200.325 210.014 10
      vertex -199.635 211.424 10
    endloop
  endfacet
  facet normal -0.469707 0.882822 0
    outer loop
      vertex -200.481 209.931 0
      vertex -200.325 210.014 10
      vertex -200.325 210.014 0
    endloop
  endfacet
  facet normal -0.469707 0.882822 0
    outer loop
      vertex -200.481 209.931 0
      vertex -200.481 209.931 10
      vertex -200.325 210.014 10
    endloop
  endfacet
  facet normal 0.54746 0.836832 0
    outer loop
      vertex -200.588 210.001 0
      vertex -200.481 209.931 10
      vertex -200.481 209.931 0
    endloop
  endfacet
  facet normal 0.54746 0.836832 -0
    outer loop
      vertex -200.588 210.001 0
      vertex -200.588 210.001 10
      vertex -200.481 209.931 10
    endloop
  endfacet
  facet normal 0.850542 0.525908 0
    outer loop
      vertex -201.398 211.311 0
      vertex -200.588 210.001 10
      vertex -200.588 210.001 0
    endloop
  endfacet
  facet normal 0.850542 0.525908 -0
    outer loop
      vertex -201.398 211.311 0
      vertex -201.398 211.311 10
      vertex -200.588 210.001 10
    endloop
  endfacet
  facet normal 0.974924 0.222537 0
    outer loop
      vertex -201.419 211.403 0
      vertex -201.398 211.311 10
      vertex -201.398 211.311 0
    endloop
  endfacet
  facet normal 0.974924 0.222537 -0
    outer loop
      vertex -201.419 211.403 0
      vertex -201.419 211.403 10
      vertex -201.398 211.311 10
    endloop
  endfacet
  facet normal 0.996489 -0.0837181 0
    outer loop
      vertex -201.213 213.855 0
      vertex -201.419 211.403 10
      vertex -201.419 211.403 0
    endloop
  endfacet
  facet normal 0.996489 -0.0837181 0
    outer loop
      vertex -201.213 213.855 0
      vertex -201.213 213.855 10
      vertex -201.419 211.403 10
    endloop
  endfacet
  facet normal 0.918142 0.396251 0
    outer loop
      vertex -201.787 215.185 0
      vertex -201.213 213.855 10
      vertex -201.213 213.855 0
    endloop
  endfacet
  facet normal 0.918142 0.396251 -0
    outer loop
      vertex -201.787 215.185 0
      vertex -201.787 215.185 10
      vertex -201.213 213.855 10
    endloop
  endfacet
  facet normal 0.719948 0.694028 0
    outer loop
      vertex -202.858 216.296 0
      vertex -201.787 215.185 10
      vertex -201.787 215.185 0
    endloop
  endfacet
  facet normal 0.719948 0.694028 -0
    outer loop
      vertex -202.858 216.296 0
      vertex -202.858 216.296 10
      vertex -201.787 215.185 10
    endloop
  endfacet
  facet normal 0.985484 -0.169768 0
    outer loop
      vertex -202.817 216.534 0
      vertex -202.858 216.296 10
      vertex -202.858 216.296 0
    endloop
  endfacet
  facet normal 0.985484 -0.169768 0
    outer loop
      vertex -202.817 216.534 0
      vertex -202.817 216.534 10
      vertex -202.858 216.296 10
    endloop
  endfacet
  facet normal 0.447214 -0.894427 0
    outer loop
      vertex -202.417 216.734 0
      vertex -202.817 216.534 10
      vertex -202.817 216.534 0
    endloop
  endfacet
  facet normal 0.447214 -0.894427 0
    outer loop
      vertex -202.417 216.734 0
      vertex -202.417 216.734 10
      vertex -202.817 216.534 10
    endloop
  endfacet
  facet normal -0.126254 -0.991998 0
    outer loop
      vertex -202.252 216.713 0
      vertex -202.417 216.734 10
      vertex -202.417 216.734 0
    endloop
  endfacet
  facet normal -0.126254 -0.991998 0
    outer loop
      vertex -202.252 216.713 0
      vertex -202.252 216.713 10
      vertex -202.417 216.734 10
    endloop
  endfacet
  facet normal -0.651362 -0.758767 0
    outer loop
      vertex -202.033 216.525 0
      vertex -202.252 216.713 10
      vertex -202.252 216.713 0
    endloop
  endfacet
  facet normal -0.651362 -0.758767 0
    outer loop
      vertex -202.033 216.525 0
      vertex -202.033 216.525 10
      vertex -202.252 216.713 10
    endloop
  endfacet
  facet normal 0.909914 -0.414797 0
    outer loop
      vertex -201.656 217.352 0
      vertex -202.033 216.525 10
      vertex -202.033 216.525 0
    endloop
  endfacet
  facet normal 0.909914 -0.414797 0
    outer loop
      vertex -201.656 217.352 0
      vertex -201.656 217.352 10
      vertex -202.033 216.525 10
    endloop
  endfacet
  facet normal 0.744382 -0.667754 0
    outer loop
      vertex -201.595 217.42 0
      vertex -201.656 217.352 10
      vertex -201.656 217.352 0
    endloop
  endfacet
  facet normal 0.744382 -0.667754 0
    outer loop
      vertex -201.595 217.42 0
      vertex -201.595 217.42 10
      vertex -201.656 217.352 10
    endloop
  endfacet
  facet normal 0.499375 -0.866386 0
    outer loop
      vertex -201.307 217.586 0
      vertex -201.595 217.42 10
      vertex -201.595 217.42 0
    endloop
  endfacet
  facet normal 0.499375 -0.866386 0
    outer loop
      vertex -201.307 217.586 0
      vertex -201.307 217.586 10
      vertex -201.595 217.42 10
    endloop
  endfacet
  facet normal 0.475085 0.87994 0
    outer loop
      vertex -201.52 217.701 0
      vertex -201.307 217.586 10
      vertex -201.307 217.586 0
    endloop
  endfacet
  facet normal 0.475085 0.87994 -0
    outer loop
      vertex -201.52 217.701 0
      vertex -201.52 217.701 10
      vertex -201.307 217.586 10
    endloop
  endfacet
  facet normal 0.0349934 0.999388 0
    outer loop
      vertex -203.205 217.76 0
      vertex -201.52 217.701 10
      vertex -201.52 217.701 0
    endloop
  endfacet
  facet normal 0.0349934 0.999388 -0
    outer loop
      vertex -203.205 217.76 0
      vertex -203.205 217.76 10
      vertex -201.52 217.701 10
    endloop
  endfacet
  facet normal 0.617071 0.786907 0
    outer loop
      vertex -203.344 217.869 0
      vertex -203.205 217.76 10
      vertex -203.205 217.76 0
    endloop
  endfacet
  facet normal 0.617071 0.786907 -0
    outer loop
      vertex -203.344 217.869 0
      vertex -203.344 217.869 10
      vertex -203.205 217.76 10
    endloop
  endfacet
  facet normal 0.986603 -0.163139 0
    outer loop
      vertex -203.323 217.996 0
      vertex -203.344 217.869 10
      vertex -203.344 217.869 0
    endloop
  endfacet
  facet normal 0.986603 -0.163139 0
    outer loop
      vertex -203.323 217.996 0
      vertex -203.323 217.996 10
      vertex -203.344 217.869 10
    endloop
  endfacet
  facet normal 0.820505 -0.571639 0
    outer loop
      vertex -202.944 218.54 0
      vertex -203.323 217.996 10
      vertex -203.323 217.996 0
    endloop
  endfacet
  facet normal 0.820505 -0.571639 0
    outer loop
      vertex -202.944 218.54 0
      vertex -202.944 218.54 10
      vertex -203.323 217.996 10
    endloop
  endfacet
  facet normal 0.0719778 0.997406 0
    outer loop
      vertex -203.041 218.547 0
      vertex -202.944 218.54 10
      vertex -202.944 218.54 0
    endloop
  endfacet
  facet normal 0.0719778 0.997406 -0
    outer loop
      vertex -203.041 218.547 0
      vertex -203.041 218.547 10
      vertex -202.944 218.54 10
    endloop
  endfacet
  facet normal -0.539625 0.841905 0
    outer loop
      vertex -204.169 217.824 0
      vertex -203.041 218.547 10
      vertex -203.041 218.547 0
    endloop
  endfacet
  facet normal -0.539625 0.841905 0
    outer loop
      vertex -204.169 217.824 0
      vertex -204.169 217.824 10
      vertex -203.041 218.547 10
    endloop
  endfacet
  facet normal 0.111012 0.993819 0
    outer loop
      vertex -204.357 217.845 0
      vertex -204.169 217.824 10
      vertex -204.169 217.824 0
    endloop
  endfacet
  facet normal 0.111012 0.993819 -0
    outer loop
      vertex -204.357 217.845 0
      vertex -204.357 217.845 10
      vertex -204.169 217.824 10
    endloop
  endfacet
  facet normal 0.711259 0.70293 0
    outer loop
      vertex -205.201 218.699 0
      vertex -204.357 217.845 10
      vertex -204.357 217.845 0
    endloop
  endfacet
  facet normal 0.711259 0.70293 -0
    outer loop
      vertex -205.201 218.699 0
      vertex -205.201 218.699 10
      vertex -204.357 217.845 10
    endloop
  endfacet
  facet normal -0.0238615 0.999715 0
    outer loop
      vertex -206.416 218.67 0
      vertex -205.201 218.699 10
      vertex -205.201 218.699 0
    endloop
  endfacet
  facet normal -0.0238615 0.999715 0
    outer loop
      vertex -206.416 218.67 0
      vertex -206.416 218.67 10
      vertex -205.201 218.699 10
    endloop
  endfacet
  facet normal 0.565089 0.82503 0
    outer loop
      vertex -206.562 218.77 0
      vertex -206.416 218.67 10
      vertex -206.416 218.67 0
    endloop
  endfacet
  facet normal 0.565089 0.82503 -0
    outer loop
      vertex -206.562 218.77 0
      vertex -206.562 218.77 10
      vertex -206.416 218.67 10
    endloop
  endfacet
  facet normal 0.982339 -0.187112 0
    outer loop
      vertex -206.534 218.917 0
      vertex -206.562 218.77 10
      vertex -206.562 218.77 0
    endloop
  endfacet
  facet normal 0.982339 -0.187112 0
    outer loop
      vertex -206.534 218.917 0
      vertex -206.534 218.917 10
      vertex -206.562 218.77 10
    endloop
  endfacet
  facet normal 0.762319 -0.647201 0
    outer loop
      vertex -204.6 221.195 0
      vertex -206.534 218.917 10
      vertex -206.534 218.917 0
    endloop
  endfacet
  facet normal 0.762319 -0.647201 0
    outer loop
      vertex -204.6 221.195 0
      vertex -204.6 221.195 10
      vertex -206.534 218.917 10
    endloop
  endfacet
  facet normal 0.661748 0.749726 0
    outer loop
      vertex -204.796 221.368 0
      vertex -204.6 221.195 10
      vertex -204.6 221.195 0
    endloop
  endfacet
  facet normal 0.661748 0.749726 -0
    outer loop
      vertex -204.796 221.368 0
      vertex -204.796 221.368 10
      vertex -204.6 221.195 10
    endloop
  endfacet
  facet normal 0.151873 0.9884 0
    outer loop
      vertex -205.603 221.492 0
      vertex -204.796 221.368 10
      vertex -204.796 221.368 0
    endloop
  endfacet
  facet normal 0.151873 0.9884 -0
    outer loop
      vertex -205.603 221.492 0
      vertex -205.603 221.492 10
      vertex -204.796 221.368 10
    endloop
  endfacet
  facet normal 0.885994 0.463698 0
    outer loop
      vertex -205.715 221.706 0
      vertex -205.603 221.492 10
      vertex -205.603 221.492 0
    endloop
  endfacet
  facet normal 0.885994 0.463698 -0
    outer loop
      vertex -205.715 221.706 0
      vertex -205.715 221.706 10
      vertex -205.603 221.492 10
    endloop
  endfacet
  facet normal 0.898568 -0.438835 0
    outer loop
      vertex -205.295 222.566 0
      vertex -205.715 221.706 10
      vertex -205.715 221.706 0
    endloop
  endfacet
  facet normal 0.898568 -0.438835 0
    outer loop
      vertex -205.295 222.566 0
      vertex -205.295 222.566 10
      vertex -205.715 221.706 10
    endloop
  endfacet
  facet normal 0.261244 -0.965273 0
    outer loop
      vertex -205.077 222.625 0
      vertex -205.295 222.566 10
      vertex -205.295 222.566 0
    endloop
  endfacet
  facet normal 0.261244 -0.965273 0
    outer loop
      vertex -205.077 222.625 0
      vertex -205.077 222.625 10
      vertex -205.295 222.566 10
    endloop
  endfacet
  facet normal -0.551084 -0.83445 0
    outer loop
      vertex -204.117 221.991 0
      vertex -205.077 222.625 10
      vertex -205.077 222.625 0
    endloop
  endfacet
  facet normal -0.551084 -0.83445 0
    outer loop
      vertex -204.117 221.991 0
      vertex -204.117 221.991 10
      vertex -205.077 222.625 10
    endloop
  endfacet
  facet normal 0.419192 -0.907898 0
    outer loop
      vertex -203.686 222.19 0
      vertex -204.117 221.991 10
      vertex -204.117 221.991 0
    endloop
  endfacet
  facet normal 0.419192 -0.907898 0
    outer loop
      vertex -203.686 222.19 0
      vertex -203.686 222.19 10
      vertex -204.117 221.991 10
    endloop
  endfacet
  facet normal 0.88426 0.466996 0
    outer loop
      vertex -204.071 222.919 0
      vertex -203.686 222.19 10
      vertex -203.686 222.19 0
    endloop
  endfacet
  facet normal 0.88426 0.466996 -0
    outer loop
      vertex -204.071 222.919 0
      vertex -204.071 222.919 10
      vertex -203.686 222.19 10
    endloop
  endfacet
  facet normal -0.798373 0.602163 0
    outer loop
      vertex -204.16 222.801 0
      vertex -204.071 222.919 10
      vertex -204.071 222.919 0
    endloop
  endfacet
  facet normal -0.798373 0.602163 0
    outer loop
      vertex -204.16 222.801 0
      vertex -204.16 222.801 10
      vertex -204.071 222.919 10
    endloop
  endfacet
  facet normal -0.349109 0.937082 0
    outer loop
      vertex -204.313 222.744 0
      vertex -204.16 222.801 10
      vertex -204.16 222.801 0
    endloop
  endfacet
  facet normal -0.349109 0.937082 0
    outer loop
      vertex -204.313 222.744 0
      vertex -204.313 222.744 10
      vertex -204.16 222.801 10
    endloop
  endfacet
  facet normal 0.21693 0.976187 0
    outer loop
      vertex -204.583 222.804 0
      vertex -204.313 222.744 10
      vertex -204.313 222.744 0
    endloop
  endfacet
  facet normal 0.21693 0.976187 -0
    outer loop
      vertex -204.583 222.804 0
      vertex -204.583 222.804 10
      vertex -204.313 222.744 10
    endloop
  endfacet
  facet normal 0.780347 0.625347 0
    outer loop
      vertex -204.7 222.95 0
      vertex -204.583 222.804 10
      vertex -204.583 222.804 0
    endloop
  endfacet
  facet normal 0.780347 0.625347 -0
    outer loop
      vertex -204.7 222.95 0
      vertex -204.7 222.95 10
      vertex -204.583 222.804 10
    endloop
  endfacet
  facet normal 1 0 0
    outer loop
      vertex -204.7 223.49 0
      vertex -204.7 222.95 10
      vertex -204.7 222.95 0
    endloop
  endfacet
  facet normal 1 0 -0
    outer loop
      vertex -204.7 223.49 0
      vertex -204.7 223.49 10
      vertex -204.7 222.95 10
    endloop
  endfacet
  facet normal 0.920919 0.389754 0
    outer loop
      vertex -205.367 225.066 0
      vertex -204.7 223.49 10
      vertex -204.7 223.49 0
    endloop
  endfacet
  facet normal 0.920919 0.389754 -0
    outer loop
      vertex -205.367 225.066 0
      vertex -205.367 225.066 10
      vertex -204.7 223.49 10
    endloop
  endfacet
  facet normal 0.724234 0.689555 0
    outer loop
      vertex -206.739 226.507 0
      vertex -205.367 225.066 10
      vertex -205.367 225.066 0
    endloop
  endfacet
  facet normal 0.724234 0.689555 -0
    outer loop
      vertex -206.739 226.507 0
      vertex -206.739 226.507 10
      vertex -205.367 225.066 10
    endloop
  endfacet
  facet normal 0.954616 0.29784 0
    outer loop
      vertex -206.778 226.632 0
      vertex -206.739 226.507 10
      vertex -206.739 226.507 0
    endloop
  endfacet
  facet normal 0.954616 0.29784 -0
    outer loop
      vertex -206.778 226.632 0
      vertex -206.778 226.632 10
      vertex -206.739 226.507 10
    endloop
  endfacet
  facet normal 0.989174 -0.146746 0
    outer loop
      vertex -206.562 228.088 0
      vertex -206.778 226.632 10
      vertex -206.778 226.632 0
    endloop
  endfacet
  facet normal 0.989174 -0.146746 0
    outer loop
      vertex -206.562 228.088 0
      vertex -206.562 228.088 10
      vertex -206.778 226.632 10
    endloop
  endfacet
  facet normal 0.984318 0.176403 0
    outer loop
      vertex -206.881 229.868 0
      vertex -206.562 228.088 10
      vertex -206.562 228.088 0
    endloop
  endfacet
  facet normal 0.984318 0.176403 -0
    outer loop
      vertex -206.881 229.868 0
      vertex -206.881 229.868 10
      vertex -206.562 228.088 10
    endloop
  endfacet
  facet normal 0.794541 0.60721 0
    outer loop
      vertex -208.479 231.959 0
      vertex -206.881 229.868 10
      vertex -206.881 229.868 0
    endloop
  endfacet
  facet normal 0.794541 0.60721 -0
    outer loop
      vertex -208.479 231.959 0
      vertex -208.479 231.959 10
      vertex -206.881 229.868 10
    endloop
  endfacet
  facet normal 0.952538 0.304419 0
    outer loop
      vertex -208.51 232.056 0
      vertex -208.479 231.959 10
      vertex -208.479 231.959 0
    endloop
  endfacet
  facet normal 0.952538 0.304419 -0
    outer loop
      vertex -208.51 232.056 0
      vertex -208.51 232.056 10
      vertex -208.479 231.959 10
    endloop
  endfacet
  facet normal 0.999139 -0.0414925 0
    outer loop
      vertex -208.485 232.658 0
      vertex -208.51 232.056 10
      vertex -208.51 232.056 0
    endloop
  endfacet
  facet normal 0.999139 -0.0414925 0
    outer loop
      vertex -208.485 232.658 0
      vertex -208.485 232.658 10
      vertex -208.51 232.056 10
    endloop
  endfacet
  facet normal 0.119713 0.992809 0
    outer loop
      vertex -209.588 232.791 0
      vertex -208.485 232.658 10
      vertex -208.485 232.658 0
    endloop
  endfacet
  facet normal 0.119713 0.992809 -0
    outer loop
      vertex -209.588 232.791 0
      vertex -209.588 232.791 10
      vertex -208.485 232.658 10
    endloop
  endfacet
  facet normal 0.6 0.8 0
    outer loop
      vertex -209.708 232.881 0
      vertex -209.588 232.791 10
      vertex -209.588 232.791 0
    endloop
  endfacet
  facet normal 0.6 0.8 -0
    outer loop
      vertex -209.708 232.881 0
      vertex -209.708 232.881 10
      vertex -209.588 232.791 10
    endloop
  endfacet
  facet normal 0.919604 0.392847 0
    outer loop
      vertex -210.327 234.33 0
      vertex -209.708 232.881 10
      vertex -209.708 232.881 0
    endloop
  endfacet
  facet normal 0.919604 0.392847 -0
    outer loop
      vertex -210.327 234.33 0
      vertex -210.327 234.33 10
      vertex -209.708 232.881 10
    endloop
  endfacet
  facet normal -0.416406 0.909179 0
    outer loop
      vertex -211.458 233.812 0
      vertex -210.327 234.33 10
      vertex -210.327 234.33 0
    endloop
  endfacet
  facet normal -0.416406 0.909179 0
    outer loop
      vertex -211.458 233.812 0
      vertex -211.458 233.812 10
      vertex -210.327 234.33 10
    endloop
  endfacet
  facet normal -0.837387 0.546611 0
    outer loop
      vertex -212.819 231.727 0
      vertex -211.458 233.812 10
      vertex -211.458 233.812 0
    endloop
  endfacet
  facet normal -0.837387 0.546611 0
    outer loop
      vertex -212.819 231.727 0
      vertex -212.819 231.727 10
      vertex -211.458 233.812 10
    endloop
  endfacet
  facet normal -0.9998 -0.019996 0
    outer loop
      vertex -212.812 231.377 0
      vertex -212.819 231.727 10
      vertex -212.819 231.727 0
    endloop
  endfacet
  facet normal -0.9998 -0.019996 0
    outer loop
      vertex -212.812 231.377 0
      vertex -212.812 231.377 10
      vertex -212.819 231.727 10
    endloop
  endfacet
  facet normal -0.244982 -0.969528 0
    outer loop
      vertex -211.973 231.165 0
      vertex -212.812 231.377 10
      vertex -212.812 231.377 0
    endloop
  endfacet
  facet normal -0.244982 -0.969528 0
    outer loop
      vertex -211.973 231.165 0
      vertex -211.973 231.165 10
      vertex -212.812 231.377 10
    endloop
  endfacet
  facet normal -0.877371 -0.479812 0
    outer loop
      vertex -211.868 230.973 0
      vertex -211.973 231.165 10
      vertex -211.973 231.165 0
    endloop
  endfacet
  facet normal -0.877371 -0.479812 0
    outer loop
      vertex -211.868 230.973 0
      vertex -211.868 230.973 10
      vertex -211.973 231.165 10
    endloop
  endfacet
  facet normal -0.948683 0.316228 0
    outer loop
      vertex -212.228 229.893 0
      vertex -211.868 230.973 10
      vertex -211.868 230.973 0
    endloop
  endfacet
  facet normal -0.948683 0.316228 0
    outer loop
      vertex -212.228 229.893 0
      vertex -212.228 229.893 10
      vertex -211.868 230.973 10
    endloop
  endfacet
  facet normal -0.653451 0.756968 0
    outer loop
      vertex -212.345 229.792 0
      vertex -212.228 229.893 10
      vertex -212.228 229.893 0
    endloop
  endfacet
  facet normal -0.653451 0.756968 0
    outer loop
      vertex -212.345 229.792 0
      vertex -212.345 229.792 10
      vertex -212.228 229.893 10
    endloop
  endfacet
  facet normal -0.168964 0.985622 0
    outer loop
      vertex -212.695 229.732 0
      vertex -212.345 229.792 10
      vertex -212.345 229.792 0
    endloop
  endfacet
  facet normal -0.168964 0.985622 0
    outer loop
      vertex -212.695 229.732 0
      vertex -212.695 229.732 10
      vertex -212.345 229.792 10
    endloop
  endfacet
  facet normal 0.246399 0.969169 0
    outer loop
      vertex -212.813 229.762 0
      vertex -212.695 229.732 10
      vertex -212.695 229.732 0
    endloop
  endfacet
  facet normal 0.246399 0.969169 -0
    outer loop
      vertex -212.813 229.762 0
      vertex -212.813 229.762 10
      vertex -212.695 229.732 10
    endloop
  endfacet
  facet normal 0.618708 0.785621 0
    outer loop
      vertex -213.439 230.255 0
      vertex -212.813 229.762 10
      vertex -212.813 229.762 0
    endloop
  endfacet
  facet normal 0.618708 0.785621 -0
    outer loop
      vertex -213.439 230.255 0
      vertex -213.439 230.255 10
      vertex -212.813 229.762 10
    endloop
  endfacet
  facet normal -0.812409 0.583088 0
    outer loop
      vertex -214.184 229.217 0
      vertex -213.439 230.255 10
      vertex -213.439 230.255 0
    endloop
  endfacet
  facet normal -0.812409 0.583088 0
    outer loop
      vertex -214.184 229.217 0
      vertex -214.184 229.217 10
      vertex -213.439 230.255 10
    endloop
  endfacet
  facet normal -0.997242 0.0742182 0
    outer loop
      vertex -214.397 226.355 0
      vertex -214.184 229.217 10
      vertex -214.184 229.217 0
    endloop
  endfacet
  facet normal -0.997242 0.0742182 0
    outer loop
      vertex -214.397 226.355 0
      vertex -214.397 226.355 10
      vertex -214.184 229.217 10
    endloop
  endfacet
  facet normal -0.868409 -0.495848 0
    outer loop
      vertex -213.846 225.39 0
      vertex -214.397 226.355 10
      vertex -214.397 226.355 0
    endloop
  endfacet
  facet normal -0.868409 -0.495848 0
    outer loop
      vertex -213.846 225.39 0
      vertex -213.846 225.39 10
      vertex -214.397 226.355 10
    endloop
  endfacet
  facet normal 0.387941 -0.921684 0
    outer loop
      vertex -213.138 225.688 0
      vertex -213.846 225.39 10
      vertex -213.846 225.39 0
    endloop
  endfacet
  facet normal 0.387941 -0.921684 0
    outer loop
      vertex -213.138 225.688 0
      vertex -213.138 225.688 10
      vertex -213.846 225.39 10
    endloop
  endfacet
  facet normal -0.22777 -0.973715 0
    outer loop
      vertex -212.967 225.648 0
      vertex -213.138 225.688 10
      vertex -213.138 225.688 0
    endloop
  endfacet
  facet normal -0.22777 -0.973715 0
    outer loop
      vertex -212.967 225.648 0
      vertex -212.967 225.648 10
      vertex -213.138 225.688 10
    endloop
  endfacet
  facet normal -0.988799 -0.149253 0
    outer loop
      vertex -212.943 225.489 0
      vertex -212.967 225.648 10
      vertex -212.967 225.648 0
    endloop
  endfacet
  facet normal -0.988799 -0.149253 0
    outer loop
      vertex -212.943 225.489 0
      vertex -212.943 225.489 10
      vertex -212.967 225.648 10
    endloop
  endfacet
  facet normal -0.914478 0.404636 0
    outer loop
      vertex -213.143 225.037 0
      vertex -212.943 225.489 10
      vertex -212.943 225.489 0
    endloop
  endfacet
  facet normal -0.914478 0.404636 0
    outer loop
      vertex -213.143 225.037 0
      vertex -213.143 225.037 10
      vertex -212.943 225.489 10
    endloop
  endfacet
  facet normal -0.87832 -0.478073 0
    outer loop
      vertex -212.928 224.642 0
      vertex -213.143 225.037 10
      vertex -213.143 225.037 0
    endloop
  endfacet
  facet normal -0.87832 -0.478073 0
    outer loop
      vertex -212.928 224.642 0
      vertex -212.928 224.642 10
      vertex -213.143 225.037 10
    endloop
  endfacet
  facet normal -0.991474 0.130308 0
    outer loop
      vertex -212.951 224.467 0
      vertex -212.928 224.642 10
      vertex -212.928 224.642 0
    endloop
  endfacet
  facet normal -0.991474 0.130308 0
    outer loop
      vertex -212.951 224.467 0
      vertex -212.951 224.467 10
      vertex -212.928 224.642 10
    endloop
  endfacet
  facet normal -0.320498 0.947249 0
    outer loop
      vertex -213.084 224.422 0
      vertex -212.951 224.467 10
      vertex -212.951 224.467 0
    endloop
  endfacet
  facet normal -0.320498 0.947249 0
    outer loop
      vertex -213.084 224.422 0
      vertex -213.084 224.422 10
      vertex -212.951 224.467 10
    endloop
  endfacet
  facet normal 0.160722 0.987 0
    outer loop
      vertex -213.563 224.5 0
      vertex -213.084 224.422 10
      vertex -213.084 224.422 0
    endloop
  endfacet
  facet normal 0.160722 0.987 -0
    outer loop
      vertex -213.563 224.5 0
      vertex -213.563 224.5 10
      vertex -213.084 224.422 10
    endloop
  endfacet
  facet normal -0.66543 0.74646 0
    outer loop
      vertex -213.867 224.229 0
      vertex -213.563 224.5 10
      vertex -213.563 224.5 0
    endloop
  endfacet
  facet normal -0.66543 0.74646 0
    outer loop
      vertex -213.867 224.229 0
      vertex -213.867 224.229 10
      vertex -213.563 224.5 10
    endloop
  endfacet
  facet normal -0.909077 0.416628 0
    outer loop
      vertex -214.4 223.066 0
      vertex -213.867 224.229 10
      vertex -213.867 224.229 0
    endloop
  endfacet
  facet normal -0.909077 0.416628 0
    outer loop
      vertex -214.4 223.066 0
      vertex -214.4 223.066 10
      vertex -213.867 224.229 10
    endloop
  endfacet
  facet normal -0.999899 0.0142436 0
    outer loop
      vertex -214.41 222.364 0
      vertex -214.4 223.066 10
      vertex -214.4 223.066 0
    endloop
  endfacet
  facet normal -0.999899 0.0142436 0
    outer loop
      vertex -214.41 222.364 0
      vertex -214.41 222.364 10
      vertex -214.4 223.066 10
    endloop
  endfacet
  facet normal -0.897695 -0.440617 0
    outer loop
      vertex -213.152 219.801 0
      vertex -214.41 222.364 10
      vertex -214.41 222.364 0
    endloop
  endfacet
  facet normal -0.897695 -0.440617 0
    outer loop
      vertex -213.152 219.801 0
      vertex -213.152 219.801 10
      vertex -214.41 222.364 10
    endloop
  endfacet
  facet normal -0.337099 -0.941469 0
    outer loop
      vertex -212.37 219.521 0
      vertex -213.152 219.801 10
      vertex -213.152 219.801 0
    endloop
  endfacet
  facet normal -0.337099 -0.941469 0
    outer loop
      vertex -212.37 219.521 0
      vertex -212.37 219.521 10
      vertex -213.152 219.801 10
    endloop
  endfacet
  facet normal -0.425797 -0.904819 0
    outer loop
      vertex -212.336 219.505 0
      vertex -212.37 219.521 10
      vertex -212.37 219.521 0
    endloop
  endfacet
  facet normal -0.425797 -0.904819 0
    outer loop
      vertex -212.336 219.505 0
      vertex -212.336 219.505 10
      vertex -212.37 219.521 10
    endloop
  endfacet
  facet normal -0.557465 -0.8302 0
    outer loop
      vertex -210.744 218.436 0
      vertex -212.336 219.505 10
      vertex -212.336 219.505 0
    endloop
  endfacet
  facet normal -0.557465 -0.8302 0
    outer loop
      vertex -210.744 218.436 0
      vertex -210.744 218.436 10
      vertex -212.336 219.505 10
    endloop
  endfacet
  facet normal 0.738748 -0.673981 0
    outer loop
      vertex -210.411 218.801 0
      vertex -210.744 218.436 10
      vertex -210.744 218.436 0
    endloop
  endfacet
  facet normal 0.738748 -0.673981 0
    outer loop
      vertex -210.411 218.801 0
      vertex -210.411 218.801 10
      vertex -210.744 218.436 10
    endloop
  endfacet
  facet normal -0.0760503 -0.997104 0
    outer loop
      vertex -210.175 218.783 0
      vertex -210.411 218.801 10
      vertex -210.411 218.801 0
    endloop
  endfacet
  facet normal -0.0760503 -0.997104 0
    outer loop
      vertex -210.175 218.783 0
      vertex -210.175 218.783 10
      vertex -210.411 218.801 10
    endloop
  endfacet
  facet normal -0.835219 -0.549918 0
    outer loop
      vertex -209.404 217.612 0
      vertex -210.175 218.783 10
      vertex -210.175 218.783 0
    endloop
  endfacet
  facet normal -0.835219 -0.549918 0
    outer loop
      vertex -209.404 217.612 0
      vertex -209.404 217.612 10
      vertex -210.175 218.783 10
    endloop
  endfacet
  facet normal -0.105601 -0.994409 0
    outer loop
      vertex -208.952 217.564 0
      vertex -209.404 217.612 10
      vertex -209.404 217.612 0
    endloop
  endfacet
  facet normal -0.105601 -0.994409 0
    outer loop
      vertex -208.952 217.564 0
      vertex -208.952 217.564 10
      vertex -209.404 217.612 10
    endloop
  endfacet
  facet normal 0.493698 -0.869633 0
    outer loop
      vertex -208.184 218 0
      vertex -208.952 217.564 10
      vertex -208.952 217.564 0
    endloop
  endfacet
  facet normal 0.493698 -0.869633 0
    outer loop
      vertex -208.184 218 0
      vertex -208.184 218 10
      vertex -208.952 217.564 10
    endloop
  endfacet
  facet normal -0.11291 -0.993605 0
    outer loop
      vertex -208.008 217.98 0
      vertex -208.184 218 10
      vertex -208.184 218 0
    endloop
  endfacet
  facet normal -0.11291 -0.993605 0
    outer loop
      vertex -208.008 217.98 0
      vertex -208.008 217.98 10
      vertex -208.184 218 10
    endloop
  endfacet
  facet normal -0.67828 -0.734803 0
    outer loop
      vertex -207.748 217.74 0
      vertex -208.008 217.98 10
      vertex -208.008 217.98 0
    endloop
  endfacet
  facet normal -0.67828 -0.734803 0
    outer loop
      vertex -207.748 217.74 0
      vertex -207.748 217.74 10
      vertex -208.008 217.98 10
    endloop
  endfacet
  facet normal -0.919145 -0.393919 0
    outer loop
      vertex -207.7 217.628 0
      vertex -207.748 217.74 10
      vertex -207.748 217.74 0
    endloop
  endfacet
  facet normal -0.919145 -0.393919 0
    outer loop
      vertex -207.7 217.628 0
      vertex -207.7 217.628 10
      vertex -207.748 217.74 10
    endloop
  endfacet
  facet normal -0.999873 0.015966 0
    outer loop
      vertex -207.708 217.127 0
      vertex -207.7 217.628 10
      vertex -207.7 217.628 0
    endloop
  endfacet
  facet normal -0.999873 0.015966 0
    outer loop
      vertex -207.708 217.127 0
      vertex -207.708 217.127 10
      vertex -207.7 217.628 10
    endloop
  endfacet
  facet normal -0.165814 -0.986157 0
    outer loop
      vertex -207.595 217.108 0
      vertex -207.708 217.127 10
      vertex -207.708 217.127 0
    endloop
  endfacet
  facet normal -0.165814 -0.986157 0
    outer loop
      vertex -207.595 217.108 0
      vertex -207.595 217.108 10
      vertex -207.708 217.127 10
    endloop
  endfacet
  facet normal -0.715574 -0.698537 0
    outer loop
      vertex -207.472 216.982 0
      vertex -207.595 217.108 10
      vertex -207.595 217.108 0
    endloop
  endfacet
  facet normal -0.715574 -0.698537 0
    outer loop
      vertex -207.472 216.982 0
      vertex -207.472 216.982 10
      vertex -207.595 217.108 10
    endloop
  endfacet
  facet normal -0.970143 0.242536 0
    outer loop
      vertex -207.5 216.87 0
      vertex -207.472 216.982 10
      vertex -207.472 216.982 0
    endloop
  endfacet
  facet normal -0.970143 0.242536 0
    outer loop
      vertex -207.5 216.87 0
      vertex -207.5 216.87 10
      vertex -207.472 216.982 10
    endloop
  endfacet
  facet normal -0.797958 0.602713 0
    outer loop
      vertex -208.21 215.93 0
      vertex -207.5 216.87 10
      vertex -207.5 216.87 0
    endloop
  endfacet
  facet normal -0.797958 0.602713 0
    outer loop
      vertex -208.21 215.93 0
      vertex -208.21 215.93 10
      vertex -207.5 216.87 10
    endloop
  endfacet
  facet normal -0.0566773 0.998393 0
    outer loop
      vertex -208.439 215.917 0
      vertex -208.21 215.93 10
      vertex -208.21 215.93 0
    endloop
  endfacet
  facet normal -0.0566773 0.998393 0
    outer loop
      vertex -208.439 215.917 0
      vertex -208.439 215.917 10
      vertex -208.21 215.93 10
    endloop
  endfacet
  facet normal 0.7282 0.685365 0
    outer loop
      vertex -208.599 216.087 0
      vertex -208.439 215.917 10
      vertex -208.439 215.917 0
    endloop
  endfacet
  facet normal 0.7282 0.685365 -0
    outer loop
      vertex -208.599 216.087 0
      vertex -208.599 216.087 10
      vertex -208.439 215.917 10
    endloop
  endfacet
  facet normal 0.985565 0.169299 0
    outer loop
      vertex -208.627 216.25 0
      vertex -208.599 216.087 10
      vertex -208.599 216.087 0
    endloop
  endfacet
  facet normal 0.985565 0.169299 -0
    outer loop
      vertex -208.627 216.25 0
      vertex -208.627 216.25 10
      vertex -208.599 216.087 10
    endloop
  endfacet
  facet normal 0.916503 -0.400028 0
    outer loop
      vertex -208.335 216.919 0
      vertex -208.627 216.25 10
      vertex -208.627 216.25 0
    endloop
  endfacet
  facet normal 0.916503 -0.400028 0
    outer loop
      vertex -208.335 216.919 0
      vertex -208.335 216.919 10
      vertex -208.627 216.25 10
    endloop
  endfacet
  facet normal -0.418402 0.908262 0
    outer loop
      vertex -209.301 216.474 0
      vertex -208.335 216.919 10
      vertex -208.335 216.919 0
    endloop
  endfacet
  facet normal -0.418402 0.908262 0
    outer loop
      vertex -209.301 216.474 0
      vertex -209.301 216.474 10
      vertex -208.335 216.919 10
    endloop
  endfacet
  facet normal -0.999952 0.00977948 0
    outer loop
      vertex -209.309 215.656 0
      vertex -209.301 216.474 10
      vertex -209.301 216.474 0
    endloop
  endfacet
  facet normal -0.999952 0.00977948 0
    outer loop
      vertex -209.309 215.656 0
      vertex -209.309 215.656 10
      vertex -209.301 216.474 10
    endloop
  endfacet
  facet normal -0.420582 -0.907255 0
    outer loop
      vertex -209.007 215.516 0
      vertex -209.309 215.656 10
      vertex -209.309 215.656 0
    endloop
  endfacet
  facet normal -0.420582 -0.907255 0
    outer loop
      vertex -209.007 215.516 0
      vertex -209.007 215.516 10
      vertex -209.309 215.656 10
    endloop
  endfacet
  facet normal -0.974675 -0.223627 0
    outer loop
      vertex -208.954 215.285 0
      vertex -209.007 215.516 10
      vertex -209.007 215.516 0
    endloop
  endfacet
  facet normal -0.974675 -0.223627 0
    outer loop
      vertex -208.954 215.285 0
      vertex -208.954 215.285 10
      vertex -209.007 215.516 10
    endloop
  endfacet
  facet normal -0.774552 0.63251 0
    outer loop
      vertex -209.996 214.009 0
      vertex -208.954 215.285 10
      vertex -208.954 215.285 0
    endloop
  endfacet
  facet normal -0.774552 0.63251 0
    outer loop
      vertex -209.996 214.009 0
      vertex -209.996 214.009 10
      vertex -208.954 215.285 10
    endloop
  endfacet
  facet normal -0.99291 0.118869 0
    outer loop
      vertex -210.064 213.441 0
      vertex -209.996 214.009 10
      vertex -209.996 214.009 0
    endloop
  endfacet
  facet normal -0.99291 0.118869 0
    outer loop
      vertex -210.064 213.441 0
      vertex -210.064 213.441 10
      vertex -209.996 214.009 10
    endloop
  endfacet
  facet normal -0.807267 -0.590187 0
    outer loop
      vertex -209.89 213.203 0
      vertex -210.064 213.441 10
      vertex -210.064 213.441 0
    endloop
  endfacet
  facet normal -0.807267 -0.590187 0
    outer loop
      vertex -209.89 213.203 0
      vertex -209.89 213.203 10
      vertex -210.064 213.441 10
    endloop
  endfacet
  facet normal 0.271645 -0.962398 0
    outer loop
      vertex -209.146 213.413 0
      vertex -209.89 213.203 10
      vertex -209.89 213.203 0
    endloop
  endfacet
  facet normal 0.271645 -0.962398 0
    outer loop
      vertex -209.146 213.413 0
      vertex -209.146 213.413 10
      vertex -209.89 213.203 10
    endloop
  endfacet
  facet normal 0.942671 -0.333722 0
    outer loop
      vertex -208.701 214.67 0
      vertex -209.146 213.413 10
      vertex -209.146 213.413 0
    endloop
  endfacet
  facet normal 0.942671 -0.333722 0
    outer loop
      vertex -208.701 214.67 0
      vertex -208.701 214.67 10
      vertex -209.146 213.413 10
    endloop
  endfacet
  facet normal 0.567733 -0.823213 0
    outer loop
      vertex -208.556 214.77 0
      vertex -208.701 214.67 10
      vertex -208.701 214.67 0
    endloop
  endfacet
  facet normal 0.567733 -0.823213 0
    outer loop
      vertex -208.556 214.77 0
      vertex -208.556 214.77 10
      vertex -208.701 214.67 10
    endloop
  endfacet
  facet normal -0.52037 -0.853941 0
    outer loop
      vertex -208.428 214.692 0
      vertex -208.556 214.77 10
      vertex -208.556 214.77 0
    endloop
  endfacet
  facet normal -0.52037 -0.853941 0
    outer loop
      vertex -208.428 214.692 0
      vertex -208.428 214.692 10
      vertex -208.556 214.77 10
    endloop
  endfacet
  facet normal -0.878853 -0.477092 0
    outer loop
      vertex -208.048 213.992 0
      vertex -208.428 214.692 10
      vertex -208.428 214.692 0
    endloop
  endfacet
  facet normal -0.878853 -0.477092 0
    outer loop
      vertex -208.048 213.992 0
      vertex -208.048 213.992 10
      vertex -208.428 214.692 10
    endloop
  endfacet
  facet normal -0.962651 -0.270746 0
    outer loop
      vertex -208.03 213.928 0
      vertex -208.048 213.992 10
      vertex -208.048 213.992 0
    endloop
  endfacet
  facet normal -0.962651 -0.270746 0
    outer loop
      vertex -208.03 213.928 0
      vertex -208.03 213.928 10
      vertex -208.048 213.992 10
    endloop
  endfacet
  facet normal -0.998689 -0.0511794 0
    outer loop
      vertex -207.956 212.484 0
      vertex -208.03 213.928 10
      vertex -208.03 213.928 0
    endloop
  endfacet
  facet normal -0.998689 -0.0511794 0
    outer loop
      vertex -207.956 212.484 0
      vertex -207.956 212.484 10
      vertex -208.03 213.928 10
    endloop
  endfacet
  facet normal -0.201314 -0.979527 0
    outer loop
      vertex -207.63 212.417 0
      vertex -207.956 212.484 10
      vertex -207.956 212.484 0
    endloop
  endfacet
  facet normal -0.201314 -0.979527 0
    outer loop
      vertex -207.63 212.417 0
      vertex -207.63 212.417 10
      vertex -207.956 212.484 10
    endloop
  endfacet
  facet normal -0.737625 -0.675211 0
    outer loop
      vertex -207.511 212.287 0
      vertex -207.63 212.417 10
      vertex -207.63 212.417 0
    endloop
  endfacet
  facet normal -0.737625 -0.675211 0
    outer loop
      vertex -207.511 212.287 0
      vertex -207.511 212.287 10
      vertex -207.63 212.417 10
    endloop
  endfacet
  facet normal -0.926542 0.37619 0
    outer loop
      vertex -207.565 212.154 0
      vertex -207.511 212.287 10
      vertex -207.511 212.287 0
    endloop
  endfacet
  facet normal -0.926542 0.37619 0
    outer loop
      vertex -207.565 212.154 0
      vertex -207.565 212.154 10
      vertex -207.511 212.287 10
    endloop
  endfacet
  facet normal -0.634989 0.772521 0
    outer loop
      vertex -208.621 211.286 0
      vertex -207.565 212.154 10
      vertex -207.565 212.154 0
    endloop
  endfacet
  facet normal -0.634989 0.772521 0
    outer loop
      vertex -208.621 211.286 0
      vertex -208.621 211.286 10
      vertex -207.565 212.154 10
    endloop
  endfacet
  facet normal -0.800878 0.598828 0
    outer loop
      vertex -210.42 208.88 0
      vertex -208.621 211.286 10
      vertex -208.621 211.286 0
    endloop
  endfacet
  facet normal -0.800878 0.598828 0
    outer loop
      vertex -210.42 208.88 0
      vertex -210.42 208.88 10
      vertex -208.621 211.286 10
    endloop
  endfacet
  facet normal -0.687745 0.725953 0
    outer loop
      vertex -210.458 208.844 0
      vertex -210.42 208.88 10
      vertex -210.42 208.88 0
    endloop
  endfacet
  facet normal -0.687745 0.725953 0
    outer loop
      vertex -210.458 208.844 0
      vertex -210.458 208.844 10
      vertex -210.42 208.88 10
    endloop
  endfacet
  facet normal -0.547249 0.83697 0
    outer loop
      vertex -210.718 208.674 0
      vertex -210.458 208.844 10
      vertex -210.458 208.844 0
    endloop
  endfacet
  facet normal -0.547249 0.83697 0
    outer loop
      vertex -210.718 208.674 0
      vertex -210.718 208.674 10
      vertex -210.458 208.844 10
    endloop
  endfacet
  facet normal -0.0931188 0.995655 0
    outer loop
      vertex -210.857 208.661 0
      vertex -210.718 208.674 10
      vertex -210.718 208.674 0
    endloop
  endfacet
  facet normal -0.0931188 0.995655 0
    outer loop
      vertex -210.857 208.661 0
      vertex -210.857 208.661 10
      vertex -210.718 208.674 10
    endloop
  endfacet
  facet normal 0.37713 0.92616 0
    outer loop
      vertex -211.385 208.876 0
      vertex -210.857 208.661 10
      vertex -210.857 208.661 0
    endloop
  endfacet
  facet normal 0.37713 0.92616 -0
    outer loop
      vertex -211.385 208.876 0
      vertex -211.385 208.876 10
      vertex -210.857 208.661 10
    endloop
  endfacet
  facet normal -0.438452 0.898754 0
    outer loop
      vertex -212.002 208.575 0
      vertex -211.385 208.876 10
      vertex -211.385 208.876 0
    endloop
  endfacet
  facet normal -0.438452 0.898754 0
    outer loop
      vertex -212.002 208.575 0
      vertex -212.002 208.575 10
      vertex -211.385 208.876 10
    endloop
  endfacet
  facet normal -0.968733 0.248105 0
    outer loop
      vertex -212.4 207.021 0
      vertex -212.002 208.575 10
      vertex -212.002 208.575 0
    endloop
  endfacet
  facet normal -0.968733 0.248105 0
    outer loop
      vertex -212.4 207.021 0
      vertex -212.4 207.021 10
      vertex -212.002 208.575 10
    endloop
  endfacet
  facet normal -0.869642 -0.493683 0
    outer loop
      vertex -212.01 206.334 0
      vertex -212.4 207.021 10
      vertex -212.4 207.021 0
    endloop
  endfacet
  facet normal -0.869642 -0.493683 0
    outer loop
      vertex -212.01 206.334 0
      vertex -212.01 206.334 10
      vertex -212.4 207.021 10
    endloop
  endfacet
  facet normal -0.931578 -0.363542 0
    outer loop
      vertex -211.994 206.293 0
      vertex -212.01 206.334 10
      vertex -212.01 206.334 0
    endloop
  endfacet
  facet normal -0.931578 -0.363542 0
    outer loop
      vertex -211.994 206.293 0
      vertex -211.994 206.293 10
      vertex -212.01 206.334 10
    endloop
  endfacet
  facet normal -0.976073 -0.217442 0
    outer loop
      vertex -211.544 204.273 0
      vertex -211.994 206.293 10
      vertex -211.994 206.293 0
    endloop
  endfacet
  facet normal -0.976073 -0.217442 0
    outer loop
      vertex -211.544 204.273 0
      vertex -211.544 204.273 10
      vertex -211.994 206.293 10
    endloop
  endfacet
  facet normal -0.999426 -0.0338788 0
    outer loop
      vertex -211.542 204.214 0
      vertex -211.544 204.273 10
      vertex -211.544 204.273 0
    endloop
  endfacet
  facet normal -0.999426 -0.0338788 0
    outer loop
      vertex -211.542 204.214 0
      vertex -211.542 204.214 10
      vertex -211.544 204.273 10
    endloop
  endfacet
  facet normal -0.985333 0.170644 0
    outer loop
      vertex -211.852 202.424 0
      vertex -211.542 204.214 10
      vertex -211.542 204.214 0
    endloop
  endfacet
  facet normal -0.985333 0.170644 0
    outer loop
      vertex -211.852 202.424 0
      vertex -211.852 202.424 10
      vertex -211.542 204.214 10
    endloop
  endfacet
  facet normal -0.764394 0.64475 0
    outer loop
      vertex -211.949 202.309 0
      vertex -211.852 202.424 10
      vertex -211.852 202.424 0
    endloop
  endfacet
  facet normal -0.764394 0.64475 0
    outer loop
      vertex -211.949 202.309 0
      vertex -211.949 202.309 10
      vertex -211.852 202.424 10
    endloop
  endfacet
  facet normal -0.338719 0.940887 0
    outer loop
      vertex -212.449 202.129 0
      vertex -211.949 202.309 10
      vertex -211.949 202.309 0
    endloop
  endfacet
  facet normal -0.338719 0.940887 0
    outer loop
      vertex -212.449 202.129 0
      vertex -212.449 202.129 10
      vertex -211.949 202.309 10
    endloop
  endfacet
  facet normal -0.113547 0.993533 0
    outer loop
      vertex -212.519 202.121 0
      vertex -212.449 202.129 10
      vertex -212.449 202.129 0
    endloop
  endfacet
  facet normal -0.113547 0.993533 0
    outer loop
      vertex -212.519 202.121 0
      vertex -212.519 202.121 10
      vertex -212.449 202.129 10
    endloop
  endfacet
  facet normal 0.130059 0.991506 0
    outer loop
      vertex -213.167 202.206 0
      vertex -212.519 202.121 10
      vertex -212.519 202.121 0
    endloop
  endfacet
  facet normal 0.130059 0.991506 -0
    outer loop
      vertex -213.167 202.206 0
      vertex -213.167 202.206 10
      vertex -212.519 202.121 10
    endloop
  endfacet
  facet normal -0.904552 -0.426364 0
    outer loop
      vertex -212.624 201.054 0
      vertex -213.167 202.206 10
      vertex -213.167 202.206 0
    endloop
  endfacet
  facet normal -0.904552 -0.426364 0
    outer loop
      vertex -212.624 201.054 0
      vertex -212.624 201.054 10
      vertex -213.167 202.206 10
    endloop
  endfacet
  facet normal -0.995037 -0.0995037 0
    outer loop
      vertex -212.614 200.954 0
      vertex -212.624 201.054 10
      vertex -212.624 201.054 0
    endloop
  endfacet
  facet normal -0.995037 -0.0995037 0
    outer loop
      vertex -212.614 200.954 0
      vertex -212.614 200.954 10
      vertex -212.624 201.054 10
    endloop
  endfacet
  facet normal -0.97152 0.236956 0
    outer loop
      vertex -212.714 200.544 0
      vertex -212.614 200.954 10
      vertex -212.614 200.954 0
    endloop
  endfacet
  facet normal -0.97152 0.236956 0
    outer loop
      vertex -212.714 200.544 0
      vertex -212.714 200.544 10
      vertex -212.614 200.954 10
    endloop
  endfacet
  facet normal -0.645181 0.76403 0
    outer loop
      vertex -212.849 200.43 0
      vertex -212.714 200.544 10
      vertex -212.714 200.544 0
    endloop
  endfacet
  facet normal -0.645181 0.76403 0
    outer loop
      vertex -212.849 200.43 0
      vertex -212.849 200.43 10
      vertex -212.714 200.544 10
    endloop
  endfacet
  facet normal 0.563337 0.826227 0
    outer loop
      vertex -213.003 200.535 0
      vertex -212.849 200.43 10
      vertex -212.849 200.43 0
    endloop
  endfacet
  facet normal 0.563337 0.826227 -0
    outer loop
      vertex -213.003 200.535 0
      vertex -213.003 200.535 10
      vertex -212.849 200.43 10
    endloop
  endfacet
  facet normal 0.953752 0.300594 0
    outer loop
      vertex -213.217 201.214 0
      vertex -213.003 200.535 10
      vertex -213.003 200.535 0
    endloop
  endfacet
  facet normal 0.953752 0.300594 -0
    outer loop
      vertex -213.217 201.214 0
      vertex -213.217 201.214 10
      vertex -213.003 200.535 10
    endloop
  endfacet
  facet normal 0.828595 0.559849 0
    outer loop
      vertex -214.394 202.956 0
      vertex -213.217 201.214 10
      vertex -213.217 201.214 0
    endloop
  endfacet
  facet normal 0.828595 0.559849 -0
    outer loop
      vertex -214.394 202.956 0
      vertex -214.394 202.956 10
      vertex -213.217 201.214 10
    endloop
  endfacet
  facet normal 0.999419 -0.0340711 0
    outer loop
      vertex -214.388 203.132 0
      vertex -214.394 202.956 10
      vertex -214.394 202.956 0
    endloop
  endfacet
  facet normal 0.999419 -0.0340711 0
    outer loop
      vertex -214.388 203.132 0
      vertex -214.388 203.132 10
      vertex -214.394 202.956 10
    endloop
  endfacet
  facet normal 0.288406 -0.957508 0
    outer loop
      vertex -214.222 203.182 0
      vertex -214.388 203.132 10
      vertex -214.388 203.132 0
    endloop
  endfacet
  facet normal 0.288406 -0.957508 0
    outer loop
      vertex -214.222 203.182 0
      vertex -214.222 203.182 10
      vertex -214.388 203.132 10
    endloop
  endfacet
  facet normal -0.319877 -0.947459 0
    outer loop
      vertex -212.821 202.709 0
      vertex -214.222 203.182 10
      vertex -214.222 203.182 0
    endloop
  endfacet
  facet normal -0.319877 -0.947459 0
    outer loop
      vertex -212.821 202.709 0
      vertex -212.821 202.709 10
      vertex -214.222 203.182 10
    endloop
  endfacet
  facet normal 0.326545 -0.945182 0
    outer loop
      vertex -212.19 202.927 0
      vertex -212.821 202.709 10
      vertex -212.821 202.709 0
    endloop
  endfacet
  facet normal 0.326545 -0.945182 0
    outer loop
      vertex -212.19 202.927 0
      vertex -212.19 202.927 10
      vertex -212.821 202.709 10
    endloop
  endfacet
  facet normal 1 0 0
    outer loop
      vertex -212.19 203.572 0
      vertex -212.19 202.927 10
      vertex -212.19 202.927 0
    endloop
  endfacet
  facet normal 1 0 -0
    outer loop
      vertex -212.19 203.572 0
      vertex -212.19 203.572 10
      vertex -212.19 202.927 10
    endloop
  endfacet
  facet normal 0.737982 0.674821 0
    outer loop
      vertex -212.393 203.794 0
      vertex -212.19 203.572 10
      vertex -212.19 203.572 0
    endloop
  endfacet
  facet normal 0.737982 0.674821 -0
    outer loop
      vertex -212.393 203.794 0
      vertex -212.393 203.794 10
      vertex -212.19 203.572 10
    endloop
  endfacet
  facet normal -0.344604 0.938748 0
    outer loop
      vertex -212.788 203.649 0
      vertex -212.393 203.794 10
      vertex -212.393 203.794 0
    endloop
  endfacet
  facet normal -0.344604 0.938748 0
    outer loop
      vertex -212.788 203.649 0
      vertex -212.788 203.649 10
      vertex -212.393 203.794 10
    endloop
  endfacet
  facet normal 0.271729 0.962374 0
    outer loop
      vertex -212.958 203.697 0
      vertex -212.788 203.649 10
      vertex -212.788 203.649 0
    endloop
  endfacet
  facet normal 0.271729 0.962374 -0
    outer loop
      vertex -212.958 203.697 0
      vertex -212.958 203.697 10
      vertex -212.788 203.649 10
    endloop
  endfacet
  facet normal 0.969169 0.246399 0
    outer loop
      vertex -212.988 203.815 0
      vertex -212.958 203.697 10
      vertex -212.958 203.697 0
    endloop
  endfacet
  facet normal 0.969169 0.246399 -0
    outer loop
      vertex -212.988 203.815 0
      vertex -212.988 203.815 10
      vertex -212.958 203.697 10
    endloop
  endfacet
  facet normal 0.985578 -0.169222 0
    outer loop
      vertex -212.897 204.345 0
      vertex -212.988 203.815 10
      vertex -212.988 203.815 0
    endloop
  endfacet
  facet normal 0.985578 -0.169222 0
    outer loop
      vertex -212.897 204.345 0
      vertex -212.897 204.345 10
      vertex -212.988 203.815 10
    endloop
  endfacet
  facet normal -0.257157 0.96637 0
    outer loop
      vertex -213.611 204.155 0
      vertex -212.897 204.345 10
      vertex -212.897 204.345 0
    endloop
  endfacet
  facet normal -0.257157 0.96637 0
    outer loop
      vertex -213.611 204.155 0
      vertex -213.611 204.155 10
      vertex -212.897 204.345 10
    endloop
  endfacet
  facet normal 0.462903 0.886409 0
    outer loop
      vertex -213.791 204.249 0
      vertex -213.611 204.155 10
      vertex -213.611 204.155 0
    endloop
  endfacet
  facet normal 0.462903 0.886409 -0
    outer loop
      vertex -213.791 204.249 0
      vertex -213.791 204.249 10
      vertex -213.611 204.155 10
    endloop
  endfacet
  facet normal 0.939392 0.342844 0
    outer loop
      vertex -214.291 205.619 0
      vertex -213.791 204.249 10
      vertex -213.791 204.249 0
    endloop
  endfacet
  facet normal 0.939392 0.342844 -0
    outer loop
      vertex -214.291 205.619 0
      vertex -214.291 205.619 10
      vertex -213.791 204.249 10
    endloop
  endfacet
  facet normal 0.997268 0.0738717 0
    outer loop
      vertex -214.297 205.7 0
      vertex -214.291 205.619 10
      vertex -214.291 205.619 0
    endloop
  endfacet
  facet normal 0.997268 0.0738717 -0
    outer loop
      vertex -214.297 205.7 0
      vertex -214.297 205.7 10
      vertex -214.291 205.619 10
    endloop
  endfacet
  facet normal 0.980206 -0.197982 0
    outer loop
      vertex -213.481 209.74 0
      vertex -214.297 205.7 10
      vertex -214.297 205.7 0
    endloop
  endfacet
  facet normal 0.980206 -0.197982 0
    outer loop
      vertex -213.481 209.74 0
      vertex -213.481 209.74 10
      vertex -214.297 205.7 10
    endloop
  endfacet
  facet normal -0.486272 0.873808 0
    outer loop
      vertex -214.189 209.346 0
      vertex -213.481 209.74 10
      vertex -213.481 209.74 0
    endloop
  endfacet
  facet normal -0.486272 0.873808 0
    outer loop
      vertex -214.189 209.346 0
      vertex -214.189 209.346 10
      vertex -213.481 209.74 10
    endloop
  endfacet
  facet normal -0.935443 0.353477 0
    outer loop
      vertex -214.37 208.867 0
      vertex -214.189 209.346 10
      vertex -214.189 209.346 0
    endloop
  endfacet
  facet normal -0.935443 0.353477 0
    outer loop
      vertex -214.37 208.867 0
      vertex -214.37 208.867 10
      vertex -214.189 209.346 10
    endloop
  endfacet
  facet normal -0.691571 0.722308 0
    outer loop
      vertex -214.464 208.777 0
      vertex -214.37 208.867 10
      vertex -214.37 208.867 0
    endloop
  endfacet
  facet normal -0.691571 0.722308 0
    outer loop
      vertex -214.464 208.777 0
      vertex -214.464 208.777 10
      vertex -214.37 208.867 10
    endloop
  endfacet
  facet normal -0.309586 0.950871 0
    outer loop
      vertex -214.894 208.637 0
      vertex -214.464 208.777 10
      vertex -214.464 208.777 0
    endloop
  endfacet
  facet normal -0.309586 0.950871 0
    outer loop
      vertex -214.894 208.637 0
      vertex -214.894 208.637 10
      vertex -214.464 208.777 10
    endloop
  endfacet
  facet normal 0.312813 0.949815 0
    outer loop
      vertex -215.061 208.692 0
      vertex -214.894 208.637 10
      vertex -214.894 208.637 0
    endloop
  endfacet
  facet normal 0.312813 0.949815 -0
    outer loop
      vertex -215.061 208.692 0
      vertex -215.061 208.692 10
      vertex -214.894 208.637 10
    endloop
  endfacet
  facet normal 0.992278 0.124035 0
    outer loop
      vertex -215.079 208.836 0
      vertex -215.061 208.692 10
      vertex -215.061 208.692 0
    endloop
  endfacet
  facet normal 0.992278 0.124035 -0
    outer loop
      vertex -215.079 208.836 0
      vertex -215.079 208.836 10
      vertex -215.061 208.692 10
    endloop
  endfacet
  facet normal 0.928181 -0.372128 0
    outer loop
      vertex -214.644 209.921 0
      vertex -215.079 208.836 10
      vertex -215.079 208.836 0
    endloop
  endfacet
  facet normal 0.928181 -0.372128 0
    outer loop
      vertex -214.644 209.921 0
      vertex -214.644 209.921 10
      vertex -215.079 208.836 10
    endloop
  endfacet
  facet normal -0.319316 0.947648 0
    outer loop
      vertex -214.736 209.89 0
      vertex -214.644 209.921 10
      vertex -214.644 209.921 0
    endloop
  endfacet
  facet normal -0.319316 0.947648 0
    outer loop
      vertex -214.736 209.89 0
      vertex -214.736 209.89 10
      vertex -214.644 209.921 10
    endloop
  endfacet
  facet normal 0.0389315 0.999242 0
    outer loop
      vertex -215.506 209.92 0
      vertex -214.736 209.89 10
      vertex -214.736 209.89 0
    endloop
  endfacet
  facet normal 0.0389315 0.999242 -0
    outer loop
      vertex -215.506 209.92 0
      vertex -215.506 209.92 10
      vertex -214.736 209.89 10
    endloop
  endfacet
  facet normal 0.490609 0.87138 0
    outer loop
      vertex -215.625 209.987 0
      vertex -215.506 209.92 10
      vertex -215.506 209.92 0
    endloop
  endfacet
  facet normal 0.490609 0.87138 -0
    outer loop
      vertex -215.625 209.987 0
      vertex -215.625 209.987 10
      vertex -215.506 209.92 10
    endloop
  endfacet
  facet normal 0.832995 0.553281 0
    outer loop
      vertex -216.525 211.342 0
      vertex -215.625 209.987 10
      vertex -215.625 209.987 0
    endloop
  endfacet
  facet normal 0.832995 0.553281 -0
    outer loop
      vertex -216.525 211.342 0
      vertex -216.525 211.342 10
      vertex -215.625 209.987 10
    endloop
  endfacet
  facet normal -0.396911 0.917857 0
    outer loop
      vertex -216.71 211.262 0
      vertex -216.525 211.342 10
      vertex -216.525 211.342 0
    endloop
  endfacet
  facet normal -0.396911 0.917857 0
    outer loop
      vertex -216.71 211.262 0
      vertex -216.71 211.262 10
      vertex -216.525 211.342 10
    endloop
  endfacet
  facet normal -0.0366726 0.999327 0
    outer loop
      vertex -216.819 211.258 0
      vertex -216.71 211.262 10
      vertex -216.71 211.262 0
    endloop
  endfacet
  facet normal -0.0366726 0.999327 0
    outer loop
      vertex -216.819 211.258 0
      vertex -216.819 211.258 10
      vertex -216.71 211.262 10
    endloop
  endfacet
  facet normal 0.327111 0.944986 0
    outer loop
      vertex -217.365 211.447 0
      vertex -216.819 211.258 10
      vertex -216.819 211.258 0
    endloop
  endfacet
  facet normal 0.327111 0.944986 -0
    outer loop
      vertex -217.365 211.447 0
      vertex -217.365 211.447 10
      vertex -216.819 211.258 10
    endloop
  endfacet
  facet normal -0.94299 -0.33282 0
    outer loop
      vertex -217.179 210.92 0
      vertex -217.365 211.447 10
      vertex -217.365 211.447 0
    endloop
  endfacet
  facet normal -0.94299 -0.33282 0
    outer loop
      vertex -217.179 210.92 0
      vertex -217.179 210.92 10
      vertex -217.365 211.447 10
    endloop
  endfacet
  facet normal -0.92042 0.390931 0
    outer loop
      vertex -217.258 210.734 0
      vertex -217.179 210.92 10
      vertex -217.179 210.92 0
    endloop
  endfacet
  facet normal -0.92042 0.390931 0
    outer loop
      vertex -217.258 210.734 0
      vertex -217.258 210.734 10
      vertex -217.179 210.92 10
    endloop
  endfacet
  facet normal -0.415988 0.90937 0
    outer loop
      vertex -218.198 210.304 0
      vertex -217.258 210.734 10
      vertex -217.258 210.734 0
    endloop
  endfacet
  facet normal -0.415988 0.90937 0
    outer loop
      vertex -218.198 210.304 0
      vertex -218.198 210.304 10
      vertex -217.258 210.734 10
    endloop
  endfacet
  facet normal 0.0875009 0.996164 0
    outer loop
      vertex -218.346 210.317 0
      vertex -218.198 210.304 10
      vertex -218.198 210.304 0
    endloop
  endfacet
  facet normal 0.0875009 0.996164 -0
    outer loop
      vertex -218.346 210.317 0
      vertex -218.346 210.317 10
      vertex -218.198 210.304 10
    endloop
  endfacet
  facet normal 0.571926 0.820305 0
    outer loop
      vertex -218.848 210.667 0
      vertex -218.346 210.317 10
      vertex -218.346 210.317 0
    endloop
  endfacet
  facet normal 0.571926 0.820305 -0
    outer loop
      vertex -218.848 210.667 0
      vertex -218.848 210.667 10
      vertex -218.346 210.317 10
    endloop
  endfacet
  facet normal -0.268547 0.963267 0
    outer loop
      vertex -219.013 210.621 0
      vertex -218.848 210.667 10
      vertex -218.848 210.667 0
    endloop
  endfacet
  facet normal -0.268547 0.963267 0
    outer loop
      vertex -219.013 210.621 0
      vertex -219.013 210.621 10
      vertex -218.848 210.667 10
    endloop
  endfacet
  facet normal -0.917034 -0.398808 0
    outer loop
      vertex -218.482 209.4 0
      vertex -219.013 210.621 10
      vertex -219.013 210.621 0
    endloop
  endfacet
  facet normal -0.917034 -0.398808 0
    outer loop
      vertex -218.482 209.4 0
      vertex -218.482 209.4 10
      vertex -219.013 210.621 10
    endloop
  endfacet
  facet normal -0.911753 0.41074 0
    outer loop
      vertex -218.573 209.198 0
      vertex -218.482 209.4 10
      vertex -218.482 209.4 0
    endloop
  endfacet
  facet normal -0.911753 0.41074 0
    outer loop
      vertex -218.573 209.198 0
      vertex -218.573 209.198 10
      vertex -218.482 209.4 10
    endloop
  endfacet
  facet normal -0.322264 0.94665 0
    outer loop
      vertex -218.667 209.166 0
      vertex -218.573 209.198 10
      vertex -218.573 209.198 0
    endloop
  endfacet
  facet normal -0.322264 0.94665 0
    outer loop
      vertex -218.667 209.166 0
      vertex -218.667 209.166 10
      vertex -218.573 209.198 10
    endloop
  endfacet
  facet normal -0.862711 -0.505697 0
    outer loop
      vertex -218.099 208.197 0
      vertex -218.667 209.166 10
      vertex -218.667 209.166 0
    endloop
  endfacet
  facet normal -0.862711 -0.505697 0
    outer loop
      vertex -218.099 208.197 0
      vertex -218.099 208.197 10
      vertex -218.667 209.166 10
    endloop
  endfacet
  facet normal -0.533614 -0.845728 0
    outer loop
      vertex -218.015 208.144 0
      vertex -218.099 208.197 10
      vertex -218.099 208.197 0
    endloop
  endfacet
  facet normal -0.533614 -0.845728 0
    outer loop
      vertex -218.015 208.144 0
      vertex -218.015 208.144 10
      vertex -218.099 208.197 10
    endloop
  endfacet
  facet normal 0.480423 -0.877037 0
    outer loop
      vertex -217.272 208.551 0
      vertex -218.015 208.144 10
      vertex -218.015 208.144 0
    endloop
  endfacet
  facet normal 0.480423 -0.877037 0
    outer loop
      vertex -217.272 208.551 0
      vertex -217.272 208.551 10
      vertex -218.015 208.144 10
    endloop
  endfacet
  facet normal -0.019996 -0.9998 0
    outer loop
      vertex -217.122 208.548 0
      vertex -217.272 208.551 10
      vertex -217.272 208.551 0
    endloop
  endfacet
  facet normal -0.019996 -0.9998 0
    outer loop
      vertex -217.122 208.548 0
      vertex -217.122 208.548 10
      vertex -217.272 208.551 10
    endloop
  endfacet
  facet normal -0.522898 -0.852395 0
    outer loop
      vertex -215.932 207.818 0
      vertex -217.122 208.548 10
      vertex -217.122 208.548 0
    endloop
  endfacet
  facet normal -0.522898 -0.852395 0
    outer loop
      vertex -215.932 207.818 0
      vertex -215.932 207.818 10
      vertex -217.122 208.548 10
    endloop
  endfacet
  facet normal -0.834465 -0.551062 0
    outer loop
      vertex -215.862 207.712 0
      vertex -215.932 207.818 10
      vertex -215.932 207.818 0
    endloop
  endfacet
  facet normal -0.834465 -0.551062 0
    outer loop
      vertex -215.862 207.712 0
      vertex -215.862 207.712 10
      vertex -215.932 207.818 10
    endloop
  endfacet
  facet normal -0.989415 -0.145114 0
    outer loop
      vertex -215.752 206.962 0
      vertex -215.862 207.712 10
      vertex -215.862 207.712 0
    endloop
  endfacet
  facet normal -0.989415 -0.145114 0
    outer loop
      vertex -215.752 206.962 0
      vertex -215.752 206.962 10
      vertex -215.862 207.712 10
    endloop
  endfacet
  facet normal -0.947216 0.320596 0
    outer loop
      vertex -215.796 206.832 0
      vertex -215.752 206.962 10
      vertex -215.752 206.962 0
    endloop
  endfacet
  facet normal -0.947216 0.320596 0
    outer loop
      vertex -215.796 206.832 0
      vertex -215.796 206.832 10
      vertex -215.752 206.962 10
    endloop
  endfacet
  facet normal -0.690732 0.72311 0
    outer loop
      vertex -216.466 206.192 0
      vertex -215.796 206.832 10
      vertex -215.796 206.832 0
    endloop
  endfacet
  facet normal -0.690732 0.72311 0
    outer loop
      vertex -216.466 206.192 0
      vertex -216.466 206.192 10
      vertex -215.796 206.832 10
    endloop
  endfacet
  facet normal -0.143023 0.989719 0
    outer loop
      vertex -216.639 206.167 0
      vertex -216.466 206.192 10
      vertex -216.466 206.192 0
    endloop
  endfacet
  facet normal -0.143023 0.989719 0
    outer loop
      vertex -216.639 206.167 0
      vertex -216.639 206.167 10
      vertex -216.466 206.192 10
    endloop
  endfacet
  facet normal 0.457348 0.889288 0
    outer loop
      vertex -217.689 206.707 0
      vertex -216.639 206.167 10
      vertex -216.639 206.167 0
    endloop
  endfacet
  facet normal 0.457348 0.889288 -0
    outer loop
      vertex -217.689 206.707 0
      vertex -217.689 206.707 10
      vertex -216.639 206.167 10
    endloop
  endfacet
  facet normal 0.654377 0.756169 0
    outer loop
      vertex -217.741 206.752 0
      vertex -217.689 206.707 10
      vertex -217.689 206.707 0
    endloop
  endfacet
  facet normal 0.654377 0.756169 -0
    outer loop
      vertex -217.741 206.752 0
      vertex -217.741 206.752 10
      vertex -217.689 206.707 10
    endloop
  endfacet
  facet normal 0.808067 0.58909 0
    outer loop
      vertex -219.113 208.634 0
      vertex -217.741 206.752 10
      vertex -217.741 206.752 0
    endloop
  endfacet
  facet normal 0.808067 0.58909 -0
    outer loop
      vertex -219.113 208.634 0
      vertex -219.113 208.634 10
      vertex -217.741 206.752 10
    endloop
  endfacet
  facet normal -0.969015 0.247004 0
    outer loop
      vertex -219.178 208.379 0
      vertex -219.113 208.634 10
      vertex -219.113 208.634 0
    endloop
  endfacet
  facet normal -0.969015 0.247004 0
    outer loop
      vertex -219.178 208.379 0
      vertex -219.178 208.379 10
      vertex -219.113 208.634 10
    endloop
  endfacet
  facet normal -0.822627 -0.568581 0
    outer loop
      vertex -218.567 207.495 0
      vertex -219.178 208.379 10
      vertex -219.178 208.379 0
    endloop
  endfacet
  facet normal -0.822627 -0.568581 0
    outer loop
      vertex -218.567 207.495 0
      vertex -218.567 207.495 10
      vertex -219.178 208.379 10
    endloop
  endfacet
  facet normal -0.961198 0.27586 0
    outer loop
      vertex -218.631 207.272 0
      vertex -218.567 207.495 10
      vertex -218.567 207.495 0
    endloop
  endfacet
  facet normal -0.961198 0.27586 0
    outer loop
      vertex -218.631 207.272 0
      vertex -218.631 207.272 10
      vertex -218.567 207.495 10
    endloop
  endfacet
  facet normal -0.390968 0.920404 0
    outer loop
      vertex -219.761 206.792 0
      vertex -218.631 207.272 10
      vertex -218.631 207.272 0
    endloop
  endfacet
  facet normal -0.390968 0.920404 0
    outer loop
      vertex -219.761 206.792 0
      vertex -219.761 206.792 10
      vertex -218.631 207.272 10
    endloop
  endfacet
  facet normal -0.101742 0.994811 0
    outer loop
      vertex -219.849 206.783 0
      vertex -219.761 206.792 10
      vertex -219.761 206.792 0
    endloop
  endfacet
  facet normal -0.101742 0.994811 0
    outer loop
      vertex -219.849 206.783 0
      vertex -219.849 206.783 10
      vertex -219.761 206.792 10
    endloop
  endfacet
  facet normal 0.192206 0.981355 0
    outer loop
      vertex -223.229 207.445 0
      vertex -219.849 206.783 10
      vertex -219.849 206.783 0
    endloop
  endfacet
  facet normal 0.192206 0.981355 -0
    outer loop
      vertex -223.229 207.445 0
      vertex -223.229 207.445 10
      vertex -219.849 206.783 10
    endloop
  endfacet
  facet normal -0.332327 0.943164 0
    outer loop
      vertex -225.63 206.599 0
      vertex -223.229 207.445 10
      vertex -223.229 207.445 0
    endloop
  endfacet
  facet normal -0.332327 0.943164 0
    outer loop
      vertex -225.63 206.599 0
      vertex -225.63 206.599 10
      vertex -223.229 207.445 10
    endloop
  endfacet
  facet normal 0.0275125 0.999621 0
    outer loop
      vertex -225.739 206.602 0
      vertex -225.63 206.599 10
      vertex -225.63 206.599 0
    endloop
  endfacet
  facet normal 0.0275125 0.999621 -0
    outer loop
      vertex -225.739 206.602 0
      vertex -225.739 206.602 10
      vertex -225.63 206.599 10
    endloop
  endfacet
  facet normal 0.390889 0.920438 0
    outer loop
      vertex -226.436 206.898 0
      vertex -225.739 206.602 10
      vertex -225.739 206.602 0
    endloop
  endfacet
  facet normal 0.390889 0.920438 -0
    outer loop
      vertex -226.436 206.898 0
      vertex -226.436 206.898 10
      vertex -225.739 206.602 10
    endloop
  endfacet
  facet normal -0.0619131 0.998082 0
    outer loop
      vertex -227.371 206.84 0
      vertex -226.436 206.898 10
      vertex -226.436 206.898 0
    endloop
  endfacet
  facet normal -0.0619131 0.998082 0
    outer loop
      vertex -227.371 206.84 0
      vertex -227.371 206.84 10
      vertex -226.436 206.898 10
    endloop
  endfacet
  facet normal 0.237216 0.971457 0
    outer loop
      vertex -227.457 206.861 0
      vertex -227.371 206.84 10
      vertex -227.371 206.84 0
    endloop
  endfacet
  facet normal 0.237216 0.971457 -0
    outer loop
      vertex -227.457 206.861 0
      vertex -227.457 206.861 10
      vertex -227.371 206.84 10
    endloop
  endfacet
  facet normal 0.511223 0.859448 0
    outer loop
      vertex -228.617 207.551 0
      vertex -227.457 206.861 10
      vertex -227.457 206.861 0
    endloop
  endfacet
  facet normal 0.511223 0.859448 -0
    outer loop
      vertex -228.617 207.551 0
      vertex -228.617 207.551 10
      vertex -227.457 206.861 10
    endloop
  endfacet
  facet normal 0.635707 0.77193 0
    outer loop
      vertex -228.651 207.579 0
      vertex -228.617 207.551 10
      vertex -228.617 207.551 0
    endloop
  endfacet
  facet normal 0.635707 0.77193 -0
    outer loop
      vertex -228.651 207.579 0
      vertex -228.651 207.579 10
      vertex -228.617 207.551 10
    endloop
  endfacet
  facet normal 0.742086 0.670304 0
    outer loop
      vertex -229.977 209.047 0
      vertex -228.651 207.579 10
      vertex -228.651 207.579 0
    endloop
  endfacet
  facet normal 0.742086 0.670304 -0
    outer loop
      vertex -229.977 209.047 0
      vertex -229.977 209.047 10
      vertex -228.651 207.579 10
    endloop
  endfacet
  facet normal -0.419668 0.907678 0
    outer loop
      vertex -230.827 208.654 0
      vertex -229.977 209.047 10
      vertex -229.977 209.047 0
    endloop
  endfacet
  facet normal -0.419668 0.907678 0
    outer loop
      vertex -230.827 208.654 0
      vertex -230.827 208.654 10
      vertex -229.977 209.047 10
    endloop
  endfacet
  facet normal -0.164399 0.986394 0
    outer loop
      vertex -230.905 208.641 0
      vertex -230.827 208.654 10
      vertex -230.827 208.654 0
    endloop
  endfacet
  facet normal -0.164399 0.986394 0
    outer loop
      vertex -230.905 208.641 0
      vertex -230.905 208.641 10
      vertex -230.827 208.654 10
    endloop
  endfacet
  facet normal 0.0995037 0.995037 0
    outer loop
      vertex -232.205 208.771 0
      vertex -230.905 208.641 10
      vertex -230.905 208.641 0
    endloop
  endfacet
  facet normal 0.0995037 0.995037 -0
    outer loop
      vertex -232.205 208.771 0
      vertex -232.205 208.771 10
      vertex -230.905 208.641 10
    endloop
  endfacet
  facet normal 0.487068 0.873364 0
    outer loop
      vertex -232.309 208.829 0
      vertex -232.205 208.771 10
      vertex -232.205 208.771 0
    endloop
  endfacet
  facet normal 0.487068 0.873364 -0
    outer loop
      vertex -232.309 208.829 0
      vertex -232.309 208.829 10
      vertex -232.205 208.771 10
    endloop
  endfacet
  facet normal 0.794358 0.60745 0
    outer loop
      vertex -232.699 209.339 0
      vertex -232.309 208.829 10
      vertex -232.309 208.829 0
    endloop
  endfacet
  facet normal 0.794358 0.60745 -0
    outer loop
      vertex -232.699 209.339 0
      vertex -232.699 209.339 10
      vertex -232.309 208.829 10
    endloop
  endfacet
  facet normal 0.952538 0.304419 0
    outer loop
      vertex -232.73 209.436 0
      vertex -232.699 209.339 10
      vertex -232.699 209.339 0
    endloop
  endfacet
  facet normal 0.952538 0.304419 -0
    outer loop
      vertex -232.73 209.436 0
      vertex -232.73 209.436 10
      vertex -232.699 209.339 10
    endloop
  endfacet
  facet normal 0.999147 -0.0412871 0
    outer loop
      vertex -232.715 209.799 0
      vertex -232.73 209.436 10
      vertex -232.73 209.436 0
    endloop
  endfacet
  facet normal 0.999147 -0.0412871 0
    outer loop
      vertex -232.715 209.799 0
      vertex -232.715 209.799 10
      vertex -232.73 209.436 10
    endloop
  endfacet
  facet normal 0.202321 0.979319 0
    outer loop
      vertex -233.17 209.893 0
      vertex -232.715 209.799 10
      vertex -232.715 209.799 0
    endloop
  endfacet
  facet normal 0.202321 0.979319 -0
    outer loop
      vertex -233.17 209.893 0
      vertex -233.17 209.893 10
      vertex -232.715 209.799 10
    endloop
  endfacet
  facet normal 0.681183 0.732113 0
    outer loop
      vertex -233.285 210 0
      vertex -233.17 209.893 10
      vertex -233.17 209.893 0
    endloop
  endfacet
  facet normal 0.681183 0.732113 -0
    outer loop
      vertex -233.285 210 0
      vertex -233.285 210 10
      vertex -233.17 209.893 10
    endloop
  endfacet
  facet normal 0.963456 0.267867 0
    outer loop
      vertex -233.347 210.223 0
      vertex -233.285 210 10
      vertex -233.285 210 0
    endloop
  endfacet
  facet normal 0.963456 0.267867 -0
    outer loop
      vertex -233.347 210.223 0
      vertex -233.347 210.223 10
      vertex -233.285 210 10
    endloop
  endfacet
  facet normal -0.215788 0.97644 0
    outer loop
      vertex -233.528 210.183 0
      vertex -233.347 210.223 10
      vertex -233.347 210.223 0
    endloop
  endfacet
  facet normal -0.215788 0.97644 0
    outer loop
      vertex -233.528 210.183 0
      vertex -233.528 210.183 10
      vertex -233.347 210.223 10
    endloop
  endfacet
  facet normal 0.314263 0.949336 0
    outer loop
      vertex -233.673 210.231 0
      vertex -233.528 210.183 10
      vertex -233.528 210.183 0
    endloop
  endfacet
  facet normal 0.314263 0.949336 -0
    outer loop
      vertex -233.673 210.231 0
      vertex -233.673 210.231 10
      vertex -233.528 210.183 10
    endloop
  endfacet
  facet normal 0.75391 0.656978 0
    outer loop
      vertex -234.283 210.931 0
      vertex -233.673 210.231 10
      vertex -233.673 210.231 0
    endloop
  endfacet
  facet normal 0.75391 0.656978 -0
    outer loop
      vertex -234.283 210.931 0
      vertex -234.283 210.931 10
      vertex -233.673 210.231 10
    endloop
  endfacet
  facet normal 0.879032 0.476763 0
    outer loop
      vertex -234.315 210.99 0
      vertex -234.283 210.931 10
      vertex -234.283 210.931 0
    endloop
  endfacet
  facet normal 0.879032 0.476763 -0
    outer loop
      vertex -234.315 210.99 0
      vertex -234.315 210.99 10
      vertex -234.283 210.931 10
    endloop
  endfacet
  facet normal 0.964501 0.26408 0
    outer loop
      vertex -234.988 213.448 0
      vertex -234.315 210.99 10
      vertex -234.315 210.99 0
    endloop
  endfacet
  facet normal 0.964501 0.26408 -0
    outer loop
      vertex -234.988 213.448 0
      vertex -234.988 213.448 10
      vertex -234.315 210.99 10
    endloop
  endfacet
  facet normal 0.474156 0.880441 0
    outer loop
      vertex -235.922 213.951 0
      vertex -234.988 213.448 10
      vertex -234.988 213.448 0
    endloop
  endfacet
  facet normal 0.474156 0.880441 -0
    outer loop
      vertex -235.922 213.951 0
      vertex -235.922 213.951 10
      vertex -234.988 213.448 10
    endloop
  endfacet
  facet normal -0.448379 0.893844 0
    outer loop
      vertex -238.683 212.566 0
      vertex -235.922 213.951 10
      vertex -235.922 213.951 0
    endloop
  endfacet
  facet normal -0.448379 0.893844 0
    outer loop
      vertex -238.683 212.566 0
      vertex -238.683 212.566 10
      vertex -235.922 213.951 10
    endloop
  endfacet
  facet normal -0.360994 0.932568 0
    outer loop
      vertex -238.714 212.554 0
      vertex -238.683 212.566 10
      vertex -238.683 212.566 0
    endloop
  endfacet
  facet normal -0.360994 0.932568 0
    outer loop
      vertex -238.714 212.554 0
      vertex -238.714 212.554 10
      vertex -238.683 212.566 10
    endloop
  endfacet
  facet normal -0.239012 0.971017 0
    outer loop
      vertex -240.595 212.091 0
      vertex -238.714 212.554 10
      vertex -238.714 212.554 0
    endloop
  endfacet
  facet normal -0.239012 0.971017 0
    outer loop
      vertex -240.595 212.091 0
      vertex -240.595 212.091 10
      vertex -238.714 212.554 10
    endloop
  endfacet
  facet normal -0.903791 0.427975 0
    outer loop
      vertex -241.418 210.353 0
      vertex -240.595 212.091 10
      vertex -240.595 212.091 0
    endloop
  endfacet
  facet normal -0.903791 0.427975 0
    outer loop
      vertex -241.418 210.353 0
      vertex -241.418 210.353 10
      vertex -240.595 212.091 10
    endloop
  endfacet
  facet normal -0.695071 -0.718941 0
    outer loop
      vertex -240.665 209.625 0
      vertex -241.418 210.353 10
      vertex -241.418 210.353 0
    endloop
  endfacet
  facet normal -0.695071 -0.718941 0
    outer loop
      vertex -240.665 209.625 0
      vertex -240.665 209.625 10
      vertex -241.418 210.353 10
    endloop
  endfacet
  facet normal 0.0841689 -0.996451 0
    outer loop
      vertex -239.564 209.718 0
      vertex -240.665 209.625 10
      vertex -240.665 209.625 0
    endloop
  endfacet
  facet normal 0.0841689 -0.996451 0
    outer loop
      vertex -239.564 209.718 0
      vertex -239.564 209.718 10
      vertex -240.665 209.625 10
    endloop
  endfacet
  facet normal 0.999541 0.0302891 0
    outer loop
      vertex -239.58 210.246 0
      vertex -239.564 209.718 10
      vertex -239.564 209.718 0
    endloop
  endfacet
  facet normal 0.999541 0.0302891 -0
    outer loop
      vertex -239.58 210.246 0
      vertex -239.58 210.246 10
      vertex -239.564 209.718 10
    endloop
  endfacet
  facet normal 0.928477 -0.371391 0
    outer loop
      vertex -239.536 210.356 0
      vertex -239.58 210.246 10
      vertex -239.58 210.246 0
    endloop
  endfacet
  facet normal 0.928477 -0.371391 0
    outer loop
      vertex -239.536 210.356 0
      vertex -239.536 210.356 10
      vertex -239.58 210.246 10
    endloop
  endfacet
  facet normal 0.707107 -0.707107 0
    outer loop
      vertex -239.256 210.636 0
      vertex -239.536 210.356 10
      vertex -239.536 210.356 0
    endloop
  endfacet
  facet normal 0.707107 -0.707107 0
    outer loop
      vertex -239.256 210.636 0
      vertex -239.256 210.636 10
      vertex -239.536 210.356 10
    endloop
  endfacet
  facet normal 0.247123 -0.968984 0
    outer loop
      vertex -239.107 210.674 0
      vertex -239.256 210.636 10
      vertex -239.256 210.636 0
    endloop
  endfacet
  facet normal 0.247123 -0.968984 0
    outer loop
      vertex -239.107 210.674 0
      vertex -239.107 210.674 10
      vertex -239.256 210.636 10
    endloop
  endfacet
  facet normal -0.284641 -0.958634 0
    outer loop
      vertex -238.457 210.481 0
      vertex -239.107 210.674 10
      vertex -239.107 210.674 0
    endloop
  endfacet
  facet normal -0.284641 -0.958634 0
    outer loop
      vertex -238.457 210.481 0
      vertex -238.457 210.481 10
      vertex -239.107 210.674 10
    endloop
  endfacet
  facet normal 0.479575 -0.877501 0
    outer loop
      vertex -237.522 210.992 0
      vertex -238.457 210.481 10
      vertex -238.457 210.481 0
    endloop
  endfacet
  facet normal 0.479575 -0.877501 0
    outer loop
      vertex -237.522 210.992 0
      vertex -237.522 210.992 10
      vertex -238.457 210.481 10
    endloop
  endfacet
  facet normal 0.0936043 -0.995609 0
    outer loop
      vertex -237.405 211.003 0
      vertex -237.522 210.992 10
      vertex -237.522 210.992 0
    endloop
  endfacet
  facet normal 0.0936043 -0.995609 0
    outer loop
      vertex -237.405 211.003 0
      vertex -237.405 211.003 10
      vertex -237.522 210.992 10
    endloop
  endfacet
  facet normal -0.299086 -0.954226 0
    outer loop
      vertex -237.003 210.877 0
      vertex -237.405 211.003 10
      vertex -237.405 211.003 0
    endloop
  endfacet
  facet normal -0.299086 -0.954226 0
    outer loop
      vertex -237.003 210.877 0
      vertex -237.003 210.877 10
      vertex -237.405 211.003 10
    endloop
  endfacet
  facet normal 0.942439 -0.334377 0
    outer loop
      vertex -236.711 211.7 0
      vertex -237.003 210.877 10
      vertex -237.003 210.877 0
    endloop
  endfacet
  facet normal 0.942439 -0.334377 0
    outer loop
      vertex -236.711 211.7 0
      vertex -236.711 211.7 10
      vertex -237.003 210.877 10
    endloop
  endfacet
  facet normal 0.778891 -0.627159 0
    outer loop
      vertex -236.649 211.777 0
      vertex -236.711 211.7 10
      vertex -236.711 211.7 0
    endloop
  endfacet
  facet normal 0.778891 -0.627159 0
    outer loop
      vertex -236.649 211.777 0
      vertex -236.649 211.777 10
      vertex -236.711 211.7 10
    endloop
  endfacet
  facet normal 0.529347 -0.848405 0
    outer loop
      vertex -235.479 212.507 0
      vertex -236.649 211.777 10
      vertex -236.649 211.777 0
    endloop
  endfacet
  facet normal 0.529347 -0.848405 0
    outer loop
      vertex -235.479 212.507 0
      vertex -235.479 212.507 10
      vertex -236.649 211.777 10
    endloop
  endfacet
  facet normal -0.0184018 -0.999831 0
    outer loop
      vertex -235.316 212.504 0
      vertex -235.479 212.507 10
      vertex -235.479 212.507 0
    endloop
  endfacet
  facet normal -0.0184018 -0.999831 0
    outer loop
      vertex -235.316 212.504 0
      vertex -235.316 212.504 10
      vertex -235.479 212.507 10
    endloop
  endfacet
  facet normal -0.559473 -0.828849 0
    outer loop
      vertex -234.916 212.234 0
      vertex -235.316 212.504 10
      vertex -235.316 212.504 0
    endloop
  endfacet
  facet normal -0.559473 -0.828849 0
    outer loop
      vertex -234.916 212.234 0
      vertex -234.916 212.234 10
      vertex -235.316 212.504 10
    endloop
  endfacet
  facet normal -0.961719 -0.274038 0
    outer loop
      vertex -234.863 212.048 0
      vertex -234.916 212.234 10
      vertex -234.916 212.234 0
    endloop
  endfacet
  facet normal -0.961719 -0.274038 0
    outer loop
      vertex -234.863 212.048 0
      vertex -234.863 212.048 10
      vertex -234.916 212.234 10
    endloop
  endfacet
  facet normal -0.911734 0.410781 0
    outer loop
      vertex -235.273 211.138 0
      vertex -234.863 212.048 10
      vertex -234.863 212.048 0
    endloop
  endfacet
  facet normal -0.911734 0.410781 0
    outer loop
      vertex -235.273 211.138 0
      vertex -235.273 211.138 10
      vertex -234.863 212.048 10
    endloop
  endfacet
  facet normal -0.768221 0.640184 0
    outer loop
      vertex -235.323 211.078 0
      vertex -235.273 211.138 10
      vertex -235.273 211.138 0
    endloop
  endfacet
  facet normal -0.768221 0.640184 0
    outer loop
      vertex -235.323 211.078 0
      vertex -235.323 211.078 10
      vertex -235.273 211.138 10
    endloop
  endfacet
  facet normal -0.579903 0.814685 0
    outer loop
      vertex -236.305 210.379 0
      vertex -235.323 211.078 10
      vertex -235.323 211.078 0
    endloop
  endfacet
  facet normal -0.579903 0.814685 0
    outer loop
      vertex -236.305 210.379 0
      vertex -236.305 210.379 10
      vertex -235.323 211.078 10
    endloop
  endfacet
  facet normal -0.997605 0.0691714 0
    outer loop
      vertex -236.35 209.73 0
      vertex -236.305 210.379 10
      vertex -236.305 210.379 0
    endloop
  endfacet
  facet normal -0.997605 0.0691714 0
    outer loop
      vertex -236.35 209.73 0
      vertex -236.35 209.73 10
      vertex -236.305 210.379 10
    endloop
  endfacet
  facet normal -0.614866 0.788632 0
    outer loop
      vertex -236.527 209.592 0
      vertex -236.35 209.73 10
      vertex -236.35 209.73 0
    endloop
  endfacet
  facet normal -0.614866 0.788632 0
    outer loop
      vertex -236.527 209.592 0
      vertex -236.527 209.592 10
      vertex -236.35 209.73 10
    endloop
  endfacet
  facet normal 0.184159 0.982896 0
    outer loop
      vertex -236.986 209.678 0
      vertex -236.527 209.592 10
      vertex -236.527 209.592 0
    endloop
  endfacet
  facet normal 0.184159 0.982896 -0
    outer loop
      vertex -236.986 209.678 0
      vertex -236.986 209.678 10
      vertex -236.527 209.592 10
    endloop
  endfacet
  facet normal -0.730613 0.682791 0
    outer loop
      vertex -237.5 209.128 0
      vertex -236.986 209.678 10
      vertex -236.986 209.678 0
    endloop
  endfacet
  facet normal -0.730613 0.682791 0
    outer loop
      vertex -237.5 209.128 0
      vertex -237.5 209.128 10
      vertex -236.986 209.678 10
    endloop
  endfacet
  facet normal -0.506015 0.862525 0
    outer loop
      vertex -237.575 209.084 0
      vertex -237.5 209.128 10
      vertex -237.5 209.128 0
    endloop
  endfacet
  facet normal -0.506015 0.862525 0
    outer loop
      vertex -237.575 209.084 0
      vertex -237.575 209.084 10
      vertex -237.5 209.128 10
    endloop
  endfacet
  facet normal -0.230895 0.972979 0
    outer loop
      vertex -239.387 208.654 0
      vertex -237.575 209.084 10
      vertex -237.575 209.084 0
    endloop
  endfacet
  facet normal -0.230895 0.972979 0
    outer loop
      vertex -239.387 208.654 0
      vertex -239.387 208.654 10
      vertex -237.575 209.084 10
    endloop
  endfacet
  facet normal -0.994692 -0.102899 0
    outer loop
      vertex -239.321 208.016 0
      vertex -239.387 208.654 10
      vertex -239.387 208.654 0
    endloop
  endfacet
  facet normal -0.994692 -0.102899 0
    outer loop
      vertex -239.321 208.016 0
      vertex -239.321 208.016 10
      vertex -239.387 208.654 10
    endloop
  endfacet
  facet normal -0.957593 0.288125 0
    outer loop
      vertex -239.355 207.903 0
      vertex -239.321 208.016 10
      vertex -239.321 208.016 0
    endloop
  endfacet
  facet normal -0.957593 0.288125 0
    outer loop
      vertex -239.355 207.903 0
      vertex -239.355 207.903 10
      vertex -239.321 208.016 10
    endloop
  endfacet
  facet normal -0.763083 0.646301 0
    outer loop
      vertex -239.759 207.426 0
      vertex -239.355 207.903 10
      vertex -239.355 207.903 0
    endloop
  endfacet
  facet normal -0.763083 0.646301 0
    outer loop
      vertex -239.759 207.426 0
      vertex -239.759 207.426 10
      vertex -239.355 207.903 10
    endloop
  endfacet
  facet normal -0.999912 -0.0132879 0
    outer loop
      vertex -239.751 206.824 0
      vertex -239.759 207.426 10
      vertex -239.759 207.426 0
    endloop
  endfacet
  facet normal -0.999912 -0.0132879 0
    outer loop
      vertex -239.751 206.824 0
      vertex -239.751 206.824 10
      vertex -239.759 207.426 10
    endloop
  endfacet
  facet normal -0.850367 -0.52619 0
    outer loop
      vertex -239.092 205.759 0
      vertex -239.751 206.824 10
      vertex -239.751 206.824 0
    endloop
  endfacet
  facet normal -0.850367 -0.52619 0
    outer loop
      vertex -239.092 205.759 0
      vertex -239.092 205.759 10
      vertex -239.751 206.824 10
    endloop
  endfacet
  facet normal -0.943858 -0.33035 0
    outer loop
      vertex -239.071 205.699 0
      vertex -239.092 205.759 10
      vertex -239.092 205.759 0
    endloop
  endfacet
  facet normal -0.943858 -0.33035 0
    outer loop
      vertex -239.071 205.699 0
      vertex -239.071 205.699 10
      vertex -239.092 205.759 10
    endloop
  endfacet
  facet normal -0.991654 -0.12893 0
    outer loop
      vertex -238.896 204.353 0
      vertex -239.071 205.699 10
      vertex -239.071 205.699 0
    endloop
  endfacet
  facet normal -0.991654 -0.12893 0
    outer loop
      vertex -238.896 204.353 0
      vertex -238.896 204.353 10
      vertex -239.071 205.699 10
    endloop
  endfacet
  facet normal -0.838301 -0.545208 0
    outer loop
      vertex -238.284 203.412 0
      vertex -238.896 204.353 10
      vertex -238.896 204.353 0
    endloop
  endfacet
  facet normal -0.838301 -0.545208 0
    outer loop
      vertex -238.284 203.412 0
      vertex -238.284 203.412 10
      vertex -238.896 204.353 10
    endloop
  endfacet
  facet normal -0.998562 -0.0536141 0
    outer loop
      vertex -238.276 203.263 0
      vertex -238.284 203.412 10
      vertex -238.284 203.412 0
    endloop
  endfacet
  facet normal -0.998562 -0.0536141 0
    outer loop
      vertex -238.276 203.263 0
      vertex -238.276 203.263 10
      vertex -238.284 203.412 10
    endloop
  endfacet
  facet normal -0.894427 0.447214 0
    outer loop
      vertex -238.385 203.045 0
      vertex -238.276 203.263 10
      vertex -238.276 203.263 0
    endloop
  endfacet
  facet normal -0.894427 0.447214 0
    outer loop
      vertex -238.385 203.045 0
      vertex -238.385 203.045 10
      vertex -238.276 203.263 10
    endloop
  endfacet
  facet normal -0.918989 -0.394283 0
    outer loop
      vertex -237.992 202.129 0
      vertex -238.385 203.045 10
      vertex -238.385 203.045 0
    endloop
  endfacet
  facet normal -0.918989 -0.394283 0
    outer loop
      vertex -237.992 202.129 0
      vertex -237.992 202.129 10
      vertex -238.385 203.045 10
    endloop
  endfacet
  facet normal -0.975244 0.221131 0
    outer loop
      vertex -238.031 201.957 0
      vertex -237.992 202.129 10
      vertex -237.992 202.129 0
    endloop
  endfacet
  facet normal -0.975244 0.221131 0
    outer loop
      vertex -238.031 201.957 0
      vertex -238.031 201.957 10
      vertex -237.992 202.129 10
    endloop
  endfacet
  facet normal -0.164399 0.986394 0
    outer loop
      vertex -238.187 201.931 0
      vertex -238.031 201.957 10
      vertex -238.031 201.957 0
    endloop
  endfacet
  facet normal -0.164399 0.986394 0
    outer loop
      vertex -238.187 201.931 0
      vertex -238.187 201.931 10
      vertex -238.031 201.957 10
    endloop
  endfacet
  facet normal 0.377684 0.925935 0
    outer loop
      vertex -238.947 202.241 0
      vertex -238.187 201.931 10
      vertex -238.187 201.931 0
    endloop
  endfacet
  facet normal 0.377684 0.925935 -0
    outer loop
      vertex -238.947 202.241 0
      vertex -238.947 202.241 10
      vertex -238.187 201.931 10
    endloop
  endfacet
  facet normal 0.615644 0.788024 0
    outer loop
      vertex -239.011 202.291 0
      vertex -238.947 202.241 10
      vertex -238.947 202.241 0
    endloop
  endfacet
  facet normal 0.615644 0.788024 -0
    outer loop
      vertex -239.011 202.291 0
      vertex -239.011 202.291 10
      vertex -238.947 202.241 10
    endloop
  endfacet
  facet normal 0.804837 0.593495 0
    outer loop
      vertex -239.216 202.569 0
      vertex -239.011 202.291 10
      vertex -239.011 202.291 0
    endloop
  endfacet
  facet normal 0.804837 0.593495 -0
    outer loop
      vertex -239.216 202.569 0
      vertex -239.216 202.569 10
      vertex -239.011 202.291 10
    endloop
  endfacet
  facet normal -0.447214 0.894427 0
    outer loop
      vertex -239.238 202.558 0
      vertex -239.216 202.569 10
      vertex -239.216 202.569 0
    endloop
  endfacet
  facet normal -0.447214 0.894427 0
    outer loop
      vertex -239.238 202.558 0
      vertex -239.238 202.558 10
      vertex -239.216 202.569 10
    endloop
  endfacet
  facet normal -0.999768 -0.0215605 0
    outer loop
      vertex -239.211 201.306 0
      vertex -239.238 202.558 10
      vertex -239.238 202.558 0
    endloop
  endfacet
  facet normal -0.999768 -0.0215605 0
    outer loop
      vertex -239.211 201.306 0
      vertex -239.211 201.306 10
      vertex -239.238 202.558 10
    endloop
  endfacet
  facet normal -0.897112 -0.441803 0
    outer loop
      vertex -238.295 199.446 0
      vertex -239.211 201.306 10
      vertex -239.211 201.306 0
    endloop
  endfacet
  facet normal -0.897112 -0.441803 0
    outer loop
      vertex -238.295 199.446 0
      vertex -238.295 199.446 10
      vertex -239.211 201.306 10
    endloop
  endfacet
  facet normal -0.98546 0.169907 0
    outer loop
      vertex -238.325 199.272 0
      vertex -238.295 199.446 10
      vertex -238.295 199.446 0
    endloop
  endfacet
  facet normal -0.98546 0.169907 0
    outer loop
      vertex -238.325 199.272 0
      vertex -238.325 199.272 10
      vertex -238.295 199.446 10
    endloop
  endfacet
  facet normal 0.0999339 0.994994 0
    outer loop
      vertex -238.554 199.295 0
      vertex -238.325 199.272 10
      vertex -238.325 199.272 0
    endloop
  endfacet
  facet normal 0.0999339 0.994994 -0
    outer loop
      vertex -238.554 199.295 0
      vertex -238.554 199.295 10
      vertex -238.325 199.272 10
    endloop
  endfacet
  facet normal 0.824475 0.565899 0
    outer loop
      vertex -241.224 203.185 0
      vertex -238.554 199.295 10
      vertex -238.554 199.295 0
    endloop
  endfacet
  facet normal 0.824475 0.565899 -0
    outer loop
      vertex -241.224 203.185 0
      vertex -241.224 203.185 10
      vertex -238.554 199.295 10
    endloop
  endfacet
  facet normal 0.999597 -0.0283976 0
    outer loop
      vertex -241.219 203.361 0
      vertex -241.224 203.185 10
      vertex -241.224 203.185 0
    endloop
  endfacet
  facet normal 0.999597 -0.0283976 0
    outer loop
      vertex -241.219 203.361 0
      vertex -241.219 203.361 10
      vertex -241.224 203.185 10
    endloop
  endfacet
  facet normal 0.271066 -0.962561 0
    outer loop
      vertex -241.045 203.41 0
      vertex -241.219 203.361 10
      vertex -241.219 203.361 0
    endloop
  endfacet
  facet normal 0.271066 -0.962561 0
    outer loop
      vertex -241.045 203.41 0
      vertex -241.045 203.41 10
      vertex -241.219 203.361 10
    endloop
  endfacet
  facet normal -0.366703 -0.930338 0
    outer loop
      vertex -240.497 203.194 0
      vertex -241.045 203.41 10
      vertex -241.045 203.41 0
    endloop
  endfacet
  facet normal -0.366703 -0.930338 0
    outer loop
      vertex -240.497 203.194 0
      vertex -240.497 203.194 10
      vertex -241.045 203.41 10
    endloop
  endfacet
  facet normal 0.43917 -0.898404 0
    outer loop
      vertex -240.094 203.391 0
      vertex -240.497 203.194 10
      vertex -240.497 203.194 0
    endloop
  endfacet
  facet normal 0.43917 -0.898404 0
    outer loop
      vertex -240.094 203.391 0
      vertex -240.094 203.391 10
      vertex -240.497 203.194 10
    endloop
  endfacet
  facet normal 0.907223 -0.42065 0
    outer loop
      vertex -239.96 203.68 0
      vertex -240.094 203.391 10
      vertex -240.094 203.391 0
    endloop
  endfacet
  facet normal 0.907223 -0.42065 0
    outer loop
      vertex -239.96 203.68 0
      vertex -239.96 203.68 10
      vertex -240.094 203.391 10
    endloop
  endfacet
  facet normal 0.953423 0.301636 0
    outer loop
      vertex -240.103 204.132 0
      vertex -239.96 203.68 10
      vertex -239.96 203.68 0
    endloop
  endfacet
  facet normal 0.953423 0.301636 -0
    outer loop
      vertex -240.103 204.132 0
      vertex -240.103 204.132 10
      vertex -239.96 203.68 10
    endloop
  endfacet
  facet normal 0.724222 0.689566 0
    outer loop
      vertex -240.879 204.947 0
      vertex -240.103 204.132 10
      vertex -240.103 204.132 0
    endloop
  endfacet
  facet normal 0.724222 0.689566 -0
    outer loop
      vertex -240.879 204.947 0
      vertex -240.879 204.947 10
      vertex -240.103 204.132 10
    endloop
  endfacet
  facet normal 0.816968 0.576683 0
    outer loop
      vertex -240.903 204.981 0
      vertex -240.879 204.947 10
      vertex -240.879 204.947 0
    endloop
  endfacet
  facet normal 0.816968 0.576683 -0
    outer loop
      vertex -240.903 204.981 0
      vertex -240.903 204.981 10
      vertex -240.879 204.947 10
    endloop
  endfacet
  facet normal 0.886429 0.462864 0
    outer loop
      vertex -241.433 205.996 0
      vertex -240.903 204.981 10
      vertex -240.903 204.981 0
    endloop
  endfacet
  facet normal 0.886429 0.462864 -0
    outer loop
      vertex -241.433 205.996 0
      vertex -241.433 205.996 10
      vertex -240.903 204.981 10
    endloop
  endfacet
  facet normal -0.331486 0.94346 0
    outer loop
      vertex -241.47 205.983 0
      vertex -241.433 205.996 10
      vertex -241.433 205.996 0
    endloop
  endfacet
  facet normal -0.331486 0.94346 0
    outer loop
      vertex -241.47 205.983 0
      vertex -241.47 205.983 10
      vertex -241.433 205.996 10
    endloop
  endfacet
  facet normal -0.952767 0.303701 0
    outer loop
      vertex -241.747 205.114 0
      vertex -241.47 205.983 10
      vertex -241.47 205.983 0
    endloop
  endfacet
  facet normal -0.952767 0.303701 0
    outer loop
      vertex -241.747 205.114 0
      vertex -241.747 205.114 10
      vertex -241.47 205.983 10
    endloop
  endfacet
  facet normal -0.590871 0.806766 0
    outer loop
      vertex -241.889 205.01 0
      vertex -241.747 205.114 10
      vertex -241.747 205.114 0
    endloop
  endfacet
  facet normal -0.590871 0.806766 0
    outer loop
      vertex -241.889 205.01 0
      vertex -241.889 205.01 10
      vertex -241.747 205.114 10
    endloop
  endfacet
  facet normal 0.605222 0.796057 0
    outer loop
      vertex -242.035 205.121 0
      vertex -241.889 205.01 10
      vertex -241.889 205.01 0
    endloop
  endfacet
  facet normal 0.605222 0.796057 -0
    outer loop
      vertex -242.035 205.121 0
      vertex -242.035 205.121 10
      vertex -241.889 205.01 10
    endloop
  endfacet
  facet normal 0.966137 0.258029 0
    outer loop
      vertex -242.43 206.6 0
      vertex -242.035 205.121 10
      vertex -242.035 205.121 0
    endloop
  endfacet
  facet normal 0.966137 0.258029 -0
    outer loop
      vertex -242.43 206.6 0
      vertex -242.43 206.6 10
      vertex -242.035 205.121 10
    endloop
  endfacet
  facet normal 0.179454 0.983766 0
    outer loop
      vertex -243.647 206.822 0
      vertex -242.43 206.6 10
      vertex -242.43 206.6 0
    endloop
  endfacet
  facet normal 0.179454 0.983766 -0
    outer loop
      vertex -243.647 206.822 0
      vertex -243.647 206.822 10
      vertex -242.43 206.6 10
    endloop
  endfacet
  facet normal 0.560478 0.828169 0
    outer loop
      vertex -243.746 206.889 0
      vertex -243.647 206.822 10
      vertex -243.647 206.822 0
    endloop
  endfacet
  facet normal 0.560478 0.828169 -0
    outer loop
      vertex -243.746 206.889 0
      vertex -243.746 206.889 10
      vertex -243.647 206.822 10
    endloop
  endfacet
  facet normal 0.841063 0.540937 0
    outer loop
      vertex -244.658 208.307 0
      vertex -243.746 206.889 10
      vertex -243.746 206.889 0
    endloop
  endfacet
  facet normal 0.841063 0.540937 -0
    outer loop
      vertex -244.658 208.307 0
      vertex -244.658 208.307 10
      vertex -243.746 206.889 10
    endloop
  endfacet
  facet normal -0.508638 0.86098 0
    outer loop
      vertex -246.564 207.181 0
      vertex -244.658 208.307 10
      vertex -244.658 208.307 0
    endloop
  endfacet
  facet normal -0.508638 0.86098 0
    outer loop
      vertex -246.564 207.181 0
      vertex -246.564 207.181 10
      vertex -244.658 208.307 10
    endloop
  endfacet
  facet normal -0.0670132 0.997752 0
    outer loop
      vertex -246.698 207.172 0
      vertex -246.564 207.181 10
      vertex -246.564 207.181 0
    endloop
  endfacet
  facet normal -0.0670132 0.997752 0
    outer loop
      vertex -246.698 207.172 0
      vertex -246.698 207.172 10
      vertex -246.564 207.181 10
    endloop
  endfacet
  facet normal 0.387544 0.921851 0
    outer loop
      vertex -247.1 207.341 0
      vertex -246.698 207.172 10
      vertex -246.698 207.172 0
    endloop
  endfacet
  facet normal 0.387544 0.921851 -0
    outer loop
      vertex -247.1 207.341 0
      vertex -247.1 207.341 10
      vertex -246.698 207.172 10
    endloop
  endfacet
  facet normal -0.273259 0.96194 0
    outer loop
      vertex -249.969 206.526 0
      vertex -247.1 207.341 10
      vertex -247.1 207.341 0
    endloop
  endfacet
  facet normal -0.273259 0.96194 0
    outer loop
      vertex -249.969 206.526 0
      vertex -249.969 206.526 10
      vertex -247.1 207.341 10
    endloop
  endfacet
  facet normal -0.124035 0.992278 0
    outer loop
      vertex -250.017 206.52 0
      vertex -249.969 206.526 10
      vertex -249.969 206.526 0
    endloop
  endfacet
  facet normal -0.124035 0.992278 0
    outer loop
      vertex -250.017 206.52 0
      vertex -250.017 206.52 10
      vertex -249.969 206.526 10
    endloop
  endfacet
  facet normal 0.0484866 0.998824 0
    outer loop
      vertex -253.107 206.67 0
      vertex -250.017 206.52 10
      vertex -250.017 206.52 0
    endloop
  endfacet
  facet normal 0.0484866 0.998824 -0
    outer loop
      vertex -253.107 206.67 0
      vertex -253.107 206.67 10
      vertex -250.017 206.52 10
    endloop
  endfacet
  facet normal 0.141421 0.989949 0
    outer loop
      vertex -253.135 206.674 0
      vertex -253.107 206.67 10
      vertex -253.107 206.67 0
    endloop
  endfacet
  facet normal 0.141421 0.989949 -0
    outer loop
      vertex -253.135 206.674 0
      vertex -253.135 206.674 10
      vertex -253.107 206.67 10
    endloop
  endfacet
  facet normal 0.233373 0.972387 0
    outer loop
      vertex -255.885 207.334 0
      vertex -253.135 206.674 10
      vertex -253.135 206.674 0
    endloop
  endfacet
  facet normal 0.233373 0.972387 -0
    outer loop
      vertex -255.885 207.334 0
      vertex -255.885 207.334 10
      vertex -253.135 206.674 10
    endloop
  endfacet
  facet normal 0.420124 0.907467 0
    outer loop
      vertex -255.939 207.359 0
      vertex -255.885 207.334 10
      vertex -255.885 207.334 0
    endloop
  endfacet
  facet normal 0.420124 0.907467 -0
    outer loop
      vertex -255.939 207.359 0
      vertex -255.939 207.359 10
      vertex -255.885 207.334 10
    endloop
  endfacet
  facet normal 0.590319 0.80717 0
    outer loop
      vertex -256.609 207.849 0
      vertex -255.939 207.359 10
      vertex -255.939 207.359 0
    endloop
  endfacet
  facet normal 0.590319 0.80717 -0
    outer loop
      vertex -256.609 207.849 0
      vertex -256.609 207.849 10
      vertex -255.939 207.359 10
    endloop
  endfacet
  facet normal 0.993489 0.113932 0
    outer loop
      vertex -256.634 208.067 0
      vertex -256.609 207.849 10
      vertex -256.609 207.849 0
    endloop
  endfacet
  facet normal 0.993489 0.113932 -0
    outer loop
      vertex -256.634 208.067 0
      vertex -256.634 208.067 10
      vertex -256.609 207.849 10
    endloop
  endfacet
  facet normal 0.760481 -0.64936 0
    outer loop
      vertex -256.073 208.724 0
      vertex -256.634 208.067 10
      vertex -256.634 208.067 0
    endloop
  endfacet
  facet normal 0.760481 -0.64936 0
    outer loop
      vertex -256.073 208.724 0
      vertex -256.073 208.724 10
      vertex -256.634 208.067 10
    endloop
  endfacet
  facet normal 0.991117 -0.132993 0
    outer loop
      vertex -255.989 209.35 0
      vertex -256.073 208.724 10
      vertex -256.073 208.724 0
    endloop
  endfacet
  facet normal 0.991117 -0.132993 0
    outer loop
      vertex -255.989 209.35 0
      vertex -255.989 209.35 10
      vertex -256.073 208.724 10
    endloop
  endfacet
  facet normal 0.836832 -0.54746 0
    outer loop
      vertex -255.919 209.457 0
      vertex -255.989 209.35 10
      vertex -255.989 209.35 0
    endloop
  endfacet
  facet normal 0.836832 -0.54746 0
    outer loop
      vertex -255.919 209.457 0
      vertex -255.919 209.457 10
      vertex -255.989 209.35 10
    endloop
  endfacet
  facet normal 0.529064 -0.848582 0
    outer loop
      vertex -255.348 209.813 0
      vertex -255.919 209.457 10
      vertex -255.919 209.457 0
    endloop
  endfacet
  facet normal 0.529064 -0.848582 0
    outer loop
      vertex -255.348 209.813 0
      vertex -255.348 209.813 10
      vertex -255.919 209.457 10
    endloop
  endfacet
  facet normal 0.914089 -0.405515 0
    outer loop
      vertex -255.167 210.221 0
      vertex -255.348 209.813 10
      vertex -255.348 209.813 0
    endloop
  endfacet
  facet normal 0.914089 -0.405515 0
    outer loop
      vertex -255.167 210.221 0
      vertex -255.167 210.221 10
      vertex -255.348 209.813 10
    endloop
  endfacet
  facet normal 0.539226 -0.842161 0
    outer loop
      vertex -255.028 210.31 0
      vertex -255.167 210.221 10
      vertex -255.167 210.221 0
    endloop
  endfacet
  facet normal 0.539226 -0.842161 0
    outer loop
      vertex -255.028 210.31 0
      vertex -255.028 210.31 10
      vertex -255.167 210.221 10
    endloop
  endfacet
  facet normal -0.0138169 -0.999905 0
    outer loop
      vertex -253.653 210.291 0
      vertex -255.028 210.31 10
      vertex -255.028 210.31 0
    endloop
  endfacet
  facet normal -0.0138169 -0.999905 0
    outer loop
      vertex -253.653 210.291 0
      vertex -253.653 210.291 10
      vertex -255.028 210.31 10
    endloop
  endfacet
  facet normal 0.936816 -0.349824 0
    outer loop
      vertex -253.417 210.923 0
      vertex -253.653 210.291 10
      vertex -253.653 210.291 0
    endloop
  endfacet
  facet normal 0.936816 -0.349824 0
    outer loop
      vertex -253.417 210.923 0
      vertex -253.417 210.923 10
      vertex -253.653 210.291 10
    endloop
  endfacet
  facet normal 0.845074 0.53465 0
    outer loop
      vertex -254.366 212.423 0
      vertex -253.417 210.923 10
      vertex -253.417 210.923 0
    endloop
  endfacet
  facet normal 0.845074 0.53465 -0
    outer loop
      vertex -254.366 212.423 0
      vertex -254.366 212.423 10
      vertex -253.417 210.923 10
    endloop
  endfacet
  facet normal 0.671822 0.740712 0
    outer loop
      vertex -255.624 213.564 0
      vertex -254.366 212.423 10
      vertex -254.366 212.423 0
    endloop
  endfacet
  facet normal 0.671822 0.740712 -0
    outer loop
      vertex -255.624 213.564 0
      vertex -255.624 213.564 10
      vertex -254.366 212.423 10
    endloop
  endfacet
  facet normal 0.420801 0.907153 0
    outer loop
      vertex -257.34 214.36 0
      vertex -255.624 213.564 10
      vertex -255.624 213.564 0
    endloop
  endfacet
  facet normal 0.420801 0.907153 -0
    outer loop
      vertex -257.34 214.36 0
      vertex -257.34 214.36 10
      vertex -255.624 213.564 10
    endloop
  endfacet
  facet normal -0.526884 0.849937 0
    outer loop
      vertex -257.561 214.223 0
      vertex -257.34 214.36 10
      vertex -257.34 214.36 0
    endloop
  endfacet
  facet normal -0.526884 0.849937 0
    outer loop
      vertex -257.561 214.223 0
      vertex -257.561 214.223 10
      vertex -257.34 214.36 10
    endloop
  endfacet
  facet normal -0.203567 0.979061 0
    outer loop
      vertex -257.662 214.202 0
      vertex -257.561 214.223 10
      vertex -257.561 214.223 0
    endloop
  endfacet
  facet normal -0.203567 0.979061 0
    outer loop
      vertex -257.662 214.202 0
      vertex -257.662 214.202 10
      vertex -257.561 214.223 10
    endloop
  endfacet
  facet normal 0.144205 0.989548 0
    outer loop
      vertex -258.06 214.26 0
      vertex -257.662 214.202 10
      vertex -257.662 214.202 0
    endloop
  endfacet
  facet normal 0.144205 0.989548 -0
    outer loop
      vertex -258.06 214.26 0
      vertex -258.06 214.26 10
      vertex -257.662 214.202 10
    endloop
  endfacet
  facet normal -0.898694 -0.438575 0
    outer loop
      vertex -257.775 213.676 0
      vertex -258.06 214.26 10
      vertex -258.06 214.26 0
    endloop
  endfacet
  facet normal -0.898694 -0.438575 0
    outer loop
      vertex -257.775 213.676 0
      vertex -257.775 213.676 10
      vertex -258.06 214.26 10
    endloop
  endfacet
  facet normal -0.984497 0.175399 0
    outer loop
      vertex -257.806 213.502 0
      vertex -257.775 213.676 10
      vertex -257.775 213.676 0
    endloop
  endfacet
  facet normal -0.984497 0.175399 0
    outer loop
      vertex -257.806 213.502 0
      vertex -257.806 213.502 10
      vertex -257.775 213.676 10
    endloop
  endfacet
  facet normal -0.292033 0.956408 0
    outer loop
      vertex -257.937 213.462 0
      vertex -257.806 213.502 10
      vertex -257.806 213.502 0
    endloop
  endfacet
  facet normal -0.292033 0.956408 0
    outer loop
      vertex -257.937 213.462 0
      vertex -257.937 213.462 10
      vertex -257.806 213.502 10
    endloop
  endfacet
  facet normal 0.178551 0.983931 0
    outer loop
      vertex -260.527 213.932 0
      vertex -257.937 213.462 10
      vertex -257.937 213.462 0
    endloop
  endfacet
  facet normal 0.178551 0.983931 -0
    outer loop
      vertex -260.527 213.932 0
      vertex -260.527 213.932 10
      vertex -257.937 213.462 10
    endloop
  endfacet
  facet normal 0.287348 0.957826 0
    outer loop
      vertex -260.557 213.941 0
      vertex -260.527 213.932 10
      vertex -260.527 213.932 0
    endloop
  endfacet
  facet normal 0.287348 0.957826 -0
    outer loop
      vertex -260.557 213.941 0
      vertex -260.557 213.941 10
      vertex -260.527 213.932 10
    endloop
  endfacet
  facet normal 0.382915 0.923783 0
    outer loop
      vertex -262.487 214.741 0
      vertex -260.557 213.941 10
      vertex -260.557 213.941 0
    endloop
  endfacet
  facet normal 0.382915 0.923783 -0
    outer loop
      vertex -262.487 214.741 0
      vertex -262.487 214.741 10
      vertex -260.557 213.941 10
    endloop
  endfacet
  facet normal 0.514496 0.857493 0
    outer loop
      vertex -262.522 214.762 0
      vertex -262.487 214.741 10
      vertex -262.487 214.741 0
    endloop
  endfacet
  facet normal 0.514496 0.857493 -0
    outer loop
      vertex -262.522 214.762 0
      vertex -262.522 214.762 10
      vertex -262.487 214.741 10
    endloop
  endfacet
  facet normal 0.614488 0.788926 0
    outer loop
      vertex -264.218 216.083 0
      vertex -262.522 214.762 10
      vertex -262.522 214.762 0
    endloop
  endfacet
  facet normal 0.614488 0.788926 -0
    outer loop
      vertex -264.218 216.083 0
      vertex -264.218 216.083 10
      vertex -262.522 214.762 10
    endloop
  endfacet
  facet normal 0.262505 0.964931 0
    outer loop
      vertex -267.019 216.845 0
      vertex -264.218 216.083 10
      vertex -264.218 216.083 0
    endloop
  endfacet
  facet normal 0.262505 0.964931 -0
    outer loop
      vertex -267.019 216.845 0
      vertex -267.019 216.845 10
      vertex -264.218 216.083 10
    endloop
  endfacet
  facet normal 0.489006 0.872281 0
    outer loop
      vertex -267.085 216.882 0
      vertex -267.019 216.845 10
      vertex -267.019 216.845 0
    endloop
  endfacet
  facet normal 0.489006 0.872281 -0
    outer loop
      vertex -267.085 216.882 0
      vertex -267.085 216.882 10
      vertex -267.019 216.845 10
    endloop
  endfacet
  facet normal 0.697377 0.716705 0
    outer loop
      vertex -268.902 218.65 0
      vertex -267.085 216.882 10
      vertex -267.085 216.882 0
    endloop
  endfacet
  facet normal 0.697377 0.716705 -0
    outer loop
      vertex -268.902 218.65 0
      vertex -268.902 218.65 10
      vertex -267.085 216.882 10
    endloop
  endfacet
  facet normal 0.50628 0.862369 0
    outer loop
      vertex -270.125 219.368 0
      vertex -268.902 218.65 10
      vertex -268.902 218.65 0
    endloop
  endfacet
  facet normal 0.50628 0.862369 -0
    outer loop
      vertex -270.125 219.368 0
      vertex -270.125 219.368 10
      vertex -268.902 218.65 10
    endloop
  endfacet
  facet normal 0.21229 0.977207 0
    outer loop
      vertex -271.285 219.62 0
      vertex -270.125 219.368 10
      vertex -270.125 219.368 0
    endloop
  endfacet
  facet normal 0.21229 0.977207 -0
    outer loop
      vertex -271.285 219.62 0
      vertex -271.285 219.62 10
      vertex -270.125 219.368 10
    endloop
  endfacet
  facet normal -0.0191208 0.999817 0
    outer loop
      vertex -273.272 219.582 0
      vertex -271.285 219.62 10
      vertex -271.285 219.62 0
    endloop
  endfacet
  facet normal -0.0191208 0.999817 0
    outer loop
      vertex -273.272 219.582 0
      vertex -273.272 219.582 10
      vertex -271.285 219.62 10
    endloop
  endfacet
  facet normal -0.971547 0.236845 0
    outer loop
      vertex -273.664 217.974 0
      vertex -273.272 219.582 10
      vertex -273.272 219.582 0
    endloop
  endfacet
  facet normal -0.971547 0.236845 0
    outer loop
      vertex -273.664 217.974 0
      vertex -273.664 217.974 10
      vertex -273.272 219.582 10
    endloop
  endfacet
  facet normal -0.901252 0.433294 0
    outer loop
      vertex -273.689 217.922 0
      vertex -273.664 217.974 10
      vertex -273.664 217.974 0
    endloop
  endfacet
  facet normal -0.901252 0.433294 0
    outer loop
      vertex -273.689 217.922 0
      vertex -273.689 217.922 10
      vertex -273.664 217.974 10
    endloop
  endfacet
  facet normal -0.808008 0.589172 0
    outer loop
      vertex -274.389 216.962 0
      vertex -273.689 217.922 10
      vertex -273.689 217.922 0
    endloop
  endfacet
  facet normal -0.808008 0.589172 0
    outer loop
      vertex -274.389 216.962 0
      vertex -274.389 216.962 10
      vertex -273.689 217.922 10
    endloop
  endfacet
  facet normal -0.491792 0.870713 0
    outer loop
      vertex -274.497 216.901 0
      vertex -274.389 216.962 10
      vertex -274.389 216.962 0
    endloop
  endfacet
  facet normal -0.491792 0.870713 0
    outer loop
      vertex -274.497 216.901 0
      vertex -274.497 216.901 10
      vertex -274.389 216.962 10
    endloop
  endfacet
  facet normal -0.0885398 0.996073 0
    outer loop
      vertex -276.297 216.741 0
      vertex -274.497 216.901 10
      vertex -274.497 216.901 0
    endloop
  endfacet
  facet normal -0.0885398 0.996073 0
    outer loop
      vertex -276.297 216.741 0
      vertex -276.297 216.741 10
      vertex -274.497 216.901 10
    endloop
  endfacet
  facet normal 0.386138 0.922441 0
    outer loop
      vertex -276.426 216.795 0
      vertex -276.297 216.741 10
      vertex -276.297 216.741 0
    endloop
  endfacet
  facet normal 0.386138 0.922441 -0
    outer loop
      vertex -276.426 216.795 0
      vertex -276.426 216.795 10
      vertex -276.297 216.741 10
    endloop
  endfacet
  facet normal 0.773073 0.634317 0
    outer loop
      vertex -276.746 217.185 0
      vertex -276.426 216.795 10
      vertex -276.426 216.795 0
    endloop
  endfacet
  facet normal 0.773073 0.634317 -0
    outer loop
      vertex -276.746 217.185 0
      vertex -276.746 217.185 10
      vertex -276.426 216.795 10
    endloop
  endfacet
  facet normal 0.992936 0.118653 0
    outer loop
      vertex -276.765 217.344 0
      vertex -276.746 217.185 10
      vertex -276.746 217.185 0
    endloop
  endfacet
  facet normal 0.992936 0.118653 -0
    outer loop
      vertex -276.765 217.344 0
      vertex -276.765 217.344 10
      vertex -276.746 217.185 10
    endloop
  endfacet
  facet normal 0.903094 -0.429443 0
    outer loop
      vertex -276.017 218.917 0
      vertex -276.765 217.344 10
      vertex -276.765 217.344 0
    endloop
  endfacet
  facet normal 0.903094 -0.429443 0
    outer loop
      vertex -276.017 218.917 0
      vertex -276.017 218.917 10
      vertex -276.765 217.344 10
    endloop
  endfacet
  facet normal 0.621302 0.783571 0
    outer loop
      vertex -276.553 219.342 0
      vertex -276.017 218.917 10
      vertex -276.017 218.917 0
    endloop
  endfacet
  facet normal 0.621302 0.783571 -0
    outer loop
      vertex -276.553 219.342 0
      vertex -276.553 219.342 10
      vertex -276.017 218.917 10
    endloop
  endfacet
  facet normal 0.892841 0.450371 0
    outer loop
      vertex -276.61 219.455 0
      vertex -276.553 219.342 10
      vertex -276.553 219.342 0
    endloop
  endfacet
  facet normal 0.892841 0.450371 -0
    outer loop
      vertex -276.61 219.455 0
      vertex -276.61 219.455 10
      vertex -276.553 219.342 10
    endloop
  endfacet
  facet normal 0.999351 0.036021 0
    outer loop
      vertex -276.688 221.619 0
      vertex -276.61 219.455 10
      vertex -276.61 219.455 0
    endloop
  endfacet
  facet normal 0.999351 0.036021 -0
    outer loop
      vertex -276.688 221.619 0
      vertex -276.688 221.619 10
      vertex -276.61 219.455 10
    endloop
  endfacet
  facet normal 0.733215 0.679997 0
    outer loop
      vertex -276.803 221.743 0
      vertex -276.688 221.619 10
      vertex -276.688 221.619 0
    endloop
  endfacet
  facet normal 0.733215 0.679997 -0
    outer loop
      vertex -276.803 221.743 0
      vertex -276.803 221.743 10
      vertex -276.688 221.619 10
    endloop
  endfacet
  facet normal -0.645691 0.763599 0
    outer loop
      vertex -277.483 221.168 0
      vertex -276.803 221.743 10
      vertex -276.803 221.743 0
    endloop
  endfacet
  facet normal -0.645691 0.763599 0
    outer loop
      vertex -277.483 221.168 0
      vertex -277.483 221.168 10
      vertex -276.803 221.743 10
    endloop
  endfacet
  facet normal -0.419058 -0.907959 0
    outer loop
      vertex -277.197 221.036 0
      vertex -277.483 221.168 10
      vertex -277.483 221.168 0
    endloop
  endfacet
  facet normal -0.419058 -0.907959 0
    outer loop
      vertex -277.197 221.036 0
      vertex -277.197 221.036 10
      vertex -277.483 221.168 10
    endloop
  endfacet
  facet normal -0.957211 -0.28939 0
    outer loop
      vertex -277.132 220.821 0
      vertex -277.197 221.036 10
      vertex -277.197 221.036 0
    endloop
  endfacet
  facet normal -0.957211 -0.28939 0
    outer loop
      vertex -277.132 220.821 0
      vertex -277.132 220.821 10
      vertex -277.197 221.036 10
    endloop
  endfacet
  facet normal -0.851397 0.524521 0
    outer loop
      vertex -277.822 219.701 0
      vertex -277.132 220.821 10
      vertex -277.132 220.821 0
    endloop
  endfacet
  facet normal -0.851397 0.524521 0
    outer loop
      vertex -277.822 219.701 0
      vertex -277.822 219.701 10
      vertex -277.132 220.821 10
    endloop
  endfacet
  facet normal -0.36946 0.929247 0
    outer loop
      vertex -277.988 219.635 0
      vertex -277.822 219.701 10
      vertex -277.822 219.701 0
    endloop
  endfacet
  facet normal -0.36946 0.929247 0
    outer loop
      vertex -277.988 219.635 0
      vertex -277.988 219.635 10
      vertex -277.822 219.701 10
    endloop
  endfacet
  facet normal 0.251219 0.96793 0
    outer loop
      vertex -278.119 219.669 0
      vertex -277.988 219.635 10
      vertex -277.988 219.635 0
    endloop
  endfacet
  facet normal 0.251219 0.96793 -0
    outer loop
      vertex -278.119 219.669 0
      vertex -278.119 219.669 10
      vertex -277.988 219.635 10
    endloop
  endfacet
  facet normal -0.955617 0.294613 0
    outer loop
      vertex -278.394 218.777 0
      vertex -278.119 219.669 10
      vertex -278.119 219.669 0
    endloop
  endfacet
  facet normal -0.955617 0.294613 0
    outer loop
      vertex -278.394 218.777 0
      vertex -278.394 218.777 10
      vertex -278.119 219.669 10
    endloop
  endfacet
  facet normal -0.967454 -0.253047 0
    outer loop
      vertex -278.015 217.328 0
      vertex -278.394 218.777 10
      vertex -278.394 218.777 0
    endloop
  endfacet
  facet normal -0.967454 -0.253047 0
    outer loop
      vertex -278.015 217.328 0
      vertex -278.015 217.328 10
      vertex -278.394 218.777 10
    endloop
  endfacet
  facet normal -0.966459 0.256821 0
    outer loop
      vertex -278.053 217.185 0
      vertex -278.015 217.328 10
      vertex -278.015 217.328 0
    endloop
  endfacet
  facet normal -0.966459 0.256821 0
    outer loop
      vertex -278.053 217.185 0
      vertex -278.053 217.185 10
      vertex -278.015 217.328 10
    endloop
  endfacet
  facet normal -0.714359 0.69978 0
    outer loop
      vertex -278.533 216.695 0
      vertex -278.053 217.185 10
      vertex -278.053 217.185 0
    endloop
  endfacet
  facet normal -0.714359 0.69978 0
    outer loop
      vertex -278.533 216.695 0
      vertex -278.533 216.695 10
      vertex -278.053 217.185 10
    endloop
  endfacet
  facet normal -0.275609 0.96127 0
    outer loop
      vertex -278.676 216.654 0
      vertex -278.533 216.695 10
      vertex -278.533 216.695 0
    endloop
  endfacet
  facet normal -0.275609 0.96127 0
    outer loop
      vertex -278.676 216.654 0
      vertex -278.676 216.654 10
      vertex -278.533 216.695 10
    endloop
  endfacet
  facet normal 0.242536 0.970143 0
    outer loop
      vertex -279.436 216.844 0
      vertex -278.676 216.654 10
      vertex -278.676 216.654 0
    endloop
  endfacet
  facet normal 0.242536 0.970143 -0
    outer loop
      vertex -279.436 216.844 0
      vertex -279.436 216.844 10
      vertex -278.676 216.654 10
    endloop
  endfacet
  facet normal 0.440425 0.897789 0
    outer loop
      vertex -279.489 216.87 0
      vertex -279.436 216.844 10
      vertex -279.436 216.844 0
    endloop
  endfacet
  facet normal 0.440425 0.897789 -0
    outer loop
      vertex -279.489 216.87 0
      vertex -279.489 216.87 10
      vertex -279.436 216.844 10
    endloop
  endfacet
  facet normal 0.596524 0.802595 0
    outer loop
      vertex -280.229 217.42 0
      vertex -279.489 216.87 10
      vertex -279.489 216.87 0
    endloop
  endfacet
  facet normal 0.596524 0.802595 -0
    outer loop
      vertex -280.229 217.42 0
      vertex -280.229 217.42 10
      vertex -279.489 216.87 10
    endloop
  endfacet
  facet normal 0.707107 0.707107 0
    outer loop
      vertex -280.261 217.452 0
      vertex -280.229 217.42 10
      vertex -280.229 217.42 0
    endloop
  endfacet
  facet normal 0.707107 0.707107 -0
    outer loop
      vertex -280.261 217.452 0
      vertex -280.261 217.452 10
      vertex -280.229 217.42 10
    endloop
  endfacet
  facet normal 0.809152 0.587599 0
    outer loop
      vertex -281.481 219.132 0
      vertex -280.261 217.452 10
      vertex -280.261 217.452 0
    endloop
  endfacet
  facet normal 0.809152 0.587599 -0
    outer loop
      vertex -281.481 219.132 0
      vertex -281.481 219.132 10
      vertex -280.261 217.452 10
    endloop
  endfacet
  facet normal 0.874157 0.485643 0
    outer loop
      vertex -281.501 219.168 0
      vertex -281.481 219.132 10
      vertex -281.481 219.132 0
    endloop
  endfacet
  facet normal 0.874157 0.485643 -0
    outer loop
      vertex -281.501 219.168 0
      vertex -281.501 219.168 10
      vertex -281.481 219.132 10
    endloop
  endfacet
  facet normal 0.938049 0.346503 0
    outer loop
      vertex -282.85 222.82 0
      vertex -281.501 219.168 10
      vertex -281.501 219.168 0
    endloop
  endfacet
  facet normal 0.938049 0.346503 -0
    outer loop
      vertex -282.85 222.82 0
      vertex -282.85 222.82 10
      vertex -281.501 219.168 10
    endloop
  endfacet
  facet normal 0.734422 0.678693 0
    outer loop
      vertex -284.421 224.52 0
      vertex -282.85 222.82 10
      vertex -282.85 222.82 0
    endloop
  endfacet
  facet normal 0.734422 0.678693 -0
    outer loop
      vertex -284.421 224.52 0
      vertex -284.421 224.52 10
      vertex -282.85 222.82 10
    endloop
  endfacet
  facet normal -0.729409 0.684078 0
    outer loop
      vertex -284.587 224.343 0
      vertex -284.421 224.52 10
      vertex -284.421 224.52 0
    endloop
  endfacet
  facet normal -0.729409 0.684078 0
    outer loop
      vertex -284.587 224.343 0
      vertex -284.587 224.343 10
      vertex -284.421 224.52 10
    endloop
  endfacet
  facet normal -0.99182 0.127643 0
    outer loop
      vertex -284.661 223.768 0
      vertex -284.587 224.343 10
      vertex -284.587 224.343 0
    endloop
  endfacet
  facet normal -0.99182 0.127643 0
    outer loop
      vertex -284.661 223.768 0
      vertex -284.661 223.768 10
      vertex -284.587 224.343 10
    endloop
  endfacet
  facet normal -0.679877 -0.733326 0
    outer loop
      vertex -284.318 223.45 0
      vertex -284.661 223.768 10
      vertex -284.661 223.768 0
    endloop
  endfacet
  facet normal -0.679877 -0.733326 0
    outer loop
      vertex -284.318 223.45 0
      vertex -284.318 223.45 10
      vertex -284.661 223.768 10
    endloop
  endfacet
  facet normal -0.901523 -0.432731 0
    outer loop
      vertex -284.27 223.35 0
      vertex -284.318 223.45 10
      vertex -284.318 223.45 0
    endloop
  endfacet
  facet normal -0.901523 -0.432731 0
    outer loop
      vertex -284.27 223.35 0
      vertex -284.27 223.35 10
      vertex -284.318 223.45 10
    endloop
  endfacet
  facet normal -0.997965 -0.0637589 0
    outer loop
      vertex -284.247 222.99 0
      vertex -284.27 223.35 10
      vertex -284.27 223.35 0
    endloop
  endfacet
  facet normal -0.997965 -0.0637589 0
    outer loop
      vertex -284.247 222.99 0
      vertex -284.247 222.99 10
      vertex -284.27 223.35 10
    endloop
  endfacet
  facet normal -0.320832 -0.947136 0
    outer loop
      vertex -283.692 222.802 0
      vertex -284.247 222.99 10
      vertex -284.247 222.99 0
    endloop
  endfacet
  facet normal -0.320832 -0.947136 0
    outer loop
      vertex -283.692 222.802 0
      vertex -283.692 222.802 10
      vertex -284.247 222.99 10
    endloop
  endfacet
  facet normal -0.816024 -0.578017 0
    outer loop
      vertex -283.59 222.658 0
      vertex -283.692 222.802 10
      vertex -283.692 222.802 0
    endloop
  endfacet
  facet normal -0.816024 -0.578017 0
    outer loop
      vertex -283.59 222.658 0
      vertex -283.59 222.658 10
      vertex -283.692 222.802 10
    endloop
  endfacet
  facet normal -0.894427 0.447214 0
    outer loop
      vertex -283.649 222.54 0
      vertex -283.59 222.658 10
      vertex -283.59 222.658 0
    endloop
  endfacet
  facet normal -0.894427 0.447214 0
    outer loop
      vertex -283.649 222.54 0
      vertex -283.649 222.54 10
      vertex -283.59 222.658 10
    endloop
  endfacet
  facet normal -0.603786 0.797147 0
    outer loop
      vertex -284.927 221.572 0
      vertex -283.649 222.54 10
      vertex -283.649 222.54 0
    endloop
  endfacet
  facet normal -0.603786 0.797147 0
    outer loop
      vertex -284.927 221.572 0
      vertex -284.927 221.572 10
      vertex -283.649 222.54 10
    endloop
  endfacet
  facet normal -0.970143 0.242536 0
    outer loop
      vertex -285.154 220.664 0
      vertex -284.927 221.572 10
      vertex -284.927 221.572 0
    endloop
  endfacet
  facet normal -0.970143 0.242536 0
    outer loop
      vertex -285.154 220.664 0
      vertex -285.154 220.664 10
      vertex -284.927 221.572 10
    endloop
  endfacet
  facet normal -0.900769 0.434299 0
    outer loop
      vertex -285.181 220.608 0
      vertex -285.154 220.664 10
      vertex -285.154 220.664 0
    endloop
  endfacet
  facet normal -0.900769 0.434299 0
    outer loop
      vertex -285.181 220.608 0
      vertex -285.181 220.608 10
      vertex -285.154 220.664 10
    endloop
  endfacet
  facet normal -0.792187 0.610278 0
    outer loop
      vertex -286.221 219.258 0
      vertex -285.181 220.608 10
      vertex -285.181 220.608 0
    endloop
  endfacet
  facet normal -0.792187 0.610278 0
    outer loop
      vertex -286.221 219.258 0
      vertex -286.221 219.258 10
      vertex -285.181 220.608 10
    endloop
  endfacet
  facet normal -0.683941 0.729537 0
    outer loop
      vertex -286.253 219.228 0
      vertex -286.221 219.258 10
      vertex -286.221 219.258 0
    endloop
  endfacet
  facet normal -0.683941 0.729537 0
    outer loop
      vertex -286.253 219.228 0
      vertex -286.253 219.228 10
      vertex -286.221 219.258 10
    endloop
  endfacet
  facet normal -0.579524 0.814955 0
    outer loop
      vertex -286.703 218.908 0
      vertex -286.253 219.228 10
      vertex -286.253 219.228 0
    endloop
  endfacet
  facet normal -0.579524 0.814955 0
    outer loop
      vertex -286.703 218.908 0
      vertex -286.703 218.908 10
      vertex -286.253 219.228 10
    endloop
  endfacet
  facet normal 0.297321 0.954778 0
    outer loop
      vertex -286.931 218.979 0
      vertex -286.703 218.908 10
      vertex -286.703 218.908 0
    endloop
  endfacet
  facet normal 0.297321 0.954778 -0
    outer loop
      vertex -286.931 218.979 0
      vertex -286.931 218.979 10
      vertex -286.703 218.908 10
    endloop
  endfacet
  facet normal 0.941075 0.338199 0
    outer loop
      vertex -287.161 219.619 0
      vertex -286.931 218.979 10
      vertex -286.931 218.979 0
    endloop
  endfacet
  facet normal 0.941075 0.338199 -0
    outer loop
      vertex -287.161 219.619 0
      vertex -287.161 219.619 10
      vertex -286.931 218.979 10
    endloop
  endfacet
  facet normal 0.975011 -0.222155 0
    outer loop
      vertex -287.125 219.777 0
      vertex -287.161 219.619 10
      vertex -287.161 219.619 0
    endloop
  endfacet
  facet normal 0.975011 -0.222155 0
    outer loop
      vertex -287.125 219.777 0
      vertex -287.125 219.777 10
      vertex -287.161 219.619 10
    endloop
  endfacet
  facet normal 0.69988 -0.714261 0
    outer loop
      vertex -286.827 220.069 0
      vertex -287.125 219.777 10
      vertex -287.125 219.777 0
    endloop
  endfacet
  facet normal 0.69988 -0.714261 0
    outer loop
      vertex -286.827 220.069 0
      vertex -286.827 220.069 10
      vertex -287.125 219.777 10
    endloop
  endfacet
  facet normal -0.6 0.8 0
    outer loop
      vertex -286.847 220.054 0
      vertex -286.827 220.069 10
      vertex -286.827 220.069 0
    endloop
  endfacet
  facet normal -0.6 0.8 0
    outer loop
      vertex -286.847 220.054 0
      vertex -286.847 220.054 10
      vertex -286.827 220.069 10
    endloop
  endfacet
  facet normal -0.421292 0.906925 0
    outer loop
      vertex -289.06 219.026 0
      vertex -286.847 220.054 10
      vertex -286.847 220.054 0
    endloop
  endfacet
  facet normal -0.421292 0.906925 0
    outer loop
      vertex -289.06 219.026 0
      vertex -289.06 219.026 10
      vertex -286.847 220.054 10
    endloop
  endfacet
  facet normal -0.733304 0.679901 0
    outer loop
      vertex -289.913 218.106 0
      vertex -289.06 219.026 10
      vertex -289.06 219.026 0
    endloop
  endfacet
  facet normal -0.733304 0.679901 0
    outer loop
      vertex -289.913 218.106 0
      vertex -289.913 218.106 10
      vertex -289.06 219.026 10
    endloop
  endfacet
  facet normal -0.91361 0.406591 0
    outer loop
      vertex -290.913 215.859 0
      vertex -289.913 218.106 10
      vertex -289.913 218.106 0
    endloop
  endfacet
  facet normal -0.91361 0.406591 0
    outer loop
      vertex -290.913 215.859 0
      vertex -290.913 215.859 10
      vertex -289.913 218.106 10
    endloop
  endfacet
  facet normal -0.498578 0.866845 0
    outer loop
      vertex -291.066 215.771 0
      vertex -290.913 215.859 10
      vertex -290.913 215.859 0
    endloop
  endfacet
  facet normal -0.498578 0.866845 0
    outer loop
      vertex -291.066 215.771 0
      vertex -291.066 215.771 10
      vertex -290.913 215.859 10
    endloop
  endfacet
  facet normal 0.69623 0.717819 0
    outer loop
      vertex -291.199 215.9 0
      vertex -291.066 215.771 10
      vertex -291.066 215.771 0
    endloop
  endfacet
  facet normal 0.69623 0.717819 -0
    outer loop
      vertex -291.199 215.9 0
      vertex -291.199 215.9 10
      vertex -291.066 215.771 10
    endloop
  endfacet
  facet normal 0.991486 0.130217 0
    outer loop
      vertex -291.383 217.301 0
      vertex -291.199 215.9 10
      vertex -291.199 215.9 0
    endloop
  endfacet
  facet normal 0.991486 0.130217 -0
    outer loop
      vertex -291.383 217.301 0
      vertex -291.383 217.301 10
      vertex -291.199 215.9 10
    endloop
  endfacet
  facet normal 0.124035 0.992278 0
    outer loop
      vertex -291.391 217.302 0
      vertex -291.383 217.301 10
      vertex -291.383 217.301 0
    endloop
  endfacet
  facet normal 0.124035 0.992278 -0
    outer loop
      vertex -291.391 217.302 0
      vertex -291.391 217.302 10
      vertex -291.383 217.301 10
    endloop
  endfacet
  facet normal -0.853778 0.520637 0
    outer loop
      vertex -291.702 216.792 0
      vertex -291.391 217.302 10
      vertex -291.391 217.302 0
    endloop
  endfacet
  facet normal -0.853778 0.520637 0
    outer loop
      vertex -291.702 216.792 0
      vertex -291.702 216.792 10
      vertex -291.391 217.302 10
    endloop
  endfacet
  facet normal -0.385017 0.922909 0
    outer loop
      vertex -291.865 216.724 0
      vertex -291.702 216.792 10
      vertex -291.702 216.792 0
    endloop
  endfacet
  facet normal -0.385017 0.922909 0
    outer loop
      vertex -291.865 216.724 0
      vertex -291.865 216.724 10
      vertex -291.702 216.792 10
    endloop
  endfacet
  facet normal 0.759257 0.650791 0
    outer loop
      vertex -291.979 216.857 0
      vertex -291.865 216.724 10
      vertex -291.865 216.724 0
    endloop
  endfacet
  facet normal 0.759257 0.650791 -0
    outer loop
      vertex -291.979 216.857 0
      vertex -291.979 216.857 10
      vertex -291.865 216.724 10
    endloop
  endfacet
  facet normal 0.996301 0.0859343 0
    outer loop
      vertex -292.011 217.228 0
      vertex -291.979 216.857 10
      vertex -291.979 216.857 0
    endloop
  endfacet
  facet normal 0.996301 0.0859343 -0
    outer loop
      vertex -292.011 217.228 0
      vertex -292.011 217.228 10
      vertex -291.979 216.857 10
    endloop
  endfacet
  facet normal 0.309644 0.950853 0
    outer loop
      vertex -292.358 217.341 0
      vertex -292.011 217.228 10
      vertex -292.011 217.228 0
    endloop
  endfacet
  facet normal 0.309644 0.950853 -0
    outer loop
      vertex -292.358 217.341 0
      vertex -292.358 217.341 10
      vertex -292.011 217.228 10
    endloop
  endfacet
  facet normal -0.337585 0.941295 0
    outer loop
      vertex -292.74 217.204 0
      vertex -292.358 217.341 10
      vertex -292.358 217.341 0
    endloop
  endfacet
  facet normal -0.337585 0.941295 0
    outer loop
      vertex -292.74 217.204 0
      vertex -292.74 217.204 10
      vertex -292.358 217.341 10
    endloop
  endfacet
  facet normal -0.950863 0.30961 0
    outer loop
      vertex -293.007 216.384 0
      vertex -292.74 217.204 10
      vertex -292.74 217.204 0
    endloop
  endfacet
  facet normal -0.950863 0.30961 0
    outer loop
      vertex -293.007 216.384 0
      vertex -293.007 216.384 10
      vertex -292.74 217.204 10
    endloop
  endfacet
  facet normal -0.807791 0.589469 0
    outer loop
      vertex -293.061 216.31 0
      vertex -293.007 216.384 10
      vertex -293.007 216.384 0
    endloop
  endfacet
  facet normal -0.807791 0.589469 0
    outer loop
      vertex -293.061 216.31 0
      vertex -293.061 216.31 10
      vertex -293.007 216.384 10
    endloop
  endfacet
  facet normal -0.59574 0.803177 0
    outer loop
      vertex -294.784 215.032 0
      vertex -293.061 216.31 10
      vertex -293.061 216.31 0
    endloop
  endfacet
  facet normal -0.59574 0.803177 0
    outer loop
      vertex -294.784 215.032 0
      vertex -294.784 215.032 10
      vertex -293.061 216.31 10
    endloop
  endfacet
  facet normal -0.998715 0.0506774 0
    outer loop
      vertex -294.825 214.224 0
      vertex -294.784 215.032 10
      vertex -294.784 215.032 0
    endloop
  endfacet
  facet normal -0.998715 0.0506774 0
    outer loop
      vertex -294.825 214.224 0
      vertex -294.825 214.224 10
      vertex -294.784 215.032 10
    endloop
  endfacet
  facet normal -0.41222 -0.911084 0
    outer loop
      vertex -294.478 214.067 0
      vertex -294.825 214.224 10
      vertex -294.825 214.224 0
    endloop
  endfacet
  facet normal -0.41222 -0.911084 0
    outer loop
      vertex -294.478 214.067 0
      vertex -294.478 214.067 10
      vertex -294.825 214.224 10
    endloop
  endfacet
  facet normal -0.912769 -0.408477 0
    outer loop
      vertex -294.397 213.886 0
      vertex -294.478 214.067 10
      vertex -294.478 214.067 0
    endloop
  endfacet
  facet normal -0.912769 -0.408477 0
    outer loop
      vertex -294.397 213.886 0
      vertex -294.397 213.886 10
      vertex -294.478 214.067 10
    endloop
  endfacet
  facet normal -0.955779 0.294086 0
    outer loop
      vertex -294.477 213.626 0
      vertex -294.397 213.886 10
      vertex -294.397 213.886 0
    endloop
  endfacet
  facet normal -0.955779 0.294086 0
    outer loop
      vertex -294.477 213.626 0
      vertex -294.477 213.626 10
      vertex -294.397 213.886 10
    endloop
  endfacet
  facet normal -0.812324 0.583207 0
    outer loop
      vertex -294.533 213.548 0
      vertex -294.477 213.626 10
      vertex -294.477 213.626 0
    endloop
  endfacet
  facet normal -0.812324 0.583207 0
    outer loop
      vertex -294.533 213.548 0
      vertex -294.533 213.548 10
      vertex -294.477 213.626 10
    endloop
  endfacet
  facet normal -0.581238 0.813733 0
    outer loop
      vertex -294.813 213.348 0
      vertex -294.533 213.548 10
      vertex -294.533 213.548 0
    endloop
  endfacet
  facet normal -0.581238 0.813733 0
    outer loop
      vertex -294.813 213.348 0
      vertex -294.813 213.348 10
      vertex -294.533 213.548 10
    endloop
  endfacet
  facet normal -0.232023 0.97271 0
    outer loop
      vertex -294.922 213.322 0
      vertex -294.813 213.348 10
      vertex -294.813 213.348 0
    endloop
  endfacet
  facet normal -0.232023 0.97271 0
    outer loop
      vertex -294.922 213.322 0
      vertex -294.922 213.322 10
      vertex -294.813 213.348 10
    endloop
  endfacet
  facet normal 0.148206 0.988956 0
    outer loop
      vertex -296.003 213.484 0
      vertex -294.922 213.322 10
      vertex -294.922 213.322 0
    endloop
  endfacet
  facet normal 0.148206 0.988956 -0
    outer loop
      vertex -296.003 213.484 0
      vertex -296.003 213.484 10
      vertex -294.922 213.322 10
    endloop
  endfacet
  facet normal -0.939664 -0.3421 0
    outer loop
      vertex -295.849 213.061 0
      vertex -296.003 213.484 10
      vertex -296.003 213.484 0
    endloop
  endfacet
  facet normal -0.939664 -0.3421 0
    outer loop
      vertex -295.849 213.061 0
      vertex -295.849 213.061 10
      vertex -296.003 213.484 10
    endloop
  endfacet
  facet normal -0.960444 0.278472 0
    outer loop
      vertex -295.898 212.892 0
      vertex -295.849 213.061 10
      vertex -295.849 213.061 0
    endloop
  endfacet
  facet normal -0.960444 0.278472 0
    outer loop
      vertex -295.898 212.892 0
      vertex -295.898 212.892 10
      vertex -295.849 213.061 10
    endloop
  endfacet
  facet normal -0.0921982 0.995741 0
    outer loop
      vertex -296.06 212.877 0
      vertex -295.898 212.892 10
      vertex -295.898 212.892 0
    endloop
  endfacet
  facet normal -0.0921982 0.995741 0
    outer loop
      vertex -296.06 212.877 0
      vertex -296.06 212.877 10
      vertex -295.898 212.892 10
    endloop
  endfacet
  facet normal 0.467888 0.883788 0
    outer loop
      vertex -296.4 213.057 0
      vertex -296.06 212.877 10
      vertex -296.06 212.877 0
    endloop
  endfacet
  facet normal 0.467888 0.883788 -0
    outer loop
      vertex -296.4 213.057 0
      vertex -296.4 213.057 10
      vertex -296.06 212.877 10
    endloop
  endfacet
  facet normal 0.759257 0.650791 0
    outer loop
      vertex -296.472 213.141 0
      vertex -296.4 213.057 10
      vertex -296.4 213.057 0
    endloop
  endfacet
  facet normal 0.759257 0.650791 -0
    outer loop
      vertex -296.472 213.141 0
      vertex -296.472 213.141 10
      vertex -296.4 213.057 10
    endloop
  endfacet
  facet normal 0.944497 0.328521 0
    outer loop
      vertex -296.632 213.601 0
      vertex -296.472 213.141 10
      vertex -296.472 213.141 0
    endloop
  endfacet
  facet normal 0.944497 0.328521 -0
    outer loop
      vertex -296.632 213.601 0
      vertex -296.632 213.601 10
      vertex -296.472 213.141 10
    endloop
  endfacet
  facet normal 0.99472 -0.10263 0
    outer loop
      vertex -296.619 213.727 0
      vertex -296.632 213.601 10
      vertex -296.632 213.601 0
    endloop
  endfacet
  facet normal 0.99472 -0.10263 0
    outer loop
      vertex -296.619 213.727 0
      vertex -296.619 213.727 10
      vertex -296.632 213.601 10
    endloop
  endfacet
  facet normal 0.859173 -0.511685 0
    outer loop
      vertex -295.279 215.977 0
      vertex -296.619 213.727 10
      vertex -296.619 213.727 0
    endloop
  endfacet
  facet normal 0.859173 -0.511685 0
    outer loop
      vertex -295.279 215.977 0
      vertex -295.279 215.977 10
      vertex -296.619 213.727 10
    endloop
  endfacet
  facet normal 0.700341 -0.713809 0
    outer loop
      vertex -295.226 216.029 0
      vertex -295.279 215.977 10
      vertex -295.279 215.977 0
    endloop
  endfacet
  facet normal 0.700341 -0.713809 0
    outer loop
      vertex -295.226 216.029 0
      vertex -295.226 216.029 10
      vertex -295.279 215.977 10
    endloop
  endfacet
  facet normal 0.51014 -0.860091 0
    outer loop
      vertex -294.179 216.65 0
      vertex -295.226 216.029 10
      vertex -295.226 216.029 0
    endloop
  endfacet
  facet normal 0.51014 -0.860091 0
    outer loop
      vertex -294.179 216.65 0
      vertex -294.179 216.65 10
      vertex -295.226 216.029 10
    endloop
  endfacet
  facet normal 0.854187 -0.519966 0
    outer loop
      vertex -293.328 218.048 0
      vertex -294.179 216.65 10
      vertex -294.179 216.65 0
    endloop
  endfacet
  facet normal 0.854187 -0.519966 0
    outer loop
      vertex -293.328 218.048 0
      vertex -293.328 218.048 10
      vertex -294.179 216.65 10
    endloop
  endfacet
  facet normal 0.613297 -0.789852 0
    outer loop
      vertex -293.243 218.114 0
      vertex -293.328 218.048 10
      vertex -293.328 218.048 0
    endloop
  endfacet
  facet normal 0.613297 -0.789852 0
    outer loop
      vertex -293.243 218.114 0
      vertex -293.243 218.114 10
      vertex -293.328 218.048 10
    endloop
  endfacet
  facet normal 0.288071 -0.957609 0
    outer loop
      vertex -290.813 218.845 0
      vertex -293.243 218.114 10
      vertex -293.243 218.114 0
    endloop
  endfacet
  facet normal 0.288071 -0.957609 0
    outer loop
      vertex -290.813 218.845 0
      vertex -290.813 218.845 10
      vertex -293.243 218.114 10
    endloop
  endfacet
  facet normal 0.648378 -0.761319 0
    outer loop
      vertex -288.238 221.038 0
      vertex -290.813 218.845 10
      vertex -290.813 218.845 0
    endloop
  endfacet
  facet normal 0.648378 -0.761319 0
    outer loop
      vertex -288.238 221.038 0
      vertex -288.238 221.038 10
      vertex -290.813 218.845 10
    endloop
  endfacet
  facet normal 0.941706 -0.336436 0
    outer loop
      vertex -288.024 221.637 0
      vertex -288.238 221.038 10
      vertex -288.238 221.038 0
    endloop
  endfacet
  facet normal 0.941706 -0.336436 0
    outer loop
      vertex -288.024 221.637 0
      vertex -288.024 221.637 10
      vertex -288.238 221.038 10
    endloop
  endfacet
  facet normal 0.878723 0.477331 0
    outer loop
      vertex -288.2 221.961 0
      vertex -288.024 221.637 10
      vertex -288.024 221.637 0
    endloop
  endfacet
  facet normal 0.878723 0.477331 -0
    outer loop
      vertex -288.2 221.961 0
      vertex -288.2 221.961 10
      vertex -288.024 221.637 10
    endloop
  endfacet
  facet normal -0.744669 0.667434 0
    outer loop
      vertex -288.658 221.45 0
      vertex -288.2 221.961 10
      vertex -288.2 221.961 0
    endloop
  endfacet
  facet normal -0.744669 0.667434 0
    outer loop
      vertex -288.658 221.45 0
      vertex -288.658 221.45 10
      vertex -288.2 221.961 10
    endloop
  endfacet
  facet normal -0.436702 0.899606 0
    outer loop
      vertex -288.761 221.4 0
      vertex -288.658 221.45 10
      vertex -288.658 221.45 0
    endloop
  endfacet
  facet normal -0.436702 0.899606 0
    outer loop
      vertex -288.761 221.4 0
      vertex -288.761 221.4 10
      vertex -288.658 221.45 10
    endloop
  endfacet
  facet normal -0.058722 0.998274 0
    outer loop
      vertex -289.271 221.37 0
      vertex -288.761 221.4 10
      vertex -288.761 221.4 0
    endloop
  endfacet
  facet normal -0.058722 0.998274 0
    outer loop
      vertex -289.271 221.37 0
      vertex -289.271 221.37 10
      vertex -288.761 221.4 10
    endloop
  endfacet
  facet normal 0.21295 0.977063 0
    outer loop
      vertex -289.349 221.387 0
      vertex -289.271 221.37 10
      vertex -289.271 221.37 0
    endloop
  endfacet
  facet normal 0.21295 0.977063 -0
    outer loop
      vertex -289.349 221.387 0
      vertex -289.349 221.387 10
      vertex -289.271 221.37 10
    endloop
  endfacet
  facet normal 0.456776 0.889582 0
    outer loop
      vertex -290.017 221.73 0
      vertex -289.349 221.387 10
      vertex -289.349 221.387 0
    endloop
  endfacet
  facet normal 0.456776 0.889582 -0
    outer loop
      vertex -290.017 221.73 0
      vertex -290.017 221.73 10
      vertex -289.349 221.387 10
    endloop
  endfacet
  facet normal -0.260219 0.96555 0
    outer loop
      vertex -290.299 221.654 0
      vertex -290.017 221.73 10
      vertex -290.017 221.73 0
    endloop
  endfacet
  facet normal -0.260219 0.96555 0
    outer loop
      vertex -290.299 221.654 0
      vertex -290.299 221.654 10
      vertex -290.017 221.73 10
    endloop
  endfacet
  facet normal -0.645555 0.763714 0
    outer loop
      vertex -290.829 221.206 0
      vertex -290.299 221.654 10
      vertex -290.299 221.654 0
    endloop
  endfacet
  facet normal -0.645555 0.763714 0
    outer loop
      vertex -290.829 221.206 0
      vertex -290.829 221.206 10
      vertex -290.299 221.654 10
    endloop
  endfacet
  facet normal -0.898333 0.439316 0
    outer loop
      vertex -291.275 220.294 0
      vertex -290.829 221.206 10
      vertex -290.829 221.206 0
    endloop
  endfacet
  facet normal -0.898333 0.439316 0
    outer loop
      vertex -291.275 220.294 0
      vertex -291.275 220.294 10
      vertex -290.829 221.206 10
    endloop
  endfacet
  facet normal -0.484156 0.874981 0
    outer loop
      vertex -291.425 220.211 0
      vertex -291.275 220.294 10
      vertex -291.275 220.294 0
    endloop
  endfacet
  facet normal -0.484156 0.874981 0
    outer loop
      vertex -291.425 220.211 0
      vertex -291.425 220.211 10
      vertex -291.275 220.294 10
    endloop
  endfacet
  facet normal 0.101579 0.994827 0
    outer loop
      vertex -292.042 220.274 0
      vertex -291.425 220.211 10
      vertex -291.425 220.211 0
    endloop
  endfacet
  facet normal 0.101579 0.994827 -0
    outer loop
      vertex -292.042 220.274 0
      vertex -292.042 220.274 10
      vertex -291.425 220.211 10
    endloop
  endfacet
  facet normal -0.647974 0.761662 0
    outer loop
      vertex -293.603 218.946 0
      vertex -292.042 220.274 10
      vertex -292.042 220.274 0
    endloop
  endfacet
  facet normal -0.647974 0.761662 0
    outer loop
      vertex -293.603 218.946 0
      vertex -293.603 218.946 10
      vertex -292.042 220.274 10
    endloop
  endfacet
  facet normal -0.021048 0.999778 0
    outer loop
      vertex -293.793 218.942 0
      vertex -293.603 218.946 10
      vertex -293.603 218.946 0
    endloop
  endfacet
  facet normal -0.021048 0.999778 0
    outer loop
      vertex -293.793 218.942 0
      vertex -293.793 218.942 10
      vertex -293.603 218.946 10
    endloop
  endfacet
  facet normal 0.620515 0.784194 0
    outer loop
      vertex -294.114 219.196 0
      vertex -293.793 218.942 10
      vertex -293.793 218.942 0
    endloop
  endfacet
  facet normal 0.620515 0.784194 -0
    outer loop
      vertex -294.114 219.196 0
      vertex -294.114 219.196 10
      vertex -293.793 218.942 10
    endloop
  endfacet
  facet normal -0.257382 0.96631 0
    outer loop
      vertex -294.328 219.139 0
      vertex -294.114 219.196 10
      vertex -294.114 219.196 0
    endloop
  endfacet
  facet normal -0.257382 0.96631 0
    outer loop
      vertex -294.328 219.139 0
      vertex -294.328 219.139 10
      vertex -294.114 219.196 10
    endloop
  endfacet
  facet normal -0.823508 0.567305 0
    outer loop
      vertex -294.39 219.049 0
      vertex -294.328 219.139 10
      vertex -294.328 219.139 0
    endloop
  endfacet
  facet normal -0.823508 0.567305 0
    outer loop
      vertex -294.39 219.049 0
      vertex -294.39 219.049 10
      vertex -294.328 219.139 10
    endloop
  endfacet
  facet normal -0.560172 -0.828376 0
    outer loop
      vertex -294.146 218.884 0
      vertex -294.39 219.049 10
      vertex -294.39 219.049 0
    endloop
  endfacet
  facet normal -0.560172 -0.828376 0
    outer loop
      vertex -294.146 218.884 0
      vertex -294.146 218.884 10
      vertex -294.39 219.049 10
    endloop
  endfacet
  facet normal -0.939793 -0.341743 0
    outer loop
      vertex -294.086 218.719 0
      vertex -294.146 218.884 10
      vertex -294.146 218.884 0
    endloop
  endfacet
  facet normal -0.939793 -0.341743 0
    outer loop
      vertex -294.086 218.719 0
      vertex -294.086 218.719 10
      vertex -294.146 218.884 10
    endloop
  endfacet
  facet normal -0.668619 0.743605 0
    outer loop
      vertex -294.205 218.612 0
      vertex -294.086 218.719 10
      vertex -294.086 218.719 0
    endloop
  endfacet
  facet normal -0.668619 0.743605 0
    outer loop
      vertex -294.205 218.612 0
      vertex -294.205 218.612 10
      vertex -294.086 218.719 10
    endloop
  endfacet
  facet normal -0.16455 0.986369 0
    outer loop
      vertex -295.266 218.435 0
      vertex -294.205 218.612 10
      vertex -294.205 218.612 0
    endloop
  endfacet
  facet normal -0.16455 0.986369 0
    outer loop
      vertex -295.266 218.435 0
      vertex -295.266 218.435 10
      vertex -294.205 218.612 10
    endloop
  endfacet
  facet normal -0.914167 0.405338 0
    outer loop
      vertex -295.783 217.269 0
      vertex -295.266 218.435 10
      vertex -295.266 218.435 0
    endloop
  endfacet
  facet normal -0.914167 0.405338 0
    outer loop
      vertex -295.783 217.269 0
      vertex -295.783 217.269 10
      vertex -295.266 218.435 10
    endloop
  endfacet
  facet normal -0.677238 0.735764 0
    outer loop
      vertex -295.871 217.188 0
      vertex -295.783 217.269 10
      vertex -295.783 217.269 0
    endloop
  endfacet
  facet normal -0.677238 0.735764 0
    outer loop
      vertex -295.871 217.188 0
      vertex -295.871 217.188 10
      vertex -295.783 217.269 10
    endloop
  endfacet
  facet normal -0.327921 0.944705 0
    outer loop
      vertex -297.032 216.785 0
      vertex -295.871 217.188 10
      vertex -295.871 217.188 0
    endloop
  endfacet
  facet normal -0.327921 0.944705 0
    outer loop
      vertex -297.032 216.785 0
      vertex -297.032 216.785 10
      vertex -295.871 217.188 10
    endloop
  endfacet
  facet normal -0.563896 0.825846 0
    outer loop
      vertex -298.085 216.066 0
      vertex -297.032 216.785 10
      vertex -297.032 216.785 0
    endloop
  endfacet
  facet normal -0.563896 0.825846 0
    outer loop
      vertex -298.085 216.066 0
      vertex -298.085 216.066 10
      vertex -297.032 216.785 10
    endloop
  endfacet
  facet normal 0.0282373 0.999601 0
    outer loop
      vertex -298.262 216.071 0
      vertex -298.085 216.066 10
      vertex -298.085 216.066 0
    endloop
  endfacet
  facet normal 0.0282373 0.999601 -0
    outer loop
      vertex -298.262 216.071 0
      vertex -298.262 216.071 10
      vertex -298.085 216.066 10
    endloop
  endfacet
  facet normal 0.966144 0.258004 0
    outer loop
      vertex -298.309 216.247 0
      vertex -298.262 216.071 10
      vertex -298.262 216.071 0
    endloop
  endfacet
  facet normal 0.966144 0.258004 -0
    outer loop
      vertex -298.309 216.247 0
      vertex -298.309 216.247 10
      vertex -298.262 216.071 10
    endloop
  endfacet
  facet normal 0.925229 -0.37941 0
    outer loop
      vertex -297.682 217.776 0
      vertex -298.309 216.247 10
      vertex -298.309 216.247 0
    endloop
  endfacet
  facet normal 0.925229 -0.37941 0
    outer loop
      vertex -297.682 217.776 0
      vertex -297.682 217.776 10
      vertex -298.309 216.247 10
    endloop
  endfacet
  facet normal 0.785932 0.618312 0
    outer loop
      vertex -298.405 218.695 0
      vertex -297.682 217.776 10
      vertex -297.682 217.776 0
    endloop
  endfacet
  facet normal 0.785932 0.618312 -0
    outer loop
      vertex -298.405 218.695 0
      vertex -298.405 218.695 10
      vertex -297.682 217.776 10
    endloop
  endfacet
  facet normal 0.209977 0.977706 0
    outer loop
      vertex -298.554 218.727 0
      vertex -298.405 218.695 10
      vertex -298.405 218.695 0
    endloop
  endfacet
  facet normal 0.209977 0.977706 -0
    outer loop
      vertex -298.554 218.727 0
      vertex -298.554 218.727 10
      vertex -298.405 218.695 10
    endloop
  endfacet
  facet normal -0.997111 0.0759536 0
    outer loop
      vertex -298.64 217.598 0
      vertex -298.554 218.727 10
      vertex -298.554 218.727 0
    endloop
  endfacet
  facet normal -0.997111 0.0759536 0
    outer loop
      vertex -298.64 217.598 0
      vertex -298.64 217.598 10
      vertex -298.554 218.727 10
    endloop
  endfacet
  facet normal -0.691905 0.721988 0
    outer loop
      vertex -298.784 217.46 0
      vertex -298.64 217.598 10
      vertex -298.64 217.598 0
    endloop
  endfacet
  facet normal -0.691905 0.721988 0
    outer loop
      vertex -298.784 217.46 0
      vertex -298.784 217.46 10
      vertex -298.64 217.598 10
    endloop
  endfacet
  facet normal -0.0394893 0.99922 0
    outer loop
      vertex -300.201 217.404 0
      vertex -298.784 217.46 10
      vertex -298.784 217.46 0
    endloop
  endfacet
  facet normal -0.0394893 0.99922 0
    outer loop
      vertex -300.201 217.404 0
      vertex -300.201 217.404 10
      vertex -298.784 217.46 10
    endloop
  endfacet
  facet normal -0.947744 0.319032 0
    outer loop
      vertex -300.508 216.492 0
      vertex -300.201 217.404 10
      vertex -300.201 217.404 0
    endloop
  endfacet
  facet normal -0.947744 0.319032 0
    outer loop
      vertex -300.508 216.492 0
      vertex -300.508 216.492 10
      vertex -300.201 217.404 10
    endloop
  endfacet
  facet normal -0.423137 0.906066 0
    outer loop
      vertex -300.705 216.4 0
      vertex -300.508 216.492 10
      vertex -300.508 216.492 0
    endloop
  endfacet
  facet normal -0.423137 0.906066 0
    outer loop
      vertex -300.705 216.4 0
      vertex -300.705 216.4 10
      vertex -300.508 216.492 10
    endloop
  endfacet
  facet normal 0.364303 0.931281 0
    outer loop
      vertex -301.068 216.542 0
      vertex -300.705 216.4 10
      vertex -300.705 216.4 0
    endloop
  endfacet
  facet normal 0.364303 0.931281 -0
    outer loop
      vertex -301.068 216.542 0
      vertex -301.068 216.542 10
      vertex -300.705 216.4 10
    endloop
  endfacet
  facet normal -0.74469 0.667411 0
    outer loop
      vertex -301.258 216.33 0
      vertex -301.068 216.542 10
      vertex -301.068 216.542 0
    endloop
  endfacet
  facet normal -0.74469 0.667411 0
    outer loop
      vertex -301.258 216.33 0
      vertex -301.258 216.33 10
      vertex -301.068 216.542 10
    endloop
  endfacet
  facet normal -0.0931888 0.995648 0
    outer loop
      vertex -301.461 216.311 0
      vertex -301.258 216.33 10
      vertex -301.258 216.33 0
    endloop
  endfacet
  facet normal -0.0931888 0.995648 0
    outer loop
      vertex -301.461 216.311 0
      vertex -301.461 216.311 10
      vertex -301.258 216.33 10
    endloop
  endfacet
  facet normal 0.588172 0.808736 0
    outer loop
      vertex -301.472 216.319 0
      vertex -301.461 216.311 10
      vertex -301.461 216.311 0
    endloop
  endfacet
  facet normal 0.588172 0.808736 -0
    outer loop
      vertex -301.472 216.319 0
      vertex -301.472 216.319 10
      vertex -301.461 216.311 10
    endloop
  endfacet
  facet normal -0.933773 0.357865 0
    outer loop
      vertex -301.838 215.364 0
      vertex -301.472 216.319 10
      vertex -301.472 216.319 0
    endloop
  endfacet
  facet normal -0.933773 0.357865 0
    outer loop
      vertex -301.838 215.364 0
      vertex -301.838 215.364 10
      vertex -301.472 216.319 10
    endloop
  endfacet
  facet normal -0.582311 -0.812966 0
    outer loop
      vertex -301.193 214.902 0
      vertex -301.838 215.364 10
      vertex -301.838 215.364 0
    endloop
  endfacet
  facet normal -0.582311 -0.812966 0
    outer loop
      vertex -301.193 214.902 0
      vertex -301.193 214.902 10
      vertex -301.838 215.364 10
    endloop
  endfacet
  facet normal -0.948114 -0.31793 0
    outer loop
      vertex -301.137 214.735 0
      vertex -301.193 214.902 10
      vertex -301.193 214.902 0
    endloop
  endfacet
  facet normal -0.948114 -0.31793 0
    outer loop
      vertex -301.137 214.735 0
      vertex -301.137 214.735 10
      vertex -301.193 214.902 10
    endloop
  endfacet
  facet normal -0.693109 0.720833 0
    outer loop
      vertex -301.241 214.635 0
      vertex -301.137 214.735 10
      vertex -301.137 214.735 0
    endloop
  endfacet
  facet normal -0.693109 0.720833 0
    outer loop
      vertex -301.241 214.635 0
      vertex -301.241 214.635 10
      vertex -301.137 214.735 10
    endloop
  endfacet
  facet normal -0.259332 0.965788 0
    outer loop
      vertex -301.889 214.461 0
      vertex -301.241 214.635 10
      vertex -301.241 214.635 0
    endloop
  endfacet
  facet normal -0.259332 0.965788 0
    outer loop
      vertex -301.889 214.461 0
      vertex -301.889 214.461 10
      vertex -301.241 214.635 10
    endloop
  endfacet
  facet normal -0.986129 -0.165982 0
    outer loop
      vertex -301.855 214.259 0
      vertex -301.889 214.461 10
      vertex -301.889 214.461 0
    endloop
  endfacet
  facet normal -0.986129 -0.165982 0
    outer loop
      vertex -301.855 214.259 0
      vertex -301.855 214.259 10
      vertex -301.889 214.461 10
    endloop
  endfacet
  facet normal -0.453562 -0.891225 0
    outer loop
      vertex -300.902 213.774 0
      vertex -301.855 214.259 10
      vertex -301.855 214.259 0
    endloop
  endfacet
  facet normal -0.453562 -0.891225 0
    outer loop
      vertex -300.902 213.774 0
      vertex -300.902 213.774 10
      vertex -301.855 214.259 10
    endloop
  endfacet
  facet normal -0.739511 -0.673145 0
    outer loop
      vertex -300.831 213.696 0
      vertex -300.902 213.774 10
      vertex -300.902 213.774 0
    endloop
  endfacet
  facet normal -0.739511 -0.673145 0
    outer loop
      vertex -300.831 213.696 0
      vertex -300.831 213.696 10
      vertex -300.902 213.774 10
    endloop
  endfacet
  facet normal -0.927816 -0.373039 0
    outer loop
      vertex -300.441 212.726 0
      vertex -300.831 213.696 10
      vertex -300.831 213.696 0
    endloop
  endfacet
  facet normal -0.927816 -0.373039 0
    outer loop
      vertex -300.441 212.726 0
      vertex -300.441 212.726 10
      vertex -300.831 213.696 10
    endloop
  endfacet
  facet normal -0.969808 0.24387 0
    outer loop
      vertex -300.484 212.555 0
      vertex -300.441 212.726 10
      vertex -300.441 212.726 0
    endloop
  endfacet
  facet normal -0.969808 0.24387 0
    outer loop
      vertex -300.484 212.555 0
      vertex -300.484 212.555 10
      vertex -300.441 212.726 10
    endloop
  endfacet
  facet normal -0.0680239 0.997684 0
    outer loop
      vertex -300.66 212.543 0
      vertex -300.484 212.555 10
      vertex -300.484 212.555 0
    endloop
  endfacet
  facet normal -0.0680239 0.997684 0
    outer loop
      vertex -300.66 212.543 0
      vertex -300.66 212.543 10
      vertex -300.484 212.555 10
    endloop
  endfacet
  facet normal 0.535331 0.844643 0
    outer loop
      vertex -302.536 213.732 0
      vertex -300.66 212.543 10
      vertex -300.66 212.543 0
    endloop
  endfacet
  facet normal 0.535331 0.844643 -0
    outer loop
      vertex -302.536 213.732 0
      vertex -302.536 213.732 10
      vertex -300.66 212.543 10
    endloop
  endfacet
  facet normal 0.0371836 0.999308 0
    outer loop
      vertex -303.826 213.78 0
      vertex -302.536 213.732 10
      vertex -302.536 213.732 0
    endloop
  endfacet
  facet normal 0.0371836 0.999308 -0
    outer loop
      vertex -303.826 213.78 0
      vertex -303.826 213.78 10
      vertex -302.536 213.732 10
    endloop
  endfacet
  facet normal 0.242536 0.970143 0
    outer loop
      vertex -303.886 213.795 0
      vertex -303.826 213.78 10
      vertex -303.826 213.78 0
    endloop
  endfacet
  facet normal 0.242536 0.970143 -0
    outer loop
      vertex -303.886 213.795 0
      vertex -303.886 213.795 10
      vertex -303.826 213.78 10
    endloop
  endfacet
  facet normal 0.441597 0.897213 0
    outer loop
      vertex -306.446 215.055 0
      vertex -303.886 213.795 10
      vertex -303.886 213.795 0
    endloop
  endfacet
  facet normal 0.441597 0.897213 -0
    outer loop
      vertex -306.446 215.055 0
      vertex -306.446 215.055 10
      vertex -303.886 213.795 10
    endloop
  endfacet
  facet normal 0.539054 0.842271 0
    outer loop
      vertex -306.471 215.071 0
      vertex -306.446 215.055 10
      vertex -306.446 215.055 0
    endloop
  endfacet
  facet normal 0.539054 0.842271 -0
    outer loop
      vertex -306.471 215.071 0
      vertex -306.471 215.071 10
      vertex -306.446 215.055 10
    endloop
  endfacet
  facet normal 0.609711 0.792624 0
    outer loop
      vertex -308.291 216.471 0
      vertex -306.471 215.071 10
      vertex -306.471 215.071 0
    endloop
  endfacet
  facet normal 0.609711 0.792624 -0
    outer loop
      vertex -308.291 216.471 0
      vertex -308.291 216.471 10
      vertex -306.471 215.071 10
    endloop
  endfacet
  facet normal 0.690476 0.723356 0
    outer loop
      vertex -308.313 216.492 0
      vertex -308.291 216.471 10
      vertex -308.291 216.471 0
    endloop
  endfacet
  facet normal 0.690476 0.723356 -0
    outer loop
      vertex -308.313 216.492 0
      vertex -308.313 216.492 10
      vertex -308.291 216.471 10
    endloop
  endfacet
  facet normal 0.755952 0.654627 0
    outer loop
      vertex -309.379 217.723 0
      vertex -308.313 216.492 10
      vertex -308.313 216.492 0
    endloop
  endfacet
  facet normal 0.755952 0.654627 -0
    outer loop
      vertex -309.379 217.723 0
      vertex -309.379 217.723 10
      vertex -308.313 216.492 10
    endloop
  endfacet
  facet normal 0.354439 0.935079 0
    outer loop
      vertex -311.078 218.367 0
      vertex -309.379 217.723 10
      vertex -309.379 217.723 0
    endloop
  endfacet
  facet normal 0.354439 0.935079 -0
    outer loop
      vertex -311.078 218.367 0
      vertex -311.078 218.367 10
      vertex -309.379 217.723 10
    endloop
  endfacet
  facet normal -0.12604 0.992025 0
    outer loop
      vertex -311.991 218.251 0
      vertex -311.078 218.367 10
      vertex -311.078 218.367 0
    endloop
  endfacet
  facet normal -0.12604 0.992025 0
    outer loop
      vertex -311.991 218.251 0
      vertex -311.991 218.251 10
      vertex -311.078 218.367 10
    endloop
  endfacet
  facet normal 0.0565133 0.998402 0
    outer loop
      vertex -312.044 218.254 0
      vertex -311.991 218.251 10
      vertex -311.991 218.251 0
    endloop
  endfacet
  facet normal 0.0565133 0.998402 -0
    outer loop
      vertex -312.044 218.254 0
      vertex -312.044 218.254 10
      vertex -311.991 218.251 10
    endloop
  endfacet
  facet normal 0.226907 0.973916 0
    outer loop
      vertex -313.19 218.521 0
      vertex -312.044 218.254 10
      vertex -312.044 218.254 0
    endloop
  endfacet
  facet normal 0.226907 0.973916 -0
    outer loop
      vertex -313.19 218.521 0
      vertex -313.19 218.521 10
      vertex -312.044 218.254 10
    endloop
  endfacet
  facet normal -1 0 0
    outer loop
      vertex -313.19 169.127 0
      vertex -313.19 218.521 10
      vertex -313.19 218.521 0
    endloop
  endfacet
  facet normal -1 0 0
    outer loop
      vertex -313.19 169.127 0
      vertex -313.19 169.127 10
      vertex -313.19 218.521 10
    endloop
  endfacet
  facet normal -0.329538 -0.944142 0
    outer loop
      vertex -312.362 168.838 0
      vertex -313.19 169.127 10
      vertex -313.19 169.127 0
    endloop
  endfacet
  facet normal -0.329538 -0.944142 0
    outer loop
      vertex -312.362 168.838 0
      vertex -312.362 168.838 10
      vertex -313.19 169.127 10
    endloop
  endfacet
  facet normal 0.918752 -0.394835 0
    outer loop
      vertex -312.258 169.08 0
      vertex -312.362 168.838 10
      vertex -312.362 168.838 0
    endloop
  endfacet
  facet normal 0.918752 -0.394835 0
    outer loop
      vertex -312.258 169.08 0
      vertex -312.258 169.08 10
      vertex -312.362 168.838 10
    endloop
  endfacet
  facet normal 0.345066 -0.938579 0
    outer loop
      vertex -312.054 169.155 0
      vertex -312.258 169.08 10
      vertex -312.258 169.08 0
    endloop
  endfacet
  facet normal 0.345066 -0.938579 0
    outer loop
      vertex -312.054 169.155 0
      vertex -312.054 169.155 10
      vertex -312.258 169.08 10
    endloop
  endfacet
  facet normal -0.437587 -0.899176 0
    outer loop
      vertex -311.08 168.681 0
      vertex -312.054 169.155 10
      vertex -312.054 169.155 0
    endloop
  endfacet
  facet normal -0.437587 -0.899176 0
    outer loop
      vertex -311.08 168.681 0
      vertex -311.08 168.681 10
      vertex -312.054 169.155 10
    endloop
  endfacet
  facet normal 0.701604 -0.712567 0
    outer loop
      vertex -310.495 169.257 0
      vertex -311.08 168.681 10
      vertex -311.08 168.681 0
    endloop
  endfacet
  facet normal 0.701604 -0.712567 0
    outer loop
      vertex -310.495 169.257 0
      vertex -310.495 169.257 10
      vertex -311.08 168.681 10
    endloop
  endfacet
  facet normal 0.405264 -0.9142 0
    outer loop
      vertex -310.398 169.3 0
      vertex -310.495 169.257 10
      vertex -310.495 169.257 0
    endloop
  endfacet
  facet normal 0.405264 -0.9142 0
    outer loop
      vertex -310.398 169.3 0
      vertex -310.398 169.3 10
      vertex -310.495 169.257 10
    endloop
  endfacet
  facet normal 0.0525588 -0.998618 0
    outer loop
      vertex -309.068 169.37 0
      vertex -310.398 169.3 10
      vertex -310.398 169.3 0
    endloop
  endfacet
  facet normal 0.0525588 -0.998618 0
    outer loop
      vertex -309.068 169.37 0
      vertex -309.068 169.37 10
      vertex -310.398 169.3 10
    endloop
  endfacet
  facet normal -0.757769 -0.652523 0
    outer loop
      vertex -308.913 169.19 0
      vertex -309.068 169.37 10
      vertex -309.068 169.37 0
    endloop
  endfacet
  facet normal -0.757769 -0.652523 0
    outer loop
      vertex -308.913 169.19 0
      vertex -308.913 169.19 10
      vertex -309.068 169.37 10
    endloop
  endfacet
  facet normal -0.979589 0.201011 0
    outer loop
      vertex -309.134 168.113 0
      vertex -308.913 169.19 10
      vertex -308.913 169.19 0
    endloop
  endfacet
  facet normal -0.979589 0.201011 0
    outer loop
      vertex -309.134 168.113 0
      vertex -309.134 168.113 10
      vertex -308.913 169.19 10
    endloop
  endfacet
  facet normal -0.603456 -0.797396 0
    outer loop
      vertex -308.139 167.36 0
      vertex -309.134 168.113 10
      vertex -309.134 168.113 0
    endloop
  endfacet
  facet normal -0.603456 -0.797396 0
    outer loop
      vertex -308.139 167.36 0
      vertex -308.139 167.36 10
      vertex -309.134 168.113 10
    endloop
  endfacet
  facet normal -0.82373 -0.566983 0
    outer loop
      vertex -308.086 167.283 0
      vertex -308.139 167.36 10
      vertex -308.139 167.36 0
    endloop
  endfacet
  facet normal -0.82373 -0.566983 0
    outer loop
      vertex -308.086 167.283 0
      vertex -308.086 167.283 10
      vertex -308.139 167.36 10
    endloop
  endfacet
  facet normal -0.95876 -0.284217 0
    outer loop
      vertex -307.936 166.777 0
      vertex -308.086 167.283 10
      vertex -308.086 167.283 0
    endloop
  endfacet
  facet normal -0.95876 -0.284217 0
    outer loop
      vertex -307.936 166.777 0
      vertex -307.936 166.777 10
      vertex -308.086 167.283 10
    endloop
  endfacet
  facet normal -0.723239 -0.690598 0
    outer loop
      vertex -305.651 164.384 0
      vertex -307.936 166.777 10
      vertex -307.936 166.777 0
    endloop
  endfacet
  facet normal -0.723239 -0.690598 0
    outer loop
      vertex -305.651 164.384 0
      vertex -305.651 164.384 10
      vertex -307.936 166.777 10
    endloop
  endfacet
  facet normal -0.906721 -0.421731 0
    outer loop
      vertex -305.611 164.298 0
      vertex -305.651 164.384 10
      vertex -305.651 164.384 0
    endloop
  endfacet
  facet normal -0.906721 -0.421731 0
    outer loop
      vertex -305.611 164.298 0
      vertex -305.611 164.298 10
      vertex -305.651 164.384 10
    endloop
  endfacet
  facet normal -0.992926 -0.118737 0
    outer loop
      vertex -305.462 163.052 0
      vertex -305.611 164.298 10
      vertex -305.611 164.298 0
    endloop
  endfacet
  facet normal -0.992926 -0.118737 0
    outer loop
      vertex -305.462 163.052 0
      vertex -305.462 163.052 10
      vertex -305.611 164.298 10
    endloop
  endfacet
  facet normal -0.274721 -0.961524 0
    outer loop
      vertex -305.448 163.048 0
      vertex -305.462 163.052 10
      vertex -305.462 163.052 0
    endloop
  endfacet
  facet normal -0.274721 -0.961524 0
    outer loop
      vertex -305.448 163.048 0
      vertex -305.448 163.048 10
      vertex -305.462 163.052 10
    endloop
  endfacet
  facet normal 0.609797 -0.792557 0
    outer loop
      vertex -304.121 164.069 0
      vertex -305.448 163.048 10
      vertex -305.448 163.048 0
    endloop
  endfacet
  facet normal 0.609797 -0.792557 0
    outer loop
      vertex -304.121 164.069 0
      vertex -304.121 164.069 10
      vertex -305.448 163.048 10
    endloop
  endfacet
  facet normal 0.332259 -0.943188 0
    outer loop
      vertex -304.033 164.1 0
      vertex -304.121 164.069 10
      vertex -304.121 164.069 0
    endloop
  endfacet
  facet normal 0.332259 -0.943188 0
    outer loop
      vertex -304.033 164.1 0
      vertex -304.033 164.1 10
      vertex -304.121 164.069 10
    endloop
  endfacet
  facet normal 0.0200964 -0.999798 0
    outer loop
      vertex -303.635 164.108 0
      vertex -304.033 164.1 10
      vertex -304.033 164.1 0
    endloop
  endfacet
  facet normal 0.0200964 -0.999798 0
    outer loop
      vertex -303.635 164.108 0
      vertex -303.635 164.108 10
      vertex -304.033 164.1 10
    endloop
  endfacet
  facet normal 0.982954 -0.18385 0
    outer loop
      vertex -303.407 165.327 0
      vertex -303.635 164.108 10
      vertex -303.635 164.108 0
    endloop
  endfacet
  facet normal 0.982954 -0.18385 0
    outer loop
      vertex -303.407 165.327 0
      vertex -303.407 165.327 10
      vertex -303.635 164.108 10
    endloop
  endfacet
  facet normal 0.611872 -0.790957 0
    outer loop
      vertex -303.248 165.45 0
      vertex -303.407 165.327 10
      vertex -303.407 165.327 0
    endloop
  endfacet
  facet normal 0.611872 -0.790957 0
    outer loop
      vertex -303.248 165.45 0
      vertex -303.248 165.45 10
      vertex -303.407 165.327 10
    endloop
  endfacet
  facet normal -0.0806612 -0.996742 0
    outer loop
      vertex -303.075 165.436 0
      vertex -303.248 165.45 10
      vertex -303.248 165.45 0
    endloop
  endfacet
  facet normal -0.0806612 -0.996742 0
    outer loop
      vertex -303.075 165.436 0
      vertex -303.075 165.436 10
      vertex -303.248 165.45 10
    endloop
  endfacet
  facet normal 0.83005 -0.55769 0
    outer loop
      vertex -302.946 165.628 0
      vertex -303.075 165.436 10
      vertex -303.075 165.436 0
    endloop
  endfacet
  facet normal 0.83005 -0.55769 0
    outer loop
      vertex -302.946 165.628 0
      vertex -302.946 165.628 10
      vertex -303.075 165.436 10
    endloop
  endfacet
  facet normal 0.87702 0.480454 0
    outer loop
      vertex -303.072 165.858 0
      vertex -302.946 165.628 10
      vertex -302.946 165.628 0
    endloop
  endfacet
  facet normal 0.87702 0.480454 -0
    outer loop
      vertex -303.072 165.858 0
      vertex -303.072 165.858 10
      vertex -302.946 165.628 10
    endloop
  endfacet
  facet normal 0.946856 -0.321659 0
    outer loop
      vertex -303.001 166.067 0
      vertex -303.072 165.858 10
      vertex -303.072 165.858 0
    endloop
  endfacet
  facet normal 0.946856 -0.321659 0
    outer loop
      vertex -303.001 166.067 0
      vertex -303.001 166.067 10
      vertex -303.072 165.858 10
    endloop
  endfacet
  facet normal 0.40388 -0.914812 0
    outer loop
      vertex -301.121 166.897 0
      vertex -303.001 166.067 10
      vertex -303.001 166.067 0
    endloop
  endfacet
  facet normal 0.40388 -0.914812 0
    outer loop
      vertex -301.121 166.897 0
      vertex -301.121 166.897 10
      vertex -303.001 166.067 10
    endloop
  endfacet
  facet normal -0.17681 -0.984245 0
    outer loop
      vertex -300.954 166.867 0
      vertex -301.121 166.897 10
      vertex -301.121 166.897 0
    endloop
  endfacet
  facet normal -0.17681 -0.984245 0
    outer loop
      vertex -300.954 166.867 0
      vertex -300.954 166.867 10
      vertex -301.121 166.897 10
    endloop
  endfacet
  facet normal -0.703356 -0.710838 0
    outer loop
      vertex -300.004 165.927 0
      vertex -300.954 166.867 10
      vertex -300.954 166.867 0
    endloop
  endfacet
  facet normal -0.703356 -0.710838 0
    outer loop
      vertex -300.004 165.927 0
      vertex -300.004 165.927 10
      vertex -300.954 166.867 10
    endloop
  endfacet
  facet normal -0.940484 -0.339839 0
    outer loop
      vertex -299.961 165.808 0
      vertex -300.004 165.927 10
      vertex -300.004 165.927 0
    endloop
  endfacet
  facet normal -0.940484 -0.339839 0
    outer loop
      vertex -299.961 165.808 0
      vertex -299.961 165.808 10
      vertex -300.004 165.927 10
    endloop
  endfacet
  facet normal -0.99669 0.0812904 0
    outer loop
      vertex -300.007 165.244 0
      vertex -299.961 165.808 10
      vertex -299.961 165.808 0
    endloop
  endfacet
  facet normal -0.99669 0.0812904 0
    outer loop
      vertex -300.007 165.244 0
      vertex -300.007 165.244 10
      vertex -299.961 165.808 10
    endloop
  endfacet
  facet normal -0.923077 -0.384615 0
    outer loop
      vertex -299.757 164.644 0
      vertex -300.007 165.244 10
      vertex -300.007 165.244 0
    endloop
  endfacet
  facet normal -0.923077 -0.384615 0
    outer loop
      vertex -299.757 164.644 0
      vertex -299.757 164.644 10
      vertex -300.007 165.244 10
    endloop
  endfacet
  facet normal -0.61763 -0.786469 0
    outer loop
      vertex -298.667 163.788 0
      vertex -299.757 164.644 10
      vertex -299.757 164.644 0
    endloop
  endfacet
  facet normal -0.61763 -0.786469 0
    outer loop
      vertex -298.667 163.788 0
      vertex -298.667 163.788 10
      vertex -299.757 164.644 10
    endloop
  endfacet
  facet normal -0.801524 -0.597962 0
    outer loop
      vertex -298.62 163.725 0
      vertex -298.667 163.788 10
      vertex -298.667 163.788 0
    endloop
  endfacet
  facet normal -0.801524 -0.597962 0
    outer loop
      vertex -298.62 163.725 0
      vertex -298.62 163.725 10
      vertex -298.667 163.788 10
    endloop
  endfacet
  facet normal -0.930047 -0.367441 0
    outer loop
      vertex -298.315 162.953 0
      vertex -298.62 163.725 10
      vertex -298.62 163.725 0
    endloop
  endfacet
  facet normal -0.930047 -0.367441 0
    outer loop
      vertex -298.315 162.953 0
      vertex -298.315 162.953 10
      vertex -298.62 163.725 10
    endloop
  endfacet
  facet normal -0.616907 -0.787036 0
    outer loop
      vertex -297.288 162.148 0
      vertex -298.315 162.953 10
      vertex -298.315 162.953 0
    endloop
  endfacet
  facet normal -0.616907 -0.787036 0
    outer loop
      vertex -297.288 162.148 0
      vertex -297.288 162.148 10
      vertex -298.315 162.953 10
    endloop
  endfacet
  facet normal -0.707107 -0.707107 0
    outer loop
      vertex -297.26 162.12 0
      vertex -297.288 162.148 10
      vertex -297.288 162.148 0
    endloop
  endfacet
  facet normal -0.707107 -0.707107 0
    outer loop
      vertex -297.26 162.12 0
      vertex -297.26 162.12 10
      vertex -297.288 162.148 10
    endloop
  endfacet
  facet normal -0.802305 -0.596915 0
    outer loop
      vertex -296.33 160.87 0
      vertex -297.26 162.12 10
      vertex -297.26 162.12 0
    endloop
  endfacet
  facet normal -0.802305 -0.596915 0
    outer loop
      vertex -296.33 160.87 0
      vertex -296.33 160.87 10
      vertex -297.26 162.12 10
    endloop
  endfacet
  facet normal -0.966382 -0.257111 0
    outer loop
      vertex -296.301 160.761 0
      vertex -296.33 160.87 10
      vertex -296.33 160.87 0
    endloop
  endfacet
  facet normal -0.966382 -0.257111 0
    outer loop
      vertex -296.301 160.761 0
      vertex -296.301 160.761 10
      vertex -296.33 160.87 10
    endloop
  endfacet
  facet normal -0.991622 0.129177 0
    outer loop
      vertex -296.335 160.5 0
      vertex -296.301 160.761 10
      vertex -296.301 160.761 0
    endloop
  endfacet
  facet normal -0.991622 0.129177 0
    outer loop
      vertex -296.335 160.5 0
      vertex -296.335 160.5 10
      vertex -296.301 160.761 10
    endloop
  endfacet
  facet normal -0.874078 -0.485785 0
    outer loop
      vertex -293.719 155.793 0
      vertex -296.335 160.5 10
      vertex -296.335 160.5 0
    endloop
  endfacet
  facet normal -0.874078 -0.485785 0
    outer loop
      vertex -293.719 155.793 0
      vertex -293.719 155.793 10
      vertex -296.335 160.5 10
    endloop
  endfacet
  facet normal -0.99958 -0.0289733 0
    outer loop
      vertex -293.715 155.655 0
      vertex -293.719 155.793 10
      vertex -293.719 155.793 0
    endloop
  endfacet
  facet normal -0.99958 -0.0289733 0
    outer loop
      vertex -293.715 155.655 0
      vertex -293.715 155.655 10
      vertex -293.719 155.793 10
    endloop
  endfacet
  facet normal -0.901523 0.432731 0
    outer loop
      vertex -293.871 155.33 0
      vertex -293.715 155.655 10
      vertex -293.715 155.655 0
    endloop
  endfacet
  facet normal -0.901523 0.432731 0
    outer loop
      vertex -293.871 155.33 0
      vertex -293.871 155.33 10
      vertex -293.715 155.655 10
    endloop
  endfacet
  facet normal -0.307379 -0.951587 0
    outer loop
      vertex -293.354 155.163 0
      vertex -293.871 155.33 10
      vertex -293.871 155.33 0
    endloop
  endfacet
  facet normal -0.307379 -0.951587 0
    outer loop
      vertex -293.354 155.163 0
      vertex -293.354 155.163 10
      vertex -293.871 155.33 10
    endloop
  endfacet
  facet normal -0.873005 -0.487712 0
    outer loop
      vertex -293.254 154.984 0
      vertex -293.354 155.163 10
      vertex -293.354 155.163 0
    endloop
  endfacet
  facet normal -0.873005 -0.487712 0
    outer loop
      vertex -293.254 154.984 0
      vertex -293.254 154.984 10
      vertex -293.354 155.163 10
    endloop
  endfacet
  facet normal -0.971033 0.238945 0
    outer loop
      vertex -293.395 154.411 0
      vertex -293.254 154.984 10
      vertex -293.254 154.984 0
    endloop
  endfacet
  facet normal -0.971033 0.238945 0
    outer loop
      vertex -293.395 154.411 0
      vertex -293.395 154.411 10
      vertex -293.254 154.984 10
    endloop
  endfacet
  facet normal -0.439516 -0.898235 0
    outer loop
      vertex -292.974 154.205 0
      vertex -293.395 154.411 10
      vertex -293.395 154.411 0
    endloop
  endfacet
  facet normal -0.439516 -0.898235 0
    outer loop
      vertex -292.974 154.205 0
      vertex -292.974 154.205 10
      vertex -293.395 154.411 10
    endloop
  endfacet
  facet normal -0.815613 -0.578597 0
    outer loop
      vertex -292.891 154.088 0
      vertex -292.974 154.205 10
      vertex -292.974 154.205 0
    endloop
  endfacet
  facet normal -0.815613 -0.578597 0
    outer loop
      vertex -292.891 154.088 0
      vertex -292.891 154.088 10
      vertex -292.974 154.205 10
    endloop
  endfacet
  facet normal -0.992654 -0.120984 0
    outer loop
      vertex -292.808 153.407 0
      vertex -292.891 154.088 10
      vertex -292.891 154.088 0
    endloop
  endfacet
  facet normal -0.992654 -0.120984 0
    outer loop
      vertex -292.808 153.407 0
      vertex -292.808 153.407 10
      vertex -292.891 154.088 10
    endloop
  endfacet
  facet normal 0.0560095 -0.99843 0
    outer loop
      vertex -292.398 153.43 0
      vertex -292.808 153.407 10
      vertex -292.808 153.407 0
    endloop
  endfacet
  facet normal 0.0560095 -0.99843 0
    outer loop
      vertex -292.398 153.43 0
      vertex -292.398 153.43 10
      vertex -292.808 153.407 10
    endloop
  endfacet
  facet normal -0.228369 -0.973575 0
    outer loop
      vertex -292.317 153.411 0
      vertex -292.398 153.43 10
      vertex -292.398 153.43 0
    endloop
  endfacet
  facet normal -0.228369 -0.973575 0
    outer loop
      vertex -292.317 153.411 0
      vertex -292.317 153.411 10
      vertex -292.398 153.43 10
    endloop
  endfacet
  facet normal -0.486445 -0.873711 0
    outer loop
      vertex -290.467 152.381 0
      vertex -292.317 153.411 10
      vertex -292.317 153.411 0
    endloop
  endfacet
  facet normal -0.486445 -0.873711 0
    outer loop
      vertex -290.467 152.381 0
      vertex -290.467 152.381 10
      vertex -292.317 153.411 10
    endloop
  endfacet
  facet normal -0.5547 -0.83205 0
    outer loop
      vertex -290.449 152.369 0
      vertex -290.467 152.381 10
      vertex -290.467 152.381 0
    endloop
  endfacet
  facet normal -0.5547 -0.83205 0
    outer loop
      vertex -290.449 152.369 0
      vertex -290.449 152.369 10
      vertex -290.467 152.381 10
    endloop
  endfacet
  facet normal -0.606449 -0.795122 0
    outer loop
      vertex -289.859 151.919 0
      vertex -290.449 152.369 10
      vertex -290.449 152.369 0
    endloop
  endfacet
  facet normal -0.606449 -0.795122 0
    outer loop
      vertex -289.859 151.919 0
      vertex -289.859 151.919 10
      vertex -290.449 152.369 10
    endloop
  endfacet
  facet normal -0.814487 -0.580182 0
    outer loop
      vertex -289.807 151.846 0
      vertex -289.859 151.919 10
      vertex -289.859 151.919 0
    endloop
  endfacet
  facet normal -0.814487 -0.580182 0
    outer loop
      vertex -289.807 151.846 0
      vertex -289.807 151.846 10
      vertex -289.859 151.919 10
    endloop
  endfacet
  facet normal -0.951494 -0.307669 0
    outer loop
      vertex -289.699 151.512 0
      vertex -289.807 151.846 10
      vertex -289.807 151.846 0
    endloop
  endfacet
  facet normal -0.951494 -0.307669 0
    outer loop
      vertex -289.699 151.512 0
      vertex -289.699 151.512 10
      vertex -289.807 151.846 10
    endloop
  endfacet
  facet normal -0.0698291 -0.997559 0
    outer loop
      vertex -289.099 151.47 0
      vertex -289.699 151.512 10
      vertex -289.699 151.512 0
    endloop
  endfacet
  facet normal -0.0698291 -0.997559 0
    outer loop
      vertex -289.099 151.47 0
      vertex -289.099 151.47 10
      vertex -289.699 151.512 10
    endloop
  endfacet
  facet normal -0.724256 -0.689531 0
    outer loop
      vertex -288.96 151.324 0
      vertex -289.099 151.47 10
      vertex -289.099 151.47 0
    endloop
  endfacet
  facet normal -0.724256 -0.689531 0
    outer loop
      vertex -288.96 151.324 0
      vertex -288.96 151.324 10
      vertex -289.099 151.47 10
    endloop
  endfacet
  facet normal -0.999647 -0.0265848 0
    outer loop
      vertex -288.867 147.827 0
      vertex -288.96 151.324 10
      vertex -288.96 151.324 0
    endloop
  endfacet
  facet normal -0.999647 -0.0265848 0
    outer loop
      vertex -288.867 147.827 0
      vertex -288.867 147.827 10
      vertex -288.96 151.324 10
    endloop
  endfacet
  facet normal 0.908474 -0.417942 0
    outer loop
      vertex -288.677 148.24 0
      vertex -288.867 147.827 10
      vertex -288.867 147.827 0
    endloop
  endfacet
  facet normal 0.908474 -0.417942 0
    outer loop
      vertex -288.677 148.24 0
      vertex -288.677 148.24 10
      vertex -288.867 147.827 10
    endloop
  endfacet
  facet normal 0.994326 -0.10638 0
    outer loop
      vertex -288.579 149.156 0
      vertex -288.677 148.24 10
      vertex -288.677 148.24 0
    endloop
  endfacet
  facet normal 0.994326 -0.10638 0
    outer loop
      vertex -288.579 149.156 0
      vertex -288.579 149.156 10
      vertex -288.677 148.24 10
    endloop
  endfacet
  facet normal 0.743012 -0.669278 0
    outer loop
      vertex -288.461 149.287 0
      vertex -288.579 149.156 10
      vertex -288.579 149.156 0
    endloop
  endfacet
  facet normal 0.743012 -0.669278 0
    outer loop
      vertex -288.461 149.287 0
      vertex -288.461 149.287 10
      vertex -288.579 149.156 10
    endloop
  endfacet
  facet normal -0.461848 -0.886959 0
    outer loop
      vertex -288.292 149.199 0
      vertex -288.461 149.287 10
      vertex -288.461 149.287 0
    endloop
  endfacet
  facet normal -0.461848 -0.886959 0
    outer loop
      vertex -288.292 149.199 0
      vertex -288.292 149.199 10
      vertex -288.461 149.287 10
    endloop
  endfacet
  facet normal -0.920639 -0.390414 0
    outer loop
      vertex -288.144 148.85 0
      vertex -288.292 149.199 10
      vertex -288.292 149.199 0
    endloop
  endfacet
  facet normal -0.920639 -0.390414 0
    outer loop
      vertex -288.144 148.85 0
      vertex -288.144 148.85 10
      vertex -288.292 149.199 10
    endloop
  endfacet
  facet normal 0.269445 -0.963016 0
    outer loop
      vertex -287.951 148.904 0
      vertex -288.144 148.85 10
      vertex -288.144 148.85 0
    endloop
  endfacet
  facet normal 0.269445 -0.963016 0
    outer loop
      vertex -287.951 148.904 0
      vertex -287.951 148.904 10
      vertex -288.144 148.85 10
    endloop
  endfacet
  facet normal -0.344919 -0.938632 0
    outer loop
      vertex -287.785 148.843 0
      vertex -287.951 148.904 10
      vertex -287.951 148.904 0
    endloop
  endfacet
  facet normal -0.344919 -0.938632 0
    outer loop
      vertex -287.785 148.843 0
      vertex -287.785 148.843 10
      vertex -287.951 148.904 10
    endloop
  endfacet
  facet normal -0.999271 -0.0381887 0
    outer loop
      vertex -287.779 148.686 0
      vertex -287.785 148.843 10
      vertex -287.785 148.843 0
    endloop
  endfacet
  facet normal -0.999271 -0.0381887 0
    outer loop
      vertex -287.779 148.686 0
      vertex -287.779 148.686 10
      vertex -287.785 148.843 10
    endloop
  endfacet
  facet normal -0.871553 0.490301 0
    outer loop
      vertex -289.528 145.577 0
      vertex -287.779 148.686 10
      vertex -287.779 148.686 0
    endloop
  endfacet
  facet normal -0.871553 0.490301 0
    outer loop
      vertex -289.528 145.577 0
      vertex -289.528 145.577 10
      vertex -287.779 148.686 10
    endloop
  endfacet
  facet normal -0.980581 0.196116 0
    outer loop
      vertex -289.689 144.772 0
      vertex -289.528 145.577 10
      vertex -289.528 145.577 0
    endloop
  endfacet
  facet normal -0.980581 0.196116 0
    outer loop
      vertex -289.689 144.772 0
      vertex -289.689 144.772 10
      vertex -289.528 145.577 10
    endloop
  endfacet
  facet normal -0.76368 -0.645595 0
    outer loop
      vertex -289.022 143.983 0
      vertex -289.689 144.772 10
      vertex -289.689 144.772 0
    endloop
  endfacet
  facet normal -0.76368 -0.645595 0
    outer loop
      vertex -289.022 143.983 0
      vertex -289.022 143.983 10
      vertex -289.689 144.772 10
    endloop
  endfacet
  facet normal 0.182955 -0.983121 0
    outer loop
      vertex -288.087 144.157 0
      vertex -289.022 143.983 10
      vertex -289.022 143.983 0
    endloop
  endfacet
  facet normal 0.182955 -0.983121 0
    outer loop
      vertex -288.087 144.157 0
      vertex -288.087 144.157 10
      vertex -289.022 143.983 10
    endloop
  endfacet
  facet normal -0.426619 -0.904432 0
    outer loop
      vertex -287.928 144.082 0
      vertex -288.087 144.157 10
      vertex -288.087 144.157 0
    endloop
  endfacet
  facet normal -0.426619 -0.904432 0
    outer loop
      vertex -287.928 144.082 0
      vertex -287.928 144.082 10
      vertex -288.087 144.157 10
    endloop
  endfacet
  facet normal -0.939403 0.342815 0
    outer loop
      vertex -288.005 143.871 0
      vertex -287.928 144.082 10
      vertex -287.928 144.082 0
    endloop
  endfacet
  facet normal -0.939403 0.342815 0
    outer loop
      vertex -288.005 143.871 0
      vertex -288.005 143.871 10
      vertex -287.928 144.082 10
    endloop
  endfacet
  facet normal -0.370103 0.928991 0
    outer loop
      vertex -288.876 143.524 0
      vertex -288.005 143.871 10
      vertex -288.005 143.871 0
    endloop
  endfacet
  facet normal -0.370103 0.928991 0
    outer loop
      vertex -288.876 143.524 0
      vertex -288.876 143.524 10
      vertex -288.005 143.871 10
    endloop
  endfacet
  facet normal -0.924476 0.381241 0
    outer loop
      vertex -289.462 142.103 0
      vertex -288.876 143.524 10
      vertex -288.876 143.524 0
    endloop
  endfacet
  facet normal -0.924476 0.381241 0
    outer loop
      vertex -289.462 142.103 0
      vertex -289.462 142.103 10
      vertex -288.876 143.524 10
    endloop
  endfacet
  facet normal -0.850727 -0.525608 0
    outer loop
      vertex -289.365 141.946 0
      vertex -289.462 142.103 10
      vertex -289.462 142.103 0
    endloop
  endfacet
  facet normal -0.850727 -0.525608 0
    outer loop
      vertex -289.365 141.946 0
      vertex -289.365 141.946 10
      vertex -289.462 142.103 10
    endloop
  endfacet
  facet normal -0.437969 -0.89899 0
    outer loop
      vertex -288.624 141.585 0
      vertex -289.365 141.946 10
      vertex -289.365 141.946 0
    endloop
  endfacet
  facet normal -0.437969 -0.89899 0
    outer loop
      vertex -288.624 141.585 0
      vertex -288.624 141.585 10
      vertex -289.365 141.946 10
    endloop
  endfacet
  facet normal -0.65294 -0.75741 0
    outer loop
      vertex -288.566 141.535 0
      vertex -288.624 141.585 10
      vertex -288.624 141.585 0
    endloop
  endfacet
  facet normal -0.65294 -0.75741 0
    outer loop
      vertex -288.566 141.535 0
      vertex -288.566 141.535 10
      vertex -288.624 141.585 10
    endloop
  endfacet
  facet normal -0.824189 -0.566314 0
    outer loop
      vertex -287.894 140.557 0
      vertex -288.566 141.535 10
      vertex -288.566 141.535 0
    endloop
  endfacet
  facet normal -0.824189 -0.566314 0
    outer loop
      vertex -287.894 140.557 0
      vertex -287.894 140.557 10
      vertex -288.566 141.535 10
    endloop
  endfacet
  facet normal 0.673893 -0.738829 0
    outer loop
      vertex -287.382 141.024 0
      vertex -287.894 140.557 10
      vertex -287.894 140.557 0
    endloop
  endfacet
  facet normal 0.673893 -0.738829 0
    outer loop
      vertex -287.382 141.024 0
      vertex -287.382 141.024 10
      vertex -287.894 140.557 10
    endloop
  endfacet
  facet normal 0.991502 -0.130095 0
    outer loop
      vertex -287.279 141.809 0
      vertex -287.382 141.024 10
      vertex -287.382 141.024 0
    endloop
  endfacet
  facet normal 0.991502 -0.130095 0
    outer loop
      vertex -287.279 141.809 0
      vertex -287.279 141.809 10
      vertex -287.382 141.024 10
    endloop
  endfacet
  facet normal 0.928477 -0.371391 0
    outer loop
      vertex -287.251 141.879 0
      vertex -287.279 141.809 10
      vertex -287.279 141.809 0
    endloop
  endfacet
  facet normal 0.928477 -0.371391 0
    outer loop
      vertex -287.251 141.879 0
      vertex -287.251 141.879 10
      vertex -287.279 141.809 10
    endloop
  endfacet
  facet normal 0.806405 -0.591364 0
    outer loop
      vertex -286.701 142.629 0
      vertex -287.251 141.879 10
      vertex -287.251 141.879 0
    endloop
  endfacet
  facet normal 0.806405 -0.591364 0
    outer loop
      vertex -286.701 142.629 0
      vertex -286.701 142.629 10
      vertex -287.251 141.879 10
    endloop
  endfacet
  facet normal 0.647231 -0.762294 0
    outer loop
      vertex -286.648 142.674 0
      vertex -286.701 142.629 10
      vertex -286.701 142.629 0
    endloop
  endfacet
  facet normal 0.647231 -0.762294 0
    outer loop
      vertex -286.648 142.674 0
      vertex -286.648 142.674 10
      vertex -286.701 142.629 10
    endloop
  endfacet
  facet normal 0.453457 -0.891278 0
    outer loop
      vertex -286.078 142.964 0
      vertex -286.648 142.674 10
      vertex -286.648 142.674 0
    endloop
  endfacet
  facet normal 0.453457 -0.891278 0
    outer loop
      vertex -286.078 142.964 0
      vertex -286.078 142.964 10
      vertex -286.648 142.674 10
    endloop
  endfacet
  facet normal -0.0410612 -0.999157 0
    outer loop
      vertex -285.932 142.958 0
      vertex -286.078 142.964 10
      vertex -286.078 142.964 0
    endloop
  endfacet
  facet normal -0.0410612 -0.999157 0
    outer loop
      vertex -285.932 142.958 0
      vertex -285.932 142.958 10
      vertex -286.078 142.964 10
    endloop
  endfacet
  facet normal -0.517803 -0.8555 0
    outer loop
      vertex -285.552 142.728 0
      vertex -285.932 142.958 10
      vertex -285.932 142.958 0
    endloop
  endfacet
  facet normal -0.517803 -0.8555 0
    outer loop
      vertex -285.552 142.728 0
      vertex -285.552 142.728 10
      vertex -285.932 142.958 10
    endloop
  endfacet
  facet normal -0.922063 -0.387039 0
    outer loop
      vertex -285.484 142.566 0
      vertex -285.552 142.728 10
      vertex -285.552 142.728 0
    endloop
  endfacet
  facet normal -0.922063 -0.387039 0
    outer loop
      vertex -285.484 142.566 0
      vertex -285.484 142.566 10
      vertex -285.552 142.728 10
    endloop
  endfacet
  facet normal -0.84916 0.528136 0
    outer loop
      vertex -285.535 142.484 0
      vertex -285.484 142.566 10
      vertex -285.484 142.566 0
    endloop
  endfacet
  facet normal -0.84916 0.528136 0
    outer loop
      vertex -285.535 142.484 0
      vertex -285.535 142.484 10
      vertex -285.484 142.566 10
    endloop
  endfacet
  facet normal -0.636515 0.771264 0
    outer loop
      vertex -285.97 142.125 0
      vertex -285.535 142.484 10
      vertex -285.535 142.484 0
    endloop
  endfacet
  facet normal -0.636515 0.771264 0
    outer loop
      vertex -285.97 142.125 0
      vertex -285.97 142.125 10
      vertex -285.535 142.484 10
    endloop
  endfacet
  facet normal -0.967118 -0.254329 0
    outer loop
      vertex -285.818 141.547 0
      vertex -285.97 142.125 10
      vertex -285.97 142.125 0
    endloop
  endfacet
  facet normal -0.967118 -0.254329 0
    outer loop
      vertex -285.818 141.547 0
      vertex -285.818 141.547 10
      vertex -285.97 142.125 10
    endloop
  endfacet
  facet normal -0.615644 -0.788024 0
    outer loop
      vertex -285.53 141.322 0
      vertex -285.818 141.547 10
      vertex -285.818 141.547 0
    endloop
  endfacet
  facet normal -0.615644 -0.788024 0
    outer loop
      vertex -285.53 141.322 0
      vertex -285.53 141.322 10
      vertex -285.818 141.547 10
    endloop
  endfacet
  facet normal 0.0287421 -0.999587 0
    outer loop
      vertex -284.904 141.34 0
      vertex -285.53 141.322 10
      vertex -285.53 141.322 0
    endloop
  endfacet
  facet normal 0.0287421 -0.999587 0
    outer loop
      vertex -284.904 141.34 0
      vertex -284.904 141.34 10
      vertex -285.53 141.322 10
    endloop
  endfacet
  facet normal -0.420009 -0.90752 0
    outer loop
      vertex -284.783 141.284 0
      vertex -284.904 141.34 10
      vertex -284.904 141.34 0
    endloop
  endfacet
  facet normal -0.420009 -0.90752 0
    outer loop
      vertex -284.783 141.284 0
      vertex -284.783 141.284 10
      vertex -284.904 141.34 10
    endloop
  endfacet
  facet normal -0.778891 -0.627159 0
    outer loop
      vertex -284.163 140.514 0
      vertex -284.783 141.284 10
      vertex -284.783 141.284 0
    endloop
  endfacet
  facet normal -0.778891 -0.627159 0
    outer loop
      vertex -284.163 140.514 0
      vertex -284.163 140.514 10
      vertex -284.783 141.284 10
    endloop
  endfacet
  facet normal -0.998695 -0.0510696 0
    outer loop
      vertex -284.154 140.338 0
      vertex -284.163 140.514 10
      vertex -284.163 140.514 0
    endloop
  endfacet
  facet normal -0.998695 -0.0510696 0
    outer loop
      vertex -284.154 140.338 0
      vertex -284.154 140.338 10
      vertex -284.163 140.514 10
    endloop
  endfacet
  facet normal -0.0667961 0.997767 0
    outer loop
      vertex -284.393 140.322 0
      vertex -284.154 140.338 10
      vertex -284.154 140.338 0
    endloop
  endfacet
  facet normal -0.0667961 0.997767 0
    outer loop
      vertex -284.393 140.322 0
      vertex -284.393 140.322 10
      vertex -284.154 140.338 10
    endloop
  endfacet
  facet normal 0.754638 0.656141 0
    outer loop
      vertex -284.826 140.82 0
      vertex -284.393 140.322 10
      vertex -284.393 140.322 0
    endloop
  endfacet
  facet normal 0.754638 0.656141 -0
    outer loop
      vertex -284.826 140.82 0
      vertex -284.826 140.82 10
      vertex -284.393 140.322 10
    endloop
  endfacet
  facet normal 0.303682 0.952773 0
    outer loop
      vertex -285.237 140.951 0
      vertex -284.826 140.82 10
      vertex -284.826 140.82 0
    endloop
  endfacet
  facet normal 0.303682 0.952773 -0
    outer loop
      vertex -285.237 140.951 0
      vertex -285.237 140.951 10
      vertex -284.826 140.82 10
    endloop
  endfacet
  facet normal -0.343414 0.939184 0
    outer loop
      vertex -285.598 140.819 0
      vertex -285.237 140.951 10
      vertex -285.237 140.951 0
    endloop
  endfacet
  facet normal -0.343414 0.939184 0
    outer loop
      vertex -285.598 140.819 0
      vertex -285.598 140.819 10
      vertex -285.237 140.951 10
    endloop
  endfacet
  facet normal 0.112071 0.9937 0
    outer loop
      vertex -285.731 140.834 0
      vertex -285.598 140.819 10
      vertex -285.598 140.819 0
    endloop
  endfacet
  facet normal 0.112071 0.9937 -0
    outer loop
      vertex -285.731 140.834 0
      vertex -285.731 140.834 10
      vertex -285.598 140.819 10
    endloop
  endfacet
  facet normal 0.540232 0.841516 0
    outer loop
      vertex -286.541 141.354 0
      vertex -285.731 140.834 10
      vertex -285.731 140.834 0
    endloop
  endfacet
  facet normal 0.540232 0.841516 -0
    outer loop
      vertex -286.541 141.354 0
      vertex -286.541 141.354 10
      vertex -285.731 140.834 10
    endloop
  endfacet
  facet normal 0.92564 0.378406 0
    outer loop
      vertex -286.606 141.513 0
      vertex -286.541 141.354 10
      vertex -286.541 141.354 0
    endloop
  endfacet
  facet normal 0.92564 0.378406 -0
    outer loop
      vertex -286.606 141.513 0
      vertex -286.606 141.513 10
      vertex -286.541 141.354 10
    endloop
  endfacet
  facet normal 0.976461 -0.215696 0
    outer loop
      vertex -286.532 141.848 0
      vertex -286.606 141.513 10
      vertex -286.606 141.513 0
    endloop
  endfacet
  facet normal 0.976461 -0.215696 0
    outer loop
      vertex -286.532 141.848 0
      vertex -286.532 141.848 10
      vertex -286.606 141.513 10
    endloop
  endfacet
  facet normal -0.105294 0.994441 0
    outer loop
      vertex -286.617 141.839 0
      vertex -286.532 141.848 10
      vertex -286.532 141.848 0
    endloop
  endfacet
  facet normal -0.105294 0.994441 0
    outer loop
      vertex -286.617 141.839 0
      vertex -286.617 141.839 10
      vertex -286.532 141.848 10
    endloop
  endfacet
  facet normal -0.869813 0.493381 0
    outer loop
      vertex -286.887 141.363 0
      vertex -286.617 141.839 10
      vertex -286.617 141.839 0
    endloop
  endfacet
  facet normal -0.869813 0.493381 0
    outer loop
      vertex -286.887 141.363 0
      vertex -286.887 141.363 10
      vertex -286.617 141.839 10
    endloop
  endfacet
  facet normal -0.951709 -0.307003 0
    outer loop
      vertex -286.727 140.867 0
      vertex -286.887 141.363 10
      vertex -286.887 141.363 0
    endloop
  endfacet
  facet normal -0.951709 -0.307003 0
    outer loop
      vertex -286.727 140.867 0
      vertex -286.727 140.867 10
      vertex -286.887 141.363 10
    endloop
  endfacet
  facet normal -0.431951 -0.901897 0
    outer loop
      vertex -285.825 140.435 0
      vertex -286.727 140.867 10
      vertex -286.727 140.867 0
    endloop
  endfacet
  facet normal -0.431951 -0.901897 0
    outer loop
      vertex -285.825 140.435 0
      vertex -285.825 140.435 10
      vertex -286.727 140.867 10
    endloop
  endfacet
  facet normal -0.634739 -0.772726 0
    outer loop
      vertex -285.769 140.389 0
      vertex -285.825 140.435 10
      vertex -285.825 140.435 0
    endloop
  endfacet
  facet normal -0.634739 -0.772726 0
    outer loop
      vertex -285.769 140.389 0
      vertex -285.769 140.389 10
      vertex -285.825 140.435 10
    endloop
  endfacet
  facet normal -0.805056 -0.593199 0
    outer loop
      vertex -285.489 140.009 0
      vertex -285.769 140.389 10
      vertex -285.769 140.389 0
    endloop
  endfacet
  facet normal -0.805056 -0.593199 0
    outer loop
      vertex -285.489 140.009 0
      vertex -285.489 140.009 10
      vertex -285.769 140.389 10
    endloop
  endfacet
  facet normal -0.894427 -0.447214 0
    outer loop
      vertex -285.466 139.963 0
      vertex -285.489 140.009 10
      vertex -285.489 140.009 0
    endloop
  endfacet
  facet normal -0.894427 -0.447214 0
    outer loop
      vertex -285.466 139.963 0
      vertex -285.466 139.963 10
      vertex -285.489 140.009 10
    endloop
  endfacet
  facet normal -0.957323 -0.289021 0
    outer loop
      vertex -285.165 138.966 0
      vertex -285.466 139.963 10
      vertex -285.466 139.963 0
    endloop
  endfacet
  facet normal -0.957323 -0.289021 0
    outer loop
      vertex -285.165 138.966 0
      vertex -285.165 138.966 10
      vertex -285.466 139.963 10
    endloop
  endfacet
  facet normal 0.405047 -0.914296 0
    outer loop
      vertex -284.621 139.207 0
      vertex -285.165 138.966 10
      vertex -285.165 138.966 0
    endloop
  endfacet
  facet normal 0.405047 -0.914296 0
    outer loop
      vertex -284.621 139.207 0
      vertex -284.621 139.207 10
      vertex -285.165 138.966 10
    endloop
  endfacet
  facet normal -0.209143 -0.977885 0
    outer loop
      vertex -284.448 139.17 0
      vertex -284.621 139.207 10
      vertex -284.621 139.207 0
    endloop
  endfacet
  facet normal -0.209143 -0.977885 0
    outer loop
      vertex -284.448 139.17 0
      vertex -284.448 139.17 10
      vertex -284.621 139.207 10
    endloop
  endfacet
  facet normal -0.970143 -0.242536 0
    outer loop
      vertex -284.414 139.034 0
      vertex -284.448 139.17 10
      vertex -284.448 139.17 0
    endloop
  endfacet
  facet normal -0.970143 -0.242536 0
    outer loop
      vertex -284.414 139.034 0
      vertex -284.414 139.034 10
      vertex -284.448 139.17 10
    endloop
  endfacet
  facet normal -0.971431 0.23732 0
    outer loop
      vertex -284.789 137.499 0
      vertex -284.414 139.034 10
      vertex -284.414 139.034 0
    endloop
  endfacet
  facet normal -0.971431 0.23732 0
    outer loop
      vertex -284.789 137.499 0
      vertex -284.789 137.499 10
      vertex -284.414 139.034 10
    endloop
  endfacet
  facet normal 0.670913 -0.741536 0
    outer loop
      vertex -284.411 137.841 0
      vertex -284.789 137.499 10
      vertex -284.789 137.499 0
    endloop
  endfacet
  facet normal 0.670913 -0.741536 0
    outer loop
      vertex -284.411 137.841 0
      vertex -284.411 137.841 10
      vertex -284.789 137.499 10
    endloop
  endfacet
  facet normal 0.107331 -0.994223 0
    outer loop
      vertex -284.235 137.86 0
      vertex -284.411 137.841 10
      vertex -284.411 137.841 0
    endloop
  endfacet
  facet normal 0.107331 -0.994223 0
    outer loop
      vertex -284.235 137.86 0
      vertex -284.235 137.86 10
      vertex -284.411 137.841 10
    endloop
  endfacet
  facet normal -0.978645 -0.20556 0
    outer loop
      vertex -284.189 137.641 0
      vertex -284.235 137.86 10
      vertex -284.235 137.86 0
    endloop
  endfacet
  facet normal -0.978645 -0.20556 0
    outer loop
      vertex -284.189 137.641 0
      vertex -284.189 137.641 10
      vertex -284.235 137.86 10
    endloop
  endfacet
  facet normal -0.805193 0.593013 0
    outer loop
      vertex -284.407 137.345 0
      vertex -284.189 137.641 10
      vertex -284.189 137.641 0
    endloop
  endfacet
  facet normal -0.805193 0.593013 0
    outer loop
      vertex -284.407 137.345 0
      vertex -284.407 137.345 10
      vertex -284.189 137.641 10
    endloop
  endfacet
  facet normal -0.998088 -0.0618082 0
    outer loop
      vertex -284.38 136.909 0
      vertex -284.407 137.345 10
      vertex -284.407 137.345 0
    endloop
  endfacet
  facet normal -0.998088 -0.0618082 0
    outer loop
      vertex -284.38 136.909 0
      vertex -284.38 136.909 10
      vertex -284.407 137.345 10
    endloop
  endfacet
  facet normal -0.915315 0.402739 0
    outer loop
      vertex -284.435 136.784 0
      vertex -284.38 136.909 10
      vertex -284.38 136.909 0
    endloop
  endfacet
  facet normal -0.915315 0.402739 0
    outer loop
      vertex -284.435 136.784 0
      vertex -284.435 136.784 10
      vertex -284.38 136.909 10
    endloop
  endfacet
  facet normal -0.632696 0.7744 0
    outer loop
      vertex -285.058 136.275 0
      vertex -284.435 136.784 10
      vertex -284.435 136.784 0
    endloop
  endfacet
  facet normal -0.632696 0.7744 0
    outer loop
      vertex -285.058 136.275 0
      vertex -285.058 136.275 10
      vertex -284.435 136.784 10
    endloop
  endfacet
  facet normal -0.918818 -0.394681 0
    outer loop
      vertex -284.683 135.402 0
      vertex -285.058 136.275 10
      vertex -285.058 136.275 0
    endloop
  endfacet
  facet normal -0.918818 -0.394681 0
    outer loop
      vertex -284.683 135.402 0
      vertex -284.683 135.402 10
      vertex -285.058 136.275 10
    endloop
  endfacet
  facet normal 0.94291 -0.333046 0
    outer loop
      vertex -284.221 136.71 0
      vertex -284.683 135.402 10
      vertex -284.683 135.402 0
    endloop
  endfacet
  facet normal 0.94291 -0.333046 0
    outer loop
      vertex -284.221 136.71 0
      vertex -284.221 136.71 10
      vertex -284.683 135.402 10
    endloop
  endfacet
  facet normal 0.765891 -0.64297 0
    outer loop
      vertex -284.153 136.791 0
      vertex -284.221 136.71 10
      vertex -284.221 136.71 0
    endloop
  endfacet
  facet normal 0.765891 -0.64297 0
    outer loop
      vertex -284.153 136.791 0
      vertex -284.153 136.791 10
      vertex -284.221 136.71 10
    endloop
  endfacet
  facet normal 0.486842 -0.87349 0
    outer loop
      vertex -283.473 137.17 0
      vertex -284.153 136.791 10
      vertex -284.153 136.791 0
    endloop
  endfacet
  facet normal 0.486842 -0.87349 0
    outer loop
      vertex -283.473 137.17 0
      vertex -283.473 137.17 10
      vertex -284.153 136.791 10
    endloop
  endfacet
  facet normal 0.727172 -0.686456 0
    outer loop
      vertex -282.512 138.188 0
      vertex -283.473 137.17 10
      vertex -283.473 137.17 0
    endloop
  endfacet
  facet normal 0.727172 -0.686456 0
    outer loop
      vertex -282.512 138.188 0
      vertex -282.512 138.188 10
      vertex -283.473 137.17 10
    endloop
  endfacet
  facet normal 0.989797 -0.142482 0
    outer loop
      vertex -282.418 138.841 0
      vertex -282.512 138.188 10
      vertex -282.512 138.188 0
    endloop
  endfacet
  facet normal 0.989797 -0.142482 0
    outer loop
      vertex -282.418 138.841 0
      vertex -282.418 138.841 10
      vertex -282.512 138.188 10
    endloop
  endfacet
  facet normal 0.72116 -0.692768 0
    outer loop
      vertex -282.296 138.968 0
      vertex -282.418 138.841 10
      vertex -282.418 138.841 0
    endloop
  endfacet
  facet normal 0.72116 -0.692768 0
    outer loop
      vertex -282.296 138.968 0
      vertex -282.296 138.968 10
      vertex -282.418 138.841 10
    endloop
  endfacet
  facet normal -0.506117 -0.862465 0
    outer loop
      vertex -282.129 138.87 0
      vertex -282.296 138.968 10
      vertex -282.296 138.968 0
    endloop
  endfacet
  facet normal -0.506117 -0.862465 0
    outer loop
      vertex -282.129 138.87 0
      vertex -282.129 138.87 10
      vertex -282.296 138.968 10
    endloop
  endfacet
  facet normal -0.942215 -0.33501 0
    outer loop
      vertex -281.969 138.42 0
      vertex -282.129 138.87 10
      vertex -282.129 138.87 0
    endloop
  endfacet
  facet normal -0.942215 -0.33501 0
    outer loop
      vertex -281.969 138.42 0
      vertex -281.969 138.42 10
      vertex -282.129 138.87 10
    endloop
  endfacet
  facet normal -0.996764 0.0803842 0
    outer loop
      vertex -281.979 138.296 0
      vertex -281.969 138.42 10
      vertex -281.969 138.42 0
    endloop
  endfacet
  facet normal -0.996764 0.0803842 0
    outer loop
      vertex -281.979 138.296 0
      vertex -281.979 138.296 10
      vertex -281.969 138.42 10
    endloop
  endfacet
  facet normal -0.87123 0.490876 0
    outer loop
      vertex -282.472 137.421 0
      vertex -281.979 138.296 10
      vertex -281.979 138.296 0
    endloop
  endfacet
  facet normal -0.87123 0.490876 0
    outer loop
      vertex -282.472 137.421 0
      vertex -282.472 137.421 10
      vertex -281.979 138.296 10
    endloop
  endfacet
  facet normal -0.805219 -0.592977 0
    outer loop
      vertex -281.469 136.059 0
      vertex -282.472 137.421 10
      vertex -282.472 137.421 0
    endloop
  endfacet
  facet normal -0.805219 -0.592977 0
    outer loop
      vertex -281.469 136.059 0
      vertex -281.469 136.059 10
      vertex -282.472 137.421 10
    endloop
  endfacet
  facet normal -0.999984 -0.00568173 0
    outer loop
      vertex -281.468 135.883 0
      vertex -281.469 136.059 10
      vertex -281.469 136.059 0
    endloop
  endfacet
  facet normal -0.999984 -0.00568173 0
    outer loop
      vertex -281.468 135.883 0
      vertex -281.468 135.883 10
      vertex -281.469 136.059 10
    endloop
  endfacet
  facet normal -0.073712 0.99728 0
    outer loop
      vertex -281.698 135.866 0
      vertex -281.468 135.883 10
      vertex -281.468 135.883 0
    endloop
  endfacet
  facet normal -0.073712 0.99728 0
    outer loop
      vertex -281.698 135.866 0
      vertex -281.698 135.866 10
      vertex -281.468 135.883 10
    endloop
  endfacet
  facet normal 0.718839 0.695176 0
    outer loop
      vertex -282.785 136.99 0
      vertex -281.698 135.866 10
      vertex -281.698 135.866 0
    endloop
  endfacet
  facet normal 0.718839 0.695176 -0
    outer loop
      vertex -282.785 136.99 0
      vertex -282.785 136.99 10
      vertex -281.698 135.866 10
    endloop
  endfacet
  facet normal -0.515673 0.856786 0
    outer loop
      vertex -283.855 136.346 0
      vertex -282.785 136.99 10
      vertex -282.785 136.99 0
    endloop
  endfacet
  facet normal -0.515673 0.856786 0
    outer loop
      vertex -283.855 136.346 0
      vertex -283.855 136.346 10
      vertex -282.785 136.99 10
    endloop
  endfacet
  facet normal -0.982123 0.18824 0
    outer loop
      vertex -283.947 135.866 0
      vertex -283.855 136.346 10
      vertex -283.855 136.346 0
    endloop
  endfacet
  facet normal -0.982123 0.18824 0
    outer loop
      vertex -283.947 135.866 0
      vertex -283.947 135.866 10
      vertex -283.855 136.346 10
    endloop
  endfacet
  facet normal 0.0391856 -0.999232 0
    outer loop
      vertex -283.845 135.87 0
      vertex -283.947 135.866 10
      vertex -283.947 135.866 0
    endloop
  endfacet
  facet normal 0.0391856 -0.999232 0
    outer loop
      vertex -283.845 135.87 0
      vertex -283.845 135.87 10
      vertex -283.947 135.866 10
    endloop
  endfacet
  facet normal -0.561224 -0.827664 0
    outer loop
      vertex -283.699 135.771 0
      vertex -283.845 135.87 10
      vertex -283.845 135.87 0
    endloop
  endfacet
  facet normal -0.561224 -0.827664 0
    outer loop
      vertex -283.699 135.771 0
      vertex -283.699 135.771 10
      vertex -283.845 135.87 10
    endloop
  endfacet
  facet normal -0.999822 0.0188646 0
    outer loop
      vertex -283.701 135.665 0
      vertex -283.699 135.771 10
      vertex -283.699 135.771 0
    endloop
  endfacet
  facet normal -0.999822 0.0188646 0
    outer loop
      vertex -283.701 135.665 0
      vertex -283.701 135.665 10
      vertex -283.699 135.771 10
    endloop
  endfacet
  facet normal -0.929788 0.368094 0
    outer loop
      vertex -283.99 134.935 0
      vertex -283.701 135.665 10
      vertex -283.701 135.665 0
    endloop
  endfacet
  facet normal -0.929788 0.368094 0
    outer loop
      vertex -283.99 134.935 0
      vertex -283.99 134.935 10
      vertex -283.701 135.665 10
    endloop
  endfacet
  facet normal -0.948683 -0.316228 0
    outer loop
      vertex -283.741 134.188 0
      vertex -283.99 134.935 10
      vertex -283.99 134.935 0
    endloop
  endfacet
  facet normal -0.948683 -0.316228 0
    outer loop
      vertex -283.741 134.188 0
      vertex -283.741 134.188 10
      vertex -283.99 134.935 10
    endloop
  endfacet
  facet normal 0.680913 -0.732364 0
    outer loop
      vertex -283.072 134.81 0
      vertex -283.741 134.188 10
      vertex -283.741 134.188 0
    endloop
  endfacet
  facet normal 0.680913 -0.732364 0
    outer loop
      vertex -283.072 134.81 0
      vertex -283.072 134.81 10
      vertex -283.741 134.188 10
    endloop
  endfacet
  facet normal 0.358979 -0.933346 0
    outer loop
      vertex -282.968 134.85 0
      vertex -283.072 134.81 10
      vertex -283.072 134.81 0
    endloop
  endfacet
  facet normal 0.358979 -0.933346 0
    outer loop
      vertex -282.968 134.85 0
      vertex -282.968 134.85 10
      vertex -283.072 134.81 10
    endloop
  endfacet
  facet normal -0.0139846 -0.999902 0
    outer loop
      vertex -281.538 134.83 0
      vertex -282.968 134.85 10
      vertex -282.968 134.85 0
    endloop
  endfacet
  facet normal -0.0139846 -0.999902 0
    outer loop
      vertex -281.538 134.83 0
      vertex -281.538 134.83 10
      vertex -282.968 134.85 10
    endloop
  endfacet
  facet normal -0.600907 -0.799319 0
    outer loop
      vertex -281.397 134.724 0
      vertex -281.538 134.83 10
      vertex -281.538 134.83 0
    endloop
  endfacet
  facet normal -0.600907 -0.799319 0
    outer loop
      vertex -281.397 134.724 0
      vertex -281.397 134.724 10
      vertex -281.538 134.83 10
    endloop
  endfacet
  facet normal -0.86263 0.505835 0
    outer loop
      vertex -281.509 134.533 0
      vertex -281.397 134.724 10
      vertex -281.397 134.724 0
    endloop
  endfacet
  facet normal -0.86263 0.505835 0
    outer loop
      vertex -281.509 134.533 0
      vertex -281.509 134.533 10
      vertex -281.397 134.724 10
    endloop
  endfacet
  facet normal -0.206679 0.978409 0
    outer loop
      vertex -283.057 134.206 0
      vertex -281.509 134.533 10
      vertex -281.509 134.533 0
    endloop
  endfacet
  facet normal -0.206679 0.978409 0
    outer loop
      vertex -283.057 134.206 0
      vertex -283.057 134.206 10
      vertex -281.509 134.533 10
    endloop
  endfacet
  facet normal -0.842808 0.538214 0
    outer loop
      vertex -283.603 133.351 0
      vertex -283.057 134.206 10
      vertex -283.057 134.206 0
    endloop
  endfacet
  facet normal -0.842808 0.538214 0
    outer loop
      vertex -283.603 133.351 0
      vertex -283.603 133.351 10
      vertex -283.057 134.206 10
    endloop
  endfacet
  facet normal -0.997388 0.0722247 0
    outer loop
      vertex -283.645 132.771 0
      vertex -283.603 133.351 10
      vertex -283.603 133.351 0
    endloop
  endfacet
  facet normal -0.997388 0.0722247 0
    outer loop
      vertex -283.645 132.771 0
      vertex -283.645 132.771 10
      vertex -283.603 133.351 10
    endloop
  endfacet
  facet normal -0.678496 -0.734604 0
    outer loop
      vertex -282.938 132.118 0
      vertex -283.645 132.771 10
      vertex -283.645 132.771 0
    endloop
  endfacet
  facet normal -0.678496 -0.734604 0
    outer loop
      vertex -282.938 132.118 0
      vertex -282.938 132.118 10
      vertex -283.645 132.771 10
    endloop
  endfacet
  facet normal -0.385806 -0.92258 0
    outer loop
      vertex -282.333 131.865 0
      vertex -282.938 132.118 10
      vertex -282.938 132.118 0
    endloop
  endfacet
  facet normal -0.385806 -0.92258 0
    outer loop
      vertex -282.333 131.865 0
      vertex -282.333 131.865 10
      vertex -282.938 132.118 10
    endloop
  endfacet
  facet normal 0.176077 -0.984376 0
    outer loop
      vertex -281.5 132.014 0
      vertex -282.333 131.865 10
      vertex -282.333 131.865 0
    endloop
  endfacet
  facet normal 0.176077 -0.984376 0
    outer loop
      vertex -281.5 132.014 0
      vertex -281.5 132.014 10
      vertex -282.333 131.865 10
    endloop
  endfacet
  facet normal 0.89484 -0.446387 0
    outer loop
      vertex -281.284 132.447 0
      vertex -281.5 132.014 10
      vertex -281.5 132.014 0
    endloop
  endfacet
  facet normal 0.89484 -0.446387 0
    outer loop
      vertex -281.284 132.447 0
      vertex -281.284 132.447 10
      vertex -281.5 132.014 10
    endloop
  endfacet
  facet normal 0.460815 -0.887496 0
    outer loop
      vertex -281.128 132.528 0
      vertex -281.284 132.447 10
      vertex -281.284 132.447 0
    endloop
  endfacet
  facet normal 0.460815 -0.887496 0
    outer loop
      vertex -281.128 132.528 0
      vertex -281.128 132.528 10
      vertex -281.284 132.447 10
    endloop
  endfacet
  facet normal -0.760687 -0.649119 0
    outer loop
      vertex -281 132.378 0
      vertex -281.128 132.528 10
      vertex -281.128 132.528 0
    endloop
  endfacet
  facet normal -0.760687 -0.649119 0
    outer loop
      vertex -281 132.378 0
      vertex -281 132.378 10
      vertex -281.128 132.528 10
    endloop
  endfacet
  facet normal -0.999898 0.0142843 0
    outer loop
      vertex -281.008 131.818 0
      vertex -281 132.378 10
      vertex -281 132.378 0
    endloop
  endfacet
  facet normal -0.999898 0.0142843 0
    outer loop
      vertex -281.008 131.818 0
      vertex -281.008 131.818 10
      vertex -281 132.378 10
    endloop
  endfacet
  facet normal -0.320015 -0.947413 0
    outer loop
      vertex -280.783 131.742 0
      vertex -281.008 131.818 10
      vertex -281.008 131.818 0
    endloop
  endfacet
  facet normal -0.320015 -0.947413 0
    outer loop
      vertex -280.783 131.742 0
      vertex -280.783 131.742 10
      vertex -281.008 131.818 10
    endloop
  endfacet
  facet normal -0.932005 -0.362446 0
    outer loop
      vertex -280.699 131.526 0
      vertex -280.783 131.742 10
      vertex -280.783 131.742 0
    endloop
  endfacet
  facet normal -0.932005 -0.362446 0
    outer loop
      vertex -280.699 131.526 0
      vertex -280.699 131.526 10
      vertex -280.783 131.742 10
    endloop
  endfacet
  facet normal -0.870668 0.491871 0
    outer loop
      vertex -280.873 131.218 0
      vertex -280.699 131.526 10
      vertex -280.699 131.526 0
    endloop
  endfacet
  facet normal -0.870668 0.491871 0
    outer loop
      vertex -280.873 131.218 0
      vertex -280.873 131.218 10
      vertex -280.699 131.526 10
    endloop
  endfacet
  facet normal 0.066951 -0.997756 0
    outer loop
      vertex -279.8 131.29 0
      vertex -280.873 131.218 10
      vertex -280.873 131.218 0
    endloop
  endfacet
  facet normal 0.066951 -0.997756 0
    outer loop
      vertex -279.8 131.29 0
      vertex -279.8 131.29 10
      vertex -280.873 131.218 10
    endloop
  endfacet
  facet normal -0.533566 -0.845759 0
    outer loop
      vertex -279.651 131.196 0
      vertex -279.8 131.29 10
      vertex -279.8 131.29 0
    endloop
  endfacet
  facet normal -0.533566 -0.845759 0
    outer loop
      vertex -279.651 131.196 0
      vertex -279.651 131.196 10
      vertex -279.8 131.29 10
    endloop
  endfacet
  facet normal -0.90863 0.417603 0
    outer loop
      vertex -279.742 130.998 0
      vertex -279.651 131.196 10
      vertex -279.651 131.196 0
    endloop
  endfacet
  facet normal -0.90863 0.417603 0
    outer loop
      vertex -279.742 130.998 0
      vertex -279.742 130.998 10
      vertex -279.651 131.196 10
    endloop
  endfacet
  facet normal -0.323577 0.946202 0
    outer loop
      vertex -280.745 130.655 0
      vertex -279.742 130.998 10
      vertex -279.742 130.998 0
    endloop
  endfacet
  facet normal -0.323577 0.946202 0
    outer loop
      vertex -280.745 130.655 0
      vertex -280.745 130.655 10
      vertex -279.742 130.998 10
    endloop
  endfacet
  facet normal -0.170144 -0.985419 0
    outer loop
      vertex -280.189 130.559 0
      vertex -280.745 130.655 10
      vertex -280.745 130.655 0
    endloop
  endfacet
  facet normal -0.170144 -0.985419 0
    outer loop
      vertex -280.189 130.559 0
      vertex -280.189 130.559 10
      vertex -280.745 130.655 10
    endloop
  endfacet
  facet normal -0.108831 -0.99406 0
    outer loop
      vertex -279.303 130.462 0
      vertex -280.189 130.559 10
      vertex -280.189 130.559 0
    endloop
  endfacet
  facet normal -0.108831 -0.99406 0
    outer loop
      vertex -279.303 130.462 0
      vertex -279.303 130.462 10
      vertex -280.189 130.559 10
    endloop
  endfacet
  facet normal 0.945773 -0.324829 0
    outer loop
      vertex -279.122 130.989 0
      vertex -279.303 130.462 10
      vertex -279.303 130.462 0
    endloop
  endfacet
  facet normal 0.945773 -0.324829 0
    outer loop
      vertex -279.122 130.989 0
      vertex -279.122 130.989 10
      vertex -279.303 130.462 10
    endloop
  endfacet
  facet normal 0.571562 -0.820559 0
    outer loop
      vertex -278.977 131.09 0
      vertex -279.122 130.989 10
      vertex -279.122 130.989 0
    endloop
  endfacet
  facet normal 0.571562 -0.820559 0
    outer loop
      vertex -278.977 131.09 0
      vertex -278.977 131.09 10
      vertex -279.122 130.989 10
    endloop
  endfacet
  facet normal -0.619286 -0.785166 0
    outer loop
      vertex -278.835 130.978 0
      vertex -278.977 131.09 10
      vertex -278.977 131.09 0
    endloop
  endfacet
  facet normal -0.619286 -0.785166 0
    outer loop
      vertex -278.835 130.978 0
      vertex -278.835 130.978 10
      vertex -278.977 131.09 10
    endloop
  endfacet
  facet normal -0.967013 -0.254725 0
    outer loop
      vertex -278.727 130.568 0
      vertex -278.835 130.978 10
      vertex -278.835 130.978 0
    endloop
  endfacet
  facet normal -0.967013 -0.254725 0
    outer loop
      vertex -278.727 130.568 0
      vertex -278.727 130.568 10
      vertex -278.835 130.978 10
    endloop
  endfacet
  facet normal 0.0634313 -0.997986 0
    outer loop
      vertex -278.019 130.613 0
      vertex -278.727 130.568 10
      vertex -278.727 130.568 0
    endloop
  endfacet
  facet normal 0.0634313 -0.997986 0
    outer loop
      vertex -278.019 130.613 0
      vertex -278.019 130.613 10
      vertex -278.727 130.568 10
    endloop
  endfacet
  facet normal 0.944136 -0.329557 0
    outer loop
      vertex -277.612 131.779 0
      vertex -278.019 130.613 10
      vertex -278.019 130.613 0
    endloop
  endfacet
  facet normal 0.944136 -0.329557 0
    outer loop
      vertex -277.612 131.779 0
      vertex -277.612 131.779 10
      vertex -278.019 130.613 10
    endloop
  endfacet
  facet normal 0.571562 -0.820559 0
    outer loop
      vertex -277.467 131.88 0
      vertex -277.612 131.779 10
      vertex -277.612 131.779 0
    endloop
  endfacet
  facet normal 0.571562 -0.820559 0
    outer loop
      vertex -277.467 131.88 0
      vertex -277.467 131.88 10
      vertex -277.612 131.779 10
    endloop
  endfacet
  facet normal -0.714213 -0.699929 0
    outer loop
      vertex -277.32 131.73 0
      vertex -277.467 131.88 10
      vertex -277.467 131.88 0
    endloop
  endfacet
  facet normal -0.714213 -0.699929 0
    outer loop
      vertex -277.32 131.73 0
      vertex -277.32 131.73 10
      vertex -277.467 131.88 10
    endloop
  endfacet
  facet normal -1 0 0
    outer loop
      vertex -277.32 130.9 0
      vertex -277.32 131.73 10
      vertex -277.32 131.73 0
    endloop
  endfacet
  facet normal -1 0 0
    outer loop
      vertex -277.32 130.9 0
      vertex -277.32 130.9 10
      vertex -277.32 131.73 10
    endloop
  endfacet
  facet normal -0.968583 0.24869 0
    outer loop
      vertex -277.339 130.826 0
      vertex -277.32 130.9 10
      vertex -277.32 130.9 0
    endloop
  endfacet
  facet normal -0.968583 0.24869 0
    outer loop
      vertex -277.339 130.826 0
      vertex -277.339 130.826 10
      vertex -277.32 130.9 10
    endloop
  endfacet
  facet normal -0.870166 0.492759 0
    outer loop
      vertex -277.732 130.132 0
      vertex -277.339 130.826 10
      vertex -277.339 130.826 0
    endloop
  endfacet
  facet normal -0.870166 0.492759 0
    outer loop
      vertex -277.732 130.132 0
      vertex -277.732 130.132 10
      vertex -277.339 130.826 10
    endloop
  endfacet
  facet normal -0.91572 -0.401817 0
    outer loop
      vertex -277.162 128.833 0
      vertex -277.732 130.132 10
      vertex -277.732 130.132 0
    endloop
  endfacet
  facet normal -0.91572 -0.401817 0
    outer loop
      vertex -277.162 128.833 0
      vertex -277.162 128.833 10
      vertex -277.732 130.132 10
    endloop
  endfacet
  facet normal -0.742208 -0.67017 0
    outer loop
      vertex -276.548 128.153 0
      vertex -277.162 128.833 10
      vertex -277.162 128.833 0
    endloop
  endfacet
  facet normal -0.742208 -0.67017 0
    outer loop
      vertex -276.548 128.153 0
      vertex -276.548 128.153 10
      vertex -277.162 128.833 10
    endloop
  endfacet
  facet normal -0.256803 -0.966464 0
    outer loop
      vertex -276.198 128.06 0
      vertex -276.548 128.153 10
      vertex -276.548 128.153 0
    endloop
  endfacet
  facet normal -0.256803 -0.966464 0
    outer loop
      vertex -276.198 128.06 0
      vertex -276.198 128.06 10
      vertex -276.548 128.153 10
    endloop
  endfacet
  facet normal 0.468615 -0.883403 0
    outer loop
      vertex -275.64 128.356 0
      vertex -276.198 128.06 10
      vertex -276.198 128.06 0
    endloop
  endfacet
  facet normal 0.468615 -0.883403 0
    outer loop
      vertex -275.64 128.356 0
      vertex -275.64 128.356 10
      vertex -276.198 128.06 10
    endloop
  endfacet
  facet normal 0.934358 -0.356337 0
    outer loop
      vertex -275.423 128.925 0
      vertex -275.64 128.356 10
      vertex -275.64 128.356 0
    endloop
  endfacet
  facet normal 0.934358 -0.356337 0
    outer loop
      vertex -275.423 128.925 0
      vertex -275.423 128.925 10
      vertex -275.64 128.356 10
    endloop
  endfacet
  facet normal 0.908199 0.418538 0
    outer loop
      vertex -275.576 129.257 0
      vertex -275.423 128.925 10
      vertex -275.423 128.925 0
    endloop
  endfacet
  facet normal 0.908199 0.418538 -0
    outer loop
      vertex -275.576 129.257 0
      vertex -275.576 129.257 10
      vertex -275.423 128.925 10
    endloop
  endfacet
  facet normal 0.98123 -0.192843 0
    outer loop
      vertex -275.542 129.43 0
      vertex -275.576 129.257 10
      vertex -275.576 129.257 0
    endloop
  endfacet
  facet normal 0.98123 -0.192843 0
    outer loop
      vertex -275.542 129.43 0
      vertex -275.542 129.43 10
      vertex -275.576 129.257 10
    endloop
  endfacet
  facet normal 0.133303 -0.991075 0
    outer loop
      vertex -275.371 129.453 0
      vertex -275.542 129.43 10
      vertex -275.542 129.43 0
    endloop
  endfacet
  facet normal 0.133303 -0.991075 0
    outer loop
      vertex -275.371 129.453 0
      vertex -275.371 129.453 10
      vertex -275.542 129.43 10
    endloop
  endfacet
  facet normal -0.460317 -0.887755 0
    outer loop
      vertex -275.101 129.313 0
      vertex -275.371 129.453 10
      vertex -275.371 129.453 0
    endloop
  endfacet
  facet normal -0.460317 -0.887755 0
    outer loop
      vertex -275.101 129.313 0
      vertex -275.101 129.313 10
      vertex -275.371 129.453 10
    endloop
  endfacet
  facet normal -0.873019 -0.487686 0
    outer loop
      vertex -275.02 129.168 0
      vertex -275.101 129.313 10
      vertex -275.101 129.313 0
    endloop
  endfacet
  facet normal -0.873019 -0.487686 0
    outer loop
      vertex -275.02 129.168 0
      vertex -275.02 129.168 10
      vertex -275.101 129.313 10
    endloop
  endfacet
  facet normal -0.996917 0.078468 0
    outer loop
      vertex -275.125 127.834 0
      vertex -275.02 129.168 10
      vertex -275.02 129.168 0
    endloop
  endfacet
  facet normal -0.996917 0.078468 0
    outer loop
      vertex -275.125 127.834 0
      vertex -275.125 127.834 10
      vertex -275.02 129.168 10
    endloop
  endfacet
  facet normal -0.734099 -0.679042 0
    outer loop
      vertex -274.977 127.674 0
      vertex -275.125 127.834 10
      vertex -275.125 127.834 0
    endloop
  endfacet
  facet normal -0.734099 -0.679042 0
    outer loop
      vertex -274.977 127.674 0
      vertex -274.977 127.674 10
      vertex -275.125 127.834 10
    endloop
  endfacet
  facet normal 0.194336 -0.980935 0
    outer loop
      vertex -274.659 127.737 0
      vertex -274.977 127.674 10
      vertex -274.977 127.674 0
    endloop
  endfacet
  facet normal 0.194336 -0.980935 0
    outer loop
      vertex -274.659 127.737 0
      vertex -274.659 127.737 10
      vertex -274.977 127.674 10
    endloop
  endfacet
  facet normal -0.419778 -0.907627 0
    outer loop
      vertex -274.499 127.663 0
      vertex -274.659 127.737 10
      vertex -274.659 127.737 0
    endloop
  endfacet
  facet normal -0.419778 -0.907627 0
    outer loop
      vertex -274.499 127.663 0
      vertex -274.499 127.663 10
      vertex -274.659 127.737 10
    endloop
  endfacet
  facet normal -0.968992 0.247093 0
    outer loop
      vertex -274.55 127.463 0
      vertex -274.499 127.663 10
      vertex -274.499 127.663 0
    endloop
  endfacet
  facet normal -0.968992 0.247093 0
    outer loop
      vertex -274.55 127.463 0
      vertex -274.55 127.463 10
      vertex -274.499 127.663 10
    endloop
  endfacet
  facet normal -0.535052 0.844819 0
    outer loop
      vertex -275.06 127.14 0
      vertex -274.55 127.463 10
      vertex -274.55 127.463 0
    endloop
  endfacet
  facet normal -0.535052 0.844819 0
    outer loop
      vertex -275.06 127.14 0
      vertex -275.06 127.14 10
      vertex -274.55 127.463 10
    endloop
  endfacet
  facet normal -0.538627 -0.842545 0
    outer loop
      vertex -274.5 126.782 0
      vertex -275.06 127.14 10
      vertex -275.06 127.14 0
    endloop
  endfacet
  facet normal -0.538627 -0.842545 0
    outer loop
      vertex -274.5 126.782 0
      vertex -274.5 126.782 10
      vertex -275.06 127.14 10
    endloop
  endfacet
  facet normal 0.437724 -0.899109 0
    outer loop
      vertex -274.196 126.93 0
      vertex -274.5 126.782 10
      vertex -274.5 126.782 0
    endloop
  endfacet
  facet normal 0.437724 -0.899109 0
    outer loop
      vertex -274.196 126.93 0
      vertex -274.196 126.93 10
      vertex -274.5 126.782 10
    endloop
  endfacet
  facet normal 0.917398 -0.39797 0
    outer loop
      vertex -273.888 127.64 0
      vertex -274.196 126.93 10
      vertex -274.196 126.93 0
    endloop
  endfacet
  facet normal 0.917398 -0.39797 0
    outer loop
      vertex -273.888 127.64 0
      vertex -273.888 127.64 10
      vertex -274.196 126.93 10
    endloop
  endfacet
  facet normal 0.505282 -0.862954 0
    outer loop
      vertex -273.736 127.729 0
      vertex -273.888 127.64 10
      vertex -273.888 127.64 0
    endloop
  endfacet
  facet normal 0.505282 -0.862954 0
    outer loop
      vertex -273.736 127.729 0
      vertex -273.736 127.729 10
      vertex -273.888 127.64 10
    endloop
  endfacet
  facet normal -0.793971 -0.607955 0
    outer loop
      vertex -273.602 127.554 0
      vertex -273.736 127.729 10
      vertex -273.736 127.729 0
    endloop
  endfacet
  facet normal -0.793971 -0.607955 0
    outer loop
      vertex -273.602 127.554 0
      vertex -273.602 127.554 10
      vertex -273.736 127.729 10
    endloop
  endfacet
  facet normal -0.98519 0.171467 0
    outer loop
      vertex -273.775 126.56 0
      vertex -273.602 127.554 10
      vertex -273.602 127.554 0
    endloop
  endfacet
  facet normal -0.98519 0.171467 0
    outer loop
      vertex -273.775 126.56 0
      vertex -273.775 126.56 10
      vertex -273.602 127.554 10
    endloop
  endfacet
  facet normal -0.119255 -0.992864 0
    outer loop
      vertex -273.417 126.517 0
      vertex -273.775 126.56 10
      vertex -273.775 126.56 0
    endloop
  endfacet
  facet normal -0.119255 -0.992864 0
    outer loop
      vertex -273.417 126.517 0
      vertex -273.417 126.517 10
      vertex -273.775 126.56 10
    endloop
  endfacet
  facet normal 0.641052 -0.767498 0
    outer loop
      vertex -273.156 126.735 0
      vertex -273.417 126.517 10
      vertex -273.417 126.517 0
    endloop
  endfacet
  facet normal 0.641052 -0.767498 0
    outer loop
      vertex -273.156 126.735 0
      vertex -273.156 126.735 10
      vertex -273.417 126.517 10
    endloop
  endfacet
  facet normal 0.0680239 -0.997684 0
    outer loop
      vertex -272.98 126.747 0
      vertex -273.156 126.735 10
      vertex -273.156 126.735 0
    endloop
  endfacet
  facet normal 0.0680239 -0.997684 0
    outer loop
      vertex -272.98 126.747 0
      vertex -272.98 126.747 10
      vertex -273.156 126.735 10
    endloop
  endfacet
  facet normal -0.956982 -0.290149 0
    outer loop
      vertex -272.923 126.559 0
      vertex -272.98 126.747 10
      vertex -272.98 126.747 0
    endloop
  endfacet
  facet normal -0.956982 -0.290149 0
    outer loop
      vertex -272.923 126.559 0
      vertex -272.923 126.559 10
      vertex -272.98 126.747 10
    endloop
  endfacet
  facet normal -0.913812 0.406138 0
    outer loop
      vertex -273.083 126.199 0
      vertex -272.923 126.559 10
      vertex -272.923 126.559 0
    endloop
  endfacet
  facet normal -0.913812 0.406138 0
    outer loop
      vertex -273.083 126.199 0
      vertex -273.083 126.199 10
      vertex -272.923 126.559 10
    endloop
  endfacet
  facet normal -0.616882 0.787056 0
    outer loop
      vertex -273.194 126.112 0
      vertex -273.083 126.199 10
      vertex -273.083 126.199 0
    endloop
  endfacet
  facet normal -0.616882 0.787056 0
    outer loop
      vertex -273.194 126.112 0
      vertex -273.194 126.112 10
      vertex -273.083 126.199 10
    endloop
  endfacet
  facet normal -0.173303 0.984869 0
    outer loop
      vertex -273.66 126.03 0
      vertex -273.194 126.112 10
      vertex -273.194 126.112 0
    endloop
  endfacet
  facet normal -0.173303 0.984869 0
    outer loop
      vertex -273.66 126.03 0
      vertex -273.66 126.03 10
      vertex -273.194 126.112 10
    endloop
  endfacet
  facet normal -0.976056 -0.217521 0
    outer loop
      vertex -273.621 125.855 0
      vertex -273.66 126.03 10
      vertex -273.66 126.03 0
    endloop
  endfacet
  facet normal -0.976056 -0.217521 0
    outer loop
      vertex -273.621 125.855 0
      vertex -273.621 125.855 10
      vertex -273.66 126.03 10
    endloop
  endfacet
  facet normal 0.0480215 -0.998846 0
    outer loop
      vertex -273.517 125.86 0
      vertex -273.621 125.855 10
      vertex -273.621 125.855 0
    endloop
  endfacet
  facet normal 0.0480215 -0.998846 0
    outer loop
      vertex -273.517 125.86 0
      vertex -273.517 125.86 10
      vertex -273.621 125.855 10
    endloop
  endfacet
  facet normal -0.690804 -0.723042 0
    outer loop
      vertex -273.36 125.71 0
      vertex -273.517 125.86 10
      vertex -273.517 125.86 0
    endloop
  endfacet
  facet normal -0.690804 -0.723042 0
    outer loop
      vertex -273.36 125.71 0
      vertex -273.36 125.71 10
      vertex -273.517 125.86 10
    endloop
  endfacet
  facet normal -1 0 0
    outer loop
      vertex -273.36 125.54 0
      vertex -273.36 125.71 10
      vertex -273.36 125.71 0
    endloop
  endfacet
  facet normal -1 0 0
    outer loop
      vertex -273.36 125.54 0
      vertex -273.36 125.54 10
      vertex -273.36 125.71 10
    endloop
  endfacet
  facet normal 0.676734 -0.736227 0
    outer loop
      vertex -273.261 125.631 0
      vertex -273.36 125.54 10
      vertex -273.36 125.54 0
    endloop
  endfacet
  facet normal 0.676734 -0.736227 0
    outer loop
      vertex -273.261 125.631 0
      vertex -273.261 125.631 10
      vertex -273.36 125.54 10
    endloop
  endfacet
  facet normal -0.00492605 -0.999988 0
    outer loop
      vertex -273.058 125.63 0
      vertex -273.261 125.631 10
      vertex -273.261 125.631 0
    endloop
  endfacet
  facet normal -0.00492605 -0.999988 0
    outer loop
      vertex -273.058 125.63 0
      vertex -273.058 125.63 10
      vertex -273.261 125.631 10
    endloop
  endfacet
  facet normal -0.682521 -0.730866 0
    outer loop
      vertex -272.801 125.39 0
      vertex -273.058 125.63 10
      vertex -273.058 125.63 0
    endloop
  endfacet
  facet normal -0.682521 -0.730866 0
    outer loop
      vertex -272.801 125.39 0
      vertex -272.801 125.39 10
      vertex -273.058 125.63 10
    endloop
  endfacet
  facet normal -0.000163447 -1 0
    outer loop
      vertex -211.619 125.38 0
      vertex -272.801 125.39 10
      vertex -272.801 125.39 0
    endloop
  endfacet
  facet normal -0.000163447 -1 0
    outer loop
      vertex -211.619 125.38 0
      vertex -211.619 125.38 10
      vertex -272.801 125.39 10
    endloop
  endfacet
  facet normal 0.999969 -0.00788757 0
    outer loop
      vertex -211.61 126.521 0
      vertex -211.619 125.38 10
      vertex -211.619 125.38 0
    endloop
  endfacet
  facet normal 0.999969 -0.00788757 0
    outer loop
      vertex -211.61 126.521 0
      vertex -211.61 126.521 10
      vertex -211.619 125.38 10
    endloop
  endfacet
  facet normal 0.584739 -0.811222 0
    outer loop
      vertex -211.413 126.663 0
      vertex -211.61 126.521 10
      vertex -211.61 126.521 0
    endloop
  endfacet
  facet normal 0.584739 -0.811222 0
    outer loop
      vertex -211.413 126.663 0
      vertex -211.413 126.663 10
      vertex -211.61 126.521 10
    endloop
  endfacet
  facet normal -0.31197 -0.950092 0
    outer loop
      vertex -210.743 126.443 0
      vertex -211.413 126.663 10
      vertex -211.413 126.663 0
    endloop
  endfacet
  facet normal -0.31197 -0.950092 0
    outer loop
      vertex -210.743 126.443 0
      vertex -210.743 126.443 10
      vertex -211.413 126.663 10
    endloop
  endfacet
  facet normal -0.777245 -0.629198 0
    outer loop
      vertex -210.641 126.317 0
      vertex -210.743 126.443 10
      vertex -210.743 126.443 0
    endloop
  endfacet
  facet normal -0.777245 -0.629198 0
    outer loop
      vertex -210.641 126.317 0
      vertex -210.641 126.317 10
      vertex -210.743 126.443 10
    endloop
  endfacet
  facet normal -0.993305 -0.115524 0
    outer loop
      vertex -210.524 125.311 0
      vertex -210.641 126.317 10
      vertex -210.641 126.317 0
    endloop
  endfacet
  facet normal -0.993305 -0.115524 0
    outer loop
      vertex -210.524 125.311 0
      vertex -210.524 125.311 10
      vertex -210.641 126.317 10
    endloop
  endfacet
  facet normal -0.910169 -0.414236 0
    outer loop
      vertex -210.164 124.52 0
      vertex -210.524 125.311 10
      vertex -210.524 125.311 0
    endloop
  endfacet
  facet normal -0.910169 -0.414236 0
    outer loop
      vertex -210.164 124.52 0
      vertex -210.164 124.52 10
      vertex -210.524 125.311 10
    endloop
  endfacet
  facet normal -0.217105 -0.976148 0
    outer loop
      vertex -208.977 124.256 0
      vertex -210.164 124.52 10
      vertex -210.164 124.52 0
    endloop
  endfacet
  facet normal -0.217105 -0.976148 0
    outer loop
      vertex -208.977 124.256 0
      vertex -208.977 124.256 10
      vertex -210.164 124.52 10
    endloop
  endfacet
  facet normal -0.367659 -0.929961 0
    outer loop
      vertex -208.934 124.239 0
      vertex -208.977 124.256 10
      vertex -208.977 124.256 0
    endloop
  endfacet
  facet normal -0.367659 -0.929961 0
    outer loop
      vertex -208.934 124.239 0
      vertex -208.934 124.239 10
      vertex -208.977 124.256 10
    endloop
  endfacet
  facet normal -0.504556 -0.863379 0
    outer loop
      vertex -208.229 123.827 0
      vertex -208.934 124.239 10
      vertex -208.934 124.239 0
    endloop
  endfacet
  facet normal -0.504556 -0.863379 0
    outer loop
      vertex -208.229 123.827 0
      vertex -208.229 123.827 10
      vertex -208.934 124.239 10
    endloop
  endfacet
  facet normal 0.391731 -0.92008 0
    outer loop
      vertex -207.569 124.108 0
      vertex -208.229 123.827 10
      vertex -208.229 123.827 0
    endloop
  endfacet
  facet normal 0.391731 -0.92008 0
    outer loop
      vertex -207.569 124.108 0
      vertex -207.569 124.108 10
      vertex -208.229 123.827 10
    endloop
  endfacet
  facet normal 0.187112 -0.982339 0
    outer loop
      vertex -207.506 124.12 0
      vertex -207.569 124.108 10
      vertex -207.569 124.108 0
    endloop
  endfacet
  facet normal 0.187112 -0.982339 0
    outer loop
      vertex -207.506 124.12 0
      vertex -207.506 124.12 10
      vertex -207.569 124.108 10
    endloop
  endfacet
  facet normal -0.0235229 -0.999723 0
    outer loop
      vertex -206.656 124.1 0
      vertex -207.506 124.12 10
      vertex -207.506 124.12 0
    endloop
  endfacet
  facet normal -0.0235229 -0.999723 0
    outer loop
      vertex -206.656 124.1 0
      vertex -206.656 124.1 10
      vertex -207.506 124.12 10
    endloop
  endfacet
  facet normal -0.259457 -0.965755 0
    outer loop
      vertex -206.589 124.082 0
      vertex -206.656 124.1 10
      vertex -206.656 124.1 0
    endloop
  endfacet
  facet normal -0.259457 -0.965755 0
    outer loop
      vertex -206.589 124.082 0
      vertex -206.589 124.082 10
      vertex -206.656 124.1 10
    endloop
  endfacet
  facet normal -0.472666 -0.881242 0
    outer loop
      vertex -205.489 123.492 0
      vertex -206.589 124.082 10
      vertex -206.589 124.082 0
    endloop
  endfacet
  facet normal -0.472666 -0.881242 0
    outer loop
      vertex -205.489 123.492 0
      vertex -205.489 123.492 10
      vertex -206.589 124.082 10
    endloop
  endfacet
  facet normal -0.756613 -0.653863 0
    outer loop
      vertex -205.419 123.411 0
      vertex -205.489 123.492 10
      vertex -205.489 123.492 0
    endloop
  endfacet
  facet normal -0.756613 -0.653863 0
    outer loop
      vertex -205.419 123.411 0
      vertex -205.419 123.411 10
      vertex -205.489 123.492 10
    endloop
  endfacet
  facet normal -0.941354 -0.33742 0
    outer loop
      vertex -205.281 123.026 0
      vertex -205.419 123.411 10
      vertex -205.419 123.411 0
    endloop
  endfacet
  facet normal -0.941354 -0.33742 0
    outer loop
      vertex -205.281 123.026 0
      vertex -205.281 123.026 10
      vertex -205.419 123.411 10
    endloop
  endfacet
  facet normal 0.361653 -0.932313 0
    outer loop
      vertex -204.884 123.18 0
      vertex -205.281 123.026 10
      vertex -205.281 123.026 0
    endloop
  endfacet
  facet normal 0.361653 -0.932313 0
    outer loop
      vertex -204.884 123.18 0
      vertex -204.884 123.18 10
      vertex -205.281 123.026 10
    endloop
  endfacet
  facet normal 0.0192272 -0.999815 0
    outer loop
      vertex -204.78 123.182 0
      vertex -204.884 123.18 10
      vertex -204.884 123.18 0
    endloop
  endfacet
  facet normal 0.0192272 -0.999815 0
    outer loop
      vertex -204.78 123.182 0
      vertex -204.78 123.182 10
      vertex -204.884 123.18 10
    endloop
  endfacet
  facet normal -0.331486 -0.94346 0
    outer loop
      vertex -204.41 123.052 0
      vertex -204.78 123.182 10
      vertex -204.78 123.182 0
    endloop
  endfacet
  facet normal -0.331486 -0.94346 0
    outer loop
      vertex -204.41 123.052 0
      vertex -204.41 123.052 10
      vertex -204.78 123.182 10
    endloop
  endfacet
  facet normal -0.491321 -0.870978 0
    outer loop
      vertex -204.371 123.03 0
      vertex -204.41 123.052 10
      vertex -204.41 123.052 0
    endloop
  endfacet
  facet normal -0.491321 -0.870978 0
    outer loop
      vertex -204.371 123.03 0
      vertex -204.371 123.03 10
      vertex -204.41 123.052 10
    endloop
  endfacet
  facet normal -0.596108 -0.802905 0
    outer loop
      vertex -203.346 122.269 0
      vertex -204.371 123.03 10
      vertex -204.371 123.03 0
    endloop
  endfacet
  facet normal -0.596108 -0.802905 0
    outer loop
      vertex -203.346 122.269 0
      vertex -203.346 122.269 10
      vertex -204.371 123.03 10
    endloop
  endfacet
  facet normal 0.35186 -0.936053 0
    outer loop
      vertex -202.093 122.74 0
      vertex -203.346 122.269 10
      vertex -203.346 122.269 0
    endloop
  endfacet
  facet normal 0.35186 -0.936053 0
    outer loop
      vertex -202.093 122.74 0
      vertex -202.093 122.74 10
      vertex -203.346 122.269 10
    endloop
  endfacet
  facet normal -0.174894 -0.984587 0
    outer loop
      vertex -201.941 122.713 0
      vertex -202.093 122.74 10
      vertex -202.093 122.74 0
    endloop
  endfacet
  facet normal -0.174894 -0.984587 0
    outer loop
      vertex -201.941 122.713 0
      vertex -201.941 122.713 10
      vertex -202.093 122.74 10
    endloop
  endfacet
  facet normal -0.657422 -0.753523 0
    outer loop
      vertex -201.596 122.412 0
      vertex -201.941 122.713 10
      vertex -201.941 122.713 0
    endloop
  endfacet
  facet normal -0.657422 -0.753523 0
    outer loop
      vertex -201.596 122.412 0
      vertex -201.596 122.412 10
      vertex -201.941 122.713 10
    endloop
  endfacet
  facet normal 0.0272887 -0.999628 0
    outer loop
      vertex -200.204 122.45 0
      vertex -201.596 122.412 10
      vertex -201.596 122.412 0
    endloop
  endfacet
  facet normal 0.0272887 -0.999628 0
    outer loop
      vertex -200.204 122.45 0
      vertex -200.204 122.45 10
      vertex -201.596 122.412 10
    endloop
  endfacet
  facet normal -0.366972 -0.930232 0
    outer loop
      vertex -200.095 122.407 0
      vertex -200.204 122.45 10
      vertex -200.204 122.45 0
    endloop
  endfacet
  facet normal -0.366972 -0.930232 0
    outer loop
      vertex -200.095 122.407 0
      vertex -200.095 122.407 10
      vertex -200.204 122.45 10
    endloop
  endfacet
  facet normal -0.698467 -0.715642 0
    outer loop
      vertex -199.72 122.041 0
      vertex -200.095 122.407 10
      vertex -200.095 122.407 0
    endloop
  endfacet
  facet normal -0.698467 -0.715642 0
    outer loop
      vertex -199.72 122.041 0
      vertex -199.72 122.041 10
      vertex -200.095 122.407 10
    endloop
  endfacet
  facet normal 0.0100106 -0.99995 0
    outer loop
      vertex -198.821 122.05 0
      vertex -199.72 122.041 10
      vertex -199.72 122.041 0
    endloop
  endfacet
  facet normal 0.0100106 -0.99995 0
    outer loop
      vertex -198.821 122.05 0
      vertex -198.821 122.05 10
      vertex -199.72 122.041 10
    endloop
  endfacet
  facet normal 0.392509 -0.919748 0
    outer loop
      vertex -196.459 123.058 0
      vertex -198.821 122.05 10
      vertex -198.821 122.05 0
    endloop
  endfacet
  facet normal 0.392509 -0.919748 0
    outer loop
      vertex -196.459 123.058 0
      vertex -196.459 123.058 10
      vertex -198.821 122.05 10
    endloop
  endfacet
  facet normal -0.066032 -0.997818 0
    outer loop
      vertex -196.323 123.049 0
      vertex -196.459 123.058 10
      vertex -196.459 123.058 0
    endloop
  endfacet
  facet normal -0.066032 -0.997818 0
    outer loop
      vertex -196.323 123.049 0
      vertex -196.323 123.049 10
      vertex -196.459 123.058 10
    endloop
  endfacet
  facet normal -0.510921 -0.859628 0
    outer loop
      vertex -188.533 118.419 0
      vertex -196.323 123.049 10
      vertex -196.323 123.049 0
    endloop
  endfacet
  facet normal -0.510921 -0.859628 0
    outer loop
      vertex -188.533 118.419 0
      vertex -188.533 118.419 10
      vertex -196.323 123.049 10
    endloop
  endfacet
  facet normal -0.803098 -0.595847 0
    outer loop
      vertex -188.464 118.326 0
      vertex -188.533 118.419 10
      vertex -188.533 118.419 0
    endloop
  endfacet
  facet normal -0.803098 -0.595847 0
    outer loop
      vertex -188.464 118.326 0
      vertex -188.464 118.326 10
      vertex -188.533 118.419 10
    endloop
  endfacet
  facet normal -0.971045 -0.238898 0
    outer loop
      vertex -188.263 117.509 0
      vertex -188.464 118.326 10
      vertex -188.464 118.326 0
    endloop
  endfacet
  facet normal -0.971045 -0.238898 0
    outer loop
      vertex -188.263 117.509 0
      vertex -188.263 117.509 10
      vertex -188.464 118.326 10
    endloop
  endfacet
  facet normal -0.769545 -0.638593 0
    outer loop
      vertex -187.868 117.033 0
      vertex -188.263 117.509 10
      vertex -188.263 117.509 0
    endloop
  endfacet
  facet normal -0.769545 -0.638593 0
    outer loop
      vertex -187.868 117.033 0
      vertex -187.868 117.033 10
      vertex -188.263 117.509 10
    endloop
  endfacet
  facet normal 0.29033 -0.956927 0
    outer loop
      vertex -187.044 117.283 0
      vertex -187.868 117.033 10
      vertex -187.868 117.033 0
    endloop
  endfacet
  facet normal 0.29033 -0.956927 0
    outer loop
      vertex -187.044 117.283 0
      vertex -187.044 117.283 10
      vertex -187.868 117.033 10
    endloop
  endfacet
  facet normal -0.489165 -0.872191 0
    outer loop
      vertex -186.855 117.177 0
      vertex -187.044 117.283 10
      vertex -187.044 117.283 0
    endloop
  endfacet
  facet normal -0.489165 -0.872191 0
    outer loop
      vertex -186.855 117.177 0
      vertex -186.855 117.177 10
      vertex -187.044 117.283 10
    endloop
  endfacet
  facet normal -0.968434 -0.249271 0
    outer loop
      vertex -186.507 115.825 0
      vertex -186.855 117.177 10
      vertex -186.855 117.177 0
    endloop
  endfacet
  facet normal -0.968434 -0.249271 0
    outer loop
      vertex -186.507 115.825 0
      vertex -186.507 115.825 10
      vertex -186.855 117.177 10
    endloop
  endfacet
  facet normal 0.122775 -0.992434 0
    outer loop
      vertex -185.828 115.909 0
      vertex -186.507 115.825 10
      vertex -186.507 115.825 0
    endloop
  endfacet
  facet normal 0.122775 -0.992434 0
    outer loop
      vertex -185.828 115.909 0
      vertex -185.828 115.909 10
      vertex -186.507 115.825 10
    endloop
  endfacet
  facet normal -0.373776 -0.927519 0
    outer loop
      vertex -185.694 115.855 0
      vertex -185.828 115.909 10
      vertex -185.828 115.909 0
    endloop
  endfacet
  facet normal -0.373776 -0.927519 0
    outer loop
      vertex -185.694 115.855 0
      vertex -185.694 115.855 10
      vertex -185.828 115.909 10
    endloop
  endfacet
  facet normal -0.773073 -0.634317 0
    outer loop
      vertex -185.374 115.465 0
      vertex -185.694 115.855 10
      vertex -185.694 115.855 0
    endloop
  endfacet
  facet normal -0.773073 -0.634317 0
    outer loop
      vertex -185.374 115.465 0
      vertex -185.374 115.465 10
      vertex -185.694 115.855 10
    endloop
  endfacet
  facet normal -0.993023 -0.117921 0
    outer loop
      vertex -185.355 115.305 0
      vertex -185.374 115.465 10
      vertex -185.374 115.465 0
    endloop
  endfacet
  facet normal -0.993023 -0.117921 0
    outer loop
      vertex -185.355 115.305 0
      vertex -185.355 115.305 10
      vertex -185.374 115.465 10
    endloop
  endfacet
  facet normal -0.900469 0.43492 0
    outer loop
      vertex -185.568 114.864 0
      vertex -185.355 115.305 10
      vertex -185.355 115.305 0
    endloop
  endfacet
  facet normal -0.900469 0.43492 0
    outer loop
      vertex -185.568 114.864 0
      vertex -185.568 114.864 10
      vertex -185.355 115.305 10
    endloop
  endfacet
  facet normal -0.544452 -0.838792 0
    outer loop
      vertex -183.368 113.436 0
      vertex -185.568 114.864 10
      vertex -185.568 114.864 0
    endloop
  endfacet
  facet normal -0.544452 -0.838792 0
    outer loop
      vertex -183.368 113.436 0
      vertex -183.368 113.436 10
      vertex -185.568 114.864 10
    endloop
  endfacet
  facet normal -0.837116 -0.547026 0
    outer loop
      vertex -183.302 113.335 0
      vertex -183.368 113.436 10
      vertex -183.368 113.436 0
    endloop
  endfacet
  facet normal -0.837116 -0.547026 0
    outer loop
      vertex -183.302 113.335 0
      vertex -183.302 113.335 10
      vertex -183.368 113.436 10
    endloop
  endfacet
  facet normal -0.986442 -0.16411 0
    outer loop
      vertex -182.382 107.805 0
      vertex -183.302 113.335 10
      vertex -183.302 113.335 0
    endloop
  endfacet
  facet normal -0.986442 -0.16411 0
    outer loop
      vertex -182.382 107.805 0
      vertex -182.382 107.805 10
      vertex -183.302 113.335 10
    endloop
  endfacet
  facet normal -0.997459 0.071247 0
    outer loop
      vertex -182.387 107.735 0
      vertex -182.382 107.805 10
      vertex -182.382 107.805 0
    endloop
  endfacet
  facet normal -0.997459 0.071247 0
    outer loop
      vertex -182.387 107.735 0
      vertex -182.387 107.735 10
      vertex -182.382 107.805 10
    endloop
  endfacet
  facet normal -0.95448 0.298275 0
    outer loop
      vertex -183.287 104.855 0
      vertex -182.387 107.735 10
      vertex -182.387 107.735 0
    endloop
  endfacet
  facet normal -0.95448 0.298275 0
    outer loop
      vertex -183.287 104.855 0
      vertex -183.287 104.855 10
      vertex -182.387 107.735 10
    endloop
  endfacet
  facet normal -0.828443 0.560074 0
    outer loop
      vertex -183.335 104.784 0
      vertex -183.287 104.855 10
      vertex -183.287 104.855 0
    endloop
  endfacet
  facet normal -0.828443 0.560074 0
    outer loop
      vertex -183.335 104.784 0
      vertex -183.335 104.784 10
      vertex -183.287 104.855 10
    endloop
  endfacet
  facet normal -0.634739 0.772726 0
    outer loop
      vertex -184.483 103.841 0
      vertex -183.335 104.784 10
      vertex -183.335 104.784 0
    endloop
  endfacet
  facet normal -0.634739 0.772726 0
    outer loop
      vertex -184.483 103.841 0
      vertex -184.483 103.841 10
      vertex -183.335 104.784 10
    endloop
  endfacet
  facet normal -0.943299 0.331946 0
    outer loop
      vertex -184.622 103.446 0
      vertex -184.483 103.841 10
      vertex -184.483 103.841 0
    endloop
  endfacet
  facet normal -0.943299 0.331946 0
    outer loop
      vertex -184.622 103.446 0
      vertex -184.622 103.446 10
      vertex -184.483 103.841 10
    endloop
  endfacet
  facet normal -0.959645 -0.281215 0
    outer loop
      vertex -184.382 102.627 0
      vertex -184.622 103.446 10
      vertex -184.622 103.446 0
    endloop
  endfacet
  facet normal -0.959645 -0.281215 0
    outer loop
      vertex -184.382 102.627 0
      vertex -184.382 102.627 10
      vertex -184.622 103.446 10
    endloop
  endfacet
  facet normal -0.531258 -0.84721 0
    outer loop
      vertex -183.717 102.21 0
      vertex -184.382 102.627 10
      vertex -184.382 102.627 0
    endloop
  endfacet
  facet normal -0.531258 -0.84721 0
    outer loop
      vertex -183.717 102.21 0
      vertex -183.717 102.21 10
      vertex -184.382 102.627 10
    endloop
  endfacet
  facet normal 0 -1 0
    outer loop
      vertex -183.243 102.21 0
      vertex -183.717 102.21 10
      vertex -183.717 102.21 0
    endloop
  endfacet
  facet normal 0 -1 0
    outer loop
      vertex -183.243 102.21 0
      vertex -183.243 102.21 10
      vertex -183.717 102.21 10
    endloop
  endfacet
  facet normal 0.524695 -0.85129 0
    outer loop
      vertex -180.699 103.778 0
      vertex -183.243 102.21 10
      vertex -183.243 102.21 0
    endloop
  endfacet
  facet normal 0.524695 -0.85129 0
    outer loop
      vertex -180.699 103.778 0
      vertex -180.699 103.778 10
      vertex -183.243 102.21 10
    endloop
  endfacet
  facet normal 0.989949 -0.141421 0
    outer loop
      vertex -286.668 220.243 0
      vertex -286.671 220.222 10
      vertex -286.671 220.222 0
    endloop
  endfacet
  facet normal 0.989949 -0.141421 0
    outer loop
      vertex -286.668 220.243 0
      vertex -286.668 220.243 10
      vertex -286.671 220.222 10
    endloop
  endfacet
  facet normal -0.761243 0.648466 0
    outer loop
      vertex -286.76 220.135 0
      vertex -286.668 220.243 10
      vertex -286.668 220.243 0
    endloop
  endfacet
  facet normal -0.761243 0.648466 0
    outer loop
      vertex -286.76 220.135 0
      vertex -286.76 220.135 10
      vertex -286.668 220.243 10
    endloop
  endfacet
  facet normal 0.699026 -0.715096 0
    outer loop
      vertex -286.671 220.222 0
      vertex -286.76 220.135 10
      vertex -286.76 220.135 0
    endloop
  endfacet
  facet normal 0.699026 -0.715096 0
    outer loop
      vertex -286.671 220.222 0
      vertex -286.671 220.222 10
      vertex -286.76 220.135 10
    endloop
  endfacet
  facet normal -0.982872 0.184289 0
    outer loop
      vertex -275.455 127.392 0
      vertex -275.452 127.408 10
      vertex -275.452 127.408 0
    endloop
  endfacet
  facet normal -0.982872 0.184289 0
    outer loop
      vertex -275.455 127.392 0
      vertex -275.455 127.392 10
      vertex -275.452 127.408 10
    endloop
  endfacet
  facet normal -0.527363 -0.84964 0
    outer loop
      vertex -275.426 127.374 0
      vertex -275.455 127.392 10
      vertex -275.455 127.392 0
    endloop
  endfacet
  facet normal -0.527363 -0.84964 0
    outer loop
      vertex -275.426 127.374 0
      vertex -275.426 127.374 10
      vertex -275.455 127.392 10
    endloop
  endfacet
  facet normal 0.794358 0.60745 0
    outer loop
      vertex -275.452 127.408 0
      vertex -275.426 127.374 10
      vertex -275.426 127.374 0
    endloop
  endfacet
  facet normal 0.794358 0.60745 -0
    outer loop
      vertex -275.452 127.408 0
      vertex -275.452 127.408 10
      vertex -275.426 127.374 10
    endloop
  endfacet
endsolid OpenSCAD_Model
