solid OpenSCAD_Model
  facet normal 0 0 -1
    outer loop
      vertex -163.269 -135.776 0
      vertex -163.76 -134.934 0
      vertex -162.15 -135.12 0
    endloop
  endfacet
  facet normal 0 0 -1
    outer loop
      vertex -157.89 -140.777 0
      vertex -157.918 -142.213 0
      vertex -159.391 -141.219 0
    endloop
  endfacet
  facet normal 0 0 -1
    outer loop
      vertex -159.945 -135.77 0
      vertex -155.495 -135.929 0
      vertex -158.881 -137.803 0
    endloop
  endfacet
  facet normal 0 0 -1
    outer loop
      vertex -160.987 -137.84 0
      vertex -161.509 -137.558 0
      vertex -161.378 -137.228 0
    endloop
  endfacet
  facet normal -0 0 -1
    outer loop
      vertex -159.945 -135.77 0
      vertex -161.015 -136.633 0
      vertex -160.089 -135.6 0
    endloop
  endfacet
  facet normal 0 0 -1
    outer loop
      vertex -155.495 -135.929 0
      vertex -154.397 -136.586 0
      vertex -154.462 -136.649 0
    endloop
  endfacet
  facet normal 0 0 -1
    outer loop
      vertex -155.495 -135.929 0
      vertex -154.462 -136.649 0
      vertex -154.817 -137.313 0
    endloop
  endfacet
  facet normal 0 0 -1
    outer loop
      vertex -157.379 -138.412 0
      vertex -155.495 -135.929 0
      vertex -154.817 -137.313 0
    endloop
  endfacet
  facet normal 0 0 -1
    outer loop
      vertex -164.258 -132.979 0
      vertex -163.987 -132.108 0
      vertex -164.16 -133.118 0
    endloop
  endfacet
  facet normal 0 0 -1
    outer loop
      vertex -154.397 -136.586 0
      vertex -155.495 -135.929 0
      vertex -154 -136.387 0
    endloop
  endfacet
  facet normal -0 0 -1
    outer loop
      vertex -162.701 -131.311 0
      vertex -163.862 -131.984 0
      vertex -163.524 -131.079 0
    endloop
  endfacet
  facet normal 0 0 -1
    outer loop
      vertex -161.015 -136.633 0
      vertex -159.945 -135.77 0
      vertex -160.471 -137.493 0
    endloop
  endfacet
  facet normal 0 0 -1
    outer loop
      vertex -164.402 -131.286 0
      vertex -164.355 -130.608 0
      vertex -164.182 -130.486 0
    endloop
  endfacet
  facet normal 0 0 -1
    outer loop
      vertex -163.878 -134.86 0
      vertex -164.241 -134.512 0
      vertex -164.14 -134.368 0
    endloop
  endfacet
  facet normal 0 0 -1
    outer loop
      vertex -164.213 -128.731 0
      vertex -164.25 -128.559 0
      vertex -163.421 -127.999 0
    endloop
  endfacet
  facet normal 0 0 -1
    outer loop
      vertex -163.325 -122.7 0
      vertex -161.5 -123.637 0
      vertex -162.394 -125.193 0
    endloop
  endfacet
  facet normal 0 -0 -1
    outer loop
      vertex -161.155 -130.966 0
      vertex -160.907 -131.14 0
      vertex -162.514 -131.403 0
    endloop
  endfacet
  facet normal 0 0 -1
    outer loop
      vertex -162.514 -131.403 0
      vertex -160.907 -131.14 0
      vertex -160.821 -133.222 0
    endloop
  endfacet
  facet normal 0 0 -1
    outer loop
      vertex -163.862 -131.984 0
      vertex -164.16 -133.118 0
      vertex -163.987 -132.108 0
    endloop
  endfacet
  facet normal 0 0 -1
    outer loop
      vertex -165.002 -127.88 0
      vertex -164.951 -127.426 0
      vertex -164.664 -127.309 0
    endloop
  endfacet
  facet normal 0 0 -1
    outer loop
      vertex -164.26 -130.327 0
      vertex -165.294 -129.781 0
      vertex -164.362 -128.819 0
    endloop
  endfacet
  facet normal -0 0 -1
    outer loop
      vertex -163.645 -127.211 0
      vertex -163.97 -127.238 0
      vertex -163.395 -126.291 0
    endloop
  endfacet
  facet normal 0 0 -1
    outer loop
      vertex -166.666 -115.118 0
      vertex -165.4 -115.963 0
      vertex -166.375 -115.817 0
    endloop
  endfacet
  facet normal 0 -0 -1
    outer loop
      vertex -162.064 -108.005 0
      vertex -159.712 -109.359 0
      vertex -162.234 -108.715 0
    endloop
  endfacet
  facet normal -0 0 -1
    outer loop
      vertex -161.288 -121.559 0
      vertex -162.983 -122.285 0
      vertex -161.294 -121.457 0
    endloop
  endfacet
  facet normal 0 0 -1
    outer loop
      vertex -163.941 -120.697 0
      vertex -164.657 -120.425 0
      vertex -163.781 -120.623 0
    endloop
  endfacet
  facet normal 0 -0 -1
    outer loop
      vertex -164.395 -117.235 0
      vertex -164.165 -117.345 0
      vertex -165.011 -117.854 0
    endloop
  endfacet
  facet normal 0 0 -1
    outer loop
      vertex -163.26 -126.18 0
      vertex -162.446 -125.277 0
      vertex -162.642 -126.138 0
    endloop
  endfacet
  facet normal 0 -0 -1
    outer loop
      vertex -164.687 -119.309 0
      vertex -164.657 -120.425 0
      vertex -165.294 -120 0
    endloop
  endfacet
  facet normal 0 0 -1
    outer loop
      vertex -162.394 -125.193 0
      vertex -161.5 -123.637 0
      vertex -161.518 -124.487 0
    endloop
  endfacet
  facet normal 0 0 -1
    outer loop
      vertex -164.657 -120.425 0
      vertex -163.941 -120.697 0
      vertex -164.623 -120.644 0
    endloop
  endfacet
  facet normal 0 0 -1
    outer loop
      vertex -160.289 -111.518 0
      vertex -161.496 -111.432 0
      vertex -161.366 -110.992 0
    endloop
  endfacet
  facet normal 0 0 -1
    outer loop
      vertex -161.451 -123.529 0
      vertex -160.809 -122.679 0
      vertex -160.921 -123.047 0
    endloop
  endfacet
  facet normal 0 0 -1
    outer loop
      vertex -162.983 -122.285 0
      vertex -161.288 -121.559 0
      vertex -160.809 -122.679 0
    endloop
  endfacet
  facet normal 0 0 -1
    outer loop
      vertex -167.996 -117.721 0
      vertex -167.697 -118.188 0
      vertex -167.955 -118.066 0
    endloop
  endfacet
  facet normal 0 0 -1
    outer loop
      vertex -159.59 -114.048 0
      vertex -161.945 -113.716 0
      vertex -161.976 -113.542 0
    endloop
  endfacet
  facet normal 0 0 -1
    outer loop
      vertex -161.945 -113.716 0
      vertex -159.6 -114.878 0
      vertex -159.836 -115.805 0
    endloop
  endfacet
  facet normal 0 -0 -1
    outer loop
      vertex -159.6 -114.878 0
      vertex -159.57 -114.97 0
      vertex -159.836 -115.805 0
    endloop
  endfacet
  facet normal 0 0 -1
    outer loop
      vertex -160.874 -120.122 0
      vertex -160.02 -118.08 0
      vertex -159.944 -119.221 0
    endloop
  endfacet
  facet normal 0 0 -1
    outer loop
      vertex -162.143 -113.786 0
      vertex -161.945 -113.716 0
      vertex -159.836 -115.805 0
    endloop
  endfacet
  facet normal 0 0 -1
    outer loop
      vertex -160.124 -112.066 0
      vertex -159.495 -113.911 0
      vertex -159.59 -114.048 0
    endloop
  endfacet
  facet normal 0 0 -1
    outer loop
      vertex -159.98 -117.968 0
      vertex -159.866 -115.936 0
      vertex -159.495 -117.447 0
    endloop
  endfacet
  facet normal 0 -0 -1
    outer loop
      vertex -161.496 -111.432 0
      vertex -160.239 -111.938 0
      vertex -161.568 -111.522 0
    endloop
  endfacet
  facet normal 0 0 -1
    outer loop
      vertex -160.124 -112.066 0
      vertex -159.191 -112.283 0
      vertex -159.495 -113.911 0
    endloop
  endfacet
  facet normal 0 0 -1
    outer loop
      vertex -159.836 -115.805 0
      vertex -159.57 -114.97 0
      vertex -159.37 -115.236 0
    endloop
  endfacet
  facet normal 0 -0 -1
    outer loop
      vertex -162.899 -112.249 0
      vertex -162.714 -112.871 0
      vertex -162.974 -112.572 0
    endloop
  endfacet
  facet normal 0 0 -1
    outer loop
      vertex -161.726 -105.05 0
      vertex -160.47 -104.769 0
      vertex -161.532 -106.134 0
    endloop
  endfacet
  facet normal -0 0 -1
    outer loop
      vertex -158.818 -94.0461 0
      vertex -162.587 -94.8545 0
      vertex -163.228 -92.8433 0
    endloop
  endfacet
  facet normal 0 0 -1
    outer loop
      vertex -159.495 -113.911 0
      vertex -158.728 -112.969 0
      vertex -159.026 -113.725 0
    endloop
  endfacet
  facet normal 0 0 -1
    outer loop
      vertex -159.495 -113.911 0
      vertex -159.191 -112.283 0
      vertex -158.728 -112.969 0
    endloop
  endfacet
  facet normal 0 0 -1
    outer loop
      vertex -162.064 -108.005 0
      vertex -159.934 -107.14 0
      vertex -159.451 -108.872 0
    endloop
  endfacet
  facet normal 0 -0 -1
    outer loop
      vertex -159.75 -110.286 0
      vertex -159.62 -110.439 0
      vertex -160.142 -111.35 0
    endloop
  endfacet
  facet normal 0 0 -1
    outer loop
      vertex -162.234 -108.715 0
      vertex -159.712 -109.359 0
      vertex -159.73 -109.426 0
    endloop
  endfacet
  facet normal 0 -0 -1
    outer loop
      vertex -160.47 -104.769 0
      vertex -160.38 -106.249 0
      vertex -161.532 -106.134 0
    endloop
  endfacet
  facet normal 0 0 -1
    outer loop
      vertex -159.934 -107.14 0
      vertex -161.663 -106.309 0
      vertex -160.313 -106.365 0
    endloop
  endfacet
  facet normal 0 -0 -1
    outer loop
      vertex -158.364 -110.606 0
      vertex -158.288 -110.838 0
      vertex -158.466 -111.331 0
    endloop
  endfacet
  facet normal 0 0 -1
    outer loop
      vertex -159.62 -110.439 0
      vertex -158.364 -110.606 0
      vertex -158.466 -111.331 0
    endloop
  endfacet
  facet normal 0 0 -1
    outer loop
      vertex -163.477 -101.849 0
      vertex -163.547 -101.644 0
      vertex -162.237 -101.486 0
    endloop
  endfacet
  facet normal 0 0 -1
    outer loop
      vertex -160.142 -111.35 0
      vertex -159.62 -110.439 0
      vertex -158.466 -111.331 0
    endloop
  endfacet
  facet normal 0 0 -1
    outer loop
      vertex -161.663 -106.309 0
      vertex -161.532 -106.134 0
      vertex -160.38 -106.249 0
    endloop
  endfacet
  facet normal 0 0 -1
    outer loop
      vertex -161.401 -110.333 0
      vertex -162.334 -108.823 0
      vertex -162.234 -108.715 0
    endloop
  endfacet
  facet normal 0 0 -1
    outer loop
      vertex -159.712 -109.359 0
      vertex -162.064 -108.005 0
      vertex -159.451 -108.872 0
    endloop
  endfacet
  facet normal 0 -0 -1
    outer loop
      vertex -162.063 -107.942 0
      vertex -159.934 -107.14 0
      vertex -162.064 -108.005 0
    endloop
  endfacet
  facet normal 0 0 -1
    outer loop
      vertex -159.934 -107.14 0
      vertex -160.313 -106.365 0
      vertex -159.896 -106.994 0
    endloop
  endfacet
  facet normal 0 0 -1
    outer loop
      vertex -162.552 -89.1045 0
      vertex -162.344 -87.8499 0
      vertex -162.173 -87.7641 0
    endloop
  endfacet
  facet normal 0 0 -1
    outer loop
      vertex -159.896 -106.994 0
      vertex -160.313 -106.365 0
      vertex -159.685 -106.783 0
    endloop
  endfacet
  facet normal 0 0 -1
    outer loop
      vertex -164.216 -100.403 0
      vertex -163.573 -97.1097 0
      vertex -160.02 -99.4441 0
    endloop
  endfacet
  facet normal 0 0 -1
    outer loop
      vertex -163.111 -91.5435 0
      vertex -163.123 -91.4687 0
      vertex -158.296 -90.7833 0
    endloop
  endfacet
  facet normal 0 0 -1
    outer loop
      vertex -162.095 -87.6701 0
      vertex -162.552 -89.1045 0
      vertex -162.173 -87.7641 0
    endloop
  endfacet
  facet normal 0 0 -1
    outer loop
      vertex -160.772 -104.167 0
      vertex -160.388 -103.806 0
      vertex -160.278 -104.418 0
    endloop
  endfacet
  facet normal 0 0 -1
    outer loop
      vertex -153.851 -64.5918 0
      vertex -156.844 -60.7142 0
      vertex -153.13 -62.6869 0
    endloop
  endfacet
  facet normal 0 -0 -1
    outer loop
      vertex -160.653 -102.009 0
      vertex -159.944 -102.023 0
      vertex -160.742 -102.118 0
    endloop
  endfacet
  facet normal 0 0 -1
    outer loop
      vertex -160.02 -99.4441 0
      vertex -163.573 -97.1097 0
      vertex -160.009 -99.3827 0
    endloop
  endfacet
  facet normal 0 0 -1
    outer loop
      vertex -163.032 -96.6436 0
      vertex -162.984 -96.5658 0
      vertex -159.728 -97.728 0
    endloop
  endfacet
  facet normal 0 0 -1
    outer loop
      vertex -158.342 -88.1321 0
      vertex -161.592 -85.8549 0
      vertex -158.042 -87.2421 0
    endloop
  endfacet
  facet normal 0 0 -1
    outer loop
      vertex -158.743 -93.9391 0
      vertex -163.228 -92.8433 0
      vertex -163.111 -91.5435 0
    endloop
  endfacet
  facet normal 0 0 -1
    outer loop
      vertex -160.009 -99.3827 0
      vertex -159.728 -97.728 0
      vertex -159.488 -98.123 0
    endloop
  endfacet
  facet normal -0 0 -1
    outer loop
      vertex -156.481 -75.2518 0
      vertex -156.501 -75.3908 0
      vertex -156.645 -74.8339 0
    endloop
  endfacet
  facet normal 0 0 -1
    outer loop
      vertex -159.717 -97.5563 0
      vertex -159.529 -96.0986 0
      vertex -159.397 -97.1557 0
    endloop
  endfacet
  facet normal 0 0 -1
    outer loop
      vertex -162.552 -89.1045 0
      vertex -162.095 -87.6701 0
      vertex -158.35 -88.1829 0
    endloop
  endfacet
  facet normal 0 0 -1
    outer loop
      vertex -162.552 -89.1045 0
      vertex -163.123 -91.4687 0
      vertex -162.69 -89.2296 0
    endloop
  endfacet
  facet normal 0 0 -1
    outer loop
      vertex -159.413 -95.9336 0
      vertex -158.818 -94.0461 0
      vertex -159.112 -95.8659 0
    endloop
  endfacet
  facet normal 0 0 -1
    outer loop
      vertex -159.199 -71.5598 0
      vertex -156.794 -72.776 0
      vertex -156.859 -72.8797 0
    endloop
  endfacet
  facet normal 0 0 -1
    outer loop
      vertex -156.929 -83.8466 0
      vertex -160.375 -83.463 0
      vertex -160.353 -83.4087 0
    endloop
  endfacet
  facet normal 0 0 -1
    outer loop
      vertex -157.816 -92.7861 0
      vertex -157.617 -92.9854 0
      vertex -157.789 -93.4047 0
    endloop
  endfacet
  facet normal 0 0 -1
    outer loop
      vertex -157.856 -92.7133 0
      vertex -157.816 -92.7861 0
      vertex -157.789 -93.4047 0
    endloop
  endfacet
  facet normal 0 0 -1
    outer loop
      vertex -157.009 -73.9797 0
      vertex -159.199 -71.5598 0
      vertex -156.859 -72.8797 0
    endloop
  endfacet
  facet normal 0 0 -1
    outer loop
      vertex -158.743 -93.9391 0
      vertex -157.856 -92.7133 0
      vertex -157.789 -93.4047 0
    endloop
  endfacet
  facet normal 0 0 -1
    outer loop
      vertex -158.743 -93.9391 0
      vertex -158.296 -90.7833 0
      vertex -157.856 -92.7133 0
    endloop
  endfacet
  facet normal -0 0 -1
    outer loop
      vertex -157.97 -87.1574 0
      vertex -158.042 -87.2421 0
      vertex -161.187 -85.276 0
    endloop
  endfacet
  facet normal 0 -0 -1
    outer loop
      vertex -161.162 -85.1648 0
      vertex -157.97 -87.1574 0
      vertex -161.187 -85.276 0
    endloop
  endfacet
  facet normal 0 -0 -1
    outer loop
      vertex -156.698 -74.7684 0
      vertex -156.501 -75.3908 0
      vertex -158.631 -76.8439 0
    endloop
  endfacet
  facet normal 0 0 -1
    outer loop
      vertex -159.101 -79.482 0
      vertex -159.275 -78.0409 0
      vertex -155.888 -78.2756 0
    endloop
  endfacet
  facet normal 0 0 -1
    outer loop
      vertex -155.79 -78.4413 0
      vertex -155.377 -80.932 0
      vertex -155.732 -81.0934 0
    endloop
  endfacet
  facet normal 0 -0 -1
    outer loop
      vertex -156.63 -84.5804 0
      vertex -156.611 -85.9665 0
      vertex -157.316 -86.8112 0
    endloop
  endfacet
  facet normal 0 0 -1
    outer loop
      vertex -157.97 -87.1574 0
      vertex -156.63 -84.5804 0
      vertex -157.316 -86.8112 0
    endloop
  endfacet
  facet normal -0 0 -1
    outer loop
      vertex -156.88 -83.67 0
      vertex -156.929 -83.8466 0
      vertex -160.353 -83.4087 0
    endloop
  endfacet
  facet normal 0 -0 -1
    outer loop
      vertex -155.79 -78.4413 0
      vertex -155.732 -81.0934 0
      vertex -159.101 -79.482 0
    endloop
  endfacet
  facet normal 0 0 -1
    outer loop
      vertex -158.649 -76.9338 0
      vertex -155.754 -77.4641 0
      vertex -155.888 -78.2756 0
    endloop
  endfacet
  facet normal 0 -0 -1
    outer loop
      vertex -159.119 -79.5728 0
      vertex -155.812 -81.1828 0
      vertex -159.867 -80.922 0
    endloop
  endfacet
  facet normal 0 -0 -1
    outer loop
      vertex -158.522 -70.3322 0
      vertex -156.047 -70.8407 0
      vertex -158.576 -70.4271 0
    endloop
  endfacet
  facet normal -0 0 -1
    outer loop
      vertex -152.495 -56.8545 0
      vertex -156.412 -58.0033 0
      vertex -156.678 -56.5378 0
    endloop
  endfacet
  facet normal 0 0 -1
    outer loop
      vertex -155.79 -78.4413 0
      vertex -155.303 -78.6146 0
      vertex -155.377 -80.932 0
    endloop
  endfacet
  facet normal 0 0 -1
    outer loop
      vertex -156.698 -74.7684 0
      vertex -156.645 -74.8339 0
      vertex -156.501 -75.3908 0
    endloop
  endfacet
  facet normal -0 0 -1
    outer loop
      vertex -153.679 -40.8877 0
      vertex -155.257 -41.2302 0
      vertex -154.098 -40.6736 0
    endloop
  endfacet
  facet normal -0 0 -1
    outer loop
      vertex -156.998 -74.0584 0
      vertex -158.631 -76.8439 0
      vertex -157.009 -73.9797 0
    endloop
  endfacet
  facet normal 0 -0 -1
    outer loop
      vertex -156.501 -75.3908 0
      vertex -155.754 -77.4641 0
      vertex -158.631 -76.8439 0
    endloop
  endfacet
  facet normal -0 0 -1
    outer loop
      vertex -157.009 -73.9797 0
      vertex -158.631 -76.8439 0
      vertex -159.199 -71.5598 0
    endloop
  endfacet
  facet normal 0 0 -1
    outer loop
      vertex -158.576 -70.4271 0
      vertex -159.199 -71.5598 0
      vertex -159.127 -70.8679 0
    endloop
  endfacet
  facet normal 0 0 -1
    outer loop
      vertex -155.77 -68.2216 0
      vertex -158.771 -67.22 0
      vertex -155.737 -68.116 0
    endloop
  endfacet
  facet normal 0 0 -1
    outer loop
      vertex -156.481 -75.2518 0
      vertex -156.645 -74.8339 0
      vertex -156.332 -75.0468 0
    endloop
  endfacet
  facet normal 0 -0 -1
    outer loop
      vertex -154.987 -40.7202 0
      vertex -154.098 -40.6736 0
      vertex -155.257 -41.2302 0
    endloop
  endfacet
  facet normal 0 0 -1
    outer loop
      vertex -158.332 -69.0622 0
      vertex -155.62 -70.1516 0
      vertex -156.047 -70.8407 0
    endloop
  endfacet
  facet normal 0 0 -1
    outer loop
      vertex -158.332 -69.0622 0
      vertex -155.77 -68.2216 0
      vertex -155.62 -70.1516 0
    endloop
  endfacet
  facet normal -0 0 -1
    outer loop
      vertex -152.874 -45.4656 0
      vertex -152.934 -45.6316 0
      vertex -155.76 -44.685 0
    endloop
  endfacet
  facet normal 0 0 -1
    outer loop
      vertex -155.737 -68.116 0
      vertex -158.771 -67.22 0
      vertex -158.058 -65.8805 0
    endloop
  endfacet
  facet normal 0 -0 -1
    outer loop
      vertex -155.62 -70.1516 0
      vertex -155.574 -70.2481 0
      vertex -155.903 -70.72 0
    endloop
  endfacet
  facet normal 0 0 -1
    outer loop
      vertex -156.794 -72.776 0
      vertex -156.047 -70.8407 0
      vertex -156.375 -72.4905 0
    endloop
  endfacet
  facet normal 0 0 -1
    outer loop
      vertex -155.762 -44.6532 0
      vertex -156.318 -41.5863 0
      vertex -155.348 -41.304 0
    endloop
  endfacet
  facet normal 0 0 -1
    outer loop
      vertex -155.574 -70.2481 0
      vertex -155.396 -70.4196 0
      vertex -155.551 -70.712 0
    endloop
  endfacet
  facet normal 0 0 -1
    outer loop
      vertex -155.903 -70.72 0
      vertex -155.574 -70.2481 0
      vertex -155.551 -70.712 0
    endloop
  endfacet
  facet normal 0 0 -1
    outer loop
      vertex -152.465 -47.6066 0
      vertex -155.602 -48.9445 0
      vertex -155.601 -48.9005 0
    endloop
  endfacet
  facet normal 0 0 -1
    outer loop
      vertex -156.047 -70.8407 0
      vertex -155.62 -70.1516 0
      vertex -155.903 -70.72 0
    endloop
  endfacet
  facet normal 0 0 -1
    outer loop
      vertex -158.334 -69.0044 0
      vertex -155.77 -68.2216 0
      vertex -158.332 -69.0622 0
    endloop
  endfacet
  facet normal 0 0 -1
    outer loop
      vertex -156.186 -52.2881 0
      vertex -156.715 -53.128 0
      vertex -156.668 -52.7513 0
    endloop
  endfacet
  facet normal 0 0 -1
    outer loop
      vertex -158.044 -65.8442 0
      vertex -154.937 -65.8682 0
      vertex -155.309 -67.5836 0
    endloop
  endfacet
  facet normal 0 0 -1
    outer loop
      vertex -152.563 -60.9615 0
      vertex -156.841 -60.6633 0
      vertex -156.986 -59.3636 0
    endloop
  endfacet
  facet normal 0 0 -1
    outer loop
      vertex -153.13 -62.6869 0
      vertex -152.565 -61.0954 0
      vertex -153.001 -62.5904 0
    endloop
  endfacet
  facet normal 0 0 -1
    outer loop
      vertex -152.563 -60.9615 0
      vertex -156.986 -59.3636 0
      vertex -152.576 -58.4724 0
    endloop
  endfacet
  facet normal 0 0 -1
    outer loop
      vertex -150.987 -52.1386 0
      vertex -156.301 -53.8341 0
      vertex -156.142 -52.2045 0
    endloop
  endfacet
  facet normal -0 0 -1
    outer loop
      vertex -149.079 -52.5888 0
      vertex -149.803 -54.9401 0
      vertex -150.151 -52.4272 0
    endloop
  endfacet
  facet normal 0 0 -1
    outer loop
      vertex -152.565 -61.0954 0
      vertex -152.012 -62.2381 0
      vertex -152.481 -62.5532 0
    endloop
  endfacet
  facet normal 0 0 -1
    outer loop
      vertex -153.001 -62.5904 0
      vertex -152.565 -61.0954 0
      vertex -152.481 -62.5532 0
    endloop
  endfacet
  facet normal 0 0 -1
    outer loop
      vertex -155.762 -44.6532 0
      vertex -153.409 -42.9594 0
      vertex -153.365 -43.047 0
    endloop
  endfacet
  facet normal 0 0 -1
    outer loop
      vertex -156.282 -53.9325 0
      vertex -151.73 -55.7826 0
      vertex -151.788 -55.8268 0
    endloop
  endfacet
  facet normal 0 0 -1
    outer loop
      vertex -152.563 -60.9615 0
      vertex -152.576 -58.4724 0
      vertex -152.188 -60.2296 0
    endloop
  endfacet
  facet normal -0 0 -1
    outer loop
      vertex -152.895 -46.476 0
      vertex -155.84 -47.0827 0
      vertex -152.926 -46.2791 0
    endloop
  endfacet
  facet normal -0 0 -1
    outer loop
      vertex -150.987 -52.1386 0
      vertex -156.142 -52.2045 0
      vertex -155.602 -48.9445 0
    endloop
  endfacet
  facet normal 0 0 -1
    outer loop
      vertex -152.56 -58.3647 0
      vertex -152.495 -56.8545 0
      vertex -152.129 -57.6231 0
    endloop
  endfacet
  facet normal 0 0 -1
    outer loop
      vertex -149.803 -54.9401 0
      vertex -150.877 -52.2552 0
      vertex -150.217 -52.4253 0
    endloop
  endfacet
  facet normal 0 0 -1
    outer loop
      vertex -155.84 -47.0827 0
      vertex -152.934 -45.6316 0
      vertex -152.926 -46.2791 0
    endloop
  endfacet
  facet normal -0 0 -1
    outer loop
      vertex -154.098 -40.6736 0
      vertex -154.987 -40.7202 0
      vertex -154.168 -40.5994 0
    endloop
  endfacet
  facet normal 0 -0 -1
    outer loop
      vertex -149.373 -52.2733 0
      vertex -149.079 -52.5888 0
      vertex -150.151 -52.4272 0
    endloop
  endfacet
  facet normal -0 -0 -1
    outer loop
      vertex -150.151 -52.4272 0
      vertex -149.803 -54.9401 0
      vertex -150.217 -52.4253 0
    endloop
  endfacet
  facet normal 0 0 -1
    outer loop
      vertex -152.779 -44.6289 0
      vertex -152.793 -44.7889 0
      vertex -155.76 -44.685 0
    endloop
  endfacet
  facet normal -0 0 -1
    outer loop
      vertex -149.803 -54.9401 0
      vertex -151.73 -55.7826 0
      vertex -150.877 -52.2552 0
    endloop
  endfacet
  facet normal -0 0 -1
    outer loop
      vertex -150.877 -52.2552 0
      vertex -151.73 -55.7826 0
      vertex -150.987 -52.1386 0
    endloop
  endfacet
  facet normal 0 0 -1
    outer loop
      vertex -150.987 -52.1386 0
      vertex -156.282 -53.9325 0
      vertex -156.301 -53.8341 0
    endloop
  endfacet
  facet normal 0 -0 -1
    outer loop
      vertex -151.69 -48.5268 0
      vertex -150.987 -52.1386 0
      vertex -155.602 -48.9445 0
    endloop
  endfacet
  facet normal -0 0 -1
    outer loop
      vertex -152.465 -47.6066 0
      vertex -155.601 -48.9005 0
      vertex -152.496 -47.4741 0
    endloop
  endfacet
  facet normal 0 0 -1
    outer loop
      vertex -155.257 -41.2302 0
      vertex -153.679 -40.8877 0
      vertex -153.409 -42.9594 0
    endloop
  endfacet
  facet normal -0 0 -1
    outer loop
      vertex -154.168 -40.5994 0
      vertex -154.972 -40.6257 0
      vertex -155.066 -40.0558 0
    endloop
  endfacet
  facet normal 0 0 -1
    outer loop
      vertex -154.987 -40.7202 0
      vertex -154.972 -40.6257 0
      vertex -154.168 -40.5994 0
    endloop
  endfacet
  facet normal 0 0 -1
    outer loop
      vertex -152.496 -47.4741 0
      vertex -152.895 -46.476 0
      vertex -152.358 -46.916 0
    endloop
  endfacet
  facet normal 0 -0 -1
    outer loop
      vertex -154.54 -39.7374 0
      vertex -154.168 -40.5994 0
      vertex -155.066 -40.0558 0
    endloop
  endfacet
  facet normal 0 -0 -1
    outer loop
      vertex -155.257 -41.2302 0
      vertex -153.409 -42.9594 0
      vertex -155.348 -41.304 0
    endloop
  endfacet
  facet normal 0 0 -1
    outer loop
      vertex -152.926 -46.2791 0
      vertex -152.934 -45.6316 0
      vertex -152.803 -46.0863 0
    endloop
  endfacet
  facet normal 0 0 -1
    outer loop
      vertex -155.762 -44.6532 0
      vertex -152.779 -44.6289 0
      vertex -155.76 -44.685 0
    endloop
  endfacet
  facet normal 0 -0 -1
    outer loop
      vertex -165.826 -130.947 0
      vertex -164.887 -131.6 0
      vertex -165.958 -131.14 0
    endloop
  endfacet
  facet normal 0 0 -1
    outer loop
      vertex -152.874 -45.4656 0
      vertex -152.793 -44.7889 0
      vertex -152.555 -45.2503 0
    endloop
  endfacet
  facet normal 0 -0 -1
    outer loop
      vertex -153.365 -43.047 0
      vertex -152.779 -44.6289 0
      vertex -155.762 -44.6532 0
    endloop
  endfacet
  facet normal 0 0 -1
    outer loop
      vertex -152.779 -44.6289 0
      vertex -153.365 -43.047 0
      vertex -152.34 -44.0541 0
    endloop
  endfacet
  facet normal -0 0 -1
    outer loop
      vertex -152.793 -44.7889 0
      vertex -152.874 -45.4656 0
      vertex -155.76 -44.685 0
    endloop
  endfacet
  facet normal 0 -0 -1
    outer loop
      vertex -155.76 -44.685 0
      vertex -152.934 -45.6316 0
      vertex -155.84 -47.0827 0
    endloop
  endfacet
  facet normal 0 0 -1
    outer loop
      vertex -156.282 -53.9325 0
      vertex -150.987 -52.1386 0
      vertex -151.73 -55.7826 0
    endloop
  endfacet
  facet normal 0 0 -1
    outer loop
      vertex -152.478 -56.6968 0
      vertex -156.282 -53.9325 0
      vertex -151.788 -55.8268 0
    endloop
  endfacet
  facet normal -0 0 -1
    outer loop
      vertex -153.409 -42.9594 0
      vertex -155.762 -44.6532 0
      vertex -155.348 -41.304 0
    endloop
  endfacet
  facet normal 0 0 -1
    outer loop
      vertex -155.84 -47.0827 0
      vertex -152.895 -46.476 0
      vertex -152.496 -47.4741 0
    endloop
  endfacet
  facet normal 0 -0 -1
    outer loop
      vertex -156.841 -60.6633 0
      vertex -152.563 -60.9615 0
      vertex -156.844 -60.7142 0
    endloop
  endfacet
  facet normal 0 0 -1
    outer loop
      vertex -155.737 -68.116 0
      vertex -158.058 -65.8805 0
      vertex -155.309 -67.5836 0
    endloop
  endfacet
  facet normal -0 0 -1
    outer loop
      vertex -156.047 -70.8407 0
      vertex -156.794 -72.776 0
      vertex -158.576 -70.4271 0
    endloop
  endfacet
  facet normal 0 0 -1
    outer loop
      vertex -156.142 -52.2045 0
      vertex -156.301 -53.8341 0
      vertex -156.186 -52.2881 0
    endloop
  endfacet
  facet normal 0 0 -1
    outer loop
      vertex -155.601 -48.9005 0
      vertex -155.84 -47.0827 0
      vertex -152.496 -47.4741 0
    endloop
  endfacet
  facet normal -0 0 -1
    outer loop
      vertex -151.69 -48.5268 0
      vertex -155.602 -48.9445 0
      vertex -152.465 -47.6066 0
    endloop
  endfacet
  facet normal 0 0 -1
    outer loop
      vertex -152.478 -56.6968 0
      vertex -156.678 -56.5378 0
      vertex -156.282 -53.9325 0
    endloop
  endfacet
  facet normal 0 0 -1
    outer loop
      vertex -156.186 -52.2881 0
      vertex -156.301 -53.8341 0
      vertex -156.715 -53.128 0
    endloop
  endfacet
  facet normal 0 0 -1
    outer loop
      vertex -156.412 -58.0033 0
      vertex -152.56 -58.3647 0
      vertex -152.576 -58.4724 0
    endloop
  endfacet
  facet normal 0 0 -1
    outer loop
      vertex -152.495 -56.8545 0
      vertex -152.56 -58.3647 0
      vertex -156.412 -58.0033 0
    endloop
  endfacet
  facet normal 0 0 -1
    outer loop
      vertex -156.986 -59.3636 0
      vertex -156.423 -58.0907 0
      vertex -152.576 -58.4724 0
    endloop
  endfacet
  facet normal 0 -0 -1
    outer loop
      vertex -158.044 -65.8442 0
      vertex -155.309 -67.5836 0
      vertex -158.058 -65.8805 0
    endloop
  endfacet
  facet normal 0 0 -1
    outer loop
      vertex -155.888 -78.2756 0
      vertex -159.275 -78.0409 0
      vertex -158.649 -76.9338 0
    endloop
  endfacet
  facet normal -0 0 -1
    outer loop
      vertex -152.478 -56.6968 0
      vertex -152.495 -56.8545 0
      vertex -156.678 -56.5378 0
    endloop
  endfacet
  facet normal 0 0 -1
    outer loop
      vertex -156.423 -58.0907 0
      vertex -156.412 -58.0033 0
      vertex -152.576 -58.4724 0
    endloop
  endfacet
  facet normal -0 0 -1
    outer loop
      vertex -153.851 -64.5918 0
      vertex -154.903 -65.8015 0
      vertex -156.844 -60.7142 0
    endloop
  endfacet
  facet normal 0 0 -1
    outer loop
      vertex -156.844 -60.7142 0
      vertex -152.565 -61.0954 0
      vertex -153.13 -62.6869 0
    endloop
  endfacet
  facet normal -0 0 -1
    outer loop
      vertex -152.563 -60.9615 0
      vertex -152.565 -61.0954 0
      vertex -156.844 -60.7142 0
    endloop
  endfacet
  facet normal 0 0 -1
    outer loop
      vertex -158.044 -65.8442 0
      vertex -156.844 -60.7142 0
      vertex -154.903 -65.8015 0
    endloop
  endfacet
  facet normal 0 0 -1
    outer loop
      vertex -158.522 -70.3322 0
      vertex -158.332 -69.0622 0
      vertex -156.047 -70.8407 0
    endloop
  endfacet
  facet normal 0 0 -1
    outer loop
      vertex -154.903 -65.8015 0
      vertex -154.937 -65.8682 0
      vertex -158.044 -65.8442 0
    endloop
  endfacet
  facet normal -0 0 -1
    outer loop
      vertex -155.77 -68.2216 0
      vertex -158.334 -69.0044 0
      vertex -158.771 -67.22 0
    endloop
  endfacet
  facet normal -0 0 -1
    outer loop
      vertex -155.732 -81.0934 0
      vertex -155.812 -81.1828 0
      vertex -159.101 -79.482 0
    endloop
  endfacet
  facet normal -0 0 -1
    outer loop
      vertex -155.812 -81.1828 0
      vertex -156.558 -83.4282 0
      vertex -159.867 -80.922 0
    endloop
  endfacet
  facet normal 0 0 -1
    outer loop
      vertex -159.867 -80.922 0
      vertex -156.558 -83.4282 0
      vertex -156.88 -83.67 0
    endloop
  endfacet
  facet normal -0 0 -1
    outer loop
      vertex -156.698 -74.7684 0
      vertex -158.631 -76.8439 0
      vertex -156.998 -74.0584 0
    endloop
  endfacet
  facet normal 0 -0 -1
    outer loop
      vertex -158.576 -70.4271 0
      vertex -156.794 -72.776 0
      vertex -159.199 -71.5598 0
    endloop
  endfacet
  facet normal 0 0 -1
    outer loop
      vertex -155.754 -77.4641 0
      vertex -158.649 -76.9338 0
      vertex -158.631 -76.8439 0
    endloop
  endfacet
  facet normal 0 0 -1
    outer loop
      vertex -159.119 -79.5728 0
      vertex -159.101 -79.482 0
      vertex -155.812 -81.1828 0
    endloop
  endfacet
  facet normal 0 0 -1
    outer loop
      vertex -157.97 -87.1574 0
      vertex -161.162 -85.1648 0
      vertex -160.375 -83.463 0
    endloop
  endfacet
  facet normal 0 0 -1
    outer loop
      vertex -161.592 -85.8549 0
      vertex -161.187 -85.276 0
      vertex -158.042 -87.2421 0
    endloop
  endfacet
  facet normal -0 0 -1
    outer loop
      vertex -155.79 -78.4413 0
      vertex -159.101 -79.482 0
      vertex -155.888 -78.2756 0
    endloop
  endfacet
  facet normal 0 0 -1
    outer loop
      vertex -160.375 -83.463 0
      vertex -156.929 -83.8466 0
      vertex -156.63 -84.5804 0
    endloop
  endfacet
  facet normal 0 0 -1
    outer loop
      vertex -157.97 -87.1574 0
      vertex -160.375 -83.463 0
      vertex -156.63 -84.5804 0
    endloop
  endfacet
  facet normal 0 -0 -1
    outer loop
      vertex -158.35 -88.1829 0
      vertex -158.3 -90.7529 0
      vertex -162.552 -89.1045 0
    endloop
  endfacet
  facet normal 0 0 -1
    outer loop
      vertex -160.353 -83.4087 0
      vertex -159.867 -80.922 0
      vertex -156.88 -83.67 0
    endloop
  endfacet
  facet normal 0 0 -1
    outer loop
      vertex -160.375 -83.463 0
      vertex -161.162 -85.1648 0
      vertex -161.232 -84.7534 0
    endloop
  endfacet
  facet normal -0 0 -1
    outer loop
      vertex -158.3 -90.7529 0
      vertex -163.123 -91.4687 0
      vertex -162.552 -89.1045 0
    endloop
  endfacet
  facet normal -0 0 -1
    outer loop
      vertex -158.296 -90.7833 0
      vertex -163.123 -91.4687 0
      vertex -158.3 -90.7529 0
    endloop
  endfacet
  facet normal 0 -0 -1
    outer loop
      vertex -163.446 -89.2824 0
      vertex -162.69 -89.2296 0
      vertex -163.54 -89.5922 0
    endloop
  endfacet
  facet normal 0 0 -1
    outer loop
      vertex -158.35 -88.1829 0
      vertex -162.095 -87.6701 0
      vertex -158.342 -88.1321 0
    endloop
  endfacet
  facet normal 0 0 -1
    outer loop
      vertex -162.095 -87.6701 0
      vertex -161.592 -85.8549 0
      vertex -158.342 -88.1321 0
    endloop
  endfacet
  facet normal 0 0 -1
    outer loop
      vertex -163.54 -90.5379 0
      vertex -162.69 -89.2296 0
      vertex -163.123 -91.4687 0
    endloop
  endfacet
  facet normal 0 0 -1
    outer loop
      vertex -163.54 -89.5922 0
      vertex -162.69 -89.2296 0
      vertex -163.54 -90.5379 0
    endloop
  endfacet
  facet normal 0 0 -1
    outer loop
      vertex -158.743 -93.9391 0
      vertex -163.111 -91.5435 0
      vertex -158.296 -90.7833 0
    endloop
  endfacet
  facet normal 0 0 -1
    outer loop
      vertex -158.818 -94.0461 0
      vertex -163.228 -92.8433 0
      vertex -158.743 -93.9391 0
    endloop
  endfacet
  facet normal 0 0 -1
    outer loop
      vertex -159.413 -95.9336 0
      vertex -162.584 -94.9357 0
      vertex -162.587 -94.8545 0
    endloop
  endfacet
  facet normal -0 0 -1
    outer loop
      vertex -159.413 -95.9336 0
      vertex -159.529 -96.0986 0
      vertex -162.584 -94.9357 0
    endloop
  endfacet
  facet normal 0 -0 -1
    outer loop
      vertex -162.584 -94.9357 0
      vertex -159.529 -96.0986 0
      vertex -162.984 -96.5658 0
    endloop
  endfacet
  facet normal 0 0 -1
    outer loop
      vertex -162.984 -96.5658 0
      vertex -159.529 -96.0986 0
      vertex -159.717 -97.5563 0
    endloop
  endfacet
  facet normal 0 -0 -1
    outer loop
      vertex -161.374 -102.382 0
      vertex -161.121 -102.82 0
      vertex -161.568 -102.854 0
    endloop
  endfacet
  facet normal 0 0 -1
    outer loop
      vertex -160.009 -99.3827 0
      vertex -163.573 -97.1097 0
      vertex -163.032 -96.6436 0
    endloop
  endfacet
  facet normal 0 0 -1
    outer loop
      vertex -159.413 -95.9336 0
      vertex -162.587 -94.8545 0
      vertex -158.818 -94.0461 0
    endloop
  endfacet
  facet normal 0 0 -1
    outer loop
      vertex -163.895 -101.482 0
      vertex -164.216 -100.403 0
      vertex -163.547 -101.644 0
    endloop
  endfacet
  facet normal 0 0 -1
    outer loop
      vertex -160.009 -99.3827 0
      vertex -163.032 -96.6436 0
      vertex -159.728 -97.728 0
    endloop
  endfacet
  facet normal 0 0 -1
    outer loop
      vertex -159.728 -97.728 0
      vertex -162.984 -96.5658 0
      vertex -159.717 -97.5563 0
    endloop
  endfacet
  facet normal 0 0 -1
    outer loop
      vertex -163.547 -101.644 0
      vertex -164.216 -100.403 0
      vertex -162.237 -101.486 0
    endloop
  endfacet
  facet normal 0 0 -1
    outer loop
      vertex -160.962 -102.947 0
      vertex -160.742 -102.118 0
      vertex -159.944 -102.023 0
    endloop
  endfacet
  facet normal 0 0 -1
    outer loop
      vertex -160.852 -104.324 0
      vertex -160.446 -104.679 0
      vertex -160.47 -104.769 0
    endloop
  endfacet
  facet normal 0 0 -1
    outer loop
      vertex -162.143 -113.786 0
      vertex -159.836 -115.805 0
      vertex -159.866 -115.936 0
    endloop
  endfacet
  facet normal 0 0 -1
    outer loop
      vertex -162.651 -109.553 0
      vertex -162.581 -108.903 0
      vertex -162.334 -108.823 0
    endloop
  endfacet
  facet normal 0 0 -1
    outer loop
      vertex -160.823 -101.431 0
      vertex -161.242 -101.909 0
      vertex -162.046 -101.45 0
    endloop
  endfacet
  facet normal 0 0 -1
    outer loop
      vertex -162.237 -101.486 0
      vertex -162.83 -102.218 0
      vertex -163.477 -101.849 0
    endloop
  endfacet
  facet normal 0 0 -1
    outer loop
      vertex -160.278 -104.418 0
      vertex -160.852 -104.324 0
      vertex -160.772 -104.167 0
    endloop
  endfacet
  facet normal 0 -0 -1
    outer loop
      vertex -161.409 -104.71 0
      vertex -161.302 -104.673 0
      vertex -161.726 -105.05 0
    endloop
  endfacet
  facet normal 0 0 -1
    outer loop
      vertex -161.976 -113.542 0
      vertex -161.568 -111.522 0
      vertex -160.239 -111.938 0
    endloop
  endfacet
  facet normal 0 0 -1
    outer loop
      vertex -161.53 -103.865 0
      vertex -161.435 -103.812 0
      vertex -161.035 -104.287 0
    endloop
  endfacet
  facet normal 0 0 -1
    outer loop
      vertex -163.582 -102.201 0
      vertex -163.648 -102.177 0
      vertex -163.477 -101.849 0
    endloop
  endfacet
  facet normal 0 0 -1
    outer loop
      vertex -162.046 -101.45 0
      vertex -160.02 -99.4441 0
      vertex -160.823 -101.431 0
    endloop
  endfacet
  facet normal 0 0 -1
    outer loop
      vertex -162.83 -102.218 0
      vertex -163.582 -102.201 0
      vertex -163.477 -101.849 0
    endloop
  endfacet
  facet normal 0 0 -1
    outer loop
      vertex -162.237 -101.486 0
      vertex -164.216 -100.403 0
      vertex -162.046 -101.45 0
    endloop
  endfacet
  facet normal 0 0 -1
    outer loop
      vertex -160.02 -99.4441 0
      vertex -162.046 -101.45 0
      vertex -164.216 -100.403 0
    endloop
  endfacet
  facet normal 0 0 -1
    outer loop
      vertex -160.653 -102.009 0
      vertex -160.563 -101.559 0
      vertex -159.95 -101.984 0
    endloop
  endfacet
  facet normal 0 0 -1
    outer loop
      vertex -160.823 -101.431 0
      vertex -160.02 -99.4441 0
      vertex -160.651 -101.392 0
    endloop
  endfacet
  facet normal 0 0 -1
    outer loop
      vertex -160.651 -101.392 0
      vertex -160.02 -99.4441 0
      vertex -159.95 -101.984 0
    endloop
  endfacet
  facet normal 0 0 -1
    outer loop
      vertex -160.563 -101.559 0
      vertex -160.651 -101.392 0
      vertex -159.95 -101.984 0
    endloop
  endfacet
  facet normal 0 0 -1
    outer loop
      vertex -159.944 -102.023 0
      vertex -160.653 -102.009 0
      vertex -159.95 -101.984 0
    endloop
  endfacet
  facet normal 0 0 -1
    outer loop
      vertex -160.962 -102.947 0
      vertex -161.121 -102.82 0
      vertex -160.742 -102.118 0
    endloop
  endfacet
  facet normal 0 0 -1
    outer loop
      vertex -161.374 -102.382 0
      vertex -161.568 -102.854 0
      vertex -161.644 -102.75 0
    endloop
  endfacet
  facet normal -0 0 -1
    outer loop
      vertex -159.614 -103.114 0
      vertex -160.331 -103.661 0
      vertex -160.962 -102.947 0
    endloop
  endfacet
  facet normal 0 0 -1
    outer loop
      vertex -160.772 -104.167 0
      vertex -160.962 -102.947 0
      vertex -160.388 -103.806 0
    endloop
  endfacet
  facet normal 0 0 -1
    outer loop
      vertex -160.962 -102.947 0
      vertex -160.331 -103.661 0
      vertex -160.388 -103.806 0
    endloop
  endfacet
  facet normal 0 0 -1
    outer loop
      vertex -160.742 -102.118 0
      vertex -161.121 -102.82 0
      vertex -161.374 -102.382 0
    endloop
  endfacet
  facet normal 0 0 -1
    outer loop
      vertex -159.614 -103.114 0
      vertex -160.962 -102.947 0
      vertex -159.944 -102.023 0
    endloop
  endfacet
  facet normal -0 0 -1
    outer loop
      vertex -160.278 -104.418 0
      vertex -160.446 -104.679 0
      vertex -160.852 -104.324 0
    endloop
  endfacet
  facet normal 0 -0 -1
    outer loop
      vertex -161.035 -104.287 0
      vertex -160.852 -104.324 0
      vertex -161.262 -104.502 0
    endloop
  endfacet
  facet normal 0 -0 -1
    outer loop
      vertex -161.262 -104.502 0
      vertex -160.852 -104.324 0
      vertex -161.302 -104.673 0
    endloop
  endfacet
  facet normal 0 0 -1
    outer loop
      vertex -161.262 -104.502 0
      vertex -161.53 -103.865 0
      vertex -161.035 -104.287 0
    endloop
  endfacet
  facet normal 0 0 -1
    outer loop
      vertex -161.302 -104.673 0
      vertex -160.852 -104.324 0
      vertex -160.47 -104.769 0
    endloop
  endfacet
  facet normal 0 0 -1
    outer loop
      vertex -161.726 -105.05 0
      vertex -161.302 -104.673 0
      vertex -160.47 -104.769 0
    endloop
  endfacet
  facet normal 0 -0 -1
    outer loop
      vertex -161.613 -104.697 0
      vertex -161.409 -104.71 0
      vertex -161.726 -105.05 0
    endloop
  endfacet
  facet normal 0 0 -1
    outer loop
      vertex -160.313 -106.365 0
      vertex -161.663 -106.309 0
      vertex -160.38 -106.249 0
    endloop
  endfacet
  facet normal 0 0 -1
    outer loop
      vertex -162.233 -107.053 0
      vertex -161.854 -106.33 0
      vertex -161.663 -106.309 0
    endloop
  endfacet
  facet normal 0 0 -1
    outer loop
      vertex -162.063 -107.942 0
      vertex -162.233 -107.053 0
      vertex -161.663 -106.309 0
    endloop
  endfacet
  facet normal -0 0 -1
    outer loop
      vertex -159.934 -107.14 0
      vertex -162.063 -107.942 0
      vertex -161.663 -106.309 0
    endloop
  endfacet
  facet normal 0 0 -1
    outer loop
      vertex -161.401 -110.333 0
      vertex -162.651 -109.553 0
      vertex -162.334 -108.823 0
    endloop
  endfacet
  facet normal -0 0 -1
    outer loop
      vertex -159.73 -109.426 0
      vertex -161.401 -110.333 0
      vertex -162.234 -108.715 0
    endloop
  endfacet
  facet normal 0 0 -1
    outer loop
      vertex -160.142 -111.35 0
      vertex -161.36 -110.959 0
      vertex -161.33 -110.469 0
    endloop
  endfacet
  facet normal 0 0 -1
    outer loop
      vertex -160.142 -111.35 0
      vertex -161.33 -110.469 0
      vertex -159.75 -110.286 0
    endloop
  endfacet
  facet normal 0 0 -1
    outer loop
      vertex -162.899 -112.249 0
      vertex -161.568 -111.522 0
      vertex -162.626 -112.912 0
    endloop
  endfacet
  facet normal 0 0 -1
    outer loop
      vertex -166.666 -115.118 0
      vertex -164.775 -114.798 0
      vertex -165.4 -115.963 0
    endloop
  endfacet
  facet normal 0 0 -1
    outer loop
      vertex -163.39 -114.68 0
      vertex -163.457 -114.555 0
      vertex -163.354 -113.873 0
    endloop
  endfacet
  facet normal 0 0 -1
    outer loop
      vertex -161.33 -110.469 0
      vertex -161.401 -110.333 0
      vertex -159.75 -110.286 0
    endloop
  endfacet
  facet normal 0 0 -1
    outer loop
      vertex -161.401 -110.333 0
      vertex -159.73 -109.426 0
      vertex -159.75 -110.286 0
    endloop
  endfacet
  facet normal 0 0 -1
    outer loop
      vertex -161.36 -110.959 0
      vertex -160.142 -111.35 0
      vertex -160.289 -111.518 0
    endloop
  endfacet
  facet normal -0 -0 -1
    outer loop
      vertex -160.289 -111.518 0
      vertex -160.239 -111.938 0
      vertex -161.496 -111.432 0
    endloop
  endfacet
  facet normal 0 -0 -1
    outer loop
      vertex -161.36 -110.959 0
      vertex -160.289 -111.518 0
      vertex -161.366 -110.992 0
    endloop
  endfacet
  facet normal 0 -0 -1
    outer loop
      vertex -162.974 -112.572 0
      vertex -162.714 -112.871 0
      vertex -163.029 -112.838 0
    endloop
  endfacet
  facet normal 0 0 -1
    outer loop
      vertex -162.899 -112.249 0
      vertex -162.626 -112.912 0
      vertex -162.714 -112.871 0
    endloop
  endfacet
  facet normal 0 0 -1
    outer loop
      vertex -163.744 -114.364 0
      vertex -163.711 -113.887 0
      vertex -163.447 -113.9 0
    endloop
  endfacet
  facet normal 0 0 -1
    outer loop
      vertex -162.143 -113.786 0
      vertex -163.391 -115.088 0
      vertex -163.39 -115.07 0
    endloop
  endfacet
  facet normal 0 -0 -1
    outer loop
      vertex -163.391 -115.088 0
      vertex -159.866 -115.936 0
      vertex -163.541 -116.358 0
    endloop
  endfacet
  facet normal 0 0 -1
    outer loop
      vertex -162.626 -112.912 0
      vertex -161.568 -111.522 0
      vertex -161.976 -113.542 0
    endloop
  endfacet
  facet normal 0 0 -1
    outer loop
      vertex -163.354 -113.873 0
      vertex -162.795 -113.482 0
      vertex -162.143 -113.786 0
    endloop
  endfacet
  facet normal 0 0 -1
    outer loop
      vertex -161.976 -113.542 0
      vertex -160.124 -112.066 0
      vertex -159.59 -114.048 0
    endloop
  endfacet
  facet normal 0 -0 -1
    outer loop
      vertex -160.239 -111.938 0
      vertex -160.124 -112.066 0
      vertex -161.976 -113.542 0
    endloop
  endfacet
  facet normal -0 0 -1
    outer loop
      vertex -159.59 -114.048 0
      vertex -159.6 -114.878 0
      vertex -161.945 -113.716 0
    endloop
  endfacet
  facet normal 0 0 -1
    outer loop
      vertex -163.744 -114.364 0
      vertex -163.447 -113.9 0
      vertex -163.457 -114.555 0
    endloop
  endfacet
  facet normal 0 -0 -1
    outer loop
      vertex -163.447 -113.9 0
      vertex -163.354 -113.873 0
      vertex -163.457 -114.555 0
    endloop
  endfacet
  facet normal 0 0 -1
    outer loop
      vertex -163.39 -115.07 0
      vertex -163.39 -114.68 0
      vertex -162.143 -113.786 0
    endloop
  endfacet
  facet normal 0 0 -1
    outer loop
      vertex -163.541 -116.358 0
      vertex -159.866 -115.936 0
      vertex -159.98 -117.968 0
    endloop
  endfacet
  facet normal 0 0 -1
    outer loop
      vertex -163.554 -116.404 0
      vertex -163.541 -116.358 0
      vertex -159.98 -117.968 0
    endloop
  endfacet
  facet normal 0 0 -1
    outer loop
      vertex -160.02 -118.08 0
      vertex -163.964 -117.274 0
      vertex -163.554 -116.404 0
    endloop
  endfacet
  facet normal 0 -0 -1
    outer loop
      vertex -164.165 -117.345 0
      vertex -163.964 -117.274 0
      vertex -164.651 -118.464 0
    endloop
  endfacet
  facet normal 0 0 -1
    outer loop
      vertex -163.39 -114.68 0
      vertex -163.354 -113.873 0
      vertex -162.143 -113.786 0
    endloop
  endfacet
  facet normal -0 0 -1
    outer loop
      vertex -159.98 -117.968 0
      vertex -160.02 -118.08 0
      vertex -163.554 -116.404 0
    endloop
  endfacet
  facet normal 0 -0 -1
    outer loop
      vertex -162.143 -113.786 0
      vertex -159.866 -115.936 0
      vertex -163.391 -115.088 0
    endloop
  endfacet
  facet normal -0 0 -1
    outer loop
      vertex -160.02 -118.08 0
      vertex -160.874 -120.122 0
      vertex -163.964 -117.274 0
    endloop
  endfacet
  facet normal 0 0 -1
    outer loop
      vertex -163.964 -117.274 0
      vertex -164.63 -118.544 0
      vertex -164.651 -118.464 0
    endloop
  endfacet
  facet normal 0 0 -1
    outer loop
      vertex -164.63 -118.544 0
      vertex -160.874 -120.122 0
      vertex -163.781 -120.623 0
    endloop
  endfacet
  facet normal 0 0 -1
    outer loop
      vertex -164.687 -119.309 0
      vertex -163.781 -120.623 0
      vertex -164.657 -120.425 0
    endloop
  endfacet
  facet normal 0 -0 -1
    outer loop
      vertex -166.375 -115.817 0
      vertex -165.463 -116.134 0
      vertex -166.393 -116.005 0
    endloop
  endfacet
  facet normal 0 0 -1
    outer loop
      vertex -166.522 -116.936 0
      vertex -165.463 -116.134 0
      vertex -166.48 -117.05 0
    endloop
  endfacet
  facet normal -0 -0 -1
    outer loop
      vertex -164.642 -116.25 0
      vertex -164.471 -117.049 0
      vertex -165.322 -116.24 0
    endloop
  endfacet
  facet normal 0 -0 -1
    outer loop
      vertex -163.995 -114.997 0
      vertex -163.952 -115.599 0
      vertex -164.04 -115.013 0
    endloop
  endfacet
  facet normal 0 -0 -1
    outer loop
      vertex -164.04 -115.013 0
      vertex -163.952 -115.599 0
      vertex -164.223 -115.91 0
    endloop
  endfacet
  facet normal -0 0 -1
    outer loop
      vertex -164.663 -115.501 0
      vertex -165.4 -115.963 0
      vertex -164.725 -115.257 0
    endloop
  endfacet
  facet normal 0 -0 -1
    outer loop
      vertex -164.223 -115.91 0
      vertex -163.952 -115.599 0
      vertex -164.275 -115.996 0
    endloop
  endfacet
  facet normal 0 -0 -1
    outer loop
      vertex -164.275 -115.996 0
      vertex -163.952 -115.599 0
      vertex -164.471 -117.049 0
    endloop
  endfacet
  facet normal 0 0 -1
    outer loop
      vertex -164.642 -116.25 0
      vertex -164.545 -116.216 0
      vertex -164.471 -117.049 0
    endloop
  endfacet
  facet normal 0 0 -1
    outer loop
      vertex -164.545 -116.216 0
      vertex -164.275 -115.996 0
      vertex -164.471 -117.049 0
    endloop
  endfacet
  facet normal 0 0 -1
    outer loop
      vertex -166.375 -115.817 0
      vertex -165.4 -115.963 0
      vertex -165.463 -116.134 0
    endloop
  endfacet
  facet normal -0 0 -1
    outer loop
      vertex -165.463 -116.134 0
      vertex -166.522 -116.936 0
      vertex -166.393 -116.005 0
    endloop
  endfacet
  facet normal 0 0 -1
    outer loop
      vertex -164.723 -115.173 0
      vertex -164.725 -115.257 0
      vertex -165.4 -115.963 0
    endloop
  endfacet
  facet normal -0 0 -1
    outer loop
      vertex -164.245 -113.712 0
      vertex -164.577 -113.868 0
      vertex -164.329 -113.674 0
    endloop
  endfacet
  facet normal 0 0 -1
    outer loop
      vertex -164.723 -115.173 0
      vertex -164.775 -114.798 0
      vertex -164.651 -114.664 0
    endloop
  endfacet
  facet normal 0 0 -1
    outer loop
      vertex -164.723 -115.173 0
      vertex -164.651 -114.664 0
      vertex -164.245 -113.712 0
    endloop
  endfacet
  facet normal 0 0 -1
    outer loop
      vertex -164.651 -114.664 0
      vertex -164.577 -113.868 0
      vertex -164.245 -113.712 0
    endloop
  endfacet
  facet normal 0 0 -1
    outer loop
      vertex -165.4 -115.963 0
      vertex -164.775 -114.798 0
      vertex -164.723 -115.173 0
    endloop
  endfacet
  facet normal 0 0 -1
    outer loop
      vertex -164.174 -122.196 0
      vertex -164.456 -123.34 0
      vertex -165.371 -123.314 0
    endloop
  endfacet
  facet normal 0 -0 -1
    outer loop
      vertex -166.666 -115.118 0
      vertex -166.375 -115.817 0
      vertex -166.678 -115.358 0
    endloop
  endfacet
  facet normal 0 0 -1
    outer loop
      vertex -166.393 -116.005 0
      vertex -166.695 -116.905 0
      vertex -167.821 -117.45 0
    endloop
  endfacet
  facet normal 0 0 -1
    outer loop
      vertex -166.522 -116.936 0
      vertex -166.695 -116.905 0
      vertex -166.393 -116.005 0
    endloop
  endfacet
  facet normal 0 0 -1
    outer loop
      vertex -164.905 -121.647 0
      vertex -164.863 -120.944 0
      vertex -164.408 -121.538 0
    endloop
  endfacet
  facet normal -0 0 -1
    outer loop
      vertex -165.322 -116.24 0
      vertex -166.48 -117.05 0
      vertex -165.463 -116.134 0
    endloop
  endfacet
  facet normal 0 0 -1
    outer loop
      vertex -165.592 -117.813 0
      vertex -166.523 -117.684 0
      vertex -166.48 -117.05 0
    endloop
  endfacet
  facet normal -0 0 -1
    outer loop
      vertex -165.592 -117.813 0
      vertex -165.671 -118.048 0
      vertex -166.523 -117.684 0
    endloop
  endfacet
  facet normal 0 0 -1
    outer loop
      vertex -164.471 -117.049 0
      vertex -165.107 -117.784 0
      vertex -165.417 -117.714 0
    endloop
  endfacet
  facet normal 0 -0 -1
    outer loop
      vertex -164.471 -117.049 0
      vertex -164.395 -117.235 0
      vertex -165.107 -117.784 0
    endloop
  endfacet
  facet normal 0 0 -1
    outer loop
      vertex -165.417 -117.714 0
      vertex -166.48 -117.05 0
      vertex -165.322 -116.24 0
    endloop
  endfacet
  facet normal 0 0 -1
    outer loop
      vertex -165.592 -117.813 0
      vertex -166.48 -117.05 0
      vertex -165.417 -117.714 0
    endloop
  endfacet
  facet normal -0 0 -1
    outer loop
      vertex -164.471 -117.049 0
      vertex -165.417 -117.714 0
      vertex -165.322 -116.24 0
    endloop
  endfacet
  facet normal 0 0 -1
    outer loop
      vertex -165.011 -117.854 0
      vertex -165.107 -117.784 0
      vertex -164.395 -117.235 0
    endloop
  endfacet
  facet normal 0 -0 -1
    outer loop
      vertex -163.964 -117.274 0
      vertex -160.874 -120.122 0
      vertex -164.63 -118.544 0
    endloop
  endfacet
  facet normal 0 0 -1
    outer loop
      vertex -165.011 -117.854 0
      vertex -164.165 -117.345 0
      vertex -164.651 -118.464 0
    endloop
  endfacet
  facet normal 0 -0 -1
    outer loop
      vertex -164.63 -118.544 0
      vertex -163.781 -120.623 0
      vertex -164.65 -119.214 0
    endloop
  endfacet
  facet normal 0 0 -1
    outer loop
      vertex -164.408 -121.538 0
      vertex -164.623 -120.644 0
      vertex -163.941 -120.697 0
    endloop
  endfacet
  facet normal 0 0 -1
    outer loop
      vertex -161.294 -121.457 0
      vertex -163.663 -120.74 0
      vertex -160.914 -120.187 0
    endloop
  endfacet
  facet normal -0 0 -1
    outer loop
      vertex -160.809 -122.679 0
      vertex -161.451 -123.529 0
      vertex -162.983 -122.285 0
    endloop
  endfacet
  facet normal 0 0 -1
    outer loop
      vertex -164.905 -121.647 0
      vertex -165.054 -120.98 0
      vertex -164.863 -120.944 0
    endloop
  endfacet
  facet normal 0 0 -1
    outer loop
      vertex -161.451 -123.529 0
      vertex -163.015 -122.52 0
      vertex -162.983 -122.285 0
    endloop
  endfacet
  facet normal 0 -0 -1
    outer loop
      vertex -163.015 -122.52 0
      vertex -161.5 -123.637 0
      vertex -163.325 -122.7 0
    endloop
  endfacet
  facet normal 0 -0 -1
    outer loop
      vertex -165.578 -120.682 0
      vertex -165.054 -120.98 0
      vertex -165.708 -120.894 0
    endloop
  endfacet
  facet normal 0 0 -1
    outer loop
      vertex -165.708 -120.894 0
      vertex -165.054 -120.98 0
      vertex -164.905 -121.647 0
    endloop
  endfacet
  facet normal 0 0 -1
    outer loop
      vertex -165.052 -123.989 0
      vertex -164.314 -125.181 0
      vertex -164.524 -125.201 0
    endloop
  endfacet
  facet normal 0 -0 -1
    outer loop
      vertex -164.623 -120.644 0
      vertex -164.408 -121.538 0
      vertex -164.863 -120.944 0
    endloop
  endfacet
  facet normal 0 0 -1
    outer loop
      vertex -163.488 -122.692 0
      vertex -164.316 -123.448 0
      vertex -164.456 -123.34 0
    endloop
  endfacet
  facet normal 0 0 -1
    outer loop
      vertex -163.663 -120.74 0
      vertex -163.781 -120.623 0
      vertex -160.914 -120.187 0
    endloop
  endfacet
  facet normal 0 0 -1
    outer loop
      vertex -164.687 -119.309 0
      vertex -164.65 -119.214 0
      vertex -163.781 -120.623 0
    endloop
  endfacet
  facet normal 0 0 -1
    outer loop
      vertex -163.781 -120.623 0
      vertex -160.874 -120.122 0
      vertex -160.914 -120.187 0
    endloop
  endfacet
  facet normal 0 0 -1
    outer loop
      vertex -163.442 -121.817 0
      vertex -163.663 -120.74 0
      vertex -161.294 -121.457 0
    endloop
  endfacet
  facet normal 0 0 -1
    outer loop
      vertex -162.983 -122.285 0
      vertex -163.442 -121.817 0
      vertex -161.294 -121.457 0
    endloop
  endfacet
  facet normal -0 0 -1
    outer loop
      vertex -161.451 -123.529 0
      vertex -161.5 -123.637 0
      vertex -163.015 -122.52 0
    endloop
  endfacet
  facet normal 0 -0 -1
    outer loop
      vertex -163.488 -122.692 0
      vertex -163.325 -122.7 0
      vertex -164.316 -123.448 0
    endloop
  endfacet
  facet normal 0 0 -1
    outer loop
      vertex -164.387 -123.621 0
      vertex -164.162 -125.27 0
      vertex -164.314 -125.181 0
    endloop
  endfacet
  facet normal 0 0 -1
    outer loop
      vertex -165.371 -123.314 0
      vertex -165.563 -122.076 0
      vertex -164.174 -122.196 0
    endloop
  endfacet
  facet normal -0 0 -1
    outer loop
      vertex -163.643 -127.295 0
      vertex -163.949 -127.414 0
      vertex -163.97 -127.238 0
    endloop
  endfacet
  facet normal 0 0 -1
    outer loop
      vertex -164.387 -123.621 0
      vertex -164.316 -123.448 0
      vertex -162.394 -125.193 0
    endloop
  endfacet
  facet normal 0 0 -1
    outer loop
      vertex -164.456 -123.34 0
      vertex -164.174 -122.196 0
      vertex -163.488 -122.692 0
    endloop
  endfacet
  facet normal 0 0 -1
    outer loop
      vertex -164.316 -123.448 0
      vertex -163.325 -122.7 0
      vertex -162.394 -125.193 0
    endloop
  endfacet
  facet normal 0 0 -1
    outer loop
      vertex -165.052 -123.989 0
      vertex -164.524 -125.201 0
      vertex -164.655 -125.312 0
    endloop
  endfacet
  facet normal 0 0 -1
    outer loop
      vertex -165.109 -126.563 0
      vertex -165.052 -123.989 0
      vertex -164.655 -125.312 0
    endloop
  endfacet
  facet normal -0 0 -1
    outer loop
      vertex -162.446 -125.277 0
      vertex -164.155 -125.367 0
      vertex -164.162 -125.27 0
    endloop
  endfacet
  facet normal 0 -0 -1
    outer loop
      vertex -163.643 -127.295 0
      vertex -163.421 -127.999 0
      vertex -163.949 -127.414 0
    endloop
  endfacet
  facet normal 0 0 -1
    outer loop
      vertex -165.109 -126.563 0
      vertex -164.655 -125.312 0
      vertex -165.015 -126.666 0
    endloop
  endfacet
  facet normal 0 0 -1
    outer loop
      vertex -162.446 -125.277 0
      vertex -163.26 -126.18 0
      vertex -164.155 -125.367 0
    endloop
  endfacet
  facet normal 0 0 -1
    outer loop
      vertex -164.387 -123.621 0
      vertex -162.394 -125.193 0
      vertex -164.162 -125.27 0
    endloop
  endfacet
  facet normal 0 -0 -1
    outer loop
      vertex -164.387 -123.621 0
      vertex -164.314 -125.181 0
      vertex -165.052 -123.989 0
    endloop
  endfacet
  facet normal 0 0 -1
    outer loop
      vertex -162.446 -125.277 0
      vertex -164.162 -125.27 0
      vertex -162.394 -125.193 0
    endloop
  endfacet
  facet normal 0 0 -1
    outer loop
      vertex -163.395 -126.291 0
      vertex -164.155 -125.367 0
      vertex -163.26 -126.18 0
    endloop
  endfacet
  facet normal 0 0 -1
    outer loop
      vertex -163.97 -127.238 0
      vertex -164.485 -126.678 0
      vertex -163.395 -126.291 0
    endloop
  endfacet
  facet normal 0 0 -1
    outer loop
      vertex -164.485 -126.678 0
      vertex -164.155 -125.367 0
      vertex -163.395 -126.291 0
    endloop
  endfacet
  facet normal 0 0 -1
    outer loop
      vertex -163.643 -127.295 0
      vertex -163.97 -127.238 0
      vertex -163.645 -127.211 0
    endloop
  endfacet
  facet normal 0 0 -1
    outer loop
      vertex -163.421 -127.999 0
      vertex -164.126 -127.483 0
      vertex -163.949 -127.414 0
    endloop
  endfacet
  facet normal 0 0 -1
    outer loop
      vertex -164.25 -128.559 0
      vertex -165.002 -127.88 0
      vertex -164.126 -127.483 0
    endloop
  endfacet
  facet normal -0 0 -1
    outer loop
      vertex -163.421 -127.999 0
      vertex -164.25 -128.559 0
      vertex -164.126 -127.483 0
    endloop
  endfacet
  facet normal -0 0 -1
    outer loop
      vertex -164.126 -127.483 0
      vertex -165.002 -127.88 0
      vertex -164.664 -127.309 0
    endloop
  endfacet
  facet normal 0 0 -1
    outer loop
      vertex -163.49 -129.111 0
      vertex -164.213 -128.731 0
      vertex -163.421 -127.999 0
    endloop
  endfacet
  facet normal 0 0 -1
    outer loop
      vertex -165.126 -128.756 0
      vertex -165.294 -129.781 0
      vertex -165.644 -129.361 0
    endloop
  endfacet
  facet normal -0 -0 -1
    outer loop
      vertex -163.49 -129.111 0
      vertex -163.481 -129.171 0
      vertex -164.213 -128.731 0
    endloop
  endfacet
  facet normal 0 -0 -1
    outer loop
      vertex -164.213 -128.731 0
      vertex -163.481 -129.171 0
      vertex -164.362 -128.819 0
    endloop
  endfacet
  facet normal -0 0 -1
    outer loop
      vertex -164.362 -128.819 0
      vertex -165.294 -129.781 0
      vertex -165.126 -128.756 0
    endloop
  endfacet
  facet normal 0 0 -1
    outer loop
      vertex -163.808 -130.321 0
      vertex -164.182 -130.486 0
      vertex -164.26 -130.327 0
    endloop
  endfacet
  facet normal 0 -0 -1
    outer loop
      vertex -163.481 -129.171 0
      vertex -162.701 -131.311 0
      vertex -163.532 -130.378 0
    endloop
  endfacet
  facet normal -0 0 -1
    outer loop
      vertex -163.481 -129.171 0
      vertex -164.26 -130.327 0
      vertex -164.362 -128.819 0
    endloop
  endfacet
  facet normal 0 0 -1
    outer loop
      vertex -164.728 -130.77 0
      vertex -164.355 -130.608 0
      vertex -164.402 -131.286 0
    endloop
  endfacet
  facet normal 0 0 -1
    outer loop
      vertex -164.728 -130.77 0
      vertex -164.718 -130.546 0
      vertex -164.355 -130.608 0
    endloop
  endfacet
  facet normal 0 -0 -1
    outer loop
      vertex -162.701 -131.311 0
      vertex -162.514 -131.403 0
      vertex -163.862 -131.984 0
    endloop
  endfacet
  facet normal 0 0 -1
    outer loop
      vertex -164.16 -133.118 0
      vertex -162.742 -133.742 0
      vertex -164.14 -134.368 0
    endloop
  endfacet
  facet normal 0 0 -1
    outer loop
      vertex -163.481 -129.171 0
      vertex -163.808 -130.321 0
      vertex -164.26 -130.327 0
    endloop
  endfacet
  facet normal 0 0 -1
    outer loop
      vertex -163.808 -130.321 0
      vertex -164.402 -131.286 0
      vertex -164.182 -130.486 0
    endloop
  endfacet
  facet normal 0 0 -1
    outer loop
      vertex -163.481 -129.171 0
      vertex -163.645 -130.254 0
      vertex -163.808 -130.321 0
    endloop
  endfacet
  facet normal 0 0 -1
    outer loop
      vertex -163.481 -129.171 0
      vertex -163.532 -130.378 0
      vertex -163.645 -130.254 0
    endloop
  endfacet
  facet normal 0 0 -1
    outer loop
      vertex -162.701 -131.311 0
      vertex -163.452 -130.928 0
      vertex -163.532 -130.378 0
    endloop
  endfacet
  facet normal 0 0 -1
    outer loop
      vertex -162.701 -131.311 0
      vertex -163.524 -131.079 0
      vertex -163.452 -130.928 0
    endloop
  endfacet
  facet normal 0 0 -1
    outer loop
      vertex -163.862 -131.984 0
      vertex -163.733 -131.203 0
      vertex -163.524 -131.079 0
    endloop
  endfacet
  facet normal 0 0 -1
    outer loop
      vertex -164.258 -132.979 0
      vertex -164.824 -131.67 0
      vertex -164.084 -132.09 0
    endloop
  endfacet
  facet normal 0 0 -1
    outer loop
      vertex -163.862 -131.984 0
      vertex -162.518 -133.664 0
      vertex -162.742 -133.742 0
    endloop
  endfacet
  facet normal 0 0 -1
    outer loop
      vertex -163.862 -131.984 0
      vertex -162.514 -131.403 0
      vertex -162.518 -133.664 0
    endloop
  endfacet
  facet normal 0 0 -1
    outer loop
      vertex -162.15 -135.12 0
      vertex -162.689 -133.91 0
      vertex -162.103 -135.096 0
    endloop
  endfacet
  facet normal 0 -0 -1
    outer loop
      vertex -164.887 -131.6 0
      vertex -164.824 -131.67 0
      vertex -166.14 -132.281 0
    endloop
  endfacet
  facet normal 0 0 -1
    outer loop
      vertex -166.004 -130.35 0
      vertex -165.381 -130.478 0
      vertex -165.826 -130.947 0
    endloop
  endfacet
  facet normal 0 0 -1
    outer loop
      vertex -166.004 -130.35 0
      vertex -165.849 -130.146 0
      vertex -165.381 -130.478 0
    endloop
  endfacet
  facet normal 0 0 -1
    outer loop
      vertex -163.631 -136.484 0
      vertex -163.616 -136.32 0
      vertex -163.493 -136.417 0
    endloop
  endfacet
  facet normal 0 0 -1
    outer loop
      vertex -165.826 -130.947 0
      vertex -165.381 -130.478 0
      vertex -164.887 -131.6 0
    endloop
  endfacet
  facet normal 0 -0 -1
    outer loop
      vertex -165.958 -131.14 0
      vertex -164.887 -131.6 0
      vertex -166.14 -132.281 0
    endloop
  endfacet
  facet normal 0 0 -1
    outer loop
      vertex -166.652 -131.193 0
      vertex -165.958 -131.14 0
      vertex -166.14 -132.281 0
    endloop
  endfacet
  facet normal 0 0 -1
    outer loop
      vertex -166.14 -132.281 0
      vertex -164.824 -131.67 0
      vertex -164.258 -132.979 0
    endloop
  endfacet
  facet normal -0 0 -1
    outer loop
      vertex -163.987 -132.108 0
      vertex -164.258 -132.979 0
      vertex -164.084 -132.09 0
    endloop
  endfacet
  facet normal 0 0 -1
    outer loop
      vertex -162.15 -135.12 0
      vertex -163.76 -134.934 0
      vertex -162.689 -133.91 0
    endloop
  endfacet
  facet normal 0 0 -1
    outer loop
      vertex -163.878 -134.86 0
      vertex -164.325 -134.824 0
      vertex -164.241 -134.512 0
    endloop
  endfacet
  facet normal 0 0 -1
    outer loop
      vertex -163.76 -134.934 0
      vertex -163.878 -134.86 0
      vertex -164.14 -134.368 0
    endloop
  endfacet
  facet normal 0 0 -1
    outer loop
      vertex -162.15 -135.12 0
      vertex -163.097 -135.833 0
      vertex -163.269 -135.776 0
    endloop
  endfacet
  facet normal 0 0 -1
    outer loop
      vertex -164.325 -134.824 0
      vertex -164.669 -134.57 0
      vertex -164.352 -134.507 0
    endloop
  endfacet
  facet normal 0 0 -1
    outer loop
      vertex -164.669 -134.57 0
      vertex -164.553 -134.416 0
      vertex -164.352 -134.507 0
    endloop
  endfacet
  facet normal 0 0 -1
    outer loop
      vertex -164.655 -137.013 0
      vertex -164.807 -136.405 0
      vertex -164.145 -136.725 0
    endloop
  endfacet
  facet normal 0 0 -1
    outer loop
      vertex -160.089 -135.6 0
      vertex -160.966 -135.268 0
      vertex -160.057 -135.365 0
    endloop
  endfacet
  facet normal 0 0 -1
    outer loop
      vertex -164.325 -134.824 0
      vertex -164.352 -134.507 0
      vertex -164.241 -134.512 0
    endloop
  endfacet
  facet normal 0 0 -1
    outer loop
      vertex -163.76 -134.934 0
      vertex -164.14 -134.368 0
      vertex -162.689 -133.91 0
    endloop
  endfacet
  facet normal -0 0 -1
    outer loop
      vertex -161.434 -136.484 0
      vertex -161.642 -137.091 0
      vertex -162.712 -136.441 0
    endloop
  endfacet
  facet normal 0 0 -1
    outer loop
      vertex -161.546 -137.283 0
      vertex -161.378 -137.228 0
      vertex -161.509 -137.558 0
    endloop
  endfacet
  facet normal 0 0 -1
    outer loop
      vertex -160.594 -137.523 0
      vertex -161.038 -136.758 0
      vertex -160.471 -137.493 0
    endloop
  endfacet
  facet normal 0 0 -1
    outer loop
      vertex -160.953 -135.168 0
      vertex -161.063 -134.658 0
      vertex -160.057 -135.365 0
    endloop
  endfacet
  facet normal 0 0 -1
    outer loop
      vertex -162.689 -133.91 0
      vertex -161.57 -134.741 0
      vertex -162.103 -135.096 0
    endloop
  endfacet
  facet normal 0 0 -1
    outer loop
      vertex -161.063 -134.658 0
      vertex -161.026 -134.196 0
      vertex -160.057 -135.365 0
    endloop
  endfacet
  facet normal 0 -0 -1
    outer loop
      vertex -161.57 -134.741 0
      vertex -161.516 -134.919 0
      vertex -162.103 -135.096 0
    endloop
  endfacet
  facet normal 0 0 -1
    outer loop
      vertex -161.054 -134.06 0
      vertex -162.518 -133.664 0
      vertex -160.821 -133.222 0
    endloop
  endfacet
  facet normal -0 0 -1
    outer loop
      vertex -162.689 -133.91 0
      vertex -164.14 -134.368 0
      vertex -162.742 -133.742 0
    endloop
  endfacet
  facet normal 0 -0 -1
    outer loop
      vertex -163.862 -131.984 0
      vertex -162.742 -133.742 0
      vertex -164.16 -133.118 0
    endloop
  endfacet
  facet normal 0 0 -1
    outer loop
      vertex -162.518 -133.664 0
      vertex -162.514 -131.403 0
      vertex -160.821 -133.222 0
    endloop
  endfacet
  facet normal 0 0 -1
    outer loop
      vertex -161.128 -134.564 0
      vertex -161.026 -134.196 0
      vertex -161.063 -134.658 0
    endloop
  endfacet
  facet normal -0 0 -1
    outer loop
      vertex -161.054 -134.06 0
      vertex -161.128 -134.564 0
      vertex -162.518 -133.664 0
    endloop
  endfacet
  facet normal -0 0 -1
    outer loop
      vertex -161.026 -134.196 0
      vertex -161.128 -134.564 0
      vertex -161.054 -134.06 0
    endloop
  endfacet
  facet normal 0 -0 -1
    outer loop
      vertex -160.953 -135.168 0
      vertex -160.057 -135.365 0
      vertex -160.966 -135.268 0
    endloop
  endfacet
  facet normal 0 0 -1
    outer loop
      vertex -161.231 -135.788 0
      vertex -160.966 -135.268 0
      vertex -160.089 -135.6 0
    endloop
  endfacet
  facet normal 0 0 -1
    outer loop
      vertex -161.015 -136.633 0
      vertex -161.231 -135.788 0
      vertex -160.089 -135.6 0
    endloop
  endfacet
  facet normal 0 -0 -1
    outer loop
      vertex -161.038 -136.758 0
      vertex -160.594 -137.523 0
      vertex -161.378 -137.228 0
    endloop
  endfacet
  facet normal 0 0 -1
    outer loop
      vertex -162.632 -138.397 0
      vertex -162.252 -137.767 0
      vertex -161.716 -137.627 0
    endloop
  endfacet
  facet normal -0 0 -1
    outer loop
      vertex -161.716 -137.627 0
      vertex -162.252 -137.767 0
      vertex -162.257 -137.603 0
    endloop
  endfacet
  facet normal 0 0 -1
    outer loop
      vertex -163.405 -136.45 0
      vertex -162.633 -137.451 0
      vertex -163.159 -137.789 0
    endloop
  endfacet
  facet normal 0 0 -1
    outer loop
      vertex -162.632 -138.397 0
      vertex -161.716 -137.627 0
      vertex -162.579 -139.505 0
    endloop
  endfacet
  facet normal 0 0 -1
    outer loop
      vertex -162.712 -136.441 0
      vertex -161.819 -135.791 0
      vertex -161.434 -136.484 0
    endloop
  endfacet
  facet normal 0 0 -1
    outer loop
      vertex -163.159 -137.789 0
      vertex -164.024 -136.729 0
      vertex -163.724 -136.609 0
    endloop
  endfacet
  facet normal 0 -0 -1
    outer loop
      vertex -163.631 -136.484 0
      vertex -163.405 -136.45 0
      vertex -163.724 -136.609 0
    endloop
  endfacet
  facet normal 0 0 -1
    outer loop
      vertex -163.631 -136.484 0
      vertex -163.493 -136.417 0
      vertex -163.405 -136.45 0
    endloop
  endfacet
  facet normal 0 0 -1
    outer loop
      vertex -163.557 -138.081 0
      vertex -164.337 -137.943 0
      vertex -164.38 -137.201 0
    endloop
  endfacet
  facet normal -0 0 -1
    outer loop
      vertex -164.024 -136.729 0
      vertex -164.38 -137.201 0
      vertex -164.145 -136.725 0
    endloop
  endfacet
  facet normal 0 0 -1
    outer loop
      vertex -164.145 -136.725 0
      vertex -164.38 -137.201 0
      vertex -164.484 -137.067 0
    endloop
  endfacet
  facet normal 0 0 -1
    outer loop
      vertex -164.655 -137.013 0
      vertex -164.145 -136.725 0
      vertex -164.484 -137.067 0
    endloop
  endfacet
  facet normal 0 0 -1
    outer loop
      vertex -163.159 -137.789 0
      vertex -164.38 -137.201 0
      vertex -164.024 -136.729 0
    endloop
  endfacet
  facet normal -0 0 -1
    outer loop
      vertex -163.159 -137.789 0
      vertex -163.557 -138.081 0
      vertex -164.38 -137.201 0
    endloop
  endfacet
  facet normal 0 -0 -1
    outer loop
      vertex -163.405 -136.45 0
      vertex -163.159 -137.789 0
      vertex -163.724 -136.609 0
    endloop
  endfacet
  facet normal 0 0 -1
    outer loop
      vertex -162.579 -139.505 0
      vertex -162.689 -138.452 0
      vertex -162.632 -138.397 0
    endloop
  endfacet
  facet normal 0 0 -1
    outer loop
      vertex -162.633 -137.451 0
      vertex -163.405 -136.45 0
      vertex -162.805 -136.47 0
    endloop
  endfacet
  facet normal 0 0 -1
    outer loop
      vertex -163.02 -137.769 0
      vertex -162.633 -137.451 0
      vertex -162.833 -137.835 0
    endloop
  endfacet
  facet normal 0 0 -1
    outer loop
      vertex -163.159 -137.789 0
      vertex -162.633 -137.451 0
      vertex -163.02 -137.769 0
    endloop
  endfacet
  facet normal 0 0 -1
    outer loop
      vertex -162.805 -136.47 0
      vertex -162.475 -137.372 0
      vertex -162.633 -137.451 0
    endloop
  endfacet
  facet normal 0 0 -1
    outer loop
      vertex -162.377 -137.433 0
      vertex -162.475 -137.372 0
      vertex -161.642 -137.091 0
    endloop
  endfacet
  facet normal 0 0 -1
    outer loop
      vertex -162.805 -136.47 0
      vertex -162.712 -136.441 0
      vertex -162.475 -137.372 0
    endloop
  endfacet
  facet normal 0 0 -1
    outer loop
      vertex -162.475 -137.372 0
      vertex -162.712 -136.441 0
      vertex -161.642 -137.091 0
    endloop
  endfacet
  facet normal 0 0 -1
    outer loop
      vertex -162.377 -137.433 0
      vertex -161.642 -137.091 0
      vertex -162.257 -137.603 0
    endloop
  endfacet
  facet normal 0 0 -1
    outer loop
      vertex -161.716 -137.627 0
      vertex -162.257 -137.603 0
      vertex -161.642 -137.091 0
    endloop
  endfacet
  facet normal 0 -0 -1
    outer loop
      vertex -161.546 -137.283 0
      vertex -161.509 -137.558 0
      vertex -161.716 -137.627 0
    endloop
  endfacet
  facet normal 0 -0 -1
    outer loop
      vertex -162.689 -138.452 0
      vertex -162.579 -139.505 0
      vertex -162.893 -139.46 0
    endloop
  endfacet
  facet normal 0 0 -1
    outer loop
      vertex -160.705 -139.766 0
      vertex -160.219 -138.269 0
      vertex -159.575 -138.378 0
    endloop
  endfacet
  facet normal 0 0 -1
    outer loop
      vertex -162.893 -139.46 0
      vertex -163.424 -138.844 0
      vertex -162.689 -138.452 0
    endloop
  endfacet
  facet normal 0 0 -1
    outer loop
      vertex -161.237 -140.45 0
      vertex -162.133 -140.264 0
      vertex -161.906 -139.935 0
    endloop
  endfacet
  facet normal 0 0 -1
    outer loop
      vertex -157.379 -138.412 0
      vertex -158.761 -137.932 0
      vertex -158.881 -137.803 0
    endloop
  endfacet
  facet normal 0 0 -1
    outer loop
      vertex -160.279 -141.637 0
      vertex -159.904 -141.296 0
      vertex -159.855 -141.456 0
    endloop
  endfacet
  facet normal 0 0 -1
    outer loop
      vertex -161.716 -137.627 0
      vertex -161.642 -137.091 0
      vertex -161.546 -137.283 0
    endloop
  endfacet
  facet normal 0 0 -1
    outer loop
      vertex -161.378 -137.228 0
      vertex -160.594 -137.523 0
      vertex -160.987 -137.84 0
    endloop
  endfacet
  facet normal 0 0 -1
    outer loop
      vertex -158.216 -138.564 0
      vertex -158.576 -138.394 0
      vertex -158.761 -137.932 0
    endloop
  endfacet
  facet normal 0 0 -1
    outer loop
      vertex -160.471 -137.493 0
      vertex -161.038 -136.758 0
      vertex -161.015 -136.633 0
    endloop
  endfacet
  facet normal 0 0 -1
    outer loop
      vertex -157.467 -138.522 0
      vertex -158.007 -139.06 0
      vertex -158.005 -138.925 0
    endloop
  endfacet
  facet normal 0 0 -1
    outer loop
      vertex -160.471 -137.493 0
      vertex -159.945 -135.77 0
      vertex -158.881 -137.803 0
    endloop
  endfacet
  facet normal 0 0 -1
    outer loop
      vertex -158.881 -137.803 0
      vertex -155.495 -135.929 0
      vertex -157.379 -138.412 0
    endloop
  endfacet
  facet normal -0 0 -1
    outer loop
      vertex -158.576 -138.394 0
      vertex -158.725 -138.406 0
      vertex -158.85 -138.087 0
    endloop
  endfacet
  facet normal -0 0 -1
    outer loop
      vertex -158.725 -138.406 0
      vertex -160.705 -139.766 0
      vertex -159.49 -138.367 0
    endloop
  endfacet
  facet normal 0 -0 -1
    outer loop
      vertex -160.916 -138.827 0
      vertex -160.705 -139.766 0
      vertex -161.055 -138.853 0
    endloop
  endfacet
  facet normal -0 0 -1
    outer loop
      vertex -161.207 -140.387 0
      vertex -161.237 -140.45 0
      vertex -161.906 -139.935 0
    endloop
  endfacet
  facet normal 0 -0 -1
    outer loop
      vertex -159.575 -138.378 0
      vertex -159.49 -138.367 0
      vertex -160.705 -139.766 0
    endloop
  endfacet
  facet normal 0 -0 -1
    outer loop
      vertex -161.88 -139.858 0
      vertex -161.207 -140.387 0
      vertex -161.906 -139.935 0
    endloop
  endfacet
  facet normal 0 -0 -1
    outer loop
      vertex -161.572 -138.692 0
      vertex -161.055 -138.853 0
      vertex -161.833 -138.99 0
    endloop
  endfacet
  facet normal 0 0 -1
    outer loop
      vertex -161.055 -138.853 0
      vertex -161.88 -139.858 0
      vertex -161.833 -138.99 0
    endloop
  endfacet
  facet normal 0 0 -1
    outer loop
      vertex -157.887 -140.752 0
      vertex -158.331 -139.641 0
      vertex -158.287 -139.59 0
    endloop
  endfacet
  facet normal 0 0 -1
    outer loop
      vertex -161.32 -140.853 0
      vertex -162.133 -140.264 0
      vertex -161.237 -140.45 0
    endloop
  endfacet
  facet normal 0 0 -1
    outer loop
      vertex -159.391 -141.219 0
      vertex -159.279 -140.342 0
      vertex -157.89 -140.777 0
    endloop
  endfacet
  facet normal 0 0 -1
    outer loop
      vertex -160.747 -140.71 0
      vertex -159.904 -141.296 0
      vertex -160.279 -141.637 0
    endloop
  endfacet
  facet normal 0 0 -1
    outer loop
      vertex -161.88 -139.858 0
      vertex -160.737 -139.797 0
      vertex -161.207 -140.387 0
    endloop
  endfacet
  facet normal 0 0 -1
    outer loop
      vertex -159.779 -140.887 0
      vertex -160.595 -140.483 0
      vertex -159.967 -140.429 0
    endloop
  endfacet
  facet normal 0 0 -1
    outer loop
      vertex -161.88 -139.858 0
      vertex -161.055 -138.853 0
      vertex -160.737 -139.797 0
    endloop
  endfacet
  facet normal 0 0 -1
    outer loop
      vertex -160.705 -139.766 0
      vertex -160.916 -138.827 0
      vertex -160.219 -138.269 0
    endloop
  endfacet
  facet normal 0 0 -1
    outer loop
      vertex -160.737 -139.797 0
      vertex -161.055 -138.853 0
      vertex -160.705 -139.766 0
    endloop
  endfacet
  facet normal 0 0 -1
    outer loop
      vertex -158.725 -138.406 0
      vertex -159.49 -138.367 0
      vertex -158.85 -138.087 0
    endloop
  endfacet
  facet normal 0 0 -1
    outer loop
      vertex -158.216 -138.564 0
      vertex -158.761 -137.932 0
      vertex -157.379 -138.412 0
    endloop
  endfacet
  facet normal 0 0 -1
    outer loop
      vertex -158.576 -138.394 0
      vertex -158.85 -138.087 0
      vertex -158.761 -137.932 0
    endloop
  endfacet
  facet normal -0 0 -1
    outer loop
      vertex -157.467 -138.522 0
      vertex -158.216 -138.564 0
      vertex -157.379 -138.412 0
    endloop
  endfacet
  facet normal 0 0 -1
    outer loop
      vertex -157.467 -138.522 0
      vertex -158.145 -138.635 0
      vertex -158.216 -138.564 0
    endloop
  endfacet
  facet normal 0 0 -1
    outer loop
      vertex -157.467 -138.522 0
      vertex -158.005 -138.925 0
      vertex -158.145 -138.635 0
    endloop
  endfacet
  facet normal 0 0 -1
    outer loop
      vertex -158.007 -139.06 0
      vertex -157.467 -138.522 0
      vertex -157.887 -140.752 0
    endloop
  endfacet
  facet normal 0 0 -1
    outer loop
      vertex -158.287 -139.59 0
      vertex -158.007 -139.06 0
      vertex -157.887 -140.752 0
    endloop
  endfacet
  facet normal 0 -0 -1
    outer loop
      vertex -158.331 -139.641 0
      vertex -157.887 -140.752 0
      vertex -159.279 -140.342 0
    endloop
  endfacet
  facet normal 0 0 -1
    outer loop
      vertex -157.89 -140.777 0
      vertex -159.279 -140.342 0
      vertex -157.887 -140.752 0
    endloop
  endfacet
  facet normal 0 0 -1
    outer loop
      vertex -159.779 -140.887 0
      vertex -160.747 -140.71 0
      vertex -160.595 -140.483 0
    endloop
  endfacet
  facet normal 0 0 -1
    outer loop
      vertex -158.447 -142.52 0
      vertex -159.391 -141.219 0
      vertex -157.918 -142.213 0
    endloop
  endfacet
  facet normal 0 0 -1
    outer loop
      vertex -158.447 -142.52 0
      vertex -159.459 -141.327 0
      vertex -159.391 -141.219 0
    endloop
  endfacet
  facet normal 0 0 -1
    outer loop
      vertex -158.447 -142.52 0
      vertex -159.679 -141.467 0
      vertex -159.459 -141.327 0
    endloop
  endfacet
  facet normal 0 0 -1
    outer loop
      vertex -160.279 -141.637 0
      vertex -159.855 -141.456 0
      vertex -159.679 -141.467 0
    endloop
  endfacet
  facet normal 0 0 -1
    outer loop
      vertex -159.904 -141.296 0
      vertex -160.747 -140.71 0
      vertex -159.779 -140.887 0
    endloop
  endfacet
  facet normal 0 0 -1
    outer loop
      vertex -158.447 -142.52 0
      vertex -160.279 -141.637 0
      vertex -159.679 -141.467 0
    endloop
  endfacet
  facet normal 0 0 -1
    outer loop
      vertex -168.07 -117.701 0
      vertex -167.996 -117.721 0
      vertex -167.955 -118.066 0
    endloop
  endfacet
  facet normal 0 0 -1
    outer loop
      vertex -168.07 -117.701 0
      vertex -167.959 -117.589 0
      vertex -167.996 -117.721 0
    endloop
  endfacet
  facet normal 0 0 -1
    outer loop
      vertex -167.955 -118.066 0
      vertex -167.697 -118.188 0
      vertex -167.701 -118.199 0
    endloop
  endfacet
  facet normal 0 0 1
    outer loop
      vertex -162.15 -135.12 10
      vertex -163.76 -134.934 10
      vertex -163.269 -135.776 10
    endloop
  endfacet
  facet normal -0 0 1
    outer loop
      vertex -159.391 -141.219 10
      vertex -157.918 -142.213 10
      vertex -157.89 -140.777 10
    endloop
  endfacet
  facet normal 0 -0 1
    outer loop
      vertex -158.881 -137.803 10
      vertex -155.495 -135.929 10
      vertex -159.945 -135.77 10
    endloop
  endfacet
  facet normal 0 0 1
    outer loop
      vertex -161.378 -137.228 10
      vertex -161.509 -137.558 10
      vertex -160.987 -137.84 10
    endloop
  endfacet
  facet normal 0 0 1
    outer loop
      vertex -160.089 -135.6 10
      vertex -161.015 -136.633 10
      vertex -159.945 -135.77 10
    endloop
  endfacet
  facet normal 0 -0 1
    outer loop
      vertex -154.462 -136.649 10
      vertex -154.397 -136.586 10
      vertex -155.495 -135.929 10
    endloop
  endfacet
  facet normal 0 -0 1
    outer loop
      vertex -154.817 -137.313 10
      vertex -154.462 -136.649 10
      vertex -155.495 -135.929 10
    endloop
  endfacet
  facet normal 0 0 1
    outer loop
      vertex -154.817 -137.313 10
      vertex -155.495 -135.929 10
      vertex -157.379 -138.412 10
    endloop
  endfacet
  facet normal 0 -0 1
    outer loop
      vertex -164.16 -133.118 10
      vertex -163.987 -132.108 10
      vertex -164.258 -132.979 10
    endloop
  endfacet
  facet normal 0 0 1
    outer loop
      vertex -154 -136.387 10
      vertex -155.495 -135.929 10
      vertex -154.397 -136.586 10
    endloop
  endfacet
  facet normal 0 0 1
    outer loop
      vertex -163.524 -131.079 10
      vertex -163.862 -131.984 10
      vertex -162.701 -131.311 10
    endloop
  endfacet
  facet normal 0 -0 1
    outer loop
      vertex -160.471 -137.493 10
      vertex -159.945 -135.77 10
      vertex -161.015 -136.633 10
    endloop
  endfacet
  facet normal 0 0 1
    outer loop
      vertex -164.182 -130.486 10
      vertex -164.355 -130.608 10
      vertex -164.402 -131.286 10
    endloop
  endfacet
  facet normal 0 0 1
    outer loop
      vertex -164.14 -134.368 10
      vertex -164.241 -134.512 10
      vertex -163.878 -134.86 10
    endloop
  endfacet
  facet normal 0 0 1
    outer loop
      vertex -163.421 -127.999 10
      vertex -164.25 -128.559 10
      vertex -164.213 -128.731 10
    endloop
  endfacet
  facet normal 0 -0 1
    outer loop
      vertex -162.394 -125.193 10
      vertex -161.5 -123.637 10
      vertex -163.325 -122.7 10
    endloop
  endfacet
  facet normal 0 0 1
    outer loop
      vertex -162.514 -131.403 10
      vertex -160.907 -131.14 10
      vertex -161.155 -130.966 10
    endloop
  endfacet
  facet normal 0 0 1
    outer loop
      vertex -160.821 -133.222 10
      vertex -160.907 -131.14 10
      vertex -162.514 -131.403 10
    endloop
  endfacet
  facet normal -0 0 1
    outer loop
      vertex -163.987 -132.108 10
      vertex -164.16 -133.118 10
      vertex -163.862 -131.984 10
    endloop
  endfacet
  facet normal 0 0 1
    outer loop
      vertex -164.664 -127.309 10
      vertex -164.951 -127.426 10
      vertex -165.002 -127.88 10
    endloop
  endfacet
  facet normal 0 0 1
    outer loop
      vertex -164.362 -128.819 10
      vertex -165.294 -129.781 10
      vertex -164.26 -130.327 10
    endloop
  endfacet
  facet normal 0 0 1
    outer loop
      vertex -163.395 -126.291 10
      vertex -163.97 -127.238 10
      vertex -163.645 -127.211 10
    endloop
  endfacet
  facet normal -0 -0 1
    outer loop
      vertex -166.375 -115.817 10
      vertex -165.4 -115.963 10
      vertex -166.666 -115.118 10
    endloop
  endfacet
  facet normal -0 0 1
    outer loop
      vertex -162.234 -108.715 10
      vertex -159.712 -109.359 10
      vertex -162.064 -108.005 10
    endloop
  endfacet
  facet normal 0 0 1
    outer loop
      vertex -161.294 -121.457 10
      vertex -162.983 -122.285 10
      vertex -161.288 -121.559 10
    endloop
  endfacet
  facet normal 0 0 1
    outer loop
      vertex -163.781 -120.623 10
      vertex -164.657 -120.425 10
      vertex -163.941 -120.697 10
    endloop
  endfacet
  facet normal 0 0 1
    outer loop
      vertex -165.011 -117.854 10
      vertex -164.165 -117.345 10
      vertex -164.395 -117.235 10
    endloop
  endfacet
  facet normal 0 -0 1
    outer loop
      vertex -162.642 -126.138 10
      vertex -162.446 -125.277 10
      vertex -163.26 -126.18 10
    endloop
  endfacet
  facet normal -0 0 1
    outer loop
      vertex -165.294 -120 10
      vertex -164.657 -120.425 10
      vertex -164.687 -119.309 10
    endloop
  endfacet
  facet normal 0 -0 1
    outer loop
      vertex -161.518 -124.487 10
      vertex -161.5 -123.637 10
      vertex -162.394 -125.193 10
    endloop
  endfacet
  facet normal -0 -0 1
    outer loop
      vertex -164.623 -120.644 10
      vertex -163.941 -120.697 10
      vertex -164.657 -120.425 10
    endloop
  endfacet
  facet normal 0 0 1
    outer loop
      vertex -161.366 -110.992 10
      vertex -161.496 -111.432 10
      vertex -160.289 -111.518 10
    endloop
  endfacet
  facet normal 0 -0 1
    outer loop
      vertex -160.921 -123.047 10
      vertex -160.809 -122.679 10
      vertex -161.451 -123.529 10
    endloop
  endfacet
  facet normal 0 0 1
    outer loop
      vertex -160.809 -122.679 10
      vertex -161.288 -121.559 10
      vertex -162.983 -122.285 10
    endloop
  endfacet
  facet normal -0 -0 1
    outer loop
      vertex -167.955 -118.066 10
      vertex -167.697 -118.188 10
      vertex -167.996 -117.721 10
    endloop
  endfacet
  facet normal 0 0 1
    outer loop
      vertex -161.976 -113.542 10
      vertex -161.945 -113.716 10
      vertex -159.59 -114.048 10
    endloop
  endfacet
  facet normal 0 -0 1
    outer loop
      vertex -159.836 -115.805 10
      vertex -159.6 -114.878 10
      vertex -161.945 -113.716 10
    endloop
  endfacet
  facet normal 0 0 1
    outer loop
      vertex -159.836 -115.805 10
      vertex -159.57 -114.97 10
      vertex -159.6 -114.878 10
    endloop
  endfacet
  facet normal 0 0 1
    outer loop
      vertex -159.944 -119.221 10
      vertex -160.02 -118.08 10
      vertex -160.874 -120.122 10
    endloop
  endfacet
  facet normal 0 0 1
    outer loop
      vertex -159.836 -115.805 10
      vertex -161.945 -113.716 10
      vertex -162.143 -113.786 10
    endloop
  endfacet
  facet normal 0 -0 1
    outer loop
      vertex -159.59 -114.048 10
      vertex -159.495 -113.911 10
      vertex -160.124 -112.066 10
    endloop
  endfacet
  facet normal 0 0 1
    outer loop
      vertex -159.495 -117.447 10
      vertex -159.866 -115.936 10
      vertex -159.98 -117.968 10
    endloop
  endfacet
  facet normal -0 0 1
    outer loop
      vertex -161.568 -111.522 10
      vertex -160.239 -111.938 10
      vertex -161.496 -111.432 10
    endloop
  endfacet
  facet normal 0 -0 1
    outer loop
      vertex -159.495 -113.911 10
      vertex -159.191 -112.283 10
      vertex -160.124 -112.066 10
    endloop
  endfacet
  facet normal 0 0 1
    outer loop
      vertex -159.37 -115.236 10
      vertex -159.57 -114.97 10
      vertex -159.836 -115.805 10
    endloop
  endfacet
  facet normal -0 0 1
    outer loop
      vertex -162.974 -112.572 10
      vertex -162.714 -112.871 10
      vertex -162.899 -112.249 10
    endloop
  endfacet
  facet normal 0 -0 1
    outer loop
      vertex -161.532 -106.134 10
      vertex -160.47 -104.769 10
      vertex -161.726 -105.05 10
    endloop
  endfacet
  facet normal 0 0 1
    outer loop
      vertex -163.228 -92.8433 10
      vertex -162.587 -94.8545 10
      vertex -158.818 -94.0461 10
    endloop
  endfacet
  facet normal 0 -0 1
    outer loop
      vertex -159.026 -113.725 10
      vertex -158.728 -112.969 10
      vertex -159.495 -113.911 10
    endloop
  endfacet
  facet normal 0 0 1
    outer loop
      vertex -158.728 -112.969 10
      vertex -159.191 -112.283 10
      vertex -159.495 -113.911 10
    endloop
  endfacet
  facet normal 0 0 1
    outer loop
      vertex -159.451 -108.872 10
      vertex -159.934 -107.14 10
      vertex -162.064 -108.005 10
    endloop
  endfacet
  facet normal 0 0 1
    outer loop
      vertex -160.142 -111.35 10
      vertex -159.62 -110.439 10
      vertex -159.75 -110.286 10
    endloop
  endfacet
  facet normal 0 -0 1
    outer loop
      vertex -159.73 -109.426 10
      vertex -159.712 -109.359 10
      vertex -162.234 -108.715 10
    endloop
  endfacet
  facet normal -0 0 1
    outer loop
      vertex -161.532 -106.134 10
      vertex -160.38 -106.249 10
      vertex -160.47 -104.769 10
    endloop
  endfacet
  facet normal 0 0 1
    outer loop
      vertex -160.313 -106.365 10
      vertex -161.663 -106.309 10
      vertex -159.934 -107.14 10
    endloop
  endfacet
  facet normal 0 0 1
    outer loop
      vertex -158.466 -111.331 10
      vertex -158.288 -110.838 10
      vertex -158.364 -110.606 10
    endloop
  endfacet
  facet normal 0 -0 1
    outer loop
      vertex -158.466 -111.331 10
      vertex -158.364 -110.606 10
      vertex -159.62 -110.439 10
    endloop
  endfacet
  facet normal 0 0 1
    outer loop
      vertex -162.237 -101.486 10
      vertex -163.547 -101.644 10
      vertex -163.477 -101.849 10
    endloop
  endfacet
  facet normal 0 0 1
    outer loop
      vertex -158.466 -111.331 10
      vertex -159.62 -110.439 10
      vertex -160.142 -111.35 10
    endloop
  endfacet
  facet normal 0 0 1
    outer loop
      vertex -160.38 -106.249 10
      vertex -161.532 -106.134 10
      vertex -161.663 -106.309 10
    endloop
  endfacet
  facet normal 0 0 1
    outer loop
      vertex -162.234 -108.715 10
      vertex -162.334 -108.823 10
      vertex -161.401 -110.333 10
    endloop
  endfacet
  facet normal 0 0 1
    outer loop
      vertex -159.451 -108.872 10
      vertex -162.064 -108.005 10
      vertex -159.712 -109.359 10
    endloop
  endfacet
  facet normal 0 0 1
    outer loop
      vertex -162.064 -108.005 10
      vertex -159.934 -107.14 10
      vertex -162.063 -107.942 10
    endloop
  endfacet
  facet normal 0 0 1
    outer loop
      vertex -159.896 -106.994 10
      vertex -160.313 -106.365 10
      vertex -159.934 -107.14 10
    endloop
  endfacet
  facet normal 0 0 1
    outer loop
      vertex -162.173 -87.7641 10
      vertex -162.344 -87.8499 10
      vertex -162.552 -89.1045 10
    endloop
  endfacet
  facet normal 0 0 1
    outer loop
      vertex -159.685 -106.783 10
      vertex -160.313 -106.365 10
      vertex -159.896 -106.994 10
    endloop
  endfacet
  facet normal 0 0 1
    outer loop
      vertex -160.02 -99.4441 10
      vertex -163.573 -97.1097 10
      vertex -164.216 -100.403 10
    endloop
  endfacet
  facet normal 0 0 1
    outer loop
      vertex -158.296 -90.7833 10
      vertex -163.123 -91.4687 10
      vertex -163.111 -91.5435 10
    endloop
  endfacet
  facet normal -0 0 1
    outer loop
      vertex -162.173 -87.7641 10
      vertex -162.552 -89.1045 10
      vertex -162.095 -87.6701 10
    endloop
  endfacet
  facet normal 0 0 1
    outer loop
      vertex -160.278 -104.418 10
      vertex -160.388 -103.806 10
      vertex -160.772 -104.167 10
    endloop
  endfacet
  facet normal 0 0 1
    outer loop
      vertex -153.13 -62.6869 10
      vertex -156.844 -60.7142 10
      vertex -153.851 -64.5918 10
    endloop
  endfacet
  facet normal 0 0 1
    outer loop
      vertex -160.742 -102.118 10
      vertex -159.944 -102.023 10
      vertex -160.653 -102.009 10
    endloop
  endfacet
  facet normal 0 0 1
    outer loop
      vertex -160.009 -99.3827 10
      vertex -163.573 -97.1097 10
      vertex -160.02 -99.4441 10
    endloop
  endfacet
  facet normal 0 0 1
    outer loop
      vertex -159.728 -97.728 10
      vertex -162.984 -96.5658 10
      vertex -163.032 -96.6436 10
    endloop
  endfacet
  facet normal 0 0 1
    outer loop
      vertex -158.042 -87.2421 10
      vertex -161.592 -85.8549 10
      vertex -158.342 -88.1321 10
    endloop
  endfacet
  facet normal 0 0 1
    outer loop
      vertex -163.111 -91.5435 10
      vertex -163.228 -92.8433 10
      vertex -158.743 -93.9391 10
    endloop
  endfacet
  facet normal 0 0 1
    outer loop
      vertex -159.488 -98.123 10
      vertex -159.728 -97.728 10
      vertex -160.009 -99.3827 10
    endloop
  endfacet
  facet normal 0 0 1
    outer loop
      vertex -156.645 -74.8339 10
      vertex -156.501 -75.3908 10
      vertex -156.481 -75.2518 10
    endloop
  endfacet
  facet normal 0 0 1
    outer loop
      vertex -159.397 -97.1557 10
      vertex -159.529 -96.0986 10
      vertex -159.717 -97.5563 10
    endloop
  endfacet
  facet normal 0 0 1
    outer loop
      vertex -158.35 -88.1829 10
      vertex -162.095 -87.6701 10
      vertex -162.552 -89.1045 10
    endloop
  endfacet
  facet normal -0 0 1
    outer loop
      vertex -162.69 -89.2296 10
      vertex -163.123 -91.4687 10
      vertex -162.552 -89.1045 10
    endloop
  endfacet
  facet normal 0 -0 1
    outer loop
      vertex -159.112 -95.8659 10
      vertex -158.818 -94.0461 10
      vertex -159.413 -95.9336 10
    endloop
  endfacet
  facet normal 0 -0 1
    outer loop
      vertex -156.859 -72.8797 10
      vertex -156.794 -72.776 10
      vertex -159.199 -71.5598 10
    endloop
  endfacet
  facet normal 0 0 1
    outer loop
      vertex -160.353 -83.4087 10
      vertex -160.375 -83.463 10
      vertex -156.929 -83.8466 10
    endloop
  endfacet
  facet normal 0 -0 1
    outer loop
      vertex -157.789 -93.4047 10
      vertex -157.617 -92.9854 10
      vertex -157.816 -92.7861 10
    endloop
  endfacet
  facet normal 0 0 1
    outer loop
      vertex -157.789 -93.4047 10
      vertex -157.816 -92.7861 10
      vertex -157.856 -92.7133 10
    endloop
  endfacet
  facet normal 0 0 1
    outer loop
      vertex -156.859 -72.8797 10
      vertex -159.199 -71.5598 10
      vertex -157.009 -73.9797 10
    endloop
  endfacet
  facet normal 0 0 1
    outer loop
      vertex -157.789 -93.4047 10
      vertex -157.856 -92.7133 10
      vertex -158.743 -93.9391 10
    endloop
  endfacet
  facet normal 0 0 1
    outer loop
      vertex -157.856 -92.7133 10
      vertex -158.296 -90.7833 10
      vertex -158.743 -93.9391 10
    endloop
  endfacet
  facet normal 0 0 1
    outer loop
      vertex -161.187 -85.276 10
      vertex -158.042 -87.2421 10
      vertex -157.97 -87.1574 10
    endloop
  endfacet
  facet normal -0 0 1
    outer loop
      vertex -161.187 -85.276 10
      vertex -157.97 -87.1574 10
      vertex -161.162 -85.1648 10
    endloop
  endfacet
  facet normal 0 0 1
    outer loop
      vertex -158.631 -76.8439 10
      vertex -156.501 -75.3908 10
      vertex -156.698 -74.7684 10
    endloop
  endfacet
  facet normal 0 0 1
    outer loop
      vertex -155.888 -78.2756 10
      vertex -159.275 -78.0409 10
      vertex -159.101 -79.482 10
    endloop
  endfacet
  facet normal 0 -0 1
    outer loop
      vertex -155.732 -81.0934 10
      vertex -155.377 -80.932 10
      vertex -155.79 -78.4413 10
    endloop
  endfacet
  facet normal 0 0 1
    outer loop
      vertex -157.316 -86.8112 10
      vertex -156.611 -85.9665 10
      vertex -156.63 -84.5804 10
    endloop
  endfacet
  facet normal 0 -0 1
    outer loop
      vertex -157.316 -86.8112 10
      vertex -156.63 -84.5804 10
      vertex -157.97 -87.1574 10
    endloop
  endfacet
  facet normal 0 0 1
    outer loop
      vertex -160.353 -83.4087 10
      vertex -156.929 -83.8466 10
      vertex -156.88 -83.67 10
    endloop
  endfacet
  facet normal -0 0 1
    outer loop
      vertex -159.101 -79.482 10
      vertex -155.732 -81.0934 10
      vertex -155.79 -78.4413 10
    endloop
  endfacet
  facet normal 0 -0 1
    outer loop
      vertex -155.888 -78.2756 10
      vertex -155.754 -77.4641 10
      vertex -158.649 -76.9338 10
    endloop
  endfacet
  facet normal -0 0 1
    outer loop
      vertex -159.867 -80.922 10
      vertex -155.812 -81.1828 10
      vertex -159.119 -79.5728 10
    endloop
  endfacet
  facet normal -0 0 1
    outer loop
      vertex -158.576 -70.4271 10
      vertex -156.047 -70.8407 10
      vertex -158.522 -70.3322 10
    endloop
  endfacet
  facet normal 0 0 1
    outer loop
      vertex -156.678 -56.5378 10
      vertex -156.412 -58.0033 10
      vertex -152.495 -56.8545 10
    endloop
  endfacet
  facet normal 0 -0 1
    outer loop
      vertex -155.377 -80.932 10
      vertex -155.303 -78.6146 10
      vertex -155.79 -78.4413 10
    endloop
  endfacet
  facet normal 0 0 1
    outer loop
      vertex -156.501 -75.3908 10
      vertex -156.645 -74.8339 10
      vertex -156.698 -74.7684 10
    endloop
  endfacet
  facet normal 0 0 1
    outer loop
      vertex -154.098 -40.6736 10
      vertex -155.257 -41.2302 10
      vertex -153.679 -40.8877 10
    endloop
  endfacet
  facet normal 0 0 1
    outer loop
      vertex -157.009 -73.9797 10
      vertex -158.631 -76.8439 10
      vertex -156.998 -74.0584 10
    endloop
  endfacet
  facet normal -0 0 1
    outer loop
      vertex -158.631 -76.8439 10
      vertex -155.754 -77.4641 10
      vertex -156.501 -75.3908 10
    endloop
  endfacet
  facet normal 0 0 1
    outer loop
      vertex -159.199 -71.5598 10
      vertex -158.631 -76.8439 10
      vertex -157.009 -73.9797 10
    endloop
  endfacet
  facet normal -0 0 1
    outer loop
      vertex -159.127 -70.8679 10
      vertex -159.199 -71.5598 10
      vertex -158.576 -70.4271 10
    endloop
  endfacet
  facet normal 0 0 1
    outer loop
      vertex -155.737 -68.116 10
      vertex -158.771 -67.22 10
      vertex -155.77 -68.2216 10
    endloop
  endfacet
  facet normal 0 0 1
    outer loop
      vertex -156.332 -75.0468 10
      vertex -156.645 -74.8339 10
      vertex -156.481 -75.2518 10
    endloop
  endfacet
  facet normal 0 0 1
    outer loop
      vertex -155.257 -41.2302 10
      vertex -154.098 -40.6736 10
      vertex -154.987 -40.7202 10
    endloop
  endfacet
  facet normal 0 -0 1
    outer loop
      vertex -156.047 -70.8407 10
      vertex -155.62 -70.1516 10
      vertex -158.332 -69.0622 10
    endloop
  endfacet
  facet normal 0 0 1
    outer loop
      vertex -155.62 -70.1516 10
      vertex -155.77 -68.2216 10
      vertex -158.332 -69.0622 10
    endloop
  endfacet
  facet normal 0 0 1
    outer loop
      vertex -155.76 -44.685 10
      vertex -152.934 -45.6316 10
      vertex -152.874 -45.4656 10
    endloop
  endfacet
  facet normal 0 0 1
    outer loop
      vertex -158.058 -65.8805 10
      vertex -158.771 -67.22 10
      vertex -155.737 -68.116 10
    endloop
  endfacet
  facet normal 0 0 1
    outer loop
      vertex -155.903 -70.72 10
      vertex -155.574 -70.2481 10
      vertex -155.62 -70.1516 10
    endloop
  endfacet
  facet normal 0 -0 1
    outer loop
      vertex -156.375 -72.4905 10
      vertex -156.047 -70.8407 10
      vertex -156.794 -72.776 10
    endloop
  endfacet
  facet normal 0 0 1
    outer loop
      vertex -155.348 -41.304 10
      vertex -156.318 -41.5863 10
      vertex -155.762 -44.6532 10
    endloop
  endfacet
  facet normal 0 -0 1
    outer loop
      vertex -155.551 -70.712 10
      vertex -155.396 -70.4196 10
      vertex -155.574 -70.2481 10
    endloop
  endfacet
  facet normal 0 0 1
    outer loop
      vertex -155.551 -70.712 10
      vertex -155.574 -70.2481 10
      vertex -155.903 -70.72 10
    endloop
  endfacet
  facet normal -0 0 1
    outer loop
      vertex -155.601 -48.9005 10
      vertex -155.602 -48.9445 10
      vertex -152.465 -47.6066 10
    endloop
  endfacet
  facet normal 0 -0 1
    outer loop
      vertex -155.903 -70.72 10
      vertex -155.62 -70.1516 10
      vertex -156.047 -70.8407 10
    endloop
  endfacet
  facet normal 0 -0 1
    outer loop
      vertex -158.332 -69.0622 10
      vertex -155.77 -68.2216 10
      vertex -158.334 -69.0044 10
    endloop
  endfacet
  facet normal -0 0 1
    outer loop
      vertex -156.668 -52.7513 10
      vertex -156.715 -53.128 10
      vertex -156.186 -52.2881 10
    endloop
  endfacet
  facet normal 0 -0 1
    outer loop
      vertex -155.309 -67.5836 10
      vertex -154.937 -65.8682 10
      vertex -158.044 -65.8442 10
    endloop
  endfacet
  facet normal 0 0 1
    outer loop
      vertex -156.986 -59.3636 10
      vertex -156.841 -60.6633 10
      vertex -152.563 -60.9615 10
    endloop
  endfacet
  facet normal 0 -0 1
    outer loop
      vertex -153.001 -62.5904 10
      vertex -152.565 -61.0954 10
      vertex -153.13 -62.6869 10
    endloop
  endfacet
  facet normal 0 0 1
    outer loop
      vertex -152.576 -58.4724 10
      vertex -156.986 -59.3636 10
      vertex -152.563 -60.9615 10
    endloop
  endfacet
  facet normal -0 0 1
    outer loop
      vertex -156.142 -52.2045 10
      vertex -156.301 -53.8341 10
      vertex -150.987 -52.1386 10
    endloop
  endfacet
  facet normal 0 0 1
    outer loop
      vertex -150.151 -52.4272 10
      vertex -149.803 -54.9401 10
      vertex -149.079 -52.5888 10
    endloop
  endfacet
  facet normal 0 -0 1
    outer loop
      vertex -152.481 -62.5532 10
      vertex -152.012 -62.2381 10
      vertex -152.565 -61.0954 10
    endloop
  endfacet
  facet normal 0 0 1
    outer loop
      vertex -152.481 -62.5532 10
      vertex -152.565 -61.0954 10
      vertex -153.001 -62.5904 10
    endloop
  endfacet
  facet normal 0 0 1
    outer loop
      vertex -153.365 -43.047 10
      vertex -153.409 -42.9594 10
      vertex -155.762 -44.6532 10
    endloop
  endfacet
  facet normal 0 -0 1
    outer loop
      vertex -151.788 -55.8268 10
      vertex -151.73 -55.7826 10
      vertex -156.282 -53.9325 10
    endloop
  endfacet
  facet normal 0 0 1
    outer loop
      vertex -152.188 -60.2296 10
      vertex -152.576 -58.4724 10
      vertex -152.563 -60.9615 10
    endloop
  endfacet
  facet normal 0 0 1
    outer loop
      vertex -152.926 -46.2791 10
      vertex -155.84 -47.0827 10
      vertex -152.895 -46.476 10
    endloop
  endfacet
  facet normal 0 0 1
    outer loop
      vertex -155.602 -48.9445 10
      vertex -156.142 -52.2045 10
      vertex -150.987 -52.1386 10
    endloop
  endfacet
  facet normal 0 0 1
    outer loop
      vertex -152.129 -57.6231 10
      vertex -152.495 -56.8545 10
      vertex -152.56 -58.3647 10
    endloop
  endfacet
  facet normal 0 0 1
    outer loop
      vertex -150.217 -52.4253 10
      vertex -150.877 -52.2552 10
      vertex -149.803 -54.9401 10
    endloop
  endfacet
  facet normal 0 0 1
    outer loop
      vertex -152.926 -46.2791 10
      vertex -152.934 -45.6316 10
      vertex -155.84 -47.0827 10
    endloop
  endfacet
  facet normal 0 0 1
    outer loop
      vertex -154.168 -40.5994 10
      vertex -154.987 -40.7202 10
      vertex -154.098 -40.6736 10
    endloop
  endfacet
  facet normal -0 0 1
    outer loop
      vertex -150.151 -52.4272 10
      vertex -149.079 -52.5888 10
      vertex -149.373 -52.2733 10
    endloop
  endfacet
  facet normal 0 0 1
    outer loop
      vertex -150.217 -52.4253 10
      vertex -149.803 -54.9401 10
      vertex -150.151 -52.4272 10
    endloop
  endfacet
  facet normal -0 0 1
    outer loop
      vertex -155.76 -44.685 10
      vertex -152.793 -44.7889 10
      vertex -152.779 -44.6289 10
    endloop
  endfacet
  facet normal 0 0 1
    outer loop
      vertex -150.877 -52.2552 10
      vertex -151.73 -55.7826 10
      vertex -149.803 -54.9401 10
    endloop
  endfacet
  facet normal 0 0 1
    outer loop
      vertex -150.987 -52.1386 10
      vertex -151.73 -55.7826 10
      vertex -150.877 -52.2552 10
    endloop
  endfacet
  facet normal -0 0 1
    outer loop
      vertex -156.301 -53.8341 10
      vertex -156.282 -53.9325 10
      vertex -150.987 -52.1386 10
    endloop
  endfacet
  facet normal -0 0 1
    outer loop
      vertex -155.602 -48.9445 10
      vertex -150.987 -52.1386 10
      vertex -151.69 -48.5268 10
    endloop
  endfacet
  facet normal 0 0 1
    outer loop
      vertex -152.496 -47.4741 10
      vertex -155.601 -48.9005 10
      vertex -152.465 -47.6066 10
    endloop
  endfacet
  facet normal 0 0 1
    outer loop
      vertex -153.409 -42.9594 10
      vertex -153.679 -40.8877 10
      vertex -155.257 -41.2302 10
    endloop
  endfacet
  facet normal 0 0 1
    outer loop
      vertex -155.066 -40.0558 10
      vertex -154.972 -40.6257 10
      vertex -154.168 -40.5994 10
    endloop
  endfacet
  facet normal 0 0 1
    outer loop
      vertex -154.168 -40.5994 10
      vertex -154.972 -40.6257 10
      vertex -154.987 -40.7202 10
    endloop
  endfacet
  facet normal 0 0 1
    outer loop
      vertex -152.358 -46.916 10
      vertex -152.895 -46.476 10
      vertex -152.496 -47.4741 10
    endloop
  endfacet
  facet normal -0 0 1
    outer loop
      vertex -155.066 -40.0558 10
      vertex -154.168 -40.5994 10
      vertex -154.54 -39.7374 10
    endloop
  endfacet
  facet normal -0 0 1
    outer loop
      vertex -155.348 -41.304 10
      vertex -153.409 -42.9594 10
      vertex -155.257 -41.2302 10
    endloop
  endfacet
  facet normal 0 0 1
    outer loop
      vertex -152.803 -46.0863 10
      vertex -152.934 -45.6316 10
      vertex -152.926 -46.2791 10
    endloop
  endfacet
  facet normal 0 -0 1
    outer loop
      vertex -155.76 -44.685 10
      vertex -152.779 -44.6289 10
      vertex -155.762 -44.6532 10
    endloop
  endfacet
  facet normal -0 0 1
    outer loop
      vertex -165.958 -131.14 10
      vertex -164.887 -131.6 10
      vertex -165.826 -130.947 10
    endloop
  endfacet
  facet normal 0 0 1
    outer loop
      vertex -152.555 -45.2503 10
      vertex -152.793 -44.7889 10
      vertex -152.874 -45.4656 10
    endloop
  endfacet
  facet normal 0 0 1
    outer loop
      vertex -155.762 -44.6532 10
      vertex -152.779 -44.6289 10
      vertex -153.365 -43.047 10
    endloop
  endfacet
  facet normal 0 0 1
    outer loop
      vertex -152.34 -44.0541 10
      vertex -153.365 -43.047 10
      vertex -152.779 -44.6289 10
    endloop
  endfacet
  facet normal 0 0 1
    outer loop
      vertex -155.76 -44.685 10
      vertex -152.874 -45.4656 10
      vertex -152.793 -44.7889 10
    endloop
  endfacet
  facet normal 0 0 1
    outer loop
      vertex -155.84 -47.0827 10
      vertex -152.934 -45.6316 10
      vertex -155.76 -44.685 10
    endloop
  endfacet
  facet normal 0 -0 1
    outer loop
      vertex -151.73 -55.7826 10
      vertex -150.987 -52.1386 10
      vertex -156.282 -53.9325 10
    endloop
  endfacet
  facet normal 0 0 1
    outer loop
      vertex -151.788 -55.8268 10
      vertex -156.282 -53.9325 10
      vertex -152.478 -56.6968 10
    endloop
  endfacet
  facet normal 0 0 1
    outer loop
      vertex -155.348 -41.304 10
      vertex -155.762 -44.6532 10
      vertex -153.409 -42.9594 10
    endloop
  endfacet
  facet normal 0 0 1
    outer loop
      vertex -152.496 -47.4741 10
      vertex -152.895 -46.476 10
      vertex -155.84 -47.0827 10
    endloop
  endfacet
  facet normal -0 0 1
    outer loop
      vertex -156.844 -60.7142 10
      vertex -152.563 -60.9615 10
      vertex -156.841 -60.6633 10
    endloop
  endfacet
  facet normal 0 0 1
    outer loop
      vertex -155.309 -67.5836 10
      vertex -158.058 -65.8805 10
      vertex -155.737 -68.116 10
    endloop
  endfacet
  facet normal 0 0 1
    outer loop
      vertex -158.576 -70.4271 10
      vertex -156.794 -72.776 10
      vertex -156.047 -70.8407 10
    endloop
  endfacet
  facet normal -0 0 1
    outer loop
      vertex -156.186 -52.2881 10
      vertex -156.301 -53.8341 10
      vertex -156.142 -52.2045 10
    endloop
  endfacet
  facet normal 0 0 1
    outer loop
      vertex -152.496 -47.4741 10
      vertex -155.84 -47.0827 10
      vertex -155.601 -48.9005 10
    endloop
  endfacet
  facet normal 0 0 1
    outer loop
      vertex -152.465 -47.6066 10
      vertex -155.602 -48.9445 10
      vertex -151.69 -48.5268 10
    endloop
  endfacet
  facet normal 0 0 1
    outer loop
      vertex -156.282 -53.9325 10
      vertex -156.678 -56.5378 10
      vertex -152.478 -56.6968 10
    endloop
  endfacet
  facet normal -0 0 1
    outer loop
      vertex -156.715 -53.128 10
      vertex -156.301 -53.8341 10
      vertex -156.186 -52.2881 10
    endloop
  endfacet
  facet normal 0 -0 1
    outer loop
      vertex -152.576 -58.4724 10
      vertex -152.56 -58.3647 10
      vertex -156.412 -58.0033 10
    endloop
  endfacet
  facet normal -0 0 1
    outer loop
      vertex -156.412 -58.0033 10
      vertex -152.56 -58.3647 10
      vertex -152.495 -56.8545 10
    endloop
  endfacet
  facet normal 0 0 1
    outer loop
      vertex -152.576 -58.4724 10
      vertex -156.423 -58.0907 10
      vertex -156.986 -59.3636 10
    endloop
  endfacet
  facet normal -0 0 1
    outer loop
      vertex -158.058 -65.8805 10
      vertex -155.309 -67.5836 10
      vertex -158.044 -65.8442 10
    endloop
  endfacet
  facet normal 0 0 1
    outer loop
      vertex -158.649 -76.9338 10
      vertex -159.275 -78.0409 10
      vertex -155.888 -78.2756 10
    endloop
  endfacet
  facet normal 0 0 1
    outer loop
      vertex -156.678 -56.5378 10
      vertex -152.495 -56.8545 10
      vertex -152.478 -56.6968 10
    endloop
  endfacet
  facet normal 0 0 1
    outer loop
      vertex -152.576 -58.4724 10
      vertex -156.412 -58.0033 10
      vertex -156.423 -58.0907 10
    endloop
  endfacet
  facet normal 0 0 1
    outer loop
      vertex -156.844 -60.7142 10
      vertex -154.903 -65.8015 10
      vertex -153.851 -64.5918 10
    endloop
  endfacet
  facet normal 0 -0 1
    outer loop
      vertex -153.13 -62.6869 10
      vertex -152.565 -61.0954 10
      vertex -156.844 -60.7142 10
    endloop
  endfacet
  facet normal 0 0 1
    outer loop
      vertex -156.844 -60.7142 10
      vertex -152.565 -61.0954 10
      vertex -152.563 -60.9615 10
    endloop
  endfacet
  facet normal 0 0 1
    outer loop
      vertex -154.903 -65.8015 10
      vertex -156.844 -60.7142 10
      vertex -158.044 -65.8442 10
    endloop
  endfacet
  facet normal 0 0 1
    outer loop
      vertex -156.047 -70.8407 10
      vertex -158.332 -69.0622 10
      vertex -158.522 -70.3322 10
    endloop
  endfacet
  facet normal -0 0 1
    outer loop
      vertex -158.044 -65.8442 10
      vertex -154.937 -65.8682 10
      vertex -154.903 -65.8015 10
    endloop
  endfacet
  facet normal 0 0 1
    outer loop
      vertex -158.771 -67.22 10
      vertex -158.334 -69.0044 10
      vertex -155.77 -68.2216 10
    endloop
  endfacet
  facet normal 0 0 1
    outer loop
      vertex -159.101 -79.482 10
      vertex -155.812 -81.1828 10
      vertex -155.732 -81.0934 10
    endloop
  endfacet
  facet normal 0 0 1
    outer loop
      vertex -159.867 -80.922 10
      vertex -156.558 -83.4282 10
      vertex -155.812 -81.1828 10
    endloop
  endfacet
  facet normal 0 -0 1
    outer loop
      vertex -156.88 -83.67 10
      vertex -156.558 -83.4282 10
      vertex -159.867 -80.922 10
    endloop
  endfacet
  facet normal 0 0 1
    outer loop
      vertex -156.998 -74.0584 10
      vertex -158.631 -76.8439 10
      vertex -156.698 -74.7684 10
    endloop
  endfacet
  facet normal -0 0 1
    outer loop
      vertex -159.199 -71.5598 10
      vertex -156.794 -72.776 10
      vertex -158.576 -70.4271 10
    endloop
  endfacet
  facet normal 0 0 1
    outer loop
      vertex -158.631 -76.8439 10
      vertex -158.649 -76.9338 10
      vertex -155.754 -77.4641 10
    endloop
  endfacet
  facet normal 0 0 1
    outer loop
      vertex -155.812 -81.1828 10
      vertex -159.101 -79.482 10
      vertex -159.119 -79.5728 10
    endloop
  endfacet
  facet normal 0 0 1
    outer loop
      vertex -160.375 -83.463 10
      vertex -161.162 -85.1648 10
      vertex -157.97 -87.1574 10
    endloop
  endfacet
  facet normal 0 0 1
    outer loop
      vertex -158.042 -87.2421 10
      vertex -161.187 -85.276 10
      vertex -161.592 -85.8549 10
    endloop
  endfacet
  facet normal 0 0 1
    outer loop
      vertex -155.888 -78.2756 10
      vertex -159.101 -79.482 10
      vertex -155.79 -78.4413 10
    endloop
  endfacet
  facet normal 0 0 1
    outer loop
      vertex -156.63 -84.5804 10
      vertex -156.929 -83.8466 10
      vertex -160.375 -83.463 10
    endloop
  endfacet
  facet normal 0 0 1
    outer loop
      vertex -156.63 -84.5804 10
      vertex -160.375 -83.463 10
      vertex -157.97 -87.1574 10
    endloop
  endfacet
  facet normal -0 0 1
    outer loop
      vertex -162.552 -89.1045 10
      vertex -158.3 -90.7529 10
      vertex -158.35 -88.1829 10
    endloop
  endfacet
  facet normal 0 0 1
    outer loop
      vertex -156.88 -83.67 10
      vertex -159.867 -80.922 10
      vertex -160.353 -83.4087 10
    endloop
  endfacet
  facet normal -0 0 1
    outer loop
      vertex -161.232 -84.7534 10
      vertex -161.162 -85.1648 10
      vertex -160.375 -83.463 10
    endloop
  endfacet
  facet normal 0 0 1
    outer loop
      vertex -162.552 -89.1045 10
      vertex -163.123 -91.4687 10
      vertex -158.3 -90.7529 10
    endloop
  endfacet
  facet normal 0 0 1
    outer loop
      vertex -158.3 -90.7529 10
      vertex -163.123 -91.4687 10
      vertex -158.296 -90.7833 10
    endloop
  endfacet
  facet normal 0 0 1
    outer loop
      vertex -163.54 -89.5922 10
      vertex -162.69 -89.2296 10
      vertex -163.446 -89.2824 10
    endloop
  endfacet
  facet normal 0 0 1
    outer loop
      vertex -158.342 -88.1321 10
      vertex -162.095 -87.6701 10
      vertex -158.35 -88.1829 10
    endloop
  endfacet
  facet normal 0 0 1
    outer loop
      vertex -158.342 -88.1321 10
      vertex -161.592 -85.8549 10
      vertex -162.095 -87.6701 10
    endloop
  endfacet
  facet normal 0 -0 1
    outer loop
      vertex -163.123 -91.4687 10
      vertex -162.69 -89.2296 10
      vertex -163.54 -90.5379 10
    endloop
  endfacet
  facet normal 0 0 1
    outer loop
      vertex -163.54 -90.5379 10
      vertex -162.69 -89.2296 10
      vertex -163.54 -89.5922 10
    endloop
  endfacet
  facet normal 0 0 1
    outer loop
      vertex -158.296 -90.7833 10
      vertex -163.111 -91.5435 10
      vertex -158.743 -93.9391 10
    endloop
  endfacet
  facet normal 0 0 1
    outer loop
      vertex -158.743 -93.9391 10
      vertex -163.228 -92.8433 10
      vertex -158.818 -94.0461 10
    endloop
  endfacet
  facet normal 0 0 1
    outer loop
      vertex -162.587 -94.8545 10
      vertex -162.584 -94.9357 10
      vertex -159.413 -95.9336 10
    endloop
  endfacet
  facet normal 0 0 1
    outer loop
      vertex -162.584 -94.9357 10
      vertex -159.529 -96.0986 10
      vertex -159.413 -95.9336 10
    endloop
  endfacet
  facet normal 0 0 1
    outer loop
      vertex -162.984 -96.5658 10
      vertex -159.529 -96.0986 10
      vertex -162.584 -94.9357 10
    endloop
  endfacet
  facet normal 0 -0 1
    outer loop
      vertex -159.717 -97.5563 10
      vertex -159.529 -96.0986 10
      vertex -162.984 -96.5658 10
    endloop
  endfacet
  facet normal 0 0 1
    outer loop
      vertex -161.568 -102.854 10
      vertex -161.121 -102.82 10
      vertex -161.374 -102.382 10
    endloop
  endfacet
  facet normal 0 0 1
    outer loop
      vertex -163.032 -96.6436 10
      vertex -163.573 -97.1097 10
      vertex -160.009 -99.3827 10
    endloop
  endfacet
  facet normal 0 0 1
    outer loop
      vertex -158.818 -94.0461 10
      vertex -162.587 -94.8545 10
      vertex -159.413 -95.9336 10
    endloop
  endfacet
  facet normal 0 0 1
    outer loop
      vertex -163.547 -101.644 10
      vertex -164.216 -100.403 10
      vertex -163.895 -101.482 10
    endloop
  endfacet
  facet normal 0 0 1
    outer loop
      vertex -159.728 -97.728 10
      vertex -163.032 -96.6436 10
      vertex -160.009 -99.3827 10
    endloop
  endfacet
  facet normal 0 0 1
    outer loop
      vertex -159.717 -97.5563 10
      vertex -162.984 -96.5658 10
      vertex -159.728 -97.728 10
    endloop
  endfacet
  facet normal 0 0 1
    outer loop
      vertex -162.237 -101.486 10
      vertex -164.216 -100.403 10
      vertex -163.547 -101.644 10
    endloop
  endfacet
  facet normal 0 0 1
    outer loop
      vertex -159.944 -102.023 10
      vertex -160.742 -102.118 10
      vertex -160.962 -102.947 10
    endloop
  endfacet
  facet normal 0 -0 1
    outer loop
      vertex -160.47 -104.769 10
      vertex -160.446 -104.679 10
      vertex -160.852 -104.324 10
    endloop
  endfacet
  facet normal 0 -0 1
    outer loop
      vertex -159.866 -115.936 10
      vertex -159.836 -115.805 10
      vertex -162.143 -113.786 10
    endloop
  endfacet
  facet normal 0 0 1
    outer loop
      vertex -162.334 -108.823 10
      vertex -162.581 -108.903 10
      vertex -162.651 -109.553 10
    endloop
  endfacet
  facet normal -0 0 1
    outer loop
      vertex -162.046 -101.45 10
      vertex -161.242 -101.909 10
      vertex -160.823 -101.431 10
    endloop
  endfacet
  facet normal -0 0 1
    outer loop
      vertex -163.477 -101.849 10
      vertex -162.83 -102.218 10
      vertex -162.237 -101.486 10
    endloop
  endfacet
  facet normal 0 0 1
    outer loop
      vertex -160.772 -104.167 10
      vertex -160.852 -104.324 10
      vertex -160.278 -104.418 10
    endloop
  endfacet
  facet normal 0 0 1
    outer loop
      vertex -161.726 -105.05 10
      vertex -161.302 -104.673 10
      vertex -161.409 -104.71 10
    endloop
  endfacet
  facet normal 0 0 1
    outer loop
      vertex -160.239 -111.938 10
      vertex -161.568 -111.522 10
      vertex -161.976 -113.542 10
    endloop
  endfacet
  facet normal 0 0 1
    outer loop
      vertex -161.035 -104.287 10
      vertex -161.435 -103.812 10
      vertex -161.53 -103.865 10
    endloop
  endfacet
  facet normal 0 0 1
    outer loop
      vertex -163.477 -101.849 10
      vertex -163.648 -102.177 10
      vertex -163.582 -102.201 10
    endloop
  endfacet
  facet normal 0 -0 1
    outer loop
      vertex -160.823 -101.431 10
      vertex -160.02 -99.4441 10
      vertex -162.046 -101.45 10
    endloop
  endfacet
  facet normal 0 0 1
    outer loop
      vertex -163.477 -101.849 10
      vertex -163.582 -102.201 10
      vertex -162.83 -102.218 10
    endloop
  endfacet
  facet normal 0 0 1
    outer loop
      vertex -162.046 -101.45 10
      vertex -164.216 -100.403 10
      vertex -162.237 -101.486 10
    endloop
  endfacet
  facet normal -0 0 1
    outer loop
      vertex -164.216 -100.403 10
      vertex -162.046 -101.45 10
      vertex -160.02 -99.4441 10
    endloop
  endfacet
  facet normal 0 0 1
    outer loop
      vertex -159.95 -101.984 10
      vertex -160.563 -101.559 10
      vertex -160.653 -102.009 10
    endloop
  endfacet
  facet normal 0 -0 1
    outer loop
      vertex -160.651 -101.392 10
      vertex -160.02 -99.4441 10
      vertex -160.823 -101.431 10
    endloop
  endfacet
  facet normal 0 0 1
    outer loop
      vertex -159.95 -101.984 10
      vertex -160.02 -99.4441 10
      vertex -160.651 -101.392 10
    endloop
  endfacet
  facet normal 0 0 1
    outer loop
      vertex -159.95 -101.984 10
      vertex -160.651 -101.392 10
      vertex -160.563 -101.559 10
    endloop
  endfacet
  facet normal 0 0 1
    outer loop
      vertex -159.95 -101.984 10
      vertex -160.653 -102.009 10
      vertex -159.944 -102.023 10
    endloop
  endfacet
  facet normal 0 0 1
    outer loop
      vertex -160.742 -102.118 10
      vertex -161.121 -102.82 10
      vertex -160.962 -102.947 10
    endloop
  endfacet
  facet normal -0 0 1
    outer loop
      vertex -161.644 -102.75 10
      vertex -161.568 -102.854 10
      vertex -161.374 -102.382 10
    endloop
  endfacet
  facet normal 0 0 1
    outer loop
      vertex -160.962 -102.947 10
      vertex -160.331 -103.661 10
      vertex -159.614 -103.114 10
    endloop
  endfacet
  facet normal 0 0 1
    outer loop
      vertex -160.388 -103.806 10
      vertex -160.962 -102.947 10
      vertex -160.772 -104.167 10
    endloop
  endfacet
  facet normal 0 -0 1
    outer loop
      vertex -160.388 -103.806 10
      vertex -160.331 -103.661 10
      vertex -160.962 -102.947 10
    endloop
  endfacet
  facet normal -0 0 1
    outer loop
      vertex -161.374 -102.382 10
      vertex -161.121 -102.82 10
      vertex -160.742 -102.118 10
    endloop
  endfacet
  facet normal 0 0 1
    outer loop
      vertex -159.944 -102.023 10
      vertex -160.962 -102.947 10
      vertex -159.614 -103.114 10
    endloop
  endfacet
  facet normal 0 0 1
    outer loop
      vertex -160.852 -104.324 10
      vertex -160.446 -104.679 10
      vertex -160.278 -104.418 10
    endloop
  endfacet
  facet normal 0 0 1
    outer loop
      vertex -161.262 -104.502 10
      vertex -160.852 -104.324 10
      vertex -161.035 -104.287 10
    endloop
  endfacet
  facet normal 0 0 1
    outer loop
      vertex -161.302 -104.673 10
      vertex -160.852 -104.324 10
      vertex -161.262 -104.502 10
    endloop
  endfacet
  facet normal 0 0 1
    outer loop
      vertex -161.035 -104.287 10
      vertex -161.53 -103.865 10
      vertex -161.262 -104.502 10
    endloop
  endfacet
  facet normal 0 0 1
    outer loop
      vertex -160.47 -104.769 10
      vertex -160.852 -104.324 10
      vertex -161.302 -104.673 10
    endloop
  endfacet
  facet normal 0 0 1
    outer loop
      vertex -160.47 -104.769 10
      vertex -161.302 -104.673 10
      vertex -161.726 -105.05 10
    endloop
  endfacet
  facet normal 0 0 1
    outer loop
      vertex -161.726 -105.05 10
      vertex -161.409 -104.71 10
      vertex -161.613 -104.697 10
    endloop
  endfacet
  facet normal 0 0 1
    outer loop
      vertex -160.38 -106.249 10
      vertex -161.663 -106.309 10
      vertex -160.313 -106.365 10
    endloop
  endfacet
  facet normal 0 0 1
    outer loop
      vertex -161.663 -106.309 10
      vertex -161.854 -106.33 10
      vertex -162.233 -107.053 10
    endloop
  endfacet
  facet normal 0 0 1
    outer loop
      vertex -161.663 -106.309 10
      vertex -162.233 -107.053 10
      vertex -162.063 -107.942 10
    endloop
  endfacet
  facet normal 0 0 1
    outer loop
      vertex -161.663 -106.309 10
      vertex -162.063 -107.942 10
      vertex -159.934 -107.14 10
    endloop
  endfacet
  facet normal 0 0 1
    outer loop
      vertex -162.334 -108.823 10
      vertex -162.651 -109.553 10
      vertex -161.401 -110.333 10
    endloop
  endfacet
  facet normal 0 0 1
    outer loop
      vertex -162.234 -108.715 10
      vertex -161.401 -110.333 10
      vertex -159.73 -109.426 10
    endloop
  endfacet
  facet normal 0 0 1
    outer loop
      vertex -161.33 -110.469 10
      vertex -161.36 -110.959 10
      vertex -160.142 -111.35 10
    endloop
  endfacet
  facet normal 0 0 1
    outer loop
      vertex -159.75 -110.286 10
      vertex -161.33 -110.469 10
      vertex -160.142 -111.35 10
    endloop
  endfacet
  facet normal 0 -0 1
    outer loop
      vertex -162.626 -112.912 10
      vertex -161.568 -111.522 10
      vertex -162.899 -112.249 10
    endloop
  endfacet
  facet normal 0 -0 1
    outer loop
      vertex -165.4 -115.963 10
      vertex -164.775 -114.798 10
      vertex -166.666 -115.118 10
    endloop
  endfacet
  facet normal 0 0 1
    outer loop
      vertex -163.354 -113.873 10
      vertex -163.457 -114.555 10
      vertex -163.39 -114.68 10
    endloop
  endfacet
  facet normal 0 0 1
    outer loop
      vertex -159.75 -110.286 10
      vertex -161.401 -110.333 10
      vertex -161.33 -110.469 10
    endloop
  endfacet
  facet normal 0 -0 1
    outer loop
      vertex -159.75 -110.286 10
      vertex -159.73 -109.426 10
      vertex -161.401 -110.333 10
    endloop
  endfacet
  facet normal 0 -0 1
    outer loop
      vertex -160.289 -111.518 10
      vertex -160.142 -111.35 10
      vertex -161.36 -110.959 10
    endloop
  endfacet
  facet normal 0 0 1
    outer loop
      vertex -161.496 -111.432 10
      vertex -160.239 -111.938 10
      vertex -160.289 -111.518 10
    endloop
  endfacet
  facet normal -0 0 1
    outer loop
      vertex -161.366 -110.992 10
      vertex -160.289 -111.518 10
      vertex -161.36 -110.959 10
    endloop
  endfacet
  facet normal -0 0 1
    outer loop
      vertex -163.029 -112.838 10
      vertex -162.714 -112.871 10
      vertex -162.974 -112.572 10
    endloop
  endfacet
  facet normal -0 -0 1
    outer loop
      vertex -162.714 -112.871 10
      vertex -162.626 -112.912 10
      vertex -162.899 -112.249 10
    endloop
  endfacet
  facet normal 0 0 1
    outer loop
      vertex -163.447 -113.9 10
      vertex -163.711 -113.887 10
      vertex -163.744 -114.364 10
    endloop
  endfacet
  facet normal -0 0 1
    outer loop
      vertex -163.39 -115.07 10
      vertex -163.391 -115.088 10
      vertex -162.143 -113.786 10
    endloop
  endfacet
  facet normal 0 0 1
    outer loop
      vertex -163.541 -116.358 10
      vertex -159.866 -115.936 10
      vertex -163.391 -115.088 10
    endloop
  endfacet
  facet normal 0 -0 1
    outer loop
      vertex -161.976 -113.542 10
      vertex -161.568 -111.522 10
      vertex -162.626 -112.912 10
    endloop
  endfacet
  facet normal 0 0 1
    outer loop
      vertex -162.143 -113.786 10
      vertex -162.795 -113.482 10
      vertex -163.354 -113.873 10
    endloop
  endfacet
  facet normal 0 0 1
    outer loop
      vertex -159.59 -114.048 10
      vertex -160.124 -112.066 10
      vertex -161.976 -113.542 10
    endloop
  endfacet
  facet normal 0 0 1
    outer loop
      vertex -161.976 -113.542 10
      vertex -160.124 -112.066 10
      vertex -160.239 -111.938 10
    endloop
  endfacet
  facet normal 0 0 1
    outer loop
      vertex -161.945 -113.716 10
      vertex -159.6 -114.878 10
      vertex -159.59 -114.048 10
    endloop
  endfacet
  facet normal 0 -0 1
    outer loop
      vertex -163.457 -114.555 10
      vertex -163.447 -113.9 10
      vertex -163.744 -114.364 10
    endloop
  endfacet
  facet normal 0 0 1
    outer loop
      vertex -163.457 -114.555 10
      vertex -163.354 -113.873 10
      vertex -163.447 -113.9 10
    endloop
  endfacet
  facet normal 0 0 1
    outer loop
      vertex -162.143 -113.786 10
      vertex -163.39 -114.68 10
      vertex -163.39 -115.07 10
    endloop
  endfacet
  facet normal 0 -0 1
    outer loop
      vertex -159.98 -117.968 10
      vertex -159.866 -115.936 10
      vertex -163.541 -116.358 10
    endloop
  endfacet
  facet normal 0 0 1
    outer loop
      vertex -159.98 -117.968 10
      vertex -163.541 -116.358 10
      vertex -163.554 -116.404 10
    endloop
  endfacet
  facet normal 0 0 1
    outer loop
      vertex -163.554 -116.404 10
      vertex -163.964 -117.274 10
      vertex -160.02 -118.08 10
    endloop
  endfacet
  facet normal 0 0 1
    outer loop
      vertex -164.651 -118.464 10
      vertex -163.964 -117.274 10
      vertex -164.165 -117.345 10
    endloop
  endfacet
  facet normal 0 0 1
    outer loop
      vertex -162.143 -113.786 10
      vertex -163.354 -113.873 10
      vertex -163.39 -114.68 10
    endloop
  endfacet
  facet normal 0 0 1
    outer loop
      vertex -163.554 -116.404 10
      vertex -160.02 -118.08 10
      vertex -159.98 -117.968 10
    endloop
  endfacet
  facet normal -0 0 1
    outer loop
      vertex -163.391 -115.088 10
      vertex -159.866 -115.936 10
      vertex -162.143 -113.786 10
    endloop
  endfacet
  facet normal 0 0 1
    outer loop
      vertex -163.964 -117.274 10
      vertex -160.874 -120.122 10
      vertex -160.02 -118.08 10
    endloop
  endfacet
  facet normal -0 0 1
    outer loop
      vertex -164.651 -118.464 10
      vertex -164.63 -118.544 10
      vertex -163.964 -117.274 10
    endloop
  endfacet
  facet normal 0 -0 1
    outer loop
      vertex -163.781 -120.623 10
      vertex -160.874 -120.122 10
      vertex -164.63 -118.544 10
    endloop
  endfacet
  facet normal -0 -0 1
    outer loop
      vertex -164.657 -120.425 10
      vertex -163.781 -120.623 10
      vertex -164.687 -119.309 10
    endloop
  endfacet
  facet normal -0 0 1
    outer loop
      vertex -166.393 -116.005 10
      vertex -165.463 -116.134 10
      vertex -166.375 -115.817 10
    endloop
  endfacet
  facet normal 0 -0 1
    outer loop
      vertex -166.48 -117.05 10
      vertex -165.463 -116.134 10
      vertex -166.522 -116.936 10
    endloop
  endfacet
  facet normal 0 0 1
    outer loop
      vertex -165.322 -116.24 10
      vertex -164.471 -117.049 10
      vertex -164.642 -116.25 10
    endloop
  endfacet
  facet normal -0 0 1
    outer loop
      vertex -164.04 -115.013 10
      vertex -163.952 -115.599 10
      vertex -163.995 -114.997 10
    endloop
  endfacet
  facet normal 0 0 1
    outer loop
      vertex -164.223 -115.91 10
      vertex -163.952 -115.599 10
      vertex -164.04 -115.013 10
    endloop
  endfacet
  facet normal 0 0 1
    outer loop
      vertex -164.725 -115.257 10
      vertex -165.4 -115.963 10
      vertex -164.663 -115.501 10
    endloop
  endfacet
  facet normal 0 0 1
    outer loop
      vertex -164.275 -115.996 10
      vertex -163.952 -115.599 10
      vertex -164.223 -115.91 10
    endloop
  endfacet
  facet normal 0 0 1
    outer loop
      vertex -164.471 -117.049 10
      vertex -163.952 -115.599 10
      vertex -164.275 -115.996 10
    endloop
  endfacet
  facet normal 0 0 1
    outer loop
      vertex -164.471 -117.049 10
      vertex -164.545 -116.216 10
      vertex -164.642 -116.25 10
    endloop
  endfacet
  facet normal 0 -0 1
    outer loop
      vertex -164.471 -117.049 10
      vertex -164.275 -115.996 10
      vertex -164.545 -116.216 10
    endloop
  endfacet
  facet normal 0 -0 1
    outer loop
      vertex -165.463 -116.134 10
      vertex -165.4 -115.963 10
      vertex -166.375 -115.817 10
    endloop
  endfacet
  facet normal 0 0 1
    outer loop
      vertex -166.393 -116.005 10
      vertex -166.522 -116.936 10
      vertex -165.463 -116.134 10
    endloop
  endfacet
  facet normal 0 0 1
    outer loop
      vertex -165.4 -115.963 10
      vertex -164.725 -115.257 10
      vertex -164.723 -115.173 10
    endloop
  endfacet
  facet normal 0 0 1
    outer loop
      vertex -164.329 -113.674 10
      vertex -164.577 -113.868 10
      vertex -164.245 -113.712 10
    endloop
  endfacet
  facet normal 0 0 1
    outer loop
      vertex -164.651 -114.664 10
      vertex -164.775 -114.798 10
      vertex -164.723 -115.173 10
    endloop
  endfacet
  facet normal 0 0 1
    outer loop
      vertex -164.245 -113.712 10
      vertex -164.651 -114.664 10
      vertex -164.723 -115.173 10
    endloop
  endfacet
  facet normal 0 0 1
    outer loop
      vertex -164.245 -113.712 10
      vertex -164.577 -113.868 10
      vertex -164.651 -114.664 10
    endloop
  endfacet
  facet normal 0 0 1
    outer loop
      vertex -164.723 -115.173 10
      vertex -164.775 -114.798 10
      vertex -165.4 -115.963 10
    endloop
  endfacet
  facet normal -0 0 1
    outer loop
      vertex -165.371 -123.314 10
      vertex -164.456 -123.34 10
      vertex -164.174 -122.196 10
    endloop
  endfacet
  facet normal -0 0 1
    outer loop
      vertex -166.678 -115.358 10
      vertex -166.375 -115.817 10
      vertex -166.666 -115.118 10
    endloop
  endfacet
  facet normal 0 0 1
    outer loop
      vertex -167.821 -117.45 10
      vertex -166.695 -116.905 10
      vertex -166.393 -116.005 10
    endloop
  endfacet
  facet normal 0 0 1
    outer loop
      vertex -166.393 -116.005 10
      vertex -166.695 -116.905 10
      vertex -166.522 -116.936 10
    endloop
  endfacet
  facet normal 0 0 1
    outer loop
      vertex -164.408 -121.538 10
      vertex -164.863 -120.944 10
      vertex -164.905 -121.647 10
    endloop
  endfacet
  facet normal 0 0 1
    outer loop
      vertex -165.463 -116.134 10
      vertex -166.48 -117.05 10
      vertex -165.322 -116.24 10
    endloop
  endfacet
  facet normal 0 0 1
    outer loop
      vertex -166.48 -117.05 10
      vertex -166.523 -117.684 10
      vertex -165.592 -117.813 10
    endloop
  endfacet
  facet normal 0 0 1
    outer loop
      vertex -166.523 -117.684 10
      vertex -165.671 -118.048 10
      vertex -165.592 -117.813 10
    endloop
  endfacet
  facet normal -0 0 1
    outer loop
      vertex -165.417 -117.714 10
      vertex -165.107 -117.784 10
      vertex -164.471 -117.049 10
    endloop
  endfacet
  facet normal 0 0 1
    outer loop
      vertex -165.107 -117.784 10
      vertex -164.395 -117.235 10
      vertex -164.471 -117.049 10
    endloop
  endfacet
  facet normal 0 0 1
    outer loop
      vertex -165.322 -116.24 10
      vertex -166.48 -117.05 10
      vertex -165.417 -117.714 10
    endloop
  endfacet
  facet normal 0 0 1
    outer loop
      vertex -165.417 -117.714 10
      vertex -166.48 -117.05 10
      vertex -165.592 -117.813 10
    endloop
  endfacet
  facet normal 0 0 1
    outer loop
      vertex -165.322 -116.24 10
      vertex -165.417 -117.714 10
      vertex -164.471 -117.049 10
    endloop
  endfacet
  facet normal 0 0 1
    outer loop
      vertex -164.395 -117.235 10
      vertex -165.107 -117.784 10
      vertex -165.011 -117.854 10
    endloop
  endfacet
  facet normal -0 0 1
    outer loop
      vertex -164.63 -118.544 10
      vertex -160.874 -120.122 10
      vertex -163.964 -117.274 10
    endloop
  endfacet
  facet normal 0 -0 1
    outer loop
      vertex -164.651 -118.464 10
      vertex -164.165 -117.345 10
      vertex -165.011 -117.854 10
    endloop
  endfacet
  facet normal -0 0 1
    outer loop
      vertex -164.65 -119.214 10
      vertex -163.781 -120.623 10
      vertex -164.63 -118.544 10
    endloop
  endfacet
  facet normal 0 0 1
    outer loop
      vertex -163.941 -120.697 10
      vertex -164.623 -120.644 10
      vertex -164.408 -121.538 10
    endloop
  endfacet
  facet normal 0 0 1
    outer loop
      vertex -160.914 -120.187 10
      vertex -163.663 -120.74 10
      vertex -161.294 -121.457 10
    endloop
  endfacet
  facet normal 0 0 1
    outer loop
      vertex -162.983 -122.285 10
      vertex -161.451 -123.529 10
      vertex -160.809 -122.679 10
    endloop
  endfacet
  facet normal 0 0 1
    outer loop
      vertex -164.863 -120.944 10
      vertex -165.054 -120.98 10
      vertex -164.905 -121.647 10
    endloop
  endfacet
  facet normal 0 0 1
    outer loop
      vertex -162.983 -122.285 10
      vertex -163.015 -122.52 10
      vertex -161.451 -123.529 10
    endloop
  endfacet
  facet normal -0 0 1
    outer loop
      vertex -163.325 -122.7 10
      vertex -161.5 -123.637 10
      vertex -163.015 -122.52 10
    endloop
  endfacet
  facet normal -0 0 1
    outer loop
      vertex -165.708 -120.894 10
      vertex -165.054 -120.98 10
      vertex -165.578 -120.682 10
    endloop
  endfacet
  facet normal 0 0 1
    outer loop
      vertex -164.905 -121.647 10
      vertex -165.054 -120.98 10
      vertex -165.708 -120.894 10
    endloop
  endfacet
  facet normal 0 -0 1
    outer loop
      vertex -164.524 -125.201 10
      vertex -164.314 -125.181 10
      vertex -165.052 -123.989 10
    endloop
  endfacet
  facet normal -0 0 1
    outer loop
      vertex -164.863 -120.944 10
      vertex -164.408 -121.538 10
      vertex -164.623 -120.644 10
    endloop
  endfacet
  facet normal -0 0 1
    outer loop
      vertex -164.456 -123.34 10
      vertex -164.316 -123.448 10
      vertex -163.488 -122.692 10
    endloop
  endfacet
  facet normal 0 0 1
    outer loop
      vertex -160.914 -120.187 10
      vertex -163.781 -120.623 10
      vertex -163.663 -120.74 10
    endloop
  endfacet
  facet normal 0 0 1
    outer loop
      vertex -163.781 -120.623 10
      vertex -164.65 -119.214 10
      vertex -164.687 -119.309 10
    endloop
  endfacet
  facet normal 0 -0 1
    outer loop
      vertex -160.914 -120.187 10
      vertex -160.874 -120.122 10
      vertex -163.781 -120.623 10
    endloop
  endfacet
  facet normal 0 0 1
    outer loop
      vertex -161.294 -121.457 10
      vertex -163.663 -120.74 10
      vertex -163.442 -121.817 10
    endloop
  endfacet
  facet normal 0 0 1
    outer loop
      vertex -161.294 -121.457 10
      vertex -163.442 -121.817 10
      vertex -162.983 -122.285 10
    endloop
  endfacet
  facet normal 0 0 1
    outer loop
      vertex -163.015 -122.52 10
      vertex -161.5 -123.637 10
      vertex -161.451 -123.529 10
    endloop
  endfacet
  facet normal 0 0 1
    outer loop
      vertex -164.316 -123.448 10
      vertex -163.325 -122.7 10
      vertex -163.488 -122.692 10
    endloop
  endfacet
  facet normal -0 -0 1
    outer loop
      vertex -164.314 -125.181 10
      vertex -164.162 -125.27 10
      vertex -164.387 -123.621 10
    endloop
  endfacet
  facet normal 0 0 1
    outer loop
      vertex -164.174 -122.196 10
      vertex -165.563 -122.076 10
      vertex -165.371 -123.314 10
    endloop
  endfacet
  facet normal 0 0 1
    outer loop
      vertex -163.97 -127.238 10
      vertex -163.949 -127.414 10
      vertex -163.643 -127.295 10
    endloop
  endfacet
  facet normal 0 0 1
    outer loop
      vertex -162.394 -125.193 10
      vertex -164.316 -123.448 10
      vertex -164.387 -123.621 10
    endloop
  endfacet
  facet normal 0 0 1
    outer loop
      vertex -163.488 -122.692 10
      vertex -164.174 -122.196 10
      vertex -164.456 -123.34 10
    endloop
  endfacet
  facet normal 0 0 1
    outer loop
      vertex -162.394 -125.193 10
      vertex -163.325 -122.7 10
      vertex -164.316 -123.448 10
    endloop
  endfacet
  facet normal 0 -0 1
    outer loop
      vertex -164.655 -125.312 10
      vertex -164.524 -125.201 10
      vertex -165.052 -123.989 10
    endloop
  endfacet
  facet normal 0 0 1
    outer loop
      vertex -164.655 -125.312 10
      vertex -165.052 -123.989 10
      vertex -165.109 -126.563 10
    endloop
  endfacet
  facet normal 0 0 1
    outer loop
      vertex -164.162 -125.27 10
      vertex -164.155 -125.367 10
      vertex -162.446 -125.277 10
    endloop
  endfacet
  facet normal -0 0 1
    outer loop
      vertex -163.949 -127.414 10
      vertex -163.421 -127.999 10
      vertex -163.643 -127.295 10
    endloop
  endfacet
  facet normal 0 -0 1
    outer loop
      vertex -165.015 -126.666 10
      vertex -164.655 -125.312 10
      vertex -165.109 -126.563 10
    endloop
  endfacet
  facet normal -0 0 1
    outer loop
      vertex -164.155 -125.367 10
      vertex -163.26 -126.18 10
      vertex -162.446 -125.277 10
    endloop
  endfacet
  facet normal 0 -0 1
    outer loop
      vertex -164.162 -125.27 10
      vertex -162.394 -125.193 10
      vertex -164.387 -123.621 10
    endloop
  endfacet
  facet normal -0 0 1
    outer loop
      vertex -165.052 -123.989 10
      vertex -164.314 -125.181 10
      vertex -164.387 -123.621 10
    endloop
  endfacet
  facet normal 0 0 1
    outer loop
      vertex -162.394 -125.193 10
      vertex -164.162 -125.27 10
      vertex -162.446 -125.277 10
    endloop
  endfacet
  facet normal 0 0 1
    outer loop
      vertex -163.26 -126.18 10
      vertex -164.155 -125.367 10
      vertex -163.395 -126.291 10
    endloop
  endfacet
  facet normal 0 0 1
    outer loop
      vertex -163.395 -126.291 10
      vertex -164.485 -126.678 10
      vertex -163.97 -127.238 10
    endloop
  endfacet
  facet normal 0 0 1
    outer loop
      vertex -163.395 -126.291 10
      vertex -164.155 -125.367 10
      vertex -164.485 -126.678 10
    endloop
  endfacet
  facet normal 0 0 1
    outer loop
      vertex -163.645 -127.211 10
      vertex -163.97 -127.238 10
      vertex -163.643 -127.295 10
    endloop
  endfacet
  facet normal 0 0 1
    outer loop
      vertex -163.949 -127.414 10
      vertex -164.126 -127.483 10
      vertex -163.421 -127.999 10
    endloop
  endfacet
  facet normal 0 0 1
    outer loop
      vertex -164.126 -127.483 10
      vertex -165.002 -127.88 10
      vertex -164.25 -128.559 10
    endloop
  endfacet
  facet normal 0 0 1
    outer loop
      vertex -164.126 -127.483 10
      vertex -164.25 -128.559 10
      vertex -163.421 -127.999 10
    endloop
  endfacet
  facet normal 0 0 1
    outer loop
      vertex -164.664 -127.309 10
      vertex -165.002 -127.88 10
      vertex -164.126 -127.483 10
    endloop
  endfacet
  facet normal 0 0 1
    outer loop
      vertex -163.421 -127.999 10
      vertex -164.213 -128.731 10
      vertex -163.49 -129.111 10
    endloop
  endfacet
  facet normal -0 0 1
    outer loop
      vertex -165.644 -129.361 10
      vertex -165.294 -129.781 10
      vertex -165.126 -128.756 10
    endloop
  endfacet
  facet normal 0 0 1
    outer loop
      vertex -164.213 -128.731 10
      vertex -163.481 -129.171 10
      vertex -163.49 -129.111 10
    endloop
  endfacet
  facet normal -0 0 1
    outer loop
      vertex -164.362 -128.819 10
      vertex -163.481 -129.171 10
      vertex -164.213 -128.731 10
    endloop
  endfacet
  facet normal 0 0 1
    outer loop
      vertex -165.126 -128.756 10
      vertex -165.294 -129.781 10
      vertex -164.362 -128.819 10
    endloop
  endfacet
  facet normal -0 0 1
    outer loop
      vertex -164.26 -130.327 10
      vertex -164.182 -130.486 10
      vertex -163.808 -130.321 10
    endloop
  endfacet
  facet normal -0 0 1
    outer loop
      vertex -163.532 -130.378 10
      vertex -162.701 -131.311 10
      vertex -163.481 -129.171 10
    endloop
  endfacet
  facet normal 0 0 1
    outer loop
      vertex -164.362 -128.819 10
      vertex -164.26 -130.327 10
      vertex -163.481 -129.171 10
    endloop
  endfacet
  facet normal 0 -0 1
    outer loop
      vertex -164.402 -131.286 10
      vertex -164.355 -130.608 10
      vertex -164.728 -130.77 10
    endloop
  endfacet
  facet normal 0 0 1
    outer loop
      vertex -164.355 -130.608 10
      vertex -164.718 -130.546 10
      vertex -164.728 -130.77 10
    endloop
  endfacet
  facet normal 0 0 1
    outer loop
      vertex -163.862 -131.984 10
      vertex -162.514 -131.403 10
      vertex -162.701 -131.311 10
    endloop
  endfacet
  facet normal 0 -0 1
    outer loop
      vertex -164.14 -134.368 10
      vertex -162.742 -133.742 10
      vertex -164.16 -133.118 10
    endloop
  endfacet
  facet normal 0 0 1
    outer loop
      vertex -164.26 -130.327 10
      vertex -163.808 -130.321 10
      vertex -163.481 -129.171 10
    endloop
  endfacet
  facet normal -0 0 1
    outer loop
      vertex -164.182 -130.486 10
      vertex -164.402 -131.286 10
      vertex -163.808 -130.321 10
    endloop
  endfacet
  facet normal 0 0 1
    outer loop
      vertex -163.808 -130.321 10
      vertex -163.645 -130.254 10
      vertex -163.481 -129.171 10
    endloop
  endfacet
  facet normal -0 0 1
    outer loop
      vertex -163.645 -130.254 10
      vertex -163.532 -130.378 10
      vertex -163.481 -129.171 10
    endloop
  endfacet
  facet normal 0 0 1
    outer loop
      vertex -163.532 -130.378 10
      vertex -163.452 -130.928 10
      vertex -162.701 -131.311 10
    endloop
  endfacet
  facet normal 0 0 1
    outer loop
      vertex -163.452 -130.928 10
      vertex -163.524 -131.079 10
      vertex -162.701 -131.311 10
    endloop
  endfacet
  facet normal 0 0 1
    outer loop
      vertex -163.524 -131.079 10
      vertex -163.733 -131.203 10
      vertex -163.862 -131.984 10
    endloop
  endfacet
  facet normal 0 0 1
    outer loop
      vertex -164.084 -132.09 10
      vertex -164.824 -131.67 10
      vertex -164.258 -132.979 10
    endloop
  endfacet
  facet normal 0 -0 1
    outer loop
      vertex -162.742 -133.742 10
      vertex -162.518 -133.664 10
      vertex -163.862 -131.984 10
    endloop
  endfacet
  facet normal 0 -0 1
    outer loop
      vertex -162.518 -133.664 10
      vertex -162.514 -131.403 10
      vertex -163.862 -131.984 10
    endloop
  endfacet
  facet normal 0 0 1
    outer loop
      vertex -162.103 -135.096 10
      vertex -162.689 -133.91 10
      vertex -162.15 -135.12 10
    endloop
  endfacet
  facet normal 0 0 1
    outer loop
      vertex -166.14 -132.281 10
      vertex -164.824 -131.67 10
      vertex -164.887 -131.6 10
    endloop
  endfacet
  facet normal 0 -0 1
    outer loop
      vertex -165.826 -130.947 10
      vertex -165.381 -130.478 10
      vertex -166.004 -130.35 10
    endloop
  endfacet
  facet normal 0 0 1
    outer loop
      vertex -165.381 -130.478 10
      vertex -165.849 -130.146 10
      vertex -166.004 -130.35 10
    endloop
  endfacet
  facet normal 0 0 1
    outer loop
      vertex -163.493 -136.417 10
      vertex -163.616 -136.32 10
      vertex -163.631 -136.484 10
    endloop
  endfacet
  facet normal 0 0 1
    outer loop
      vertex -164.887 -131.6 10
      vertex -165.381 -130.478 10
      vertex -165.826 -130.947 10
    endloop
  endfacet
  facet normal 0 0 1
    outer loop
      vertex -166.14 -132.281 10
      vertex -164.887 -131.6 10
      vertex -165.958 -131.14 10
    endloop
  endfacet
  facet normal 0 -0 1
    outer loop
      vertex -166.14 -132.281 10
      vertex -165.958 -131.14 10
      vertex -166.652 -131.193 10
    endloop
  endfacet
  facet normal 0 0 1
    outer loop
      vertex -164.258 -132.979 10
      vertex -164.824 -131.67 10
      vertex -166.14 -132.281 10
    endloop
  endfacet
  facet normal 0 0 1
    outer loop
      vertex -164.084 -132.09 10
      vertex -164.258 -132.979 10
      vertex -163.987 -132.108 10
    endloop
  endfacet
  facet normal 0 0 1
    outer loop
      vertex -162.689 -133.91 10
      vertex -163.76 -134.934 10
      vertex -162.15 -135.12 10
    endloop
  endfacet
  facet normal 0 0 1
    outer loop
      vertex -164.241 -134.512 10
      vertex -164.325 -134.824 10
      vertex -163.878 -134.86 10
    endloop
  endfacet
  facet normal 0 0 1
    outer loop
      vertex -164.14 -134.368 10
      vertex -163.878 -134.86 10
      vertex -163.76 -134.934 10
    endloop
  endfacet
  facet normal -0 0 1
    outer loop
      vertex -163.269 -135.776 10
      vertex -163.097 -135.833 10
      vertex -162.15 -135.12 10
    endloop
  endfacet
  facet normal 0 0 1
    outer loop
      vertex -164.352 -134.507 10
      vertex -164.669 -134.57 10
      vertex -164.325 -134.824 10
    endloop
  endfacet
  facet normal 0 0 1
    outer loop
      vertex -164.352 -134.507 10
      vertex -164.553 -134.416 10
      vertex -164.669 -134.57 10
    endloop
  endfacet
  facet normal 0 0 1
    outer loop
      vertex -164.145 -136.725 10
      vertex -164.807 -136.405 10
      vertex -164.655 -137.013 10
    endloop
  endfacet
  facet normal 0 0 1
    outer loop
      vertex -160.057 -135.365 10
      vertex -160.966 -135.268 10
      vertex -160.089 -135.6 10
    endloop
  endfacet
  facet normal 0 0 1
    outer loop
      vertex -164.241 -134.512 10
      vertex -164.352 -134.507 10
      vertex -164.325 -134.824 10
    endloop
  endfacet
  facet normal 0 0 1
    outer loop
      vertex -162.689 -133.91 10
      vertex -164.14 -134.368 10
      vertex -163.76 -134.934 10
    endloop
  endfacet
  facet normal 0 0 1
    outer loop
      vertex -162.712 -136.441 10
      vertex -161.642 -137.091 10
      vertex -161.434 -136.484 10
    endloop
  endfacet
  facet normal 0 -0 1
    outer loop
      vertex -161.509 -137.558 10
      vertex -161.378 -137.228 10
      vertex -161.546 -137.283 10
    endloop
  endfacet
  facet normal 0 0 1
    outer loop
      vertex -160.471 -137.493 10
      vertex -161.038 -136.758 10
      vertex -160.594 -137.523 10
    endloop
  endfacet
  facet normal 0 0 1
    outer loop
      vertex -160.057 -135.365 10
      vertex -161.063 -134.658 10
      vertex -160.953 -135.168 10
    endloop
  endfacet
  facet normal 0 -0 1
    outer loop
      vertex -162.103 -135.096 10
      vertex -161.57 -134.741 10
      vertex -162.689 -133.91 10
    endloop
  endfacet
  facet normal 0 0 1
    outer loop
      vertex -160.057 -135.365 10
      vertex -161.026 -134.196 10
      vertex -161.063 -134.658 10
    endloop
  endfacet
  facet normal 0 0 1
    outer loop
      vertex -162.103 -135.096 10
      vertex -161.516 -134.919 10
      vertex -161.57 -134.741 10
    endloop
  endfacet
  facet normal 0 0 1
    outer loop
      vertex -160.821 -133.222 10
      vertex -162.518 -133.664 10
      vertex -161.054 -134.06 10
    endloop
  endfacet
  facet normal 0 0 1
    outer loop
      vertex -162.742 -133.742 10
      vertex -164.14 -134.368 10
      vertex -162.689 -133.91 10
    endloop
  endfacet
  facet normal -0 0 1
    outer loop
      vertex -164.16 -133.118 10
      vertex -162.742 -133.742 10
      vertex -163.862 -131.984 10
    endloop
  endfacet
  facet normal 0 0 1
    outer loop
      vertex -160.821 -133.222 10
      vertex -162.514 -131.403 10
      vertex -162.518 -133.664 10
    endloop
  endfacet
  facet normal 0 -0 1
    outer loop
      vertex -161.063 -134.658 10
      vertex -161.026 -134.196 10
      vertex -161.128 -134.564 10
    endloop
  endfacet
  facet normal 0 0 1
    outer loop
      vertex -162.518 -133.664 10
      vertex -161.128 -134.564 10
      vertex -161.054 -134.06 10
    endloop
  endfacet
  facet normal 0 0 1
    outer loop
      vertex -161.054 -134.06 10
      vertex -161.128 -134.564 10
      vertex -161.026 -134.196 10
    endloop
  endfacet
  facet normal -0 0 1
    outer loop
      vertex -160.966 -135.268 10
      vertex -160.057 -135.365 10
      vertex -160.953 -135.168 10
    endloop
  endfacet
  facet normal 0 0 1
    outer loop
      vertex -160.089 -135.6 10
      vertex -160.966 -135.268 10
      vertex -161.231 -135.788 10
    endloop
  endfacet
  facet normal 0 0 1
    outer loop
      vertex -160.089 -135.6 10
      vertex -161.231 -135.788 10
      vertex -161.015 -136.633 10
    endloop
  endfacet
  facet normal -0 0 1
    outer loop
      vertex -161.378 -137.228 10
      vertex -160.594 -137.523 10
      vertex -161.038 -136.758 10
    endloop
  endfacet
  facet normal 0 0 1
    outer loop
      vertex -161.716 -137.627 10
      vertex -162.252 -137.767 10
      vertex -162.632 -138.397 10
    endloop
  endfacet
  facet normal 0 0 1
    outer loop
      vertex -162.257 -137.603 10
      vertex -162.252 -137.767 10
      vertex -161.716 -137.627 10
    endloop
  endfacet
  facet normal 0 -0 1
    outer loop
      vertex -163.159 -137.789 10
      vertex -162.633 -137.451 10
      vertex -163.405 -136.45 10
    endloop
  endfacet
  facet normal 0 -0 1
    outer loop
      vertex -162.579 -139.505 10
      vertex -161.716 -137.627 10
      vertex -162.632 -138.397 10
    endloop
  endfacet
  facet normal 0 0 1
    outer loop
      vertex -161.434 -136.484 10
      vertex -161.819 -135.791 10
      vertex -162.712 -136.441 10
    endloop
  endfacet
  facet normal 0 0 1
    outer loop
      vertex -163.724 -136.609 10
      vertex -164.024 -136.729 10
      vertex -163.159 -137.789 10
    endloop
  endfacet
  facet normal 0 0 1
    outer loop
      vertex -163.724 -136.609 10
      vertex -163.405 -136.45 10
      vertex -163.631 -136.484 10
    endloop
  endfacet
  facet normal 0 0 1
    outer loop
      vertex -163.405 -136.45 10
      vertex -163.493 -136.417 10
      vertex -163.631 -136.484 10
    endloop
  endfacet
  facet normal 0 0 1
    outer loop
      vertex -164.38 -137.201 10
      vertex -164.337 -137.943 10
      vertex -163.557 -138.081 10
    endloop
  endfacet
  facet normal 0 0 1
    outer loop
      vertex -164.145 -136.725 10
      vertex -164.38 -137.201 10
      vertex -164.024 -136.729 10
    endloop
  endfacet
  facet normal -0 0 1
    outer loop
      vertex -164.484 -137.067 10
      vertex -164.38 -137.201 10
      vertex -164.145 -136.725 10
    endloop
  endfacet
  facet normal 0 -0 1
    outer loop
      vertex -164.484 -137.067 10
      vertex -164.145 -136.725 10
      vertex -164.655 -137.013 10
    endloop
  endfacet
  facet normal 0 0 1
    outer loop
      vertex -164.024 -136.729 10
      vertex -164.38 -137.201 10
      vertex -163.159 -137.789 10
    endloop
  endfacet
  facet normal 0 0 1
    outer loop
      vertex -164.38 -137.201 10
      vertex -163.557 -138.081 10
      vertex -163.159 -137.789 10
    endloop
  endfacet
  facet normal -0 0 1
    outer loop
      vertex -163.724 -136.609 10
      vertex -163.159 -137.789 10
      vertex -163.405 -136.45 10
    endloop
  endfacet
  facet normal 0 0 1
    outer loop
      vertex -162.632 -138.397 10
      vertex -162.689 -138.452 10
      vertex -162.579 -139.505 10
    endloop
  endfacet
  facet normal 0 0 1
    outer loop
      vertex -162.805 -136.47 10
      vertex -163.405 -136.45 10
      vertex -162.633 -137.451 10
    endloop
  endfacet
  facet normal 0 -0 1
    outer loop
      vertex -162.833 -137.835 10
      vertex -162.633 -137.451 10
      vertex -163.02 -137.769 10
    endloop
  endfacet
  facet normal 0 -0 1
    outer loop
      vertex -163.02 -137.769 10
      vertex -162.633 -137.451 10
      vertex -163.159 -137.789 10
    endloop
  endfacet
  facet normal 0 -0 1
    outer loop
      vertex -162.633 -137.451 10
      vertex -162.475 -137.372 10
      vertex -162.805 -136.47 10
    endloop
  endfacet
  facet normal 0 0 1
    outer loop
      vertex -161.642 -137.091 10
      vertex -162.475 -137.372 10
      vertex -162.377 -137.433 10
    endloop
  endfacet
  facet normal 0 0 1
    outer loop
      vertex -162.475 -137.372 10
      vertex -162.712 -136.441 10
      vertex -162.805 -136.47 10
    endloop
  endfacet
  facet normal 0 0 1
    outer loop
      vertex -161.642 -137.091 10
      vertex -162.712 -136.441 10
      vertex -162.475 -137.372 10
    endloop
  endfacet
  facet normal 0 -0 1
    outer loop
      vertex -162.257 -137.603 10
      vertex -161.642 -137.091 10
      vertex -162.377 -137.433 10
    endloop
  endfacet
  facet normal 0 0 1
    outer loop
      vertex -161.642 -137.091 10
      vertex -162.257 -137.603 10
      vertex -161.716 -137.627 10
    endloop
  endfacet
  facet normal 0 0 1
    outer loop
      vertex -161.716 -137.627 10
      vertex -161.509 -137.558 10
      vertex -161.546 -137.283 10
    endloop
  endfacet
  facet normal -0 0 1
    outer loop
      vertex -162.893 -139.46 10
      vertex -162.579 -139.505 10
      vertex -162.689 -138.452 10
    endloop
  endfacet
  facet normal 0 0 1
    outer loop
      vertex -159.575 -138.378 10
      vertex -160.219 -138.269 10
      vertex -160.705 -139.766 10
    endloop
  endfacet
  facet normal 0 0 1
    outer loop
      vertex -162.689 -138.452 10
      vertex -163.424 -138.844 10
      vertex -162.893 -139.46 10
    endloop
  endfacet
  facet normal 0 0 1
    outer loop
      vertex -161.906 -139.935 10
      vertex -162.133 -140.264 10
      vertex -161.237 -140.45 10
    endloop
  endfacet
  facet normal 0 0 1
    outer loop
      vertex -158.881 -137.803 10
      vertex -158.761 -137.932 10
      vertex -157.379 -138.412 10
    endloop
  endfacet
  facet normal 0 0 1
    outer loop
      vertex -159.855 -141.456 10
      vertex -159.904 -141.296 10
      vertex -160.279 -141.637 10
    endloop
  endfacet
  facet normal 0 0 1
    outer loop
      vertex -161.546 -137.283 10
      vertex -161.642 -137.091 10
      vertex -161.716 -137.627 10
    endloop
  endfacet
  facet normal 0 -0 1
    outer loop
      vertex -160.987 -137.84 10
      vertex -160.594 -137.523 10
      vertex -161.378 -137.228 10
    endloop
  endfacet
  facet normal 0 0 1
    outer loop
      vertex -158.761 -137.932 10
      vertex -158.576 -138.394 10
      vertex -158.216 -138.564 10
    endloop
  endfacet
  facet normal 0 0 1
    outer loop
      vertex -161.015 -136.633 10
      vertex -161.038 -136.758 10
      vertex -160.471 -137.493 10
    endloop
  endfacet
  facet normal -0 0 1
    outer loop
      vertex -158.005 -138.925 10
      vertex -158.007 -139.06 10
      vertex -157.467 -138.522 10
    endloop
  endfacet
  facet normal 0 0 1
    outer loop
      vertex -158.881 -137.803 10
      vertex -159.945 -135.77 10
      vertex -160.471 -137.493 10
    endloop
  endfacet
  facet normal 0 -0 1
    outer loop
      vertex -157.379 -138.412 10
      vertex -155.495 -135.929 10
      vertex -158.881 -137.803 10
    endloop
  endfacet
  facet normal 0 0 1
    outer loop
      vertex -158.85 -138.087 10
      vertex -158.725 -138.406 10
      vertex -158.576 -138.394 10
    endloop
  endfacet
  facet normal 0 0 1
    outer loop
      vertex -159.49 -138.367 10
      vertex -160.705 -139.766 10
      vertex -158.725 -138.406 10
    endloop
  endfacet
  facet normal -0 0 1
    outer loop
      vertex -161.055 -138.853 10
      vertex -160.705 -139.766 10
      vertex -160.916 -138.827 10
    endloop
  endfacet
  facet normal 0 0 1
    outer loop
      vertex -161.906 -139.935 10
      vertex -161.237 -140.45 10
      vertex -161.207 -140.387 10
    endloop
  endfacet
  facet normal 0 0 1
    outer loop
      vertex -160.705 -139.766 10
      vertex -159.49 -138.367 10
      vertex -159.575 -138.378 10
    endloop
  endfacet
  facet normal -0 0 1
    outer loop
      vertex -161.906 -139.935 10
      vertex -161.207 -140.387 10
      vertex -161.88 -139.858 10
    endloop
  endfacet
  facet normal 0 0 1
    outer loop
      vertex -161.833 -138.99 10
      vertex -161.055 -138.853 10
      vertex -161.572 -138.692 10
    endloop
  endfacet
  facet normal -0 0 1
    outer loop
      vertex -161.833 -138.99 10
      vertex -161.88 -139.858 10
      vertex -161.055 -138.853 10
    endloop
  endfacet
  facet normal 0 0 1
    outer loop
      vertex -158.287 -139.59 10
      vertex -158.331 -139.641 10
      vertex -157.887 -140.752 10
    endloop
  endfacet
  facet normal 0 0 1
    outer loop
      vertex -161.237 -140.45 10
      vertex -162.133 -140.264 10
      vertex -161.32 -140.853 10
    endloop
  endfacet
  facet normal 0 0 1
    outer loop
      vertex -157.89 -140.777 10
      vertex -159.279 -140.342 10
      vertex -159.391 -141.219 10
    endloop
  endfacet
  facet normal 0 -0 1
    outer loop
      vertex -160.279 -141.637 10
      vertex -159.904 -141.296 10
      vertex -160.747 -140.71 10
    endloop
  endfacet
  facet normal 0 -0 1
    outer loop
      vertex -161.207 -140.387 10
      vertex -160.737 -139.797 10
      vertex -161.88 -139.858 10
    endloop
  endfacet
  facet normal 0 0 1
    outer loop
      vertex -159.967 -140.429 10
      vertex -160.595 -140.483 10
      vertex -159.779 -140.887 10
    endloop
  endfacet
  facet normal 0 0 1
    outer loop
      vertex -160.737 -139.797 10
      vertex -161.055 -138.853 10
      vertex -161.88 -139.858 10
    endloop
  endfacet
  facet normal 0 0 1
    outer loop
      vertex -160.219 -138.269 10
      vertex -160.916 -138.827 10
      vertex -160.705 -139.766 10
    endloop
  endfacet
  facet normal 0 0 1
    outer loop
      vertex -160.705 -139.766 10
      vertex -161.055 -138.853 10
      vertex -160.737 -139.797 10
    endloop
  endfacet
  facet normal 0 0 1
    outer loop
      vertex -158.85 -138.087 10
      vertex -159.49 -138.367 10
      vertex -158.725 -138.406 10
    endloop
  endfacet
  facet normal 0 0 1
    outer loop
      vertex -157.379 -138.412 10
      vertex -158.761 -137.932 10
      vertex -158.216 -138.564 10
    endloop
  endfacet
  facet normal 0 0 1
    outer loop
      vertex -158.761 -137.932 10
      vertex -158.85 -138.087 10
      vertex -158.576 -138.394 10
    endloop
  endfacet
  facet normal 0 0 1
    outer loop
      vertex -157.379 -138.412 10
      vertex -158.216 -138.564 10
      vertex -157.467 -138.522 10
    endloop
  endfacet
  facet normal -0 0 1
    outer loop
      vertex -158.216 -138.564 10
      vertex -158.145 -138.635 10
      vertex -157.467 -138.522 10
    endloop
  endfacet
  facet normal -0 0 1
    outer loop
      vertex -158.145 -138.635 10
      vertex -158.005 -138.925 10
      vertex -157.467 -138.522 10
    endloop
  endfacet
  facet normal 0 -0 1
    outer loop
      vertex -157.887 -140.752 10
      vertex -157.467 -138.522 10
      vertex -158.007 -139.06 10
    endloop
  endfacet
  facet normal 0 0 1
    outer loop
      vertex -157.887 -140.752 10
      vertex -158.007 -139.06 10
      vertex -158.287 -139.59 10
    endloop
  endfacet
  facet normal -0 0 1
    outer loop
      vertex -159.279 -140.342 10
      vertex -157.887 -140.752 10
      vertex -158.331 -139.641 10
    endloop
  endfacet
  facet normal 0 0 1
    outer loop
      vertex -157.887 -140.752 10
      vertex -159.279 -140.342 10
      vertex -157.89 -140.777 10
    endloop
  endfacet
  facet normal 0 0 1
    outer loop
      vertex -160.595 -140.483 10
      vertex -160.747 -140.71 10
      vertex -159.779 -140.887 10
    endloop
  endfacet
  facet normal 0 0 1
    outer loop
      vertex -157.918 -142.213 10
      vertex -159.391 -141.219 10
      vertex -158.447 -142.52 10
    endloop
  endfacet
  facet normal 0 0 1
    outer loop
      vertex -159.391 -141.219 10
      vertex -159.459 -141.327 10
      vertex -158.447 -142.52 10
    endloop
  endfacet
  facet normal 0 0 1
    outer loop
      vertex -159.459 -141.327 10
      vertex -159.679 -141.467 10
      vertex -158.447 -142.52 10
    endloop
  endfacet
  facet normal 0 0 1
    outer loop
      vertex -159.679 -141.467 10
      vertex -159.855 -141.456 10
      vertex -160.279 -141.637 10
    endloop
  endfacet
  facet normal 0 0 1
    outer loop
      vertex -159.779 -140.887 10
      vertex -160.747 -140.71 10
      vertex -159.904 -141.296 10
    endloop
  endfacet
  facet normal 0 0 1
    outer loop
      vertex -159.679 -141.467 10
      vertex -160.279 -141.637 10
      vertex -158.447 -142.52 10
    endloop
  endfacet
  facet normal 0 0 1
    outer loop
      vertex -167.955 -118.066 10
      vertex -167.996 -117.721 10
      vertex -168.07 -117.701 10
    endloop
  endfacet
  facet normal 0 -0 1
    outer loop
      vertex -167.996 -117.721 10
      vertex -167.959 -117.589 10
      vertex -168.07 -117.701 10
    endloop
  endfacet
  facet normal 0 -0 1
    outer loop
      vertex -167.701 -118.199 10
      vertex -167.697 -118.188 10
      vertex -167.955 -118.066 10
    endloop
  endfacet
  facet normal 0.99981 -0.0194949 0
    outer loop
      vertex -157.89 -140.777 0
      vertex -157.918 -142.213 10
      vertex -157.918 -142.213 0
    endloop
  endfacet
  facet normal 0.99981 -0.0194949 0
    outer loop
      vertex -157.89 -140.777 0
      vertex -157.89 -140.777 10
      vertex -157.918 -142.213 10
    endloop
  endfacet
  facet normal 0.992877 -0.119145 0
    outer loop
      vertex -157.887 -140.752 0
      vertex -157.89 -140.777 10
      vertex -157.89 -140.777 0
    endloop
  endfacet
  facet normal 0.992877 -0.119145 0
    outer loop
      vertex -157.887 -140.752 0
      vertex -157.887 -140.752 10
      vertex -157.89 -140.777 10
    endloop
  endfacet
  facet normal 0.982722 -0.185087 0
    outer loop
      vertex -157.467 -138.522 0
      vertex -157.887 -140.752 10
      vertex -157.887 -140.752 0
    endloop
  endfacet
  facet normal 0.982722 -0.185087 0
    outer loop
      vertex -157.467 -138.522 0
      vertex -157.467 -138.522 10
      vertex -157.887 -140.752 10
    endloop
  endfacet
  facet normal 0.780869 -0.624695 0
    outer loop
      vertex -157.379 -138.412 0
      vertex -157.467 -138.522 10
      vertex -157.467 -138.522 0
    endloop
  endfacet
  facet normal 0.780869 -0.624695 0
    outer loop
      vertex -157.379 -138.412 0
      vertex -157.379 -138.412 10
      vertex -157.467 -138.522 10
    endloop
  endfacet
  facet normal 0.394222 -0.919015 0
    outer loop
      vertex -154.817 -137.313 0
      vertex -157.379 -138.412 10
      vertex -157.379 -138.412 0
    endloop
  endfacet
  facet normal 0.394222 -0.919015 0
    outer loop
      vertex -154.817 -137.313 0
      vertex -154.817 -137.313 10
      vertex -157.379 -138.412 10
    endloop
  endfacet
  facet normal 0.881875 -0.471484 0
    outer loop
      vertex -154.462 -136.649 0
      vertex -154.817 -137.313 10
      vertex -154.817 -137.313 0
    endloop
  endfacet
  facet normal 0.881875 -0.471484 0
    outer loop
      vertex -154.462 -136.649 0
      vertex -154.462 -136.649 10
      vertex -154.817 -137.313 10
    endloop
  endfacet
  facet normal 0.695973 -0.718068 0
    outer loop
      vertex -154.397 -136.586 0
      vertex -154.462 -136.649 10
      vertex -154.462 -136.649 0
    endloop
  endfacet
  facet normal 0.695973 -0.718068 0
    outer loop
      vertex -154.397 -136.586 0
      vertex -154.397 -136.586 10
      vertex -154.462 -136.649 10
    endloop
  endfacet
  facet normal 0.448114 -0.893976 0
    outer loop
      vertex -154 -136.387 0
      vertex -154.397 -136.586 10
      vertex -154.397 -136.586 0
    endloop
  endfacet
  facet normal 0.448114 -0.893976 0
    outer loop
      vertex -154 -136.387 0
      vertex -154 -136.387 10
      vertex -154.397 -136.586 10
    endloop
  endfacet
  facet normal 0.292917 0.956138 0
    outer loop
      vertex -155.495 -135.929 0
      vertex -154 -136.387 10
      vertex -154 -136.387 0
    endloop
  endfacet
  facet normal 0.292917 0.956138 -0
    outer loop
      vertex -155.495 -135.929 0
      vertex -155.495 -135.929 10
      vertex -154 -136.387 10
    endloop
  endfacet
  facet normal 0.0357076 0.999362 0
    outer loop
      vertex -159.945 -135.77 0
      vertex -155.495 -135.929 10
      vertex -155.495 -135.929 0
    endloop
  endfacet
  facet normal 0.0357076 0.999362 -0
    outer loop
      vertex -159.945 -135.77 0
      vertex -159.945 -135.77 10
      vertex -155.495 -135.929 10
    endloop
  endfacet
  facet normal 0.763046 0.646345 0
    outer loop
      vertex -160.089 -135.6 0
      vertex -159.945 -135.77 10
      vertex -159.945 -135.77 0
    endloop
  endfacet
  facet normal 0.763046 0.646345 -0
    outer loop
      vertex -160.089 -135.6 0
      vertex -160.089 -135.6 10
      vertex -159.945 -135.77 10
    endloop
  endfacet
  facet normal 0.990856 -0.134925 0
    outer loop
      vertex -160.057 -135.365 0
      vertex -160.089 -135.6 10
      vertex -160.089 -135.6 0
    endloop
  endfacet
  facet normal 0.990856 -0.134925 0
    outer loop
      vertex -160.057 -135.365 0
      vertex -160.057 -135.365 10
      vertex -160.089 -135.6 10
    endloop
  endfacet
  facet normal 0.769892 0.638174 0
    outer loop
      vertex -161.026 -134.196 0
      vertex -160.057 -135.365 10
      vertex -160.057 -135.365 0
    endloop
  endfacet
  facet normal 0.769892 0.638174 -0
    outer loop
      vertex -161.026 -134.196 0
      vertex -161.026 -134.196 10
      vertex -160.057 -135.365 10
    endloop
  endfacet
  facet normal 0.979457 0.201653 0
    outer loop
      vertex -161.054 -134.06 0
      vertex -161.026 -134.196 10
      vertex -161.026 -134.196 0
    endloop
  endfacet
  facet normal 0.979457 0.201653 -0
    outer loop
      vertex -161.054 -134.06 0
      vertex -161.054 -134.06 10
      vertex -161.026 -134.196 10
    endloop
  endfacet
  facet normal 0.963452 -0.267881 0
    outer loop
      vertex -160.821 -133.222 0
      vertex -161.054 -134.06 10
      vertex -161.054 -134.06 0
    endloop
  endfacet
  facet normal 0.963452 -0.267881 0
    outer loop
      vertex -160.821 -133.222 0
      vertex -160.821 -133.222 10
      vertex -161.054 -134.06 10
    endloop
  endfacet
  facet normal 0.999148 0.0412712 0
    outer loop
      vertex -160.907 -131.14 0
      vertex -160.821 -133.222 10
      vertex -160.821 -133.222 0
    endloop
  endfacet
  facet normal 0.999148 0.0412712 -0
    outer loop
      vertex -160.907 -131.14 0
      vertex -160.907 -131.14 10
      vertex -160.821 -133.222 10
    endloop
  endfacet
  facet normal 0.574348 0.818611 0
    outer loop
      vertex -161.155 -130.966 0
      vertex -160.907 -131.14 10
      vertex -160.907 -131.14 0
    endloop
  endfacet
  facet normal 0.574348 0.818611 -0
    outer loop
      vertex -161.155 -130.966 0
      vertex -161.155 -130.966 10
      vertex -160.907 -131.14 10
    endloop
  endfacet
  facet normal -0.306123 0.951992 0
    outer loop
      vertex -162.514 -131.403 0
      vertex -161.155 -130.966 10
      vertex -161.155 -130.966 0
    endloop
  endfacet
  facet normal -0.306123 0.951992 0
    outer loop
      vertex -162.514 -131.403 0
      vertex -162.514 -131.403 10
      vertex -161.155 -130.966 10
    endloop
  endfacet
  facet normal 0.441446 0.897288 0
    outer loop
      vertex -162.701 -131.311 0
      vertex -162.514 -131.403 10
      vertex -162.514 -131.403 0
    endloop
  endfacet
  facet normal 0.441446 0.897288 -0
    outer loop
      vertex -162.701 -131.311 0
      vertex -162.701 -131.311 10
      vertex -162.514 -131.403 10
    endloop
  endfacet
  facet normal 0.939537 0.342448 0
    outer loop
      vertex -163.481 -129.171 0
      vertex -162.701 -131.311 10
      vertex -162.701 -131.311 0
    endloop
  endfacet
  facet normal 0.939537 0.342448 -0
    outer loop
      vertex -163.481 -129.171 0
      vertex -163.481 -129.171 10
      vertex -162.701 -131.311 10
    endloop
  endfacet
  facet normal 0.988936 0.14834 0
    outer loop
      vertex -163.49 -129.111 0
      vertex -163.481 -129.171 10
      vertex -163.481 -129.171 0
    endloop
  endfacet
  facet normal 0.988936 0.14834 -0
    outer loop
      vertex -163.49 -129.111 0
      vertex -163.49 -129.111 10
      vertex -163.481 -129.171 10
    endloop
  endfacet
  facet normal 0.99808 -0.0619312 0
    outer loop
      vertex -163.421 -127.999 0
      vertex -163.49 -129.111 10
      vertex -163.49 -129.111 0
    endloop
  endfacet
  facet normal 0.99808 -0.0619312 0
    outer loop
      vertex -163.421 -127.999 0
      vertex -163.421 -127.999 10
      vertex -163.49 -129.111 10
    endloop
  endfacet
  facet normal 0.953705 0.300742 0
    outer loop
      vertex -163.643 -127.295 0
      vertex -163.421 -127.999 10
      vertex -163.421 -127.999 0
    endloop
  endfacet
  facet normal 0.953705 0.300742 -0
    outer loop
      vertex -163.643 -127.295 0
      vertex -163.643 -127.295 10
      vertex -163.421 -127.999 10
    endloop
  endfacet
  facet normal 0.999717 0.0238028 0
    outer loop
      vertex -163.645 -127.211 0
      vertex -163.643 -127.295 10
      vertex -163.643 -127.295 0
    endloop
  endfacet
  facet normal 0.999717 0.0238028 -0
    outer loop
      vertex -163.645 -127.211 0
      vertex -163.645 -127.211 10
      vertex -163.643 -127.295 10
    endloop
  endfacet
  facet normal 0.965005 -0.26223 0
    outer loop
      vertex -163.395 -126.291 0
      vertex -163.645 -127.211 10
      vertex -163.645 -127.211 0
    endloop
  endfacet
  facet normal 0.965005 -0.26223 0
    outer loop
      vertex -163.395 -126.291 0
      vertex -163.395 -126.291 10
      vertex -163.645 -127.211 10
    endloop
  endfacet
  facet normal 0.635105 -0.772425 0
    outer loop
      vertex -163.26 -126.18 0
      vertex -163.395 -126.291 10
      vertex -163.395 -126.291 0
    endloop
  endfacet
  facet normal 0.635105 -0.772425 0
    outer loop
      vertex -163.26 -126.18 0
      vertex -163.26 -126.18 10
      vertex -163.395 -126.291 10
    endloop
  endfacet
  facet normal 0.0678048 -0.997699 0
    outer loop
      vertex -162.642 -126.138 0
      vertex -163.26 -126.18 10
      vertex -163.26 -126.18 0
    endloop
  endfacet
  facet normal 0.0678048 -0.997699 0
    outer loop
      vertex -162.642 -126.138 0
      vertex -162.642 -126.138 10
      vertex -163.26 -126.18 10
    endloop
  endfacet
  facet normal 0.975055 -0.221964 0
    outer loop
      vertex -162.446 -125.277 0
      vertex -162.642 -126.138 10
      vertex -162.642 -126.138 0
    endloop
  endfacet
  facet normal 0.975055 -0.221964 0
    outer loop
      vertex -162.446 -125.277 0
      vertex -162.446 -125.277 10
      vertex -162.642 -126.138 10
    endloop
  endfacet
  facet normal 0.850265 -0.526355 0
    outer loop
      vertex -162.394 -125.193 0
      vertex -162.446 -125.277 10
      vertex -162.446 -125.277 0
    endloop
  endfacet
  facet normal 0.850265 -0.526355 0
    outer loop
      vertex -162.394 -125.193 0
      vertex -162.394 -125.193 10
      vertex -162.446 -125.277 10
    endloop
  endfacet
  facet normal 0.627509 -0.778609 0
    outer loop
      vertex -161.518 -124.487 0
      vertex -162.394 -125.193 10
      vertex -162.394 -125.193 0
    endloop
  endfacet
  facet normal 0.627509 -0.778609 0
    outer loop
      vertex -161.518 -124.487 0
      vertex -161.518 -124.487 10
      vertex -162.394 -125.193 10
    endloop
  endfacet
  facet normal 0.999776 -0.0211717 0
    outer loop
      vertex -161.5 -123.637 0
      vertex -161.518 -124.487 10
      vertex -161.518 -124.487 0
    endloop
  endfacet
  facet normal 0.999776 -0.0211717 0
    outer loop
      vertex -161.5 -123.637 0
      vertex -161.5 -123.637 10
      vertex -161.518 -124.487 10
    endloop
  endfacet
  facet normal 0.910655 -0.413168 0
    outer loop
      vertex -161.451 -123.529 0
      vertex -161.5 -123.637 10
      vertex -161.5 -123.637 0
    endloop
  endfacet
  facet normal 0.910655 -0.413168 0
    outer loop
      vertex -161.451 -123.529 0
      vertex -161.451 -123.529 10
      vertex -161.5 -123.637 10
    endloop
  endfacet
  facet normal 0.672812 -0.739814 0
    outer loop
      vertex -160.921 -123.047 0
      vertex -161.451 -123.529 10
      vertex -161.451 -123.529 0
    endloop
  endfacet
  facet normal 0.672812 -0.739814 0
    outer loop
      vertex -160.921 -123.047 0
      vertex -160.921 -123.047 10
      vertex -161.451 -123.529 10
    endloop
  endfacet
  facet normal 0.956674 -0.291162 0
    outer loop
      vertex -160.809 -122.679 0
      vertex -160.921 -123.047 10
      vertex -160.921 -123.047 0
    endloop
  endfacet
  facet normal 0.956674 -0.291162 0
    outer loop
      vertex -160.809 -122.679 0
      vertex -160.809 -122.679 10
      vertex -160.921 -123.047 10
    endloop
  endfacet
  facet normal 0.919442 0.393226 0
    outer loop
      vertex -161.288 -121.559 0
      vertex -160.809 -122.679 10
      vertex -160.809 -122.679 0
    endloop
  endfacet
  facet normal 0.919442 0.393226 -0
    outer loop
      vertex -161.288 -121.559 0
      vertex -161.288 -121.559 10
      vertex -160.809 -122.679 10
    endloop
  endfacet
  facet normal 0.998274 0.058722 0
    outer loop
      vertex -161.294 -121.457 0
      vertex -161.288 -121.559 10
      vertex -161.288 -121.559 0
    endloop
  endfacet
  facet normal 0.998274 0.058722 -0
    outer loop
      vertex -161.294 -121.457 0
      vertex -161.294 -121.457 10
      vertex -161.288 -121.559 10
    endloop
  endfacet
  facet normal 0.958034 -0.286656 0
    outer loop
      vertex -160.914 -120.187 0
      vertex -161.294 -121.457 10
      vertex -161.294 -121.457 0
    endloop
  endfacet
  facet normal 0.958034 -0.286656 0
    outer loop
      vertex -160.914 -120.187 0
      vertex -160.914 -120.187 10
      vertex -161.294 -121.457 10
    endloop
  endfacet
  facet normal 0.851658 -0.524097 0
    outer loop
      vertex -160.874 -120.122 0
      vertex -160.914 -120.187 10
      vertex -160.914 -120.187 0
    endloop
  endfacet
  facet normal 0.851658 -0.524097 0
    outer loop
      vertex -160.874 -120.122 0
      vertex -160.874 -120.122 10
      vertex -160.914 -120.187 10
    endloop
  endfacet
  facet normal 0.69582 -0.718216 0
    outer loop
      vertex -159.944 -119.221 0
      vertex -160.874 -120.122 10
      vertex -160.874 -120.122 0
    endloop
  endfacet
  facet normal 0.69582 -0.718216 0
    outer loop
      vertex -159.944 -119.221 0
      vertex -159.944 -119.221 10
      vertex -160.874 -120.122 10
    endloop
  endfacet
  facet normal 0.997789 0.066461 0
    outer loop
      vertex -160.02 -118.08 0
      vertex -159.944 -119.221 10
      vertex -159.944 -119.221 0
    endloop
  endfacet
  facet normal 0.997789 0.066461 -0
    outer loop
      vertex -160.02 -118.08 0
      vertex -160.02 -118.08 10
      vertex -159.944 -119.221 10
    endloop
  endfacet
  facet normal 0.941742 -0.336336 0
    outer loop
      vertex -159.98 -117.968 0
      vertex -160.02 -118.08 10
      vertex -160.02 -118.08 0
    endloop
  endfacet
  facet normal 0.941742 -0.336336 0
    outer loop
      vertex -159.98 -117.968 0
      vertex -159.98 -117.968 10
      vertex -160.02 -118.08 10
    endloop
  endfacet
  facet normal 0.731942 -0.681367 0
    outer loop
      vertex -159.495 -117.447 0
      vertex -159.98 -117.968 10
      vertex -159.98 -117.968 0
    endloop
  endfacet
  facet normal 0.731942 -0.681367 0
    outer loop
      vertex -159.495 -117.447 0
      vertex -159.495 -117.447 10
      vertex -159.98 -117.968 10
    endloop
  endfacet
  facet normal 0.971155 0.23845 0
    outer loop
      vertex -159.866 -115.936 0
      vertex -159.495 -117.447 10
      vertex -159.495 -117.447 0
    endloop
  endfacet
  facet normal 0.971155 0.23845 -0
    outer loop
      vertex -159.866 -115.936 0
      vertex -159.866 -115.936 10
      vertex -159.495 -117.447 10
    endloop
  endfacet
  facet normal 0.974766 -0.223229 0
    outer loop
      vertex -159.836 -115.805 0
      vertex -159.866 -115.936 10
      vertex -159.866 -115.936 0
    endloop
  endfacet
  facet normal 0.974766 -0.223229 0
    outer loop
      vertex -159.836 -115.805 0
      vertex -159.836 -115.805 10
      vertex -159.866 -115.936 10
    endloop
  endfacet
  facet normal 0.773654 -0.633608 0
    outer loop
      vertex -159.37 -115.236 0
      vertex -159.836 -115.805 10
      vertex -159.836 -115.805 0
    endloop
  endfacet
  facet normal 0.773654 -0.633608 0
    outer loop
      vertex -159.37 -115.236 0
      vertex -159.37 -115.236 10
      vertex -159.836 -115.805 10
    endloop
  endfacet
  facet normal 0.799278 0.600961 0
    outer loop
      vertex -159.57 -114.97 0
      vertex -159.37 -115.236 10
      vertex -159.37 -115.236 0
    endloop
  endfacet
  facet normal 0.799278 0.600961 -0
    outer loop
      vertex -159.57 -114.97 0
      vertex -159.57 -114.97 10
      vertex -159.37 -115.236 10
    endloop
  endfacet
  facet normal 0.95073 0.310021 0
    outer loop
      vertex -159.6 -114.878 0
      vertex -159.57 -114.97 10
      vertex -159.57 -114.97 0
    endloop
  endfacet
  facet normal 0.95073 0.310021 -0
    outer loop
      vertex -159.6 -114.878 0
      vertex -159.6 -114.878 10
      vertex -159.57 -114.97 10
    endloop
  endfacet
  facet normal 0.999927 -0.0120473 0
    outer loop
      vertex -159.59 -114.048 0
      vertex -159.6 -114.878 10
      vertex -159.6 -114.878 0
    endloop
  endfacet
  facet normal 0.999927 -0.0120473 0
    outer loop
      vertex -159.59 -114.048 0
      vertex -159.59 -114.048 10
      vertex -159.6 -114.878 10
    endloop
  endfacet
  facet normal 0.82176 -0.569834 0
    outer loop
      vertex -159.495 -113.911 0
      vertex -159.59 -114.048 10
      vertex -159.59 -114.048 0
    endloop
  endfacet
  facet normal 0.82176 -0.569834 0
    outer loop
      vertex -159.495 -113.911 0
      vertex -159.495 -113.911 10
      vertex -159.59 -114.048 10
    endloop
  endfacet
  facet normal 0.368655 -0.929566 0
    outer loop
      vertex -159.026 -113.725 0
      vertex -159.495 -113.911 10
      vertex -159.495 -113.911 0
    endloop
  endfacet
  facet normal 0.368655 -0.929566 0
    outer loop
      vertex -159.026 -113.725 0
      vertex -159.026 -113.725 10
      vertex -159.495 -113.911 10
    endloop
  endfacet
  facet normal 0.930332 -0.366718 0
    outer loop
      vertex -158.728 -112.969 0
      vertex -159.026 -113.725 10
      vertex -159.026 -113.725 0
    endloop
  endfacet
  facet normal 0.930332 -0.366718 0
    outer loop
      vertex -158.728 -112.969 0
      vertex -158.728 -112.969 10
      vertex -159.026 -113.725 10
    endloop
  endfacet
  facet normal 0.828877 0.559431 0
    outer loop
      vertex -159.191 -112.283 0
      vertex -158.728 -112.969 10
      vertex -158.728 -112.969 0
    endloop
  endfacet
  facet normal 0.828877 0.559431 -0
    outer loop
      vertex -159.191 -112.283 0
      vertex -159.191 -112.283 10
      vertex -158.728 -112.969 10
    endloop
  endfacet
  facet normal 0.226537 0.974003 0
    outer loop
      vertex -160.124 -112.066 0
      vertex -159.191 -112.283 10
      vertex -159.191 -112.283 0
    endloop
  endfacet
  facet normal 0.226537 0.974003 -0
    outer loop
      vertex -160.124 -112.066 0
      vertex -160.124 -112.066 10
      vertex -159.191 -112.283 10
    endloop
  endfacet
  facet normal 0.743872 0.668322 0
    outer loop
      vertex -160.239 -111.938 0
      vertex -160.124 -112.066 10
      vertex -160.124 -112.066 0
    endloop
  endfacet
  facet normal 0.743872 0.668322 -0
    outer loop
      vertex -160.239 -111.938 0
      vertex -160.239 -111.938 10
      vertex -160.124 -112.066 10
    endloop
  endfacet
  facet normal 0.992988 0.118213 0
    outer loop
      vertex -160.289 -111.518 0
      vertex -160.239 -111.938 10
      vertex -160.239 -111.938 0
    endloop
  endfacet
  facet normal 0.992988 0.118213 -0
    outer loop
      vertex -160.289 -111.518 0
      vertex -160.289 -111.518 10
      vertex -160.239 -111.938 10
    endloop
  endfacet
  facet normal 0.752577 -0.658505 0
    outer loop
      vertex -160.142 -111.35 0
      vertex -160.289 -111.518 10
      vertex -160.289 -111.518 0
    endloop
  endfacet
  facet normal 0.752577 -0.658505 0
    outer loop
      vertex -160.142 -111.35 0
      vertex -160.142 -111.35 10
      vertex -160.289 -111.518 10
    endloop
  endfacet
  facet normal 0.0113358 -0.999936 0
    outer loop
      vertex -158.466 -111.331 0
      vertex -160.142 -111.35 10
      vertex -160.142 -111.35 0
    endloop
  endfacet
  facet normal 0.0113358 -0.999936 0
    outer loop
      vertex -158.466 -111.331 0
      vertex -158.466 -111.331 10
      vertex -160.142 -111.35 10
    endloop
  endfacet
  facet normal 0.940571 -0.339598 0
    outer loop
      vertex -158.288 -110.838 0
      vertex -158.466 -111.331 10
      vertex -158.466 -111.331 0
    endloop
  endfacet
  facet normal 0.940571 -0.339598 0
    outer loop
      vertex -158.288 -110.838 0
      vertex -158.288 -110.838 10
      vertex -158.466 -111.331 10
    endloop
  endfacet
  facet normal 0.950309 0.311308 0
    outer loop
      vertex -158.364 -110.606 0
      vertex -158.288 -110.838 10
      vertex -158.288 -110.838 0
    endloop
  endfacet
  facet normal 0.950309 0.311308 -0
    outer loop
      vertex -158.364 -110.606 0
      vertex -158.364 -110.606 10
      vertex -158.288 -110.838 10
    endloop
  endfacet
  facet normal 0.131802 0.991276 0
    outer loop
      vertex -159.62 -110.439 0
      vertex -158.364 -110.606 10
      vertex -158.364 -110.606 0
    endloop
  endfacet
  facet normal 0.131802 0.991276 -0
    outer loop
      vertex -159.62 -110.439 0
      vertex -159.62 -110.439 10
      vertex -158.364 -110.606 10
    endloop
  endfacet
  facet normal 0.762062 0.647504 0
    outer loop
      vertex -159.75 -110.286 0
      vertex -159.62 -110.439 10
      vertex -159.62 -110.439 0
    endloop
  endfacet
  facet normal 0.762062 0.647504 -0
    outer loop
      vertex -159.75 -110.286 0
      vertex -159.75 -110.286 10
      vertex -159.62 -110.439 10
    endloop
  endfacet
  facet normal 0.99973 -0.0232495 0
    outer loop
      vertex -159.73 -109.426 0
      vertex -159.75 -110.286 10
      vertex -159.75 -110.286 0
    endloop
  endfacet
  facet normal 0.99973 -0.0232495 0
    outer loop
      vertex -159.73 -109.426 0
      vertex -159.73 -109.426 10
      vertex -159.75 -110.286 10
    endloop
  endfacet
  facet normal 0.965755 -0.259457 0
    outer loop
      vertex -159.712 -109.359 0
      vertex -159.73 -109.426 10
      vertex -159.73 -109.426 0
    endloop
  endfacet
  facet normal 0.965755 -0.259457 0
    outer loop
      vertex -159.712 -109.359 0
      vertex -159.712 -109.359 10
      vertex -159.73 -109.426 10
    endloop
  endfacet
  facet normal 0.881399 -0.472372 0
    outer loop
      vertex -159.451 -108.872 0
      vertex -159.712 -109.359 10
      vertex -159.712 -109.359 0
    endloop
  endfacet
  facet normal 0.881399 -0.472372 0
    outer loop
      vertex -159.451 -108.872 0
      vertex -159.451 -108.872 10
      vertex -159.712 -109.359 10
    endloop
  endfacet
  facet normal 0.963247 0.268619 0
    outer loop
      vertex -159.934 -107.14 0
      vertex -159.451 -108.872 10
      vertex -159.451 -108.872 0
    endloop
  endfacet
  facet normal 0.963247 0.268619 -0
    outer loop
      vertex -159.934 -107.14 0
      vertex -159.934 -107.14 10
      vertex -159.451 -108.872 10
    endloop
  endfacet
  facet normal 0.967758 -0.251882 0
    outer loop
      vertex -159.896 -106.994 0
      vertex -159.934 -107.14 10
      vertex -159.934 -107.14 0
    endloop
  endfacet
  facet normal 0.967758 -0.251882 0
    outer loop
      vertex -159.896 -106.994 0
      vertex -159.896 -106.994 10
      vertex -159.934 -107.14 10
    endloop
  endfacet
  facet normal 0.707107 -0.707107 0
    outer loop
      vertex -159.685 -106.783 0
      vertex -159.896 -106.994 10
      vertex -159.896 -106.994 0
    endloop
  endfacet
  facet normal 0.707107 -0.707107 0
    outer loop
      vertex -159.685 -106.783 0
      vertex -159.685 -106.783 10
      vertex -159.896 -106.994 10
    endloop
  endfacet
  facet normal 0.554088 0.832458 0
    outer loop
      vertex -160.313 -106.365 0
      vertex -159.685 -106.783 10
      vertex -159.685 -106.783 0
    endloop
  endfacet
  facet normal 0.554088 0.832458 -0
    outer loop
      vertex -160.313 -106.365 0
      vertex -160.313 -106.365 10
      vertex -159.685 -106.783 10
    endloop
  endfacet
  facet normal 0.865937 0.500153 0
    outer loop
      vertex -160.38 -106.249 0
      vertex -160.313 -106.365 10
      vertex -160.313 -106.365 0
    endloop
  endfacet
  facet normal 0.865937 0.500153 -0
    outer loop
      vertex -160.38 -106.249 0
      vertex -160.38 -106.249 10
      vertex -160.313 -106.365 10
    endloop
  endfacet
  facet normal 0.998156 0.0606987 0
    outer loop
      vertex -160.47 -104.769 0
      vertex -160.38 -106.249 10
      vertex -160.38 -106.249 0
    endloop
  endfacet
  facet normal 0.998156 0.0606987 -0
    outer loop
      vertex -160.47 -104.769 0
      vertex -160.47 -104.769 10
      vertex -160.38 -106.249 10
    endloop
  endfacet
  facet normal 0.966235 -0.257663 0
    outer loop
      vertex -160.446 -104.679 0
      vertex -160.47 -104.769 10
      vertex -160.47 -104.769 0
    endloop
  endfacet
  facet normal 0.966235 -0.257663 0
    outer loop
      vertex -160.446 -104.679 0
      vertex -160.446 -104.679 10
      vertex -160.47 -104.769 10
    endloop
  endfacet
  facet normal 0.840864 -0.541246 0
    outer loop
      vertex -160.278 -104.418 0
      vertex -160.446 -104.679 10
      vertex -160.446 -104.679 0
    endloop
  endfacet
  facet normal 0.840864 -0.541246 0
    outer loop
      vertex -160.278 -104.418 0
      vertex -160.278 -104.418 10
      vertex -160.446 -104.679 10
    endloop
  endfacet
  facet normal 0.984228 0.176904 0
    outer loop
      vertex -160.388 -103.806 0
      vertex -160.278 -104.418 10
      vertex -160.278 -104.418 0
    endloop
  endfacet
  facet normal 0.984228 0.176904 -0
    outer loop
      vertex -160.388 -103.806 0
      vertex -160.388 -103.806 10
      vertex -160.278 -104.418 10
    endloop
  endfacet
  facet normal 0.930673 -0.365851 0
    outer loop
      vertex -160.331 -103.661 0
      vertex -160.388 -103.806 10
      vertex -160.388 -103.806 0
    endloop
  endfacet
  facet normal 0.930673 -0.365851 0
    outer loop
      vertex -160.331 -103.661 0
      vertex -160.331 -103.661 10
      vertex -160.388 -103.806 10
    endloop
  endfacet
  facet normal 0.606544 -0.79505 0
    outer loop
      vertex -159.614 -103.114 0
      vertex -160.331 -103.661 10
      vertex -160.331 -103.661 0
    endloop
  endfacet
  facet normal 0.606544 -0.79505 0
    outer loop
      vertex -159.614 -103.114 0
      vertex -159.614 -103.114 10
      vertex -160.331 -103.661 10
    endloop
  endfacet
  facet normal 0.957172 0.28952 0
    outer loop
      vertex -159.944 -102.023 0
      vertex -159.614 -103.114 10
      vertex -159.614 -103.114 0
    endloop
  endfacet
  facet normal 0.957172 0.28952 -0
    outer loop
      vertex -159.944 -102.023 0
      vertex -159.944 -102.023 10
      vertex -159.614 -103.114 10
    endloop
  endfacet
  facet normal 0.988372 0.152057 0
    outer loop
      vertex -159.95 -101.984 0
      vertex -159.944 -102.023 10
      vertex -159.944 -102.023 0
    endloop
  endfacet
  facet normal 0.988372 0.152057 -0
    outer loop
      vertex -159.95 -101.984 0
      vertex -159.95 -101.984 10
      vertex -159.944 -102.023 10
    endloop
  endfacet
  facet normal 0.99962 0.0275497 0
    outer loop
      vertex -160.02 -99.4441 0
      vertex -159.95 -101.984 10
      vertex -159.95 -101.984 0
    endloop
  endfacet
  facet normal 0.99962 0.0275497 -0
    outer loop
      vertex -160.02 -99.4441 0
      vertex -160.02 -99.4441 10
      vertex -159.95 -101.984 10
    endloop
  endfacet
  facet normal 0.984328 -0.176345 0
    outer loop
      vertex -160.009 -99.3827 0
      vertex -160.02 -99.4441 10
      vertex -160.02 -99.4441 0
    endloop
  endfacet
  facet normal 0.984328 -0.176345 0
    outer loop
      vertex -160.009 -99.3827 0
      vertex -160.009 -99.3827 10
      vertex -160.02 -99.4441 10
    endloop
  endfacet
  facet normal 0.924083 -0.382192 0
    outer loop
      vertex -159.488 -98.123 0
      vertex -160.009 -99.3827 10
      vertex -160.009 -99.3827 0
    endloop
  endfacet
  facet normal 0.924083 -0.382192 0
    outer loop
      vertex -159.488 -98.123 0
      vertex -159.488 -98.123 10
      vertex -160.009 -99.3827 10
    endloop
  endfacet
  facet normal 0.854616 0.51926 0
    outer loop
      vertex -159.728 -97.728 0
      vertex -159.488 -98.123 10
      vertex -159.488 -98.123 0
    endloop
  endfacet
  facet normal 0.854616 0.51926 -0
    outer loop
      vertex -159.728 -97.728 0
      vertex -159.728 -97.728 10
      vertex -159.488 -98.123 10
    endloop
  endfacet
  facet normal 0.997954 -0.0639342 0
    outer loop
      vertex -159.717 -97.5563 0
      vertex -159.728 -97.728 10
      vertex -159.728 -97.728 0
    endloop
  endfacet
  facet normal 0.997954 -0.0639342 0
    outer loop
      vertex -159.717 -97.5563 0
      vertex -159.717 -97.5563 10
      vertex -159.728 -97.728 10
    endloop
  endfacet
  facet normal 0.781325 -0.624124 0
    outer loop
      vertex -159.397 -97.1557 0
      vertex -159.717 -97.5563 10
      vertex -159.717 -97.5563 0
    endloop
  endfacet
  facet normal 0.781325 -0.624124 0
    outer loop
      vertex -159.397 -97.1557 0
      vertex -159.397 -97.1557 10
      vertex -159.717 -97.5563 10
    endloop
  endfacet
  facet normal 0.992294 0.123908 0
    outer loop
      vertex -159.529 -96.0986 0
      vertex -159.397 -97.1557 10
      vertex -159.397 -97.1557 0
    endloop
  endfacet
  facet normal 0.992294 0.123908 -0
    outer loop
      vertex -159.529 -96.0986 0
      vertex -159.529 -96.0986 10
      vertex -159.397 -97.1557 10
    endloop
  endfacet
  facet normal 0.818066 -0.575125 0
    outer loop
      vertex -159.413 -95.9336 0
      vertex -159.529 -96.0986 10
      vertex -159.529 -96.0986 0
    endloop
  endfacet
  facet normal 0.818066 -0.575125 0
    outer loop
      vertex -159.413 -95.9336 0
      vertex -159.413 -95.9336 10
      vertex -159.529 -96.0986 10
    endloop
  endfacet
  facet normal 0.219435 -0.975627 0
    outer loop
      vertex -159.112 -95.8659 0
      vertex -159.413 -95.9336 10
      vertex -159.413 -95.9336 0
    endloop
  endfacet
  facet normal 0.219435 -0.975627 0
    outer loop
      vertex -159.112 -95.8659 0
      vertex -159.112 -95.8659 10
      vertex -159.413 -95.9336 10
    endloop
  endfacet
  facet normal 0.9872 -0.159488 0
    outer loop
      vertex -158.818 -94.0461 0
      vertex -159.112 -95.8659 10
      vertex -159.112 -95.8659 0
    endloop
  endfacet
  facet normal 0.9872 -0.159488 0
    outer loop
      vertex -158.818 -94.0461 0
      vertex -158.818 -94.0461 10
      vertex -159.112 -95.8659 10
    endloop
  endfacet
  facet normal 0.818872 -0.573976 0
    outer loop
      vertex -158.743 -93.9391 0
      vertex -158.818 -94.0461 10
      vertex -158.818 -94.0461 0
    endloop
  endfacet
  facet normal 0.818872 -0.573976 0
    outer loop
      vertex -158.743 -93.9391 0
      vertex -158.743 -93.9391 10
      vertex -158.818 -94.0461 10
    endloop
  endfacet
  facet normal 0.488715 -0.872444 0
    outer loop
      vertex -157.789 -93.4047 0
      vertex -158.743 -93.9391 10
      vertex -158.743 -93.9391 0
    endloop
  endfacet
  facet normal 0.488715 -0.872444 0
    outer loop
      vertex -157.789 -93.4047 0
      vertex -157.789 -93.4047 10
      vertex -158.743 -93.9391 10
    endloop
  endfacet
  facet normal 0.925185 -0.379518 0
    outer loop
      vertex -157.617 -92.9854 0
      vertex -157.789 -93.4047 10
      vertex -157.789 -93.4047 0
    endloop
  endfacet
  facet normal 0.925185 -0.379518 0
    outer loop
      vertex -157.617 -92.9854 0
      vertex -157.617 -92.9854 10
      vertex -157.789 -93.4047 10
    endloop
  endfacet
  facet normal 0.707639 0.706574 0
    outer loop
      vertex -157.816 -92.7861 0
      vertex -157.617 -92.9854 10
      vertex -157.617 -92.9854 0
    endloop
  endfacet
  facet normal 0.707639 0.706574 -0
    outer loop
      vertex -157.816 -92.7861 0
      vertex -157.816 -92.7861 10
      vertex -157.617 -92.9854 10
    endloop
  endfacet
  facet normal 0.876419 0.481549 0
    outer loop
      vertex -157.856 -92.7133 0
      vertex -157.816 -92.7861 10
      vertex -157.816 -92.7861 0
    endloop
  endfacet
  facet normal 0.876419 0.481549 -0
    outer loop
      vertex -157.856 -92.7133 0
      vertex -157.856 -92.7133 10
      vertex -157.816 -92.7861 10
    endloop
  endfacet
  facet normal 0.974984 0.222276 0
    outer loop
      vertex -158.296 -90.7833 0
      vertex -157.856 -92.7133 10
      vertex -157.856 -92.7133 0
    endloop
  endfacet
  facet normal 0.974984 0.222276 -0
    outer loop
      vertex -158.296 -90.7833 0
      vertex -158.296 -90.7833 10
      vertex -157.856 -92.7133 10
    endloop
  endfacet
  facet normal 0.991454 0.130455 0
    outer loop
      vertex -158.3 -90.7529 0
      vertex -158.296 -90.7833 10
      vertex -158.296 -90.7833 0
    endloop
  endfacet
  facet normal 0.991454 0.130455 -0
    outer loop
      vertex -158.3 -90.7529 0
      vertex -158.3 -90.7529 10
      vertex -158.296 -90.7833 10
    endloop
  endfacet
  facet normal 0.999811 0.0194516 0
    outer loop
      vertex -158.35 -88.1829 0
      vertex -158.3 -90.7529 10
      vertex -158.3 -90.7529 0
    endloop
  endfacet
  facet normal 0.999811 0.0194516 -0
    outer loop
      vertex -158.35 -88.1829 0
      vertex -158.35 -88.1829 10
      vertex -158.3 -90.7529 10
    endloop
  endfacet
  facet normal 0.987826 -0.155563 0
    outer loop
      vertex -158.342 -88.1321 0
      vertex -158.35 -88.1829 10
      vertex -158.35 -88.1829 0
    endloop
  endfacet
  facet normal 0.987826 -0.155563 0
    outer loop
      vertex -158.342 -88.1321 0
      vertex -158.342 -88.1321 10
      vertex -158.35 -88.1829 10
    endloop
  endfacet
  facet normal 0.947613 -0.31942 0
    outer loop
      vertex -158.042 -87.2421 0
      vertex -158.342 -88.1321 10
      vertex -158.342 -88.1321 0
    endloop
  endfacet
  facet normal 0.947613 -0.31942 0
    outer loop
      vertex -158.042 -87.2421 0
      vertex -158.042 -87.2421 10
      vertex -158.342 -88.1321 10
    endloop
  endfacet
  facet normal 0.761917 -0.647675 0
    outer loop
      vertex -157.97 -87.1574 0
      vertex -158.042 -87.2421 10
      vertex -158.042 -87.2421 0
    endloop
  endfacet
  facet normal 0.761917 -0.647675 0
    outer loop
      vertex -157.97 -87.1574 0
      vertex -157.97 -87.1574 10
      vertex -158.042 -87.2421 10
    endloop
  endfacet
  facet normal 0.46785 -0.883808 0
    outer loop
      vertex -157.316 -86.8112 0
      vertex -157.97 -87.1574 10
      vertex -157.97 -87.1574 0
    endloop
  endfacet
  facet normal 0.46785 -0.883808 0
    outer loop
      vertex -157.316 -86.8112 0
      vertex -157.316 -86.8112 10
      vertex -157.97 -87.1574 10
    endloop
  endfacet
  facet normal 0.767737 -0.640765 0
    outer loop
      vertex -156.611 -85.9665 0
      vertex -157.316 -86.8112 10
      vertex -157.316 -86.8112 0
    endloop
  endfacet
  facet normal 0.767737 -0.640765 0
    outer loop
      vertex -156.611 -85.9665 0
      vertex -156.611 -85.9665 10
      vertex -157.316 -86.8112 10
    endloop
  endfacet
  facet normal 0.999906 0.0137062 0
    outer loop
      vertex -156.63 -84.5804 0
      vertex -156.611 -85.9665 10
      vertex -156.611 -85.9665 0
    endloop
  endfacet
  facet normal 0.999906 0.0137062 -0
    outer loop
      vertex -156.63 -84.5804 0
      vertex -156.63 -84.5804 10
      vertex -156.611 -85.9665 10
    endloop
  endfacet
  facet normal 0.926073 0.377345 0
    outer loop
      vertex -156.929 -83.8466 0
      vertex -156.63 -84.5804 10
      vertex -156.63 -84.5804 0
    endloop
  endfacet
  facet normal 0.926073 0.377345 -0
    outer loop
      vertex -156.929 -83.8466 0
      vertex -156.929 -83.8466 10
      vertex -156.63 -84.5804 10
    endloop
  endfacet
  facet normal 0.963596 -0.267362 0
    outer loop
      vertex -156.88 -83.67 0
      vertex -156.929 -83.8466 10
      vertex -156.929 -83.8466 0
    endloop
  endfacet
  facet normal 0.963596 -0.267362 0
    outer loop
      vertex -156.88 -83.67 0
      vertex -156.88 -83.67 10
      vertex -156.929 -83.8466 10
    endloop
  endfacet
  facet normal 0.600477 -0.799642 0
    outer loop
      vertex -156.558 -83.4282 0
      vertex -156.88 -83.67 10
      vertex -156.88 -83.67 0
    endloop
  endfacet
  facet normal 0.600477 -0.799642 0
    outer loop
      vertex -156.558 -83.4282 0
      vertex -156.558 -83.4282 10
      vertex -156.88 -83.67 10
    endloop
  endfacet
  facet normal 0.948996 -0.315289 0
    outer loop
      vertex -155.812 -81.1828 0
      vertex -156.558 -83.4282 10
      vertex -156.558 -83.4282 0
    endloop
  endfacet
  facet normal 0.948996 -0.315289 0
    outer loop
      vertex -155.812 -81.1828 0
      vertex -155.812 -81.1828 10
      vertex -156.558 -83.4282 10
    endloop
  endfacet
  facet normal 0.745198 -0.666844 0
    outer loop
      vertex -155.732 -81.0934 0
      vertex -155.812 -81.1828 10
      vertex -155.812 -81.1828 0
    endloop
  endfacet
  facet normal 0.745198 -0.666844 0
    outer loop
      vertex -155.732 -81.0934 0
      vertex -155.732 -81.0934 10
      vertex -155.812 -81.1828 10
    endloop
  endfacet
  facet normal 0.41388 -0.910331 0
    outer loop
      vertex -155.377 -80.932 0
      vertex -155.732 -81.0934 10
      vertex -155.732 -81.0934 0
    endloop
  endfacet
  facet normal 0.41388 -0.910331 0
    outer loop
      vertex -155.377 -80.932 0
      vertex -155.377 -80.932 10
      vertex -155.732 -81.0934 10
    endloop
  endfacet
  facet normal 0.999491 -0.0319161 0
    outer loop
      vertex -155.303 -78.6146 0
      vertex -155.377 -80.932 10
      vertex -155.377 -80.932 0
    endloop
  endfacet
  facet normal 0.999491 -0.0319161 0
    outer loop
      vertex -155.303 -78.6146 0
      vertex -155.303 -78.6146 10
      vertex -155.377 -80.932 10
    endloop
  endfacet
  facet normal 0.335258 0.942126 0
    outer loop
      vertex -155.79 -78.4413 0
      vertex -155.303 -78.6146 10
      vertex -155.303 -78.6146 0
    endloop
  endfacet
  facet normal 0.335258 0.942126 -0
    outer loop
      vertex -155.79 -78.4413 0
      vertex -155.79 -78.4413 10
      vertex -155.303 -78.6146 10
    endloop
  endfacet
  facet normal 0.86073 0.509062 0
    outer loop
      vertex -155.888 -78.2756 0
      vertex -155.79 -78.4413 10
      vertex -155.79 -78.4413 0
    endloop
  endfacet
  facet normal 0.86073 0.509062 -0
    outer loop
      vertex -155.888 -78.2756 0
      vertex -155.888 -78.2756 10
      vertex -155.79 -78.4413 10
    endloop
  endfacet
  facet normal 0.986639 -0.16292 0
    outer loop
      vertex -155.754 -77.4641 0
      vertex -155.888 -78.2756 10
      vertex -155.888 -78.2756 0
    endloop
  endfacet
  facet normal 0.986639 -0.16292 0
    outer loop
      vertex -155.754 -77.4641 0
      vertex -155.754 -77.4641 10
      vertex -155.888 -78.2756 10
    endloop
  endfacet
  facet normal 0.940799 0.338965 0
    outer loop
      vertex -156.501 -75.3908 0
      vertex -155.754 -77.4641 10
      vertex -155.754 -77.4641 0
    endloop
  endfacet
  facet normal 0.940799 0.338965 -0
    outer loop
      vertex -156.501 -75.3908 0
      vertex -156.501 -75.3908 10
      vertex -155.754 -77.4641 10
    endloop
  endfacet
  facet normal 0.989807 -0.142418 0
    outer loop
      vertex -156.481 -75.2518 0
      vertex -156.501 -75.3908 10
      vertex -156.501 -75.3908 0
    endloop
  endfacet
  facet normal 0.989807 -0.142418 0
    outer loop
      vertex -156.481 -75.2518 0
      vertex -156.481 -75.2518 10
      vertex -156.501 -75.3908 10
    endloop
  endfacet
  facet normal 0.808907 -0.587937 0
    outer loop
      vertex -156.332 -75.0468 0
      vertex -156.481 -75.2518 10
      vertex -156.481 -75.2518 0
    endloop
  endfacet
  facet normal 0.808907 -0.587937 0
    outer loop
      vertex -156.332 -75.0468 0
      vertex -156.332 -75.0468 10
      vertex -156.481 -75.2518 10
    endloop
  endfacet
  facet normal 0.562418 0.826853 0
    outer loop
      vertex -156.645 -74.8339 0
      vertex -156.332 -75.0468 10
      vertex -156.332 -75.0468 0
    endloop
  endfacet
  facet normal 0.562418 0.826853 -0
    outer loop
      vertex -156.645 -74.8339 0
      vertex -156.645 -74.8339 10
      vertex -156.332 -75.0468 10
    endloop
  endfacet
  facet normal 0.777383 0.629028 0
    outer loop
      vertex -156.698 -74.7684 0
      vertex -156.645 -74.8339 10
      vertex -156.645 -74.8339 0
    endloop
  endfacet
  facet normal 0.777383 0.629028 -0
    outer loop
      vertex -156.698 -74.7684 0
      vertex -156.698 -74.7684 10
      vertex -156.645 -74.8339 10
    endloop
  endfacet
  facet normal 0.921146 0.389217 0
    outer loop
      vertex -156.998 -74.0584 0
      vertex -156.698 -74.7684 10
      vertex -156.698 -74.7684 0
    endloop
  endfacet
  facet normal 0.921146 0.389217 -0
    outer loop
      vertex -156.998 -74.0584 0
      vertex -156.998 -74.0584 10
      vertex -156.698 -74.7684 10
    endloop
  endfacet
  facet normal 0.990373 0.138426 0
    outer loop
      vertex -157.009 -73.9797 0
      vertex -156.998 -74.0584 10
      vertex -156.998 -74.0584 0
    endloop
  endfacet
  facet normal 0.990373 0.138426 -0
    outer loop
      vertex -157.009 -73.9797 0
      vertex -157.009 -73.9797 10
      vertex -156.998 -74.0584 10
    endloop
  endfacet
  facet normal 0.99083 -0.135113 0
    outer loop
      vertex -156.859 -72.8797 0
      vertex -157.009 -73.9797 10
      vertex -157.009 -73.9797 0
    endloop
  endfacet
  facet normal 0.99083 -0.135113 0
    outer loop
      vertex -156.859 -72.8797 0
      vertex -156.859 -72.8797 10
      vertex -157.009 -73.9797 10
    endloop
  endfacet
  facet normal 0.847309 -0.5311 0
    outer loop
      vertex -156.794 -72.776 0
      vertex -156.859 -72.8797 10
      vertex -156.859 -72.8797 0
    endloop
  endfacet
  facet normal 0.847309 -0.5311 0
    outer loop
      vertex -156.794 -72.776 0
      vertex -156.794 -72.776 10
      vertex -156.859 -72.8797 10
    endloop
  endfacet
  facet normal 0.563092 -0.826394 0
    outer loop
      vertex -156.375 -72.4905 0
      vertex -156.794 -72.776 10
      vertex -156.794 -72.776 0
    endloop
  endfacet
  facet normal 0.563092 -0.826394 0
    outer loop
      vertex -156.375 -72.4905 0
      vertex -156.375 -72.4905 10
      vertex -156.794 -72.776 10
    endloop
  endfacet
  facet normal 0.980804 -0.194996 0
    outer loop
      vertex -156.047 -70.8407 0
      vertex -156.375 -72.4905 10
      vertex -156.375 -72.4905 0
    endloop
  endfacet
  facet normal 0.980804 -0.194996 0
    outer loop
      vertex -156.047 -70.8407 0
      vertex -156.047 -70.8407 10
      vertex -156.375 -72.4905 10
    endloop
  endfacet
  facet normal 0.64238 -0.766386 0
    outer loop
      vertex -155.903 -70.72 0
      vertex -156.047 -70.8407 10
      vertex -156.047 -70.8407 0
    endloop
  endfacet
  facet normal 0.64238 -0.766386 0
    outer loop
      vertex -155.903 -70.72 0
      vertex -155.903 -70.72 10
      vertex -156.047 -70.8407 10
    endloop
  endfacet
  facet normal 0.0227214 -0.999742 0
    outer loop
      vertex -155.551 -70.712 0
      vertex -155.903 -70.72 10
      vertex -155.903 -70.72 0
    endloop
  endfacet
  facet normal 0.0227214 -0.999742 0
    outer loop
      vertex -155.551 -70.712 0
      vertex -155.551 -70.712 10
      vertex -155.903 -70.72 10
    endloop
  endfacet
  facet normal 0.883538 -0.46836 0
    outer loop
      vertex -155.396 -70.4196 0
      vertex -155.551 -70.712 10
      vertex -155.551 -70.712 0
    endloop
  endfacet
  facet normal 0.883538 -0.46836 0
    outer loop
      vertex -155.396 -70.4196 0
      vertex -155.396 -70.4196 10
      vertex -155.551 -70.712 10
    endloop
  endfacet
  facet normal 0.693836 0.720133 0
    outer loop
      vertex -155.574 -70.2481 0
      vertex -155.396 -70.4196 10
      vertex -155.396 -70.4196 0
    endloop
  endfacet
  facet normal 0.693836 0.720133 -0
    outer loop
      vertex -155.574 -70.2481 0
      vertex -155.574 -70.2481 10
      vertex -155.396 -70.4196 10
    endloop
  endfacet
  facet normal 0.902688 0.430297 0
    outer loop
      vertex -155.62 -70.1516 0
      vertex -155.574 -70.2481 10
      vertex -155.574 -70.2481 0
    endloop
  endfacet
  facet normal 0.902688 0.430297 -0
    outer loop
      vertex -155.62 -70.1516 0
      vertex -155.62 -70.1516 10
      vertex -155.574 -70.2481 10
    endloop
  endfacet
  facet normal 0.996993 0.0774865 0
    outer loop
      vertex -155.77 -68.2216 0
      vertex -155.62 -70.1516 10
      vertex -155.62 -70.1516 0
    endloop
  endfacet
  facet normal 0.996993 0.0774865 -0
    outer loop
      vertex -155.77 -68.2216 0
      vertex -155.77 -68.2216 10
      vertex -155.62 -70.1516 10
    endloop
  endfacet
  facet normal 0.95448 -0.298275 0
    outer loop
      vertex -155.737 -68.116 0
      vertex -155.77 -68.2216 10
      vertex -155.77 -68.2216 0
    endloop
  endfacet
  facet normal 0.95448 -0.298275 0
    outer loop
      vertex -155.737 -68.116 0
      vertex -155.737 -68.116 10
      vertex -155.77 -68.2216 10
    endloop
  endfacet
  facet normal 0.779381 -0.62655 0
    outer loop
      vertex -155.309 -67.5836 0
      vertex -155.737 -68.116 10
      vertex -155.737 -68.116 0
    endloop
  endfacet
  facet normal 0.779381 -0.62655 0
    outer loop
      vertex -155.309 -67.5836 0
      vertex -155.309 -67.5836 10
      vertex -155.737 -68.116 10
    endloop
  endfacet
  facet normal 0.977284 -0.211933 0
    outer loop
      vertex -154.937 -65.8682 0
      vertex -155.309 -67.5836 10
      vertex -155.309 -67.5836 0
    endloop
  endfacet
  facet normal 0.977284 -0.211933 0
    outer loop
      vertex -154.937 -65.8682 0
      vertex -154.937 -65.8682 10
      vertex -155.309 -67.5836 10
    endloop
  endfacet
  facet normal 0.890927 -0.454146 0
    outer loop
      vertex -154.903 -65.8015 0
      vertex -154.937 -65.8682 10
      vertex -154.937 -65.8682 0
    endloop
  endfacet
  facet normal 0.890927 -0.454146 0
    outer loop
      vertex -154.903 -65.8015 0
      vertex -154.903 -65.8015 10
      vertex -154.937 -65.8682 10
    endloop
  endfacet
  facet normal 0.754579 -0.65621 0
    outer loop
      vertex -153.851 -64.5918 0
      vertex -154.903 -65.8015 10
      vertex -154.903 -65.8015 0
    endloop
  endfacet
  facet normal 0.754579 -0.65621 0
    outer loop
      vertex -153.851 -64.5918 0
      vertex -153.851 -64.5918 10
      vertex -154.903 -65.8015 10
    endloop
  endfacet
  facet normal 0.935249 -0.35399 0
    outer loop
      vertex -153.13 -62.6869 0
      vertex -153.851 -64.5918 10
      vertex -153.851 -64.5918 0
    endloop
  endfacet
  facet normal 0.935249 -0.35399 0
    outer loop
      vertex -153.13 -62.6869 0
      vertex -153.13 -62.6869 10
      vertex -153.851 -64.5918 10
    endloop
  endfacet
  facet normal 0.599006 -0.800744 0
    outer loop
      vertex -153.001 -62.5904 0
      vertex -153.13 -62.6869 10
      vertex -153.13 -62.6869 0
    endloop
  endfacet
  facet normal 0.599006 -0.800744 0
    outer loop
      vertex -153.001 -62.5904 0
      vertex -153.001 -62.5904 10
      vertex -153.13 -62.6869 10
    endloop
  endfacet
  facet normal 0.0713561 -0.997451 0
    outer loop
      vertex -152.481 -62.5532 0
      vertex -153.001 -62.5904 10
      vertex -153.001 -62.5904 0
    endloop
  endfacet
  facet normal 0.0713561 -0.997451 0
    outer loop
      vertex -152.481 -62.5532 0
      vertex -152.481 -62.5532 10
      vertex -153.001 -62.5904 10
    endloop
  endfacet
  facet normal 0.557678 -0.830057 0
    outer loop
      vertex -152.012 -62.2381 0
      vertex -152.481 -62.5532 10
      vertex -152.481 -62.5532 0
    endloop
  endfacet
  facet normal 0.557678 -0.830057 0
    outer loop
      vertex -152.012 -62.2381 0
      vertex -152.012 -62.2381 10
      vertex -152.481 -62.5532 10
    endloop
  endfacet
  facet normal 0.900134 0.435612 0
    outer loop
      vertex -152.565 -61.0954 0
      vertex -152.012 -62.2381 10
      vertex -152.012 -62.2381 0
    endloop
  endfacet
  facet normal 0.900134 0.435612 -0
    outer loop
      vertex -152.565 -61.0954 0
      vertex -152.565 -61.0954 10
      vertex -152.012 -62.2381 10
    endloop
  endfacet
  facet normal 0.999888 -0.0149349 0
    outer loop
      vertex -152.563 -60.9615 0
      vertex -152.565 -61.0954 10
      vertex -152.565 -61.0954 0
    endloop
  endfacet
  facet normal 0.999888 -0.0149349 0
    outer loop
      vertex -152.563 -60.9615 0
      vertex -152.563 -60.9615 10
      vertex -152.565 -61.0954 10
    endloop
  endfacet
  facet normal 0.889982 -0.455996 0
    outer loop
      vertex -152.188 -60.2296 0
      vertex -152.563 -60.9615 10
      vertex -152.563 -60.9615 0
    endloop
  endfacet
  facet normal 0.889982 -0.455996 0
    outer loop
      vertex -152.188 -60.2296 0
      vertex -152.188 -60.2296 10
      vertex -152.563 -60.9615 10
    endloop
  endfacet
  facet normal 0.976479 0.215612 0
    outer loop
      vertex -152.576 -58.4724 0
      vertex -152.188 -60.2296 10
      vertex -152.188 -60.2296 0
    endloop
  endfacet
  facet normal 0.976479 0.215612 -0
    outer loop
      vertex -152.576 -58.4724 0
      vertex -152.576 -58.4724 10
      vertex -152.188 -60.2296 10
    endloop
  endfacet
  facet normal 0.989144 -0.146948 0
    outer loop
      vertex -152.56 -58.3647 0
      vertex -152.576 -58.4724 10
      vertex -152.576 -58.4724 0
    endloop
  endfacet
  facet normal 0.989144 -0.146948 0
    outer loop
      vertex -152.56 -58.3647 0
      vertex -152.56 -58.3647 10
      vertex -152.576 -58.4724 10
    endloop
  endfacet
  facet normal 0.86459 -0.502479 0
    outer loop
      vertex -152.129 -57.6231 0
      vertex -152.56 -58.3647 10
      vertex -152.56 -58.3647 0
    endloop
  endfacet
  facet normal 0.86459 -0.502479 0
    outer loop
      vertex -152.129 -57.6231 0
      vertex -152.129 -57.6231 10
      vertex -152.56 -58.3647 10
    endloop
  endfacet
  facet normal 0.902861 0.429934 0
    outer loop
      vertex -152.495 -56.8545 0
      vertex -152.129 -57.6231 10
      vertex -152.129 -57.6231 0
    endloop
  endfacet
  facet normal 0.902861 0.429934 -0
    outer loop
      vertex -152.495 -56.8545 0
      vertex -152.495 -56.8545 10
      vertex -152.129 -57.6231 10
    endloop
  endfacet
  facet normal 0.99424 -0.107179 0
    outer loop
      vertex -152.478 -56.6968 0
      vertex -152.495 -56.8545 10
      vertex -152.495 -56.8545 0
    endloop
  endfacet
  facet normal 0.99424 -0.107179 0
    outer loop
      vertex -152.478 -56.6968 0
      vertex -152.478 -56.6968 10
      vertex -152.495 -56.8545 10
    endloop
  endfacet
  facet normal 0.783498 -0.621395 0
    outer loop
      vertex -151.788 -55.8268 0
      vertex -152.478 -56.6968 10
      vertex -152.478 -56.6968 0
    endloop
  endfacet
  facet normal 0.783498 -0.621395 0
    outer loop
      vertex -151.788 -55.8268 0
      vertex -151.788 -55.8268 10
      vertex -152.478 -56.6968 10
    endloop
  endfacet
  facet normal 0.606126 -0.795369 0
    outer loop
      vertex -151.73 -55.7826 0
      vertex -151.788 -55.8268 10
      vertex -151.788 -55.8268 0
    endloop
  endfacet
  facet normal 0.606126 -0.795369 0
    outer loop
      vertex -151.73 -55.7826 0
      vertex -151.73 -55.7826 10
      vertex -151.788 -55.8268 10
    endloop
  endfacet
  facet normal 0.400594 -0.916256 0
    outer loop
      vertex -149.803 -54.9401 0
      vertex -151.73 -55.7826 10
      vertex -151.73 -55.7826 0
    endloop
  endfacet
  facet normal 0.400594 -0.916256 0
    outer loop
      vertex -149.803 -54.9401 0
      vertex -149.803 -54.9401 10
      vertex -151.73 -55.7826 10
    endloop
  endfacet
  facet normal 0.955719 -0.29428 0
    outer loop
      vertex -149.079 -52.5888 0
      vertex -149.803 -54.9401 10
      vertex -149.803 -54.9401 0
    endloop
  endfacet
  facet normal 0.955719 -0.29428 0
    outer loop
      vertex -149.079 -52.5888 0
      vertex -149.079 -52.5888 10
      vertex -149.803 -54.9401 10
    endloop
  endfacet
  facet normal 0.731595 0.68174 0
    outer loop
      vertex -149.373 -52.2733 0
      vertex -149.079 -52.5888 10
      vertex -149.079 -52.5888 0
    endloop
  endfacet
  facet normal 0.731595 0.68174 -0
    outer loop
      vertex -149.373 -52.2733 0
      vertex -149.373 -52.2733 10
      vertex -149.079 -52.5888 10
    endloop
  endfacet
  facet normal -0.194055 0.980991 0
    outer loop
      vertex -150.151 -52.4272 0
      vertex -149.373 -52.2733 10
      vertex -149.373 -52.2733 0
    endloop
  endfacet
  facet normal -0.194055 0.980991 0
    outer loop
      vertex -150.151 -52.4272 0
      vertex -150.151 -52.4272 10
      vertex -149.373 -52.2733 10
    endloop
  endfacet
  facet normal 0.028776 0.999586 0
    outer loop
      vertex -150.217 -52.4253 0
      vertex -150.151 -52.4272 10
      vertex -150.151 -52.4272 0
    endloop
  endfacet
  facet normal 0.028776 0.999586 -0
    outer loop
      vertex -150.217 -52.4253 0
      vertex -150.217 -52.4253 10
      vertex -150.151 -52.4272 10
    endloop
  endfacet
  facet normal 0.249572 0.968356 0
    outer loop
      vertex -150.877 -52.2552 0
      vertex -150.217 -52.4253 10
      vertex -150.217 -52.4253 0
    endloop
  endfacet
  facet normal 0.249572 0.968356 -0
    outer loop
      vertex -150.877 -52.2552 0
      vertex -150.877 -52.2552 10
      vertex -150.217 -52.4253 10
    endloop
  endfacet
  facet normal 0.727394 0.68622 0
    outer loop
      vertex -150.987 -52.1386 0
      vertex -150.877 -52.2552 10
      vertex -150.877 -52.2552 0
    endloop
  endfacet
  facet normal 0.727394 0.68622 -0
    outer loop
      vertex -150.987 -52.1386 0
      vertex -150.987 -52.1386 10
      vertex -150.877 -52.2552 10
    endloop
  endfacet
  facet normal 0.981579 0.191054 0
    outer loop
      vertex -151.69 -48.5268 0
      vertex -150.987 -52.1386 10
      vertex -150.987 -52.1386 0
    endloop
  endfacet
  facet normal 0.981579 0.191054 -0
    outer loop
      vertex -151.69 -48.5268 0
      vertex -151.69 -48.5268 10
      vertex -150.987 -52.1386 10
    endloop
  endfacet
  facet normal 0.764872 0.644182 0
    outer loop
      vertex -152.465 -47.6066 0
      vertex -151.69 -48.5268 10
      vertex -151.69 -48.5268 0
    endloop
  endfacet
  facet normal 0.764872 0.644182 -0
    outer loop
      vertex -152.465 -47.6066 0
      vertex -152.465 -47.6066 10
      vertex -151.69 -48.5268 10
    endloop
  endfacet
  facet normal 0.973706 0.22781 0
    outer loop
      vertex -152.496 -47.4741 0
      vertex -152.465 -47.6066 10
      vertex -152.465 -47.6066 0
    endloop
  endfacet
  facet normal 0.973706 0.22781 -0
    outer loop
      vertex -152.496 -47.4741 0
      vertex -152.496 -47.4741 10
      vertex -152.465 -47.6066 10
    endloop
  endfacet
  facet normal 0.970763 -0.240038 0
    outer loop
      vertex -152.358 -46.916 0
      vertex -152.496 -47.4741 10
      vertex -152.496 -47.4741 0
    endloop
  endfacet
  facet normal 0.970763 -0.240038 0
    outer loop
      vertex -152.358 -46.916 0
      vertex -152.358 -46.916 10
      vertex -152.496 -47.4741 10
    endloop
  endfacet
  facet normal 0.633787 0.773508 0
    outer loop
      vertex -152.895 -46.476 0
      vertex -152.358 -46.916 10
      vertex -152.358 -46.916 0
    endloop
  endfacet
  facet normal 0.633787 0.773508 -0
    outer loop
      vertex -152.895 -46.476 0
      vertex -152.895 -46.476 10
      vertex -152.358 -46.916 10
    endloop
  endfacet
  facet normal 0.987832 0.155525 0
    outer loop
      vertex -152.926 -46.2791 0
      vertex -152.895 -46.476 10
      vertex -152.895 -46.476 0
    endloop
  endfacet
  facet normal 0.987832 0.155525 -0
    outer loop
      vertex -152.926 -46.2791 0
      vertex -152.926 -46.2791 10
      vertex -152.895 -46.476 10
    endloop
  endfacet
  facet normal 0.843049 -0.537837 0
    outer loop
      vertex -152.803 -46.0863 0
      vertex -152.926 -46.2791 10
      vertex -152.926 -46.2791 0
    endloop
  endfacet
  facet normal 0.843049 -0.537837 0
    outer loop
      vertex -152.803 -46.0863 0
      vertex -152.803 -46.0863 10
      vertex -152.926 -46.2791 10
    endloop
  endfacet
  facet normal 0.960916 0.276842 0
    outer loop
      vertex -152.934 -45.6316 0
      vertex -152.803 -46.0863 10
      vertex -152.803 -46.0863 0
    endloop
  endfacet
  facet normal 0.960916 0.276842 -0
    outer loop
      vertex -152.934 -45.6316 0
      vertex -152.934 -45.6316 10
      vertex -152.803 -46.0863 10
    endloop
  endfacet
  facet normal 0.940453 -0.339923 0
    outer loop
      vertex -152.874 -45.4656 0
      vertex -152.934 -45.6316 10
      vertex -152.934 -45.6316 0
    endloop
  endfacet
  facet normal 0.940453 -0.339923 0
    outer loop
      vertex -152.874 -45.4656 0
      vertex -152.874 -45.4656 10
      vertex -152.934 -45.6316 10
    endloop
  endfacet
  facet normal 0.559428 -0.828879 0
    outer loop
      vertex -152.555 -45.2503 0
      vertex -152.874 -45.4656 10
      vertex -152.874 -45.4656 0
    endloop
  endfacet
  facet normal 0.559428 -0.828879 0
    outer loop
      vertex -152.555 -45.2503 0
      vertex -152.555 -45.2503 10
      vertex -152.874 -45.4656 10
    endloop
  endfacet
  facet normal 0.888732 0.458427 0
    outer loop
      vertex -152.793 -44.7889 0
      vertex -152.555 -45.2503 10
      vertex -152.555 -45.2503 0
    endloop
  endfacet
  facet normal 0.888732 0.458427 -0
    outer loop
      vertex -152.793 -44.7889 0
      vertex -152.793 -44.7889 10
      vertex -152.555 -45.2503 10
    endloop
  endfacet
  facet normal 0.996194 -0.087167 0
    outer loop
      vertex -152.779 -44.6289 0
      vertex -152.793 -44.7889 10
      vertex -152.793 -44.7889 0
    endloop
  endfacet
  facet normal 0.996194 -0.087167 0
    outer loop
      vertex -152.779 -44.6289 0
      vertex -152.779 -44.6289 10
      vertex -152.793 -44.7889 10
    endloop
  endfacet
  facet normal 0.794727 -0.606968 0
    outer loop
      vertex -152.34 -44.0541 0
      vertex -152.779 -44.6289 10
      vertex -152.779 -44.6289 0
    endloop
  endfacet
  facet normal 0.794727 -0.606968 0
    outer loop
      vertex -152.34 -44.0541 0
      vertex -152.34 -44.0541 10
      vertex -152.779 -44.6289 10
    endloop
  endfacet
  facet normal 0.700851 0.713308 0
    outer loop
      vertex -153.365 -43.047 0
      vertex -152.34 -44.0541 10
      vertex -152.34 -44.0541 0
    endloop
  endfacet
  facet normal 0.700851 0.713308 -0
    outer loop
      vertex -153.365 -43.047 0
      vertex -153.365 -43.047 10
      vertex -152.34 -44.0541 10
    endloop
  endfacet
  facet normal 0.89361 0.448845 0
    outer loop
      vertex -153.409 -42.9594 0
      vertex -153.365 -43.047 10
      vertex -153.365 -43.047 0
    endloop
  endfacet
  facet normal 0.89361 0.448845 -0
    outer loop
      vertex -153.409 -42.9594 0
      vertex -153.409 -42.9594 10
      vertex -153.365 -43.047 10
    endloop
  endfacet
  facet normal 0.991614 0.129235 0
    outer loop
      vertex -153.679 -40.8877 0
      vertex -153.409 -42.9594 10
      vertex -153.409 -42.9594 0
    endloop
  endfacet
  facet normal 0.991614 0.129235 -0
    outer loop
      vertex -153.679 -40.8877 0
      vertex -153.679 -40.8877 10
      vertex -153.409 -42.9594 10
    endloop
  endfacet
  facet normal 0.455017 0.890483 0
    outer loop
      vertex -154.098 -40.6736 0
      vertex -153.679 -40.8877 10
      vertex -153.679 -40.8877 0
    endloop
  endfacet
  facet normal 0.455017 0.890483 -0
    outer loop
      vertex -154.098 -40.6736 0
      vertex -154.098 -40.6736 10
      vertex -153.679 -40.8877 10
    endloop
  endfacet
  facet normal 0.727394 0.68622 0
    outer loop
      vertex -154.168 -40.5994 0
      vertex -154.098 -40.6736 10
      vertex -154.098 -40.6736 0
    endloop
  endfacet
  facet normal 0.727394 0.68622 -0
    outer loop
      vertex -154.168 -40.5994 0
      vertex -154.168 -40.5994 10
      vertex -154.098 -40.6736 10
    endloop
  endfacet
  facet normal 0.91815 0.396232 0
    outer loop
      vertex -154.54 -39.7374 0
      vertex -154.168 -40.5994 10
      vertex -154.168 -40.5994 0
    endloop
  endfacet
  facet normal 0.91815 0.396232 -0
    outer loop
      vertex -154.54 -39.7374 0
      vertex -154.54 -39.7374 10
      vertex -154.168 -40.5994 10
    endloop
  endfacet
  facet normal -0.51784 0.855477 0
    outer loop
      vertex -155.066 -40.0558 0
      vertex -154.54 -39.7374 10
      vertex -154.54 -39.7374 0
    endloop
  endfacet
  facet normal -0.51784 0.855477 0
    outer loop
      vertex -155.066 -40.0558 0
      vertex -155.066 -40.0558 10
      vertex -154.54 -39.7374 10
    endloop
  endfacet
  facet normal -0.986669 -0.162742 0
    outer loop
      vertex -154.972 -40.6257 0
      vertex -155.066 -40.0558 10
      vertex -155.066 -40.0558 0
    endloop
  endfacet
  facet normal -0.986669 -0.162742 0
    outer loop
      vertex -154.972 -40.6257 0
      vertex -154.972 -40.6257 10
      vertex -155.066 -40.0558 10
    endloop
  endfacet
  facet normal -0.987636 0.156768 0
    outer loop
      vertex -154.987 -40.7202 0
      vertex -154.972 -40.6257 10
      vertex -154.972 -40.6257 0
    endloop
  endfacet
  facet normal -0.987636 0.156768 0
    outer loop
      vertex -154.987 -40.7202 0
      vertex -154.987 -40.7202 10
      vertex -154.972 -40.6257 10
    endloop
  endfacet
  facet normal -0.883788 0.467888 0
    outer loop
      vertex -155.257 -41.2302 0
      vertex -154.987 -40.7202 10
      vertex -154.987 -40.7202 0
    endloop
  endfacet
  facet normal -0.883788 0.467888 0
    outer loop
      vertex -155.257 -41.2302 0
      vertex -155.257 -41.2302 10
      vertex -154.987 -40.7202 10
    endloop
  endfacet
  facet normal -0.629885 0.776688 0
    outer loop
      vertex -155.348 -41.304 0
      vertex -155.257 -41.2302 10
      vertex -155.257 -41.2302 0
    endloop
  endfacet
  facet normal -0.629885 0.776688 0
    outer loop
      vertex -155.348 -41.304 0
      vertex -155.348 -41.304 10
      vertex -155.257 -41.2302 10
    endloop
  endfacet
  facet normal -0.279437 0.960164 0
    outer loop
      vertex -156.318 -41.5863 0
      vertex -155.348 -41.304 10
      vertex -155.348 -41.304 0
    endloop
  endfacet
  facet normal -0.279437 0.960164 0
    outer loop
      vertex -156.318 -41.5863 0
      vertex -156.318 -41.5863 10
      vertex -155.348 -41.304 10
    endloop
  endfacet
  facet normal -0.983961 -0.178383 0
    outer loop
      vertex -155.762 -44.6532 0
      vertex -156.318 -41.5863 10
      vertex -156.318 -41.5863 0
    endloop
  endfacet
  facet normal -0.983961 -0.178383 0
    outer loop
      vertex -155.762 -44.6532 0
      vertex -155.762 -44.6532 10
      vertex -156.318 -41.5863 10
    endloop
  endfacet
  facet normal -0.998028 -0.0627691 0
    outer loop
      vertex -155.76 -44.685 0
      vertex -155.762 -44.6532 10
      vertex -155.762 -44.6532 0
    endloop
  endfacet
  facet normal -0.998028 -0.0627691 0
    outer loop
      vertex -155.76 -44.685 0
      vertex -155.76 -44.685 10
      vertex -155.762 -44.6532 10
    endloop
  endfacet
  facet normal -0.999444 0.0333468 0
    outer loop
      vertex -155.84 -47.0827 0
      vertex -155.76 -44.685 10
      vertex -155.76 -44.685 0
    endloop
  endfacet
  facet normal -0.999444 0.0333468 0
    outer loop
      vertex -155.84 -47.0827 0
      vertex -155.84 -47.0827 10
      vertex -155.76 -44.685 10
    endloop
  endfacet
  facet normal -0.991467 -0.130356 0
    outer loop
      vertex -155.601 -48.9005 0
      vertex -155.84 -47.0827 10
      vertex -155.84 -47.0827 0
    endloop
  endfacet
  facet normal -0.991467 -0.130356 0
    outer loop
      vertex -155.601 -48.9005 0
      vertex -155.601 -48.9005 10
      vertex -155.84 -47.0827 10
    endloop
  endfacet
  facet normal -0.999742 0.0227214 0
    outer loop
      vertex -155.602 -48.9445 0
      vertex -155.601 -48.9005 10
      vertex -155.601 -48.9005 0
    endloop
  endfacet
  facet normal -0.999742 0.0227214 0
    outer loop
      vertex -155.602 -48.9445 0
      vertex -155.602 -48.9445 10
      vertex -155.601 -48.9005 10
    endloop
  endfacet
  facet normal -0.986557 0.163417 0
    outer loop
      vertex -156.142 -52.2045 0
      vertex -155.602 -48.9445 10
      vertex -155.602 -48.9445 0
    endloop
  endfacet
  facet normal -0.986557 0.163417 0
    outer loop
      vertex -156.142 -52.2045 0
      vertex -156.142 -52.2045 10
      vertex -155.602 -48.9445 10
    endloop
  endfacet
  facet normal -0.884918 0.465746 0
    outer loop
      vertex -156.186 -52.2881 0
      vertex -156.142 -52.2045 10
      vertex -156.142 -52.2045 0
    endloop
  endfacet
  facet normal -0.884918 0.465746 0
    outer loop
      vertex -156.186 -52.2881 0
      vertex -156.186 -52.2881 10
      vertex -156.142 -52.2045 10
    endloop
  endfacet
  facet normal -0.692905 0.721029 0
    outer loop
      vertex -156.668 -52.7513 0
      vertex -156.186 -52.2881 10
      vertex -156.186 -52.2881 0
    endloop
  endfacet
  facet normal -0.692905 0.721029 0
    outer loop
      vertex -156.668 -52.7513 0
      vertex -156.668 -52.7513 10
      vertex -156.186 -52.2881 10
    endloop
  endfacet
  facet normal -0.992306 0.123808 0
    outer loop
      vertex -156.715 -53.128 0
      vertex -156.668 -52.7513 10
      vertex -156.668 -52.7513 0
    endloop
  endfacet
  facet normal -0.992306 0.123808 0
    outer loop
      vertex -156.715 -53.128 0
      vertex -156.715 -53.128 10
      vertex -156.668 -52.7513 10
    endloop
  endfacet
  facet normal -0.862656 -0.505792 0
    outer loop
      vertex -156.301 -53.8341 0
      vertex -156.715 -53.128 10
      vertex -156.715 -53.128 0
    endloop
  endfacet
  facet normal -0.862656 -0.505792 0
    outer loop
      vertex -156.301 -53.8341 0
      vertex -156.301 -53.8341 10
      vertex -156.715 -53.128 10
    endloop
  endfacet
  facet normal -0.981864 -0.189588 0
    outer loop
      vertex -156.282 -53.9325 0
      vertex -156.301 -53.8341 10
      vertex -156.301 -53.8341 0
    endloop
  endfacet
  facet normal -0.981864 -0.189588 0
    outer loop
      vertex -156.282 -53.9325 0
      vertex -156.282 -53.9325 10
      vertex -156.301 -53.8341 10
    endloop
  endfacet
  facet normal -0.988645 0.150272 0
    outer loop
      vertex -156.678 -56.5378 0
      vertex -156.282 -53.9325 10
      vertex -156.282 -53.9325 0
    endloop
  endfacet
  facet normal -0.988645 0.150272 0
    outer loop
      vertex -156.678 -56.5378 0
      vertex -156.678 -56.5378 10
      vertex -156.282 -53.9325 10
    endloop
  endfacet
  facet normal -0.983924 -0.17859 0
    outer loop
      vertex -156.412 -58.0033 0
      vertex -156.678 -56.5378 10
      vertex -156.678 -56.5378 0
    endloop
  endfacet
  facet normal -0.983924 -0.17859 0
    outer loop
      vertex -156.412 -58.0033 0
      vertex -156.412 -58.0033 10
      vertex -156.678 -56.5378 10
    endloop
  endfacet
  facet normal -0.992173 0.124873 0
    outer loop
      vertex -156.423 -58.0907 0
      vertex -156.412 -58.0033 10
      vertex -156.412 -58.0033 0
    endloop
  endfacet
  facet normal -0.992173 0.124873 0
    outer loop
      vertex -156.423 -58.0907 0
      vertex -156.423 -58.0907 10
      vertex -156.412 -58.0033 10
    endloop
  endfacet
  facet normal -0.914539 0.404498 0
    outer loop
      vertex -156.986 -59.3636 0
      vertex -156.423 -58.0907 10
      vertex -156.423 -58.0907 0
    endloop
  endfacet
  facet normal -0.914539 0.404498 0
    outer loop
      vertex -156.986 -59.3636 0
      vertex -156.986 -59.3636 10
      vertex -156.423 -58.0907 10
    endloop
  endfacet
  facet normal -0.993834 -0.110876 0
    outer loop
      vertex -156.841 -60.6633 0
      vertex -156.986 -59.3636 10
      vertex -156.986 -59.3636 0
    endloop
  endfacet
  facet normal -0.993834 -0.110876 0
    outer loop
      vertex -156.841 -60.6633 0
      vertex -156.841 -60.6633 10
      vertex -156.986 -59.3636 10
    endloop
  endfacet
  facet normal -0.998268 0.058837 0
    outer loop
      vertex -156.844 -60.7142 0
      vertex -156.841 -60.6633 10
      vertex -156.841 -60.6633 0
    endloop
  endfacet
  facet normal -0.998268 0.058837 0
    outer loop
      vertex -156.844 -60.7142 0
      vertex -156.844 -60.7142 10
      vertex -156.841 -60.6633 10
    endloop
  endfacet
  facet normal -0.973715 0.22777 0
    outer loop
      vertex -158.044 -65.8442 0
      vertex -156.844 -60.7142 10
      vertex -156.844 -60.7142 0
    endloop
  endfacet
  facet normal -0.973715 0.22777 0
    outer loop
      vertex -158.044 -65.8442 0
      vertex -158.044 -65.8442 10
      vertex -156.844 -60.7142 10
    endloop
  endfacet
  facet normal -0.933014 0.35984 0
    outer loop
      vertex -158.058 -65.8805 0
      vertex -158.044 -65.8442 10
      vertex -158.044 -65.8442 0
    endloop
  endfacet
  facet normal -0.933014 0.35984 0
    outer loop
      vertex -158.058 -65.8805 0
      vertex -158.058 -65.8805 10
      vertex -158.044 -65.8442 10
    endloop
  endfacet
  facet normal -0.882736 0.46987 0
    outer loop
      vertex -158.771 -67.22 0
      vertex -158.058 -65.8805 10
      vertex -158.058 -65.8805 0
    endloop
  endfacet
  facet normal -0.882736 0.46987 0
    outer loop
      vertex -158.771 -67.22 0
      vertex -158.771 -67.22 10
      vertex -158.058 -65.8805 10
    endloop
  endfacet
  facet normal -0.971297 -0.237871 0
    outer loop
      vertex -158.334 -69.0044 0
      vertex -158.771 -67.22 10
      vertex -158.771 -67.22 0
    endloop
  endfacet
  facet normal -0.971297 -0.237871 0
    outer loop
      vertex -158.334 -69.0044 0
      vertex -158.334 -69.0044 10
      vertex -158.771 -67.22 10
    endloop
  endfacet
  facet normal -0.999402 -0.0345814 0
    outer loop
      vertex -158.332 -69.0622 0
      vertex -158.334 -69.0044 10
      vertex -158.334 -69.0044 0
    endloop
  endfacet
  facet normal -0.999402 -0.0345814 0
    outer loop
      vertex -158.332 -69.0622 0
      vertex -158.332 -69.0622 10
      vertex -158.334 -69.0044 10
    endloop
  endfacet
  facet normal -0.988993 0.14796 0
    outer loop
      vertex -158.522 -70.3322 0
      vertex -158.332 -69.0622 10
      vertex -158.332 -69.0622 0
    endloop
  endfacet
  facet normal -0.988993 0.14796 0
    outer loop
      vertex -158.522 -70.3322 0
      vertex -158.522 -70.3322 10
      vertex -158.332 -69.0622 10
    endloop
  endfacet
  facet normal -0.869143 0.49456 0
    outer loop
      vertex -158.576 -70.4271 0
      vertex -158.522 -70.3322 10
      vertex -158.522 -70.3322 0
    endloop
  endfacet
  facet normal -0.869143 0.49456 0
    outer loop
      vertex -158.576 -70.4271 0
      vertex -158.576 -70.4271 10
      vertex -158.522 -70.3322 10
    endloop
  endfacet
  facet normal -0.624695 0.780869 0
    outer loop
      vertex -159.127 -70.8679 0
      vertex -158.576 -70.4271 10
      vertex -158.576 -70.4271 0
    endloop
  endfacet
  facet normal -0.624695 0.780869 0
    outer loop
      vertex -159.127 -70.8679 0
      vertex -159.127 -70.8679 10
      vertex -158.576 -70.4271 10
    endloop
  endfacet
  facet normal -0.994629 0.103502 0
    outer loop
      vertex -159.199 -71.5598 0
      vertex -159.127 -70.8679 10
      vertex -159.127 -70.8679 0
    endloop
  endfacet
  facet normal -0.994629 0.103502 0
    outer loop
      vertex -159.199 -71.5598 0
      vertex -159.199 -71.5598 10
      vertex -159.127 -70.8679 10
    endloop
  endfacet
  facet normal -0.994272 -0.106877 0
    outer loop
      vertex -158.631 -76.8439 0
      vertex -159.199 -71.5598 10
      vertex -159.199 -71.5598 0
    endloop
  endfacet
  facet normal -0.994272 -0.106877 0
    outer loop
      vertex -158.631 -76.8439 0
      vertex -158.631 -76.8439 10
      vertex -159.199 -71.5598 10
    endloop
  endfacet
  facet normal -0.980539 0.196326 0
    outer loop
      vertex -158.649 -76.9338 0
      vertex -158.631 -76.8439 10
      vertex -158.631 -76.8439 0
    endloop
  endfacet
  facet normal -0.980539 0.196326 0
    outer loop
      vertex -158.649 -76.9338 0
      vertex -158.649 -76.9338 10
      vertex -158.631 -76.8439 10
    endloop
  endfacet
  facet normal -0.870479 0.492205 0
    outer loop
      vertex -159.275 -78.0409 0
      vertex -158.649 -76.9338 10
      vertex -158.649 -76.9338 0
    endloop
  endfacet
  facet normal -0.870479 0.492205 0
    outer loop
      vertex -159.275 -78.0409 0
      vertex -159.275 -78.0409 10
      vertex -158.649 -76.9338 10
    endloop
  endfacet
  facet normal -0.99279 -0.119871 0
    outer loop
      vertex -159.101 -79.482 0
      vertex -159.275 -78.0409 10
      vertex -159.275 -78.0409 0
    endloop
  endfacet
  facet normal -0.99279 -0.119871 0
    outer loop
      vertex -159.101 -79.482 0
      vertex -159.101 -79.482 10
      vertex -159.275 -78.0409 10
    endloop
  endfacet
  facet normal -0.980912 0.194454 0
    outer loop
      vertex -159.119 -79.5728 0
      vertex -159.101 -79.482 10
      vertex -159.101 -79.482 0
    endloop
  endfacet
  facet normal -0.980912 0.194454 0
    outer loop
      vertex -159.119 -79.5728 0
      vertex -159.119 -79.5728 10
      vertex -159.101 -79.482 10
    endloop
  endfacet
  facet normal -0.874585 0.484872 0
    outer loop
      vertex -159.867 -80.922 0
      vertex -159.119 -79.5728 10
      vertex -159.119 -79.5728 0
    endloop
  endfacet
  facet normal -0.874585 0.484872 0
    outer loop
      vertex -159.867 -80.922 0
      vertex -159.867 -80.922 10
      vertex -159.119 -79.5728 10
    endloop
  endfacet
  facet normal -0.981432 0.191811 0
    outer loop
      vertex -160.353 -83.4087 0
      vertex -159.867 -80.922 10
      vertex -159.867 -80.922 0
    endloop
  endfacet
  facet normal -0.981432 0.191811 0
    outer loop
      vertex -160.353 -83.4087 0
      vertex -160.353 -83.4087 10
      vertex -159.867 -80.922 10
    endloop
  endfacet
  facet normal -0.92682 0.375507 0
    outer loop
      vertex -160.375 -83.463 0
      vertex -160.353 -83.4087 10
      vertex -160.353 -83.4087 0
    endloop
  endfacet
  facet normal -0.92682 0.375507 0
    outer loop
      vertex -160.375 -83.463 0
      vertex -160.375 -83.463 10
      vertex -160.353 -83.4087 10
    endloop
  endfacet
  facet normal -0.833022 0.553239 0
    outer loop
      vertex -161.232 -84.7534 0
      vertex -160.375 -83.463 10
      vertex -160.375 -83.463 0
    endloop
  endfacet
  facet normal -0.833022 0.553239 0
    outer loop
      vertex -161.232 -84.7534 0
      vertex -161.232 -84.7534 10
      vertex -160.375 -83.463 10
    endloop
  endfacet
  facet normal -0.985831 -0.16774 0
    outer loop
      vertex -161.162 -85.1648 0
      vertex -161.232 -84.7534 10
      vertex -161.232 -84.7534 0
    endloop
  endfacet
  facet normal -0.985831 -0.16774 0
    outer loop
      vertex -161.162 -85.1648 0
      vertex -161.162 -85.1648 10
      vertex -161.232 -84.7534 10
    endloop
  endfacet
  facet normal -0.975647 0.219345 0
    outer loop
      vertex -161.187 -85.276 0
      vertex -161.162 -85.1648 10
      vertex -161.162 -85.1648 0
    endloop
  endfacet
  facet normal -0.975647 0.219345 0
    outer loop
      vertex -161.187 -85.276 0
      vertex -161.187 -85.276 10
      vertex -161.162 -85.1648 10
    endloop
  endfacet
  facet normal -0.819385 0.573244 0
    outer loop
      vertex -161.592 -85.8549 0
      vertex -161.187 -85.276 10
      vertex -161.187 -85.276 0
    endloop
  endfacet
  facet normal -0.819385 0.573244 0
    outer loop
      vertex -161.592 -85.8549 0
      vertex -161.592 -85.8549 10
      vertex -161.187 -85.276 10
    endloop
  endfacet
  facet normal -0.963685 0.267041 0
    outer loop
      vertex -162.095 -87.6701 0
      vertex -161.592 -85.8549 10
      vertex -161.592 -85.8549 0
    endloop
  endfacet
  facet normal -0.963685 0.267041 0
    outer loop
      vertex -162.095 -87.6701 0
      vertex -162.095 -87.6701 10
      vertex -161.592 -85.8549 10
    endloop
  endfacet
  facet normal -0.769562 0.638572 0
    outer loop
      vertex -162.173 -87.7641 0
      vertex -162.095 -87.6701 10
      vertex -162.095 -87.6701 0
    endloop
  endfacet
  facet normal -0.769562 0.638572 0
    outer loop
      vertex -162.173 -87.7641 0
      vertex -162.173 -87.7641 10
      vertex -162.095 -87.6701 10
    endloop
  endfacet
  facet normal -0.448468 0.893799 0
    outer loop
      vertex -162.344 -87.8499 0
      vertex -162.173 -87.7641 10
      vertex -162.173 -87.7641 0
    endloop
  endfacet
  facet normal -0.448468 0.893799 0
    outer loop
      vertex -162.344 -87.8499 0
      vertex -162.344 -87.8499 10
      vertex -162.173 -87.7641 10
    endloop
  endfacet
  facet normal -0.986534 0.163557 0
    outer loop
      vertex -162.552 -89.1045 0
      vertex -162.344 -87.8499 10
      vertex -162.344 -87.8499 0
    endloop
  endfacet
  facet normal -0.986534 0.163557 0
    outer loop
      vertex -162.552 -89.1045 0
      vertex -162.552 -89.1045 10
      vertex -162.344 -87.8499 10
    endloop
  endfacet
  facet normal -0.67163 0.740887 0
    outer loop
      vertex -162.69 -89.2296 0
      vertex -162.552 -89.1045 10
      vertex -162.552 -89.1045 0
    endloop
  endfacet
  facet normal -0.67163 0.740887 0
    outer loop
      vertex -162.69 -89.2296 0
      vertex -162.69 -89.2296 10
      vertex -162.552 -89.1045 10
    endloop
  endfacet
  facet normal -0.0696716 0.99757 0
    outer loop
      vertex -163.446 -89.2824 0
      vertex -162.69 -89.2296 10
      vertex -162.69 -89.2296 0
    endloop
  endfacet
  facet normal -0.0696716 0.99757 0
    outer loop
      vertex -163.446 -89.2824 0
      vertex -163.446 -89.2824 10
      vertex -162.69 -89.2296 10
    endloop
  endfacet
  facet normal -0.95692 0.29035 0
    outer loop
      vertex -163.54 -89.5922 0
      vertex -163.446 -89.2824 10
      vertex -163.446 -89.2824 0
    endloop
  endfacet
  facet normal -0.95692 0.29035 0
    outer loop
      vertex -163.54 -89.5922 0
      vertex -163.54 -89.5922 10
      vertex -163.446 -89.2824 10
    endloop
  endfacet
  facet normal -1 0 0
    outer loop
      vertex -163.54 -90.5379 0
      vertex -163.54 -89.5922 10
      vertex -163.54 -89.5922 0
    endloop
  endfacet
  facet normal -1 0 0
    outer loop
      vertex -163.54 -90.5379 0
      vertex -163.54 -90.5379 10
      vertex -163.54 -89.5922 10
    endloop
  endfacet
  facet normal -0.912603 -0.408848 0
    outer loop
      vertex -163.123 -91.4687 0
      vertex -163.54 -90.5379 10
      vertex -163.54 -90.5379 0
    endloop
  endfacet
  facet normal -0.912603 -0.408848 0
    outer loop
      vertex -163.123 -91.4687 0
      vertex -163.123 -91.4687 10
      vertex -163.54 -90.5379 10
    endloop
  endfacet
  facet normal -0.987375 -0.158402 0
    outer loop
      vertex -163.111 -91.5435 0
      vertex -163.123 -91.4687 10
      vertex -163.123 -91.4687 0
    endloop
  endfacet
  facet normal -0.987375 -0.158402 0
    outer loop
      vertex -163.111 -91.5435 0
      vertex -163.111 -91.5435 10
      vertex -163.123 -91.4687 10
    endloop
  endfacet
  facet normal -0.995973 0.0896514 0
    outer loop
      vertex -163.228 -92.8433 0
      vertex -163.111 -91.5435 10
      vertex -163.111 -91.5435 0
    endloop
  endfacet
  facet normal -0.995973 0.0896514 0
    outer loop
      vertex -163.228 -92.8433 0
      vertex -163.228 -92.8433 10
      vertex -163.111 -91.5435 10
    endloop
  endfacet
  facet normal -0.952779 -0.303665 0
    outer loop
      vertex -162.587 -94.8545 0
      vertex -163.228 -92.8433 10
      vertex -163.228 -92.8433 0
    endloop
  endfacet
  facet normal -0.952779 -0.303665 0
    outer loop
      vertex -162.587 -94.8545 0
      vertex -162.587 -94.8545 10
      vertex -163.228 -92.8433 10
    endloop
  endfacet
  facet normal -0.999318 -0.0369206 0
    outer loop
      vertex -162.584 -94.9357 0
      vertex -162.587 -94.8545 10
      vertex -162.587 -94.8545 0
    endloop
  endfacet
  facet normal -0.999318 -0.0369206 0
    outer loop
      vertex -162.584 -94.9357 0
      vertex -162.584 -94.9357 10
      vertex -162.587 -94.8545 10
    endloop
  endfacet
  facet normal -0.971188 0.238314 0
    outer loop
      vertex -162.984 -96.5658 0
      vertex -162.584 -94.9357 10
      vertex -162.584 -94.9357 0
    endloop
  endfacet
  facet normal -0.971188 0.238314 0
    outer loop
      vertex -162.984 -96.5658 0
      vertex -162.984 -96.5658 10
      vertex -162.584 -94.9357 10
    endloop
  endfacet
  facet normal -0.851057 0.525074 0
    outer loop
      vertex -163.032 -96.6436 0
      vertex -162.984 -96.5658 10
      vertex -162.984 -96.5658 0
    endloop
  endfacet
  facet normal -0.851057 0.525074 0
    outer loop
      vertex -163.032 -96.6436 0
      vertex -163.032 -96.6436 10
      vertex -162.984 -96.5658 10
    endloop
  endfacet
  facet normal -0.652715 0.757603 0
    outer loop
      vertex -163.573 -97.1097 0
      vertex -163.032 -96.6436 10
      vertex -163.032 -96.6436 0
    endloop
  endfacet
  facet normal -0.652715 0.757603 0
    outer loop
      vertex -163.573 -97.1097 0
      vertex -163.573 -97.1097 10
      vertex -163.032 -96.6436 10
    endloop
  endfacet
  facet normal -0.981468 0.191627 0
    outer loop
      vertex -164.216 -100.403 0
      vertex -163.573 -97.1097 10
      vertex -163.573 -97.1097 0
    endloop
  endfacet
  facet normal -0.981468 0.191627 0
    outer loop
      vertex -164.216 -100.403 0
      vertex -164.216 -100.403 10
      vertex -163.573 -97.1097 10
    endloop
  endfacet
  facet normal -0.958484 -0.285147 0
    outer loop
      vertex -163.895 -101.482 0
      vertex -164.216 -100.403 10
      vertex -164.216 -100.403 0
    endloop
  endfacet
  facet normal -0.958484 -0.285147 0
    outer loop
      vertex -163.895 -101.482 0
      vertex -163.895 -101.482 10
      vertex -164.216 -100.403 10
    endloop
  endfacet
  facet normal -0.42203 -0.906582 0
    outer loop
      vertex -163.547 -101.644 0
      vertex -163.895 -101.482 10
      vertex -163.895 -101.482 0
    endloop
  endfacet
  facet normal -0.42203 -0.906582 0
    outer loop
      vertex -163.547 -101.644 0
      vertex -163.547 -101.644 10
      vertex -163.895 -101.482 10
    endloop
  endfacet
  facet normal -0.94635 -0.323144 0
    outer loop
      vertex -163.477 -101.849 0
      vertex -163.547 -101.644 10
      vertex -163.547 -101.644 0
    endloop
  endfacet
  facet normal -0.94635 -0.323144 0
    outer loop
      vertex -163.477 -101.849 0
      vertex -163.477 -101.849 10
      vertex -163.547 -101.644 10
    endloop
  endfacet
  facet normal -0.886729 0.462289 0
    outer loop
      vertex -163.648 -102.177 0
      vertex -163.477 -101.849 10
      vertex -163.477 -101.849 0
    endloop
  endfacet
  facet normal -0.886729 0.462289 0
    outer loop
      vertex -163.648 -102.177 0
      vertex -163.648 -102.177 10
      vertex -163.477 -101.849 10
    endloop
  endfacet
  facet normal -0.341743 -0.939793 0
    outer loop
      vertex -163.582 -102.201 0
      vertex -163.648 -102.177 10
      vertex -163.648 -102.177 0
    endloop
  endfacet
  facet normal -0.341743 -0.939793 0
    outer loop
      vertex -163.582 -102.201 0
      vertex -163.582 -102.201 10
      vertex -163.648 -102.177 10
    endloop
  endfacet
  facet normal -0.0226006 -0.999745 0
    outer loop
      vertex -162.83 -102.218 0
      vertex -163.582 -102.201 10
      vertex -163.582 -102.201 0
    endloop
  endfacet
  facet normal -0.0226006 -0.999745 0
    outer loop
      vertex -162.83 -102.218 0
      vertex -162.83 -102.218 10
      vertex -163.582 -102.201 10
    endloop
  endfacet
  facet normal 0.777022 -0.629473 0
    outer loop
      vertex -162.237 -101.486 0
      vertex -162.83 -102.218 10
      vertex -162.83 -102.218 0
    endloop
  endfacet
  facet normal 0.777022 -0.629473 0
    outer loop
      vertex -162.237 -101.486 0
      vertex -162.237 -101.486 10
      vertex -162.83 -102.218 10
    endloop
  endfacet
  facet normal 0.18522 -0.982697 0
    outer loop
      vertex -162.046 -101.45 0
      vertex -162.237 -101.486 10
      vertex -162.237 -101.486 0
    endloop
  endfacet
  facet normal 0.18522 -0.982697 0
    outer loop
      vertex -162.046 -101.45 0
      vertex -162.046 -101.45 10
      vertex -162.237 -101.486 10
    endloop
  endfacet
  facet normal -0.49579 -0.868442 0
    outer loop
      vertex -161.242 -101.909 0
      vertex -162.046 -101.45 10
      vertex -162.046 -101.45 0
    endloop
  endfacet
  facet normal -0.49579 -0.868442 0
    outer loop
      vertex -161.242 -101.909 0
      vertex -161.242 -101.909 10
      vertex -162.046 -101.45 10
    endloop
  endfacet
  facet normal 0.751992 -0.659173 0
    outer loop
      vertex -160.823 -101.431 0
      vertex -161.242 -101.909 10
      vertex -161.242 -101.909 0
    endloop
  endfacet
  facet normal 0.751992 -0.659173 0
    outer loop
      vertex -160.823 -101.431 0
      vertex -160.823 -101.431 10
      vertex -161.242 -101.909 10
    endloop
  endfacet
  facet normal 0.221131 -0.975244 0
    outer loop
      vertex -160.651 -101.392 0
      vertex -160.823 -101.431 10
      vertex -160.823 -101.431 0
    endloop
  endfacet
  facet normal 0.221131 -0.975244 0
    outer loop
      vertex -160.651 -101.392 0
      vertex -160.651 -101.392 10
      vertex -160.823 -101.431 10
    endloop
  endfacet
  facet normal -0.884688 -0.466183 0
    outer loop
      vertex -160.563 -101.559 0
      vertex -160.651 -101.392 10
      vertex -160.651 -101.392 0
    endloop
  endfacet
  facet normal -0.884688 -0.466183 0
    outer loop
      vertex -160.563 -101.559 0
      vertex -160.563 -101.559 10
      vertex -160.651 -101.392 10
    endloop
  endfacet
  facet normal -0.980581 0.196116 0
    outer loop
      vertex -160.653 -102.009 0
      vertex -160.563 -101.559 10
      vertex -160.563 -101.559 0
    endloop
  endfacet
  facet normal -0.980581 0.196116 0
    outer loop
      vertex -160.653 -102.009 0
      vertex -160.653 -102.009 10
      vertex -160.563 -101.559 10
    endloop
  endfacet
  facet normal -0.77459 0.632464 0
    outer loop
      vertex -160.742 -102.118 0
      vertex -160.653 -102.009 10
      vertex -160.653 -102.009 0
    endloop
  endfacet
  facet normal -0.77459 0.632464 0
    outer loop
      vertex -160.742 -102.118 0
      vertex -160.742 -102.118 10
      vertex -160.653 -102.009 10
    endloop
  endfacet
  facet normal -0.385445 0.922731 0
    outer loop
      vertex -161.374 -102.382 0
      vertex -160.742 -102.118 10
      vertex -160.742 -102.118 0
    endloop
  endfacet
  facet normal -0.385445 0.922731 0
    outer loop
      vertex -161.374 -102.382 0
      vertex -161.374 -102.382 10
      vertex -160.742 -102.118 10
    endloop
  endfacet
  facet normal -0.806266 0.591554 0
    outer loop
      vertex -161.644 -102.75 0
      vertex -161.374 -102.382 10
      vertex -161.374 -102.382 0
    endloop
  endfacet
  facet normal -0.806266 0.591554 0
    outer loop
      vertex -161.644 -102.75 0
      vertex -161.644 -102.75 10
      vertex -161.374 -102.382 10
    endloop
  endfacet
  facet normal -0.807391 -0.590017 0
    outer loop
      vertex -161.568 -102.854 0
      vertex -161.644 -102.75 10
      vertex -161.644 -102.75 0
    endloop
  endfacet
  facet normal -0.807391 -0.590017 0
    outer loop
      vertex -161.568 -102.854 0
      vertex -161.568 -102.854 10
      vertex -161.644 -102.75 10
    endloop
  endfacet
  facet normal 0.0758436 -0.99712 0
    outer loop
      vertex -161.121 -102.82 0
      vertex -161.568 -102.854 10
      vertex -161.568 -102.854 0
    endloop
  endfacet
  facet normal 0.0758436 -0.99712 0
    outer loop
      vertex -161.121 -102.82 0
      vertex -161.121 -102.82 10
      vertex -161.568 -102.854 10
    endloop
  endfacet
  facet normal -0.624096 -0.781348 0
    outer loop
      vertex -160.962 -102.947 0
      vertex -161.121 -102.82 10
      vertex -161.121 -102.82 0
    endloop
  endfacet
  facet normal -0.624096 -0.781348 0
    outer loop
      vertex -160.962 -102.947 0
      vertex -160.962 -102.947 10
      vertex -161.121 -102.82 10
    endloop
  endfacet
  facet normal -0.988089 -0.153883 0
    outer loop
      vertex -160.772 -104.167 0
      vertex -160.962 -102.947 10
      vertex -160.962 -102.947 0
    endloop
  endfacet
  facet normal -0.988089 -0.153883 0
    outer loop
      vertex -160.772 -104.167 0
      vertex -160.772 -104.167 10
      vertex -160.962 -102.947 10
    endloop
  endfacet
  facet normal -0.890996 0.454011 0
    outer loop
      vertex -160.852 -104.324 0
      vertex -160.772 -104.167 10
      vertex -160.772 -104.167 0
    endloop
  endfacet
  facet normal -0.890996 0.454011 0
    outer loop
      vertex -160.852 -104.324 0
      vertex -160.852 -104.324 10
      vertex -160.772 -104.167 10
    endloop
  endfacet
  facet normal 0.198176 0.980167 0
    outer loop
      vertex -161.035 -104.287 0
      vertex -160.852 -104.324 10
      vertex -160.852 -104.324 0
    endloop
  endfacet
  facet normal 0.198176 0.980167 -0
    outer loop
      vertex -161.035 -104.287 0
      vertex -161.035 -104.287 10
      vertex -160.852 -104.324 10
    endloop
  endfacet
  facet normal 0.764911 0.644136 0
    outer loop
      vertex -161.435 -103.812 0
      vertex -161.035 -104.287 10
      vertex -161.035 -104.287 0
    endloop
  endfacet
  facet normal 0.764911 0.644136 -0
    outer loop
      vertex -161.435 -103.812 0
      vertex -161.435 -103.812 10
      vertex -161.035 -104.287 10
    endloop
  endfacet
  facet normal -0.487203 0.873289 0
    outer loop
      vertex -161.53 -103.865 0
      vertex -161.435 -103.812 10
      vertex -161.435 -103.812 0
    endloop
  endfacet
  facet normal -0.487203 0.873289 0
    outer loop
      vertex -161.53 -103.865 0
      vertex -161.53 -103.865 10
      vertex -161.435 -103.812 10
    endloop
  endfacet
  facet normal -0.921744 -0.387798 0
    outer loop
      vertex -161.262 -104.502 0
      vertex -161.53 -103.865 10
      vertex -161.53 -103.865 0
    endloop
  endfacet
  facet normal -0.921744 -0.387798 0
    outer loop
      vertex -161.262 -104.502 0
      vertex -161.262 -104.502 10
      vertex -161.53 -103.865 10
    endloop
  endfacet
  facet normal -0.973715 0.22777 0
    outer loop
      vertex -161.302 -104.673 0
      vertex -161.262 -104.502 10
      vertex -161.262 -104.502 0
    endloop
  endfacet
  facet normal -0.973715 0.22777 0
    outer loop
      vertex -161.302 -104.673 0
      vertex -161.302 -104.673 10
      vertex -161.262 -104.502 10
    endloop
  endfacet
  facet normal -0.326807 0.945091 0
    outer loop
      vertex -161.409 -104.71 0
      vertex -161.302 -104.673 10
      vertex -161.302 -104.673 0
    endloop
  endfacet
  facet normal -0.326807 0.945091 0
    outer loop
      vertex -161.409 -104.71 0
      vertex -161.409 -104.71 10
      vertex -161.302 -104.673 10
    endloop
  endfacet
  facet normal 0.0635965 0.997976 0
    outer loop
      vertex -161.613 -104.697 0
      vertex -161.409 -104.71 10
      vertex -161.409 -104.71 0
    endloop
  endfacet
  facet normal 0.0635965 0.997976 -0
    outer loop
      vertex -161.613 -104.697 0
      vertex -161.613 -104.697 10
      vertex -161.409 -104.71 10
    endloop
  endfacet
  facet normal -0.952393 0.304874 0
    outer loop
      vertex -161.726 -105.05 0
      vertex -161.613 -104.697 10
      vertex -161.613 -104.697 0
    endloop
  endfacet
  facet normal -0.952393 0.304874 0
    outer loop
      vertex -161.726 -105.05 0
      vertex -161.726 -105.05 10
      vertex -161.613 -104.697 10
    endloop
  endfacet
  facet normal -0.98436 -0.176168 0
    outer loop
      vertex -161.532 -106.134 0
      vertex -161.726 -105.05 10
      vertex -161.726 -105.05 0
    endloop
  endfacet
  facet normal -0.98436 -0.176168 0
    outer loop
      vertex -161.532 -106.134 0
      vertex -161.532 -106.134 10
      vertex -161.726 -105.05 10
    endloop
  endfacet
  facet normal -0.800549 0.599268 0
    outer loop
      vertex -161.663 -106.309 0
      vertex -161.532 -106.134 10
      vertex -161.532 -106.134 0
    endloop
  endfacet
  facet normal -0.800549 0.599268 0
    outer loop
      vertex -161.663 -106.309 0
      vertex -161.663 -106.309 10
      vertex -161.532 -106.134 10
    endloop
  endfacet
  facet normal -0.109289 0.99401 0
    outer loop
      vertex -161.854 -106.33 0
      vertex -161.663 -106.309 10
      vertex -161.663 -106.309 0
    endloop
  endfacet
  facet normal -0.109289 0.99401 0
    outer loop
      vertex -161.854 -106.33 0
      vertex -161.854 -106.33 10
      vertex -161.663 -106.309 10
    endloop
  endfacet
  facet normal -0.885688 0.464282 0
    outer loop
      vertex -162.233 -107.053 0
      vertex -161.854 -106.33 10
      vertex -161.854 -106.33 0
    endloop
  endfacet
  facet normal -0.885688 0.464282 0
    outer loop
      vertex -162.233 -107.053 0
      vertex -162.233 -107.053 10
      vertex -161.854 -106.33 10
    endloop
  endfacet
  facet normal -0.982203 -0.187823 0
    outer loop
      vertex -162.063 -107.942 0
      vertex -162.233 -107.053 10
      vertex -162.233 -107.053 0
    endloop
  endfacet
  facet normal -0.982203 -0.187823 0
    outer loop
      vertex -162.063 -107.942 0
      vertex -162.063 -107.942 10
      vertex -162.233 -107.053 10
    endloop
  endfacet
  facet normal -0.999874 0.015871 0
    outer loop
      vertex -162.064 -108.005 0
      vertex -162.063 -107.942 10
      vertex -162.063 -107.942 0
    endloop
  endfacet
  facet normal -0.999874 0.015871 0
    outer loop
      vertex -162.064 -108.005 0
      vertex -162.064 -108.005 10
      vertex -162.063 -107.942 10
    endloop
  endfacet
  facet normal -0.972511 0.232855 0
    outer loop
      vertex -162.234 -108.715 0
      vertex -162.064 -108.005 10
      vertex -162.064 -108.005 0
    endloop
  endfacet
  facet normal -0.972511 0.232855 0
    outer loop
      vertex -162.234 -108.715 0
      vertex -162.234 -108.715 10
      vertex -162.064 -108.005 10
    endloop
  endfacet
  facet normal -0.733761 0.679408 0
    outer loop
      vertex -162.334 -108.823 0
      vertex -162.234 -108.715 10
      vertex -162.234 -108.715 0
    endloop
  endfacet
  facet normal -0.733761 0.679408 0
    outer loop
      vertex -162.334 -108.823 0
      vertex -162.334 -108.823 10
      vertex -162.234 -108.715 10
    endloop
  endfacet
  facet normal -0.308128 0.951345 0
    outer loop
      vertex -162.581 -108.903 0
      vertex -162.334 -108.823 10
      vertex -162.334 -108.823 0
    endloop
  endfacet
  facet normal -0.308128 0.951345 0
    outer loop
      vertex -162.581 -108.903 0
      vertex -162.581 -108.903 10
      vertex -162.334 -108.823 10
    endloop
  endfacet
  facet normal -0.994251 0.107073 0
    outer loop
      vertex -162.651 -109.553 0
      vertex -162.581 -108.903 10
      vertex -162.581 -108.903 0
    endloop
  endfacet
  facet normal -0.994251 0.107073 0
    outer loop
      vertex -162.651 -109.553 0
      vertex -162.651 -109.553 10
      vertex -162.581 -108.903 10
    endloop
  endfacet
  facet normal -0.529389 -0.848379 0
    outer loop
      vertex -161.401 -110.333 0
      vertex -162.651 -109.553 10
      vertex -162.651 -109.553 0
    endloop
  endfacet
  facet normal -0.529389 -0.848379 0
    outer loop
      vertex -161.401 -110.333 0
      vertex -161.401 -110.333 10
      vertex -162.651 -109.553 10
    endloop
  endfacet
  facet normal -0.886469 -0.462789 0
    outer loop
      vertex -161.33 -110.469 0
      vertex -161.401 -110.333 10
      vertex -161.401 -110.333 0
    endloop
  endfacet
  facet normal -0.886469 -0.462789 0
    outer loop
      vertex -161.33 -110.469 0
      vertex -161.33 -110.469 10
      vertex -161.401 -110.333 10
    endloop
  endfacet
  facet normal -0.998131 0.0611101 0
    outer loop
      vertex -161.36 -110.959 0
      vertex -161.33 -110.469 10
      vertex -161.33 -110.469 0
    endloop
  endfacet
  facet normal -0.998131 0.0611101 0
    outer loop
      vertex -161.36 -110.959 0
      vertex -161.36 -110.959 10
      vertex -161.33 -110.469 10
    endloop
  endfacet
  facet normal -0.98387 0.178885 0
    outer loop
      vertex -161.366 -110.992 0
      vertex -161.36 -110.959 10
      vertex -161.36 -110.959 0
    endloop
  endfacet
  facet normal -0.98387 0.178885 0
    outer loop
      vertex -161.366 -110.992 0
      vertex -161.366 -110.992 10
      vertex -161.36 -110.959 10
    endloop
  endfacet
  facet normal -0.959018 0.283346 0
    outer loop
      vertex -161.496 -111.432 0
      vertex -161.366 -110.992 10
      vertex -161.366 -110.992 0
    endloop
  endfacet
  facet normal -0.959018 0.283346 0
    outer loop
      vertex -161.496 -111.432 0
      vertex -161.496 -111.432 10
      vertex -161.366 -110.992 10
    endloop
  endfacet
  facet normal -0.780869 0.624695 0
    outer loop
      vertex -161.568 -111.522 0
      vertex -161.496 -111.432 10
      vertex -161.496 -111.432 0
    endloop
  endfacet
  facet normal -0.780869 0.624695 0
    outer loop
      vertex -161.568 -111.522 0
      vertex -161.568 -111.522 10
      vertex -161.496 -111.432 10
    endloop
  endfacet
  facet normal -0.47936 0.877618 0
    outer loop
      vertex -162.899 -112.249 0
      vertex -161.568 -111.522 10
      vertex -161.568 -111.522 0
    endloop
  endfacet
  facet normal -0.47936 0.877618 0
    outer loop
      vertex -162.899 -112.249 0
      vertex -162.899 -112.249 10
      vertex -161.568 -111.522 10
    endloop
  endfacet
  facet normal -0.974085 0.226181 0
    outer loop
      vertex -162.974 -112.572 0
      vertex -162.899 -112.249 10
      vertex -162.899 -112.249 0
    endloop
  endfacet
  facet normal -0.974085 0.226181 0
    outer loop
      vertex -162.974 -112.572 0
      vertex -162.974 -112.572 10
      vertex -162.899 -112.249 10
    endloop
  endfacet
  facet normal -0.979286 0.202484 0
    outer loop
      vertex -163.029 -112.838 0
      vertex -162.974 -112.572 10
      vertex -162.974 -112.572 0
    endloop
  endfacet
  facet normal -0.979286 0.202484 0
    outer loop
      vertex -163.029 -112.838 0
      vertex -163.029 -112.838 10
      vertex -162.974 -112.572 10
    endloop
  endfacet
  facet normal -0.104192 -0.994557 0
    outer loop
      vertex -162.714 -112.871 0
      vertex -163.029 -112.838 10
      vertex -163.029 -112.838 0
    endloop
  endfacet
  facet normal -0.104192 -0.994557 0
    outer loop
      vertex -162.714 -112.871 0
      vertex -162.714 -112.871 10
      vertex -163.029 -112.838 10
    endloop
  endfacet
  facet normal -0.422321 -0.906446 0
    outer loop
      vertex -162.626 -112.912 0
      vertex -162.714 -112.871 10
      vertex -162.714 -112.871 0
    endloop
  endfacet
  facet normal -0.422321 -0.906446 0
    outer loop
      vertex -162.626 -112.912 0
      vertex -162.626 -112.912 10
      vertex -162.714 -112.871 10
    endloop
  endfacet
  facet normal -0.695973 -0.718068 0
    outer loop
      vertex -161.976 -113.542 0
      vertex -162.626 -112.912 10
      vertex -162.626 -112.912 0
    endloop
  endfacet
  facet normal -0.695973 -0.718068 0
    outer loop
      vertex -161.976 -113.542 0
      vertex -161.976 -113.542 10
      vertex -162.626 -112.912 10
    endloop
  endfacet
  facet normal -0.984497 -0.175399 0
    outer loop
      vertex -161.945 -113.716 0
      vertex -161.976 -113.542 10
      vertex -161.976 -113.542 0
    endloop
  endfacet
  facet normal -0.984497 -0.175399 0
    outer loop
      vertex -161.945 -113.716 0
      vertex -161.945 -113.716 10
      vertex -161.976 -113.542 10
    endloop
  endfacet
  facet normal -0.333318 0.942814 0
    outer loop
      vertex -162.143 -113.786 0
      vertex -161.945 -113.716 10
      vertex -161.945 -113.716 0
    endloop
  endfacet
  facet normal -0.333318 0.942814 0
    outer loop
      vertex -162.143 -113.786 0
      vertex -162.143 -113.786 10
      vertex -161.945 -113.716 10
    endloop
  endfacet
  facet normal 0.422581 0.906325 0
    outer loop
      vertex -162.795 -113.482 0
      vertex -162.143 -113.786 10
      vertex -162.143 -113.786 0
    endloop
  endfacet
  facet normal 0.422581 0.906325 -0
    outer loop
      vertex -162.795 -113.482 0
      vertex -162.795 -113.482 10
      vertex -162.143 -113.786 10
    endloop
  endfacet
  facet normal -0.573167 0.819438 0
    outer loop
      vertex -163.354 -113.873 0
      vertex -162.795 -113.482 10
      vertex -162.795 -113.482 0
    endloop
  endfacet
  facet normal -0.573167 0.819438 0
    outer loop
      vertex -163.354 -113.873 0
      vertex -163.354 -113.873 10
      vertex -162.795 -113.482 10
    endloop
  endfacet
  facet normal -0.27881 0.960346 0
    outer loop
      vertex -163.447 -113.9 0
      vertex -163.354 -113.873 10
      vertex -163.354 -113.873 0
    endloop
  endfacet
  facet normal -0.27881 0.960346 0
    outer loop
      vertex -163.447 -113.9 0
      vertex -163.447 -113.9 10
      vertex -163.354 -113.873 10
    endloop
  endfacet
  facet normal 0.0491828 0.99879 0
    outer loop
      vertex -163.711 -113.887 0
      vertex -163.447 -113.9 10
      vertex -163.447 -113.9 0
    endloop
  endfacet
  facet normal 0.0491828 0.99879 -0
    outer loop
      vertex -163.711 -113.887 0
      vertex -163.711 -113.887 10
      vertex -163.447 -113.9 10
    endloop
  endfacet
  facet normal -0.997615 0.0690174 0
    outer loop
      vertex -163.744 -114.364 0
      vertex -163.711 -113.887 10
      vertex -163.711 -113.887 0
    endloop
  endfacet
  facet normal -0.997615 0.0690174 0
    outer loop
      vertex -163.744 -114.364 0
      vertex -163.744 -114.364 10
      vertex -163.711 -113.887 10
    endloop
  endfacet
  facet normal -0.554031 -0.832496 0
    outer loop
      vertex -163.457 -114.555 0
      vertex -163.744 -114.364 10
      vertex -163.744 -114.364 0
    endloop
  endfacet
  facet normal -0.554031 -0.832496 0
    outer loop
      vertex -163.457 -114.555 0
      vertex -163.457 -114.555 10
      vertex -163.744 -114.364 10
    endloop
  endfacet
  facet normal -0.881375 -0.472417 0
    outer loop
      vertex -163.39 -114.68 0
      vertex -163.457 -114.555 10
      vertex -163.457 -114.555 0
    endloop
  endfacet
  facet normal -0.881375 -0.472417 0
    outer loop
      vertex -163.39 -114.68 0
      vertex -163.39 -114.68 10
      vertex -163.457 -114.555 10
    endloop
  endfacet
  facet normal -1 0 0
    outer loop
      vertex -163.39 -115.07 0
      vertex -163.39 -114.68 10
      vertex -163.39 -114.68 0
    endloop
  endfacet
  facet normal -1 0 0
    outer loop
      vertex -163.39 -115.07 0
      vertex -163.39 -115.07 10
      vertex -163.39 -114.68 10
    endloop
  endfacet
  facet normal -0.99846 0.05547 0
    outer loop
      vertex -163.391 -115.088 0
      vertex -163.39 -115.07 10
      vertex -163.39 -115.07 0
    endloop
  endfacet
  facet normal -0.99846 0.05547 0
    outer loop
      vertex -163.391 -115.088 0
      vertex -163.391 -115.088 10
      vertex -163.39 -115.07 10
    endloop
  endfacet
  facet normal -0.993097 0.117295 0
    outer loop
      vertex -163.541 -116.358 0
      vertex -163.391 -115.088 10
      vertex -163.391 -115.088 0
    endloop
  endfacet
  facet normal -0.993097 0.117295 0
    outer loop
      vertex -163.541 -116.358 0
      vertex -163.541 -116.358 10
      vertex -163.391 -115.088 10
    endloop
  endfacet
  facet normal -0.962309 0.271957 0
    outer loop
      vertex -163.554 -116.404 0
      vertex -163.541 -116.358 10
      vertex -163.541 -116.358 0
    endloop
  endfacet
  facet normal -0.962309 0.271957 0
    outer loop
      vertex -163.554 -116.404 0
      vertex -163.554 -116.404 10
      vertex -163.541 -116.358 10
    endloop
  endfacet
  facet normal -0.904583 0.426298 0
    outer loop
      vertex -163.964 -117.274 0
      vertex -163.554 -116.404 10
      vertex -163.554 -116.404 0
    endloop
  endfacet
  facet normal -0.904583 0.426298 0
    outer loop
      vertex -163.964 -117.274 0
      vertex -163.964 -117.274 10
      vertex -163.554 -116.404 10
    endloop
  endfacet
  facet normal -0.333065 0.942904 0
    outer loop
      vertex -164.165 -117.345 0
      vertex -163.964 -117.274 10
      vertex -163.964 -117.274 0
    endloop
  endfacet
  facet normal -0.333065 0.942904 0
    outer loop
      vertex -164.165 -117.345 0
      vertex -164.165 -117.345 10
      vertex -163.964 -117.274 10
    endloop
  endfacet
  facet normal 0.431455 0.902134 0
    outer loop
      vertex -164.395 -117.235 0
      vertex -164.165 -117.345 10
      vertex -164.165 -117.345 0
    endloop
  endfacet
  facet normal 0.431455 0.902134 -0
    outer loop
      vertex -164.395 -117.235 0
      vertex -164.395 -117.235 10
      vertex -164.165 -117.345 10
    endloop
  endfacet
  facet normal 0.925705 0.378245 0
    outer loop
      vertex -164.471 -117.049 0
      vertex -164.395 -117.235 10
      vertex -164.395 -117.235 0
    endloop
  endfacet
  facet normal 0.925705 0.378245 -0
    outer loop
      vertex -164.471 -117.049 0
      vertex -164.471 -117.049 10
      vertex -164.395 -117.235 10
    endloop
  endfacet
  facet normal 0.941507 -0.336994 0
    outer loop
      vertex -163.952 -115.599 0
      vertex -164.471 -117.049 10
      vertex -164.471 -117.049 0
    endloop
  endfacet
  facet normal 0.941507 -0.336994 0
    outer loop
      vertex -163.952 -115.599 0
      vertex -163.952 -115.599 10
      vertex -164.471 -117.049 10
    endloop
  endfacet
  facet normal 0.997459 0.071247 0
    outer loop
      vertex -163.995 -114.997 0
      vertex -163.952 -115.599 10
      vertex -163.952 -115.599 0
    endloop
  endfacet
  facet normal 0.997459 0.071247 -0
    outer loop
      vertex -163.995 -114.997 0
      vertex -163.995 -114.997 10
      vertex -163.952 -115.599 10
    endloop
  endfacet
  facet normal -0.33501 0.942215 0
    outer loop
      vertex -164.04 -115.013 0
      vertex -163.995 -114.997 10
      vertex -163.995 -114.997 0
    endloop
  endfacet
  facet normal -0.33501 0.942215 0
    outer loop
      vertex -164.04 -115.013 0
      vertex -164.04 -115.013 10
      vertex -163.995 -114.997 10
    endloop
  endfacet
  facet normal -0.979817 0.199896 0
    outer loop
      vertex -164.223 -115.91 0
      vertex -164.04 -115.013 10
      vertex -164.04 -115.013 0
    endloop
  endfacet
  facet normal -0.979817 0.199896 0
    outer loop
      vertex -164.223 -115.91 0
      vertex -164.223 -115.91 10
      vertex -164.04 -115.013 10
    endloop
  endfacet
  facet normal -0.855732 0.517419 0
    outer loop
      vertex -164.275 -115.996 0
      vertex -164.223 -115.91 10
      vertex -164.223 -115.91 0
    endloop
  endfacet
  facet normal -0.855732 0.517419 0
    outer loop
      vertex -164.275 -115.996 0
      vertex -164.275 -115.996 10
      vertex -164.223 -115.91 10
    endloop
  endfacet
  facet normal -0.631673 0.775235 0
    outer loop
      vertex -164.545 -116.216 0
      vertex -164.275 -115.996 10
      vertex -164.275 -115.996 0
    endloop
  endfacet
  facet normal -0.631673 0.775235 0
    outer loop
      vertex -164.545 -116.216 0
      vertex -164.545 -116.216 10
      vertex -164.275 -115.996 10
    endloop
  endfacet
  facet normal -0.330784 0.943707 0
    outer loop
      vertex -164.642 -116.25 0
      vertex -164.545 -116.216 10
      vertex -164.545 -116.216 0
    endloop
  endfacet
  facet normal -0.330784 0.943707 0
    outer loop
      vertex -164.642 -116.25 0
      vertex -164.642 -116.25 10
      vertex -164.545 -116.216 10
    endloop
  endfacet
  facet normal 0.0147043 0.999892 0
    outer loop
      vertex -165.322 -116.24 0
      vertex -164.642 -116.25 10
      vertex -164.642 -116.25 0
    endloop
  endfacet
  facet normal 0.0147043 0.999892 -0
    outer loop
      vertex -165.322 -116.24 0
      vertex -165.322 -116.24 10
      vertex -164.642 -116.25 10
    endloop
  endfacet
  facet normal 0.600907 0.799319 0
    outer loop
      vertex -165.463 -116.134 0
      vertex -165.322 -116.24 10
      vertex -165.322 -116.24 0
    endloop
  endfacet
  facet normal 0.600907 0.799319 -0
    outer loop
      vertex -165.463 -116.134 0
      vertex -165.463 -116.134 10
      vertex -165.322 -116.24 10
    endloop
  endfacet
  facet normal 0.938343 -0.345705 0
    outer loop
      vertex -165.4 -115.963 0
      vertex -165.463 -116.134 10
      vertex -165.463 -116.134 0
    endloop
  endfacet
  facet normal 0.938343 -0.345705 0
    outer loop
      vertex -165.4 -115.963 0
      vertex -165.4 -115.963 10
      vertex -165.463 -116.134 10
    endloop
  endfacet
  facet normal 0.531135 -0.847287 0
    outer loop
      vertex -164.663 -115.501 0
      vertex -165.4 -115.963 10
      vertex -165.4 -115.963 0
    endloop
  endfacet
  facet normal 0.531135 -0.847287 0
    outer loop
      vertex -164.663 -115.501 0
      vertex -164.663 -115.501 10
      vertex -165.4 -115.963 10
    endloop
  endfacet
  facet normal 0.969201 0.246272 0
    outer loop
      vertex -164.725 -115.257 0
      vertex -164.663 -115.501 10
      vertex -164.663 -115.501 0
    endloop
  endfacet
  facet normal 0.969201 0.246272 -0
    outer loop
      vertex -164.725 -115.257 0
      vertex -164.725 -115.257 10
      vertex -164.663 -115.501 10
    endloop
  endfacet
  facet normal 0.999717 -0.0238028 0
    outer loop
      vertex -164.723 -115.173 0
      vertex -164.725 -115.257 10
      vertex -164.725 -115.257 0
    endloop
  endfacet
  facet normal 0.999717 -0.0238028 0
    outer loop
      vertex -164.723 -115.173 0
      vertex -164.723 -115.173 10
      vertex -164.725 -115.257 10
    endloop
  endfacet
  facet normal 0.950425 -0.310954 0
    outer loop
      vertex -164.245 -113.712 0
      vertex -164.723 -115.173 10
      vertex -164.723 -115.173 0
    endloop
  endfacet
  facet normal 0.950425 -0.310954 0
    outer loop
      vertex -164.245 -113.712 0
      vertex -164.245 -113.712 10
      vertex -164.723 -115.173 10
    endloop
  endfacet
  facet normal 0.412168 0.911108 0
    outer loop
      vertex -164.329 -113.674 0
      vertex -164.245 -113.712 10
      vertex -164.245 -113.712 0
    endloop
  endfacet
  facet normal 0.412168 0.911108 -0
    outer loop
      vertex -164.329 -113.674 0
      vertex -164.329 -113.674 10
      vertex -164.245 -113.712 10
    endloop
  endfacet
  facet normal -0.616137 0.787639 0
    outer loop
      vertex -164.577 -113.868 0
      vertex -164.329 -113.674 10
      vertex -164.329 -113.674 0
    endloop
  endfacet
  facet normal -0.616137 0.787639 0
    outer loop
      vertex -164.577 -113.868 0
      vertex -164.577 -113.868 10
      vertex -164.329 -113.674 10
    endloop
  endfacet
  facet normal -0.995707 0.0925657 0
    outer loop
      vertex -164.651 -114.664 0
      vertex -164.577 -113.868 10
      vertex -164.577 -113.868 0
    endloop
  endfacet
  facet normal -0.995707 0.0925657 0
    outer loop
      vertex -164.651 -114.664 0
      vertex -164.651 -114.664 10
      vertex -164.577 -113.868 10
    endloop
  endfacet
  facet normal -0.733963 0.67919 0
    outer loop
      vertex -164.775 -114.798 0
      vertex -164.651 -114.664 10
      vertex -164.651 -114.664 0
    endloop
  endfacet
  facet normal -0.733963 0.67919 0
    outer loop
      vertex -164.775 -114.798 0
      vertex -164.775 -114.798 10
      vertex -164.651 -114.664 10
    endloop
  endfacet
  facet normal -0.166851 0.985982 0
    outer loop
      vertex -166.666 -115.118 0
      vertex -164.775 -114.798 10
      vertex -164.775 -114.798 0
    endloop
  endfacet
  facet normal -0.166851 0.985982 0
    outer loop
      vertex -166.666 -115.118 0
      vertex -166.666 -115.118 10
      vertex -164.775 -114.798 10
    endloop
  endfacet
  facet normal -0.998752 0.0499376 0
    outer loop
      vertex -166.678 -115.358 0
      vertex -166.666 -115.118 10
      vertex -166.666 -115.118 0
    endloop
  endfacet
  facet normal -0.998752 0.0499376 0
    outer loop
      vertex -166.678 -115.358 0
      vertex -166.678 -115.358 10
      vertex -166.666 -115.118 10
    endloop
  endfacet
  facet normal -0.834559 -0.550918 0
    outer loop
      vertex -166.375 -115.817 0
      vertex -166.678 -115.358 10
      vertex -166.678 -115.358 0
    endloop
  endfacet
  facet normal -0.834559 -0.550918 0
    outer loop
      vertex -166.375 -115.817 0
      vertex -166.375 -115.817 10
      vertex -166.678 -115.358 10
    endloop
  endfacet
  facet normal -0.995448 0.0953088 0
    outer loop
      vertex -166.393 -116.005 0
      vertex -166.375 -115.817 10
      vertex -166.375 -115.817 0
    endloop
  endfacet
  facet normal -0.995448 0.0953088 0
    outer loop
      vertex -166.393 -116.005 0
      vertex -166.393 -116.005 10
      vertex -166.375 -115.817 10
    endloop
  endfacet
  facet normal -0.711278 0.70291 0
    outer loop
      vertex -167.821 -117.45 0
      vertex -166.393 -116.005 10
      vertex -166.393 -116.005 0
    endloop
  endfacet
  facet normal -0.711278 0.70291 0
    outer loop
      vertex -167.821 -117.45 0
      vertex -167.821 -117.45 10
      vertex -166.393 -116.005 10
    endloop
  endfacet
  facet normal 0.435665 -0.900109 0
    outer loop
      vertex -166.695 -116.905 0
      vertex -167.821 -117.45 10
      vertex -167.821 -117.45 0
    endloop
  endfacet
  facet normal 0.435665 -0.900109 0
    outer loop
      vertex -166.695 -116.905 0
      vertex -166.695 -116.905 10
      vertex -167.821 -117.45 10
    endloop
  endfacet
  facet normal -0.176381 -0.984322 0
    outer loop
      vertex -166.522 -116.936 0
      vertex -166.695 -116.905 10
      vertex -166.695 -116.905 0
    endloop
  endfacet
  facet normal -0.176381 -0.984322 0
    outer loop
      vertex -166.522 -116.936 0
      vertex -166.522 -116.936 10
      vertex -166.695 -116.905 10
    endloop
  endfacet
  facet normal -0.938343 -0.345705 0
    outer loop
      vertex -166.48 -117.05 0
      vertex -166.522 -116.936 10
      vertex -166.522 -116.936 0
    endloop
  endfacet
  facet normal -0.938343 -0.345705 0
    outer loop
      vertex -166.48 -117.05 0
      vertex -166.48 -117.05 10
      vertex -166.522 -116.936 10
    endloop
  endfacet
  facet normal -0.997708 0.0676679 0
    outer loop
      vertex -166.523 -117.684 0
      vertex -166.48 -117.05 10
      vertex -166.48 -117.05 0
    endloop
  endfacet
  facet normal -0.997708 0.0676679 0
    outer loop
      vertex -166.523 -117.684 0
      vertex -166.523 -117.684 10
      vertex -166.48 -117.05 10
    endloop
  endfacet
  facet normal -0.392877 -0.919591 0
    outer loop
      vertex -165.671 -118.048 0
      vertex -166.523 -117.684 10
      vertex -166.523 -117.684 0
    endloop
  endfacet
  facet normal -0.392877 -0.919591 0
    outer loop
      vertex -165.671 -118.048 0
      vertex -165.671 -118.048 10
      vertex -166.523 -117.684 10
    endloop
  endfacet
  facet normal 0.947874 -0.318647 0
    outer loop
      vertex -165.592 -117.813 0
      vertex -165.671 -118.048 10
      vertex -165.671 -118.048 0
    endloop
  endfacet
  facet normal 0.947874 -0.318647 0
    outer loop
      vertex -165.592 -117.813 0
      vertex -165.592 -117.813 10
      vertex -165.671 -118.048 10
    endloop
  endfacet
  facet normal 0.492385 -0.870378 0
    outer loop
      vertex -165.417 -117.714 0
      vertex -165.592 -117.813 10
      vertex -165.592 -117.813 0
    endloop
  endfacet
  facet normal 0.492385 -0.870378 0
    outer loop
      vertex -165.417 -117.714 0
      vertex -165.417 -117.714 10
      vertex -165.592 -117.813 10
    endloop
  endfacet
  facet normal -0.220261 -0.975441 0
    outer loop
      vertex -165.107 -117.784 0
      vertex -165.417 -117.714 10
      vertex -165.417 -117.714 0
    endloop
  endfacet
  facet normal -0.220261 -0.975441 0
    outer loop
      vertex -165.107 -117.784 0
      vertex -165.107 -117.784 10
      vertex -165.417 -117.714 10
    endloop
  endfacet
  facet normal -0.589172 -0.808008 0
    outer loop
      vertex -165.011 -117.854 0
      vertex -165.107 -117.784 10
      vertex -165.107 -117.784 0
    endloop
  endfacet
  facet normal -0.589172 -0.808008 0
    outer loop
      vertex -165.011 -117.854 0
      vertex -165.011 -117.854 10
      vertex -165.107 -117.784 10
    endloop
  endfacet
  facet normal -0.861207 -0.508254 0
    outer loop
      vertex -164.651 -118.464 0
      vertex -165.011 -117.854 10
      vertex -165.011 -117.854 0
    endloop
  endfacet
  facet normal -0.861207 -0.508254 0
    outer loop
      vertex -164.651 -118.464 0
      vertex -164.651 -118.464 10
      vertex -165.011 -117.854 10
    endloop
  endfacet
  facet normal -0.967231 -0.253898 0
    outer loop
      vertex -164.63 -118.544 0
      vertex -164.651 -118.464 10
      vertex -164.651 -118.464 0
    endloop
  endfacet
  facet normal -0.967231 -0.253898 0
    outer loop
      vertex -164.63 -118.544 0
      vertex -164.63 -118.544 10
      vertex -164.651 -118.464 10
    endloop
  endfacet
  facet normal -0.999555 0.0298375 0
    outer loop
      vertex -164.65 -119.214 0
      vertex -164.63 -118.544 10
      vertex -164.63 -118.544 0
    endloop
  endfacet
  facet normal -0.999555 0.0298375 0
    outer loop
      vertex -164.65 -119.214 0
      vertex -164.65 -119.214 10
      vertex -164.63 -118.544 10
    endloop
  endfacet
  facet normal -0.93182 0.36292 0
    outer loop
      vertex -164.687 -119.309 0
      vertex -164.65 -119.214 10
      vertex -164.65 -119.214 0
    endloop
  endfacet
  facet normal -0.93182 0.36292 0
    outer loop
      vertex -164.687 -119.309 0
      vertex -164.687 -119.309 10
      vertex -164.65 -119.214 10
    endloop
  endfacet
  facet normal -0.751296 0.659966 0
    outer loop
      vertex -165.294 -120 0
      vertex -164.687 -119.309 10
      vertex -164.687 -119.309 0
    endloop
  endfacet
  facet normal -0.751296 0.659966 0
    outer loop
      vertex -165.294 -120 0
      vertex -165.294 -120 10
      vertex -164.687 -119.309 10
    endloop
  endfacet
  facet normal -0.555002 -0.831849 0
    outer loop
      vertex -164.657 -120.425 0
      vertex -165.294 -120 10
      vertex -165.294 -120 0
    endloop
  endfacet
  facet normal -0.555002 -0.831849 0
    outer loop
      vertex -164.657 -120.425 0
      vertex -164.657 -120.425 10
      vertex -165.294 -120 10
    endloop
  endfacet
  facet normal -0.988162 -0.153413 0
    outer loop
      vertex -164.623 -120.644 0
      vertex -164.657 -120.425 10
      vertex -164.657 -120.425 0
    endloop
  endfacet
  facet normal -0.988162 -0.153413 0
    outer loop
      vertex -164.623 -120.644 0
      vertex -164.623 -120.644 10
      vertex -164.657 -120.425 10
    endloop
  endfacet
  facet normal -0.780869 0.624695 0
    outer loop
      vertex -164.863 -120.944 0
      vertex -164.623 -120.644 10
      vertex -164.623 -120.644 0
    endloop
  endfacet
  facet normal -0.780869 0.624695 0
    outer loop
      vertex -164.863 -120.944 0
      vertex -164.863 -120.944 10
      vertex -164.623 -120.644 10
    endloop
  endfacet
  facet normal -0.18522 0.982697 0
    outer loop
      vertex -165.054 -120.98 0
      vertex -164.863 -120.944 10
      vertex -164.863 -120.944 0
    endloop
  endfacet
  facet normal -0.18522 0.982697 0
    outer loop
      vertex -165.054 -120.98 0
      vertex -165.054 -120.98 10
      vertex -164.863 -120.944 10
    endloop
  endfacet
  facet normal 0.494351 0.869262 0
    outer loop
      vertex -165.578 -120.682 0
      vertex -165.054 -120.98 10
      vertex -165.054 -120.98 0
    endloop
  endfacet
  facet normal 0.494351 0.869262 -0
    outer loop
      vertex -165.578 -120.682 0
      vertex -165.578 -120.682 10
      vertex -165.054 -120.98 10
    endloop
  endfacet
  facet normal -0.852486 0.522751 0
    outer loop
      vertex -165.708 -120.894 0
      vertex -165.578 -120.682 10
      vertex -165.578 -120.682 0
    endloop
  endfacet
  facet normal -0.852486 0.522751 0
    outer loop
      vertex -165.708 -120.894 0
      vertex -165.708 -120.894 10
      vertex -165.578 -120.682 10
    endloop
  endfacet
  facet normal -0.684032 -0.729452 0
    outer loop
      vertex -164.905 -121.647 0
      vertex -165.708 -120.894 10
      vertex -165.708 -120.894 0
    endloop
  endfacet
  facet normal -0.684032 -0.729452 0
    outer loop
      vertex -164.905 -121.647 0
      vertex -164.905 -121.647 10
      vertex -165.708 -120.894 10
    endloop
  endfacet
  facet normal 0.214224 -0.976784 0
    outer loop
      vertex -164.408 -121.538 0
      vertex -164.905 -121.647 10
      vertex -164.905 -121.647 0
    endloop
  endfacet
  facet normal 0.214224 -0.976784 0
    outer loop
      vertex -164.408 -121.538 0
      vertex -164.408 -121.538 10
      vertex -164.905 -121.647 10
    endloop
  endfacet
  facet normal 0.874255 -0.485466 0
    outer loop
      vertex -163.941 -120.697 0
      vertex -164.408 -121.538 10
      vertex -164.408 -121.538 0
    endloop
  endfacet
  facet normal 0.874255 -0.485466 0
    outer loop
      vertex -163.941 -120.697 0
      vertex -163.941 -120.697 10
      vertex -164.408 -121.538 10
    endloop
  endfacet
  facet normal 0.419778 -0.907627 0
    outer loop
      vertex -163.781 -120.623 0
      vertex -163.941 -120.697 10
      vertex -163.941 -120.697 0
    endloop
  endfacet
  facet normal 0.419778 -0.907627 0
    outer loop
      vertex -163.781 -120.623 0
      vertex -163.781 -120.623 10
      vertex -163.941 -120.697 10
    endloop
  endfacet
  facet normal -0.704091 -0.710109 0
    outer loop
      vertex -163.663 -120.74 0
      vertex -163.781 -120.623 10
      vertex -163.781 -120.623 0
    endloop
  endfacet
  facet normal -0.704091 -0.710109 0
    outer loop
      vertex -163.663 -120.74 0
      vertex -163.663 -120.74 10
      vertex -163.781 -120.623 10
    endloop
  endfacet
  facet normal -0.979589 -0.201011 0
    outer loop
      vertex -163.442 -121.817 0
      vertex -163.663 -120.74 10
      vertex -163.663 -120.74 0
    endloop
  endfacet
  facet normal -0.979589 -0.201011 0
    outer loop
      vertex -163.442 -121.817 0
      vertex -163.442 -121.817 10
      vertex -163.663 -120.74 10
    endloop
  endfacet
  facet normal -0.713938 -0.700209 0
    outer loop
      vertex -162.983 -122.285 0
      vertex -163.442 -121.817 10
      vertex -163.442 -121.817 0
    endloop
  endfacet
  facet normal -0.713938 -0.700209 0
    outer loop
      vertex -162.983 -122.285 0
      vertex -162.983 -122.285 10
      vertex -163.442 -121.817 10
    endloop
  endfacet
  facet normal -0.990856 0.134925 0
    outer loop
      vertex -163.015 -122.52 0
      vertex -162.983 -122.285 10
      vertex -162.983 -122.285 0
    endloop
  endfacet
  facet normal -0.990856 0.134925 0
    outer loop
      vertex -163.015 -122.52 0
      vertex -163.015 -122.52 10
      vertex -162.983 -122.285 10
    endloop
  endfacet
  facet normal -0.502136 0.864789 0
    outer loop
      vertex -163.325 -122.7 0
      vertex -163.015 -122.52 10
      vertex -163.015 -122.52 0
    endloop
  endfacet
  facet normal -0.502136 0.864789 0
    outer loop
      vertex -163.325 -122.7 0
      vertex -163.325 -122.7 10
      vertex -163.015 -122.52 10
    endloop
  endfacet
  facet normal 0.0490207 0.998798 0
    outer loop
      vertex -163.488 -122.692 0
      vertex -163.325 -122.7 10
      vertex -163.325 -122.7 0
    endloop
  endfacet
  facet normal 0.0490207 0.998798 -0
    outer loop
      vertex -163.488 -122.692 0
      vertex -163.488 -122.692 10
      vertex -163.325 -122.7 10
    endloop
  endfacet
  facet normal 0.585922 0.810368 0
    outer loop
      vertex -164.174 -122.196 0
      vertex -163.488 -122.692 10
      vertex -163.488 -122.692 0
    endloop
  endfacet
  facet normal 0.585922 0.810368 -0
    outer loop
      vertex -164.174 -122.196 0
      vertex -164.174 -122.196 10
      vertex -163.488 -122.692 10
    endloop
  endfacet
  facet normal 0.0860725 0.996289 0
    outer loop
      vertex -165.563 -122.076 0
      vertex -164.174 -122.196 10
      vertex -164.174 -122.196 0
    endloop
  endfacet
  facet normal 0.0860725 0.996289 -0
    outer loop
      vertex -165.563 -122.076 0
      vertex -165.563 -122.076 10
      vertex -164.174 -122.196 10
    endloop
  endfacet
  facet normal -0.988186 -0.153257 0
    outer loop
      vertex -165.371 -123.314 0
      vertex -165.563 -122.076 10
      vertex -165.563 -122.076 0
    endloop
  endfacet
  facet normal -0.988186 -0.153257 0
    outer loop
      vertex -165.371 -123.314 0
      vertex -165.371 -123.314 10
      vertex -165.563 -122.076 10
    endloop
  endfacet
  facet normal -0.0284038 -0.999597 0
    outer loop
      vertex -164.456 -123.34 0
      vertex -165.371 -123.314 10
      vertex -165.371 -123.314 0
    endloop
  endfacet
  facet normal -0.0284038 -0.999597 0
    outer loop
      vertex -164.456 -123.34 0
      vertex -164.456 -123.34 10
      vertex -165.371 -123.314 10
    endloop
  endfacet
  facet normal -0.610803 -0.791782 0
    outer loop
      vertex -164.316 -123.448 0
      vertex -164.456 -123.34 10
      vertex -164.456 -123.34 0
    endloop
  endfacet
  facet normal -0.610803 -0.791782 0
    outer loop
      vertex -164.316 -123.448 0
      vertex -164.316 -123.448 10
      vertex -164.456 -123.34 10
    endloop
  endfacet
  facet normal -0.92512 0.379674 0
    outer loop
      vertex -164.387 -123.621 0
      vertex -164.316 -123.448 10
      vertex -164.316 -123.448 0
    endloop
  endfacet
  facet normal -0.92512 0.379674 0
    outer loop
      vertex -164.387 -123.621 0
      vertex -164.387 -123.621 10
      vertex -164.316 -123.448 10
    endloop
  endfacet
  facet normal -0.48419 0.874963 0
    outer loop
      vertex -165.052 -123.989 0
      vertex -164.387 -123.621 10
      vertex -164.387 -123.621 0
    endloop
  endfacet
  facet normal -0.48419 0.874963 0
    outer loop
      vertex -165.052 -123.989 0
      vertex -165.052 -123.989 10
      vertex -164.387 -123.621 10
    endloop
  endfacet
  facet normal -0.999755 0.0221391 0
    outer loop
      vertex -165.109 -126.563 0
      vertex -165.052 -123.989 10
      vertex -165.052 -123.989 0
    endloop
  endfacet
  facet normal -0.999755 0.0221391 0
    outer loop
      vertex -165.109 -126.563 0
      vertex -165.109 -126.563 10
      vertex -165.052 -123.989 10
    endloop
  endfacet
  facet normal -0.738641 -0.674099 0
    outer loop
      vertex -165.015 -126.666 0
      vertex -165.109 -126.563 10
      vertex -165.109 -126.563 0
    endloop
  endfacet
  facet normal -0.738641 -0.674099 0
    outer loop
      vertex -165.015 -126.666 0
      vertex -165.015 -126.666 10
      vertex -165.109 -126.563 10
    endloop
  endfacet
  facet normal 0.966424 -0.256952 0
    outer loop
      vertex -164.655 -125.312 0
      vertex -165.015 -126.666 10
      vertex -165.015 -126.666 0
    endloop
  endfacet
  facet normal 0.966424 -0.256952 0
    outer loop
      vertex -164.655 -125.312 0
      vertex -164.655 -125.312 10
      vertex -165.015 -126.666 10
    endloop
  endfacet
  facet normal 0.646464 -0.762944 0
    outer loop
      vertex -164.524 -125.201 0
      vertex -164.655 -125.312 10
      vertex -164.655 -125.312 0
    endloop
  endfacet
  facet normal 0.646464 -0.762944 0
    outer loop
      vertex -164.524 -125.201 0
      vertex -164.524 -125.201 10
      vertex -164.655 -125.312 10
    endloop
  endfacet
  facet normal 0.0948091 -0.995495 0
    outer loop
      vertex -164.314 -125.181 0
      vertex -164.524 -125.201 10
      vertex -164.524 -125.201 0
    endloop
  endfacet
  facet normal 0.0948091 -0.995495 0
    outer loop
      vertex -164.314 -125.181 0
      vertex -164.314 -125.181 10
      vertex -164.524 -125.201 10
    endloop
  endfacet
  facet normal -0.505282 -0.862954 0
    outer loop
      vertex -164.162 -125.27 0
      vertex -164.314 -125.181 10
      vertex -164.314 -125.181 0
    endloop
  endfacet
  facet normal -0.505282 -0.862954 0
    outer loop
      vertex -164.162 -125.27 0
      vertex -164.162 -125.27 10
      vertex -164.314 -125.181 10
    endloop
  endfacet
  facet normal -0.997406 -0.0719778 0
    outer loop
      vertex -164.155 -125.367 0
      vertex -164.162 -125.27 10
      vertex -164.162 -125.27 0
    endloop
  endfacet
  facet normal -0.997406 -0.0719778 0
    outer loop
      vertex -164.155 -125.367 0
      vertex -164.155 -125.367 10
      vertex -164.162 -125.27 10
    endloop
  endfacet
  facet normal -0.96975 0.244102 0
    outer loop
      vertex -164.485 -126.678 0
      vertex -164.155 -125.367 10
      vertex -164.155 -125.367 0
    endloop
  endfacet
  facet normal -0.96975 0.244102 0
    outer loop
      vertex -164.485 -126.678 0
      vertex -164.485 -126.678 10
      vertex -164.155 -125.367 10
    endloop
  endfacet
  facet normal -0.736062 -0.676914 0
    outer loop
      vertex -163.97 -127.238 0
      vertex -164.485 -126.678 10
      vertex -164.485 -126.678 0
    endloop
  endfacet
  facet normal -0.736062 -0.676914 0
    outer loop
      vertex -163.97 -127.238 0
      vertex -163.97 -127.238 10
      vertex -164.485 -126.678 10
    endloop
  endfacet
  facet normal -0.992957 -0.118478 0
    outer loop
      vertex -163.949 -127.414 0
      vertex -163.97 -127.238 10
      vertex -163.97 -127.238 0
    endloop
  endfacet
  facet normal -0.992957 -0.118478 0
    outer loop
      vertex -163.949 -127.414 0
      vertex -163.949 -127.414 10
      vertex -163.97 -127.238 10
    endloop
  endfacet
  facet normal -0.363208 0.931708 0
    outer loop
      vertex -164.126 -127.483 0
      vertex -163.949 -127.414 10
      vertex -163.949 -127.414 0
    endloop
  endfacet
  facet normal -0.363208 0.931708 0
    outer loop
      vertex -164.126 -127.483 0
      vertex -164.126 -127.483 10
      vertex -163.949 -127.414 10
    endloop
  endfacet
  facet normal 0.307726 0.951475 0
    outer loop
      vertex -164.664 -127.309 0
      vertex -164.126 -127.483 10
      vertex -164.126 -127.483 0
    endloop
  endfacet
  facet normal 0.307726 0.951475 -0
    outer loop
      vertex -164.664 -127.309 0
      vertex -164.664 -127.309 10
      vertex -164.126 -127.483 10
    endloop
  endfacet
  facet normal -0.377502 0.926009 0
    outer loop
      vertex -164.951 -127.426 0
      vertex -164.664 -127.309 10
      vertex -164.664 -127.309 0
    endloop
  endfacet
  facet normal -0.377502 0.926009 0
    outer loop
      vertex -164.951 -127.426 0
      vertex -164.951 -127.426 10
      vertex -164.664 -127.309 10
    endloop
  endfacet
  facet normal -0.99375 0.111633 0
    outer loop
      vertex -165.002 -127.88 0
      vertex -164.951 -127.426 10
      vertex -164.951 -127.426 0
    endloop
  endfacet
  facet normal -0.99375 0.111633 0
    outer loop
      vertex -165.002 -127.88 0
      vertex -165.002 -127.88 10
      vertex -164.951 -127.426 10
    endloop
  endfacet
  facet normal -0.670164 -0.742213 0
    outer loop
      vertex -164.25 -128.559 0
      vertex -165.002 -127.88 10
      vertex -165.002 -127.88 0
    endloop
  endfacet
  facet normal -0.670164 -0.742213 0
    outer loop
      vertex -164.25 -128.559 0
      vertex -164.25 -128.559 10
      vertex -165.002 -127.88 10
    endloop
  endfacet
  facet normal -0.977636 -0.210305 0
    outer loop
      vertex -164.213 -128.731 0
      vertex -164.25 -128.559 10
      vertex -164.25 -128.559 0
    endloop
  endfacet
  facet normal -0.977636 -0.210305 0
    outer loop
      vertex -164.213 -128.731 0
      vertex -164.213 -128.731 10
      vertex -164.25 -128.559 10
    endloop
  endfacet
  facet normal -0.508535 0.861042 0
    outer loop
      vertex -164.362 -128.819 0
      vertex -164.213 -128.731 10
      vertex -164.213 -128.731 0
    endloop
  endfacet
  facet normal -0.508535 0.861042 0
    outer loop
      vertex -164.362 -128.819 0
      vertex -164.362 -128.819 10
      vertex -164.213 -128.731 10
    endloop
  endfacet
  facet normal 0.0821818 0.996617 0
    outer loop
      vertex -165.126 -128.756 0
      vertex -164.362 -128.819 10
      vertex -164.362 -128.819 0
    endloop
  endfacet
  facet normal 0.0821818 0.996617 -0
    outer loop
      vertex -165.126 -128.756 0
      vertex -165.126 -128.756 10
      vertex -164.362 -128.819 10
    endloop
  endfacet
  facet normal -0.759611 0.650378 0
    outer loop
      vertex -165.644 -129.361 0
      vertex -165.126 -128.756 10
      vertex -165.126 -128.756 0
    endloop
  endfacet
  facet normal -0.759611 0.650378 0
    outer loop
      vertex -165.644 -129.361 0
      vertex -165.644 -129.361 10
      vertex -165.126 -128.756 10
    endloop
  endfacet
  facet normal -0.768221 -0.640184 0
    outer loop
      vertex -165.294 -129.781 0
      vertex -165.644 -129.361 10
      vertex -165.644 -129.361 0
    endloop
  endfacet
  facet normal -0.768221 -0.640184 0
    outer loop
      vertex -165.294 -129.781 0
      vertex -165.294 -129.781 10
      vertex -165.644 -129.361 10
    endloop
  endfacet
  facet normal -0.466944 -0.884287 0
    outer loop
      vertex -164.26 -130.327 0
      vertex -165.294 -129.781 10
      vertex -165.294 -129.781 0
    endloop
  endfacet
  facet normal -0.466944 -0.884287 0
    outer loop
      vertex -164.26 -130.327 0
      vertex -164.26 -130.327 10
      vertex -165.294 -129.781 10
    endloop
  endfacet
  facet normal -0.897789 -0.440425 0
    outer loop
      vertex -164.182 -130.486 0
      vertex -164.26 -130.327 10
      vertex -164.26 -130.327 0
    endloop
  endfacet
  facet normal -0.897789 -0.440425 0
    outer loop
      vertex -164.182 -130.486 0
      vertex -164.182 -130.486 10
      vertex -164.26 -130.327 10
    endloop
  endfacet
  facet normal -0.576312 0.81723 0
    outer loop
      vertex -164.355 -130.608 0
      vertex -164.182 -130.486 10
      vertex -164.182 -130.486 0
    endloop
  endfacet
  facet normal -0.576312 0.81723 0
    outer loop
      vertex -164.355 -130.608 0
      vertex -164.355 -130.608 10
      vertex -164.182 -130.486 10
    endloop
  endfacet
  facet normal 0.168361 0.985725 0
    outer loop
      vertex -164.718 -130.546 0
      vertex -164.355 -130.608 10
      vertex -164.355 -130.608 0
    endloop
  endfacet
  facet normal 0.168361 0.985725 -0
    outer loop
      vertex -164.718 -130.546 0
      vertex -164.718 -130.546 10
      vertex -164.355 -130.608 10
    endloop
  endfacet
  facet normal -0.999005 0.0445984 0
    outer loop
      vertex -164.728 -130.77 0
      vertex -164.718 -130.546 10
      vertex -164.718 -130.546 0
    endloop
  endfacet
  facet normal -0.999005 0.0445984 0
    outer loop
      vertex -164.728 -130.77 0
      vertex -164.728 -130.77 10
      vertex -164.718 -130.546 10
    endloop
  endfacet
  facet normal -0.845411 -0.534116 0
    outer loop
      vertex -164.402 -131.286 0
      vertex -164.728 -130.77 10
      vertex -164.728 -130.77 0
    endloop
  endfacet
  facet normal -0.845411 -0.534116 0
    outer loop
      vertex -164.402 -131.286 0
      vertex -164.402 -131.286 10
      vertex -164.728 -130.77 10
    endloop
  endfacet
  facet normal 0.851598 -0.524196 0
    outer loop
      vertex -163.808 -130.321 0
      vertex -164.402 -131.286 10
      vertex -164.402 -131.286 0
    endloop
  endfacet
  facet normal 0.851598 -0.524196 0
    outer loop
      vertex -163.808 -130.321 0
      vertex -163.808 -130.321 10
      vertex -164.402 -131.286 10
    endloop
  endfacet
  facet normal 0.380179 -0.924913 0
    outer loop
      vertex -163.645 -130.254 0
      vertex -163.808 -130.321 10
      vertex -163.808 -130.321 0
    endloop
  endfacet
  facet normal 0.380179 -0.924913 0
    outer loop
      vertex -163.645 -130.254 0
      vertex -163.645 -130.254 10
      vertex -163.808 -130.321 10
    endloop
  endfacet
  facet normal -0.73913 -0.673562 0
    outer loop
      vertex -163.532 -130.378 0
      vertex -163.645 -130.254 10
      vertex -163.645 -130.254 0
    endloop
  endfacet
  facet normal -0.73913 -0.673562 0
    outer loop
      vertex -163.532 -130.378 0
      vertex -163.532 -130.378 10
      vertex -163.645 -130.254 10
    endloop
  endfacet
  facet normal -0.989586 -0.14394 0
    outer loop
      vertex -163.452 -130.928 0
      vertex -163.532 -130.378 10
      vertex -163.532 -130.378 0
    endloop
  endfacet
  facet normal -0.989586 -0.14394 0
    outer loop
      vertex -163.452 -130.928 0
      vertex -163.452 -130.928 10
      vertex -163.532 -130.378 10
    endloop
  endfacet
  facet normal -0.902639 0.430398 0
    outer loop
      vertex -163.524 -131.079 0
      vertex -163.452 -130.928 10
      vertex -163.452 -130.928 0
    endloop
  endfacet
  facet normal -0.902639 0.430398 0
    outer loop
      vertex -163.524 -131.079 0
      vertex -163.524 -131.079 10
      vertex -163.452 -130.928 10
    endloop
  endfacet
  facet normal -0.510254 0.860024 0
    outer loop
      vertex -163.733 -131.203 0
      vertex -163.524 -131.079 10
      vertex -163.524 -131.079 0
    endloop
  endfacet
  facet normal -0.510254 0.860024 0
    outer loop
      vertex -163.733 -131.203 0
      vertex -163.733 -131.203 10
      vertex -163.524 -131.079 10
    endloop
  endfacet
  facet normal -0.986632 0.162965 0
    outer loop
      vertex -163.862 -131.984 0
      vertex -163.733 -131.203 10
      vertex -163.733 -131.203 0
    endloop
  endfacet
  facet normal -0.986632 0.162965 0
    outer loop
      vertex -163.862 -131.984 0
      vertex -163.862 -131.984 10
      vertex -163.733 -131.203 10
    endloop
  endfacet
  facet normal -0.704261 0.709941 0
    outer loop
      vertex -163.987 -132.108 0
      vertex -163.862 -131.984 10
      vertex -163.862 -131.984 0
    endloop
  endfacet
  facet normal -0.704261 0.709941 0
    outer loop
      vertex -163.987 -132.108 0
      vertex -163.987 -132.108 10
      vertex -163.862 -131.984 10
    endloop
  endfacet
  facet normal 0.182452 0.983215 0
    outer loop
      vertex -164.084 -132.09 0
      vertex -163.987 -132.108 10
      vertex -163.987 -132.108 0
    endloop
  endfacet
  facet normal 0.182452 0.983215 -0
    outer loop
      vertex -164.084 -132.09 0
      vertex -164.084 -132.09 10
      vertex -163.987 -132.108 10
    endloop
  endfacet
  facet normal 0.493606 0.869686 0
    outer loop
      vertex -164.824 -131.67 0
      vertex -164.084 -132.09 10
      vertex -164.084 -132.09 0
    endloop
  endfacet
  facet normal 0.493606 0.869686 -0
    outer loop
      vertex -164.824 -131.67 0
      vertex -164.824 -131.67 10
      vertex -164.084 -132.09 10
    endloop
  endfacet
  facet normal 0.743294 0.668965 0
    outer loop
      vertex -164.887 -131.6 0
      vertex -164.824 -131.67 10
      vertex -164.824 -131.67 0
    endloop
  endfacet
  facet normal 0.743294 0.668965 -0
    outer loop
      vertex -164.887 -131.6 0
      vertex -164.887 -131.6 10
      vertex -164.824 -131.67 10
    endloop
  endfacet
  facet normal 0.915219 0.402957 0
    outer loop
      vertex -165.381 -130.478 0
      vertex -164.887 -131.6 10
      vertex -164.887 -131.6 0
    endloop
  endfacet
  facet normal 0.915219 0.402957 -0
    outer loop
      vertex -165.381 -130.478 0
      vertex -165.381 -130.478 10
      vertex -164.887 -131.6 10
    endloop
  endfacet
  facet normal 0.578597 0.815613 0
    outer loop
      vertex -165.849 -130.146 0
      vertex -165.381 -130.478 10
      vertex -165.381 -130.478 0
    endloop
  endfacet
  facet normal 0.578597 0.815613 -0
    outer loop
      vertex -165.849 -130.146 0
      vertex -165.849 -130.146 10
      vertex -165.381 -130.478 10
    endloop
  endfacet
  facet normal -0.796237 0.604984 0
    outer loop
      vertex -166.004 -130.35 0
      vertex -165.849 -130.146 10
      vertex -165.849 -130.146 0
    endloop
  endfacet
  facet normal -0.796237 0.604984 0
    outer loop
      vertex -166.004 -130.35 0
      vertex -166.004 -130.35 10
      vertex -165.849 -130.146 10
    endloop
  endfacet
  facet normal -0.958311 -0.285728 0
    outer loop
      vertex -165.826 -130.947 0
      vertex -166.004 -130.35 10
      vertex -166.004 -130.35 0
    endloop
  endfacet
  facet normal -0.958311 -0.285728 0
    outer loop
      vertex -165.826 -130.947 0
      vertex -165.826 -130.947 10
      vertex -166.004 -130.35 10
    endloop
  endfacet
  facet normal -0.825412 0.564531 0
    outer loop
      vertex -165.958 -131.14 0
      vertex -165.826 -130.947 10
      vertex -165.826 -130.947 0
    endloop
  endfacet
  facet normal -0.825412 0.564531 0
    outer loop
      vertex -165.958 -131.14 0
      vertex -165.958 -131.14 10
      vertex -165.826 -130.947 10
    endloop
  endfacet
  facet normal -0.0761471 0.997097 0
    outer loop
      vertex -166.652 -131.193 0
      vertex -165.958 -131.14 10
      vertex -165.958 -131.14 0
    endloop
  endfacet
  facet normal -0.0761471 0.997097 0
    outer loop
      vertex -166.652 -131.193 0
      vertex -166.652 -131.193 10
      vertex -165.958 -131.14 10
    endloop
  endfacet
  facet normal -0.904819 -0.425797 0
    outer loop
      vertex -166.14 -132.281 0
      vertex -166.652 -131.193 10
      vertex -166.652 -131.193 0
    endloop
  endfacet
  facet normal -0.904819 -0.425797 0
    outer loop
      vertex -166.14 -132.281 0
      vertex -166.14 -132.281 10
      vertex -166.652 -131.193 10
    endloop
  endfacet
  facet normal -0.347736 -0.937592 0
    outer loop
      vertex -164.258 -132.979 0
      vertex -166.14 -132.281 10
      vertex -166.14 -132.281 0
    endloop
  endfacet
  facet normal -0.347736 -0.937592 0
    outer loop
      vertex -164.258 -132.979 0
      vertex -164.258 -132.979 10
      vertex -166.14 -132.281 10
    endloop
  endfacet
  facet normal -0.817294 -0.576221 0
    outer loop
      vertex -164.16 -133.118 0
      vertex -164.258 -132.979 10
      vertex -164.258 -132.979 0
    endloop
  endfacet
  facet normal -0.817294 -0.576221 0
    outer loop
      vertex -164.16 -133.118 0
      vertex -164.16 -133.118 10
      vertex -164.258 -132.979 10
    endloop
  endfacet
  facet normal -0.999872 -0.015998 0
    outer loop
      vertex -164.14 -134.368 0
      vertex -164.16 -133.118 10
      vertex -164.16 -133.118 0
    endloop
  endfacet
  facet normal -0.999872 -0.015998 0
    outer loop
      vertex -164.14 -134.368 0
      vertex -164.14 -134.368 10
      vertex -164.16 -133.118 10
    endloop
  endfacet
  facet normal -0.818697 0.574225 0
    outer loop
      vertex -164.241 -134.512 0
      vertex -164.14 -134.368 10
      vertex -164.14 -134.368 0
    endloop
  endfacet
  facet normal -0.818697 0.574225 0
    outer loop
      vertex -164.241 -134.512 0
      vertex -164.241 -134.512 10
      vertex -164.14 -134.368 10
    endloop
  endfacet
  facet normal 0.0449994 0.998987 0
    outer loop
      vertex -164.352 -134.507 0
      vertex -164.241 -134.512 10
      vertex -164.241 -134.512 0
    endloop
  endfacet
  facet normal 0.0449994 0.998987 -0
    outer loop
      vertex -164.352 -134.507 0
      vertex -164.352 -134.507 10
      vertex -164.241 -134.512 10
    endloop
  endfacet
  facet normal 0.412437 0.910986 0
    outer loop
      vertex -164.553 -134.416 0
      vertex -164.352 -134.507 10
      vertex -164.352 -134.507 0
    endloop
  endfacet
  facet normal 0.412437 0.910986 -0
    outer loop
      vertex -164.553 -134.416 0
      vertex -164.553 -134.416 10
      vertex -164.352 -134.507 10
    endloop
  endfacet
  facet normal -0.798753 0.601658 0
    outer loop
      vertex -164.669 -134.57 0
      vertex -164.553 -134.416 10
      vertex -164.553 -134.416 0
    endloop
  endfacet
  facet normal -0.798753 0.601658 0
    outer loop
      vertex -164.669 -134.57 0
      vertex -164.669 -134.57 10
      vertex -164.553 -134.416 10
    endloop
  endfacet
  facet normal -0.593996 -0.804468 0
    outer loop
      vertex -164.325 -134.824 0
      vertex -164.669 -134.57 10
      vertex -164.669 -134.57 0
    endloop
  endfacet
  facet normal -0.593996 -0.804468 0
    outer loop
      vertex -164.325 -134.824 0
      vertex -164.325 -134.824 10
      vertex -164.669 -134.57 10
    endloop
  endfacet
  facet normal -0.080277 -0.996773 0
    outer loop
      vertex -163.878 -134.86 0
      vertex -164.325 -134.824 10
      vertex -164.325 -134.824 0
    endloop
  endfacet
  facet normal -0.080277 -0.996773 0
    outer loop
      vertex -163.878 -134.86 0
      vertex -163.878 -134.86 10
      vertex -164.325 -134.824 10
    endloop
  endfacet
  facet normal -0.531289 -0.847191 0
    outer loop
      vertex -163.76 -134.934 0
      vertex -163.878 -134.86 10
      vertex -163.878 -134.86 0
    endloop
  endfacet
  facet normal -0.531289 -0.847191 0
    outer loop
      vertex -163.76 -134.934 0
      vertex -163.76 -134.934 10
      vertex -163.878 -134.86 10
    endloop
  endfacet
  facet normal -0.863853 -0.503743 0
    outer loop
      vertex -163.269 -135.776 0
      vertex -163.76 -134.934 10
      vertex -163.76 -134.934 0
    endloop
  endfacet
  facet normal -0.863853 -0.503743 0
    outer loop
      vertex -163.269 -135.776 0
      vertex -163.269 -135.776 10
      vertex -163.76 -134.934 10
    endloop
  endfacet
  facet normal -0.314572 -0.949234 0
    outer loop
      vertex -163.097 -135.833 0
      vertex -163.269 -135.776 10
      vertex -163.269 -135.776 0
    endloop
  endfacet
  facet normal -0.314572 -0.949234 0
    outer loop
      vertex -163.097 -135.833 0
      vertex -163.097 -135.833 10
      vertex -163.269 -135.776 10
    endloop
  endfacet
  facet normal 0.601484 -0.798885 0
    outer loop
      vertex -162.15 -135.12 0
      vertex -163.097 -135.833 10
      vertex -163.097 -135.833 0
    endloop
  endfacet
  facet normal 0.601484 -0.798885 0
    outer loop
      vertex -162.15 -135.12 0
      vertex -162.15 -135.12 10
      vertex -163.097 -135.833 10
    endloop
  endfacet
  facet normal 0.454777 -0.890605 0
    outer loop
      vertex -162.103 -135.096 0
      vertex -162.15 -135.12 10
      vertex -162.15 -135.12 0
    endloop
  endfacet
  facet normal 0.454777 -0.890605 0
    outer loop
      vertex -162.103 -135.096 0
      vertex -162.103 -135.096 10
      vertex -162.15 -135.12 10
    endloop
  endfacet
  facet normal 0.288694 -0.957421 0
    outer loop
      vertex -161.516 -134.919 0
      vertex -162.103 -135.096 10
      vertex -162.103 -135.096 0
    endloop
  endfacet
  facet normal 0.288694 -0.957421 0
    outer loop
      vertex -161.516 -134.919 0
      vertex -161.516 -134.919 10
      vertex -162.103 -135.096 10
    endloop
  endfacet
  facet normal 0.956934 0.290306 0
    outer loop
      vertex -161.57 -134.741 0
      vertex -161.516 -134.919 10
      vertex -161.516 -134.919 0
    endloop
  endfacet
  facet normal 0.956934 0.290306 -0
    outer loop
      vertex -161.57 -134.741 0
      vertex -161.57 -134.741 10
      vertex -161.516 -134.919 10
    endloop
  endfacet
  facet normal 0.596205 0.802832 0
    outer loop
      vertex -162.689 -133.91 0
      vertex -161.57 -134.741 10
      vertex -161.57 -134.741 0
    endloop
  endfacet
  facet normal 0.596205 0.802832 -0
    outer loop
      vertex -162.689 -133.91 0
      vertex -162.689 -133.91 10
      vertex -161.57 -134.741 10
    endloop
  endfacet
  facet normal 0.953668 0.30086 0
    outer loop
      vertex -162.742 -133.742 0
      vertex -162.689 -133.91 10
      vertex -162.689 -133.91 0
    endloop
  endfacet
  facet normal 0.953668 0.30086 -0
    outer loop
      vertex -162.742 -133.742 0
      vertex -162.742 -133.742 10
      vertex -162.689 -133.91 10
    endloop
  endfacet
  facet normal 0.328848 -0.944383 0
    outer loop
      vertex -162.518 -133.664 0
      vertex -162.742 -133.742 10
      vertex -162.742 -133.742 0
    endloop
  endfacet
  facet normal 0.328848 -0.944383 0
    outer loop
      vertex -162.518 -133.664 0
      vertex -162.518 -133.664 10
      vertex -162.742 -133.742 10
    endloop
  endfacet
  facet normal -0.543502 -0.839408 0
    outer loop
      vertex -161.128 -134.564 0
      vertex -162.518 -133.664 10
      vertex -162.518 -133.664 0
    endloop
  endfacet
  facet normal -0.543502 -0.839408 0
    outer loop
      vertex -161.128 -134.564 0
      vertex -161.128 -134.564 10
      vertex -162.518 -133.664 10
    endloop
  endfacet
  facet normal -0.822507 -0.568755 0
    outer loop
      vertex -161.063 -134.658 0
      vertex -161.128 -134.564 10
      vertex -161.128 -134.564 0
    endloop
  endfacet
  facet normal -0.822507 -0.568755 0
    outer loop
      vertex -161.063 -134.658 0
      vertex -161.063 -134.658 10
      vertex -161.128 -134.564 10
    endloop
  endfacet
  facet normal -0.977521 -0.210838 0
    outer loop
      vertex -160.953 -135.168 0
      vertex -161.063 -134.658 10
      vertex -161.063 -134.658 0
    endloop
  endfacet
  facet normal -0.977521 -0.210838 0
    outer loop
      vertex -160.953 -135.168 0
      vertex -160.953 -135.168 10
      vertex -161.063 -134.658 10
    endloop
  endfacet
  facet normal -0.991656 0.128915 0
    outer loop
      vertex -160.966 -135.268 0
      vertex -160.953 -135.168 10
      vertex -160.953 -135.168 0
    endloop
  endfacet
  facet normal -0.991656 0.128915 0
    outer loop
      vertex -160.966 -135.268 0
      vertex -160.966 -135.268 10
      vertex -160.953 -135.168 10
    endloop
  endfacet
  facet normal -0.890974 0.454054 0
    outer loop
      vertex -161.231 -135.788 0
      vertex -160.966 -135.268 10
      vertex -160.966 -135.268 0
    endloop
  endfacet
  facet normal -0.890974 0.454054 0
    outer loop
      vertex -161.231 -135.788 0
      vertex -161.231 -135.788 10
      vertex -160.966 -135.268 10
    endloop
  endfacet
  facet normal -0.968848 -0.247658 0
    outer loop
      vertex -161.015 -136.633 0
      vertex -161.231 -135.788 10
      vertex -161.231 -135.788 0
    endloop
  endfacet
  facet normal -0.968848 -0.247658 0
    outer loop
      vertex -161.015 -136.633 0
      vertex -161.015 -136.633 10
      vertex -161.231 -135.788 10
    endloop
  endfacet
  facet normal -0.98349 0.180962 0
    outer loop
      vertex -161.038 -136.758 0
      vertex -161.015 -136.633 10
      vertex -161.015 -136.633 0
    endloop
  endfacet
  facet normal -0.98349 0.180962 0
    outer loop
      vertex -161.038 -136.758 0
      vertex -161.038 -136.758 10
      vertex -161.015 -136.633 10
    endloop
  endfacet
  facet normal -0.810224 0.58612 0
    outer loop
      vertex -161.378 -137.228 0
      vertex -161.038 -136.758 10
      vertex -161.038 -136.758 0
    endloop
  endfacet
  facet normal -0.810224 0.58612 0
    outer loop
      vertex -161.378 -137.228 0
      vertex -161.378 -137.228 10
      vertex -161.038 -136.758 10
    endloop
  endfacet
  facet normal -0.311132 0.950367 0
    outer loop
      vertex -161.546 -137.283 0
      vertex -161.378 -137.228 10
      vertex -161.378 -137.228 0
    endloop
  endfacet
  facet normal -0.311132 0.950367 0
    outer loop
      vertex -161.546 -137.283 0
      vertex -161.546 -137.283 10
      vertex -161.378 -137.228 10
    endloop
  endfacet
  facet normal 0.894427 0.447214 0
    outer loop
      vertex -161.642 -137.091 0
      vertex -161.546 -137.283 10
      vertex -161.546 -137.283 0
    endloop
  endfacet
  facet normal 0.894427 0.447214 -0
    outer loop
      vertex -161.642 -137.091 0
      vertex -161.642 -137.091 10
      vertex -161.546 -137.283 10
    endloop
  endfacet
  facet normal 0.946001 -0.324165 0
    outer loop
      vertex -161.434 -136.484 0
      vertex -161.642 -137.091 10
      vertex -161.642 -137.091 0
    endloop
  endfacet
  facet normal 0.946001 -0.324165 0
    outer loop
      vertex -161.434 -136.484 0
      vertex -161.434 -136.484 10
      vertex -161.642 -137.091 10
    endloop
  endfacet
  facet normal 0.874157 0.485643 0
    outer loop
      vertex -161.819 -135.791 0
      vertex -161.434 -136.484 10
      vertex -161.434 -136.484 0
    endloop
  endfacet
  facet normal 0.874157 0.485643 -0
    outer loop
      vertex -161.819 -135.791 0
      vertex -161.819 -135.791 10
      vertex -161.434 -136.484 10
    endloop
  endfacet
  facet normal -0.588495 0.808501 0
    outer loop
      vertex -162.712 -136.441 0
      vertex -161.819 -135.791 10
      vertex -161.819 -135.791 0
    endloop
  endfacet
  facet normal -0.588495 0.808501 0
    outer loop
      vertex -162.712 -136.441 0
      vertex -162.712 -136.441 10
      vertex -161.819 -135.791 10
    endloop
  endfacet
  facet normal -0.29769 0.954662 0
    outer loop
      vertex -162.805 -136.47 0
      vertex -162.712 -136.441 10
      vertex -162.712 -136.441 0
    endloop
  endfacet
  facet normal -0.29769 0.954662 0
    outer loop
      vertex -162.805 -136.47 0
      vertex -162.805 -136.47 10
      vertex -162.712 -136.441 10
    endloop
  endfacet
  facet normal 0.0333148 0.999445 0
    outer loop
      vertex -163.405 -136.45 0
      vertex -162.805 -136.47 10
      vertex -162.805 -136.47 0
    endloop
  endfacet
  facet normal 0.0333148 0.999445 -0
    outer loop
      vertex -163.405 -136.45 0
      vertex -163.405 -136.45 10
      vertex -162.805 -136.47 10
    endloop
  endfacet
  facet normal 0.351123 0.936329 0
    outer loop
      vertex -163.493 -136.417 0
      vertex -163.405 -136.45 10
      vertex -163.405 -136.45 0
    endloop
  endfacet
  facet normal 0.351123 0.936329 -0
    outer loop
      vertex -163.493 -136.417 0
      vertex -163.493 -136.417 10
      vertex -163.405 -136.45 10
    endloop
  endfacet
  facet normal 0.61923 0.785209 0
    outer loop
      vertex -163.616 -136.32 0
      vertex -163.493 -136.417 10
      vertex -163.493 -136.417 0
    endloop
  endfacet
  facet normal 0.61923 0.785209 -0
    outer loop
      vertex -163.616 -136.32 0
      vertex -163.616 -136.32 10
      vertex -163.493 -136.417 10
    endloop
  endfacet
  facet normal -0.995843 0.0910832 0
    outer loop
      vertex -163.631 -136.484 0
      vertex -163.616 -136.32 10
      vertex -163.616 -136.32 0
    endloop
  endfacet
  facet normal -0.995843 0.0910832 0
    outer loop
      vertex -163.631 -136.484 0
      vertex -163.631 -136.484 10
      vertex -163.616 -136.32 10
    endloop
  endfacet
  facet normal -0.802305 0.596915 0
    outer loop
      vertex -163.724 -136.609 0
      vertex -163.631 -136.484 10
      vertex -163.631 -136.484 0
    endloop
  endfacet
  facet normal -0.802305 0.596915 0
    outer loop
      vertex -163.724 -136.609 0
      vertex -163.724 -136.609 10
      vertex -163.631 -136.484 10
    endloop
  endfacet
  facet normal -0.371391 0.928477 0
    outer loop
      vertex -164.024 -136.729 0
      vertex -163.724 -136.609 10
      vertex -163.724 -136.609 0
    endloop
  endfacet
  facet normal -0.371391 0.928477 0
    outer loop
      vertex -164.024 -136.729 0
      vertex -164.024 -136.729 10
      vertex -163.724 -136.609 10
    endloop
  endfacet
  facet normal 0.0330398 0.999454 0
    outer loop
      vertex -164.145 -136.725 0
      vertex -164.024 -136.729 10
      vertex -164.024 -136.729 0
    endloop
  endfacet
  facet normal 0.0330398 0.999454 -0
    outer loop
      vertex -164.145 -136.725 0
      vertex -164.145 -136.725 10
      vertex -164.024 -136.729 10
    endloop
  endfacet
  facet normal 0.435205 0.900331 0
    outer loop
      vertex -164.807 -136.405 0
      vertex -164.145 -136.725 10
      vertex -164.145 -136.725 0
    endloop
  endfacet
  facet normal 0.435205 0.900331 -0
    outer loop
      vertex -164.807 -136.405 0
      vertex -164.807 -136.405 10
      vertex -164.145 -136.725 10
    endloop
  endfacet
  facet normal -0.970143 -0.242536 0
    outer loop
      vertex -164.655 -137.013 0
      vertex -164.807 -136.405 10
      vertex -164.807 -136.405 0
    endloop
  endfacet
  facet normal -0.970143 -0.242536 0
    outer loop
      vertex -164.655 -137.013 0
      vertex -164.655 -137.013 10
      vertex -164.807 -136.405 10
    endloop
  endfacet
  facet normal -0.301131 -0.953583 0
    outer loop
      vertex -164.484 -137.067 0
      vertex -164.655 -137.013 10
      vertex -164.655 -137.013 0
    endloop
  endfacet
  facet normal -0.301131 -0.953583 0
    outer loop
      vertex -164.484 -137.067 0
      vertex -164.484 -137.067 10
      vertex -164.655 -137.013 10
    endloop
  endfacet
  facet normal -0.789987 -0.613124 0
    outer loop
      vertex -164.38 -137.201 0
      vertex -164.484 -137.067 10
      vertex -164.484 -137.067 0
    endloop
  endfacet
  facet normal -0.789987 -0.613124 0
    outer loop
      vertex -164.38 -137.201 0
      vertex -164.38 -137.201 10
      vertex -164.484 -137.067 10
    endloop
  endfacet
  facet normal -0.998325 -0.0578544 0
    outer loop
      vertex -164.337 -137.943 0
      vertex -164.38 -137.201 10
      vertex -164.38 -137.201 0
    endloop
  endfacet
  facet normal -0.998325 -0.0578544 0
    outer loop
      vertex -164.337 -137.943 0
      vertex -164.337 -137.943 10
      vertex -164.38 -137.201 10
    endloop
  endfacet
  facet normal -0.174217 -0.984707 0
    outer loop
      vertex -163.557 -138.081 0
      vertex -164.337 -137.943 10
      vertex -164.337 -137.943 0
    endloop
  endfacet
  facet normal -0.174217 -0.984707 0
    outer loop
      vertex -163.557 -138.081 0
      vertex -163.557 -138.081 10
      vertex -164.337 -137.943 10
    endloop
  endfacet
  facet normal 0.591539 -0.806276 0
    outer loop
      vertex -163.159 -137.789 0
      vertex -163.557 -138.081 10
      vertex -163.557 -138.081 0
    endloop
  endfacet
  facet normal 0.591539 -0.806276 0
    outer loop
      vertex -163.159 -137.789 0
      vertex -163.159 -137.789 10
      vertex -163.557 -138.081 10
    endloop
  endfacet
  facet normal 0.142418 -0.989807 0
    outer loop
      vertex -163.02 -137.769 0
      vertex -163.159 -137.789 10
      vertex -163.159 -137.789 0
    endloop
  endfacet
  facet normal 0.142418 -0.989807 0
    outer loop
      vertex -163.02 -137.769 0
      vertex -163.02 -137.769 10
      vertex -163.159 -137.789 10
    endloop
  endfacet
  facet normal -0.33282 -0.94299 0
    outer loop
      vertex -162.833 -137.835 0
      vertex -163.02 -137.769 10
      vertex -163.02 -137.769 0
    endloop
  endfacet
  facet normal -0.33282 -0.94299 0
    outer loop
      vertex -162.833 -137.835 0
      vertex -162.833 -137.835 10
      vertex -163.02 -137.769 10
    endloop
  endfacet
  facet normal 0.886914 -0.461934 0
    outer loop
      vertex -162.633 -137.451 0
      vertex -162.833 -137.835 10
      vertex -162.833 -137.835 0
    endloop
  endfacet
  facet normal 0.886914 -0.461934 0
    outer loop
      vertex -162.633 -137.451 0
      vertex -162.633 -137.451 10
      vertex -162.833 -137.835 10
    endloop
  endfacet
  facet normal 0.447214 -0.894427 0
    outer loop
      vertex -162.475 -137.372 0
      vertex -162.633 -137.451 10
      vertex -162.633 -137.451 0
    endloop
  endfacet
  facet normal 0.447214 -0.894427 0
    outer loop
      vertex -162.475 -137.372 0
      vertex -162.475 -137.372 10
      vertex -162.633 -137.451 10
    endloop
  endfacet
  facet normal -0.528441 -0.84897 0
    outer loop
      vertex -162.377 -137.433 0
      vertex -162.475 -137.372 10
      vertex -162.475 -137.372 0
    endloop
  endfacet
  facet normal -0.528441 -0.84897 0
    outer loop
      vertex -162.377 -137.433 0
      vertex -162.377 -137.433 10
      vertex -162.475 -137.372 10
    endloop
  endfacet
  facet normal -0.816968 -0.576683 0
    outer loop
      vertex -162.257 -137.603 0
      vertex -162.377 -137.433 10
      vertex -162.377 -137.433 0
    endloop
  endfacet
  facet normal -0.816968 -0.576683 0
    outer loop
      vertex -162.257 -137.603 0
      vertex -162.257 -137.603 10
      vertex -162.377 -137.433 10
    endloop
  endfacet
  facet normal -0.999536 -0.0304736 0
    outer loop
      vertex -162.252 -137.767 0
      vertex -162.257 -137.603 10
      vertex -162.257 -137.603 0
    endloop
  endfacet
  facet normal -0.999536 -0.0304736 0
    outer loop
      vertex -162.252 -137.767 0
      vertex -162.252 -137.767 10
      vertex -162.257 -137.603 10
    endloop
  endfacet
  facet normal -0.856291 0.516493 0
    outer loop
      vertex -162.632 -138.397 0
      vertex -162.252 -137.767 10
      vertex -162.252 -137.767 0
    endloop
  endfacet
  facet normal -0.856291 0.516493 0
    outer loop
      vertex -162.632 -138.397 0
      vertex -162.632 -138.397 10
      vertex -162.252 -137.767 10
    endloop
  endfacet
  facet normal -0.694369 0.719619 0
    outer loop
      vertex -162.689 -138.452 0
      vertex -162.632 -138.397 10
      vertex -162.632 -138.397 0
    endloop
  endfacet
  facet normal -0.694369 0.719619 0
    outer loop
      vertex -162.689 -138.452 0
      vertex -162.689 -138.452 10
      vertex -162.632 -138.397 10
    endloop
  endfacet
  facet normal -0.470588 0.882353 0
    outer loop
      vertex -163.424 -138.844 0
      vertex -162.689 -138.452 10
      vertex -162.689 -138.452 0
    endloop
  endfacet
  facet normal -0.470588 0.882353 0
    outer loop
      vertex -163.424 -138.844 0
      vertex -163.424 -138.844 10
      vertex -162.689 -138.452 10
    endloop
  endfacet
  facet normal -0.757431 -0.652915 0
    outer loop
      vertex -162.893 -139.46 0
      vertex -163.424 -138.844 10
      vertex -163.424 -138.844 0
    endloop
  endfacet
  facet normal -0.757431 -0.652915 0
    outer loop
      vertex -162.893 -139.46 0
      vertex -162.893 -139.46 10
      vertex -163.424 -138.844 10
    endloop
  endfacet
  facet normal -0.141863 -0.989886 0
    outer loop
      vertex -162.579 -139.505 0
      vertex -162.893 -139.46 10
      vertex -162.893 -139.46 0
    endloop
  endfacet
  facet normal -0.141863 -0.989886 0
    outer loop
      vertex -162.579 -139.505 0
      vertex -162.579 -139.505 10
      vertex -162.893 -139.46 10
    endloop
  endfacet
  facet normal 0.908652 -0.417554 0
    outer loop
      vertex -161.716 -137.627 0
      vertex -162.579 -139.505 10
      vertex -162.579 -139.505 0
    endloop
  endfacet
  facet normal 0.908652 -0.417554 0
    outer loop
      vertex -161.716 -137.627 0
      vertex -161.716 -137.627 10
      vertex -162.579 -139.505 10
    endloop
  endfacet
  facet normal 0.316228 -0.948683 0
    outer loop
      vertex -161.509 -137.558 0
      vertex -161.716 -137.627 10
      vertex -161.716 -137.627 0
    endloop
  endfacet
  facet normal 0.316228 -0.948683 0
    outer loop
      vertex -161.509 -137.558 0
      vertex -161.509 -137.558 10
      vertex -161.716 -137.627 10
    endloop
  endfacet
  facet normal -0.475306 -0.879821 0
    outer loop
      vertex -160.987 -137.84 0
      vertex -161.509 -137.558 10
      vertex -161.509 -137.558 0
    endloop
  endfacet
  facet normal -0.475306 -0.879821 0
    outer loop
      vertex -160.987 -137.84 0
      vertex -160.987 -137.84 10
      vertex -161.509 -137.558 10
    endloop
  endfacet
  facet normal 0.62783 -0.778351 0
    outer loop
      vertex -160.594 -137.523 0
      vertex -160.987 -137.84 10
      vertex -160.987 -137.84 0
    endloop
  endfacet
  facet normal 0.62783 -0.778351 0
    outer loop
      vertex -160.594 -137.523 0
      vertex -160.594 -137.523 10
      vertex -160.987 -137.84 10
    endloop
  endfacet
  facet normal 0.236956 -0.97152 0
    outer loop
      vertex -160.471 -137.493 0
      vertex -160.594 -137.523 10
      vertex -160.594 -137.523 0
    endloop
  endfacet
  facet normal 0.236956 -0.97152 0
    outer loop
      vertex -160.471 -137.493 0
      vertex -160.471 -137.493 10
      vertex -160.594 -137.523 10
    endloop
  endfacet
  facet normal -0.191365 -0.981519 0
    outer loop
      vertex -158.881 -137.803 0
      vertex -160.471 -137.493 10
      vertex -160.471 -137.493 0
    endloop
  endfacet
  facet normal -0.191365 -0.981519 0
    outer loop
      vertex -158.881 -137.803 0
      vertex -158.881 -137.803 10
      vertex -160.471 -137.493 10
    endloop
  endfacet
  facet normal -0.732187 -0.681104 0
    outer loop
      vertex -158.761 -137.932 0
      vertex -158.881 -137.803 10
      vertex -158.881 -137.803 0
    endloop
  endfacet
  facet normal -0.732187 -0.681104 0
    outer loop
      vertex -158.761 -137.932 0
      vertex -158.761 -137.932 10
      vertex -158.881 -137.803 10
    endloop
  endfacet
  facet normal -0.867208 0.497945 0
    outer loop
      vertex -158.85 -138.087 0
      vertex -158.761 -137.932 10
      vertex -158.761 -137.932 0
    endloop
  endfacet
  facet normal -0.867208 0.497945 0
    outer loop
      vertex -158.85 -138.087 0
      vertex -158.85 -138.087 10
      vertex -158.761 -137.932 10
    endloop
  endfacet
  facet normal -0.400819 0.916157 0
    outer loop
      vertex -159.49 -138.367 0
      vertex -158.85 -138.087 10
      vertex -158.85 -138.087 0
    endloop
  endfacet
  facet normal -0.400819 0.916157 0
    outer loop
      vertex -159.49 -138.367 0
      vertex -159.49 -138.367 10
      vertex -158.85 -138.087 10
    endloop
  endfacet
  facet normal -0.128342 0.99173 0
    outer loop
      vertex -159.575 -138.378 0
      vertex -159.49 -138.367 10
      vertex -159.49 -138.367 0
    endloop
  endfacet
  facet normal -0.128342 0.99173 0
    outer loop
      vertex -159.575 -138.378 0
      vertex -159.575 -138.378 10
      vertex -159.49 -138.367 10
    endloop
  endfacet
  facet normal 0.166881 0.985977 0
    outer loop
      vertex -160.219 -138.269 0
      vertex -159.575 -138.378 10
      vertex -159.575 -138.378 0
    endloop
  endfacet
  facet normal 0.166881 0.985977 -0
    outer loop
      vertex -160.219 -138.269 0
      vertex -160.219 -138.269 10
      vertex -159.575 -138.378 10
    endloop
  endfacet
  facet normal -0.624968 0.78065 0
    outer loop
      vertex -160.916 -138.827 0
      vertex -160.219 -138.269 10
      vertex -160.219 -138.269 0
    endloop
  endfacet
  facet normal -0.624968 0.78065 0
    outer loop
      vertex -160.916 -138.827 0
      vertex -160.916 -138.827 10
      vertex -160.219 -138.269 10
    endloop
  endfacet
  facet normal -0.183862 0.982952 0
    outer loop
      vertex -161.055 -138.853 0
      vertex -160.916 -138.827 10
      vertex -160.916 -138.827 0
    endloop
  endfacet
  facet normal -0.183862 0.982952 0
    outer loop
      vertex -161.055 -138.853 0
      vertex -161.055 -138.853 10
      vertex -160.916 -138.827 10
    endloop
  endfacet
  facet normal 0.297328 0.954775 0
    outer loop
      vertex -161.572 -138.692 0
      vertex -161.055 -138.853 10
      vertex -161.055 -138.853 0
    endloop
  endfacet
  facet normal 0.297328 0.954775 -0
    outer loop
      vertex -161.572 -138.692 0
      vertex -161.572 -138.692 10
      vertex -161.055 -138.853 10
    endloop
  endfacet
  facet normal -0.752264 0.658862 0
    outer loop
      vertex -161.833 -138.99 0
      vertex -161.572 -138.692 10
      vertex -161.572 -138.692 0
    endloop
  endfacet
  facet normal -0.752264 0.658862 0
    outer loop
      vertex -161.833 -138.99 0
      vertex -161.833 -138.99 10
      vertex -161.572 -138.692 10
    endloop
  endfacet
  facet normal -0.998537 0.0540683 0
    outer loop
      vertex -161.88 -139.858 0
      vertex -161.833 -138.99 10
      vertex -161.833 -138.99 0
    endloop
  endfacet
  facet normal -0.998537 0.0540683 0
    outer loop
      vertex -161.88 -139.858 0
      vertex -161.88 -139.858 10
      vertex -161.833 -138.99 10
    endloop
  endfacet
  facet normal -0.947446 0.319917 0
    outer loop
      vertex -161.906 -139.935 0
      vertex -161.88 -139.858 10
      vertex -161.88 -139.858 0
    endloop
  endfacet
  facet normal -0.947446 0.319917 0
    outer loop
      vertex -161.906 -139.935 0
      vertex -161.906 -139.935 10
      vertex -161.88 -139.858 10
    endloop
  endfacet
  facet normal -0.823092 0.567908 0
    outer loop
      vertex -162.133 -140.264 0
      vertex -161.906 -139.935 10
      vertex -161.906 -139.935 0
    endloop
  endfacet
  facet normal -0.823092 0.567908 0
    outer loop
      vertex -162.133 -140.264 0
      vertex -162.133 -140.264 10
      vertex -161.906 -139.935 10
    endloop
  endfacet
  facet normal -0.58669 -0.809812 0
    outer loop
      vertex -161.32 -140.853 0
      vertex -162.133 -140.264 10
      vertex -162.133 -140.264 0
    endloop
  endfacet
  facet normal -0.58669 -0.809812 0
    outer loop
      vertex -161.32 -140.853 0
      vertex -161.32 -140.853 10
      vertex -162.133 -140.264 10
    endloop
  endfacet
  facet normal 0.979443 -0.201721 0
    outer loop
      vertex -161.237 -140.45 0
      vertex -161.32 -140.853 10
      vertex -161.32 -140.853 0
    endloop
  endfacet
  facet normal 0.979443 -0.201721 0
    outer loop
      vertex -161.237 -140.45 0
      vertex -161.237 -140.45 10
      vertex -161.32 -140.853 10
    endloop
  endfacet
  facet normal 0.902861 -0.429934 0
    outer loop
      vertex -161.207 -140.387 0
      vertex -161.237 -140.45 10
      vertex -161.237 -140.45 0
    endloop
  endfacet
  facet normal 0.902861 -0.429934 0
    outer loop
      vertex -161.207 -140.387 0
      vertex -161.207 -140.387 10
      vertex -161.237 -140.45 10
    endloop
  endfacet
  facet normal 0.78216 -0.623077 0
    outer loop
      vertex -160.737 -139.797 0
      vertex -161.207 -140.387 10
      vertex -161.207 -140.387 0
    endloop
  endfacet
  facet normal 0.78216 -0.623077 0
    outer loop
      vertex -160.737 -139.797 0
      vertex -160.737 -139.797 10
      vertex -161.207 -140.387 10
    endloop
  endfacet
  facet normal 0.695795 -0.71824 0
    outer loop
      vertex -160.705 -139.766 0
      vertex -160.737 -139.797 10
      vertex -160.737 -139.797 0
    endloop
  endfacet
  facet normal 0.695795 -0.71824 0
    outer loop
      vertex -160.705 -139.766 0
      vertex -160.705 -139.766 10
      vertex -160.737 -139.797 10
    endloop
  endfacet
  facet normal 0.566175 -0.824285 0
    outer loop
      vertex -158.725 -138.406 0
      vertex -160.705 -139.766 10
      vertex -160.705 -139.766 0
    endloop
  endfacet
  facet normal 0.566175 -0.824285 0
    outer loop
      vertex -158.725 -138.406 0
      vertex -158.725 -138.406 10
      vertex -160.705 -139.766 10
    endloop
  endfacet
  facet normal 0.080277 -0.996773 0
    outer loop
      vertex -158.576 -138.394 0
      vertex -158.725 -138.406 10
      vertex -158.725 -138.406 0
    endloop
  endfacet
  facet normal 0.080277 -0.996773 0
    outer loop
      vertex -158.576 -138.394 0
      vertex -158.576 -138.394 10
      vertex -158.725 -138.406 10
    endloop
  endfacet
  facet normal -0.427006 -0.904249 0
    outer loop
      vertex -158.216 -138.564 0
      vertex -158.576 -138.394 10
      vertex -158.576 -138.394 0
    endloop
  endfacet
  facet normal -0.427006 -0.904249 0
    outer loop
      vertex -158.216 -138.564 0
      vertex -158.216 -138.564 10
      vertex -158.576 -138.394 10
    endloop
  endfacet
  facet normal -0.707107 -0.707107 0
    outer loop
      vertex -158.145 -138.635 0
      vertex -158.216 -138.564 10
      vertex -158.216 -138.564 0
    endloop
  endfacet
  facet normal -0.707107 -0.707107 0
    outer loop
      vertex -158.145 -138.635 0
      vertex -158.145 -138.635 10
      vertex -158.216 -138.564 10
    endloop
  endfacet
  facet normal -0.900552 -0.434749 0
    outer loop
      vertex -158.005 -138.925 0
      vertex -158.145 -138.635 10
      vertex -158.145 -138.635 0
    endloop
  endfacet
  facet normal -0.900552 -0.434749 0
    outer loop
      vertex -158.005 -138.925 0
      vertex -158.005 -138.925 10
      vertex -158.145 -138.635 10
    endloop
  endfacet
  facet normal -0.99989 0.0148132 0
    outer loop
      vertex -158.007 -139.06 0
      vertex -158.005 -138.925 10
      vertex -158.005 -138.925 0
    endloop
  endfacet
  facet normal -0.99989 0.0148132 0
    outer loop
      vertex -158.007 -139.06 0
      vertex -158.007 -139.06 10
      vertex -158.005 -138.925 10
    endloop
  endfacet
  facet normal -0.884193 0.467121 0
    outer loop
      vertex -158.287 -139.59 0
      vertex -158.007 -139.06 10
      vertex -158.007 -139.06 0
    endloop
  endfacet
  facet normal -0.884193 0.467121 0
    outer loop
      vertex -158.287 -139.59 0
      vertex -158.287 -139.59 10
      vertex -158.007 -139.06 10
    endloop
  endfacet
  facet normal -0.757157 0.653233 0
    outer loop
      vertex -158.331 -139.641 0
      vertex -158.287 -139.59 10
      vertex -158.287 -139.59 0
    endloop
  endfacet
  facet normal -0.757157 0.653233 0
    outer loop
      vertex -158.331 -139.641 0
      vertex -158.331 -139.641 10
      vertex -158.287 -139.59 10
    endloop
  endfacet
  facet normal -0.594558 0.804053 0
    outer loop
      vertex -159.279 -140.342 0
      vertex -158.331 -139.641 10
      vertex -158.331 -139.641 0
    endloop
  endfacet
  facet normal -0.594558 0.804053 0
    outer loop
      vertex -159.279 -140.342 0
      vertex -159.279 -140.342 10
      vertex -158.331 -139.641 10
    endloop
  endfacet
  facet normal -0.991944 0.126679 0
    outer loop
      vertex -159.391 -141.219 0
      vertex -159.279 -140.342 10
      vertex -159.279 -140.342 0
    endloop
  endfacet
  facet normal -0.991944 0.126679 0
    outer loop
      vertex -159.391 -141.219 0
      vertex -159.391 -141.219 10
      vertex -159.279 -140.342 10
    endloop
  endfacet
  facet normal -0.846233 0.532813 0
    outer loop
      vertex -159.459 -141.327 0
      vertex -159.391 -141.219 10
      vertex -159.391 -141.219 0
    endloop
  endfacet
  facet normal -0.846233 0.532813 0
    outer loop
      vertex -159.459 -141.327 0
      vertex -159.459 -141.327 10
      vertex -159.391 -141.219 10
    endloop
  endfacet
  facet normal -0.536875 0.843661 0
    outer loop
      vertex -159.679 -141.467 0
      vertex -159.459 -141.327 10
      vertex -159.459 -141.327 0
    endloop
  endfacet
  facet normal -0.536875 0.843661 0
    outer loop
      vertex -159.679 -141.467 0
      vertex -159.679 -141.467 10
      vertex -159.459 -141.327 10
    endloop
  endfacet
  facet normal 0.0623783 0.998053 0
    outer loop
      vertex -159.855 -141.456 0
      vertex -159.679 -141.467 10
      vertex -159.679 -141.467 0
    endloop
  endfacet
  facet normal 0.0623783 0.998053 -0
    outer loop
      vertex -159.855 -141.456 0
      vertex -159.855 -141.456 10
      vertex -159.679 -141.467 10
    endloop
  endfacet
  facet normal 0.956166 0.292826 0
    outer loop
      vertex -159.904 -141.296 0
      vertex -159.855 -141.456 10
      vertex -159.855 -141.456 0
    endloop
  endfacet
  facet normal 0.956166 0.292826 -0
    outer loop
      vertex -159.904 -141.296 0
      vertex -159.904 -141.296 10
      vertex -159.855 -141.456 10
    endloop
  endfacet
  facet normal 0.956333 -0.292278 0
    outer loop
      vertex -159.779 -140.887 0
      vertex -159.904 -141.296 10
      vertex -159.904 -141.296 0
    endloop
  endfacet
  facet normal 0.956333 -0.292278 0
    outer loop
      vertex -159.779 -140.887 0
      vertex -159.779 -140.887 10
      vertex -159.904 -141.296 10
    endloop
  endfacet
  facet normal 0.925096 0.379734 0
    outer loop
      vertex -159.967 -140.429 0
      vertex -159.779 -140.887 10
      vertex -159.779 -140.887 0
    endloop
  endfacet
  facet normal 0.925096 0.379734 -0
    outer loop
      vertex -159.967 -140.429 0
      vertex -159.967 -140.429 10
      vertex -159.779 -140.887 10
    endloop
  endfacet
  facet normal -0.0856711 0.996323 0
    outer loop
      vertex -160.595 -140.483 0
      vertex -159.967 -140.429 10
      vertex -159.967 -140.429 0
    endloop
  endfacet
  facet normal -0.0856711 0.996323 0
    outer loop
      vertex -160.595 -140.483 0
      vertex -160.595 -140.483 10
      vertex -159.967 -140.429 10
    endloop
  endfacet
  facet normal -0.830922 0.556388 0
    outer loop
      vertex -160.747 -140.71 0
      vertex -160.595 -140.483 10
      vertex -160.595 -140.483 0
    endloop
  endfacet
  facet normal -0.830922 0.556388 0
    outer loop
      vertex -160.747 -140.71 0
      vertex -160.747 -140.71 10
      vertex -160.595 -140.483 10
    endloop
  endfacet
  facet normal -0.892687 -0.450677 0
    outer loop
      vertex -160.279 -141.637 0
      vertex -160.747 -140.71 10
      vertex -160.747 -140.71 0
    endloop
  endfacet
  facet normal -0.892687 -0.450677 0
    outer loop
      vertex -160.279 -141.637 0
      vertex -160.279 -141.637 10
      vertex -160.747 -140.71 10
    endloop
  endfacet
  facet normal -0.434185 -0.900824 0
    outer loop
      vertex -158.447 -142.52 0
      vertex -160.279 -141.637 10
      vertex -160.279 -141.637 0
    endloop
  endfacet
  facet normal -0.434185 -0.900824 0
    outer loop
      vertex -158.447 -142.52 0
      vertex -158.447 -142.52 10
      vertex -160.279 -141.637 10
    endloop
  endfacet
  facet normal 0.501938 -0.864903 0
    outer loop
      vertex -157.918 -142.213 0
      vertex -158.447 -142.52 10
      vertex -158.447 -142.52 0
    endloop
  endfacet
  facet normal 0.501938 -0.864903 0
    outer loop
      vertex -157.918 -142.213 0
      vertex -157.918 -142.213 10
      vertex -158.447 -142.52 10
    endloop
  endfacet
  facet normal 0.842173 0.539207 0
    outer loop
      vertex -167.996 -117.721 0
      vertex -167.697 -118.188 10
      vertex -167.697 -118.188 0
    endloop
  endfacet
  facet normal 0.842173 0.539207 -0
    outer loop
      vertex -167.996 -117.721 0
      vertex -167.996 -117.721 10
      vertex -167.697 -118.188 10
    endloop
  endfacet
  facet normal 0.962888 -0.2699 0
    outer loop
      vertex -167.959 -117.589 0
      vertex -167.996 -117.721 10
      vertex -167.996 -117.721 0
    endloop
  endfacet
  facet normal 0.962888 -0.2699 0
    outer loop
      vertex -167.959 -117.589 0
      vertex -167.959 -117.589 10
      vertex -167.996 -117.721 10
    endloop
  endfacet
  facet normal -0.710271 0.703929 0
    outer loop
      vertex -168.07 -117.701 0
      vertex -167.959 -117.589 10
      vertex -167.959 -117.589 0
    endloop
  endfacet
  facet normal -0.710271 0.703929 0
    outer loop
      vertex -168.07 -117.701 0
      vertex -168.07 -117.701 10
      vertex -167.959 -117.589 10
    endloop
  endfacet
  facet normal -0.95378 -0.300506 0
    outer loop
      vertex -167.955 -118.066 0
      vertex -168.07 -117.701 10
      vertex -168.07 -117.701 0
    endloop
  endfacet
  facet normal -0.95378 -0.300506 0
    outer loop
      vertex -167.955 -118.066 0
      vertex -167.955 -118.066 10
      vertex -168.07 -117.701 10
    endloop
  endfacet
  facet normal -0.463877 -0.8859 0
    outer loop
      vertex -167.701 -118.199 0
      vertex -167.955 -118.066 10
      vertex -167.955 -118.066 0
    endloop
  endfacet
  facet normal -0.463877 -0.8859 0
    outer loop
      vertex -167.701 -118.199 0
      vertex -167.701 -118.199 10
      vertex -167.955 -118.066 10
    endloop
  endfacet
  facet normal 0.939793 -0.341743 0
    outer loop
      vertex -167.697 -118.188 0
      vertex -167.701 -118.199 10
      vertex -167.701 -118.199 0
    endloop
  endfacet
  facet normal 0.939793 -0.341743 0
    outer loop
      vertex -167.697 -118.188 0
      vertex -167.697 -118.188 10
      vertex -167.701 -118.199 10
    endloop
  endfacet
endsolid OpenSCAD_Model
