solid OpenSCAD_Model
  facet normal 0 0 -1
    outer loop
      vertex -116.002 210.014 0
      vertex -116.281 212.623 0
      vertex -114.803 211.635 0
    endloop
  endfacet
  facet normal 0 0 -1
    outer loop
      vertex -97.7919 167.69 0
      vertex -97.3261 167.168 0
      vertex -97.7871 167.419 0
    endloop
  endfacet
  facet normal 0 -0 -1
    outer loop
      vertex -96.3109 169.548 0
      vertex -96.0476 169.123 0
      vertex -97.6108 167.923 0
    endloop
  endfacet
  facet normal 0 0 -1
    outer loop
      vertex -99.8805 169.592 0
      vertex -98.4001 168.99 0
      vertex -99.1858 167.939 0
    endloop
  endfacet
  facet normal 0 0 -1
    outer loop
      vertex -95.9829 167.996 0
      vertex -96.3418 167.515 0
      vertex -96.8891 167.548 0
    endloop
  endfacet
  facet normal -0 0 -1
    outer loop
      vertex -66.5668 339.631 0
      vertex -66.5692 339.584 0
      vertex -91.8575 350.359 0
    endloop
  endfacet
  facet normal 0 -0 -1
    outer loop
      vertex -96.0476 169.123 0
      vertex -95.9829 167.996 0
      vertex -96.8891 167.548 0
    endloop
  endfacet
  facet normal -0 0 -1
    outer loop
      vertex -51.259 220.453 0
      vertex -51.3398 220.326 0
      vertex -52.5944 221.72 0
    endloop
  endfacet
  facet normal 0 0 -1
    outer loop
      vertex -97.6108 167.923 0
      vertex -96.0476 169.123 0
      vertex -96.8891 167.548 0
    endloop
  endfacet
  facet normal 0 0 -1
    outer loop
      vertex -84.8813 199.171 0
      vertex -85.5148 197.343 0
      vertex -85.721 197.309 0
    endloop
  endfacet
  facet normal 0 0 -1
    outer loop
      vertex -97.6938 170.08 0
      vertex -98.13 168.896 0
      vertex -98.2317 169.042 0
    endloop
  endfacet
  facet normal 0 -0 -1
    outer loop
      vertex -97.6938 170.08 0
      vertex -96.3109 169.548 0
      vertex -98.13 168.896 0
    endloop
  endfacet
  facet normal -0 0 -1
    outer loop
      vertex -97.2918 170.497 0
      vertex -97.3764 170.489 0
      vertex -94.7799 175.516 0
    endloop
  endfacet
  facet normal 0 -0 -1
    outer loop
      vertex -99.3267 170.591 0
      vertex -98.4001 168.99 0
      vertex -99.8067 169.661 0
    endloop
  endfacet
  facet normal -0 0 -1
    outer loop
      vertex -94.6722 175.376 0
      vertex -97.2918 170.497 0
      vertex -94.7799 175.516 0
    endloop
  endfacet
  facet normal -0 0 -1
    outer loop
      vertex -94.2571 175.079 0
      vertex -95.071 171.188 0
      vertex -94.6722 175.376 0
    endloop
  endfacet
  facet normal -0 0 -1
    outer loop
      vertex -94.1973 177.608 0
      vertex -94.7799 175.516 0
      vertex -95.4875 180.161 0
    endloop
  endfacet
  facet normal 0 0 -1
    outer loop
      vertex -97.2918 170.497 0
      vertex -95.071 171.188 0
      vertex -95.7205 170.196 0
    endloop
  endfacet
  facet normal 0 0 -1
    outer loop
      vertex -94.6722 175.376 0
      vertex -95.071 171.188 0
      vertex -97.2918 170.497 0
    endloop
  endfacet
  facet normal 0 -0 -1
    outer loop
      vertex -98.1237 358.365 0
      vertex -93.0205 358.37 0
      vertex -98.2651 353.334 0
    endloop
  endfacet
  facet normal 0 0 -1
    outer loop
      vertex -94.6722 175.376 0
      vertex -94.224 175.245 0
      vertex -94.2571 175.079 0
    endloop
  endfacet
  facet normal 0 0 -1
    outer loop
      vertex -94.7799 175.516 0
      vertex -101.786 173.157 0
      vertex -101.899 173.347 0
    endloop
  endfacet
  facet normal 0 -0 -1
    outer loop
      vertex -94.1973 177.608 0
      vertex -94.1783 177.502 0
      vertex -94.678 175.662 0
    endloop
  endfacet
  facet normal -0 0 -1
    outer loop
      vertex -94.678 175.662 0
      vertex -94.7799 175.516 0
      vertex -94.1973 177.608 0
    endloop
  endfacet
  facet normal 0 -0 -1
    outer loop
      vertex -93.7961 176.872 0
      vertex -93.7348 176.224 0
      vertex -93.9818 175.897 0
    endloop
  endfacet
  facet normal 0 0 -1
    outer loop
      vertex -94.678 175.662 0
      vertex -93.7961 176.872 0
      vertex -93.9818 175.897 0
    endloop
  endfacet
  facet normal -0 0 -1
    outer loop
      vertex -91.2442 184.348 0
      vertex -91.3691 184.216 0
      vertex -91.2697 187.14 0
    endloop
  endfacet
  facet normal 0 0 -1
    outer loop
      vertex -94.678 175.662 0
      vertex -94.1783 177.502 0
      vertex -93.7961 176.872 0
    endloop
  endfacet
  facet normal -0 0 -1
    outer loop
      vertex -93.8402 179.478 0
      vertex -94.1973 177.608 0
      vertex -95.4875 180.161 0
    endloop
  endfacet
  facet normal 0 0 -1
    outer loop
      vertex -106.156 172.33 0
      vertex -102.06 173.274 0
      vertex -103.586 172.155 0
    endloop
  endfacet
  facet normal 0 0 -1
    outer loop
      vertex -109.727 177.044 0
      vertex -109.994 177.879 0
      vertex -109.265 177.497 0
    endloop
  endfacet
  facet normal 0 -0 -1
    outer loop
      vertex -93.6793 182.184 0
      vertex -93.6257 182.117 0
      vertex -95.4201 180.45 0
    endloop
  endfacet
  facet normal 0 0 -1
    outer loop
      vertex -113.597 190.185 0
      vertex -113.493 190.658 0
      vertex -112.956 190.584 0
    endloop
  endfacet
  facet normal -0 0 -1
    outer loop
      vertex -92.7148 181.483 0
      vertex -93.2439 180.485 0
      vertex -93.6257 182.117 0
    endloop
  endfacet
  facet normal 0 0 -1
    outer loop
      vertex -93.6257 182.117 0
      vertex -93.2439 180.485 0
      vertex -93.4991 180.323 0
    endloop
  endfacet
  facet normal 0 0 -1
    outer loop
      vertex -95.4201 180.45 0
      vertex -93.6257 182.117 0
      vertex -93.4991 180.323 0
    endloop
  endfacet
  facet normal 0 0 -1
    outer loop
      vertex -91.3691 184.216 0
      vertex -91.4955 183.059 0
      vertex -93.6178 182.8 0
    endloop
  endfacet
  facet normal 0 -0 -1
    outer loop
      vertex -93.8593 182.634 0
      vertex -93.6793 182.184 0
      vertex -95.4201 180.45 0
    endloop
  endfacet
  facet normal 0 0 -1
    outer loop
      vertex -93.816 182.805 0
      vertex -93.8593 182.634 0
      vertex -95.4201 180.45 0
    endloop
  endfacet
  facet normal 0 0 -1
    outer loop
      vertex -95.5795 180.312 0
      vertex -93.816 182.805 0
      vertex -95.4201 180.45 0
    endloop
  endfacet
  facet normal 0 0 -1
    outer loop
      vertex -91.4955 183.059 0
      vertex -92.0532 182.123 0
      vertex -92.9285 182.158 0
    endloop
  endfacet
  facet normal 0 0 -1
    outer loop
      vertex -90.7071 184.865 0
      vertex -90.75 184.763 0
      vertex -91.2442 184.348 0
    endloop
  endfacet
  facet normal 0 0 -1
    outer loop
      vertex -93.6178 182.8 0
      vertex -91.4955 183.059 0
      vertex -92.9285 182.158 0
    endloop
  endfacet
  facet normal 0 0 -1
    outer loop
      vertex -93.816 182.805 0
      vertex -91.3691 184.216 0
      vertex -93.6178 182.8 0
    endloop
  endfacet
  facet normal 0 -0 -1
    outer loop
      vertex -91.4599 191.994 0
      vertex -91.4533 191.946 0
      vertex -92.5421 188.218 0
    endloop
  endfacet
  facet normal 0 0 -1
    outer loop
      vertex -91.2697 187.14 0
      vertex -91.1177 187.124 0
      vertex -90.4895 186.292 0
    endloop
  endfacet
  facet normal 0 0 -1
    outer loop
      vertex -91.2442 184.348 0
      vertex -90.75 184.763 0
      vertex -90.7572 184.428 0
    endloop
  endfacet
  facet normal 0 0 -1
    outer loop
      vertex -90.4863 186.247 0
      vertex -91.2697 187.14 0
      vertex -90.4895 186.292 0
    endloop
  endfacet
  facet normal 0 -0 -1
    outer loop
      vertex -90.4863 186.247 0
      vertex -90.2743 185.307 0
      vertex -90.7071 184.865 0
    endloop
  endfacet
  facet normal 0 0 -1
    outer loop
      vertex -90.4895 186.292 0
      vertex -91.1177 187.124 0
      vertex -90.4185 187.206 0
    endloop
  endfacet
  facet normal -0 0 -1
    outer loop
      vertex -43.1949 313.679 0
      vertex -43.3052 313.613 0
      vertex -51.2283 320.511 0
    endloop
  endfacet
  facet normal 0 0 -1
    outer loop
      vertex -90.7071 184.865 0
      vertex -91.2697 187.14 0
      vertex -90.4863 186.247 0
    endloop
  endfacet
  facet normal 0 -0 -1
    outer loop
      vertex -90.7124 187.309 0
      vertex -90.4185 187.206 0
      vertex -91.1177 187.124 0
    endloop
  endfacet
  facet normal -0 0 -1
    outer loop
      vertex -90.7071 184.865 0
      vertex -91.2442 184.348 0
      vertex -91.2697 187.14 0
    endloop
  endfacet
  facet normal 0 -0 -1
    outer loop
      vertex -90.9907 190.978 0
      vertex -90.582 188.378 0
      vertex -92.3669 188.316 0
    endloop
  endfacet
  facet normal -0 0 -1
    outer loop
      vertex -91.2697 187.14 0
      vertex -91.3691 184.216 0
      vertex -92.4897 188.05 0
    endloop
  endfacet
  facet normal 0 -0 -1
    outer loop
      vertex -92.4897 188.05 0
      vertex -91.3691 184.216 0
      vertex -93.816 182.805 0
    endloop
  endfacet
  facet normal 0 -0 -1
    outer loop
      vertex -92.5421 188.218 0
      vertex -92.4897 188.05 0
      vertex -93.816 182.805 0
    endloop
  endfacet
  facet normal 0 -0 -1
    outer loop
      vertex -111.99 189.981 0
      vertex -111.597 189.09 0
      vertex -112.82 189.52 0
    endloop
  endfacet
  facet normal 0 0 -1
    outer loop
      vertex -90.9907 190.978 0
      vertex -90.4612 188.478 0
      vertex -90.582 188.378 0
    endloop
  endfacet
  facet normal 0 0 -1
    outer loop
      vertex -89.4691 189.129 0
      vertex -90.0231 188.541 0
      vertex -90.4612 188.478 0
    endloop
  endfacet
  facet normal 0 0 -1
    outer loop
      vertex -92.3669 188.316 0
      vertex -90.582 188.378 0
      vertex -90.7286 187.946 0
    endloop
  endfacet
  facet normal 0 -0 -1
    outer loop
      vertex -90.4284 191.174 0
      vertex -89.4691 189.129 0
      vertex -90.9907 190.978 0
    endloop
  endfacet
  facet normal 0 0 -1
    outer loop
      vertex -90.9907 190.978 0
      vertex -89.4691 189.129 0
      vertex -90.4612 188.478 0
    endloop
  endfacet
  facet normal -0 0 -1
    outer loop
      vertex -88.1505 193.569 0
      vertex -88.2379 193.425 0
      vertex -89.3971 194.458 0
    endloop
  endfacet
  facet normal 0 -0 -1
    outer loop
      vertex -91.1833 191.076 0
      vertex -90.9907 190.978 0
      vertex -92.3669 188.316 0
    endloop
  endfacet
  facet normal 0 0 -1
    outer loop
      vertex -89.4564 194.613 0
      vertex -90.3764 192.53 0
      vertex -91.3064 192.49 0
    endloop
  endfacet
  facet normal 0 0 -1
    outer loop
      vertex -92.5421 188.218 0
      vertex -91.1833 191.076 0
      vertex -92.3669 188.316 0
    endloop
  endfacet
  facet normal 0 0 -1
    outer loop
      vertex -92.5421 188.218 0
      vertex -91.4533 191.946 0
      vertex -91.1833 191.076 0
    endloop
  endfacet
  facet normal 0 0 -1
    outer loop
      vertex -91.4499 192.344 0
      vertex -91.4599 191.994 0
      vertex -92.5421 188.218 0
    endloop
  endfacet
  facet normal 0 0 -1
    outer loop
      vertex -124.917 254.042 0
      vertex -125.712 252.132 0
      vertex -125.879 253.286 0
    endloop
  endfacet
  facet normal 0 0 -1
    outer loop
      vertex -89.4873 192.232 0
      vertex -90.3207 192.522 0
      vertex -89.3971 194.458 0
    endloop
  endfacet
  facet normal 0 -0 -1
    outer loop
      vertex -89.3971 194.458 0
      vertex -88.2379 193.425 0
      vertex -89.4873 192.232 0
    endloop
  endfacet
  facet normal 0 0 -1
    outer loop
      vertex -59.3115 239.738 0
      vertex -60.096 232.119 0
      vertex -60.436 231.919 0
    endloop
  endfacet
  facet normal 0 0 -1
    outer loop
      vertex -89.3971 194.458 0
      vertex -90.3207 192.522 0
      vertex -90.3764 192.53 0
    endloop
  endfacet
  facet normal 0 -0 -1
    outer loop
      vertex -89.4564 194.613 0
      vertex -89.3971 194.458 0
      vertex -90.3764 192.53 0
    endloop
  endfacet
  facet normal 0 0 -1
    outer loop
      vertex -84.9314 199.34 0
      vertex -85.721 197.309 0
      vertex -89.2862 194.909 0
    endloop
  endfacet
  facet normal 0 0 -1
    outer loop
      vertex -89.4164 194.793 0
      vertex -89.4564 194.613 0
      vertex -91.3064 192.49 0
    endloop
  endfacet
  facet normal 0 -0 -1
    outer loop
      vertex -85.0779 196.239 0
      vertex -85.0541 195.692 0
      vertex -85.9023 195.276 0
    endloop
  endfacet
  facet normal -0 0 -1
    outer loop
      vertex -81.3152 197.248 0
      vertex -82.4527 196.588 0
      vertex -82.7132 198.76 0
    endloop
  endfacet
  facet normal 0 -0 -1
    outer loop
      vertex -85.7217 197.132 0
      vertex -85.0779 196.239 0
      vertex -85.9023 195.276 0
    endloop
  endfacet
  facet normal 0 0 -1
    outer loop
      vertex -89.2862 194.909 0
      vertex -85.7217 197.132 0
      vertex -85.9023 195.276 0
    endloop
  endfacet
  facet normal -0 0 -1
    outer loop
      vertex -84.5004 198.029 0
      vertex -84.524 197.982 0
      vertex -84.8813 199.171 0
    endloop
  endfacet
  facet normal 0 0 -1
    outer loop
      vertex -89.2862 194.909 0
      vertex -85.721 197.309 0
      vertex -85.7217 197.132 0
    endloop
  endfacet
  facet normal 0 -0 -1
    outer loop
      vertex -64.7323 223.809 0
      vertex -64.5737 223.732 0
      vertex -66.3613 210.56 0
    endloop
  endfacet
  facet normal 0 0 -1
    outer loop
      vertex -85.5148 197.343 0
      vertex -84.524 197.982 0
      vertex -84.8457 196.881 0
    endloop
  endfacet
  facet normal 0 -0 -1
    outer loop
      vertex -84.8813 199.171 0
      vertex -84.524 197.982 0
      vertex -85.5148 197.343 0
    endloop
  endfacet
  facet normal 0 0 -1
    outer loop
      vertex -84.8813 199.171 0
      vertex -84.0985 198.571 0
      vertex -84.5004 198.029 0
    endloop
  endfacet
  facet normal 0 -0 -1
    outer loop
      vertex -84.9314 199.34 0
      vertex -84.8813 199.171 0
      vertex -85.721 197.309 0
    endloop
  endfacet
  facet normal 0 0 -1
    outer loop
      vertex -72.063 209.751 0
      vertex -71.9836 211.127 0
      vertex -72.0089 209.948 0
    endloop
  endfacet
  facet normal 0 0 -1
    outer loop
      vertex -129.899 264.262 0
      vertex -48.4798 284.613 0
      vertex -50.3628 273.756 0
    endloop
  endfacet
  facet normal 0 0 -1
    outer loop
      vertex -79.7867 199.722 0
      vertex -74.5822 204.971 0
      vertex -74.5994 204.913 0
    endloop
  endfacet
  facet normal 0 0 -1
    outer loop
      vertex -79.7867 199.722 0
      vertex -82.7869 198.98 0
      vertex -83.9769 199.43 0
    endloop
  endfacet
  facet normal 0 0 -1
    outer loop
      vertex -79.8432 199.555 0
      vertex -82.7132 198.76 0
      vertex -82.7869 198.98 0
    endloop
  endfacet
  facet normal -0 0 -1
    outer loop
      vertex -81.5979 196.162 0
      vertex -81.988 196.136 0
      vertex -82.2309 196.546 0
    endloop
  endfacet
  facet normal 0 0 -1
    outer loop
      vertex -83.86 196.315 0
      vertex -83.8401 196.385 0
      vertex -83.0641 196.071 0
    endloop
  endfacet
  facet normal 0 0 -1
    outer loop
      vertex -84.289 195.569 0
      vertex -83.86 196.315 0
      vertex -83.2547 195.409 0
    endloop
  endfacet
  facet normal 0 0 -1
    outer loop
      vertex -83.896 195.126 0
      vertex -84.289 195.569 0
      vertex -83.2547 195.409 0
    endloop
  endfacet
  facet normal 0 0 -1
    outer loop
      vertex -84.2126 195.284 0
      vertex -84.289 195.569 0
      vertex -83.896 195.126 0
    endloop
  endfacet
  facet normal 0 0 -1
    outer loop
      vertex -83.2547 195.409 0
      vertex -83.86 196.315 0
      vertex -83.0641 196.071 0
    endloop
  endfacet
  facet normal 0 0 -1
    outer loop
      vertex -79.35 197.971 0
      vertex -80.7636 197.065 0
      vertex -81.0736 197.325 0
    endloop
  endfacet
  facet normal 0 0 -1
    outer loop
      vertex -83.0641 196.071 0
      vertex -83.8401 196.385 0
      vertex -83.0127 196.148 0
    endloop
  endfacet
  facet normal 0 0 -1
    outer loop
      vertex -83.0127 196.148 0
      vertex -83.8401 196.385 0
      vertex -83.8213 197.005 0
    endloop
  endfacet
  facet normal -0 0 -1
    outer loop
      vertex -82.4527 196.588 0
      vertex -83.0127 196.148 0
      vertex -83.8213 197.005 0
    endloop
  endfacet
  facet normal 0 -0 -1
    outer loop
      vertex -82.7132 198.76 0
      vertex -82.4527 196.588 0
      vertex -83.8213 197.005 0
    endloop
  endfacet
  facet normal 0 0 -1
    outer loop
      vertex -81.3152 197.248 0
      vertex -82.2309 196.546 0
      vertex -82.4527 196.588 0
    endloop
  endfacet
  facet normal 0 0 -1
    outer loop
      vertex -80.7636 197.065 0
      vertex -79.35 197.971 0
      vertex -80.7101 196.954 0
    endloop
  endfacet
  facet normal 0 0 -1
    outer loop
      vertex -81.3152 197.248 0
      vertex -81.5979 196.162 0
      vertex -82.2309 196.546 0
    endloop
  endfacet
  facet normal -0 0 -1
    outer loop
      vertex -81.1789 197.36 0
      vertex -81.3152 197.248 0
      vertex -82.7132 198.76 0
    endloop
  endfacet
  facet normal 0 0 -1
    outer loop
      vertex -79.8432 199.555 0
      vertex -81.1789 197.36 0
      vertex -82.7132 198.76 0
    endloop
  endfacet
  facet normal 0 0 -1
    outer loop
      vertex -81.0736 197.325 0
      vertex -81.1789 197.36 0
      vertex -79.8432 199.555 0
    endloop
  endfacet
  facet normal -0 0 -1
    outer loop
      vertex -79.35 197.971 0
      vertex -81.0736 197.325 0
      vertex -79.8432 199.555 0
    endloop
  endfacet
  facet normal 0 0 -1
    outer loop
      vertex -76.6382 200.708 0
      vertex -74.6573 204.256 0
      vertex -75.9131 201.26 0
    endloop
  endfacet
  facet normal 0 0 -1
    outer loop
      vertex -71.7384 211.28 0
      vertex -68.2304 210.195 0
      vertex -68.3568 210.172 0
    endloop
  endfacet
  facet normal 0 0 -1
    outer loop
      vertex -80.7101 196.954 0
      vertex -79.35 197.971 0
      vertex -80.7001 196.605 0
    endloop
  endfacet
  facet normal 0 0 -1
    outer loop
      vertex -79.7867 199.722 0
      vertex -79.8432 199.555 0
      vertex -82.7869 198.98 0
    endloop
  endfacet
  facet normal 0 0 -1
    outer loop
      vertex -76.6382 200.708 0
      vertex -77.0838 199.652 0
      vertex -79.5945 199.707 0
    endloop
  endfacet
  facet normal 0 0 -1
    outer loop
      vertex -76.6382 200.708 0
      vertex -75.9131 201.26 0
      vertex -76.4872 200.799 0
    endloop
  endfacet
  facet normal -0 0 -1
    outer loop
      vertex -74.6573 204.256 0
      vertex -79.7867 199.722 0
      vertex -74.5994 204.913 0
    endloop
  endfacet
  facet normal 0 0 -1
    outer loop
      vertex -77.0838 199.652 0
      vertex -78.2456 198.697 0
      vertex -78.6209 198.743 0
    endloop
  endfacet
  facet normal 0 0 -1
    outer loop
      vertex -79.5945 199.707 0
      vertex -77.0838 199.652 0
      vertex -78.6209 198.743 0
    endloop
  endfacet
  facet normal 0 0 -1
    outer loop
      vertex -79.7867 199.722 0
      vertex -76.6382 200.708 0
      vertex -79.5945 199.707 0
    endloop
  endfacet
  facet normal -0 0 -1
    outer loop
      vertex -72.063 209.751 0
      vertex -73.664 206.657 0
      vertex -71.9836 211.127 0
    endloop
  endfacet
  facet normal -0 0 -1
    outer loop
      vertex -76.6382 200.708 0
      vertex -79.7867 199.722 0
      vertex -74.6573 204.256 0
    endloop
  endfacet
  facet normal 0 0 -1
    outer loop
      vertex -76.4872 200.799 0
      vertex -75.9131 201.26 0
      vertex -76.2268 200.777 0
    endloop
  endfacet
  facet normal -0 0 -1
    outer loop
      vertex -79.7867 199.722 0
      vertex -83.9769 199.43 0
      vertex -74.5822 204.971 0
    endloop
  endfacet
  facet normal 0 0 -1
    outer loop
      vertex -74.5822 204.971 0
      vertex -83.9769 199.43 0
      vertex -84.03 199.44 0
    endloop
  endfacet
  facet normal -0 0 -1
    outer loop
      vertex -71.6277 208.551 0
      vertex -72.0405 207.964 0
      vertex -71.6118 208.887 0
    endloop
  endfacet
  facet normal 0 0 -1
    outer loop
      vertex -84.79 199.44 0
      vertex -74.5822 204.971 0
      vertex -84.03 199.44 0
    endloop
  endfacet
  facet normal 0 0 -1
    outer loop
      vertex -84.79 199.44 0
      vertex -73.7022 206.611 0
      vertex -74.5822 204.971 0
    endloop
  endfacet
  facet normal 0 0 -1
    outer loop
      vertex -71.9257 211.293 0
      vertex -71.9836 211.127 0
      vertex -84.79 199.44 0
    endloop
  endfacet
  facet normal -0 0 -1
    outer loop
      vertex -71.6118 208.887 0
      vertex -72.0405 207.964 0
      vertex -72.063 209.751 0
    endloop
  endfacet
  facet normal 0 -0 -1
    outer loop
      vertex -72.063 209.751 0
      vertex -72.0405 207.964 0
      vertex -73.664 206.657 0
    endloop
  endfacet
  facet normal -0 0 -1
    outer loop
      vertex -73.664 206.657 0
      vertex -73.7022 206.611 0
      vertex -71.9836 211.127 0
    endloop
  endfacet
  facet normal 0 0 -1
    outer loop
      vertex -61.5459 221.175 0
      vertex -62.3184 223.462 0
      vertex -61.3959 221.805 0
    endloop
  endfacet
  facet normal 0 0 -1
    outer loop
      vertex -71.9836 211.127 0
      vertex -73.7022 206.611 0
      vertex -84.79 199.44 0
    endloop
  endfacet
  facet normal -0 0 -1
    outer loop
      vertex -68.204 209.336 0
      vertex -68.8405 209.072 0
      vertex -68.4132 210.005 0
    endloop
  endfacet
  facet normal 0 0 -1
    outer loop
      vertex -72.0089 209.948 0
      vertex -71.9836 211.127 0
      vertex -71.687 210.147 0
    endloop
  endfacet
  facet normal 0 -0 -1
    outer loop
      vertex -59.4167 222.391 0
      vertex -58.1166 222.42 0
      vertex -60.7203 220.835 0
    endloop
  endfacet
  facet normal 0 0 -1
    outer loop
      vertex -71.7384 211.28 0
      vertex -71.9257 211.293 0
      vertex -64.7323 223.809 0
    endloop
  endfacet
  facet normal -0 0 -1
    outer loop
      vertex -54.1004 217.465 0
      vertex -55.3264 216.577 0
      vertex -54.1354 218.253 0
    endloop
  endfacet
  facet normal 0 0 -1
    outer loop
      vertex -68.4132 210.005 0
      vertex -68.8405 209.072 0
      vertex -69.7383 209.439 0
    endloop
  endfacet
  facet normal 0 0 -1
    outer loop
      vertex -68.3568 210.172 0
      vertex -68.4132 210.005 0
      vertex -69.7383 209.439 0
    endloop
  endfacet
  facet normal 0 0 -1
    outer loop
      vertex -66.4722 210.52 0
      vertex -67.1411 209.897 0
      vertex -68.2304 210.195 0
    endloop
  endfacet
  facet normal 0 0 -1
    outer loop
      vertex -71.7384 211.28 0
      vertex -68.3568 210.172 0
      vertex -69.7383 209.439 0
    endloop
  endfacet
  facet normal 0 0 -1
    outer loop
      vertex -60.7203 220.835 0
      vertex -58.1166 222.42 0
      vertex -56.0107 216.384 0
    endloop
  endfacet
  facet normal 0 0 -1
    outer loop
      vertex -71.7384 211.28 0
      vertex -66.4722 210.52 0
      vertex -68.2304 210.195 0
    endloop
  endfacet
  facet normal 0 0 -1
    outer loop
      vertex -71.7384 211.28 0
      vertex -66.3613 210.56 0
      vertex -66.4722 210.52 0
    endloop
  endfacet
  facet normal -0 0 -1
    outer loop
      vertex -57.2359 214.023 0
      vertex -58.9228 212.753 0
      vertex -56.9011 214.951 0
    endloop
  endfacet
  facet normal 0 0 -1
    outer loop
      vertex -56.0107 216.384 0
      vertex -58.1166 222.42 0
      vertex -58.0525 222.436 0
    endloop
  endfacet
  facet normal -0 0 -1
    outer loop
      vertex -54.1354 218.253 0
      vertex -56.0107 216.384 0
      vertex -58.0525 222.436 0
    endloop
  endfacet
  facet normal -0 0 -1
    outer loop
      vertex -55.9381 215.695 0
      vertex -56.8492 215.021 0
      vertex -56.1116 216.19 0
    endloop
  endfacet
  facet normal -0 0 -1
    outer loop
      vertex -54.07 218.417 0
      vertex -54.1354 218.253 0
      vertex -58.0525 222.436 0
    endloop
  endfacet
  facet normal 0 -0 -1
    outer loop
      vertex -59.9548 222.153 0
      vertex -59.4167 222.391 0
      vertex -60.7203 220.835 0
    endloop
  endfacet
  facet normal -0 0 -1
    outer loop
      vertex -53.9816 217.647 0
      vertex -54.1004 217.465 0
      vertex -54.1354 218.253 0
    endloop
  endfacet
  facet normal 0 0 -1
    outer loop
      vertex -58.0525 222.436 0
      vertex -55.0457 222.746 0
      vertex -54.07 218.417 0
    endloop
  endfacet
  facet normal -0 0 -1
    outer loop
      vertex -53.0593 219.407 0
      vertex -53.1739 219.218 0
      vertex -55.0457 222.746 0
    endloop
  endfacet
  facet normal 0 0 -1
    outer loop
      vertex -54.1354 218.253 0
      vertex -55.3264 216.577 0
      vertex -56.0107 216.384 0
    endloop
  endfacet
  facet normal 0 0 -1
    outer loop
      vertex -55.0457 222.746 0
      vertex -52.6485 221.732 0
      vertex -53.0593 219.407 0
    endloop
  endfacet
  facet normal 0 0 -1
    outer loop
      vertex -54.07 218.417 0
      vertex -53.1739 219.218 0
      vertex -53.9581 218.437 0
    endloop
  endfacet
  facet normal 0 0 -1
    outer loop
      vertex -54.07 218.417 0
      vertex -55.0457 222.746 0
      vertex -53.1739 219.218 0
    endloop
  endfacet
  facet normal 0 -0 -1
    outer loop
      vertex -53.1739 219.218 0
      vertex -52.932 218.397 0
      vertex -53.2239 218.277 0
    endloop
  endfacet
  facet normal 0 0 -1
    outer loop
      vertex -53.9581 218.437 0
      vertex -53.1739 219.218 0
      vertex -53.2239 218.277 0
    endloop
  endfacet
  facet normal -0 0 -1
    outer loop
      vertex -49.5311 221.604 0
      vertex -49.6502 221.287 0
      vertex -49.5696 221.631 0
    endloop
  endfacet
  facet normal -0 0 -1
    outer loop
      vertex -52.5944 221.72 0
      vertex -53.0593 219.407 0
      vertex -52.6485 221.732 0
    endloop
  endfacet
  facet normal 0 0 -1
    outer loop
      vertex -53.0593 219.407 0
      vertex -51.3398 220.326 0
      vertex -51.3648 219.744 0
    endloop
  endfacet
  facet normal 0 0 -1
    outer loop
      vertex -61.5459 221.175 0
      vertex -64.5737 223.732 0
      vertex -62.3184 223.462 0
    endloop
  endfacet
  facet normal -0 0 -1
    outer loop
      vertex -49.6502 221.287 0
      vertex -51.259 220.453 0
      vertex -49.5696 221.631 0
    endloop
  endfacet
  facet normal -0 0 -1
    outer loop
      vertex -49.5696 221.631 0
      vertex -51.259 220.453 0
      vertex -52.5944 221.72 0
    endloop
  endfacet
  facet normal 0 -0 -1
    outer loop
      vertex -52.5944 221.72 0
      vertex -51.3398 220.326 0
      vertex -53.0593 219.407 0
    endloop
  endfacet
  facet normal 0 0 -1
    outer loop
      vertex -54.4483 229.222 0
      vertex -50.1596 231.069 0
      vertex -50.0996 230.249 0
    endloop
  endfacet
  facet normal 0 0 -1
    outer loop
      vertex -58.0525 222.436 0
      vertex -56.7101 223.112 0
      vertex -55.0457 222.746 0
    endloop
  endfacet
  facet normal 0 0 -1
    outer loop
      vertex -60.5057 231.754 0
      vertex -63.0984 227.72 0
      vertex -63.2527 227.616 0
    endloop
  endfacet
  facet normal 0 0 -1
    outer loop
      vertex -60.7203 220.835 0
      vertex -56.0107 216.384 0
      vertex -56.1116 216.19 0
    endloop
  endfacet
  facet normal 0 0 -1
    outer loop
      vertex -53.13 225.309 0
      vertex -50.0072 226.699 0
      vertex -52.76 224.727 0
    endloop
  endfacet
  facet normal 0 0 -1
    outer loop
      vertex -56.8492 215.021 0
      vertex -60.7203 220.835 0
      vertex -56.1116 216.19 0
    endloop
  endfacet
  facet normal 0 0 -1
    outer loop
      vertex -56.8492 215.021 0
      vertex -60.9079 220.772 0
      vertex -60.7203 220.835 0
    endloop
  endfacet
  facet normal -0 0 -1
    outer loop
      vertex -56.8492 215.021 0
      vertex -56.9011 214.951 0
      vertex -60.9079 220.772 0
    endloop
  endfacet
  facet normal 0 0 -1
    outer loop
      vertex -62.2408 223.451 0
      vertex -59.2407 223.838 0
      vertex -60.5151 222.765 0
    endloop
  endfacet
  facet normal 0 0 -1
    outer loop
      vertex -60.9079 220.772 0
      vertex -56.9011 214.951 0
      vertex -58.9228 212.753 0
    endloop
  endfacet
  facet normal 0 0 -1
    outer loop
      vertex -61.4579 221.002 0
      vertex -60.9079 220.772 0
      vertex -58.9228 212.753 0
    endloop
  endfacet
  facet normal 0 0 -1
    outer loop
      vertex -65.0227 210.482 0
      vertex -66.3613 210.56 0
      vertex -61.4579 221.002 0
    endloop
  endfacet
  facet normal 0 0 -1
    outer loop
      vertex -65.0227 210.482 0
      vertex -61.4579 221.002 0
      vertex -58.9228 212.753 0
    endloop
  endfacet
  facet normal 0 0 -1
    outer loop
      vertex -64.5737 223.732 0
      vertex -61.5459 221.175 0
      vertex -61.4579 221.002 0
    endloop
  endfacet
  facet normal -0 0 -1
    outer loop
      vertex -61.4579 221.002 0
      vertex -66.3613 210.56 0
      vertex -64.5737 223.732 0
    endloop
  endfacet
  facet normal 0 0 -1
    outer loop
      vertex -61.3959 221.805 0
      vertex -62.3184 223.462 0
      vertex -62.2408 223.451 0
    endloop
  endfacet
  facet normal -0 0 -1
    outer loop
      vertex -61.3598 221.872 0
      vertex -61.3959 221.805 0
      vertex -62.2408 223.451 0
    endloop
  endfacet
  facet normal -0 0 -1
    outer loop
      vertex -60.5598 222.732 0
      vertex -61.3598 221.872 0
      vertex -62.2408 223.451 0
    endloop
  endfacet
  facet normal 0 0 -1
    outer loop
      vertex -64.5737 223.732 0
      vertex -63.4375 223.935 0
      vertex -62.3184 223.462 0
    endloop
  endfacet
  facet normal 0 0 -1
    outer loop
      vertex -59.2407 223.838 0
      vertex -59.0828 223.561 0
      vertex -59.1668 223.415 0
    endloop
  endfacet
  facet normal 0 0 -1
    outer loop
      vertex -63.1981 227.449 0
      vertex -63.2456 224.858 0
      vertex -64.6765 224.009 0
    endloop
  endfacet
  facet normal 0 0 -1
    outer loop
      vertex -60.5151 222.765 0
      vertex -59.2407 223.838 0
      vertex -59.1668 223.415 0
    endloop
  endfacet
  facet normal 0 0 -1
    outer loop
      vertex -60.5598 222.732 0
      vertex -62.2408 223.451 0
      vertex -60.5151 222.765 0
    endloop
  endfacet
  facet normal -0 0 -1
    outer loop
      vertex -62.3607 226.841 0
      vertex -62.5223 225.647 0
      vertex -63.1981 227.449 0
    endloop
  endfacet
  facet normal 0 0 -1
    outer loop
      vertex -71.7384 211.28 0
      vertex -64.7323 223.809 0
      vertex -66.3613 210.56 0
    endloop
  endfacet
  facet normal 0 0 -1
    outer loop
      vertex -119.981 232.328 0
      vertex -119.636 232.416 0
      vertex -119.796 232.249 0
    endloop
  endfacet
  facet normal 0 0 -1
    outer loop
      vertex -147.381 279.378 0
      vertex -140.559 270.429 0
      vertex -140.697 270.452 0
    endloop
  endfacet
  facet normal 0 0 -1
    outer loop
      vertex -60.436 231.919 0
      vertex -61.3621 242.97 0
      vertex -60.8821 242.43 0
    endloop
  endfacet
  facet normal -0 0 -1
    outer loop
      vertex -63.1981 227.449 0
      vertex -64.6765 224.009 0
      vertex -63.2527 227.616 0
    endloop
  endfacet
  facet normal 0 -0 -1
    outer loop
      vertex -60.3857 231.264 0
      vertex -60.259 231.151 0
      vertex -63.0984 227.72 0
    endloop
  endfacet
  facet normal 0 -0 -1
    outer loop
      vertex -63.1981 227.449 0
      vertex -62.5223 225.647 0
      vertex -63.2456 224.858 0
    endloop
  endfacet
  facet normal -0 0 -1
    outer loop
      vertex -60.436 231.919 0
      vertex -60.5057 231.754 0
      vertex -61.3621 242.97 0
    endloop
  endfacet
  facet normal 0 0 -1
    outer loop
      vertex -60.8821 242.43 0
      vertex -59.3875 239.897 0
      vertex -60.436 231.919 0
    endloop
  endfacet
  facet normal 0 0 -1
    outer loop
      vertex -59.9568 232.126 0
      vertex -58.7215 239.418 0
      vertex -56.1409 237.407 0
    endloop
  endfacet
  facet normal 0 0 -1
    outer loop
      vertex -53.13 225.309 0
      vertex -53.7742 227.975 0
      vertex -50.0072 226.699 0
    endloop
  endfacet
  facet normal 0 0 -1
    outer loop
      vertex -57.2621 230.135 0
      vertex -60.259 231.151 0
      vertex -57.5356 230.802 0
    endloop
  endfacet
  facet normal 0 0 -1
    outer loop
      vertex -57.2621 230.135 0
      vertex -57.3457 228.947 0
      vertex -58.2206 228.081 0
    endloop
  endfacet
  facet normal -0 0 -1
    outer loop
      vertex -57.2621 230.135 0
      vertex -58.2206 228.081 0
      vertex -60.259 231.151 0
    endloop
  endfacet
  facet normal 0 0 -1
    outer loop
      vertex -60.259 231.151 0
      vertex -58.2206 228.081 0
      vertex -59.4029 227.433 0
    endloop
  endfacet
  facet normal 0 0 -1
    outer loop
      vertex -63.0984 227.72 0
      vertex -60.259 231.151 0
      vertex -59.4029 227.433 0
    endloop
  endfacet
  facet normal 0 0 -1
    outer loop
      vertex -55.7365 237.015 0
      vertex -54.717 237.57 0
      vertex -54.3852 237.067 0
    endloop
  endfacet
  facet normal 0 -0 -1
    outer loop
      vertex -60.5057 231.754 0
      vertex -60.3857 231.264 0
      vertex -63.0984 227.72 0
    endloop
  endfacet
  facet normal 0 0 -1
    outer loop
      vertex -58.7215 239.418 0
      vertex -59.9568 232.126 0
      vertex -60.096 232.119 0
    endloop
  endfacet
  facet normal 0 -0 -1
    outer loop
      vertex -59.3115 239.738 0
      vertex -58.7215 239.418 0
      vertex -60.096 232.119 0
    endloop
  endfacet
  facet normal 0 -0 -1
    outer loop
      vertex -52.5032 235.505 0
      vertex -50.1327 231.166 0
      vertex -54.4844 229.266 0
    endloop
  endfacet
  facet normal 0 0 -1
    outer loop
      vertex -55.9509 237.067 0
      vertex -57.5133 231.73 0
      vertex -59.2737 231.809 0
    endloop
  endfacet
  facet normal 0 -0 -1
    outer loop
      vertex -49.8547 232.941 0
      vertex -49.7391 232.833 0
      vertex -50.1327 231.166 0
    endloop
  endfacet
  facet normal 0 0 -1
    outer loop
      vertex -49.4155 230.511 0
      vertex -48.7838 230.958 0
      vertex -48.4862 230.822 0
    endloop
  endfacet
  facet normal 0 0 -1
    outer loop
      vertex -49.6733 229.299 0
      vertex -49.4155 230.511 0
      vertex -48.4862 230.822 0
    endloop
  endfacet
  facet normal 0 0 -1
    outer loop
      vertex -51.7896 224.067 0
      vertex -50.0072 226.699 0
      vertex -50.5417 223.988 0
    endloop
  endfacet
  facet normal 0 0 -1
    outer loop
      vertex -51.7896 224.067 0
      vertex -52.76 224.727 0
      vertex -50.0072 226.699 0
    endloop
  endfacet
  facet normal 0 -0 -1
    outer loop
      vertex -49.8043 229.181 0
      vertex -48.3199 226.634 0
      vertex -49.8779 226.819 0
    endloop
  endfacet
  facet normal -0 -0 -1
    outer loop
      vertex -48.3199 226.634 0
      vertex -48.3183 226.617 0
      vertex -49.7101 226.677 0
    endloop
  endfacet
  facet normal 0 0 -1
    outer loop
      vertex -50.0072 226.699 0
      vertex -49.9686 229.309 0
      vertex -49.8779 226.819 0
    endloop
  endfacet
  facet normal 0 0 -1
    outer loop
      vertex -49.7101 226.677 0
      vertex -49.8779 226.819 0
      vertex -48.3199 226.634 0
    endloop
  endfacet
  facet normal 0 0 -1
    outer loop
      vertex -47.9865 224.451 0
      vertex -48.9558 224.184 0
      vertex -49.0528 224.209 0
    endloop
  endfacet
  facet normal -0 0 -1
    outer loop
      vertex -48.156 224.171 0
      vertex -48.7308 224.031 0
      vertex -48.9558 224.184 0
    endloop
  endfacet
  facet normal 0 0 -1
    outer loop
      vertex -49.7101 226.677 0
      vertex -49.0528 224.209 0
      vertex -49.5972 224.163 0
    endloop
  endfacet
  facet normal 0 -0 -1
    outer loop
      vertex -59.3875 239.897 0
      vertex -59.3115 239.738 0
      vertex -60.436 231.919 0
    endloop
  endfacet
  facet normal 0 0 -1
    outer loop
      vertex -47.9865 224.451 0
      vertex -48.156 224.171 0
      vertex -48.9558 224.184 0
    endloop
  endfacet
  facet normal 0 -0 -1
    outer loop
      vertex -48.3183 226.617 0
      vertex -47.9865 224.451 0
      vertex -49.0528 224.209 0
    endloop
  endfacet
  facet normal 0 0 -1
    outer loop
      vertex -49.7101 226.677 0
      vertex -48.3183 226.617 0
      vertex -49.0528 224.209 0
    endloop
  endfacet
  facet normal 0 0 -1
    outer loop
      vertex -52.0639 335.116 0
      vertex -47.1107 337.657 0
      vertex -47.3291 332.534 0
    endloop
  endfacet
  facet normal 0 0 -1
    outer loop
      vertex -53.7883 228.012 0
      vertex -49.9686 229.309 0
      vertex -53.7742 227.975 0
    endloop
  endfacet
  facet normal 0 0 -1
    outer loop
      vertex -53.7883 228.012 0
      vertex -54.4483 229.222 0
      vertex -50.0986 230.239 0
    endloop
  endfacet
  facet normal 0 0 -1
    outer loop
      vertex -50.1327 231.166 0
      vertex -49.7391 232.833 0
      vertex -49.0554 232.698 0
    endloop
  endfacet
  facet normal 0 0 -1
    outer loop
      vertex -49.9686 229.309 0
      vertex -50.0072 226.699 0
      vertex -53.7742 227.975 0
    endloop
  endfacet
  facet normal 0 -0 -1
    outer loop
      vertex -48.4862 230.822 0
      vertex -48.3199 226.634 0
      vertex -49.6733 229.299 0
    endloop
  endfacet
  facet normal 0 0 -1
    outer loop
      vertex -49.8043 229.181 0
      vertex -49.6733 229.299 0
      vertex -48.3199 226.634 0
    endloop
  endfacet
  facet normal 0 0 -1
    outer loop
      vertex -53.7883 228.012 0
      vertex -50.0986 230.239 0
      vertex -49.9686 229.309 0
    endloop
  endfacet
  facet normal 0 0 -1
    outer loop
      vertex -49.9686 229.309 0
      vertex -49.8043 229.181 0
      vertex -49.8779 226.819 0
    endloop
  endfacet
  facet normal 0 0 -1
    outer loop
      vertex -54.4483 229.222 0
      vertex -50.0996 230.249 0
      vertex -50.0986 230.239 0
    endloop
  endfacet
  facet normal 0 0 -1
    outer loop
      vertex -50.1596 231.069 0
      vertex -54.4483 229.222 0
      vertex -54.4844 229.266 0
    endloop
  endfacet
  facet normal 0 0 -1
    outer loop
      vertex -50.1327 231.166 0
      vertex -50.1596 231.069 0
      vertex -54.4844 229.266 0
    endloop
  endfacet
  facet normal -0 -0 -1
    outer loop
      vertex -50.12 233.916 0
      vertex -49.8547 232.941 0
      vertex -52.5032 235.505 0
    endloop
  endfacet
  facet normal 0 0 -1
    outer loop
      vertex -52.5032 235.505 0
      vertex -49.8547 232.941 0
      vertex -50.1327 231.166 0
    endloop
  endfacet
  facet normal 0 0 -1
    outer loop
      vertex -57.4244 231.696 0
      vertex -52.5032 235.505 0
      vertex -54.4844 229.266 0
    endloop
  endfacet
  facet normal -0 0 -1
    outer loop
      vertex -53.6494 245.011 0
      vertex -54.7625 242.446 0
      vertex -54.6331 245.118 0
    endloop
  endfacet
  facet normal 0 0 -1
    outer loop
      vertex -57.4244 231.696 0
      vertex -52.5155 235.514 0
      vertex -52.5032 235.505 0
    endloop
  endfacet
  facet normal 0 0 -1
    outer loop
      vertex -55.7365 237.015 0
      vertex -54.3555 237.034 0
      vertex -52.5155 235.514 0
    endloop
  endfacet
  facet normal 0 0 -1
    outer loop
      vertex -57.4244 231.696 0
      vertex -55.7365 237.015 0
      vertex -52.5155 235.514 0
    endloop
  endfacet
  facet normal -0 0 -1
    outer loop
      vertex -60.5057 231.754 0
      vertex -63.2527 227.616 0
      vertex -61.3621 242.97 0
    endloop
  endfacet
  facet normal -0 0 -1
    outer loop
      vertex -54.3555 237.034 0
      vertex -55.7365 237.015 0
      vertex -54.3852 237.067 0
    endloop
  endfacet
  facet normal 0 0 -1
    outer loop
      vertex -49.6848 235.775 0
      vertex -53.3705 238.359 0
      vertex -49.66 237.133 0
    endloop
  endfacet
  facet normal 0 0 -1
    outer loop
      vertex -55.7365 237.015 0
      vertex -54.8168 237.632 0
      vertex -54.717 237.57 0
    endloop
  endfacet
  facet normal 0 0 -1
    outer loop
      vertex -57.5133 231.73 0
      vertex -55.7365 237.015 0
      vertex -57.4244 231.696 0
    endloop
  endfacet
  facet normal 0 0 -1
    outer loop
      vertex -57.5133 231.73 0
      vertex -55.9509 237.067 0
      vertex -55.7365 237.015 0
    endloop
  endfacet
  facet normal 0 0 -1
    outer loop
      vertex -59.2737 231.809 0
      vertex -59.9568 232.126 0
      vertex -55.9509 237.067 0
    endloop
  endfacet
  facet normal -0 0 -1
    outer loop
      vertex -55.9509 237.067 0
      vertex -59.9568 232.126 0
      vertex -56.1409 237.407 0
    endloop
  endfacet
  facet normal 0 0 -1
    outer loop
      vertex -56.1 237.6 0
      vertex -54.9322 238.883 0
      vertex -55.0261 238.405 0
    endloop
  endfacet
  facet normal 0 0 -1
    outer loop
      vertex -56.1409 237.407 0
      vertex -58.7215 239.418 0
      vertex -58.584 239.415 0
    endloop
  endfacet
  facet normal -0 0 -1
    outer loop
      vertex -56.1 237.6 0
      vertex -56.1409 237.407 0
      vertex -58.584 239.415 0
    endloop
  endfacet
  facet normal -0 0 -1
    outer loop
      vertex -54.9322 238.883 0
      vertex -56.1 237.6 0
      vertex -58.584 239.415 0
    endloop
  endfacet
  facet normal 0 0 -1
    outer loop
      vertex -58.584 239.415 0
      vertex -55.2578 241.045 0
      vertex -54.9322 238.883 0
    endloop
  endfacet
  facet normal -0 0 -1
    outer loop
      vertex -59.3074 240.004 0
      vertex -59.3875 239.897 0
      vertex -60.6471 242.444 0
    endloop
  endfacet
  facet normal 0 0 -1
    outer loop
      vertex -55.6541 242.217 0
      vertex -56.3848 243.99 0
      vertex -55.5725 242.266 0
    endloop
  endfacet
  facet normal -0 0 -1
    outer loop
      vertex -59.4639 242.791 0
      vertex -60.6471 242.444 0
      vertex -60.3471 242.873 0
    endloop
  endfacet
  facet normal 0 -0 -1
    outer loop
      vertex -59.4639 242.791 0
      vertex -59.3074 240.004 0
      vertex -60.6471 242.444 0
    endloop
  endfacet
  facet normal 0 -0 -1
    outer loop
      vertex -60.6471 242.444 0
      vertex -59.3875 239.897 0
      vertex -60.8821 242.43 0
    endloop
  endfacet
  facet normal 0 0 -1
    outer loop
      vertex -54.7625 242.446 0
      vertex -55.6276 244.918 0
      vertex -54.6331 245.118 0
    endloop
  endfacet
  facet normal 0 0 -1
    outer loop
      vertex -56.3023 244.07 0
      vertex -55.6276 244.918 0
      vertex -54.7625 242.446 0
    endloop
  endfacet
  facet normal -0 0 -1
    outer loop
      vertex -51.7605 243.389 0
      vertex -54.5837 242.333 0
      vertex -53.1849 244.94 0
    endloop
  endfacet
  facet normal -0 0 -1
    outer loop
      vertex -50.8657 242.537 0
      vertex -53.9871 239.708 0
      vertex -50.9154 242.595 0
    endloop
  endfacet
  facet normal 0 0 -1
    outer loop
      vertex -60.5163 244.827 0
      vertex -60.6503 243.497 0
      vertex -61.3103 243.207 0
    endloop
  endfacet
  facet normal 0 0 -1
    outer loop
      vertex -49.66 237.133 0
      vertex -53.3705 238.359 0
      vertex -49.6096 237.242 0
    endloop
  endfacet
  facet normal 0 0 -1
    outer loop
      vertex -49.6096 237.242 0
      vertex -53.3705 238.359 0
      vertex -49.2085 237.599 0
    endloop
  endfacet
  facet normal 0 0 -1
    outer loop
      vertex -49.2085 237.599 0
      vertex -53.3705 238.359 0
      vertex -49.1218 241.323 0
    endloop
  endfacet
  facet normal -0 0 -1
    outer loop
      vertex -49.1218 241.323 0
      vertex -53.3705 238.359 0
      vertex -50.8657 242.537 0
    endloop
  endfacet
  facet normal 0 0 -1
    outer loop
      vertex -50.8657 242.537 0
      vertex -53.3705 238.359 0
      vertex -53.9871 239.708 0
    endloop
  endfacet
  facet normal 0 0 -1
    outer loop
      vertex -50.9154 242.595 0
      vertex -53.9871 239.708 0
      vertex -54.5837 242.333 0
    endloop
  endfacet
  facet normal 0 0 -1
    outer loop
      vertex -53.546 248.027 0
      vertex -49.7495 250.259 0
      vertex -49.3095 249.679 0
    endloop
  endfacet
  facet normal -0 -0 -1
    outer loop
      vertex -51.2064 243.205 0
      vertex -50.9154 242.595 0
      vertex -51.6919 243.346 0
    endloop
  endfacet
  facet normal 0 -0 -1
    outer loop
      vertex -51.6919 243.346 0
      vertex -50.9154 242.595 0
      vertex -54.5837 242.333 0
    endloop
  endfacet
  facet normal 0 -0 -1
    outer loop
      vertex -51.7605 243.389 0
      vertex -51.6919 243.346 0
      vertex -54.5837 242.333 0
    endloop
  endfacet
  facet normal -0 0 -1
    outer loop
      vertex -53.1849 244.94 0
      vertex -54.5837 242.333 0
      vertex -53.6494 245.011 0
    endloop
  endfacet
  facet normal 0 0 -1
    outer loop
      vertex -53.6494 245.011 0
      vertex -54.5837 242.333 0
      vertex -54.7625 242.446 0
    endloop
  endfacet
  facet normal 0 0 -1
    outer loop
      vertex -56.3023 244.07 0
      vertex -56.0326 244.693 0
      vertex -55.6276 244.918 0
    endloop
  endfacet
  facet normal 0 0 -1
    outer loop
      vertex -48.7995 254.625 0
      vertex -49.5214 259.09 0
      vertex -48.3214 257.76 0
    endloop
  endfacet
  facet normal 0 0 -1
    outer loop
      vertex -55.5725 242.266 0
      vertex -56.3023 244.07 0
      vertex -54.7625 242.446 0
    endloop
  endfacet
  facet normal 0 0 -1
    outer loop
      vertex -55.5725 242.266 0
      vertex -56.3848 243.99 0
      vertex -56.3023 244.07 0
    endloop
  endfacet
  facet normal 0 0 -1
    outer loop
      vertex -56.8233 248.748 0
      vertex -56.8385 248.573 0
      vertex -60.5298 245.503 0
    endloop
  endfacet
  facet normal 0 0 -1
    outer loop
      vertex -59.3949 242.8 0
      vertex -56.2145 241.56 0
      vertex -59.3074 240.004 0
    endloop
  endfacet
  facet normal 0 -0 -1
    outer loop
      vertex -60.5163 244.827 0
      vertex -60.4654 244.767 0
      vertex -60.6503 243.497 0
    endloop
  endfacet
  facet normal -0 0 -1
    outer loop
      vertex -55.6541 242.217 0
      vertex -56.2145 241.56 0
      vertex -56.3848 243.99 0
    endloop
  endfacet
  facet normal 0 -0 -1
    outer loop
      vertex -56.3848 243.99 0
      vertex -56.2145 241.56 0
      vertex -59.3949 242.8 0
    endloop
  endfacet
  facet normal 0 0 -1
    outer loop
      vertex -59.4639 242.791 0
      vertex -59.3949 242.8 0
      vertex -59.3074 240.004 0
    endloop
  endfacet
  facet normal 0 -0 -1
    outer loop
      vertex -60.4654 244.767 0
      vertex -59.4762 243.473 0
      vertex -60.585 243.51 0
    endloop
  endfacet
  facet normal 0 0 -1
    outer loop
      vertex -126.989 257.361 0
      vertex -128.347 258.591 0
      vertex -129.319 262.491 0
    endloop
  endfacet
  facet normal 0 0 -1
    outer loop
      vertex -148.638 269.207 0
      vertex -147.005 269.213 0
      vertex -148.515 269.176 0
    endloop
  endfacet
  facet normal 0 0 -1
    outer loop
      vertex -135.916 268.64 0
      vertex -137.936 269.42 0
      vertex -147.112 281.787 0
    endloop
  endfacet
  facet normal 0 0 -1
    outer loop
      vertex -47.0833 294.155 0
      vertex -99.4787 335.122 0
      vertex -99.2611 335.193 0
    endloop
  endfacet
  facet normal -0 0 -1
    outer loop
      vertex -60.7363 245.307 0
      vertex -61.3103 243.207 0
      vertex -60.7016 245.48 0
    endloop
  endfacet
  facet normal 0 0 -1
    outer loop
      vertex -49.54 259.265 0
      vertex -47.8844 269.493 0
      vertex -47.7589 269.41 0
    endloop
  endfacet
  facet normal 0 0 -1
    outer loop
      vertex -59.4762 243.473 0
      vertex -60.4654 244.767 0
      vertex -59.1893 243.883 0
    endloop
  endfacet
  facet normal 0 0 -1
    outer loop
      vertex -60.6503 243.497 0
      vertex -60.4654 244.767 0
      vertex -60.585 243.51 0
    endloop
  endfacet
  facet normal 0 -0 -1
    outer loop
      vertex -60.7363 245.307 0
      vertex -60.5163 244.827 0
      vertex -61.3103 243.207 0
    endloop
  endfacet
  facet normal 0 0 -1
    outer loop
      vertex -101.008 355.969 0
      vertex -102.435 353.376 0
      vertex -103.119 354.908 0
    endloop
  endfacet
  facet normal 0 0 -1
    outer loop
      vertex -65.7057 337.631 0
      vertex -51.4183 322.652 0
      vertex -51.7083 320.732 0
    endloop
  endfacet
  facet normal 0 0 -1
    outer loop
      vertex -56.8385 248.573 0
      vertex -55.2994 246.017 0
      vertex -56.3216 245.462 0
    endloop
  endfacet
  facet normal -0 0 -1
    outer loop
      vertex -57.1236 244.386 0
      vertex -57.9076 244.113 0
      vertex -56.3712 245.418 0
    endloop
  endfacet
  facet normal 0 0 -1
    outer loop
      vertex -60.5298 245.503 0
      vertex -56.3712 245.418 0
      vertex -57.9076 244.113 0
    endloop
  endfacet
  facet normal 0 0 -1
    outer loop
      vertex -56.8385 248.573 0
      vertex -56.3216 245.462 0
      vertex -56.3712 245.418 0
    endloop
  endfacet
  facet normal 0 0 -1
    outer loop
      vertex -60.5298 245.503 0
      vertex -56.8385 248.573 0
      vertex -56.3712 245.418 0
    endloop
  endfacet
  facet normal 0 0 -1
    outer loop
      vertex -60.7016 245.48 0
      vertex -56.8233 248.748 0
      vertex -60.5298 245.503 0
    endloop
  endfacet
  facet normal 0 0 -1
    outer loop
      vertex -56.6009 248.753 0
      vertex -53.6452 248.106 0
      vertex -53.808 248.038 0
    endloop
  endfacet
  facet normal 0 0 -1
    outer loop
      vertex -53.808 248.038 0
      vertex -54.4427 247 0
      vertex -54.8023 246.849 0
    endloop
  endfacet
  facet normal 0 0 -1
    outer loop
      vertex -52.6773 246.3 0
      vertex -49.3095 249.679 0
      vertex -49.214 249.622 0
    endloop
  endfacet
  facet normal 0 0 -1
    outer loop
      vertex -56.6009 248.753 0
      vertex -53.808 248.038 0
      vertex -54.8023 246.849 0
    endloop
  endfacet
  facet normal 0 0 -1
    outer loop
      vertex -47.8984 245.489 0
      vertex -49.214 249.622 0
      vertex -46.7674 249.226 0
    endloop
  endfacet
  facet normal 0 0 -1
    outer loop
      vertex -48.2302 253.865 0
      vertex -46.8038 255.08 0
      vertex -48.2135 253.758 0
    endloop
  endfacet
  facet normal -0 0 -1
    outer loop
      vertex -47.9796 245.452 0
      vertex -51.5419 245.194 0
      vertex -49.214 249.622 0
    endloop
  endfacet
  facet normal 0 0 -1
    outer loop
      vertex -49.3569 244.23 0
      vertex -49.6244 244.23 0
      vertex -47.9796 245.452 0
    endloop
  endfacet
  facet normal 0 0 -1
    outer loop
      vertex -47.9796 245.452 0
      vertex -49.6244 244.23 0
      vertex -51.5419 245.194 0
    endloop
  endfacet
  facet normal -0 0 -1
    outer loop
      vertex -47.8984 245.489 0
      vertex -47.9796 245.452 0
      vertex -49.214 249.622 0
    endloop
  endfacet
  facet normal 0 0 -1
    outer loop
      vertex -46.7674 249.226 0
      vertex -45.4208 248.534 0
      vertex -45.7221 245.897 0
    endloop
  endfacet
  facet normal 0 0 -1
    outer loop
      vertex -45.9216 245.734 0
      vertex -46.7674 249.226 0
      vertex -45.7221 245.897 0
    endloop
  endfacet
  facet normal -0 0 -1
    outer loop
      vertex -45.9216 245.734 0
      vertex -47.8984 245.489 0
      vertex -46.7674 249.226 0
    endloop
  endfacet
  facet normal 0 0 -1
    outer loop
      vertex -51.5419 245.194 0
      vertex -52.6773 246.3 0
      vertex -49.214 249.622 0
    endloop
  endfacet
  facet normal 0 0 -1
    outer loop
      vertex -52.6773 246.3 0
      vertex -53.546 248.027 0
      vertex -49.3095 249.679 0
    endloop
  endfacet
  facet normal 0 0 -1
    outer loop
      vertex -46.2381 254.983 0
      vertex -43.5623 254.933 0
      vertex -43.5344 254.883 0
    endloop
  endfacet
  facet normal 0 0 -1
    outer loop
      vertex -53.546 248.027 0
      vertex -49.7749 250.389 0
      vertex -49.7495 250.259 0
    endloop
  endfacet
  facet normal -0 0 -1
    outer loop
      vertex -45.9541 251.092 0
      vertex -46.923 250.898 0
      vertex -45.1595 252.128 0
    endloop
  endfacet
  facet normal 0 0 -1
    outer loop
      vertex -53.546 248.027 0
      vertex -53.6452 248.106 0
      vertex -49.7749 250.389 0
    endloop
  endfacet
  facet normal 0 0 -1
    outer loop
      vertex -49.7749 250.389 0
      vertex -49.7414 252.25 0
      vertex -49.4769 251.504 0
    endloop
  endfacet
  facet normal -0 0 -1
    outer loop
      vertex -49.7749 250.389 0
      vertex -53.6452 248.106 0
      vertex -49.7414 252.25 0
    endloop
  endfacet
  facet normal 0 0 -1
    outer loop
      vertex -49.7414 252.25 0
      vertex -53.6452 248.106 0
      vertex -56.6009 248.753 0
    endloop
  endfacet
  facet normal 0 0 -1
    outer loop
      vertex -49.7024 252.41 0
      vertex -49.7414 252.25 0
      vertex -56.6009 248.753 0
    endloop
  endfacet
  facet normal -0 0 -1
    outer loop
      vertex -48.9098 254.487 0
      vertex -49.7024 252.41 0
      vertex -49.5214 259.09 0
    endloop
  endfacet
  facet normal 0 0 -1
    outer loop
      vertex -48.9098 254.487 0
      vertex -48.9769 253.088 0
      vertex -49.7024 252.41 0
    endloop
  endfacet
  facet normal 0 0 -1
    outer loop
      vertex -49.5214 259.09 0
      vertex -49.7024 252.41 0
      vertex -56.6009 248.753 0
    endloop
  endfacet
  facet normal -0 0 -1
    outer loop
      vertex -46.8884 255.278 0
      vertex -48.7995 254.625 0
      vertex -48.1329 257.731 0
    endloop
  endfacet
  facet normal 0 0 -1
    outer loop
      vertex -46.923 250.898 0
      vertex -48.2135 253.758 0
      vertex -45.1595 252.128 0
    endloop
  endfacet
  facet normal 0 0 -1
    outer loop
      vertex -44.4975 267.037 0
      vertex -45.796 269.145 0
      vertex -45.7272 269.112 0
    endloop
  endfacet
  facet normal 0 0 -1
    outer loop
      vertex -46.923 250.898 0
      vertex -48.6202 251.904 0
      vertex -48.2135 253.758 0
    endloop
  endfacet
  facet normal -0 0 -1
    outer loop
      vertex -45.1169 251.582 0
      vertex -45.9541 251.092 0
      vertex -45.1595 252.128 0
    endloop
  endfacet
  facet normal 0 0 -1
    outer loop
      vertex -46.4138 254.93 0
      vertex -46.2381 254.983 0
      vertex -44.988 252.288 0
    endloop
  endfacet
  facet normal 0 0 -1
    outer loop
      vertex -45.1595 252.128 0
      vertex -46.4138 254.93 0
      vertex -44.988 252.288 0
    endloop
  endfacet
  facet normal -0 0 -1
    outer loop
      vertex -42.9118 253.125 0
      vertex -44.988 252.288 0
      vertex -43.0055 254.26 0
    endloop
  endfacet
  facet normal -0 0 -1
    outer loop
      vertex -43.1621 252.267 0
      vertex -43.6738 252.094 0
      vertex -42.9118 253.125 0
    endloop
  endfacet
  facet normal 0 0 -1
    outer loop
      vertex -42.9118 253.125 0
      vertex -43.6738 252.094 0
      vertex -44.988 252.288 0
    endloop
  endfacet
  facet normal -0 0 -1
    outer loop
      vertex -43.0055 254.26 0
      vertex -44.988 252.288 0
      vertex -43.5344 254.883 0
    endloop
  endfacet
  facet normal 0 0 -1
    outer loop
      vertex -45.6781 255.763 0
      vertex -45.653 255.82 0
      vertex -43.5623 254.933 0
    endloop
  endfacet
  facet normal 0 0 -1
    outer loop
      vertex -31.7711 321.814 0
      vertex -32.331 320.472 0
      vertex -33.8132 319.91 0
    endloop
  endfacet
  facet normal 0 0 -1
    outer loop
      vertex -48.2135 253.758 0
      vertex -46.4138 254.93 0
      vertex -45.1595 252.128 0
    endloop
  endfacet
  facet normal 0 -0 -1
    outer loop
      vertex -43.497 264.791 0
      vertex -43.1914 261.527 0
      vertex -44.8758 260.979 0
    endloop
  endfacet
  facet normal -0 0 -1
    outer loop
      vertex -44.5374 257.858 0
      vertex -45.653 255.82 0
      vertex -45.2335 257.869 0
    endloop
  endfacet
  facet normal 0 -0 -1
    outer loop
      vertex -44.9142 258.139 0
      vertex -44.5374 257.858 0
      vertex -45.2335 257.869 0
    endloop
  endfacet
  facet normal -0 0 -1
    outer loop
      vertex -46.3406 257.211 0
      vertex -46.3592 256.542 0
      vertex -48.1329 257.731 0
    endloop
  endfacet
  facet normal 0 0 -1
    outer loop
      vertex -48.2302 253.865 0
      vertex -48.6302 254.555 0
      vertex -46.8038 255.08 0
    endloop
  endfacet
  facet normal 0 0 -1
    outer loop
      vertex -43.5623 254.933 0
      vertex -45.653 255.82 0
      vertex -44.5374 257.858 0
    endloop
  endfacet
  facet normal 0 0 -1
    outer loop
      vertex -48.6302 254.555 0
      vertex -48.7995 254.625 0
      vertex -46.8884 255.278 0
    endloop
  endfacet
  facet normal 0 0 -1
    outer loop
      vertex -46.2381 254.983 0
      vertex -45.6781 255.763 0
      vertex -43.5623 254.933 0
    endloop
  endfacet
  facet normal 0 0 -1
    outer loop
      vertex -48.6302 254.555 0
      vertex -46.8884 255.278 0
      vertex -46.8038 255.08 0
    endloop
  endfacet
  facet normal 0 0 -1
    outer loop
      vertex -44.988 252.288 0
      vertex -46.2381 254.983 0
      vertex -43.5344 254.883 0
    endloop
  endfacet
  facet normal 0 -0 -1
    outer loop
      vertex -46.8038 255.08 0
      vertex -46.4138 254.93 0
      vertex -48.2135 253.758 0
    endloop
  endfacet
  facet normal 0 0 -1
    outer loop
      vertex -46.8884 255.278 0
      vertex -48.1329 257.731 0
      vertex -46.3592 256.542 0
    endloop
  endfacet
  facet normal 0 -0 -1
    outer loop
      vertex -46.7304 258.571 0
      vertex -46.3406 257.211 0
      vertex -48.1329 257.731 0
    endloop
  endfacet
  facet normal -0 0 -1
    outer loop
      vertex -43.497 264.791 0
      vertex -45.6437 260.975 0
      vertex -44.4863 266.947 0
    endloop
  endfacet
  facet normal -0 0 -1
    outer loop
      vertex -48.1329 257.731 0
      vertex -48.7995 254.625 0
      vertex -48.3214 257.76 0
    endloop
  endfacet
  facet normal -0 0 -1
    outer loop
      vertex -48.7995 254.625 0
      vertex -48.9098 254.487 0
      vertex -49.5214 259.09 0
    endloop
  endfacet
  facet normal 0 0 -1
    outer loop
      vertex -49.5214 259.09 0
      vertex -56.6009 248.753 0
      vertex -56.8233 248.748 0
    endloop
  endfacet
  facet normal 0 -0 -1
    outer loop
      vertex -49.54 259.265 0
      vertex -49.5214 259.09 0
      vertex -56.8233 248.748 0
    endloop
  endfacet
  facet normal 0 0 -1
    outer loop
      vertex -49.3293 259.316 0
      vertex -47.7589 269.41 0
      vertex -45.6437 260.975 0
    endloop
  endfacet
  facet normal 0 0 -1
    outer loop
      vertex -49.3293 259.316 0
      vertex -47.2504 259.454 0
      vertex -47.3189 259.413 0
    endloop
  endfacet
  facet normal 0 0 -1
    outer loop
      vertex -49.3293 259.316 0
      vertex -47.3189 259.413 0
      vertex -48.1337 258.553 0
    endloop
  endfacet
  facet normal 0 0 -1
    outer loop
      vertex -45.6437 260.975 0
      vertex -46.5529 259.65 0
      vertex -47.2504 259.454 0
    endloop
  endfacet
  facet normal 0 0 -1
    outer loop
      vertex -44.4863 266.947 0
      vertex -47.0889 269.37 0
      vertex -44.4975 267.037 0
    endloop
  endfacet
  facet normal 0 0 -1
    outer loop
      vertex -49.3293 259.316 0
      vertex -45.6437 260.975 0
      vertex -47.2504 259.454 0
    endloop
  endfacet
  facet normal 0 0 -1
    outer loop
      vertex -43.497 264.791 0
      vertex -45.5058 261.039 0
      vertex -45.6437 260.975 0
    endloop
  endfacet
  facet normal 0 0 -1
    outer loop
      vertex -44.8758 260.979 0
      vertex -43.1914 261.527 0
      vertex -44.7659 260.914 0
    endloop
  endfacet
  facet normal 0 0 -1
    outer loop
      vertex -43.5267 259.803 0
      vertex -43.7647 259.614 0
      vertex -43.9077 259.651 0
    endloop
  endfacet
  facet normal 0 0 -1
    outer loop
      vertex -46.8279 285.133 0
      vertex -46.3192 285.718 0
      vertex -45.2289 285.241 0
    endloop
  endfacet
  facet normal 0 0 -1
    outer loop
      vertex -44.7659 260.914 0
      vertex -43.5267 259.803 0
      vertex -43.9077 259.651 0
    endloop
  endfacet
  facet normal 0 0 -1
    outer loop
      vertex -44.7659 260.914 0
      vertex -43.1914 261.527 0
      vertex -43.5267 259.803 0
    endloop
  endfacet
  facet normal 0 0 -1
    outer loop
      vertex -45.5058 261.039 0
      vertex -43.497 264.791 0
      vertex -44.8758 260.979 0
    endloop
  endfacet
  facet normal 0 0 -1
    outer loop
      vertex -47.3994 283.539 0
      vertex -47.3684 283.59 0
      vertex -46.0399 282.957 0
    endloop
  endfacet
  facet normal 0 0 -1
    outer loop
      vertex -47.0889 269.37 0
      vertex -47.0113 269.387 0
      vertex -45.796 269.145 0
    endloop
  endfacet
  facet normal -0 0 -1
    outer loop
      vertex -40.8009 277.864 0
      vertex -40.8987 275.822 0
      vertex -42.8074 278.655 0
    endloop
  endfacet
  facet normal 0 0 -1
    outer loop
      vertex -44.2975 268.123 0
      vertex -45.7272 269.112 0
      vertex -44.7654 268.935 0
    endloop
  endfacet
  facet normal -0 0 -1
    outer loop
      vertex -44.2975 268.123 0
      vertex -44.4975 267.037 0
      vertex -45.7272 269.112 0
    endloop
  endfacet
  facet normal 0 0 -1
    outer loop
      vertex -47.0113 269.387 0
      vertex -46.4397 269.681 0
      vertex -45.796 269.145 0
    endloop
  endfacet
  facet normal 0 0 -1
    outer loop
      vertex -40.8009 277.864 0
      vertex -41.9621 279.212 0
      vertex -41.112 279.061 0
    endloop
  endfacet
  facet normal 0 0 -1
    outer loop
      vertex -47.0889 269.37 0
      vertex -45.796 269.145 0
      vertex -44.4975 267.037 0
    endloop
  endfacet
  facet normal 0 0 -1
    outer loop
      vertex -47.3994 283.539 0
      vertex -46.0399 282.957 0
      vertex -46.1048 282.791 0
    endloop
  endfacet
  facet normal 0 0 -1
    outer loop
      vertex -47.7589 269.41 0
      vertex -47.0889 269.37 0
      vertex -44.4863 266.947 0
    endloop
  endfacet
  facet normal 0 0 -1
    outer loop
      vertex -45.6437 260.975 0
      vertex -47.7589 269.41 0
      vertex -44.4863 266.947 0
    endloop
  endfacet
  facet normal -0 0 -1
    outer loop
      vertex -49.3293 259.316 0
      vertex -49.54 259.265 0
      vertex -47.7589 269.41 0
    endloop
  endfacet
  facet normal 0 0 -1
    outer loop
      vertex -49.54 259.265 0
      vertex -48.4844 270.703 0
      vertex -47.8844 269.493 0
    endloop
  endfacet
  facet normal -0 -0 -1
    outer loop
      vertex -49.7774 272.648 0
      vertex -48.498 270.746 0
      vertex -49.8598 272.715 0
    endloop
  endfacet
  facet normal 0 0 -1
    outer loop
      vertex -49.8598 272.715 0
      vertex -48.498 270.746 0
      vertex -48.4844 270.703 0
    endloop
  endfacet
  facet normal 0 0 -1
    outer loop
      vertex -48.498 270.746 0
      vertex -49.7774 272.648 0
      vertex -48.7534 272.306 0
    endloop
  endfacet
  facet normal 0 0 -1
    outer loop
      vertex -49.54 259.265 0
      vertex -49.8598 272.715 0
      vertex -48.4844 270.703 0
    endloop
  endfacet
  facet normal 0 0 -1
    outer loop
      vertex -49.54 259.265 0
      vertex -50.3698 273.595 0
      vertex -49.8598 272.715 0
    endloop
  endfacet
  facet normal -0 0 -1
    outer loop
      vertex -49.54 259.265 0
      vertex -56.8233 248.748 0
      vertex -50.3698 273.595 0
    endloop
  endfacet
  facet normal 0 0 -1
    outer loop
      vertex -50.3698 273.595 0
      vertex -56.8233 248.748 0
      vertex -60.7016 245.48 0
    endloop
  endfacet
  facet normal 0 -0 -1
    outer loop
      vertex -146.165 299.934 0
      vertex -146.14 299.977 0
      vertex -147.227 282.346 0
    endloop
  endfacet
  facet normal 0 0 -1
    outer loop
      vertex -49.7528 274.626 0
      vertex -48.4205 283.686 0
      vertex -48.0805 283.086 0
    endloop
  endfacet
  facet normal 0 0 -1
    outer loop
      vertex -44.6201 275.997 0
      vertex -42.9951 278.673 0
      vertex -44.5236 275.984 0
    endloop
  endfacet
  facet normal 0 0 -1
    outer loop
      vertex -46.6893 275.464 0
      vertex -49.1923 274.644 0
      vertex -49.3 274.69 0
    endloop
  endfacet
  facet normal 0 0 -1
    outer loop
      vertex -46.6893 275.464 0
      vertex -46.7245 275.086 0
      vertex -49.1923 274.644 0
    endloop
  endfacet
  facet normal 0 0 -1
    outer loop
      vertex -49.1923 274.644 0
      vertex -48.0895 273.674 0
      vertex -48.2625 273.686 0
    endloop
  endfacet
  facet normal 0 0 -1
    outer loop
      vertex -42.8074 278.655 0
      vertex -41.9621 279.212 0
      vertex -40.8009 277.864 0
    endloop
  endfacet
  facet normal 0 0 -1
    outer loop
      vertex -49.1923 274.644 0
      vertex -46.7245 275.086 0
      vertex -48.0895 273.674 0
    endloop
  endfacet
  facet normal 0 0 -1
    outer loop
      vertex -46.5701 275.597 0
      vertex -46.6893 275.464 0
      vertex -49.3 274.69 0
    endloop
  endfacet
  facet normal -0 0 -1
    outer loop
      vertex -45.0136 280.11 0
      vertex -46.5701 275.597 0
      vertex -45.0862 280.169 0
    endloop
  endfacet
  facet normal 0 0 -1
    outer loop
      vertex -44.5236 275.984 0
      vertex -40.8987 275.822 0
      vertex -41.4303 274.457 0
    endloop
  endfacet
  facet normal 0 0 -1
    outer loop
      vertex -41.112 279.061 0
      vertex -41.9621 279.212 0
      vertex -41.3471 279.238 0
    endloop
  endfacet
  facet normal 0 0 -1
    outer loop
      vertex -38.1772 329.821 0
      vertex -32.1614 323.714 0
      vertex -32.2642 323.611 0
    endloop
  endfacet
  facet normal 0 0 -1
    outer loop
      vertex -44.5236 275.984 0
      vertex -42.8074 278.655 0
      vertex -40.8987 275.822 0
    endloop
  endfacet
  facet normal 0 0 -1
    outer loop
      vertex -47.5492 326.14 0
      vertex -46.3071 327.561 0
      vertex -37.3586 317.853 0
    endloop
  endfacet
  facet normal 0 0 -1
    outer loop
      vertex -44.5236 275.984 0
      vertex -42.9951 278.673 0
      vertex -42.8074 278.655 0
    endloop
  endfacet
  facet normal 0 0 -1
    outer loop
      vertex -46.8279 285.133 0
      vertex -45.2289 285.241 0
      vertex -44.8799 283.687 0
    endloop
  endfacet
  facet normal 0 0 -1
    outer loop
      vertex -44.6201 275.997 0
      vertex -45.0136 280.11 0
      vertex -44.1028 279.761 0
    endloop
  endfacet
  facet normal 0 0 -1
    outer loop
      vertex -44.6201 275.997 0
      vertex -44.1028 279.761 0
      vertex -42.9951 278.673 0
    endloop
  endfacet
  facet normal -0 0 -1
    outer loop
      vertex -44.6201 275.997 0
      vertex -46.5701 275.597 0
      vertex -45.0136 280.11 0
    endloop
  endfacet
  facet normal 0 0 -1
    outer loop
      vertex -46.5701 275.597 0
      vertex -45.6062 280.979 0
      vertex -45.0862 280.169 0
    endloop
  endfacet
  facet normal -0 0 -1
    outer loop
      vertex -46.5701 275.597 0
      vertex -49.3 274.69 0
      vertex -45.6062 280.979 0
    endloop
  endfacet
  facet normal -0 0 -1
    outer loop
      vertex -45.6062 280.979 0
      vertex -49.3 274.69 0
      vertex -48.0805 283.086 0
    endloop
  endfacet
  facet normal 0 0 -1
    outer loop
      vertex -45.6248 281.021 0
      vertex -48.0805 283.086 0
      vertex -47.8394 283.059 0
    endloop
  endfacet
  facet normal 0 0 -1
    outer loop
      vertex -47.8394 283.059 0
      vertex -47.3994 283.539 0
      vertex -46.1048 282.791 0
    endloop
  endfacet
  facet normal 0 0 -1
    outer loop
      vertex -46.0399 282.957 0
      vertex -47.3684 283.59 0
      vertex -46.8279 285.133 0
    endloop
  endfacet
  facet normal 0 0 -1
    outer loop
      vertex -46.0399 282.957 0
      vertex -46.8279 285.133 0
      vertex -44.8799 283.687 0
    endloop
  endfacet
  facet normal 0 0 -1
    outer loop
      vertex -45.2289 285.241 0
      vertex -43.4337 283.777 0
      vertex -44.7041 283.675 0
    endloop
  endfacet
  facet normal 0 -0 -1
    outer loop
      vertex -43.03 282.82 0
      vertex -43.03 282.571 0
      vertex -43.2412 282.459 0
    endloop
  endfacet
  facet normal 0 0 -1
    outer loop
      vertex -44.1732 306.865 0
      vertex -44.0673 306.842 0
      vertex -43.0013 306.187 0
    endloop
  endfacet
  facet normal 0 0 -1
    outer loop
      vertex -45.9333 295.815 0
      vertex -43.9744 298.791 0
      vertex -45.8588 295.872 0
    endloop
  endfacet
  facet normal 0 0 -1
    outer loop
      vertex -43.4337 283.777 0
      vertex -43.03 282.82 0
      vertex -43.2412 282.459 0
    endloop
  endfacet
  facet normal 0 0 -1
    outer loop
      vertex -44.7041 283.675 0
      vertex -43.4337 283.777 0
      vertex -43.2412 282.459 0
    endloop
  endfacet
  facet normal 0 0 -1
    outer loop
      vertex -44.8799 283.687 0
      vertex -45.2289 285.241 0
      vertex -44.7041 283.675 0
    endloop
  endfacet
  facet normal 0 0 -1
    outer loop
      vertex -47.8394 283.059 0
      vertex -46.1048 282.791 0
      vertex -45.6248 281.021 0
    endloop
  endfacet
  facet normal 0 0 -1
    outer loop
      vertex -49.63 274.69 0
      vertex -48.0805 283.086 0
      vertex -49.3 274.69 0
    endloop
  endfacet
  facet normal 0 0 -1
    outer loop
      vertex -48.0805 283.086 0
      vertex -45.6248 281.021 0
      vertex -45.6062 280.979 0
    endloop
  endfacet
  facet normal -0 0 -1
    outer loop
      vertex -49.63 274.69 0
      vertex -49.7528 274.626 0
      vertex -48.0805 283.086 0
    endloop
  endfacet
  facet normal 0 0 -1
    outer loop
      vertex -49.7528 274.626 0
      vertex -48.4398 283.753 0
      vertex -48.4205 283.686 0
    endloop
  endfacet
  facet normal -0 0 -1
    outer loop
      vertex -49.7528 274.626 0
      vertex -50.3628 273.756 0
      vertex -48.4398 283.753 0
    endloop
  endfacet
  facet normal -0 0 -1
    outer loop
      vertex -48.4398 283.753 0
      vertex -50.3628 273.756 0
      vertex -48.4798 284.613 0
    endloop
  endfacet
  facet normal 0 -0 -1
    outer loop
      vertex -93.0075 349.93 0
      vertex -91.8575 350.359 0
      vertex -98.1697 344.687 0
    endloop
  endfacet
  facet normal 0 0 -1
    outer loop
      vertex -44.9999 308.395 0
      vertex -51.6529 320.592 0
      vertex -51.4629 320.442 0
    endloop
  endfacet
  facet normal -0 -0 -1
    outer loop
      vertex -51.7083 320.732 0
      vertex -51.6529 320.592 0
      vertex -99.2611 335.193 0
    endloop
  endfacet
  facet normal -0 0 -1
    outer loop
      vertex -46.7018 293.332 0
      vertex -46.7193 292.929 0
      vertex -47.0894 293.994 0
    endloop
  endfacet
  facet normal 0 -0 -1
    outer loop
      vertex -47.0894 293.994 0
      vertex -46.7193 292.929 0
      vertex -48.4767 284.651 0
    endloop
  endfacet
  facet normal 0 0 -1
    outer loop
      vertex -51.373 320.41 0
      vertex -44.2752 312.143 0
      vertex -44.2908 312.112 0
    endloop
  endfacet
  facet normal 0 0 -1
    outer loop
      vertex -43.9248 298.866 0
      vertex -43.2896 302.131 0
      vertex -43.2052 301.985 0
    endloop
  endfacet
  facet normal 0 -0 -1
    outer loop
      vertex -48.9873 323.851 0
      vertex -43.1949 313.679 0
      vertex -51.2283 320.511 0
    endloop
  endfacet
  facet normal -0 0 -1
    outer loop
      vertex -43.9248 298.866 0
      vertex -43.9744 298.791 0
      vertex -43.2896 302.131 0
    endloop
  endfacet
  facet normal 0 0 -1
    outer loop
      vertex -45.8588 295.872 0
      vertex -43.9744 298.791 0
      vertex -44.6831 296.276 0
    endloop
  endfacet
  facet normal -0 0 -1
    outer loop
      vertex -42.3651 300.139 0
      vertex -43.9248 298.866 0
      vertex -43.2052 301.985 0
    endloop
  endfacet
  facet normal -0 0 -1
    outer loop
      vertex -37.3586 317.853 0
      vertex -42.6949 313.729 0
      vertex -48.9628 323.88 0
    endloop
  endfacet
  facet normal 0 0 -1
    outer loop
      vertex -43.2052 301.985 0
      vertex -42.6921 301.737 0
      vertex -42.3651 300.139 0
    endloop
  endfacet
  facet normal 0 0 -1
    outer loop
      vertex -43.2896 302.131 0
      vertex -43.9744 298.791 0
      vertex -45.9333 295.815 0
    endloop
  endfacet
  facet normal 0 0 -1
    outer loop
      vertex -44.0673 306.842 0
      vertex -43.4096 306.942 0
      vertex -43.1423 306.742 0
    endloop
  endfacet
  facet normal 0 0 -1
    outer loop
      vertex -43.0013 306.187 0
      vertex -44.0673 306.842 0
      vertex -43.1423 306.742 0
    endloop
  endfacet
  facet normal 0 0 -1
    outer loop
      vertex -43.2896 302.131 0
      vertex -44.1732 306.865 0
      vertex -43.0013 306.187 0
    endloop
  endfacet
  facet normal 0 0 -1
    outer loop
      vertex -38.6872 329.341 0
      vertex -32.2642 323.611 0
      vertex -32.3442 323.331 0
    endloop
  endfacet
  facet normal 0 0 -1
    outer loop
      vertex -43.2896 302.131 0
      vertex -44.6832 307.205 0
      vertex -44.1732 306.865 0
    endloop
  endfacet
  facet normal 0 0 -1
    outer loop
      vertex -46.2833 327.598 0
      vertex -41.065 330.796 0
      vertex -38.8736 329.325 0
    endloop
  endfacet
  facet normal 0 0 -1
    outer loop
      vertex -43.2896 302.131 0
      vertex -44.746 307.296 0
      vertex -44.6832 307.205 0
    endloop
  endfacet
  facet normal -0 0 -1
    outer loop
      vertex -43.2896 302.131 0
      vertex -45.9333 295.815 0
      vertex -44.746 307.296 0
    endloop
  endfacet
  facet normal 0 0 -1
    outer loop
      vertex -44.746 307.296 0
      vertex -45.9333 295.815 0
      vertex -47.0833 294.155 0
    endloop
  endfacet
  facet normal 0 -0 -1
    outer loop
      vertex -44.996 308.356 0
      vertex -44.746 307.296 0
      vertex -47.0833 294.155 0
    endloop
  endfacet
  facet normal 0 0 -1
    outer loop
      vertex -51.373 320.41 0
      vertex -44.9209 310.392 0
      vertex -44.9299 310.345 0
    endloop
  endfacet
  facet normal 0 0 -1
    outer loop
      vertex -51.373 320.41 0
      vertex -51.2283 320.511 0
      vertex -43.3052 313.613 0
    endloop
  endfacet
  facet normal 0 -0 -1
    outer loop
      vertex -50.5904 322.346 0
      vertex -48.9873 323.851 0
      vertex -51.2283 320.511 0
    endloop
  endfacet
  facet normal 0 0 -1
    outer loop
      vertex -46.3071 327.561 0
      vertex -46.2833 327.598 0
      vertex -38.8736 329.325 0
    endloop
  endfacet
  facet normal 0 0 -1
    outer loop
      vertex -38.142 329.871 0
      vertex -27.3165 328.202 0
      vertex -27.8207 327.095 0
    endloop
  endfacet
  facet normal 0 0 -1
    outer loop
      vertex -41.4758 313.007 0
      vertex -36.996 316.847 0
      vertex -40.1514 312.565 0
    endloop
  endfacet
  facet normal 0 0 -1
    outer loop
      vertex -36.9526 316.792 0
      vertex -35.5683 315.706 0
      vertex -35.561 315.393 0
    endloop
  endfacet
  facet normal 0 0 -1
    outer loop
      vertex -38.2314 312.977 0
      vertex -36.996 316.847 0
      vertex -36.9526 316.792 0
    endloop
  endfacet
  facet normal 0 0 -1
    outer loop
      vertex -36.7498 313.566 0
      vertex -36.9526 316.792 0
      vertex -35.561 315.393 0
    endloop
  endfacet
  facet normal -0 0 -1
    outer loop
      vertex -38.2314 312.977 0
      vertex -40.1514 312.565 0
      vertex -36.996 316.847 0
    endloop
  endfacet
  facet normal 0 0 -1
    outer loop
      vertex -36.7498 313.566 0
      vertex -38.1384 312.967 0
      vertex -38.2314 312.977 0
    endloop
  endfacet
  facet normal 0 0 -1
    outer loop
      vertex -38.1384 312.967 0
      vertex -36.7498 313.566 0
      vertex -37.8161 312.822 0
    endloop
  endfacet
  facet normal -0 0 -1
    outer loop
      vertex -36.7498 313.566 0
      vertex -38.2314 312.977 0
      vertex -36.9526 316.792 0
    endloop
  endfacet
  facet normal 0 0 -1
    outer loop
      vertex -41.4758 313.007 0
      vertex -37.386 317.687 0
      vertex -36.996 316.847 0
    endloop
  endfacet
  facet normal 0 0 -1
    outer loop
      vertex -41.4758 313.007 0
      vertex -42.6007 313.707 0
      vertex -37.386 317.687 0
    endloop
  endfacet
  facet normal -0 0 -1
    outer loop
      vertex -31.7711 321.814 0
      vertex -33.8132 319.91 0
      vertex -32.3393 323.234 0
    endloop
  endfacet
  facet normal 0 0 -1
    outer loop
      vertex -37.386 317.687 0
      vertex -42.6007 313.707 0
      vertex -42.6949 313.729 0
    endloop
  endfacet
  facet normal 0 0 -1
    outer loop
      vertex -37.3586 317.853 0
      vertex -37.386 317.687 0
      vertex -42.6949 313.729 0
    endloop
  endfacet
  facet normal -0 0 -1
    outer loop
      vertex -33.9037 335.774 0
      vertex -35.7156 335.089 0
      vertex -34.3194 335.969 0
    endloop
  endfacet
  facet normal 0 -0 -1
    outer loop
      vertex -38.1772 329.821 0
      vertex -32.2642 323.611 0
      vertex -38.6872 329.341 0
    endloop
  endfacet
  facet normal 0 0 -1
    outer loop
      vertex -32.3393 323.234 0
      vertex -33.8132 319.91 0
      vertex -33.8769 319.864 0
    endloop
  endfacet
  facet normal 0 0 -1
    outer loop
      vertex -36.2609 318.94 0
      vertex -33.8769 319.864 0
      vertex -34.6122 318.95 0
    endloop
  endfacet
  facet normal 0 0 -1
    outer loop
      vertex -27.2964 328.235 0
      vertex -27.7287 333.634 0
      vertex -26.4319 332.062 0
    endloop
  endfacet
  facet normal 0 0 -1
    outer loop
      vertex -31.7711 321.814 0
      vertex -31.7884 321.355 0
      vertex -32.331 320.472 0
    endloop
  endfacet
  facet normal -0 0 -1
    outer loop
      vertex -32.3393 323.234 0
      vertex -33.8769 319.864 0
      vertex -32.3442 323.331 0
    endloop
  endfacet
  facet normal 0 0 -1
    outer loop
      vertex -32.3442 323.331 0
      vertex -33.8769 319.864 0
      vertex -36.2609 318.94 0
    endloop
  endfacet
  facet normal 0 0 -1
    outer loop
      vertex -32.1614 323.714 0
      vertex -29.2849 325.017 0
      vertex -29.9681 324.344 0
    endloop
  endfacet
  facet normal 0 0 -1
    outer loop
      vertex -36.2186 334.396 0
      vertex -35.7156 335.089 0
      vertex -33.8489 335.76 0
    endloop
  endfacet
  facet normal -0 0 -1
    outer loop
      vertex -31.6775 335.631 0
      vertex -36.2186 334.396 0
      vertex -33.8489 335.76 0
    endloop
  endfacet
  facet normal 0 -0 -1
    outer loop
      vertex -36.2186 334.396 0
      vertex -30.5112 335.262 0
      vertex -38.142 329.871 0
    endloop
  endfacet
  facet normal 0 0 -1
    outer loop
      vertex -38.142 329.871 0
      vertex -27.8207 327.095 0
      vertex -29.2849 325.017 0
    endloop
  endfacet
  facet normal -0 -0 -1
    outer loop
      vertex -27.7287 333.634 0
      vertex -27.3165 328.202 0
      vertex -30.5112 335.262 0
    endloop
  endfacet
  facet normal 0 0 -1
    outer loop
      vertex -25.5485 330.385 0
      vertex -26.4319 332.062 0
      vertex -25.5412 330.639 0
    endloop
  endfacet
  facet normal -0 0 -1
    outer loop
      vertex -25.5485 330.385 0
      vertex -27.2964 328.235 0
      vertex -26.4319 332.062 0
    endloop
  endfacet
  facet normal -0 0 -1
    outer loop
      vertex -27.2964 328.235 0
      vertex -27.3165 328.202 0
      vertex -27.7287 333.634 0
    endloop
  endfacet
  facet normal 0 0 -1
    outer loop
      vertex -36.2186 334.396 0
      vertex -31.6775 335.631 0
      vertex -30.5112 335.262 0
    endloop
  endfacet
  facet normal 0 -0 -1
    outer loop
      vertex -33.9037 335.774 0
      vertex -33.8489 335.76 0
      vertex -35.7156 335.089 0
    endloop
  endfacet
  facet normal 0 0 -1
    outer loop
      vertex -38.142 329.871 0
      vertex -30.5112 335.262 0
      vertex -27.3165 328.202 0
    endloop
  endfacet
  facet normal 0 0 -1
    outer loop
      vertex -32.1614 323.714 0
      vertex -38.142 329.871 0
      vertex -29.2849 325.017 0
    endloop
  endfacet
  facet normal 0 0 -1
    outer loop
      vertex -78.7782 365.84 0
      vertex -81.6801 364.458 0
      vertex -81.4201 364.738 0
    endloop
  endfacet
  facet normal 0 0 -1
    outer loop
      vertex -32.1614 323.714 0
      vertex -38.1772 329.821 0
      vertex -38.142 329.871 0
    endloop
  endfacet
  facet normal 0 0 -1
    outer loop
      vertex -36.2609 318.94 0
      vertex -38.6872 329.341 0
      vertex -32.3442 323.331 0
    endloop
  endfacet
  facet normal 0 0 -1
    outer loop
      vertex -36.2609 318.94 0
      vertex -38.8736 329.325 0
      vertex -38.6872 329.341 0
    endloop
  endfacet
  facet normal -0 0 -1
    outer loop
      vertex -36.2609 318.94 0
      vertex -36.3686 318.893 0
      vertex -38.8736 329.325 0
    endloop
  endfacet
  facet normal 0 0 -1
    outer loop
      vertex -46.2833 327.598 0
      vertex -42.5811 331.011 0
      vertex -41.065 330.796 0
    endloop
  endfacet
  facet normal 0 0 -1
    outer loop
      vertex -46.3071 327.561 0
      vertex -38.8736 329.325 0
      vertex -36.3686 318.893 0
    endloop
  endfacet
  facet normal -0 0 -1
    outer loop
      vertex -42.5811 331.011 0
      vertex -46.2833 327.598 0
      vertex -42.7095 331.148 0
    endloop
  endfacet
  facet normal -0 0 -1
    outer loop
      vertex -42.7095 331.148 0
      vertex -46.2833 327.598 0
      vertex -44.3501 331.873 0
    endloop
  endfacet
  facet normal 0 0 -1
    outer loop
      vertex -37.3586 317.853 0
      vertex -46.3071 327.561 0
      vertex -36.3686 318.893 0
    endloop
  endfacet
  facet normal 0 0 -1
    outer loop
      vertex -44.3501 331.873 0
      vertex -43.5449 332.95 0
      vertex -42.7095 331.148 0
    endloop
  endfacet
  facet normal 0 0 -1
    outer loop
      vertex -42.7095 331.148 0
      vertex -43.5449 332.95 0
      vertex -42.8581 332.95 0
    endloop
  endfacet
  facet normal 0 0 -1
    outer loop
      vertex -48.9628 323.88 0
      vertex -47.5492 326.14 0
      vertex -37.3586 317.853 0
    endloop
  endfacet
  facet normal 0 0 -1
    outer loop
      vertex -43.1949 313.679 0
      vertex -48.9628 323.88 0
      vertex -42.6949 313.729 0
    endloop
  endfacet
  facet normal 0 0 -1
    outer loop
      vertex -43.1949 313.679 0
      vertex -48.9873 323.851 0
      vertex -48.9628 323.88 0
    endloop
  endfacet
  facet normal -0 0 -1
    outer loop
      vertex -43.3052 313.613 0
      vertex -44.2752 312.143 0
      vertex -51.373 320.41 0
    endloop
  endfacet
  facet normal 0 0 -1
    outer loop
      vertex -52.0639 335.116 0
      vertex -51.209 338.811 0
      vertex -47.1107 337.657 0
    endloop
  endfacet
  facet normal 0 0 -1
    outer loop
      vertex -51.373 320.41 0
      vertex -44.2908 312.112 0
      vertex -44.9209 310.392 0
    endloop
  endfacet
  facet normal 0 0 -1
    outer loop
      vertex -51.4629 320.442 0
      vertex -51.373 320.41 0
      vertex -44.9299 310.345 0
    endloop
  endfacet
  facet normal 0 0 -1
    outer loop
      vertex -44.9999 308.395 0
      vertex -51.4629 320.442 0
      vertex -44.9299 310.345 0
    endloop
  endfacet
  facet normal 0 0 -1
    outer loop
      vertex -44.996 308.356 0
      vertex -51.6529 320.592 0
      vertex -44.9999 308.395 0
    endloop
  endfacet
  facet normal -0 0 -1
    outer loop
      vertex -44.996 308.356 0
      vertex -47.0833 294.155 0
      vertex -51.6529 320.592 0
    endloop
  endfacet
  facet normal 0 -0 -1
    outer loop
      vertex -65.5687 337.644 0
      vertex -51.4183 322.652 0
      vertex -65.7057 337.631 0
    endloop
  endfacet
  facet normal 0 -0 -1
    outer loop
      vertex -64.2036 338.524 0
      vertex -54.1261 333.996 0
      vertex -65.5687 337.644 0
    endloop
  endfacet
  facet normal 0 0 -1
    outer loop
      vertex -65.5687 337.644 0
      vertex -54.1261 333.996 0
      vertex -51.4183 322.652 0
    endloop
  endfacet
  facet normal 0 0 -1
    outer loop
      vertex -64.2036 338.524 0
      vertex -61.8462 339.349 0
      vertex -60.1144 339.31 0
    endloop
  endfacet
  facet normal -0 -0 -1
    outer loop
      vertex -54.7799 336.799 0
      vertex -54.1261 333.996 0
      vertex -60.1144 339.31 0
    endloop
  endfacet
  facet normal 0 0 -1
    outer loop
      vertex -47.3291 332.534 0
      vertex -52.4044 334.578 0
      vertex -52.0844 335.068 0
    endloop
  endfacet
  facet normal 0 -0 -1
    outer loop
      vertex -52.0639 335.116 0
      vertex -47.3291 332.534 0
      vertex -52.0844 335.068 0
    endloop
  endfacet
  facet normal 0 0 -1
    outer loop
      vertex -47.1107 337.657 0
      vertex -50.0951 339.423 0
      vertex -47.5388 339.658 0
    endloop
  endfacet
  facet normal 0 0 -1
    outer loop
      vertex -65.8427 341.419 0
      vertex -70.784 355.224 0
      vertex -70.7008 355.228 0
    endloop
  endfacet
  facet normal 0 0 -1
    outer loop
      vertex -47.1107 337.657 0
      vertex -51.209 338.811 0
      vertex -50.0951 339.423 0
    endloop
  endfacet
  facet normal 0 0 -1
    outer loop
      vertex -47.3291 332.534 0
      vertex -52.4702 334.522 0
      vertex -52.4044 334.578 0
    endloop
  endfacet
  facet normal -0 0 -1
    outer loop
      vertex -47.3291 332.534 0
      vertex -48.4104 328.764 0
      vertex -52.4702 334.522 0
    endloop
  endfacet
  facet normal 0 0 -1
    outer loop
      vertex -69.9808 355.478 0
      vertex -69.9404 355.5 0
      vertex -65.7541 341.468 0
    endloop
  endfacet
  facet normal 0 0 -1
    outer loop
      vertex -53.9202 333.892 0
      vertex -48.4104 328.764 0
      vertex -51.4045 322.696 0
    endloop
  endfacet
  facet normal 0 -0 -1
    outer loop
      vertex -52.4702 334.522 0
      vertex -48.4104 328.764 0
      vertex -53.9202 333.892 0
    endloop
  endfacet
  facet normal -0 -0 -1
    outer loop
      vertex -53.9202 333.892 0
      vertex -51.4045 322.696 0
      vertex -54.1261 333.996 0
    endloop
  endfacet
  facet normal 0 0 -1
    outer loop
      vertex -51.4183 322.652 0
      vertex -54.1261 333.996 0
      vertex -51.4045 322.696 0
    endloop
  endfacet
  facet normal -0 -0 -1
    outer loop
      vertex -55.9791 338.603 0
      vertex -54.7799 336.799 0
      vertex -60.1144 339.31 0
    endloop
  endfacet
  facet normal 0 0 -1
    outer loop
      vertex -54.1261 333.996 0
      vertex -64.2036 338.524 0
      vertex -60.1144 339.31 0
    endloop
  endfacet
  facet normal -0 -0 -1
    outer loop
      vertex -65.7057 337.631 0
      vertex -51.7083 320.732 0
      vertex -66.3057 337.871 0
    endloop
  endfacet
  facet normal 0 0 -1
    outer loop
      vertex -99.2611 335.193 0
      vertex -98.8211 336.273 0
      vertex -66.3992 337.994 0
    endloop
  endfacet
  facet normal 0 -0 -1
    outer loop
      vertex -98.8421 342.907 0
      vertex -98.1697 344.687 0
      vertex -99.0397 340.398 0
    endloop
  endfacet
  facet normal 0 0 -1
    outer loop
      vertex -98.1609 344.756 0
      vertex -93.1661 349.964 0
      vertex -93.0075 349.93 0
    endloop
  endfacet
  facet normal -0 0 -1
    outer loop
      vertex -100.716 353.478 0
      vertex -102.435 353.376 0
      vertex -101.008 355.969 0
    endloop
  endfacet
  facet normal 0 0 -1
    outer loop
      vertex -91.78 351.294 0
      vertex -91.7861 351.332 0
      vertex -85.06 355.6 0
    endloop
  endfacet
  facet normal 0 0 -1
    outer loop
      vertex -84.4638 363.447 0
      vertex -83.7315 365.035 0
      vertex -82.59 364.49 0
    endloop
  endfacet
  facet normal 0 0 -1
    outer loop
      vertex -81.8005 364.41 0
      vertex -84.3172 359.289 0
      vertex -84.5115 363.389 0
    endloop
  endfacet
  facet normal 0 0 -1
    outer loop
      vertex -71.214 355.324 0
      vertex -70.784 355.224 0
      vertex -66.2727 340.929 0
    endloop
  endfacet
  facet normal 0 0 -1
    outer loop
      vertex -66.2727 340.929 0
      vertex -70.784 355.224 0
      vertex -65.8427 341.419 0
    endloop
  endfacet
  facet normal 0 0 -1
    outer loop
      vertex -65.8427 341.419 0
      vertex -70.7008 355.228 0
      vertex -65.7541 341.468 0
    endloop
  endfacet
  facet normal 0 0 -1
    outer loop
      vertex -65.7541 341.468 0
      vertex -70.7008 355.228 0
      vertex -69.9808 355.478 0
    endloop
  endfacet
  facet normal 0 0 -1
    outer loop
      vertex -62.5207 356.795 0
      vertex -61.6286 357.038 0
      vertex -60.0173 356.851 0
    endloop
  endfacet
  facet normal 0 0 -1
    outer loop
      vertex -54.5244 353.509 0
      vertex -59.9592 356.856 0
      vertex -58.0492 357.396 0
    endloop
  endfacet
  facet normal -0 0 -1
    outer loop
      vertex -51.4407 344.144 0
      vertex -53.0687 343.536 0
      vertex -52.6067 352.366 0
    endloop
  endfacet
  facet normal 0 0 -1
    outer loop
      vertex -50.0484 345.127 0
      vertex -50.1429 351.851 0
      vertex -48.1782 347.844 0
    endloop
  endfacet
  facet normal 0 0 -1
    outer loop
      vertex -48.1782 347.844 0
      vertex -48.3354 350.033 0
      vertex -47.975 348.601 0
    endloop
  endfacet
  facet normal 0 0 -1
    outer loop
      vertex -48.1782 347.844 0
      vertex -50.1429 351.851 0
      vertex -48.3354 350.033 0
    endloop
  endfacet
  facet normal 0 0 -1
    outer loop
      vertex -52.6067 352.366 0
      vertex -52.0247 352.542 0
      vertex -50.1429 351.851 0
    endloop
  endfacet
  facet normal 0 0 -1
    outer loop
      vertex -50.0484 345.127 0
      vertex -52.6067 352.366 0
      vertex -50.1429 351.851 0
    endloop
  endfacet
  facet normal -0 0 -1
    outer loop
      vertex -50.0484 345.127 0
      vertex -51.4407 344.144 0
      vertex -52.6067 352.366 0
    endloop
  endfacet
  facet normal -0 0 -1
    outer loop
      vertex -52.6067 352.366 0
      vertex -53.0687 343.536 0
      vertex -52.7881 352.451 0
    endloop
  endfacet
  facet normal 0 0 -1
    outer loop
      vertex -52.7881 352.451 0
      vertex -54.3214 353.412 0
      vertex -53.2588 353.562 0
    endloop
  endfacet
  facet normal -0 0 -1
    outer loop
      vertex -53.2588 353.562 0
      vertex -54.3214 353.412 0
      vertex -53.7073 353.672 0
    endloop
  endfacet
  facet normal -0 0 -1
    outer loop
      vertex -52.7881 352.451 0
      vertex -53.0687 343.536 0
      vertex -54.3214 353.412 0
    endloop
  endfacet
  facet normal -0 -0 -1
    outer loop
      vertex -54.3214 353.412 0
      vertex -53.0687 343.536 0
      vertex -54.5244 353.509 0
    endloop
  endfacet
  facet normal 0 -0 -1
    outer loop
      vertex -54.5244 353.509 0
      vertex -53.0687 343.536 0
      vertex -65.7541 341.468 0
    endloop
  endfacet
  facet normal 0 -0 -1
    outer loop
      vertex -55.9245 358.501 0
      vertex -54.5244 353.509 0
      vertex -58.0206 357.407 0
    endloop
  endfacet
  facet normal 0 -0 -1
    outer loop
      vertex -58.0206 357.407 0
      vertex -54.5244 353.509 0
      vertex -58.0492 357.396 0
    endloop
  endfacet
  facet normal 0 0 -1
    outer loop
      vertex -54.5244 353.509 0
      vertex -60.0173 356.851 0
      vertex -59.9592 356.856 0
    endloop
  endfacet
  facet normal -0 0 -1
    outer loop
      vertex -66.9252 358.809 0
      vertex -70.1129 357.548 0
      vertex -68.2566 366.931 0
    endloop
  endfacet
  facet normal 0 0 -1
    outer loop
      vertex -54.5244 353.509 0
      vertex -62.5207 356.795 0
      vertex -60.0173 356.851 0
    endloop
  endfacet
  facet normal 0 0 -1
    outer loop
      vertex -65.7541 341.468 0
      vertex -62.5207 356.795 0
      vertex -54.5244 353.509 0
    endloop
  endfacet
  facet normal 0 0 -1
    outer loop
      vertex -65.7541 341.468 0
      vertex -62.6042 356.797 0
      vertex -62.5207 356.795 0
    endloop
  endfacet
  facet normal 0 -0 -1
    outer loop
      vertex -67.4497 357.355 0
      vertex -64.8592 357.492 0
      vertex -69.9404 355.5 0
    endloop
  endfacet
  facet normal 0 0 -1
    outer loop
      vertex -67.4497 357.355 0
      vertex -66.5723 357.648 0
      vertex -64.8592 357.492 0
    endloop
  endfacet
  facet normal 0 0 -1
    outer loop
      vertex -69.9404 355.5 0
      vertex -64.8592 357.492 0
      vertex -62.6042 356.797 0
    endloop
  endfacet
  facet normal 0 0 -1
    outer loop
      vertex -65.7541 341.468 0
      vertex -69.9404 355.5 0
      vertex -62.6042 356.797 0
    endloop
  endfacet
  facet normal 0 0 -1
    outer loop
      vertex -66.3067 340.861 0
      vertex -71.214 355.324 0
      vertex -66.2727 340.929 0
    endloop
  endfacet
  facet normal 0 0 -1
    outer loop
      vertex -71.2398 357.347 0
      vertex -84.152 358.716 0
      vertex -84.1559 358.782 0
    endloop
  endfacet
  facet normal 0 0 -1
    outer loop
      vertex -84.3172 359.289 0
      vertex -85.5073 360.646 0
      vertex -84.7715 363.199 0
    endloop
  endfacet
  facet normal 0 0 -1
    outer loop
      vertex -84.7715 363.199 0
      vertex -85.5073 360.646 0
      vertex -85.96 362.004 0
    endloop
  endfacet
  facet normal 0 0 -1
    outer loop
      vertex -81.3819 364.816 0
      vertex -81.2219 365.811 0
      vertex -78.7782 365.84 0
    endloop
  endfacet
  facet normal 0 -0 -1
    outer loop
      vertex -75.1832 365.67 0
      vertex -71.2398 357.347 0
      vertex -75.8432 365.64 0
    endloop
  endfacet
  facet normal 0 -0 -1
    outer loop
      vertex -75.0862 365.712 0
      vertex -71.0989 357.49 0
      vertex -75.1832 365.67 0
    endloop
  endfacet
  facet normal 0 0 -1
    outer loop
      vertex -75.0862 365.712 0
      vertex -73.267 367.049 0
      vertex -71.0989 357.49 0
    endloop
  endfacet
  facet normal 0 0 -1
    outer loop
      vertex -75.1832 365.67 0
      vertex -71.0989 357.49 0
      vertex -71.2398 357.347 0
    endloop
  endfacet
  facet normal -0 0 -1
    outer loop
      vertex -63.3497 363.818 0
      vertex -66.8905 358.819 0
      vertex -63.4154 363.864 0
    endloop
  endfacet
  facet normal -0 0 -1
    outer loop
      vertex -66.8905 358.819 0
      vertex -66.9252 358.809 0
      vertex -66.6214 366.372 0
    endloop
  endfacet
  facet normal 0 -0 -1
    outer loop
      vertex -63.3497 363.818 0
      vertex -60.1486 362.695 0
      vertex -66.8905 358.819 0
    endloop
  endfacet
  facet normal 0 0 -1
    outer loop
      vertex -123.294 342.676 0
      vertex -123.164 343.24 0
      vertex -122.899 343.48 0
    endloop
  endfacet
  facet normal -0 0 -1
    outer loop
      vertex -57.4957 360.617 0
      vertex -57.6872 360.293 0
      vertex -57.7705 361.054 0
    endloop
  endfacet
  facet normal 0 -0 -1
    outer loop
      vertex -57.7705 361.054 0
      vertex -57.6872 360.293 0
      vertex -58.226 360.015 0
    endloop
  endfacet
  facet normal 0 0 -1
    outer loop
      vertex -60.1486 362.695 0
      vertex -57.7705 361.054 0
      vertex -58.226 360.015 0
    endloop
  endfacet
  facet normal 0 0 -1
    outer loop
      vertex -66.8905 358.819 0
      vertex -60.1486 362.695 0
      vertex -58.226 360.015 0
    endloop
  endfacet
  facet normal -0 0 -1
    outer loop
      vertex -63.4154 363.864 0
      vertex -66.8905 358.819 0
      vertex -64.5275 365.203 0
    endloop
  endfacet
  facet normal -0 0 -1
    outer loop
      vertex -64.5275 365.203 0
      vertex -66.8905 358.819 0
      vertex -66.6214 366.372 0
    endloop
  endfacet
  facet normal -0 0 -1
    outer loop
      vertex -66.6214 366.372 0
      vertex -66.9252 358.809 0
      vertex -68.2566 366.931 0
    endloop
  endfacet
  facet normal -0 0 -1
    outer loop
      vertex -68.2566 366.931 0
      vertex -70.1129 357.548 0
      vertex -73.267 367.049 0
    endloop
  endfacet
  facet normal 0 0 -1
    outer loop
      vertex -73.267 367.049 0
      vertex -70.1129 357.548 0
      vertex -71.0989 357.49 0
    endloop
  endfacet
  facet normal 0 -0 -1
    outer loop
      vertex -74.1331 366.626 0
      vertex -73.267 367.049 0
      vertex -75.0862 365.712 0
    endloop
  endfacet
  facet normal 0 0 -1
    outer loop
      vertex -75.9365 365.667 0
      vertex -78.0497 366.018 0
      vertex -77.082 366.476 0
    endloop
  endfacet
  facet normal 0 0 -1
    outer loop
      vertex -77.082 366.476 0
      vertex -78.0497 366.018 0
      vertex -77.5873 366.435 0
    endloop
  endfacet
  facet normal 0 0 -1
    outer loop
      vertex -75.9365 365.667 0
      vertex -78.1175 365.984 0
      vertex -78.0497 366.018 0
    endloop
  endfacet
  facet normal 0 0 -1
    outer loop
      vertex -75.9365 365.667 0
      vertex -78.7475 365.844 0
      vertex -78.1175 365.984 0
    endloop
  endfacet
  facet normal 0 -0 -1
    outer loop
      vertex -78.7782 365.84 0
      vertex -78.7475 365.844 0
      vertex -81.6801 364.458 0
    endloop
  endfacet
  facet normal 0 0 -1
    outer loop
      vertex -81.4201 364.738 0
      vertex -81.3819 364.816 0
      vertex -78.7782 365.84 0
    endloop
  endfacet
  facet normal 0 -0 -1
    outer loop
      vertex -78.7475 365.844 0
      vertex -75.9365 365.667 0
      vertex -81.6801 364.458 0
    endloop
  endfacet
  facet normal 0 0 -1
    outer loop
      vertex -81.6801 364.458 0
      vertex -75.9365 365.667 0
      vertex -75.8432 365.64 0
    endloop
  endfacet
  facet normal 0 0 -1
    outer loop
      vertex -84.1559 358.782 0
      vertex -81.6801 364.458 0
      vertex -75.8432 365.64 0
    endloop
  endfacet
  facet normal 0 0 -1
    outer loop
      vertex -81.8005 364.41 0
      vertex -84.2859 359.232 0
      vertex -84.3172 359.289 0
    endloop
  endfacet
  facet normal 0 0 -1
    outer loop
      vertex -84.4638 363.447 0
      vertex -82.5105 364.46 0
      vertex -81.8005 364.41 0
    endloop
  endfacet
  facet normal 0 0 -1
    outer loop
      vertex -84.4638 363.447 0
      vertex -82.59 364.49 0
      vertex -82.5105 364.46 0
    endloop
  endfacet
  facet normal 0 0 -1
    outer loop
      vertex -84.5115 363.389 0
      vertex -84.4638 363.447 0
      vertex -81.8005 364.41 0
    endloop
  endfacet
  facet normal 0 0 -1
    outer loop
      vertex -82.59 364.49 0
      vertex -83.7315 365.035 0
      vertex -83.3462 365.057 0
    endloop
  endfacet
  facet normal 0 0 -1
    outer loop
      vertex -85.96 362.682 0
      vertex -84.9052 363.177 0
      vertex -85.96 362.004 0
    endloop
  endfacet
  facet normal 0 0 -1
    outer loop
      vertex -85.96 362.004 0
      vertex -84.9052 363.177 0
      vertex -84.7715 363.199 0
    endloop
  endfacet
  facet normal 0 0 -1
    outer loop
      vertex -84.7715 363.199 0
      vertex -84.5115 363.389 0
      vertex -84.3172 359.289 0
    endloop
  endfacet
  facet normal 0 -0 -1
    outer loop
      vertex -81.8005 364.41 0
      vertex -81.6801 364.458 0
      vertex -84.2859 359.232 0
    endloop
  endfacet
  facet normal 0 0 -1
    outer loop
      vertex -85.96 362.682 0
      vertex -85.5771 363.39 0
      vertex -84.9052 363.177 0
    endloop
  endfacet
  facet normal 0 0 -1
    outer loop
      vertex -84.2859 359.232 0
      vertex -81.6801 364.458 0
      vertex -84.1559 358.782 0
    endloop
  endfacet
  facet normal 0 0 -1
    outer loop
      vertex -84.1559 358.782 0
      vertex -75.8432 365.64 0
      vertex -71.2398 357.347 0
    endloop
  endfacet
  facet normal 0 0 -1
    outer loop
      vertex -84.152 358.716 0
      vertex -71.2398 357.347 0
      vertex -71.3298 355.477 0
    endloop
  endfacet
  facet normal 0 0 -1
    outer loop
      vertex -91.6415 357.562 0
      vertex -92.0473 351.946 0
      vertex -91.8705 357.5 0
    endloop
  endfacet
  facet normal 0 0 -1
    outer loop
      vertex -100.79 356.015 0
      vertex -99.4598 353.81 0
      vertex -100.05 353.85 0
    endloop
  endfacet
  facet normal 0 -0 -1
    outer loop
      vertex -90.2873 360.818 0
      vertex -87.4926 359.454 0
      vertex -91.6415 357.562 0
    endloop
  endfacet
  facet normal 0 0 -1
    outer loop
      vertex -71.214 355.324 0
      vertex -84.642 355.726 0
      vertex -71.3298 355.477 0
    endloop
  endfacet
  facet normal 0 0 -1
    outer loop
      vertex -71.214 355.324 0
      vertex -84.79 355.6 0
      vertex -84.642 355.726 0
    endloop
  endfacet
  facet normal 0 0 -1
    outer loop
      vertex -84.642 355.726 0
      vertex -84.152 358.716 0
      vertex -71.3298 355.477 0
    endloop
  endfacet
  facet normal 0 0 -1
    outer loop
      vertex -100.79 356.015 0
      vertex -100.05 353.85 0
      vertex -100.138 353.828 0
    endloop
  endfacet
  facet normal -0 -0 -1
    outer loop
      vertex -71.214 355.324 0
      vertex -66.3067 340.861 0
      vertex -84.79 355.6 0
    endloop
  endfacet
  facet normal 0 0 -1
    outer loop
      vertex -84.79 355.6 0
      vertex -66.3067 340.861 0
      vertex -66.5668 339.631 0
    endloop
  endfacet
  facet normal 0 0 -1
    outer loop
      vertex -85.1971 355.689 0
      vertex -91.7861 351.332 0
      vertex -91.9361 351.842 0
    endloop
  endfacet
  facet normal -0 0 -1
    outer loop
      vertex -85.06 355.6 0
      vertex -91.7861 351.332 0
      vertex -85.1971 355.689 0
    endloop
  endfacet
  facet normal 0 -0 -1
    outer loop
      vertex -86.6282 358.907 0
      vertex -85.1971 355.689 0
      vertex -91.6415 357.562 0
    endloop
  endfacet
  facet normal 0 0 -1
    outer loop
      vertex -100.79 356.015 0
      vertex -99.4137 353.799 0
      vertex -99.4598 353.81 0
    endloop
  endfacet
  facet normal 0 0 -1
    outer loop
      vertex -91.6415 357.562 0
      vertex -87.4487 359.412 0
      vertex -86.6282 358.907 0
    endloop
  endfacet
  facet normal 0 -0 -1
    outer loop
      vertex -89.6365 361.777 0
      vertex -88.7448 361.228 0
      vertex -90.2873 360.818 0
    endloop
  endfacet
  facet normal 0 0 -1
    outer loop
      vertex -90.2873 360.818 0
      vertex -88.7448 361.228 0
      vertex -87.4926 359.454 0
    endloop
  endfacet
  facet normal 0 0 -1
    outer loop
      vertex -91.6415 357.562 0
      vertex -87.4926 359.454 0
      vertex -87.4487 359.412 0
    endloop
  endfacet
  facet normal 0 0 -1
    outer loop
      vertex -101.008 355.969 0
      vertex -100.79 356.015 0
      vertex -100.138 353.828 0
    endloop
  endfacet
  facet normal 0 0 -1
    outer loop
      vertex -99.4137 353.799 0
      vertex -100.79 356.015 0
      vertex -100.152 357.115 0
    endloop
  endfacet
  facet normal 0 -0 -1
    outer loop
      vertex -93.0575 358.411 0
      vertex -93.0205 358.37 0
      vertex -98.1237 358.365 0
    endloop
  endfacet
  facet normal 0 -0 -1
    outer loop
      vertex -94.0104 359.947 0
      vertex -93.0575 358.411 0
      vertex -98.1237 358.365 0
    endloop
  endfacet
  facet normal 0 0 -1
    outer loop
      vertex -100.716 353.478 0
      vertex -101.008 355.969 0
      vertex -100.138 353.828 0
    endloop
  endfacet
  facet normal 0 0 -1
    outer loop
      vertex -98.1237 358.365 0
      vertex -95.5505 360.519 0
      vertex -94.0104 359.947 0
    endloop
  endfacet
  facet normal 0 -0 -1
    outer loop
      vertex -99.1629 358.017 0
      vertex -98.2651 353.334 0
      vertex -99.4137 353.799 0
    endloop
  endfacet
  facet normal -0 0 -1
    outer loop
      vertex -84.79 355.6 0
      vertex -91.76 350.504 0
      vertex -85.06 355.6 0
    endloop
  endfacet
  facet normal 0 0 -1
    outer loop
      vertex -103.119 354.908 0
      vertex -102.074 356.744 0
      vertex -101.008 355.969 0
    endloop
  endfacet
  facet normal -0 0 -1
    outer loop
      vertex -102.074 356.744 0
      vertex -103.119 354.908 0
      vertex -102.495 356.78 0
    endloop
  endfacet
  facet normal 0 0 -1
    outer loop
      vertex -98.1697 344.687 0
      vertex -98.1609 344.756 0
      vertex -93.0075 349.93 0
    endloop
  endfacet
  facet normal 0 0 -1
    outer loop
      vertex -99.2611 335.193 0
      vertex -66.3992 337.994 0
      vertex -66.3057 337.871 0
    endloop
  endfacet
  facet normal -0 0 -1
    outer loop
      vertex -47.0833 294.155 0
      vertex -47.0894 293.994 0
      vertex -99.4787 335.122 0
    endloop
  endfacet
  facet normal 0 0 -1
    outer loop
      vertex -99.4787 335.122 0
      vertex -110.306 336.952 0
      vertex -100.729 335.892 0
    endloop
  endfacet
  facet normal 0 0 -1
    outer loop
      vertex -113.041 345.002 0
      vertex -112.889 346.369 0
      vertex -111.222 346.341 0
    endloop
  endfacet
  facet normal 0 0 -1
    outer loop
      vertex -98.9362 347.775 0
      vertex -100.118 351.754 0
      vertex -94.8124 350.993 0
    endloop
  endfacet
  facet normal -0 0 -1
    outer loop
      vertex -93.1661 349.964 0
      vertex -98.3639 346.543 0
      vertex -94.8124 350.993 0
    endloop
  endfacet
  facet normal 0 0 -1
    outer loop
      vertex -99.1629 358.017 0
      vertex -98.1738 358.337 0
      vertex -98.2651 353.334 0
    endloop
  endfacet
  facet normal 0 0 -1
    outer loop
      vertex -99.1629 358.017 0
      vertex -99.4137 353.799 0
      vertex -100.152 357.115 0
    endloop
  endfacet
  facet normal 0 0 -1
    outer loop
      vertex -98.2651 353.334 0
      vertex -93.0205 358.37 0
      vertex -91.8705 357.5 0
    endloop
  endfacet
  facet normal 0 0 -1
    outer loop
      vertex -98.2651 353.334 0
      vertex -98.1738 358.337 0
      vertex -98.1237 358.365 0
    endloop
  endfacet
  facet normal 0 0 -1
    outer loop
      vertex -91.8705 357.5 0
      vertex -92.0473 351.946 0
      vertex -98.2651 353.334 0
    endloop
  endfacet
  facet normal 0 0 -1
    outer loop
      vertex -91.6415 357.562 0
      vertex -91.9361 351.842 0
      vertex -92.0473 351.946 0
    endloop
  endfacet
  facet normal 0 0 -1
    outer loop
      vertex -91.76 350.504 0
      vertex -91.78 351.294 0
      vertex -85.06 355.6 0
    endloop
  endfacet
  facet normal 0 -0 -1
    outer loop
      vertex -91.6415 357.562 0
      vertex -85.1971 355.689 0
      vertex -91.9361 351.842 0
    endloop
  endfacet
  facet normal 0 0 -1
    outer loop
      vertex -91.8575 350.359 0
      vertex -91.76 350.504 0
      vertex -84.79 355.6 0
    endloop
  endfacet
  facet normal 0 0 -1
    outer loop
      vertex -66.5668 339.631 0
      vertex -91.8575 350.359 0
      vertex -84.79 355.6 0
    endloop
  endfacet
  facet normal -0 -0 -1
    outer loop
      vertex -66.5692 339.584 0
      vertex -66.3992 337.994 0
      vertex -91.8575 350.359 0
    endloop
  endfacet
  facet normal 0 0 -1
    outer loop
      vertex -98.3509 346.496 0
      vertex -93.1661 349.964 0
      vertex -98.1609 344.756 0
    endloop
  endfacet
  facet normal 0 0 -1
    outer loop
      vertex -98.3639 346.543 0
      vertex -93.1661 349.964 0
      vertex -98.3509 346.496 0
    endloop
  endfacet
  facet normal 0 0 -1
    outer loop
      vertex -98.9239 347.753 0
      vertex -98.9362 347.775 0
      vertex -94.8124 350.993 0
    endloop
  endfacet
  facet normal 0 0 -1
    outer loop
      vertex -98.9362 347.775 0
      vertex -101.081 350.908 0
      vertex -100.118 351.754 0
    endloop
  endfacet
  facet normal 0 0 -1
    outer loop
      vertex -93.1661 349.964 0
      vertex -94.8124 350.993 0
      vertex -93.9294 350.727 0
    endloop
  endfacet
  facet normal 0 0 -1
    outer loop
      vertex -98.9239 347.753 0
      vertex -94.8124 350.993 0
      vertex -98.3639 346.543 0
    endloop
  endfacet
  facet normal 0 0 -1
    outer loop
      vertex -100.118 351.754 0
      vertex -101.081 350.908 0
      vertex -101.088 351.157 0
    endloop
  endfacet
  facet normal 0 0 -1
    outer loop
      vertex -91.8575 350.359 0
      vertex -98.8102 336.338 0
      vertex -99.0397 340.398 0
    endloop
  endfacet
  facet normal 0 0 -1
    outer loop
      vertex -99.4787 335.122 0
      vertex -47.0894 293.994 0
      vertex -48.4767 284.651 0
    endloop
  endfacet
  facet normal 0 -0 -1
    outer loop
      vertex -98.1697 344.687 0
      vertex -91.8575 350.359 0
      vertex -99.0397 340.398 0
    endloop
  endfacet
  facet normal 0 -0 -1
    outer loop
      vertex -91.8575 350.359 0
      vertex -66.3992 337.994 0
      vertex -98.8102 336.338 0
    endloop
  endfacet
  facet normal 0 -0 -1
    outer loop
      vertex -98.8102 336.338 0
      vertex -66.3992 337.994 0
      vertex -98.8211 336.273 0
    endloop
  endfacet
  facet normal 0 0 -1
    outer loop
      vertex -99.2611 335.193 0
      vertex -66.3057 337.871 0
      vertex -51.7083 320.732 0
    endloop
  endfacet
  facet normal 0 0 -1
    outer loop
      vertex -47.0833 294.155 0
      vertex -99.2611 335.193 0
      vertex -51.6529 320.592 0
    endloop
  endfacet
  facet normal 0 0 -1
    outer loop
      vertex -135.883 268.622 0
      vertex -144.94 303.127 0
      vertex -132.013 265.872 0
    endloop
  endfacet
  facet normal 0 0 -1
    outer loop
      vertex -119.012 333.15 0
      vertex -118.868 333.252 0
      vertex -99.4787 335.122 0
    endloop
  endfacet
  facet normal -0 -0 -1
    outer loop
      vertex -100.773 335.935 0
      vertex -100.729 335.892 0
      vertex -110.306 336.952 0
    endloop
  endfacet
  facet normal 0 0 -1
    outer loop
      vertex -109.97 337.33 0
      vertex -103.7 340.175 0
      vertex -100.773 335.935 0
    endloop
  endfacet
  facet normal 0 -0 -1
    outer loop
      vertex -110.21 337.01 0
      vertex -100.773 335.935 0
      vertex -110.306 336.952 0
    endloop
  endfacet
  facet normal 0 0 -1
    outer loop
      vertex -109.97 337.33 0
      vertex -109.961 337.496 0
      vertex -103.7 340.175 0
    endloop
  endfacet
  facet normal -0 0 -1
    outer loop
      vertex -105.33 341.4 0
      vertex -109.961 337.496 0
      vertex -105.353 341.422 0
    endloop
  endfacet
  facet normal 0 0 -1
    outer loop
      vertex -105.353 341.422 0
      vertex -109.961 337.496 0
      vertex -111.854 340.725 0
    endloop
  endfacet
  facet normal 0 0 -1
    outer loop
      vertex -112.555 342.611 0
      vertex -113.041 345.002 0
      vertex -111.222 346.341 0
    endloop
  endfacet
  facet normal 0 0 -1
    outer loop
      vertex -113.041 345.002 0
      vertex -113.152 346.21 0
      vertex -112.889 346.369 0
    endloop
  endfacet
  facet normal 0 0 -1
    outer loop
      vertex -112.555 342.611 0
      vertex -111.222 346.341 0
      vertex -108.671 345.236 0
    endloop
  endfacet
  facet normal 0 0 -1
    outer loop
      vertex -111.854 340.725 0
      vertex -112.555 342.611 0
      vertex -108.671 345.236 0
    endloop
  endfacet
  facet normal -0 0 -1
    outer loop
      vertex -105.353 341.422 0
      vertex -111.854 340.725 0
      vertex -108.671 345.236 0
    endloop
  endfacet
  facet normal 0 0 -1
    outer loop
      vertex -113.235 336.994 0
      vertex -118.868 333.252 0
      vertex -117.728 336.632 0
    endloop
  endfacet
  facet normal 0 0 -1
    outer loop
      vertex -110.855 336.874 0
      vertex -113.073 336.912 0
      vertex -111.914 337.127 0
    endloop
  endfacet
  facet normal 0 0 -1
    outer loop
      vertex -119.16 333.295 0
      vertex -125.67 328.983 0
      vertex -126.21 330.423 0
    endloop
  endfacet
  facet normal 0 0 -1
    outer loop
      vertex -118.868 333.252 0
      vertex -113.073 336.912 0
      vertex -110.855 336.874 0
    endloop
  endfacet
  facet normal -0 0 -1
    outer loop
      vertex -103.7 340.175 0
      vertex -109.961 337.496 0
      vertex -105.33 341.4 0
    endloop
  endfacet
  facet normal 0 -0 -1
    outer loop
      vertex -110.306 336.952 0
      vertex -99.4787 335.122 0
      vertex -110.796 336.872 0
    endloop
  endfacet
  facet normal 0 -0 -1
    outer loop
      vertex -109.97 337.33 0
      vertex -100.773 335.935 0
      vertex -110.21 337.01 0
    endloop
  endfacet
  facet normal 0 -0 -1
    outer loop
      vertex -113.235 336.994 0
      vertex -113.073 336.912 0
      vertex -118.868 333.252 0
    endloop
  endfacet
  facet normal 0 0 -1
    outer loop
      vertex -118.868 333.252 0
      vertex -110.855 336.874 0
      vertex -110.796 336.872 0
    endloop
  endfacet
  facet normal -0 0 -1
    outer loop
      vertex -99.4787 335.122 0
      vertex -118.868 333.252 0
      vertex -110.796 336.872 0
    endloop
  endfacet
  facet normal -0 0 -1
    outer loop
      vertex -119.012 333.15 0
      vertex -125.67 328.983 0
      vertex -119.16 333.295 0
    endloop
  endfacet
  facet normal 0 0 -1
    outer loop
      vertex -113.235 336.994 0
      vertex -117.728 336.632 0
      vertex -117.721 336.665 0
    endloop
  endfacet
  facet normal -0 0 -1
    outer loop
      vertex -114.243 339.04 0
      vertex -117.721 336.665 0
      vertex -117.461 339.315 0
    endloop
  endfacet
  facet normal 0 0 -1
    outer loop
      vertex -115.14 339.906 0
      vertex -117.461 339.315 0
      vertex -117.466 339.373 0
    endloop
  endfacet
  facet normal 0 0 -1
    outer loop
      vertex -117.849 340.648 0
      vertex -115.14 339.906 0
      vertex -117.466 339.373 0
    endloop
  endfacet
  facet normal 0 -0 -1
    outer loop
      vertex -115.14 339.906 0
      vertex -115.114 339.872 0
      vertex -117.461 339.315 0
    endloop
  endfacet
  facet normal 0 0 -1
    outer loop
      vertex -117.849 340.648 0
      vertex -117.687 343.81 0
      vertex -117.367 343.81 0
    endloop
  endfacet
  facet normal 0 0 -1
    outer loop
      vertex -115.14 339.906 0
      vertex -117.849 340.648 0
      vertex -117.367 343.81 0
    endloop
  endfacet
  facet normal 0 0 -1
    outer loop
      vertex -126.21 330.423 0
      vertex -126.228 330.458 0
      vertex -119.16 333.295 0
    endloop
  endfacet
  facet normal 0 -0 -1
    outer loop
      vertex -125.67 328.983 0
      vertex -119.012 333.15 0
      vertex -125.717 328.813 0
    endloop
  endfacet
  facet normal 0 0 -1
    outer loop
      vertex -136.376 325.54 0
      vertex -126.488 329.142 0
      vertex -126.43 329.087 0
    endloop
  endfacet
  facet normal 0 -0 -1
    outer loop
      vertex -114.243 339.04 0
      vertex -113.235 336.994 0
      vertex -117.721 336.665 0
    endloop
  endfacet
  facet normal 0 -0 -1
    outer loop
      vertex -115.114 339.872 0
      vertex -114.243 339.04 0
      vertex -117.461 339.315 0
    endloop
  endfacet
  facet normal 0 0 -1
    outer loop
      vertex -99.4787 335.122 0
      vertex -125.717 328.813 0
      vertex -119.012 333.15 0
    endloop
  endfacet
  facet normal 0 0 -1
    outer loop
      vertex -119.16 333.295 0
      vertex -128.432 333.509 0
      vertex -124.88 342.155 0
    endloop
  endfacet
  facet normal 0 0 -1
    outer loop
      vertex -131.557 338.491 0
      vertex -131.543 338.771 0
      vertex -130.596 337.568 0
    endloop
  endfacet
  facet normal 0 0 -1
    outer loop
      vertex -130.596 337.568 0
      vertex -131.543 338.771 0
      vertex -130.384 340.101 0
    endloop
  endfacet
  facet normal 0 0 -1
    outer loop
      vertex -128.432 333.509 0
      vertex -124.938 342.151 0
      vertex -124.88 342.155 0
    endloop
  endfacet
  facet normal 0 0 -1
    outer loop
      vertex -119.419 341.341 0
      vertex -123.294 342.676 0
      vertex -120.098 343.175 0
    endloop
  endfacet
  facet normal -0 -0 -1
    outer loop
      vertex -121.283 344.293 0
      vertex -120.098 343.175 0
      vertex -121.571 344.308 0
    endloop
  endfacet
  facet normal 0 -0 -1
    outer loop
      vertex -121.571 344.308 0
      vertex -120.098 343.175 0
      vertex -122.899 343.48 0
    endloop
  endfacet
  facet normal -0 0 -1
    outer loop
      vertex -120.098 343.175 0
      vertex -123.294 342.676 0
      vertex -122.899 343.48 0
    endloop
  endfacet
  facet normal 0 0 -1
    outer loop
      vertex -119.419 341.341 0
      vertex -123.4 342.565 0
      vertex -123.294 342.676 0
    endloop
  endfacet
  facet normal 0 0 -1
    outer loop
      vertex -119.419 341.341 0
      vertex -124.88 342.155 0
      vertex -123.4 342.565 0
    endloop
  endfacet
  facet normal -0 -0 -1
    outer loop
      vertex -119.419 341.341 0
      vertex -119.16 333.295 0
      vertex -124.88 342.155 0
    endloop
  endfacet
  facet normal 0 0 -1
    outer loop
      vertex -128.197 341.304 0
      vertex -125.731 342.247 0
      vertex -124.938 342.151 0
    endloop
  endfacet
  facet normal 0 -0 -1
    outer loop
      vertex -130.384 340.101 0
      vertex -128.197 341.304 0
      vertex -130.568 337.53 0
    endloop
  endfacet
  facet normal 0 0 -1
    outer loop
      vertex -130.568 337.53 0
      vertex -130.596 337.568 0
      vertex -130.384 340.101 0
    endloop
  endfacet
  facet normal 0 0 -1
    outer loop
      vertex -128.432 333.509 0
      vertex -130.568 337.53 0
      vertex -128.197 341.304 0
    endloop
  endfacet
  facet normal 0 -0 -1
    outer loop
      vertex -135.771 327.718 0
      vertex -126.488 329.142 0
      vertex -135.776 327.69 0
    endloop
  endfacet
  facet normal 0 -0 -1
    outer loop
      vertex -135.776 327.69 0
      vertex -126.488 329.142 0
      vertex -136.376 325.54 0
    endloop
  endfacet
  facet normal 0 -0 -1
    outer loop
      vertex -131.847 336.768 0
      vertex -129.967 333.78 0
      vertex -135.859 334.709 0
    endloop
  endfacet
  facet normal 0 -0 -1
    outer loop
      vertex -136.895 325.19 0
      vertex -136.445 325.45 0
      vertex -139.991 321.977 0
    endloop
  endfacet
  facet normal 0 0 -1
    outer loop
      vertex -124.938 342.151 0
      vertex -128.432 333.509 0
      vertex -128.197 341.304 0
    endloop
  endfacet
  facet normal -0 0 -1
    outer loop
      vertex -119.16 333.295 0
      vertex -126.228 330.458 0
      vertex -128.432 333.509 0
    endloop
  endfacet
  facet normal -0 0 -1
    outer loop
      vertex -125.88 328.797 0
      vertex -136.376 325.54 0
      vertex -126.43 329.087 0
    endloop
  endfacet
  facet normal 0 0 -1
    outer loop
      vertex -125.88 328.797 0
      vertex -142.517 311.579 0
      vertex -136.445 325.45 0
    endloop
  endfacet
  facet normal 0 0 -1
    outer loop
      vertex -135.771 327.718 0
      vertex -127.911 331.49 0
      vertex -126.488 329.142 0
    endloop
  endfacet
  facet normal 0 0 -1
    outer loop
      vertex -136.445 325.45 0
      vertex -136.376 325.54 0
      vertex -125.88 328.797 0
    endloop
  endfacet
  facet normal 0 -0 -1
    outer loop
      vertex -129.952 333.76 0
      vertex -127.911 331.49 0
      vertex -135.63 329.426 0
    endloop
  endfacet
  facet normal 0 -0 -1
    outer loop
      vertex -135.63 329.426 0
      vertex -127.911 331.49 0
      vertex -135.631 329.408 0
    endloop
  endfacet
  facet normal 0 -0 -1
    outer loop
      vertex -135.084 336.346 0
      vertex -131.847 336.768 0
      vertex -135.859 334.709 0
    endloop
  endfacet
  facet normal 0 0 -1
    outer loop
      vertex -135.63 329.426 0
      vertex -135.859 334.709 0
      vertex -129.967 333.78 0
    endloop
  endfacet
  facet normal 0 0 -1
    outer loop
      vertex -135.084 336.346 0
      vertex -133.147 337.503 0
      vertex -131.847 336.768 0
    endloop
  endfacet
  facet normal 0 0 -1
    outer loop
      vertex -135.084 336.346 0
      vertex -134.213 337.311 0
      vertex -133.147 337.503 0
    endloop
  endfacet
  facet normal 0 -0 -1
    outer loop
      vertex -129.967 333.78 0
      vertex -129.952 333.76 0
      vertex -135.63 329.426 0
    endloop
  endfacet
  facet normal 0 0 -1
    outer loop
      vertex -127.911 331.49 0
      vertex -135.771 327.718 0
      vertex -135.631 329.408 0
    endloop
  endfacet
  facet normal 0 -0 -1
    outer loop
      vertex -139.912 322.135 0
      vertex -136.895 325.19 0
      vertex -139.991 321.977 0
    endloop
  endfacet
  facet normal 0 0 -1
    outer loop
      vertex -139.991 321.977 0
      vertex -143.097 312.129 0
      vertex -145.75 319.196 0
    endloop
  endfacet
  facet normal 0 0 -1
    outer loop
      vertex -143.281 312.146 0
      vertex -147.372 317.793 0
      vertex -145.782 319.156 0
    endloop
  endfacet
  facet normal 0 0 -1
    outer loop
      vertex -147.592 311.354 0
      vertex -149.187 313.077 0
      vertex -148.856 315.16 0
    endloop
  endfacet
  facet normal 0 0 -1
    outer loop
      vertex -139.912 322.135 0
      vertex -137.062 325.201 0
      vertex -136.895 325.19 0
    endloop
  endfacet
  facet normal -0 0 -1
    outer loop
      vertex -143.281 312.146 0
      vertex -145.33 311.34 0
      vertex -148.856 315.16 0
    endloop
  endfacet
  facet normal 0 0 -1
    outer loop
      vertex -137.062 325.201 0
      vertex -139.912 322.135 0
      vertex -140.369 324.868 0
    endloop
  endfacet
  facet normal 0 -0 -1
    outer loop
      vertex -138.507 326.323 0
      vertex -137.062 325.201 0
      vertex -140.369 324.868 0
    endloop
  endfacet
  facet normal 0 -0 -1
    outer loop
      vertex -139.871 326.545 0
      vertex -138.507 326.323 0
      vertex -140.322 325.679 0
    endloop
  endfacet
  facet normal 0 0 -1
    outer loop
      vertex -139.871 326.545 0
      vertex -139.752 326.645 0
      vertex -138.507 326.323 0
    endloop
  endfacet
  facet normal 0 -0 -1
    outer loop
      vertex -140.322 325.679 0
      vertex -138.507 326.323 0
      vertex -140.369 324.868 0
    endloop
  endfacet
  facet normal 0 0 -1
    outer loop
      vertex -148.47 311.324 0
      vertex -148.882 311.847 0
      vertex -147.669 311.37 0
    endloop
  endfacet
  facet normal 0 0 -1
    outer loop
      vertex -147.669 311.37 0
      vertex -148.882 311.847 0
      vertex -149.187 313.077 0
    endloop
  endfacet
  facet normal 0 0 -1
    outer loop
      vertex -147.592 311.354 0
      vertex -147.669 311.37 0
      vertex -149.187 313.077 0
    endloop
  endfacet
  facet normal 0 0 -1
    outer loop
      vertex -146.265 310.676 0
      vertex -147.592 311.354 0
      vertex -145.409 311.31 0
    endloop
  endfacet
  facet normal 0 0 -1
    outer loop
      vertex -145.75 319.196 0
      vertex -140.193 322.04 0
      vertex -139.991 321.977 0
    endloop
  endfacet
  facet normal 0 0 -1
    outer loop
      vertex -145.75 319.196 0
      vertex -143.263 323.554 0
      vertex -140.193 322.04 0
    endloop
  endfacet
  facet normal 0 0 -1
    outer loop
      vertex -145.409 311.31 0
      vertex -147.592 311.354 0
      vertex -148.856 315.16 0
    endloop
  endfacet
  facet normal 0 -0 -1
    outer loop
      vertex -141.102 323.78 0
      vertex -140.193 322.04 0
      vertex -143.263 323.554 0
    endloop
  endfacet
  facet normal 0 -0 -1
    outer loop
      vertex -141.632 324.31 0
      vertex -141.102 323.78 0
      vertex -143.263 323.554 0
    endloop
  endfacet
  facet normal 0 -0 -1
    outer loop
      vertex -142.546 311.339 0
      vertex -125.717 328.813 0
      vertex -144.932 303.157 0
    endloop
  endfacet
  facet normal 0 0 -1
    outer loop
      vertex -147.112 281.787 0
      vertex -137.936 269.42 0
      vertex -140.559 270.429 0
    endloop
  endfacet
  facet normal 0 0 -1
    outer loop
      vertex -142.546 311.339 0
      vertex -144.932 303.157 0
      vertex -143.838 310.138 0
    endloop
  endfacet
  facet normal -0 0 -1
    outer loop
      vertex -152.613 282.736 0
      vertex -155.406 282.211 0
      vertex -155.69 283.025 0
    endloop
  endfacet
  facet normal 0 0 -1
    outer loop
      vertex -156.465 285.32 0
      vertex -161.135 290.005 0
      vertex -157.576 293.7 0
    endloop
  endfacet
  facet normal 0 0 -1
    outer loop
      vertex -156.576 285.276 0
      vertex -157.742 284.783 0
      vertex -158.294 284.979 0
    endloop
  endfacet
  facet normal 0 0 -1
    outer loop
      vertex -153.19 296.266 0
      vertex -153.03 296.546 0
      vertex -146.86 299.223 0
    endloop
  endfacet
  facet normal 0 0 -1
    outer loop
      vertex -142.546 311.339 0
      vertex -143.838 310.138 0
      vertex -143.161 310.994 0
    endloop
  endfacet
  facet normal 0 -0 -1
    outer loop
      vertex -149.641 299.283 0
      vertex -146.86 299.223 0
      vertex -153.03 296.546 0
    endloop
  endfacet
  facet normal 0 0 -1
    outer loop
      vertex -145.409 311.31 0
      vertex -148.856 315.16 0
      vertex -145.33 311.34 0
    endloop
  endfacet
  facet normal 0 0 -1
    outer loop
      vertex -148.856 315.16 0
      vertex -147.372 317.793 0
      vertex -143.281 312.146 0
    endloop
  endfacet
  facet normal 0 0 -1
    outer loop
      vertex -145.33 311.34 0
      vertex -143.281 312.146 0
      vertex -144.448 311.397 0
    endloop
  endfacet
  facet normal 0 0 -1
    outer loop
      vertex -143.281 312.146 0
      vertex -145.782 319.156 0
      vertex -143.097 312.129 0
    endloop
  endfacet
  facet normal 0 0 -1
    outer loop
      vertex -143.097 312.129 0
      vertex -145.782 319.156 0
      vertex -145.75 319.196 0
    endloop
  endfacet
  facet normal 0 0 -1
    outer loop
      vertex -142.517 311.579 0
      vertex -143.097 312.129 0
      vertex -139.991 321.977 0
    endloop
  endfacet
  facet normal 0 0 -1
    outer loop
      vertex -136.445 325.45 0
      vertex -142.517 311.579 0
      vertex -139.991 321.977 0
    endloop
  endfacet
  facet normal 0 -0 -1
    outer loop
      vertex -142.517 311.579 0
      vertex -125.717 328.813 0
      vertex -142.546 311.339 0
    endloop
  endfacet
  facet normal 0 -0 -1
    outer loop
      vertex -125.88 328.797 0
      vertex -125.717 328.813 0
      vertex -142.517 311.579 0
    endloop
  endfacet
  facet normal 0 0 -1
    outer loop
      vertex -135.916 268.64 0
      vertex -147.112 281.787 0
      vertex -147.202 282.287 0
    endloop
  endfacet
  facet normal 0 0 -1
    outer loop
      vertex -147.202 282.287 0
      vertex -147.227 282.346 0
      vertex -146.14 299.977 0
    endloop
  endfacet
  facet normal 0 0 -1
    outer loop
      vertex -148.171 283.617 0
      vertex -146.715 299.274 0
      vertex -148.077 283.556 0
    endloop
  endfacet
  facet normal 0 0 -1
    outer loop
      vertex -153.19 296.266 0
      vertex -146.86 299.223 0
      vertex -148.471 283.677 0
    endloop
  endfacet
  facet normal 0 -0 -1
    outer loop
      vertex -155.691 285.059 0
      vertex -152.613 282.736 0
      vertex -155.742 283.133 0
    endloop
  endfacet
  facet normal 0 0 -1
    outer loop
      vertex -151.873 298.3 0
      vertex -153.018 296.668 0
      vertex -153.223 297.276 0
    endloop
  endfacet
  facet normal 0 0 -1
    outer loop
      vertex -149.641 299.283 0
      vertex -147.968 299.448 0
      vertex -146.86 299.223 0
    endloop
  endfacet
  facet normal 0 0 -1
    outer loop
      vertex -151.873 298.3 0
      vertex -153.03 296.546 0
      vertex -153.018 296.668 0
    endloop
  endfacet
  facet normal 0 0 -1
    outer loop
      vertex -149.641 299.283 0
      vertex -153.03 296.546 0
      vertex -151.873 298.3 0
    endloop
  endfacet
  facet normal 0 0 -1
    outer loop
      vertex -156.465 285.32 0
      vertex -157.479 293.731 0
      vertex -155.805 285.3 0
    endloop
  endfacet
  facet normal 0 0 -1
    outer loop
      vertex -159.149 285.902 0
      vertex -161.135 290.005 0
      vertex -156.465 285.32 0
    endloop
  endfacet
  facet normal 0 0 -1
    outer loop
      vertex -159.149 285.902 0
      vertex -160.246 286.494 0
      vertex -161.135 290.005 0
    endloop
  endfacet
  facet normal 0 -0 -1
    outer loop
      vertex -161.134 290.132 0
      vertex -157.576 293.7 0
      vertex -161.135 290.005 0
    endloop
  endfacet
  facet normal -0 0 -1
    outer loop
      vertex -156.465 285.32 0
      vertex -156.576 285.276 0
      vertex -159.109 285.871 0
    endloop
  endfacet
  facet normal 0 0 -1
    outer loop
      vertex -161.135 290.005 0
      vertex -161.616 288.555 0
      vertex -161.665 288.906 0
    endloop
  endfacet
  facet normal 0 0 -1
    outer loop
      vertex -161.134 290.132 0
      vertex -161.425 290.77 0
      vertex -160.758 292.246 0
    endloop
  endfacet
  facet normal 0 0 -1
    outer loop
      vertex -157.576 293.7 0
      vertex -161.134 290.132 0
      vertex -159.154 293.539 0
    endloop
  endfacet
  facet normal 0 0 -1
    outer loop
      vertex -159.154 293.539 0
      vertex -158.635 293.739 0
      vertex -157.576 293.7 0
    endloop
  endfacet
  facet normal 0 -0 -1
    outer loop
      vertex -160.758 292.246 0
      vertex -159.154 293.539 0
      vertex -161.134 290.132 0
    endloop
  endfacet
  facet normal 0 -0 -1
    outer loop
      vertex -161.135 290.005 0
      vertex -160.246 286.494 0
      vertex -161.616 288.555 0
    endloop
  endfacet
  facet normal 0 0 -1
    outer loop
      vertex -159.109 285.871 0
      vertex -156.576 285.276 0
      vertex -158.294 284.979 0
    endloop
  endfacet
  facet normal 0 0 -1
    outer loop
      vertex -156.576 285.276 0
      vertex -156.989 284.863 0
      vertex -157.742 284.783 0
    endloop
  endfacet
  facet normal 0 0 -1
    outer loop
      vertex -156.465 285.32 0
      vertex -159.109 285.871 0
      vertex -159.149 285.902 0
    endloop
  endfacet
  facet normal 0 0 -1
    outer loop
      vertex -155.406 282.211 0
      vertex -155.672 282.518 0
      vertex -155.69 283.025 0
    endloop
  endfacet
  facet normal 0 0 -1
    outer loop
      vertex -155.742 283.133 0
      vertex -156.595 283.871 0
      vertex -155.691 285.059 0
    endloop
  endfacet
  facet normal 0 -0 -1
    outer loop
      vertex -147.467 279.224 0
      vertex -146.435 269.393 0
      vertex -151.26 273.262 0
    endloop
  endfacet
  facet normal 0 0 -1
    outer loop
      vertex -148.898 269.157 0
      vertex -151.547 272.731 0
      vertex -151.257 273.061 0
    endloop
  endfacet
  facet normal 0 0 -1
    outer loop
      vertex -154.735 276.421 0
      vertex -153.323 278.364 0
      vertex -153.16 278.435 0
    endloop
  endfacet
  facet normal 0 -0 -1
    outer loop
      vertex -157.479 293.731 0
      vertex -156.465 285.32 0
      vertex -157.576 293.7 0
    endloop
  endfacet
  facet normal 0 0 -1
    outer loop
      vertex -157.681 276.496 0
      vertex -156.865 278.344 0
      vertex -157.09 275.972 0
    endloop
  endfacet
  facet normal 0 0 -1
    outer loop
      vertex -155.742 283.133 0
      vertex -152.613 282.736 0
      vertex -155.69 283.025 0
    endloop
  endfacet
  facet normal -0 0 -1
    outer loop
      vertex -153.385 281.632 0
      vertex -153.786 281.391 0
      vertex -155.406 282.211 0
    endloop
  endfacet
  facet normal 0 0 -1
    outer loop
      vertex -155.805 285.3 0
      vertex -157.479 293.731 0
      vertex -155.424 295.299 0
    endloop
  endfacet
  facet normal 0 0 -1
    outer loop
      vertex -154.99 276.562 0
      vertex -156.582 274.845 0
      vertex -157.044 275.827 0
    endloop
  endfacet
  facet normal 0 0 -1
    outer loop
      vertex -153.262 296.202 0
      vertex -155.805 285.3 0
      vertex -155.424 295.299 0
    endloop
  endfacet
  facet normal 0 0 -1
    outer loop
      vertex -153.262 296.202 0
      vertex -155.666 285.192 0
      vertex -155.805 285.3 0
    endloop
  endfacet
  facet normal 0 0 -1
    outer loop
      vertex -144.334 268.759 0
      vertex -146.271 269.341 0
      vertex -143.016 270.086 0
    endloop
  endfacet
  facet normal -0 0 -1
    outer loop
      vertex -152.405 282.773 0
      vertex -152.613 282.736 0
      vertex -155.666 285.192 0
    endloop
  endfacet
  facet normal 0 -0 -1
    outer loop
      vertex -155.666 285.192 0
      vertex -152.613 282.736 0
      vertex -155.691 285.059 0
    endloop
  endfacet
  facet normal 0 0 -1
    outer loop
      vertex -152.613 282.736 0
      vertex -153.385 281.632 0
      vertex -155.406 282.211 0
    endloop
  endfacet
  facet normal 0 0 -1
    outer loop
      vertex -152.405 282.773 0
      vertex -148.599 283.643 0
      vertex -150.472 281.994 0
    endloop
  endfacet
  facet normal 0 0 -1
    outer loop
      vertex -155.666 285.192 0
      vertex -148.599 283.643 0
      vertex -152.405 282.773 0
    endloop
  endfacet
  facet normal 0 0 -1
    outer loop
      vertex -157.954 277.271 0
      vertex -157.373 278.183 0
      vertex -157.681 276.496 0
    endloop
  endfacet
  facet normal 0 0 -1
    outer loop
      vertex -142.791 270.072 0
      vertex -141.96 269.179 0
      vertex -142.075 269.144 0
    endloop
  endfacet
  facet normal -0 0 -1
    outer loop
      vertex -140.697 270.452 0
      vertex -141.027 270.342 0
      vertex -147.467 279.224 0
    endloop
  endfacet
  facet normal 0 0 -1
    outer loop
      vertex -157.681 276.496 0
      vertex -157.373 278.183 0
      vertex -156.865 278.344 0
    endloop
  endfacet
  facet normal 0 0 -1
    outer loop
      vertex -151.368 282.057 0
      vertex -152.405 282.773 0
      vertex -150.472 281.994 0
    endloop
  endfacet
  facet normal 0 0 -1
    outer loop
      vertex -155.666 285.192 0
      vertex -153.262 296.202 0
      vertex -148.599 283.643 0
    endloop
  endfacet
  facet normal 0 0 -1
    outer loop
      vertex -148.471 283.677 0
      vertex -153.262 296.202 0
      vertex -153.19 296.266 0
    endloop
  endfacet
  facet normal 0 0 -1
    outer loop
      vertex -148.599 283.643 0
      vertex -153.262 296.202 0
      vertex -148.471 283.677 0
    endloop
  endfacet
  facet normal 0 0 -1
    outer loop
      vertex -142.791 270.072 0
      vertex -141.099 270.292 0
      vertex -141.96 269.179 0
    endloop
  endfacet
  facet normal 0 0 -1
    outer loop
      vertex -148.171 283.617 0
      vertex -148.471 283.677 0
      vertex -146.86 299.223 0
    endloop
  endfacet
  facet normal 0 0 -1
    outer loop
      vertex -146.715 299.274 0
      vertex -148.171 283.617 0
      vertex -146.86 299.223 0
    endloop
  endfacet
  facet normal 0 0 -1
    outer loop
      vertex -146.165 299.934 0
      vertex -147.227 282.346 0
      vertex -146.715 299.274 0
    endloop
  endfacet
  facet normal 0 0 -1
    outer loop
      vertex -147.227 282.346 0
      vertex -148.077 283.556 0
      vertex -146.715 299.274 0
    endloop
  endfacet
  facet normal 0 0 -1
    outer loop
      vertex -140.559 270.429 0
      vertex -147.381 279.378 0
      vertex -147.117 281.713 0
    endloop
  endfacet
  facet normal 0 0 -1
    outer loop
      vertex -145.631 268.5 0
      vertex -146.271 269.341 0
      vertex -144.334 268.759 0
    endloop
  endfacet
  facet normal 0 0 -1
    outer loop
      vertex -147.517 280.495 0
      vertex -147.117 281.713 0
      vertex -147.381 279.378 0
    endloop
  endfacet
  facet normal -0 0 -1
    outer loop
      vertex -149.016 269.046 0
      vertex -151.74 268.011 0
      vertex -151.606 272.69 0
    endloop
  endfacet
  facet normal 0 0 -1
    outer loop
      vertex -151.26 273.262 0
      vertex -151.5 273.522 0
      vertex -147.616 279.237 0
    endloop
  endfacet
  facet normal -0 0 -1
    outer loop
      vertex -147.467 279.224 0
      vertex -151.26 273.262 0
      vertex -147.616 279.237 0
    endloop
  endfacet
  facet normal 0 0 -1
    outer loop
      vertex -129.967 264.341 0
      vertex -125.717 328.813 0
      vertex -99.4787 335.122 0
    endloop
  endfacet
  facet normal 0 0 -1
    outer loop
      vertex -157.044 275.827 0
      vertex -156.582 274.845 0
      vertex -156.831 274.937 0
    endloop
  endfacet
  facet normal 0 -0 -1
    outer loop
      vertex -148.801 280.063 0
      vertex -147.616 279.237 0
      vertex -153.16 278.435 0
    endloop
  endfacet
  facet normal 0 -0 -1
    outer loop
      vertex -152.327 279.868 0
      vertex -151.387 280.218 0
      vertex -153.16 278.435 0
    endloop
  endfacet
  facet normal 0 -0 -1
    outer loop
      vertex -151.387 280.218 0
      vertex -148.801 280.063 0
      vertex -153.16 278.435 0
    endloop
  endfacet
  facet normal 0 0 -1
    outer loop
      vertex -157.09 275.972 0
      vertex -154.99 276.562 0
      vertex -157.044 275.827 0
    endloop
  endfacet
  facet normal 0 0 -1
    outer loop
      vertex -157.09 275.972 0
      vertex -156.865 278.344 0
      vertex -154.99 276.562 0
    endloop
  endfacet
  facet normal 0 0 -1
    outer loop
      vertex -50.3628 273.756 0
      vertex -124.902 254.265 0
      vertex -129.299 262.632 0
    endloop
  endfacet
  facet normal 0 0 -1
    outer loop
      vertex -156.865 278.344 0
      vertex -154.794 278.697 0
      vertex -154.99 276.562 0
    endloop
  endfacet
  facet normal 0 0 -1
    outer loop
      vertex -156.831 274.937 0
      vertex -157.157 275.32 0
      vertex -157.044 275.827 0
    endloop
  endfacet
  facet normal 0 0 -1
    outer loop
      vertex -154.237 270.729 0
      vertex -152.942 272.173 0
      vertex -154.032 270.205 0
    endloop
  endfacet
  facet normal 0 0 -1
    outer loop
      vertex -125.581 251.464 0
      vertex -125.717 252.066 0
      vertex -125.452 251.441 0
    endloop
  endfacet
  facet normal 0 0 -1
    outer loop
      vertex -129.899 264.262 0
      vertex -129.967 264.341 0
      vertex -99.4787 335.122 0
    endloop
  endfacet
  facet normal 0 0 -1
    outer loop
      vertex -154.735 276.421 0
      vertex -154.817 276.596 0
      vertex -153.323 278.364 0
    endloop
  endfacet
  facet normal 0 0 -1
    outer loop
      vertex -153.851 273.649 0
      vertex -154.735 276.421 0
      vertex -151.605 273.57 0
    endloop
  endfacet
  facet normal 0 0 -1
    outer loop
      vertex -154.817 276.596 0
      vertex -154.794 278.697 0
      vertex -153.323 278.364 0
    endloop
  endfacet
  facet normal 0 0 -1
    outer loop
      vertex -154.99 276.562 0
      vertex -154.794 278.697 0
      vertex -154.817 276.596 0
    endloop
  endfacet
  facet normal 0 0 -1
    outer loop
      vertex -153.851 273.649 0
      vertex -154.72 274.092 0
      vertex -155.15 274.889 0
    endloop
  endfacet
  facet normal 0 -0 -1
    outer loop
      vertex -154.735 276.421 0
      vertex -153.851 273.649 0
      vertex -155.15 274.889 0
    endloop
  endfacet
  facet normal 0 0 -1
    outer loop
      vertex -151.605 273.57 0
      vertex -154.735 276.421 0
      vertex -153.16 278.435 0
    endloop
  endfacet
  facet normal 0 0 -1
    outer loop
      vertex -149.143 268.371 0
      vertex -148.392 266.931 0
      vertex -148.493 266.906 0
    endloop
  endfacet
  facet normal 0 0 -1
    outer loop
      vertex -151.605 273.57 0
      vertex -153.16 278.435 0
      vertex -151.5 273.522 0
    endloop
  endfacet
  facet normal 0 0 -1
    outer loop
      vertex -151.5 273.522 0
      vertex -153.16 278.435 0
      vertex -147.616 279.237 0
    endloop
  endfacet
  facet normal 0 0 -1
    outer loop
      vertex -151.606 272.69 0
      vertex -151.74 268.011 0
      vertex -152.942 272.173 0
    endloop
  endfacet
  facet normal 0 -0 -1
    outer loop
      vertex -151.547 272.731 0
      vertex -148.898 269.157 0
      vertex -151.606 272.69 0
    endloop
  endfacet
  facet normal 0 0 -1
    outer loop
      vertex -151.74 268.011 0
      vertex -149.143 268.371 0
      vertex -148.493 266.906 0
    endloop
  endfacet
  facet normal 0 -0 -1
    outer loop
      vertex -152.942 272.173 0
      vertex -151.74 268.011 0
      vertex -154.032 270.205 0
    endloop
  endfacet
  facet normal -0 0 -1
    outer loop
      vertex -50.3698 273.595 0
      vertex -124.902 254.265 0
      vertex -50.3628 273.756 0
    endloop
  endfacet
  facet normal 0 0 -1
    outer loop
      vertex -123.946 247.962 0
      vertex -124.806 250.932 0
      vertex -124.917 254.042 0
    endloop
  endfacet
  facet normal 0 -0 -1
    outer loop
      vertex -122.872 243.545 0
      vertex -122.286 242.247 0
      vertex -122.918 243.46 0
    endloop
  endfacet
  facet normal 0 0 -1
    outer loop
      vertex -122.115 237.573 0
      vertex -123.023 236.201 0
      vertex -122.929 236.806 0
    endloop
  endfacet
  facet normal -0 0 -1
    outer loop
      vertex -149.143 268.371 0
      vertex -151.74 268.011 0
      vertex -149.156 268.476 0
    endloop
  endfacet
  facet normal 0 0 -1
    outer loop
      vertex -118.917 225.88 0
      vertex -118.005 225.899 0
      vertex -117.779 223.081 0
    endloop
  endfacet
  facet normal 0 0 -1
    outer loop
      vertex -147.005 269.213 0
      vertex -151.257 273.061 0
      vertex -146.435 269.393 0
    endloop
  endfacet
  facet normal -0 0 -1
    outer loop
      vertex -149.156 268.476 0
      vertex -151.74 268.011 0
      vertex -149.016 269.046 0
    endloop
  endfacet
  facet normal -0 0 -1
    outer loop
      vertex -148.638 269.207 0
      vertex -148.898 269.157 0
      vertex -151.257 273.061 0
    endloop
  endfacet
  facet normal 0 0 -1
    outer loop
      vertex -149.016 269.046 0
      vertex -151.606 272.69 0
      vertex -148.898 269.157 0
    endloop
  endfacet
  facet normal 0 0 -1
    outer loop
      vertex -148.515 269.176 0
      vertex -147.005 269.213 0
      vertex -147.067 269.175 0
    endloop
  endfacet
  facet normal 0 0 -1
    outer loop
      vertex -148.638 269.207 0
      vertex -151.257 273.061 0
      vertex -147.005 269.213 0
    endloop
  endfacet
  facet normal -0 0 -1
    outer loop
      vertex -147.067 269.175 0
      vertex -147.711 268.522 0
      vertex -148.515 269.176 0
    endloop
  endfacet
  facet normal 0 0 -1
    outer loop
      vertex -146.435 269.393 0
      vertex -151.257 273.061 0
      vertex -151.26 273.262 0
    endloop
  endfacet
  facet normal 0 0 -1
    outer loop
      vertex -142.791 270.072 0
      vertex -141.027 270.342 0
      vertex -141.099 270.292 0
    endloop
  endfacet
  facet normal 0 0 -1
    outer loop
      vertex -146.435 269.393 0
      vertex -147.467 279.224 0
      vertex -143.016 270.086 0
    endloop
  endfacet
  facet normal 0 0 -1
    outer loop
      vertex -143.016 270.086 0
      vertex -146.271 269.341 0
      vertex -146.435 269.393 0
    endloop
  endfacet
  facet normal 0 0 -1
    outer loop
      vertex -145.277 268.398 0
      vertex -145.631 268.5 0
      vertex -144.334 268.759 0
    endloop
  endfacet
  facet normal 0 0 -1
    outer loop
      vertex -131.991 265.853 0
      vertex -132.013 265.872 0
      vertex -129.967 264.341 0
    endloop
  endfacet
  facet normal 0 -0 -1
    outer loop
      vertex -129.299 262.632 0
      vertex -126.989 257.361 0
      vertex -129.319 262.491 0
    endloop
  endfacet
  facet normal 0 0 -1
    outer loop
      vertex -144.94 303.127 0
      vertex -144.932 303.157 0
      vertex -132.013 265.872 0
    endloop
  endfacet
  facet normal 0 0 -1
    outer loop
      vertex -142.791 270.072 0
      vertex -143.016 270.086 0
      vertex -141.027 270.342 0
    endloop
  endfacet
  facet normal 0 -0 -1
    outer loop
      vertex -147.381 279.378 0
      vertex -140.697 270.452 0
      vertex -147.467 279.224 0
    endloop
  endfacet
  facet normal -0 0 -1
    outer loop
      vertex -141.027 270.342 0
      vertex -143.016 270.086 0
      vertex -147.467 279.224 0
    endloop
  endfacet
  facet normal 0 0 -1
    outer loop
      vertex -146.14 299.977 0
      vertex -144.94 303.127 0
      vertex -135.883 268.622 0
    endloop
  endfacet
  facet normal 0 0 -1
    outer loop
      vertex -130.017 261.302 0
      vertex -130.066 261.48 0
      vertex -129.319 262.491 0
    endloop
  endfacet
  facet normal 0 0 -1
    outer loop
      vertex -147.117 281.713 0
      vertex -147.112 281.787 0
      vertex -140.559 270.429 0
    endloop
  endfacet
  facet normal 0 0 -1
    outer loop
      vertex -140.559 270.429 0
      vertex -137.98 269.43 0
      vertex -139.375 269.527 0
    endloop
  endfacet
  facet normal 0 -0 -1
    outer loop
      vertex -146.14 299.977 0
      vertex -135.883 268.622 0
      vertex -147.202 282.287 0
    endloop
  endfacet
  facet normal 0 0 -1
    outer loop
      vertex -140.559 270.429 0
      vertex -137.936 269.42 0
      vertex -137.98 269.43 0
    endloop
  endfacet
  facet normal 0 0 -1
    outer loop
      vertex -135.883 268.622 0
      vertex -135.916 268.64 0
      vertex -147.202 282.287 0
    endloop
  endfacet
  facet normal 0 0 -1
    outer loop
      vertex -132.013 265.872 0
      vertex -144.932 303.157 0
      vertex -129.967 264.341 0
    endloop
  endfacet
  facet normal 0 0 -1
    outer loop
      vertex -129.299 262.632 0
      vertex -129.899 264.262 0
      vertex -50.3628 273.756 0
    endloop
  endfacet
  facet normal 0 0 -1
    outer loop
      vertex -129.967 264.341 0
      vertex -144.932 303.157 0
      vertex -125.717 328.813 0
    endloop
  endfacet
  facet normal 0 0 -1
    outer loop
      vertex -129.967 264.341 0
      vertex -131.197 265.02 0
      vertex -131.991 265.853 0
    endloop
  endfacet
  facet normal -0 0 -1
    outer loop
      vertex -48.4767 284.651 0
      vertex -129.899 264.262 0
      vertex -99.4787 335.122 0
    endloop
  endfacet
  facet normal 0 0 -1
    outer loop
      vertex -48.4767 284.651 0
      vertex -48.4798 284.613 0
      vertex -129.899 264.262 0
    endloop
  endfacet
  facet normal 0 0 -1
    outer loop
      vertex -126.989 257.361 0
      vertex -129.299 262.632 0
      vertex -126.952 257.308 0
    endloop
  endfacet
  facet normal 0 0 -1
    outer loop
      vertex -129.314 260.644 0
      vertex -129.349 260.691 0
      vertex -129.319 262.491 0
    endloop
  endfacet
  facet normal 0 0 -1
    outer loop
      vertex -129.319 262.491 0
      vertex -128.347 258.591 0
      vertex -129.314 260.644 0
    endloop
  endfacet
  facet normal 0 0 -1
    outer loop
      vertex -126.952 257.308 0
      vertex -129.299 262.632 0
      vertex -124.902 254.265 0
    endloop
  endfacet
  facet normal 0 0 -1
    outer loop
      vertex -129.349 260.691 0
      vertex -130.017 261.302 0
      vertex -129.319 262.491 0
    endloop
  endfacet
  facet normal 0 -0 -1
    outer loop
      vertex -124.902 254.265 0
      vertex -123.946 247.962 0
      vertex -124.917 254.042 0
    endloop
  endfacet
  facet normal 0 0 -1
    outer loop
      vertex -123.311 245.671 0
      vertex -124.028 245.957 0
      vertex -124.075 246.026 0
    endloop
  endfacet
  facet normal 0 0 -1
    outer loop
      vertex -126.952 257.308 0
      vertex -124.902 254.265 0
      vertex -126.253 255.654 0
    endloop
  endfacet
  facet normal 0 0 -1
    outer loop
      vertex -50.3698 273.595 0
      vertex -60.7016 245.48 0
      vertex -124.902 254.265 0
    endloop
  endfacet
  facet normal -0 0 -1
    outer loop
      vertex -125.581 251.464 0
      vertex -126.273 251.27 0
      vertex -125.928 251.494 0
    endloop
  endfacet
  facet normal 0 0 -1
    outer loop
      vertex -124.917 254.042 0
      vertex -124.806 250.932 0
      vertex -124.862 251.011 0
    endloop
  endfacet
  facet normal 0 0 -1
    outer loop
      vertex -125.712 252.132 0
      vertex -124.862 251.011 0
      vertex -125.452 251.441 0
    endloop
  endfacet
  facet normal -0 0 -1
    outer loop
      vertex -123.311 245.671 0
      vertex -123.79 245.236 0
      vertex -124.028 245.957 0
    endloop
  endfacet
  facet normal 0 -0 -1
    outer loop
      vertex -125.712 252.132 0
      vertex -125.452 251.441 0
      vertex -125.717 252.066 0
    endloop
  endfacet
  facet normal 0 -0 -1
    outer loop
      vertex -125.717 252.066 0
      vertex -125.581 251.464 0
      vertex -125.867 251.576 0
    endloop
  endfacet
  facet normal 0 0 -1
    outer loop
      vertex -124.075 246.026 0
      vertex -123.136 245.69 0
      vertex -123.311 245.671 0
    endloop
  endfacet
  facet normal 0 0 -1
    outer loop
      vertex -119.125 237.367 0
      vertex -121.5 241.105 0
      vertex -121.78 241.815 0
    endloop
  endfacet
  facet normal 0 0 -1
    outer loop
      vertex -122.286 242.247 0
      vertex -122.712 244.505 0
      vertex -121.826 241.877 0
    endloop
  endfacet
  facet normal 0 0 -1
    outer loop
      vertex -122.718 244.578 0
      vertex -119.125 237.367 0
      vertex -121.78 241.815 0
    endloop
  endfacet
  facet normal 0 -0 -1
    outer loop
      vertex -124.246 247.77 0
      vertex -124.09 247.77 0
      vertex -124.516 246.389 0
    endloop
  endfacet
  facet normal 0 0 -1
    outer loop
      vertex -123.606 242.819 0
      vertex -122.918 243.46 0
      vertex -122.499 242.222 0
    endloop
  endfacet
  facet normal 0 0 -1
    outer loop
      vertex -125.581 251.464 0
      vertex -125.928 251.494 0
      vertex -125.867 251.576 0
    endloop
  endfacet
  facet normal 0 0 -1
    outer loop
      vertex -123.136 245.69 0
      vertex -123.946 247.962 0
      vertex -123.068 245.608 0
    endloop
  endfacet
  facet normal 0 0 -1
    outer loop
      vertex -125.712 252.132 0
      vertex -124.917 254.042 0
      vertex -124.862 251.011 0
    endloop
  endfacet
  facet normal 0 0 -1
    outer loop
      vertex -123.068 245.608 0
      vertex -124.902 254.265 0
      vertex -60.7016 245.48 0
    endloop
  endfacet
  facet normal 0 0 -1
    outer loop
      vertex -124.516 246.389 0
      vertex -124.09 247.77 0
      vertex -124.075 246.026 0
    endloop
  endfacet
  facet normal 0 0 -1
    outer loop
      vertex -122.78 235.362 0
      vertex -118.971 233.869 0
      vertex -120.121 232.317 0
    endloop
  endfacet
  facet normal 0 0 -1
    outer loop
      vertex -122.499 242.222 0
      vertex -122.893 241.713 0
      vertex -123.565 242.163 0
    endloop
  endfacet
  facet normal 0 0 -1
    outer loop
      vertex -122.718 244.578 0
      vertex -121.78 241.815 0
      vertex -122.712 244.505 0
    endloop
  endfacet
  facet normal 0 0 -1
    outer loop
      vertex -121.852 237.549 0
      vertex -121.95 237.635 0
      vertex -121.944 238.705 0
    endloop
  endfacet
  facet normal 0 0 -1
    outer loop
      vertex -121.49 241.05 0
      vertex -121.5 241.105 0
      vertex -119.125 237.367 0
    endloop
  endfacet
  facet normal 0 0 -1
    outer loop
      vertex -123.068 245.608 0
      vertex -114.917 232.366 0
      vertex -122.718 244.578 0
    endloop
  endfacet
  facet normal 0 0 -1
    outer loop
      vertex -124.075 246.026 0
      vertex -124.09 247.77 0
      vertex -123.136 245.69 0
    endloop
  endfacet
  facet normal 0 0 -1
    outer loop
      vertex -123.068 245.608 0
      vertex -123.946 247.962 0
      vertex -124.902 254.265 0
    endloop
  endfacet
  facet normal 0 0 -1
    outer loop
      vertex -123.136 245.69 0
      vertex -124.09 247.77 0
      vertex -123.946 247.962 0
    endloop
  endfacet
  facet normal 0 0 -1
    outer loop
      vertex -122.918 243.46 0
      vertex -122.286 242.247 0
      vertex -122.499 242.222 0
    endloop
  endfacet
  facet normal 0 0 -1
    outer loop
      vertex -123.606 242.819 0
      vertex -122.499 242.222 0
      vertex -123.565 242.163 0
    endloop
  endfacet
  facet normal 0 0 -1
    outer loop
      vertex -119.91 237.073 0
      vertex -121.732 237.269 0
      vertex -121.852 237.549 0
    endloop
  endfacet
  facet normal 0 0 -1
    outer loop
      vertex -120.121 232.317 0
      vertex -118.971 233.869 0
      vertex -119.981 232.328 0
    endloop
  endfacet
  facet normal 0 0 -1
    outer loop
      vertex -122.929 236.806 0
      vertex -122.749 237.126 0
      vertex -122.115 237.573 0
    endloop
  endfacet
  facet normal 0 0 -1
    outer loop
      vertex -122.115 237.573 0
      vertex -122.494 238.12 0
      vertex -122.374 238.175 0
    endloop
  endfacet
  facet normal 0 0 -1
    outer loop
      vertex -122.77 237.302 0
      vertex -123.357 237.932 0
      vertex -123.174 238.138 0
    endloop
  endfacet
  facet normal 0 0 -1
    outer loop
      vertex -121.49 241.05 0
      vertex -119.125 237.367 0
      vertex -121.49 239.76 0
    endloop
  endfacet
  facet normal 0 0 -1
    outer loop
      vertex -122.77 237.302 0
      vertex -122.494 238.12 0
      vertex -122.115 237.573 0
    endloop
  endfacet
  facet normal 0 0 -1
    outer loop
      vertex -122.872 243.545 0
      vertex -122.712 244.505 0
      vertex -122.286 242.247 0
    endloop
  endfacet
  facet normal 0 0 -1
    outer loop
      vertex -122.712 244.505 0
      vertex -121.78 241.815 0
      vertex -121.826 241.877 0
    endloop
  endfacet
  facet normal 0 0 -1
    outer loop
      vertex -119.3 237.393 0
      vertex -121.923 238.74 0
      vertex -121.503 239.7 0
    endloop
  endfacet
  facet normal -0 0 -1
    outer loop
      vertex -119.91 237.073 0
      vertex -119.982 236.892 0
      vertex -121.732 237.269 0
    endloop
  endfacet
  facet normal 0 0 -1
    outer loop
      vertex -122.77 237.302 0
      vertex -122.115 237.573 0
      vertex -122.749 237.126 0
    endloop
  endfacet
  facet normal -0 0 -1
    outer loop
      vertex -121.95 237.635 0
      vertex -122.115 237.573 0
      vertex -122.374 238.175 0
    endloop
  endfacet
  facet normal 0 0 -1
    outer loop
      vertex -118.394 233.316 0
      vertex -118.561 234.639 0
      vertex -118.144 233.393 0
    endloop
  endfacet
  facet normal -0 0 -1
    outer loop
      vertex -120.765 230.414 0
      vertex -121.52 230.303 0
      vertex -120.185 232.153 0
    endloop
  endfacet
  facet normal 0 0 -1
    outer loop
      vertex -123.469 236.672 0
      vertex -123.04 236.731 0
      vertex -123.023 236.201 0
    endloop
  endfacet
  facet normal 0 0 -1
    outer loop
      vertex -120.765 230.414 0
      vertex -120.185 232.153 0
      vertex -119.955 231.26 0
    endloop
  endfacet
  facet normal 0 0 -1
    outer loop
      vertex -117.958 233.203 0
      vertex -116.968 232.434 0
      vertex -117.107 232.405 0
    endloop
  endfacet
  facet normal -0 0 -1
    outer loop
      vertex -122.494 238.12 0
      vertex -122.77 237.302 0
      vertex -123.174 238.138 0
    endloop
  endfacet
  facet normal -0 0 -1
    outer loop
      vertex -123.023 236.201 0
      vertex -123.386 236.107 0
      vertex -123.469 236.672 0
    endloop
  endfacet
  facet normal 0 0 -1
    outer loop
      vertex -113.285 227.617 0
      vertex -63.2527 227.616 0
      vertex -64.6765 224.009 0
    endloop
  endfacet
  facet normal 0 0 -1
    outer loop
      vertex -116.671 229.123 0
      vertex -115.415 231.635 0
      vertex -115.653 228.6 0
    endloop
  endfacet
  facet normal 0 0 -1
    outer loop
      vertex -116.76 229.139 0
      vertex -117.428 230.667 0
      vertex -116.671 229.123 0
    endloop
  endfacet
  facet normal 0 0 -1
    outer loop
      vertex -123.023 236.201 0
      vertex -123.04 236.731 0
      vertex -122.929 236.806 0
    endloop
  endfacet
  facet normal 0 0 -1
    outer loop
      vertex -122.374 238.175 0
      vertex -121.944 238.705 0
      vertex -121.95 237.635 0
    endloop
  endfacet
  facet normal -0 0 -1
    outer loop
      vertex -120.121 232.317 0
      vertex -120.185 232.153 0
      vertex -123.557 232.414 0
    endloop
  endfacet
  facet normal 0 0 -1
    outer loop
      vertex -121.944 238.705 0
      vertex -121.923 238.74 0
      vertex -121.852 237.549 0
    endloop
  endfacet
  facet normal -0 0 -1
    outer loop
      vertex -120.185 232.153 0
      vertex -123.397 231.506 0
      vertex -123.557 232.414 0
    endloop
  endfacet
  facet normal 0 0 -1
    outer loop
      vertex -119.955 231.26 0
      vertex -120.051 230.883 0
      vertex -120.765 230.414 0
    endloop
  endfacet
  facet normal 0 0 -1
    outer loop
      vertex -122.874 230.689 0
      vertex -120.185 232.153 0
      vertex -121.52 230.303 0
    endloop
  endfacet
  facet normal 0 0 -1
    outer loop
      vertex -117.107 232.405 0
      vertex -118.225 232.453 0
      vertex -118.188 232.513 0
    endloop
  endfacet
  facet normal 0 0 -1
    outer loop
      vertex -112.988 207.388 0
      vertex -113.168 207.528 0
      vertex -113.575 210.785 0
    endloop
  endfacet
  facet normal 0 0 -1
    outer loop
      vertex -113.751 226.607 0
      vertex -113.272 227.441 0
      vertex -112.533 223.839 0
    endloop
  endfacet
  facet normal 0 0 -1
    outer loop
      vertex -115.084 232.423 0
      vertex -118.577 234.69 0
      vertex -119.106 237.176 0
    endloop
  endfacet
  facet normal 0 0 -1
    outer loop
      vertex -120.185 232.153 0
      vertex -122.874 230.689 0
      vertex -123.397 231.506 0
    endloop
  endfacet
  facet normal 0 0 -1
    outer loop
      vertex -120.121 232.317 0
      vertex -123.557 232.414 0
      vertex -122.78 235.362 0
    endloop
  endfacet
  facet normal 0 -0 -1
    outer loop
      vertex -119.982 236.892 0
      vertex -118.971 233.869 0
      vertex -122.78 235.362 0
    endloop
  endfacet
  facet normal 0 0 -1
    outer loop
      vertex -118.971 233.869 0
      vertex -119.636 232.416 0
      vertex -119.981 232.328 0
    endloop
  endfacet
  facet normal 0 0 -1
    outer loop
      vertex -117.977 233.336 0
      vertex -115.084 232.423 0
      vertex -116.968 232.434 0
    endloop
  endfacet
  facet normal 0 -0 -1
    outer loop
      vertex -121.741 237.134 0
      vertex -119.982 236.892 0
      vertex -122.78 235.362 0
    endloop
  endfacet
  facet normal 0 0 -1
    outer loop
      vertex -121.852 237.549 0
      vertex -121.923 238.74 0
      vertex -119.91 237.073 0
    endloop
  endfacet
  facet normal 0 0 -1
    outer loop
      vertex -121.741 237.134 0
      vertex -121.732 237.269 0
      vertex -119.982 236.892 0
    endloop
  endfacet
  facet normal 0 0 -1
    outer loop
      vertex -119.91 237.073 0
      vertex -121.923 238.74 0
      vertex -119.3 237.393 0
    endloop
  endfacet
  facet normal 0 0 -1
    outer loop
      vertex -119.3 237.393 0
      vertex -121.503 239.7 0
      vertex -121.49 239.76 0
    endloop
  endfacet
  facet normal 0 0 -1
    outer loop
      vertex -119.125 237.367 0
      vertex -119.3 237.393 0
      vertex -121.49 239.76 0
    endloop
  endfacet
  facet normal 0 0 -1
    outer loop
      vertex -114.917 232.366 0
      vertex -119.125 237.367 0
      vertex -122.718 244.578 0
    endloop
  endfacet
  facet normal 0 0 -1
    outer loop
      vertex -114.917 232.366 0
      vertex -115.084 232.423 0
      vertex -119.125 237.367 0
    endloop
  endfacet
  facet normal 0 0 -1
    outer loop
      vertex -115.991 232.147 0
      vertex -116.968 232.434 0
      vertex -115.084 232.423 0
    endloop
  endfacet
  facet normal 0 0 -1
    outer loop
      vertex -119.18 235.835 0
      vertex -119.106 237.176 0
      vertex -118.577 234.69 0
    endloop
  endfacet
  facet normal 0 0 -1
    outer loop
      vertex -117.977 233.336 0
      vertex -116.968 232.434 0
      vertex -117.958 233.203 0
    endloop
  endfacet
  facet normal 0 0 -1
    outer loop
      vertex -119.417 236.713 0
      vertex -119.106 237.176 0
      vertex -119.18 235.835 0
    endloop
  endfacet
  facet normal 0 0 -1
    outer loop
      vertex -117.977 233.336 0
      vertex -118.144 233.393 0
      vertex -118.561 234.639 0
    endloop
  endfacet
  facet normal -0 0 -1
    outer loop
      vertex -61.3621 242.97 0
      vertex -114.917 232.366 0
      vertex -61.3103 243.207 0
    endloop
  endfacet
  facet normal 0 0 -1
    outer loop
      vertex -61.3621 242.97 0
      vertex -113.285 227.617 0
      vertex -114.917 232.366 0
    endloop
  endfacet
  facet normal 0 0 -1
    outer loop
      vertex -118.561 234.639 0
      vertex -115.084 232.423 0
      vertex -117.977 233.336 0
    endloop
  endfacet
  facet normal 0 0 -1
    outer loop
      vertex -114.917 232.366 0
      vertex -60.7016 245.48 0
      vertex -61.3103 243.207 0
    endloop
  endfacet
  facet normal 0 0 -1
    outer loop
      vertex -118.172 231.508 0
      vertex -118.678 232.009 0
      vertex -118.225 232.453 0
    endloop
  endfacet
  facet normal 0 0 -1
    outer loop
      vertex -63.2527 227.616 0
      vertex -113.285 227.617 0
      vertex -61.3621 242.97 0
    endloop
  endfacet
  facet normal 0 0 -1
    outer loop
      vertex -118.678 232.009 0
      vertex -118.172 231.508 0
      vertex -118.626 231.731 0
    endloop
  endfacet
  facet normal -0 0 -1
    outer loop
      vertex -117.107 232.405 0
      vertex -118.172 231.508 0
      vertex -118.225 232.453 0
    endloop
  endfacet
  facet normal 0 0 -1
    outer loop
      vertex -117.107 232.405 0
      vertex -118.188 232.513 0
      vertex -117.958 233.203 0
    endloop
  endfacet
  facet normal 0 0 -1
    outer loop
      vertex -118.561 234.639 0
      vertex -118.577 234.69 0
      vertex -115.084 232.423 0
    endloop
  endfacet
  facet normal 0 0 -1
    outer loop
      vertex -114.055 228.527 0
      vertex -114.926 232.182 0
      vertex -113.285 227.617 0
    endloop
  endfacet
  facet normal 0 0 -1
    outer loop
      vertex -114.917 232.366 0
      vertex -123.068 245.608 0
      vertex -60.7016 245.48 0
    endloop
  endfacet
  facet normal 0 0 -1
    outer loop
      vertex -115.084 232.423 0
      vertex -119.106 237.176 0
      vertex -119.125 237.367 0
    endloop
  endfacet
  facet normal 0 0 -1
    outer loop
      vertex -113.285 227.617 0
      vertex -114.926 232.182 0
      vertex -114.917 232.366 0
    endloop
  endfacet
  facet normal 0 0 -1
    outer loop
      vertex -114.055 228.527 0
      vertex -114.168 228.58 0
      vertex -114.926 232.182 0
    endloop
  endfacet
  facet normal 0 0 -1
    outer loop
      vertex -117.88 229.754 0
      vertex -117.428 230.667 0
      vertex -116.76 229.139 0
    endloop
  endfacet
  facet normal -0 0 -1
    outer loop
      vertex -116.76 229.139 0
      vertex -117.68 229.016 0
      vertex -117.88 229.754 0
    endloop
  endfacet
  facet normal 0 -0 -1
    outer loop
      vertex -113.751 226.607 0
      vertex -113.094 224.067 0
      vertex -113.895 224.895 0
    endloop
  endfacet
  facet normal 0 0 -1
    outer loop
      vertex -113.751 226.607 0
      vertex -113.415 227.371 0
      vertex -113.272 227.441 0
    endloop
  endfacet
  facet normal 0 0 -1
    outer loop
      vertex -113.751 226.607 0
      vertex -113.798 226.73 0
      vertex -113.415 227.371 0
    endloop
  endfacet
  facet normal 0 0 -1
    outer loop
      vertex -112.44 223.689 0
      vertex -113.272 227.441 0
      vertex -113.285 227.617 0
    endloop
  endfacet
  facet normal 0 0 -1
    outer loop
      vertex -117.428 230.667 0
      vertex -115.415 231.635 0
      vertex -116.671 229.123 0
    endloop
  endfacet
  facet normal 0 -0 -1
    outer loop
      vertex -115.415 231.635 0
      vertex -114.168 228.58 0
      vertex -115.653 228.6 0
    endloop
  endfacet
  facet normal 0 0 -1
    outer loop
      vertex -115.415 231.635 0
      vertex -115.366 231.672 0
      vertex -114.168 228.58 0
    endloop
  endfacet
  facet normal 0 -0 -1
    outer loop
      vertex -114.926 232.182 0
      vertex -114.168 228.58 0
      vertex -115.366 231.672 0
    endloop
  endfacet
  facet normal 0 0 -1
    outer loop
      vertex -112.44 223.689 0
      vertex -112.533 223.839 0
      vertex -113.272 227.441 0
    endloop
  endfacet
  facet normal -0 0 -1
    outer loop
      vertex -64.6765 224.009 0
      vertex -112.44 223.689 0
      vertex -113.285 227.617 0
    endloop
  endfacet
  facet normal 0 0 -1
    outer loop
      vertex -112.533 223.839 0
      vertex -113.094 224.067 0
      vertex -113.751 226.607 0
    endloop
  endfacet
  facet normal 0 0 -1
    outer loop
      vertex -112.516 223.57 0
      vertex -111.69 221.182 0
      vertex -112.01 221.352 0
    endloop
  endfacet
  facet normal 0 0 -1
    outer loop
      vertex -113.501 221.463 0
      vertex -112.123 221.364 0
      vertex -112.875 221.141 0
    endloop
  endfacet
  facet normal 0 0 -1
    outer loop
      vertex -84.79 199.44 0
      vertex -111.649 220.95 0
      vertex -71.9257 211.293 0
    endloop
  endfacet
  facet normal -0 0 -1
    outer loop
      vertex -113.415 227.371 0
      vertex -113.798 226.73 0
      vertex -114.62 227.495 0
    endloop
  endfacet
  facet normal 0 0 -1
    outer loop
      vertex -113.501 221.463 0
      vertex -113.639 221.463 0
      vertex -113.276 223.201 0
    endloop
  endfacet
  facet normal -0 0 -1
    outer loop
      vertex -113.276 223.201 0
      vertex -113.639 221.463 0
      vertex -114.556 223.711 0
    endloop
  endfacet
  facet normal 0 0 -1
    outer loop
      vertex -112.44 223.689 0
      vertex -64.7323 223.809 0
      vertex -111.69 221.182 0
    endloop
  endfacet
  facet normal 0 0 -1
    outer loop
      vertex -64.6765 224.009 0
      vertex -64.7323 223.809 0
      vertex -112.44 223.689 0
    endloop
  endfacet
  facet normal 0 0 -1
    outer loop
      vertex -111.749 219.692 0
      vertex -111.649 220.95 0
      vertex -84.79 199.44 0
    endloop
  endfacet
  facet normal 0 0 -1
    outer loop
      vertex -114.457 221.04 0
      vertex -114.556 223.711 0
      vertex -113.639 221.463 0
    endloop
  endfacet
  facet normal 0 0 -1
    outer loop
      vertex -116.536 225.368 0
      vertex -117.728 223.05 0
      vertex -117.779 223.081 0
    endloop
  endfacet
  facet normal -0 0 -1
    outer loop
      vertex -118.957 225.885 0
      vertex -120.949 225.331 0
      vertex -120.336 226.236 0
    endloop
  endfacet
  facet normal 0 0 -1
    outer loop
      vertex -119.934 223.855 0
      vertex -118.917 225.88 0
      vertex -117.779 223.081 0
    endloop
  endfacet
  facet normal 0 -0 -1
    outer loop
      vertex -118.957 225.885 0
      vertex -118.917 225.88 0
      vertex -119.934 223.855 0
    endloop
  endfacet
  facet normal 0 0 -1
    outer loop
      vertex -120.336 226.236 0
      vertex -120.949 225.331 0
      vertex -120.835 225.845 0
    endloop
  endfacet
  facet normal 0 0 -1
    outer loop
      vertex -118.957 225.885 0
      vertex -119.934 223.855 0
      vertex -120.949 225.331 0
    endloop
  endfacet
  facet normal -0 0 -1
    outer loop
      vertex -116.536 225.368 0
      vertex -117.779 223.081 0
      vertex -118.005 225.899 0
    endloop
  endfacet
  facet normal 0 -0 -1
    outer loop
      vertex -113.069 212.608 0
      vertex -112.988 207.388 0
      vertex -113.575 210.785 0
    endloop
  endfacet
  facet normal 0 0 -1
    outer loop
      vertex -117.163 210.479 0
      vertex -117.299 210.55 0
      vertex -116.863 212.667 0
    endloop
  endfacet
  facet normal 0 0 -1
    outer loop
      vertex -111.818 219.508 0
      vertex -112.757 218.742 0
      vertex -112.595 219.082 0
    endloop
  endfacet
  facet normal -0 0 -1
    outer loop
      vertex -114.597 223.735 0
      vertex -117.728 223.05 0
      vertex -116.536 225.368 0
    endloop
  endfacet
  facet normal 0 0 -1
    outer loop
      vertex -113.307 216.112 0
      vertex -112.757 218.742 0
      vertex -112.329 216.307 0
    endloop
  endfacet
  facet normal 0 0 -1
    outer loop
      vertex -114.597 223.735 0
      vertex -116.045 221.475 0
      vertex -117.728 223.05 0
    endloop
  endfacet
  facet normal 0 0 -1
    outer loop
      vertex -116.045 221.475 0
      vertex -114.597 223.735 0
      vertex -114.556 223.711 0
    endloop
  endfacet
  facet normal 0 0 -1
    outer loop
      vertex -114.457 221.04 0
      vertex -116.045 221.475 0
      vertex -114.556 223.711 0
    endloop
  endfacet
  facet normal 0 0 -1
    outer loop
      vertex -111.749 219.692 0
      vertex -112.048 220.507 0
      vertex -111.649 220.95 0
    endloop
  endfacet
  facet normal 0 0 -1
    outer loop
      vertex -113.501 221.463 0
      vertex -113.276 223.201 0
      vertex -113.146 223.21 0
    endloop
  endfacet
  facet normal 0 0 -1
    outer loop
      vertex -84.79 199.44 0
      vertex -111.669 215.791 0
      vertex -111.749 219.692 0
    endloop
  endfacet
  facet normal 0 0 -1
    outer loop
      vertex -113.501 221.463 0
      vertex -113.146 223.21 0
      vertex -112.123 221.364 0
    endloop
  endfacet
  facet normal 0 0 -1
    outer loop
      vertex -112.123 221.364 0
      vertex -113.146 223.21 0
      vertex -112.516 223.57 0
    endloop
  endfacet
  facet normal 0 0 -1
    outer loop
      vertex -112.123 221.364 0
      vertex -112.516 223.57 0
      vertex -112.01 221.352 0
    endloop
  endfacet
  facet normal 0 0 -1
    outer loop
      vertex -112.516 223.57 0
      vertex -112.44 223.689 0
      vertex -111.69 221.182 0
    endloop
  endfacet
  facet normal 0 0 -1
    outer loop
      vertex -111.649 220.95 0
      vertex -111.69 221.182 0
      vertex -71.9257 211.293 0
    endloop
  endfacet
  facet normal 0 0 -1
    outer loop
      vertex -111.69 221.182 0
      vertex -64.7323 223.809 0
      vertex -71.9257 211.293 0
    endloop
  endfacet
  facet normal 0 0 -1
    outer loop
      vertex -112.757 218.742 0
      vertex -111.818 219.508 0
      vertex -112.199 216.271 0
    endloop
  endfacet
  facet normal 0 0 -1
    outer loop
      vertex -112.769 213.428 0
      vertex -112.988 207.388 0
      vertex -113.069 212.608 0
    endloop
  endfacet
  facet normal 0 0 -1
    outer loop
      vertex -112.769 213.428 0
      vertex -111.874 215.364 0
      vertex -111.664 215.574 0
    endloop
  endfacet
  facet normal 0 0 -1
    outer loop
      vertex -112.801 213.583 0
      vertex -111.974 215.32 0
      vertex -111.874 215.364 0
    endloop
  endfacet
  facet normal 0 0 -1
    outer loop
      vertex -113.168 207.528 0
      vertex -114.525 208.805 0
      vertex -113.575 210.785 0
    endloop
  endfacet
  facet normal 0 0 -1
    outer loop
      vertex -113.575 210.785 0
      vertex -113.094 212.565 0
      vertex -113.069 212.608 0
    endloop
  endfacet
  facet normal 0 0 -1
    outer loop
      vertex -112.199 216.271 0
      vertex -112.329 216.307 0
      vertex -112.757 218.742 0
    endloop
  endfacet
  facet normal 0 0 -1
    outer loop
      vertex -112.801 213.583 0
      vertex -112.975 213.615 0
      vertex -113.391 215.265 0
    endloop
  endfacet
  facet normal 0 0 -1
    outer loop
      vertex -111.669 215.791 0
      vertex -111.818 219.508 0
      vertex -111.749 219.692 0
    endloop
  endfacet
  facet normal 0 0 -1
    outer loop
      vertex -112.199 216.271 0
      vertex -111.818 219.508 0
      vertex -111.669 215.791 0
    endloop
  endfacet
  facet normal 0 0 -1
    outer loop
      vertex -111.664 215.574 0
      vertex -84.79 199.44 0
      vertex -84.9314 199.34 0
    endloop
  endfacet
  facet normal 0 0 -1
    outer loop
      vertex -111.669 215.791 0
      vertex -84.79 199.44 0
      vertex -111.664 215.574 0
    endloop
  endfacet
  facet normal 0 0 -1
    outer loop
      vertex -113.094 212.565 0
      vertex -113.575 210.785 0
      vertex -113.572 210.909 0
    endloop
  endfacet
  facet normal 0 0 -1
    outer loop
      vertex -113.698 213.268 0
      vertex -113.391 215.265 0
      vertex -112.975 213.615 0
    endloop
  endfacet
  facet normal -0 0 -1
    outer loop
      vertex -113.842 211.204 0
      vertex -114.392 211.044 0
      vertex -114.669 211.619 0
    endloop
  endfacet
  facet normal 0 0 -1
    outer loop
      vertex -116.002 210.014 0
      vertex -117.163 210.479 0
      vertex -116.281 212.623 0
    endloop
  endfacet
  facet normal 0 0 -1
    outer loop
      vertex -112.801 213.583 0
      vertex -113.391 215.265 0
      vertex -111.974 215.32 0
    endloop
  endfacet
  facet normal 0 0 -1
    outer loop
      vertex -113.094 212.565 0
      vertex -113.572 210.909 0
      vertex -113.514 212.055 0
    endloop
  endfacet
  facet normal 0 0 -1
    outer loop
      vertex -112.769 213.428 0
      vertex -112.801 213.583 0
      vertex -111.874 215.364 0
    endloop
  endfacet
  facet normal 0 0 -1
    outer loop
      vertex -113.514 212.055 0
      vertex -113.662 211.119 0
      vertex -113.579 212.009 0
    endloop
  endfacet
  facet normal 0 0 -1
    outer loop
      vertex -116.002 210.014 0
      vertex -114.803 211.635 0
      vertex -114.841 210.309 0
    endloop
  endfacet
  facet normal -0 0 -1
    outer loop
      vertex -116.281 212.623 0
      vertex -117.163 210.479 0
      vertex -116.863 212.667 0
    endloop
  endfacet
  facet normal 0 0 -1
    outer loop
      vertex -118.403 210.484 0
      vertex -117.749 212.118 0
      vertex -117.299 210.55 0
    endloop
  endfacet
  facet normal 0 0 -1
    outer loop
      vertex -117.749 212.118 0
      vertex -116.863 212.667 0
      vertex -117.299 210.55 0
    endloop
  endfacet
  facet normal 0 0 -1
    outer loop
      vertex -111.664 215.574 0
      vertex -112.329 205.729 0
      vertex -112.378 205.899 0
    endloop
  endfacet
  facet normal 0 0 -1
    outer loop
      vertex -118.709 202.456 0
      vertex -119.408 205.064 0
      vertex -116.405 202.219 0
    endloop
  endfacet
  facet normal -0 0 -1
    outer loop
      vertex -118.788 206.187 0
      vertex -119.216 206.095 0
      vertex -118.916 207.535 0
    endloop
  endfacet
  facet normal 0 0 -1
    outer loop
      vertex -113.017 207.134 0
      vertex -112.939 207.219 0
      vertex -112.378 205.899 0
    endloop
  endfacet
  facet normal 0 -0 -1
    outer loop
      vertex -117.63 206.581 0
      vertex -116.405 202.219 0
      vertex -119.408 205.064 0
    endloop
  endfacet
  facet normal 0 0 -1
    outer loop
      vertex -116.002 210.014 0
      vertex -117.016 210.243 0
      vertex -117.163 210.479 0
    endloop
  endfacet
  facet normal 0 0 -1
    outer loop
      vertex -112.939 207.219 0
      vertex -112.988 207.388 0
      vertex -112.378 205.899 0
    endloop
  endfacet
  facet normal 0 0 -1
    outer loop
      vertex -116.258 207.717 0
      vertex -116.367 207.723 0
      vertex -114.699 208.725 0
    endloop
  endfacet
  facet normal 0 0 -1
    outer loop
      vertex -114.841 210.309 0
      vertex -114.803 211.635 0
      vertex -114.482 210.971 0
    endloop
  endfacet
  facet normal -0 0 -1
    outer loop
      vertex -114.392 211.044 0
      vertex -114.482 210.971 0
      vertex -114.669 211.619 0
    endloop
  endfacet
  facet normal 0 0 -1
    outer loop
      vertex -114.482 210.971 0
      vertex -114.803 211.635 0
      vertex -114.669 211.619 0
    endloop
  endfacet
  facet normal 0 0 -1
    outer loop
      vertex -113.842 211.204 0
      vertex -114.669 211.619 0
      vertex -113.579 212.009 0
    endloop
  endfacet
  facet normal 0 0 -1
    outer loop
      vertex -113.662 211.119 0
      vertex -113.842 211.204 0
      vertex -113.579 212.009 0
    endloop
  endfacet
  facet normal 0 -0 -1
    outer loop
      vertex -114.525 208.805 0
      vertex -113.294 207.556 0
      vertex -114.699 208.725 0
    endloop
  endfacet
  facet normal 0 0 -1
    outer loop
      vertex -113.572 210.909 0
      vertex -113.662 211.119 0
      vertex -113.514 212.055 0
    endloop
  endfacet
  facet normal 0 0 -1
    outer loop
      vertex -114.525 208.805 0
      vertex -113.168 207.528 0
      vertex -113.294 207.556 0
    endloop
  endfacet
  facet normal 0 0 -1
    outer loop
      vertex -117.841 207.221 0
      vertex -118.916 207.535 0
      vertex -117.777 207.263 0
    endloop
  endfacet
  facet normal 0 -0 -1
    outer loop
      vertex -115.409 206.432 0
      vertex -115.365 206.421 0
      vertex -116.405 202.219 0
    endloop
  endfacet
  facet normal 0 0 -1
    outer loop
      vertex -118.788 206.187 0
      vertex -118.916 207.535 0
      vertex -117.841 207.221 0
    endloop
  endfacet
  facet normal 0 0 -1
    outer loop
      vertex -118.916 207.535 0
      vertex -118.023 209.612 0
      vertex -117.777 207.263 0
    endloop
  endfacet
  facet normal 0 0 -1
    outer loop
      vertex -117.777 207.263 0
      vertex -118.023 209.612 0
      vertex -116.367 207.723 0
    endloop
  endfacet
  facet normal 0 0 -1
    outer loop
      vertex -116.367 207.723 0
      vertex -118.023 209.612 0
      vertex -114.699 208.725 0
    endloop
  endfacet
  facet normal 0 0 -1
    outer loop
      vertex -116.258 207.717 0
      vertex -114.699 208.725 0
      vertex -115.015 207.158 0
    endloop
  endfacet
  facet normal 0 0 -1
    outer loop
      vertex -112.329 205.729 0
      vertex -111.664 215.574 0
      vertex -84.9314 199.34 0
    endloop
  endfacet
  facet normal 0 0 -1
    outer loop
      vertex -115.015 207.158 0
      vertex -114.699 208.725 0
      vertex -113.294 207.556 0
    endloop
  endfacet
  facet normal 0 0 -1
    outer loop
      vertex -112.378 205.899 0
      vertex -112.769 213.428 0
      vertex -111.664 215.574 0
    endloop
  endfacet
  facet normal 0 -0 -1
    outer loop
      vertex -112.769 213.428 0
      vertex -112.378 205.899 0
      vertex -112.988 207.388 0
    endloop
  endfacet
  facet normal 0 0 -1
    outer loop
      vertex -89.4164 194.793 0
      vertex -112.329 205.729 0
      vertex -89.2862 194.909 0
    endloop
  endfacet
  facet normal 0 0 -1
    outer loop
      vertex -112.329 205.729 0
      vertex -84.9314 199.34 0
      vertex -89.2862 194.909 0
    endloop
  endfacet
  facet normal 0 0 -1
    outer loop
      vertex -112.378 205.899 0
      vertex -113.56 206.814 0
      vertex -113.017 207.134 0
    endloop
  endfacet
  facet normal 0 0 -1
    outer loop
      vertex -113.017 207.134 0
      vertex -113.56 206.814 0
      vertex -113.56 206.884 0
    endloop
  endfacet
  facet normal 0 0 -1
    outer loop
      vertex -91.4499 192.344 0
      vertex -112.329 205.729 0
      vertex -91.3064 192.49 0
    endloop
  endfacet
  facet normal 0 -0 -1
    outer loop
      vertex -112.61 205.537 0
      vertex -112.4 205.647 0
      vertex -113.746 202.194 0
    endloop
  endfacet
  facet normal 0 0 -1
    outer loop
      vertex -112.329 205.729 0
      vertex -89.4164 194.793 0
      vertex -91.3064 192.49 0
    endloop
  endfacet
  facet normal 0 0 -1
    outer loop
      vertex -115.267 201.135 0
      vertex -116.388 201.923 0
      vertex -116.273 202.102 0
    endloop
  endfacet
  facet normal 0 0 -1
    outer loop
      vertex -115.267 201.135 0
      vertex -116.273 202.102 0
      vertex -115.252 201.148 0
    endloop
  endfacet
  facet normal 0 0 -1
    outer loop
      vertex -113.922 202.188 0
      vertex -115.365 206.421 0
      vertex -113.794 206.265 0
    endloop
  endfacet
  facet normal 0 0 -1
    outer loop
      vertex -116.405 202.219 0
      vertex -117.63 206.581 0
      vertex -115.409 206.432 0
    endloop
  endfacet
  facet normal 0 0 -1
    outer loop
      vertex -113.922 202.188 0
      vertex -116.405 202.219 0
      vertex -115.365 206.421 0
    endloop
  endfacet
  facet normal 0 -0 -1
    outer loop
      vertex -119.408 205.064 0
      vertex -118.709 202.456 0
      vertex -119.586 203.538 0
    endloop
  endfacet
  facet normal 0 -0 -1
    outer loop
      vertex -116.69 206.977 0
      vertex -115.409 206.432 0
      vertex -117.63 206.581 0
    endloop
  endfacet
  facet normal 0 0 -1
    outer loop
      vertex -119.586 203.538 0
      vertex -118.709 202.456 0
      vertex -119.185 202.764 0
    endloop
  endfacet
  facet normal 0 0 -1
    outer loop
      vertex -119.039 199.426 0
      vertex -117.935 198.408 0
      vertex -118.996 198.192 0
    endloop
  endfacet
  facet normal 0 -0 -1
    outer loop
      vertex -117.779 201.624 0
      vertex -115.267 201.135 0
      vertex -118.578 200.683 0
    endloop
  endfacet
  facet normal 0 0 -1
    outer loop
      vertex -116.7 194.4 0
      vertex -117.125 195.034 0
      vertex -116.393 194.4 0
    endloop
  endfacet
  facet normal -0 0 -1
    outer loop
      vertex -113.922 202.188 0
      vertex -116.273 202.102 0
      vertex -116.405 202.219 0
    endloop
  endfacet
  facet normal 0 0 -1
    outer loop
      vertex -115.252 201.148 0
      vertex -116.273 202.102 0
      vertex -113.922 202.188 0
    endloop
  endfacet
  facet normal 0 0 -1
    outer loop
      vertex -112.329 205.729 0
      vertex -113.725 201.963 0
      vertex -112.4 205.647 0
    endloop
  endfacet
  facet normal 0 0 -1
    outer loop
      vertex -115.267 201.135 0
      vertex -117.779 201.624 0
      vertex -116.388 201.923 0
    endloop
  endfacet
  facet normal 0 0 -1
    outer loop
      vertex -117.935 198.408 0
      vertex -118.578 200.683 0
      vertex -115.267 201.135 0
    endloop
  endfacet
  facet normal 0 0 -1
    outer loop
      vertex -117.935 198.408 0
      vertex -119.039 199.426 0
      vertex -118.578 200.683 0
    endloop
  endfacet
  facet normal 0 -0 -1
    outer loop
      vertex -117.865 197.002 0
      vertex -117.247 195.1 0
      vertex -118.148 195.907 0
    endloop
  endfacet
  facet normal 0 0 -1
    outer loop
      vertex -112.329 205.729 0
      vertex -113.396 195.992 0
      vertex -113.725 201.963 0
    endloop
  endfacet
  facet normal 0 -0 -1
    outer loop
      vertex -113.794 206.265 0
      vertex -112.766 205.547 0
      vertex -113.922 202.188 0
    endloop
  endfacet
  facet normal 0 0 -1
    outer loop
      vertex -115.584 199.855 0
      vertex -114.269 196.108 0
      vertex -114.999 195.798 0
    endloop
  endfacet
  facet normal 0 0 -1
    outer loop
      vertex -113.922 202.188 0
      vertex -112.766 205.547 0
      vertex -113.746 202.194 0
    endloop
  endfacet
  facet normal 0 0 -1
    outer loop
      vertex -113.746 202.194 0
      vertex -112.766 205.547 0
      vertex -112.61 205.537 0
    endloop
  endfacet
  facet normal 0 0 -1
    outer loop
      vertex -113.725 201.963 0
      vertex -113.746 202.194 0
      vertex -112.4 205.647 0
    endloop
  endfacet
  facet normal 0 0 -1
    outer loop
      vertex -117.865 197.002 0
      vertex -117.125 195.034 0
      vertex -117.247 195.1 0
    endloop
  endfacet
  facet normal 0 0 -1
    outer loop
      vertex -117.865 197.002 0
      vertex -117.986 197.188 0
      vertex -115.584 199.855 0
    endloop
  endfacet
  facet normal 0 0 -1
    outer loop
      vertex -118.273 197.235 0
      vertex -118.39 197.525 0
      vertex -117.986 197.188 0
    endloop
  endfacet
  facet normal 0 0 -1
    outer loop
      vertex -113.307 192.819 0
      vertex -113.975 190.67 0
      vertex -115.981 192.635 0
    endloop
  endfacet
  facet normal 0 0 -1
    outer loop
      vertex -117.247 195.1 0
      vertex -118.082 195.117 0
      vertex -118.148 195.907 0
    endloop
  endfacet
  facet normal 0 0 -1
    outer loop
      vertex -117.986 197.188 0
      vertex -118.39 197.525 0
      vertex -115.584 199.855 0
    endloop
  endfacet
  facet normal 0 0 -1
    outer loop
      vertex -117.125 195.034 0
      vertex -115.047 195.765 0
      vertex -116.393 194.4 0
    endloop
  endfacet
  facet normal 0 0 -1
    outer loop
      vertex -116.049 192.746 0
      vertex -113.307 192.819 0
      vertex -115.981 192.635 0
    endloop
  endfacet
  facet normal 0 0 -1
    outer loop
      vertex -115.552 188.441 0
      vertex -114.035 190.604 0
      vertex -115.268 188.014 0
    endloop
  endfacet
  facet normal 0 0 -1
    outer loop
      vertex -117.125 195.034 0
      vertex -117.865 197.002 0
      vertex -115.047 195.765 0
    endloop
  endfacet
  facet normal 0 0 -1
    outer loop
      vertex -116.581 193.508 0
      vertex -114.631 195.477 0
      vertex -116.049 192.746 0
    endloop
  endfacet
  facet normal 0 -0 -1
    outer loop
      vertex -112.329 205.729 0
      vertex -91.4499 192.344 0
      vertex -113.396 195.992 0
    endloop
  endfacet
  facet normal 0 0 -1
    outer loop
      vertex -115.047 195.765 0
      vertex -117.865 197.002 0
      vertex -114.999 195.798 0
    endloop
  endfacet
  facet normal 0 0 -1
    outer loop
      vertex -115.552 188.441 0
      vertex -115.981 192.635 0
      vertex -114.035 190.604 0
    endloop
  endfacet
  facet normal 0 0 -1
    outer loop
      vertex -116.581 193.508 0
      vertex -116.049 192.746 0
      vertex -116.422 192.986 0
    endloop
  endfacet
  facet normal 0 -0 -1
    outer loop
      vertex -115.584 199.855 0
      vertex -114.999 195.798 0
      vertex -117.865 197.002 0
    endloop
  endfacet
  facet normal -0 0 -1
    outer loop
      vertex -114.206 196.12 0
      vertex -114.269 196.108 0
      vertex -115.584 199.855 0
    endloop
  endfacet
  facet normal 0 -0 -1
    outer loop
      vertex -115.55 199.895 0
      vertex -114.206 196.12 0
      vertex -115.584 199.855 0
    endloop
  endfacet
  facet normal 0 0 -1
    outer loop
      vertex -115.55 199.895 0
      vertex -113.536 196.1 0
      vertex -114.206 196.12 0
    endloop
  endfacet
  facet normal 0 0 -1
    outer loop
      vertex -115.55 199.895 0
      vertex -115.19 200.517 0
      vertex -113.536 196.1 0
    endloop
  endfacet
  facet normal 0 0 -1
    outer loop
      vertex -113.396 195.992 0
      vertex -113.536 196.1 0
      vertex -113.725 201.963 0
    endloop
  endfacet
  facet normal 0 0 -1
    outer loop
      vertex -113.536 196.1 0
      vertex -115.19 200.517 0
      vertex -113.725 201.963 0
    endloop
  endfacet
  facet normal 0 0 -1
    outer loop
      vertex -112.867 190.769 0
      vertex -112.956 190.584 0
      vertex -113.493 190.658 0
    endloop
  endfacet
  facet normal 0 0 -1
    outer loop
      vertex -115.552 188.441 0
      vertex -115.268 188.014 0
      vertex -115.431 188.068 0
    endloop
  endfacet
  facet normal 0 0 -1
    outer loop
      vertex -111.55 187.795 0
      vertex -111.058 188.798 0
      vertex -110.542 181.985 0
    endloop
  endfacet
  facet normal 0 0 -1
    outer loop
      vertex -115.981 192.635 0
      vertex -113.975 190.67 0
      vertex -114.035 190.604 0
    endloop
  endfacet
  facet normal 0 0 -1
    outer loop
      vertex -111.213 188.805 0
      vertex -111.55 187.795 0
      vertex -111.699 187.89 0
    endloop
  endfacet
  facet normal 0 0 -1
    outer loop
      vertex -111.638 187.599 0
      vertex -114.201 186.216 0
      vertex -114.353 186.593 0
    endloop
  endfacet
  facet normal 0 0 -1
    outer loop
      vertex -114.201 186.216 0
      vertex -111.638 187.599 0
      vertex -114.195 186.123 0
    endloop
  endfacet
  facet normal 0 0 -1
    outer loop
      vertex -113.307 192.819 0
      vertex -113.715 190.82 0
      vertex -113.975 190.67 0
    endloop
  endfacet
  facet normal 0 0 -1
    outer loop
      vertex -113.235 192.98 0
      vertex -113.307 192.819 0
      vertex -116.049 192.746 0
    endloop
  endfacet
  facet normal 0 0 -1
    outer loop
      vertex -113.715 190.82 0
      vertex -113.307 192.819 0
      vertex -113.54 190.801 0
    endloop
  endfacet
  facet normal 0 0 -1
    outer loop
      vertex -113.54 190.801 0
      vertex -112.867 190.769 0
      vertex -113.493 190.658 0
    endloop
  endfacet
  facet normal -0 0 -1
    outer loop
      vertex -91.4499 192.344 0
      vertex -111.275 190.367 0
      vertex -113.396 195.992 0
    endloop
  endfacet
  facet normal 0 0 -1
    outer loop
      vertex -91.4499 192.344 0
      vertex -92.5421 188.218 0
      vertex -111.233 190.288 0
    endloop
  endfacet
  facet normal 0 0 -1
    outer loop
      vertex -113.396 195.992 0
      vertex -111.675 190.757 0
      vertex -113.021 192.905 0
    endloop
  endfacet
  facet normal 0 0 -1
    outer loop
      vertex -114.631 195.477 0
      vertex -113.498 195.806 0
      vertex -113.235 192.98 0
    endloop
  endfacet
  facet normal -0 0 -1
    outer loop
      vertex -113.235 192.98 0
      vertex -116.049 192.746 0
      vertex -114.631 195.477 0
    endloop
  endfacet
  facet normal 0 -0 -1
    outer loop
      vertex -113.307 192.819 0
      vertex -112.867 190.769 0
      vertex -113.54 190.801 0
    endloop
  endfacet
  facet normal 0 0 -1
    outer loop
      vertex -113.021 192.905 0
      vertex -113.498 195.806 0
      vertex -113.396 195.992 0
    endloop
  endfacet
  facet normal 0 0 -1
    outer loop
      vertex -113.235 192.98 0
      vertex -113.498 195.806 0
      vertex -113.021 192.905 0
    endloop
  endfacet
  facet normal 0 0 -1
    outer loop
      vertex -112.164 190.753 0
      vertex -113.021 192.905 0
      vertex -111.799 190.799 0
    endloop
  endfacet
  facet normal 0 0 -1
    outer loop
      vertex -111.675 190.757 0
      vertex -113.396 195.992 0
      vertex -111.275 190.367 0
    endloop
  endfacet
  facet normal 0 0 -1
    outer loop
      vertex -111.675 190.757 0
      vertex -111.799 190.799 0
      vertex -113.021 192.905 0
    endloop
  endfacet
  facet normal 0 0 -1
    outer loop
      vertex -91.4499 192.344 0
      vertex -111.233 190.288 0
      vertex -111.275 190.367 0
    endloop
  endfacet
  facet normal 0 0 -1
    outer loop
      vertex -111.233 190.288 0
      vertex -92.5421 188.218 0
      vertex -110.983 188.958 0
    endloop
  endfacet
  facet normal 0 0 -1
    outer loop
      vertex -110.983 188.958 0
      vertex -92.5421 188.218 0
      vertex -93.816 182.805 0
    endloop
  endfacet
  facet normal 0 0 -1
    outer loop
      vertex -95.5795 180.312 0
      vertex -110.983 188.958 0
      vertex -93.816 182.805 0
    endloop
  endfacet
  facet normal -0 0 -1
    outer loop
      vertex -111.699 187.89 0
      vertex -112.003 187.871 0
      vertex -111.933 188.21 0
    endloop
  endfacet
  facet normal 0 0 -1
    outer loop
      vertex -114.738 187.687 0
      vertex -113.764 189.369 0
      vertex -113.546 187.591 0
    endloop
  endfacet
  facet normal 0 0 -1
    outer loop
      vertex -113.764 189.369 0
      vertex -112.972 189.36 0
      vertex -113.546 187.591 0
    endloop
  endfacet
  facet normal 0 0 -1
    outer loop
      vertex -112.153 188.371 0
      vertex -112.972 189.36 0
      vertex -112.82 189.52 0
    endloop
  endfacet
  facet normal 0 0 -1
    outer loop
      vertex -112.841 189.826 0
      vertex -111.99 189.981 0
      vertex -112.82 189.52 0
    endloop
  endfacet
  facet normal -0 0 -1
    outer loop
      vertex -111.597 189.09 0
      vertex -112.153 188.371 0
      vertex -112.82 189.52 0
    endloop
  endfacet
  facet normal 0 0 -1
    outer loop
      vertex -114.553 187.343 0
      vertex -114.738 187.687 0
      vertex -113.546 187.591 0
    endloop
  endfacet
  facet normal -0 0 -1
    outer loop
      vertex -111.543 189.025 0
      vertex -111.978 188.35 0
      vertex -111.597 189.09 0
    endloop
  endfacet
  facet normal -0 0 -1
    outer loop
      vertex -112.153 188.371 0
      vertex -113.546 187.591 0
      vertex -112.972 189.36 0
    endloop
  endfacet
  facet normal 0 0 -1
    outer loop
      vertex -111.978 188.35 0
      vertex -111.543 189.025 0
      vertex -111.213 188.805 0
    endloop
  endfacet
  facet normal 0 0 -1
    outer loop
      vertex -114.24 184.898 0
      vertex -111.433 181.649 0
      vertex -111.956 181.054 0
    endloop
  endfacet
  facet normal 0 0 -1
    outer loop
      vertex -111.978 188.35 0
      vertex -112.153 188.371 0
      vertex -111.597 189.09 0
    endloop
  endfacet
  facet normal 0 0 -1
    outer loop
      vertex -111.933 188.21 0
      vertex -111.213 188.805 0
      vertex -111.699 187.89 0
    endloop
  endfacet
  facet normal 0 0 -1
    outer loop
      vertex -111.978 188.35 0
      vertex -111.213 188.805 0
      vertex -111.933 188.21 0
    endloop
  endfacet
  facet normal 0 0 -1
    outer loop
      vertex -114.24 184.898 0
      vertex -111.638 187.599 0
      vertex -110.716 182.015 0
    endloop
  endfacet
  facet normal 0 0 -1
    outer loop
      vertex -111.638 187.599 0
      vertex -114.24 184.898 0
      vertex -114.195 186.123 0
    endloop
  endfacet
  facet normal 0 -0 -1
    outer loop
      vertex -111.213 188.805 0
      vertex -111.058 188.798 0
      vertex -111.55 187.795 0
    endloop
  endfacet
  facet normal 0 0 -1
    outer loop
      vertex -111.386 181.685 0
      vertex -114.24 184.898 0
      vertex -110.716 182.015 0
    endloop
  endfacet
  facet normal 0 0 -1
    outer loop
      vertex -114.24 184.898 0
      vertex -114.375 185.42 0
      vertex -114.195 186.123 0
    endloop
  endfacet
  facet normal 0 0 -1
    outer loop
      vertex -114.24 184.898 0
      vertex -111.386 181.685 0
      vertex -111.433 181.649 0
    endloop
  endfacet
  facet normal 0 0 -1
    outer loop
      vertex -111.622 180.259 0
      vertex -110.528 181.793 0
      vertex -110.036 178.084 0
    endloop
  endfacet
  facet normal 0 0 -1
    outer loop
      vertex -110.036 178.084 0
      vertex -109.124 177.536 0
      vertex -109.265 177.497 0
    endloop
  endfacet
  facet normal 0 0 -1
    outer loop
      vertex -110.528 181.793 0
      vertex -108.474 177.376 0
      vertex -109.124 177.536 0
    endloop
  endfacet
  facet normal 0 0 -1
    outer loop
      vertex -110.542 181.985 0
      vertex -110.716 182.015 0
      vertex -111.638 187.599 0
    endloop
  endfacet
  facet normal 0 -0 -1
    outer loop
      vertex -111.55 187.795 0
      vertex -110.542 181.985 0
      vertex -111.638 187.599 0
    endloop
  endfacet
  facet normal 0 0 -1
    outer loop
      vertex -111.058 188.798 0
      vertex -110.983 188.958 0
      vertex -110.542 181.985 0
    endloop
  endfacet
  facet normal 0 0 -1
    outer loop
      vertex -110.528 181.793 0
      vertex -110.542 181.985 0
      vertex -108.474 177.376 0
    endloop
  endfacet
  facet normal 0 0 -1
    outer loop
      vertex -110.542 181.985 0
      vertex -110.983 188.958 0
      vertex -95.5795 180.312 0
    endloop
  endfacet
  facet normal 0 0 -1
    outer loop
      vertex -110.036 178.084 0
      vertex -111.667 179.187 0
      vertex -111.622 180.259 0
    endloop
  endfacet
  facet normal 0 0 -1
    outer loop
      vertex -110.542 181.985 0
      vertex -95.5795 180.312 0
      vertex -108.474 177.376 0
    endloop
  endfacet
  facet normal -0 0 -1
    outer loop
      vertex -109.727 177.044 0
      vertex -110.149 177.003 0
      vertex -110.214 177.535 0
    endloop
  endfacet
  facet normal 0 0 -1
    outer loop
      vertex -106.156 172.33 0
      vertex -107.471 173.076 0
      vertex -107.568 173.201 0
    endloop
  endfacet
  facet normal 0 0 -1
    outer loop
      vertex -109.182 175.429 0
      vertex -108.421 177.109 0
      vertex -108.854 174.646 0
    endloop
  endfacet
  facet normal 0 0 -1
    outer loop
      vertex -108.421 177.109 0
      vertex -109.182 175.429 0
      vertex -109.545 176.28 0
    endloop
  endfacet
  facet normal 0 0 -1
    outer loop
      vertex -109.727 177.044 0
      vertex -110.214 177.535 0
      vertex -109.994 177.879 0
    endloop
  endfacet
  facet normal 0 0 -1
    outer loop
      vertex -110.036 178.084 0
      vertex -109.265 177.497 0
      vertex -109.994 177.879 0
    endloop
  endfacet
  facet normal 0 0 -1
    outer loop
      vertex -107.568 173.201 0
      vertex -108.593 173.583 0
      vertex -108.854 174.646 0
    endloop
  endfacet
  facet normal 0 0 -1
    outer loop
      vertex -110.528 181.793 0
      vertex -109.124 177.536 0
      vertex -110.036 178.084 0
    endloop
  endfacet
  facet normal 0 0 -1
    outer loop
      vertex -104.245 171.488 0
      vertex -106.016 172.222 0
      vertex -103.628 172.124 0
    endloop
  endfacet
  facet normal 0 0 -1
    outer loop
      vertex -108.474 177.376 0
      vertex -95.5795 180.312 0
      vertex -108.36 177.241 0
    endloop
  endfacet
  facet normal 0 -0 -1
    outer loop
      vertex -109.182 175.429 0
      vertex -108.924 174.739 0
      vertex -109.184 175.307 0
    endloop
  endfacet
  facet normal 0 0 -1
    outer loop
      vertex -108.854 174.646 0
      vertex -108.924 174.739 0
      vertex -109.182 175.429 0
    endloop
  endfacet
  facet normal 0 -0 -1
    outer loop
      vertex -109.184 175.307 0
      vertex -108.924 174.739 0
      vertex -109.336 174.98 0
    endloop
  endfacet
  facet normal 0 0 -1
    outer loop
      vertex -108.854 174.646 0
      vertex -108.421 177.109 0
      vertex -107.568 173.201 0
    endloop
  endfacet
  facet normal 0 0 -1
    outer loop
      vertex -107.568 173.201 0
      vertex -108.36 177.241 0
      vertex -106.156 172.33 0
    endloop
  endfacet
  facet normal 0 0 -1
    outer loop
      vertex -107.568 173.201 0
      vertex -108.421 177.109 0
      vertex -108.36 177.241 0
    endloop
  endfacet
  facet normal 0 0 -1
    outer loop
      vertex -103.628 172.124 0
      vertex -106.016 172.222 0
      vertex -103.586 172.155 0
    endloop
  endfacet
  facet normal -0 0 -1
    outer loop
      vertex -102.357 172.755 0
      vertex -103.586 172.155 0
      vertex -102.06 173.274 0
    endloop
  endfacet
  facet normal 0 0 -1
    outer loop
      vertex -106.016 172.222 0
      vertex -104.245 171.488 0
      vertex -104.927 171.355 0
    endloop
  endfacet
  facet normal 0 0 -1
    outer loop
      vertex -106.064 172.065 0
      vertex -106.016 172.222 0
      vertex -105.677 171.64 0
    endloop
  endfacet
  facet normal 0 0 -1
    outer loop
      vertex -105.677 171.64 0
      vertex -105.758 171.647 0
      vertex -106.064 172.065 0
    endloop
  endfacet
  facet normal 0 0 -1
    outer loop
      vertex -107.471 173.076 0
      vertex -106.156 172.33 0
      vertex -107.395 172.366 0
    endloop
  endfacet
  facet normal 0 0 -1
    outer loop
      vertex -106.961 171.314 0
      vertex -106.238 171.557 0
      vertex -106.353 171.365 0
    endloop
  endfacet
  facet normal 0 0 -1
    outer loop
      vertex -106.653 171.073 0
      vertex -106.353 171.365 0
      vertex -106.27 171.098 0
    endloop
  endfacet
  facet normal 0 0 -1
    outer loop
      vertex -97.6965 170.359 0
      vertex -99.3267 170.591 0
      vertex -99.391 170.793 0
    endloop
  endfacet
  facet normal 0 0 -1
    outer loop
      vertex -106.238 171.557 0
      vertex -106.064 172.065 0
      vertex -105.758 171.647 0
    endloop
  endfacet
  facet normal 0 0 -1
    outer loop
      vertex -106.961 171.314 0
      vertex -106.353 171.365 0
      vertex -106.653 171.073 0
    endloop
  endfacet
  facet normal 0 0 -1
    outer loop
      vertex -106.961 171.314 0
      vertex -106.064 172.065 0
      vertex -106.238 171.557 0
    endloop
  endfacet
  facet normal 0 0 -1
    outer loop
      vertex -99.5653 170.767 0
      vertex -101.786 173.157 0
      vertex -99.391 170.793 0
    endloop
  endfacet
  facet normal 0 0 -1
    outer loop
      vertex -105.677 171.64 0
      vertex -106.016 172.222 0
      vertex -104.927 171.355 0
    endloop
  endfacet
  facet normal 0 0 -1
    outer loop
      vertex -102.384 171.169 0
      vertex -100.265 170.077 0
      vertex -102.204 170.543 0
    endloop
  endfacet
  facet normal 0 -0 -1
    outer loop
      vertex -100.673 169.25 0
      vertex -99.8805 169.592 0
      vertex -100.688 168.672 0
    endloop
  endfacet
  facet normal 0 0 -1
    outer loop
      vertex -103.586 172.155 0
      vertex -106.016 172.222 0
      vertex -106.156 172.33 0
    endloop
  endfacet
  facet normal 0 0 -1
    outer loop
      vertex -100.843 169.835 0
      vertex -102.204 170.543 0
      vertex -100.265 170.077 0
    endloop
  endfacet
  facet normal 0 0 -1
    outer loop
      vertex -108.36 177.241 0
      vertex -101.899 173.347 0
      vertex -102.06 173.274 0
    endloop
  endfacet
  facet normal 0 0 -1
    outer loop
      vertex -108.36 177.241 0
      vertex -95.5795 180.312 0
      vertex -101.899 173.347 0
    endloop
  endfacet
  facet normal 0 0 -1
    outer loop
      vertex -108.36 177.241 0
      vertex -102.06 173.274 0
      vertex -106.156 172.33 0
    endloop
  endfacet
  facet normal -0 0 -1
    outer loop
      vertex -94.7799 175.516 0
      vertex -101.899 173.347 0
      vertex -95.4875 180.161 0
    endloop
  endfacet
  facet normal 0 0 -1
    outer loop
      vertex -101.899 173.347 0
      vertex -95.5795 180.312 0
      vertex -95.4875 180.161 0
    endloop
  endfacet
  facet normal -0 0 -1
    outer loop
      vertex -97.7898 170.228 0
      vertex -98.4001 168.99 0
      vertex -99.3267 170.591 0
    endloop
  endfacet
  facet normal 0 0 -1
    outer loop
      vertex -100.265 170.077 0
      vertex -102.384 171.169 0
      vertex -99.5653 170.767 0
    endloop
  endfacet
  facet normal 0 0 -1
    outer loop
      vertex -97.6965 170.359 0
      vertex -99.391 170.793 0
      vertex -97.3764 170.489 0
    endloop
  endfacet
  facet normal 0 0 -1
    outer loop
      vertex -99.5653 170.767 0
      vertex -102.384 171.169 0
      vertex -101.786 173.157 0
    endloop
  endfacet
  facet normal 0 0 -1
    outer loop
      vertex -97.3764 170.489 0
      vertex -99.391 170.793 0
      vertex -94.7799 175.516 0
    endloop
  endfacet
  facet normal 0 0 -1
    outer loop
      vertex -99.391 170.793 0
      vertex -101.786 173.157 0
      vertex -94.7799 175.516 0
    endloop
  endfacet
  facet normal 0 0 -1
    outer loop
      vertex -97.7898 170.228 0
      vertex -99.3267 170.591 0
      vertex -97.6965 170.359 0
    endloop
  endfacet
  facet normal 0 0 -1
    outer loop
      vertex -99.8805 169.592 0
      vertex -99.8067 169.661 0
      vertex -98.4001 168.99 0
    endloop
  endfacet
  facet normal 0 -0 -1
    outer loop
      vertex -99.8805 169.592 0
      vertex -99.1858 167.939 0
      vertex -100.688 168.672 0
    endloop
  endfacet
  facet normal -0 0 -1
    outer loop
      vertex -97.8095 167.866 0
      vertex -98.6252 167.716 0
      vertex -98.1657 168.396 0
    endloop
  endfacet
  facet normal 0 0 -1
    outer loop
      vertex -97.8095 167.866 0
      vertex -97.945 167.498 0
      vertex -98.6252 167.716 0
    endloop
  endfacet
  facet normal 0 0 -1
    outer loop
      vertex -98.14 168.476 0
      vertex -98.13 168.896 0
      vertex -97.6108 167.923 0
    endloop
  endfacet
  facet normal 0 0 -1
    outer loop
      vertex -98.4001 168.99 0
      vertex -97.7898 170.228 0
      vertex -98.2317 169.042 0
    endloop
  endfacet
  facet normal -0 0 -1
    outer loop
      vertex -97.6938 170.08 0
      vertex -98.2317 169.042 0
      vertex -97.7898 170.228 0
    endloop
  endfacet
  facet normal 0 0 -1
    outer loop
      vertex -98.13 168.896 0
      vertex -96.3109 169.548 0
      vertex -97.6108 167.923 0
    endloop
  endfacet
  facet normal 0 0 -1
    outer loop
      vertex -98.1657 168.396 0
      vertex -98.14 168.476 0
      vertex -97.6108 167.923 0
    endloop
  endfacet
  facet normal 0 0 -1
    outer loop
      vertex -97.8095 167.866 0
      vertex -98.1657 168.396 0
      vertex -97.6108 167.923 0
    endloop
  endfacet
  facet normal 0 0 -1
    outer loop
      vertex -98.6252 167.716 0
      vertex -97.945 167.498 0
      vertex -98.526 167.4 0
    endloop
  endfacet
  facet normal 0 0 -1
    outer loop
      vertex -97.945 167.498 0
      vertex -97.8095 167.866 0
      vertex -97.7919 167.69 0
    endloop
  endfacet
  facet normal 0 -0 -1
    outer loop
      vertex -97.7919 167.69 0
      vertex -97.7871 167.419 0
      vertex -97.945 167.498 0
    endloop
  endfacet
  facet normal 0 0 -1
    outer loop
      vertex -97.7871 167.419 0
      vertex -97.3261 167.168 0
      vertex -97.776 167.308 0
    endloop
  endfacet
  facet normal 0 -0 -1
    outer loop
      vertex -97.776 167.308 0
      vertex -97.3261 167.168 0
      vertex -97.833 167.113 0
    endloop
  endfacet
  facet normal 0 0 1
    outer loop
      vertex -114.803 211.635 10
      vertex -116.281 212.623 10
      vertex -116.002 210.014 10
    endloop
  endfacet
  facet normal -0 -0 1
    outer loop
      vertex -97.7871 167.419 10
      vertex -97.3261 167.168 10
      vertex -97.7919 167.69 10
    endloop
  endfacet
  facet normal 0 0 1
    outer loop
      vertex -97.6108 167.923 10
      vertex -96.0476 169.123 10
      vertex -96.3109 169.548 10
    endloop
  endfacet
  facet normal 0 -0 1
    outer loop
      vertex -99.1858 167.939 10
      vertex -98.4001 168.99 10
      vertex -99.8805 169.592 10
    endloop
  endfacet
  facet normal -0 0 1
    outer loop
      vertex -96.8891 167.548 10
      vertex -96.3418 167.515 10
      vertex -95.9829 167.996 10
    endloop
  endfacet
  facet normal 0 0 1
    outer loop
      vertex -91.8575 350.359 10
      vertex -66.5692 339.584 10
      vertex -66.5668 339.631 10
    endloop
  endfacet
  facet normal 0 0 1
    outer loop
      vertex -96.8891 167.548 10
      vertex -95.9829 167.996 10
      vertex -96.0476 169.123 10
    endloop
  endfacet
  facet normal 0 0 1
    outer loop
      vertex -52.5944 221.72 10
      vertex -51.3398 220.326 10
      vertex -51.259 220.453 10
    endloop
  endfacet
  facet normal 0 -0 1
    outer loop
      vertex -96.8891 167.548 10
      vertex -96.0476 169.123 10
      vertex -97.6108 167.923 10
    endloop
  endfacet
  facet normal 0 0 1
    outer loop
      vertex -85.721 197.309 10
      vertex -85.5148 197.343 10
      vertex -84.8813 199.171 10
    endloop
  endfacet
  facet normal -0 0 1
    outer loop
      vertex -98.2317 169.042 10
      vertex -98.13 168.896 10
      vertex -97.6938 170.08 10
    endloop
  endfacet
  facet normal 0 0 1
    outer loop
      vertex -98.13 168.896 10
      vertex -96.3109 169.548 10
      vertex -97.6938 170.08 10
    endloop
  endfacet
  facet normal 0 0 1
    outer loop
      vertex -94.7799 175.516 10
      vertex -97.3764 170.489 10
      vertex -97.2918 170.497 10
    endloop
  endfacet
  facet normal -0 0 1
    outer loop
      vertex -99.8067 169.661 10
      vertex -98.4001 168.99 10
      vertex -99.3267 170.591 10
    endloop
  endfacet
  facet normal 0 0 1
    outer loop
      vertex -94.7799 175.516 10
      vertex -97.2918 170.497 10
      vertex -94.6722 175.376 10
    endloop
  endfacet
  facet normal 0 0 1
    outer loop
      vertex -94.6722 175.376 10
      vertex -95.071 171.188 10
      vertex -94.2571 175.079 10
    endloop
  endfacet
  facet normal 0 0 1
    outer loop
      vertex -95.4875 180.161 10
      vertex -94.7799 175.516 10
      vertex -94.1973 177.608 10
    endloop
  endfacet
  facet normal 0 -0 1
    outer loop
      vertex -95.7205 170.196 10
      vertex -95.071 171.188 10
      vertex -97.2918 170.497 10
    endloop
  endfacet
  facet normal 0 0 1
    outer loop
      vertex -97.2918 170.497 10
      vertex -95.071 171.188 10
      vertex -94.6722 175.376 10
    endloop
  endfacet
  facet normal 0 0 1
    outer loop
      vertex -98.2651 353.334 10
      vertex -93.0205 358.37 10
      vertex -98.1237 358.365 10
    endloop
  endfacet
  facet normal 0 -0 1
    outer loop
      vertex -94.2571 175.079 10
      vertex -94.224 175.245 10
      vertex -94.6722 175.376 10
    endloop
  endfacet
  facet normal -0 0 1
    outer loop
      vertex -101.899 173.347 10
      vertex -101.786 173.157 10
      vertex -94.7799 175.516 10
    endloop
  endfacet
  facet normal 0 0 1
    outer loop
      vertex -94.678 175.662 10
      vertex -94.1783 177.502 10
      vertex -94.1973 177.608 10
    endloop
  endfacet
  facet normal 0 0 1
    outer loop
      vertex -94.1973 177.608 10
      vertex -94.7799 175.516 10
      vertex -94.678 175.662 10
    endloop
  endfacet
  facet normal 0 0 1
    outer loop
      vertex -93.9818 175.897 10
      vertex -93.7348 176.224 10
      vertex -93.7961 176.872 10
    endloop
  endfacet
  facet normal 0 -0 1
    outer loop
      vertex -93.9818 175.897 10
      vertex -93.7961 176.872 10
      vertex -94.678 175.662 10
    endloop
  endfacet
  facet normal 0 0 1
    outer loop
      vertex -91.2697 187.14 10
      vertex -91.3691 184.216 10
      vertex -91.2442 184.348 10
    endloop
  endfacet
  facet normal 0 0 1
    outer loop
      vertex -93.7961 176.872 10
      vertex -94.1783 177.502 10
      vertex -94.678 175.662 10
    endloop
  endfacet
  facet normal 0 0 1
    outer loop
      vertex -95.4875 180.161 10
      vertex -94.1973 177.608 10
      vertex -93.8402 179.478 10
    endloop
  endfacet
  facet normal 0 -0 1
    outer loop
      vertex -103.586 172.155 10
      vertex -102.06 173.274 10
      vertex -106.156 172.33 10
    endloop
  endfacet
  facet normal 0 0 1
    outer loop
      vertex -109.265 177.497 10
      vertex -109.994 177.879 10
      vertex -109.727 177.044 10
    endloop
  endfacet
  facet normal 0 0 1
    outer loop
      vertex -95.4201 180.45 10
      vertex -93.6257 182.117 10
      vertex -93.6793 182.184 10
    endloop
  endfacet
  facet normal 0 0 1
    outer loop
      vertex -112.956 190.584 10
      vertex -113.493 190.658 10
      vertex -113.597 190.185 10
    endloop
  endfacet
  facet normal 0 0 1
    outer loop
      vertex -93.6257 182.117 10
      vertex -93.2439 180.485 10
      vertex -92.7148 181.483 10
    endloop
  endfacet
  facet normal 0 -0 1
    outer loop
      vertex -93.4991 180.323 10
      vertex -93.2439 180.485 10
      vertex -93.6257 182.117 10
    endloop
  endfacet
  facet normal 0 0 1
    outer loop
      vertex -93.4991 180.323 10
      vertex -93.6257 182.117 10
      vertex -95.4201 180.45 10
    endloop
  endfacet
  facet normal 0 0 1
    outer loop
      vertex -93.6178 182.8 10
      vertex -91.4955 183.059 10
      vertex -91.3691 184.216 10
    endloop
  endfacet
  facet normal 0 0 1
    outer loop
      vertex -95.4201 180.45 10
      vertex -93.6793 182.184 10
      vertex -93.8593 182.634 10
    endloop
  endfacet
  facet normal 0 0 1
    outer loop
      vertex -95.4201 180.45 10
      vertex -93.8593 182.634 10
      vertex -93.816 182.805 10
    endloop
  endfacet
  facet normal 0 -0 1
    outer loop
      vertex -95.4201 180.45 10
      vertex -93.816 182.805 10
      vertex -95.5795 180.312 10
    endloop
  endfacet
  facet normal -0 0 1
    outer loop
      vertex -92.9285 182.158 10
      vertex -92.0532 182.123 10
      vertex -91.4955 183.059 10
    endloop
  endfacet
  facet normal 0 0 1
    outer loop
      vertex -91.2442 184.348 10
      vertex -90.75 184.763 10
      vertex -90.7071 184.865 10
    endloop
  endfacet
  facet normal 0 -0 1
    outer loop
      vertex -92.9285 182.158 10
      vertex -91.4955 183.059 10
      vertex -93.6178 182.8 10
    endloop
  endfacet
  facet normal 0 -0 1
    outer loop
      vertex -93.6178 182.8 10
      vertex -91.3691 184.216 10
      vertex -93.816 182.805 10
    endloop
  endfacet
  facet normal 0 0 1
    outer loop
      vertex -92.5421 188.218 10
      vertex -91.4533 191.946 10
      vertex -91.4599 191.994 10
    endloop
  endfacet
  facet normal 0 0 1
    outer loop
      vertex -90.4895 186.292 10
      vertex -91.1177 187.124 10
      vertex -91.2697 187.14 10
    endloop
  endfacet
  facet normal 0 -0 1
    outer loop
      vertex -90.7572 184.428 10
      vertex -90.75 184.763 10
      vertex -91.2442 184.348 10
    endloop
  endfacet
  facet normal 0 0 1
    outer loop
      vertex -90.4895 186.292 10
      vertex -91.2697 187.14 10
      vertex -90.4863 186.247 10
    endloop
  endfacet
  facet normal 0 0 1
    outer loop
      vertex -90.7071 184.865 10
      vertex -90.2743 185.307 10
      vertex -90.4863 186.247 10
    endloop
  endfacet
  facet normal 0 0 1
    outer loop
      vertex -90.4185 187.206 10
      vertex -91.1177 187.124 10
      vertex -90.4895 186.292 10
    endloop
  endfacet
  facet normal 0 0 1
    outer loop
      vertex -51.2283 320.511 10
      vertex -43.3052 313.613 10
      vertex -43.1949 313.679 10
    endloop
  endfacet
  facet normal 0 0 1
    outer loop
      vertex -90.4863 186.247 10
      vertex -91.2697 187.14 10
      vertex -90.7071 184.865 10
    endloop
  endfacet
  facet normal 0 0 1
    outer loop
      vertex -91.1177 187.124 10
      vertex -90.4185 187.206 10
      vertex -90.7124 187.309 10
    endloop
  endfacet
  facet normal 0 0 1
    outer loop
      vertex -91.2697 187.14 10
      vertex -91.2442 184.348 10
      vertex -90.7071 184.865 10
    endloop
  endfacet
  facet normal 0 0 1
    outer loop
      vertex -92.3669 188.316 10
      vertex -90.582 188.378 10
      vertex -90.9907 190.978 10
    endloop
  endfacet
  facet normal 0 0 1
    outer loop
      vertex -92.4897 188.05 10
      vertex -91.3691 184.216 10
      vertex -91.2697 187.14 10
    endloop
  endfacet
  facet normal 0 0 1
    outer loop
      vertex -93.816 182.805 10
      vertex -91.3691 184.216 10
      vertex -92.4897 188.05 10
    endloop
  endfacet
  facet normal 0 0 1
    outer loop
      vertex -93.816 182.805 10
      vertex -92.4897 188.05 10
      vertex -92.5421 188.218 10
    endloop
  endfacet
  facet normal -0 0 1
    outer loop
      vertex -112.82 189.52 10
      vertex -111.597 189.09 10
      vertex -111.99 189.981 10
    endloop
  endfacet
  facet normal 0 -0 1
    outer loop
      vertex -90.582 188.378 10
      vertex -90.4612 188.478 10
      vertex -90.9907 190.978 10
    endloop
  endfacet
  facet normal 0 0 1
    outer loop
      vertex -90.4612 188.478 10
      vertex -90.0231 188.541 10
      vertex -89.4691 189.129 10
    endloop
  endfacet
  facet normal 0 -0 1
    outer loop
      vertex -90.7286 187.946 10
      vertex -90.582 188.378 10
      vertex -92.3669 188.316 10
    endloop
  endfacet
  facet normal -0 0 1
    outer loop
      vertex -90.9907 190.978 10
      vertex -89.4691 189.129 10
      vertex -90.4284 191.174 10
    endloop
  endfacet
  facet normal 0 -0 1
    outer loop
      vertex -90.4612 188.478 10
      vertex -89.4691 189.129 10
      vertex -90.9907 190.978 10
    endloop
  endfacet
  facet normal 0 0 1
    outer loop
      vertex -89.3971 194.458 10
      vertex -88.2379 193.425 10
      vertex -88.1505 193.569 10
    endloop
  endfacet
  facet normal 0 0 1
    outer loop
      vertex -92.3669 188.316 10
      vertex -90.9907 190.978 10
      vertex -91.1833 191.076 10
    endloop
  endfacet
  facet normal 0 0 1
    outer loop
      vertex -91.3064 192.49 10
      vertex -90.3764 192.53 10
      vertex -89.4564 194.613 10
    endloop
  endfacet
  facet normal 0 -0 1
    outer loop
      vertex -92.3669 188.316 10
      vertex -91.1833 191.076 10
      vertex -92.5421 188.218 10
    endloop
  endfacet
  facet normal 0 0 1
    outer loop
      vertex -91.1833 191.076 10
      vertex -91.4533 191.946 10
      vertex -92.5421 188.218 10
    endloop
  endfacet
  facet normal 0 0 1
    outer loop
      vertex -92.5421 188.218 10
      vertex -91.4599 191.994 10
      vertex -91.4499 192.344 10
    endloop
  endfacet
  facet normal -0 0 1
    outer loop
      vertex -125.879 253.286 10
      vertex -125.712 252.132 10
      vertex -124.917 254.042 10
    endloop
  endfacet
  facet normal 0 0 1
    outer loop
      vertex -89.3971 194.458 10
      vertex -90.3207 192.522 10
      vertex -89.4873 192.232 10
    endloop
  endfacet
  facet normal 0 0 1
    outer loop
      vertex -89.4873 192.232 10
      vertex -88.2379 193.425 10
      vertex -89.3971 194.458 10
    endloop
  endfacet
  facet normal 0 0 1
    outer loop
      vertex -60.436 231.919 10
      vertex -60.096 232.119 10
      vertex -59.3115 239.738 10
    endloop
  endfacet
  facet normal -0 0 1
    outer loop
      vertex -90.3764 192.53 10
      vertex -90.3207 192.522 10
      vertex -89.3971 194.458 10
    endloop
  endfacet
  facet normal 0 0 1
    outer loop
      vertex -90.3764 192.53 10
      vertex -89.3971 194.458 10
      vertex -89.4564 194.613 10
    endloop
  endfacet
  facet normal 0 0 1
    outer loop
      vertex -89.2862 194.909 10
      vertex -85.721 197.309 10
      vertex -84.9314 199.34 10
    endloop
  endfacet
  facet normal 0 0 1
    outer loop
      vertex -91.3064 192.49 10
      vertex -89.4564 194.613 10
      vertex -89.4164 194.793 10
    endloop
  endfacet
  facet normal 0 0 1
    outer loop
      vertex -85.9023 195.276 10
      vertex -85.0541 195.692 10
      vertex -85.0779 196.239 10
    endloop
  endfacet
  facet normal 0 0 1
    outer loop
      vertex -82.7132 198.76 10
      vertex -82.4527 196.588 10
      vertex -81.3152 197.248 10
    endloop
  endfacet
  facet normal 0 0 1
    outer loop
      vertex -85.9023 195.276 10
      vertex -85.0779 196.239 10
      vertex -85.7217 197.132 10
    endloop
  endfacet
  facet normal 0 -0 1
    outer loop
      vertex -85.9023 195.276 10
      vertex -85.7217 197.132 10
      vertex -89.2862 194.909 10
    endloop
  endfacet
  facet normal 0 0 1
    outer loop
      vertex -84.8813 199.171 10
      vertex -84.524 197.982 10
      vertex -84.5004 198.029 10
    endloop
  endfacet
  facet normal 0 -0 1
    outer loop
      vertex -85.7217 197.132 10
      vertex -85.721 197.309 10
      vertex -89.2862 194.909 10
    endloop
  endfacet
  facet normal 0 0 1
    outer loop
      vertex -66.3613 210.56 10
      vertex -64.5737 223.732 10
      vertex -64.7323 223.809 10
    endloop
  endfacet
  facet normal 0 -0 1
    outer loop
      vertex -84.8457 196.881 10
      vertex -84.524 197.982 10
      vertex -85.5148 197.343 10
    endloop
  endfacet
  facet normal 0 0 1
    outer loop
      vertex -85.5148 197.343 10
      vertex -84.524 197.982 10
      vertex -84.8813 199.171 10
    endloop
  endfacet
  facet normal 0 -0 1
    outer loop
      vertex -84.5004 198.029 10
      vertex -84.0985 198.571 10
      vertex -84.8813 199.171 10
    endloop
  endfacet
  facet normal 0 0 1
    outer loop
      vertex -85.721 197.309 10
      vertex -84.8813 199.171 10
      vertex -84.9314 199.34 10
    endloop
  endfacet
  facet normal 0 -0 1
    outer loop
      vertex -72.0089 209.948 10
      vertex -71.9836 211.127 10
      vertex -72.063 209.751 10
    endloop
  endfacet
  facet normal 0 -0 1
    outer loop
      vertex -50.3628 273.756 10
      vertex -48.4798 284.613 10
      vertex -129.899 264.262 10
    endloop
  endfacet
  facet normal 0 -0 1
    outer loop
      vertex -74.5994 204.913 10
      vertex -74.5822 204.971 10
      vertex -79.7867 199.722 10
    endloop
  endfacet
  facet normal -0 0 1
    outer loop
      vertex -83.9769 199.43 10
      vertex -82.7869 198.98 10
      vertex -79.7867 199.722 10
    endloop
  endfacet
  facet normal -0 0 1
    outer loop
      vertex -82.7869 198.98 10
      vertex -82.7132 198.76 10
      vertex -79.8432 199.555 10
    endloop
  endfacet
  facet normal 0 0 1
    outer loop
      vertex -82.2309 196.546 10
      vertex -81.988 196.136 10
      vertex -81.5979 196.162 10
    endloop
  endfacet
  facet normal 0 0 1
    outer loop
      vertex -83.0641 196.071 10
      vertex -83.8401 196.385 10
      vertex -83.86 196.315 10
    endloop
  endfacet
  facet normal 0 0 1
    outer loop
      vertex -83.2547 195.409 10
      vertex -83.86 196.315 10
      vertex -84.289 195.569 10
    endloop
  endfacet
  facet normal 0 0 1
    outer loop
      vertex -83.2547 195.409 10
      vertex -84.289 195.569 10
      vertex -83.896 195.126 10
    endloop
  endfacet
  facet normal 0 0 1
    outer loop
      vertex -83.896 195.126 10
      vertex -84.289 195.569 10
      vertex -84.2126 195.284 10
    endloop
  endfacet
  facet normal 0 0 1
    outer loop
      vertex -83.0641 196.071 10
      vertex -83.86 196.315 10
      vertex -83.2547 195.409 10
    endloop
  endfacet
  facet normal -0 0 1
    outer loop
      vertex -81.0736 197.325 10
      vertex -80.7636 197.065 10
      vertex -79.35 197.971 10
    endloop
  endfacet
  facet normal 0 0 1
    outer loop
      vertex -83.0127 196.148 10
      vertex -83.8401 196.385 10
      vertex -83.0641 196.071 10
    endloop
  endfacet
  facet normal 0 0 1
    outer loop
      vertex -83.8213 197.005 10
      vertex -83.8401 196.385 10
      vertex -83.0127 196.148 10
    endloop
  endfacet
  facet normal 0 0 1
    outer loop
      vertex -83.8213 197.005 10
      vertex -83.0127 196.148 10
      vertex -82.4527 196.588 10
    endloop
  endfacet
  facet normal -0 0 1
    outer loop
      vertex -83.8213 197.005 10
      vertex -82.4527 196.588 10
      vertex -82.7132 198.76 10
    endloop
  endfacet
  facet normal -0 0 1
    outer loop
      vertex -82.4527 196.588 10
      vertex -82.2309 196.546 10
      vertex -81.3152 197.248 10
    endloop
  endfacet
  facet normal 0 -0 1
    outer loop
      vertex -80.7101 196.954 10
      vertex -79.35 197.971 10
      vertex -80.7636 197.065 10
    endloop
  endfacet
  facet normal -0 0 1
    outer loop
      vertex -82.2309 196.546 10
      vertex -81.5979 196.162 10
      vertex -81.3152 197.248 10
    endloop
  endfacet
  facet normal 0 0 1
    outer loop
      vertex -82.7132 198.76 10
      vertex -81.3152 197.248 10
      vertex -81.1789 197.36 10
    endloop
  endfacet
  facet normal -0 0 1
    outer loop
      vertex -82.7132 198.76 10
      vertex -81.1789 197.36 10
      vertex -79.8432 199.555 10
    endloop
  endfacet
  facet normal 0 0 1
    outer loop
      vertex -79.8432 199.555 10
      vertex -81.1789 197.36 10
      vertex -81.0736 197.325 10
    endloop
  endfacet
  facet normal 0 0 1
    outer loop
      vertex -79.8432 199.555 10
      vertex -81.0736 197.325 10
      vertex -79.35 197.971 10
    endloop
  endfacet
  facet normal 0 -0 1
    outer loop
      vertex -75.9131 201.26 10
      vertex -74.6573 204.256 10
      vertex -76.6382 200.708 10
    endloop
  endfacet
  facet normal 0 -0 1
    outer loop
      vertex -68.3568 210.172 10
      vertex -68.2304 210.195 10
      vertex -71.7384 211.28 10
    endloop
  endfacet
  facet normal 0 -0 1
    outer loop
      vertex -80.7001 196.605 10
      vertex -79.35 197.971 10
      vertex -80.7101 196.954 10
    endloop
  endfacet
  facet normal 0 0 1
    outer loop
      vertex -82.7869 198.98 10
      vertex -79.8432 199.555 10
      vertex -79.7867 199.722 10
    endloop
  endfacet
  facet normal -0 0 1
    outer loop
      vertex -79.5945 199.707 10
      vertex -77.0838 199.652 10
      vertex -76.6382 200.708 10
    endloop
  endfacet
  facet normal 0 -0 1
    outer loop
      vertex -76.4872 200.799 10
      vertex -75.9131 201.26 10
      vertex -76.6382 200.708 10
    endloop
  endfacet
  facet normal 0 0 1
    outer loop
      vertex -74.5994 204.913 10
      vertex -79.7867 199.722 10
      vertex -74.6573 204.256 10
    endloop
  endfacet
  facet normal -0 0 1
    outer loop
      vertex -78.6209 198.743 10
      vertex -78.2456 198.697 10
      vertex -77.0838 199.652 10
    endloop
  endfacet
  facet normal 0 -0 1
    outer loop
      vertex -78.6209 198.743 10
      vertex -77.0838 199.652 10
      vertex -79.5945 199.707 10
    endloop
  endfacet
  facet normal 0 -0 1
    outer loop
      vertex -79.5945 199.707 10
      vertex -76.6382 200.708 10
      vertex -79.7867 199.722 10
    endloop
  endfacet
  facet normal 0 0 1
    outer loop
      vertex -71.9836 211.127 10
      vertex -73.664 206.657 10
      vertex -72.063 209.751 10
    endloop
  endfacet
  facet normal 0 0 1
    outer loop
      vertex -74.6573 204.256 10
      vertex -79.7867 199.722 10
      vertex -76.6382 200.708 10
    endloop
  endfacet
  facet normal 0 -0 1
    outer loop
      vertex -76.2268 200.777 10
      vertex -75.9131 201.26 10
      vertex -76.4872 200.799 10
    endloop
  endfacet
  facet normal 0 0 1
    outer loop
      vertex -74.5822 204.971 10
      vertex -83.9769 199.43 10
      vertex -79.7867 199.722 10
    endloop
  endfacet
  facet normal -0 0 1
    outer loop
      vertex -84.03 199.44 10
      vertex -83.9769 199.43 10
      vertex -74.5822 204.971 10
    endloop
  endfacet
  facet normal 0 0 1
    outer loop
      vertex -71.6118 208.887 10
      vertex -72.0405 207.964 10
      vertex -71.6277 208.551 10
    endloop
  endfacet
  facet normal 0 -0 1
    outer loop
      vertex -84.03 199.44 10
      vertex -74.5822 204.971 10
      vertex -84.79 199.44 10
    endloop
  endfacet
  facet normal 0 -0 1
    outer loop
      vertex -74.5822 204.971 10
      vertex -73.7022 206.611 10
      vertex -84.79 199.44 10
    endloop
  endfacet
  facet normal 0 0 1
    outer loop
      vertex -84.79 199.44 10
      vertex -71.9836 211.127 10
      vertex -71.9257 211.293 10
    endloop
  endfacet
  facet normal 0 0 1
    outer loop
      vertex -72.063 209.751 10
      vertex -72.0405 207.964 10
      vertex -71.6118 208.887 10
    endloop
  endfacet
  facet normal 0 0 1
    outer loop
      vertex -73.664 206.657 10
      vertex -72.0405 207.964 10
      vertex -72.063 209.751 10
    endloop
  endfacet
  facet normal 0 0 1
    outer loop
      vertex -71.9836 211.127 10
      vertex -73.7022 206.611 10
      vertex -73.664 206.657 10
    endloop
  endfacet
  facet normal 0 0 1
    outer loop
      vertex -61.3959 221.805 10
      vertex -62.3184 223.462 10
      vertex -61.5459 221.175 10
    endloop
  endfacet
  facet normal 0 0 1
    outer loop
      vertex -84.79 199.44 10
      vertex -73.7022 206.611 10
      vertex -71.9836 211.127 10
    endloop
  endfacet
  facet normal 0 0 1
    outer loop
      vertex -68.4132 210.005 10
      vertex -68.8405 209.072 10
      vertex -68.204 209.336 10
    endloop
  endfacet
  facet normal 0 0 1
    outer loop
      vertex -71.687 210.147 10
      vertex -71.9836 211.127 10
      vertex -72.0089 209.948 10
    endloop
  endfacet
  facet normal 0 0 1
    outer loop
      vertex -60.7203 220.835 10
      vertex -58.1166 222.42 10
      vertex -59.4167 222.391 10
    endloop
  endfacet
  facet normal 0 0 1
    outer loop
      vertex -64.7323 223.809 10
      vertex -71.9257 211.293 10
      vertex -71.7384 211.28 10
    endloop
  endfacet
  facet normal 0 0 1
    outer loop
      vertex -54.1354 218.253 10
      vertex -55.3264 216.577 10
      vertex -54.1004 217.465 10
    endloop
  endfacet
  facet normal -0 0 1
    outer loop
      vertex -69.7383 209.439 10
      vertex -68.8405 209.072 10
      vertex -68.4132 210.005 10
    endloop
  endfacet
  facet normal 0 0 1
    outer loop
      vertex -69.7383 209.439 10
      vertex -68.4132 210.005 10
      vertex -68.3568 210.172 10
    endloop
  endfacet
  facet normal -0 0 1
    outer loop
      vertex -68.2304 210.195 10
      vertex -67.1411 209.897 10
      vertex -66.4722 210.52 10
    endloop
  endfacet
  facet normal 0 -0 1
    outer loop
      vertex -69.7383 209.439 10
      vertex -68.3568 210.172 10
      vertex -71.7384 211.28 10
    endloop
  endfacet
  facet normal 0 0 1
    outer loop
      vertex -56.0107 216.384 10
      vertex -58.1166 222.42 10
      vertex -60.7203 220.835 10
    endloop
  endfacet
  facet normal 0 -0 1
    outer loop
      vertex -68.2304 210.195 10
      vertex -66.4722 210.52 10
      vertex -71.7384 211.28 10
    endloop
  endfacet
  facet normal 0 -0 1
    outer loop
      vertex -66.4722 210.52 10
      vertex -66.3613 210.56 10
      vertex -71.7384 211.28 10
    endloop
  endfacet
  facet normal 0 0 1
    outer loop
      vertex -56.9011 214.951 10
      vertex -58.9228 212.753 10
      vertex -57.2359 214.023 10
    endloop
  endfacet
  facet normal 0 0 1
    outer loop
      vertex -58.0525 222.436 10
      vertex -58.1166 222.42 10
      vertex -56.0107 216.384 10
    endloop
  endfacet
  facet normal 0 0 1
    outer loop
      vertex -58.0525 222.436 10
      vertex -56.0107 216.384 10
      vertex -54.1354 218.253 10
    endloop
  endfacet
  facet normal 0 0 1
    outer loop
      vertex -56.1116 216.19 10
      vertex -56.8492 215.021 10
      vertex -55.9381 215.695 10
    endloop
  endfacet
  facet normal 0 0 1
    outer loop
      vertex -58.0525 222.436 10
      vertex -54.1354 218.253 10
      vertex -54.07 218.417 10
    endloop
  endfacet
  facet normal 0 0 1
    outer loop
      vertex -60.7203 220.835 10
      vertex -59.4167 222.391 10
      vertex -59.9548 222.153 10
    endloop
  endfacet
  facet normal 0 0 1
    outer loop
      vertex -54.1354 218.253 10
      vertex -54.1004 217.465 10
      vertex -53.9816 217.647 10
    endloop
  endfacet
  facet normal 0 0 1
    outer loop
      vertex -54.07 218.417 10
      vertex -55.0457 222.746 10
      vertex -58.0525 222.436 10
    endloop
  endfacet
  facet normal 0 0 1
    outer loop
      vertex -55.0457 222.746 10
      vertex -53.1739 219.218 10
      vertex -53.0593 219.407 10
    endloop
  endfacet
  facet normal 0 0 1
    outer loop
      vertex -56.0107 216.384 10
      vertex -55.3264 216.577 10
      vertex -54.1354 218.253 10
    endloop
  endfacet
  facet normal 0 -0 1
    outer loop
      vertex -53.0593 219.407 10
      vertex -52.6485 221.732 10
      vertex -55.0457 222.746 10
    endloop
  endfacet
  facet normal 0 -0 1
    outer loop
      vertex -53.9581 218.437 10
      vertex -53.1739 219.218 10
      vertex -54.07 218.417 10
    endloop
  endfacet
  facet normal 0 0 1
    outer loop
      vertex -53.1739 219.218 10
      vertex -55.0457 222.746 10
      vertex -54.07 218.417 10
    endloop
  endfacet
  facet normal 0 0 1
    outer loop
      vertex -53.2239 218.277 10
      vertex -52.932 218.397 10
      vertex -53.1739 219.218 10
    endloop
  endfacet
  facet normal 0 -0 1
    outer loop
      vertex -53.2239 218.277 10
      vertex -53.1739 219.218 10
      vertex -53.9581 218.437 10
    endloop
  endfacet
  facet normal 0 0 1
    outer loop
      vertex -49.5696 221.631 10
      vertex -49.6502 221.287 10
      vertex -49.5311 221.604 10
    endloop
  endfacet
  facet normal 0 0 1
    outer loop
      vertex -52.6485 221.732 10
      vertex -53.0593 219.407 10
      vertex -52.5944 221.72 10
    endloop
  endfacet
  facet normal 0 -0 1
    outer loop
      vertex -51.3648 219.744 10
      vertex -51.3398 220.326 10
      vertex -53.0593 219.407 10
    endloop
  endfacet
  facet normal 0 0 1
    outer loop
      vertex -62.3184 223.462 10
      vertex -64.5737 223.732 10
      vertex -61.5459 221.175 10
    endloop
  endfacet
  facet normal 0 0 1
    outer loop
      vertex -49.5696 221.631 10
      vertex -51.259 220.453 10
      vertex -49.6502 221.287 10
    endloop
  endfacet
  facet normal 0 0 1
    outer loop
      vertex -52.5944 221.72 10
      vertex -51.259 220.453 10
      vertex -49.5696 221.631 10
    endloop
  endfacet
  facet normal 0 0 1
    outer loop
      vertex -53.0593 219.407 10
      vertex -51.3398 220.326 10
      vertex -52.5944 221.72 10
    endloop
  endfacet
  facet normal 0 0 1
    outer loop
      vertex -50.0996 230.249 10
      vertex -50.1596 231.069 10
      vertex -54.4483 229.222 10
    endloop
  endfacet
  facet normal 0 0 1
    outer loop
      vertex -55.0457 222.746 10
      vertex -56.7101 223.112 10
      vertex -58.0525 222.436 10
    endloop
  endfacet
  facet normal 0 0 1
    outer loop
      vertex -63.2527 227.616 10
      vertex -63.0984 227.72 10
      vertex -60.5057 231.754 10
    endloop
  endfacet
  facet normal 0 -0 1
    outer loop
      vertex -56.1116 216.19 10
      vertex -56.0107 216.384 10
      vertex -60.7203 220.835 10
    endloop
  endfacet
  facet normal 0 -0 1
    outer loop
      vertex -52.76 224.727 10
      vertex -50.0072 226.699 10
      vertex -53.13 225.309 10
    endloop
  endfacet
  facet normal 0 0 1
    outer loop
      vertex -56.1116 216.19 10
      vertex -60.7203 220.835 10
      vertex -56.8492 215.021 10
    endloop
  endfacet
  facet normal 0 0 1
    outer loop
      vertex -60.7203 220.835 10
      vertex -60.9079 220.772 10
      vertex -56.8492 215.021 10
    endloop
  endfacet
  facet normal 0 0 1
    outer loop
      vertex -60.9079 220.772 10
      vertex -56.9011 214.951 10
      vertex -56.8492 215.021 10
    endloop
  endfacet
  facet normal 0 -0 1
    outer loop
      vertex -60.5151 222.765 10
      vertex -59.2407 223.838 10
      vertex -62.2408 223.451 10
    endloop
  endfacet
  facet normal 0 -0 1
    outer loop
      vertex -58.9228 212.753 10
      vertex -56.9011 214.951 10
      vertex -60.9079 220.772 10
    endloop
  endfacet
  facet normal 0 0 1
    outer loop
      vertex -58.9228 212.753 10
      vertex -60.9079 220.772 10
      vertex -61.4579 221.002 10
    endloop
  endfacet
  facet normal 0 0 1
    outer loop
      vertex -61.4579 221.002 10
      vertex -66.3613 210.56 10
      vertex -65.0227 210.482 10
    endloop
  endfacet
  facet normal 0 0 1
    outer loop
      vertex -58.9228 212.753 10
      vertex -61.4579 221.002 10
      vertex -65.0227 210.482 10
    endloop
  endfacet
  facet normal 0 0 1
    outer loop
      vertex -61.4579 221.002 10
      vertex -61.5459 221.175 10
      vertex -64.5737 223.732 10
    endloop
  endfacet
  facet normal 0 0 1
    outer loop
      vertex -64.5737 223.732 10
      vertex -66.3613 210.56 10
      vertex -61.4579 221.002 10
    endloop
  endfacet
  facet normal 0 0 1
    outer loop
      vertex -62.2408 223.451 10
      vertex -62.3184 223.462 10
      vertex -61.3959 221.805 10
    endloop
  endfacet
  facet normal 0 0 1
    outer loop
      vertex -62.2408 223.451 10
      vertex -61.3959 221.805 10
      vertex -61.3598 221.872 10
    endloop
  endfacet
  facet normal 0 0 1
    outer loop
      vertex -62.2408 223.451 10
      vertex -61.3598 221.872 10
      vertex -60.5598 222.732 10
    endloop
  endfacet
  facet normal 0 0 1
    outer loop
      vertex -62.3184 223.462 10
      vertex -63.4375 223.935 10
      vertex -64.5737 223.732 10
    endloop
  endfacet
  facet normal 0 -0 1
    outer loop
      vertex -59.1668 223.415 10
      vertex -59.0828 223.561 10
      vertex -59.2407 223.838 10
    endloop
  endfacet
  facet normal 0 0 1
    outer loop
      vertex -64.6765 224.009 10
      vertex -63.2456 224.858 10
      vertex -63.1981 227.449 10
    endloop
  endfacet
  facet normal 0 0 1
    outer loop
      vertex -59.1668 223.415 10
      vertex -59.2407 223.838 10
      vertex -60.5151 222.765 10
    endloop
  endfacet
  facet normal 0 0 1
    outer loop
      vertex -60.5151 222.765 10
      vertex -62.2408 223.451 10
      vertex -60.5598 222.732 10
    endloop
  endfacet
  facet normal 0 0 1
    outer loop
      vertex -63.1981 227.449 10
      vertex -62.5223 225.647 10
      vertex -62.3607 226.841 10
    endloop
  endfacet
  facet normal 0 -0 1
    outer loop
      vertex -66.3613 210.56 10
      vertex -64.7323 223.809 10
      vertex -71.7384 211.28 10
    endloop
  endfacet
  facet normal 0 -0 1
    outer loop
      vertex -119.796 232.249 10
      vertex -119.636 232.416 10
      vertex -119.981 232.328 10
    endloop
  endfacet
  facet normal -0 -0 1
    outer loop
      vertex -140.697 270.452 10
      vertex -140.559 270.429 10
      vertex -147.381 279.378 10
    endloop
  endfacet
  facet normal 0 0 1
    outer loop
      vertex -60.8821 242.43 10
      vertex -61.3621 242.97 10
      vertex -60.436 231.919 10
    endloop
  endfacet
  facet normal 0 0 1
    outer loop
      vertex -63.2527 227.616 10
      vertex -64.6765 224.009 10
      vertex -63.1981 227.449 10
    endloop
  endfacet
  facet normal 0 0 1
    outer loop
      vertex -63.0984 227.72 10
      vertex -60.259 231.151 10
      vertex -60.3857 231.264 10
    endloop
  endfacet
  facet normal 0 0 1
    outer loop
      vertex -63.2456 224.858 10
      vertex -62.5223 225.647 10
      vertex -63.1981 227.449 10
    endloop
  endfacet
  facet normal 0 0 1
    outer loop
      vertex -61.3621 242.97 10
      vertex -60.5057 231.754 10
      vertex -60.436 231.919 10
    endloop
  endfacet
  facet normal 0 -0 1
    outer loop
      vertex -60.436 231.919 10
      vertex -59.3875 239.897 10
      vertex -60.8821 242.43 10
    endloop
  endfacet
  facet normal 0 0 1
    outer loop
      vertex -56.1409 237.407 10
      vertex -58.7215 239.418 10
      vertex -59.9568 232.126 10
    endloop
  endfacet
  facet normal 0 0 1
    outer loop
      vertex -50.0072 226.699 10
      vertex -53.7742 227.975 10
      vertex -53.13 225.309 10
    endloop
  endfacet
  facet normal 0 0 1
    outer loop
      vertex -57.5356 230.802 10
      vertex -60.259 231.151 10
      vertex -57.2621 230.135 10
    endloop
  endfacet
  facet normal 0 0 1
    outer loop
      vertex -58.2206 228.081 10
      vertex -57.3457 228.947 10
      vertex -57.2621 230.135 10
    endloop
  endfacet
  facet normal 0 0 1
    outer loop
      vertex -60.259 231.151 10
      vertex -58.2206 228.081 10
      vertex -57.2621 230.135 10
    endloop
  endfacet
  facet normal 0 -0 1
    outer loop
      vertex -59.4029 227.433 10
      vertex -58.2206 228.081 10
      vertex -60.259 231.151 10
    endloop
  endfacet
  facet normal 0 0 1
    outer loop
      vertex -59.4029 227.433 10
      vertex -60.259 231.151 10
      vertex -63.0984 227.72 10
    endloop
  endfacet
  facet normal 0 0 1
    outer loop
      vertex -54.3852 237.067 10
      vertex -54.717 237.57 10
      vertex -55.7365 237.015 10
    endloop
  endfacet
  facet normal 0 0 1
    outer loop
      vertex -63.0984 227.72 10
      vertex -60.3857 231.264 10
      vertex -60.5057 231.754 10
    endloop
  endfacet
  facet normal 0 0 1
    outer loop
      vertex -60.096 232.119 10
      vertex -59.9568 232.126 10
      vertex -58.7215 239.418 10
    endloop
  endfacet
  facet normal 0 0 1
    outer loop
      vertex -60.096 232.119 10
      vertex -58.7215 239.418 10
      vertex -59.3115 239.738 10
    endloop
  endfacet
  facet normal 0 0 1
    outer loop
      vertex -54.4844 229.266 10
      vertex -50.1327 231.166 10
      vertex -52.5032 235.505 10
    endloop
  endfacet
  facet normal -0 0 1
    outer loop
      vertex -59.2737 231.809 10
      vertex -57.5133 231.73 10
      vertex -55.9509 237.067 10
    endloop
  endfacet
  facet normal 0 0 1
    outer loop
      vertex -50.1327 231.166 10
      vertex -49.7391 232.833 10
      vertex -49.8547 232.941 10
    endloop
  endfacet
  facet normal 0 0 1
    outer loop
      vertex -48.4862 230.822 10
      vertex -48.7838 230.958 10
      vertex -49.4155 230.511 10
    endloop
  endfacet
  facet normal 0 0 1
    outer loop
      vertex -48.4862 230.822 10
      vertex -49.4155 230.511 10
      vertex -49.6733 229.299 10
    endloop
  endfacet
  facet normal 0 -0 1
    outer loop
      vertex -50.5417 223.988 10
      vertex -50.0072 226.699 10
      vertex -51.7896 224.067 10
    endloop
  endfacet
  facet normal 0 0 1
    outer loop
      vertex -50.0072 226.699 10
      vertex -52.76 224.727 10
      vertex -51.7896 224.067 10
    endloop
  endfacet
  facet normal -0 0 1
    outer loop
      vertex -49.8779 226.819 10
      vertex -48.3199 226.634 10
      vertex -49.8043 229.181 10
    endloop
  endfacet
  facet normal 0 0 1
    outer loop
      vertex -49.7101 226.677 10
      vertex -48.3183 226.617 10
      vertex -48.3199 226.634 10
    endloop
  endfacet
  facet normal 0 0 1
    outer loop
      vertex -49.8779 226.819 10
      vertex -49.9686 229.309 10
      vertex -50.0072 226.699 10
    endloop
  endfacet
  facet normal 0 0 1
    outer loop
      vertex -48.3199 226.634 10
      vertex -49.8779 226.819 10
      vertex -49.7101 226.677 10
    endloop
  endfacet
  facet normal -0 0 1
    outer loop
      vertex -49.0528 224.209 10
      vertex -48.9558 224.184 10
      vertex -47.9865 224.451 10
    endloop
  endfacet
  facet normal 0 0 1
    outer loop
      vertex -48.9558 224.184 10
      vertex -48.7308 224.031 10
      vertex -48.156 224.171 10
    endloop
  endfacet
  facet normal 0 -0 1
    outer loop
      vertex -49.5972 224.163 10
      vertex -49.0528 224.209 10
      vertex -49.7101 226.677 10
    endloop
  endfacet
  facet normal 0 0 1
    outer loop
      vertex -60.436 231.919 10
      vertex -59.3115 239.738 10
      vertex -59.3875 239.897 10
    endloop
  endfacet
  facet normal -0 0 1
    outer loop
      vertex -48.9558 224.184 10
      vertex -48.156 224.171 10
      vertex -47.9865 224.451 10
    endloop
  endfacet
  facet normal 0 0 1
    outer loop
      vertex -49.0528 224.209 10
      vertex -47.9865 224.451 10
      vertex -48.3183 226.617 10
    endloop
  endfacet
  facet normal 0 -0 1
    outer loop
      vertex -49.0528 224.209 10
      vertex -48.3183 226.617 10
      vertex -49.7101 226.677 10
    endloop
  endfacet
  facet normal 0 -0 1
    outer loop
      vertex -47.3291 332.534 10
      vertex -47.1107 337.657 10
      vertex -52.0639 335.116 10
    endloop
  endfacet
  facet normal 0 -0 1
    outer loop
      vertex -53.7742 227.975 10
      vertex -49.9686 229.309 10
      vertex -53.7883 228.012 10
    endloop
  endfacet
  facet normal 0 0 1
    outer loop
      vertex -50.0986 230.239 10
      vertex -54.4483 229.222 10
      vertex -53.7883 228.012 10
    endloop
  endfacet
  facet normal 0 0 1
    outer loop
      vertex -49.0554 232.698 10
      vertex -49.7391 232.833 10
      vertex -50.1327 231.166 10
    endloop
  endfacet
  facet normal -0 0 1
    outer loop
      vertex -53.7742 227.975 10
      vertex -50.0072 226.699 10
      vertex -49.9686 229.309 10
    endloop
  endfacet
  facet normal -0 0 1
    outer loop
      vertex -49.6733 229.299 10
      vertex -48.3199 226.634 10
      vertex -48.4862 230.822 10
    endloop
  endfacet
  facet normal 0 0 1
    outer loop
      vertex -48.3199 226.634 10
      vertex -49.6733 229.299 10
      vertex -49.8043 229.181 10
    endloop
  endfacet
  facet normal 0 0 1
    outer loop
      vertex -49.9686 229.309 10
      vertex -50.0986 230.239 10
      vertex -53.7883 228.012 10
    endloop
  endfacet
  facet normal 0 -0 1
    outer loop
      vertex -49.8779 226.819 10
      vertex -49.8043 229.181 10
      vertex -49.9686 229.309 10
    endloop
  endfacet
  facet normal 0 0 1
    outer loop
      vertex -50.0986 230.239 10
      vertex -50.0996 230.249 10
      vertex -54.4483 229.222 10
    endloop
  endfacet
  facet normal -0 0 1
    outer loop
      vertex -54.4844 229.266 10
      vertex -54.4483 229.222 10
      vertex -50.1596 231.069 10
    endloop
  endfacet
  facet normal 0 0 1
    outer loop
      vertex -54.4844 229.266 10
      vertex -50.1596 231.069 10
      vertex -50.1327 231.166 10
    endloop
  endfacet
  facet normal 0 0 1
    outer loop
      vertex -52.5032 235.505 10
      vertex -49.8547 232.941 10
      vertex -50.12 233.916 10
    endloop
  endfacet
  facet normal 0 -0 1
    outer loop
      vertex -50.1327 231.166 10
      vertex -49.8547 232.941 10
      vertex -52.5032 235.505 10
    endloop
  endfacet
  facet normal 0 -0 1
    outer loop
      vertex -54.4844 229.266 10
      vertex -52.5032 235.505 10
      vertex -57.4244 231.696 10
    endloop
  endfacet
  facet normal 0 0 1
    outer loop
      vertex -54.6331 245.118 10
      vertex -54.7625 242.446 10
      vertex -53.6494 245.011 10
    endloop
  endfacet
  facet normal 0 0 1
    outer loop
      vertex -52.5032 235.505 10
      vertex -52.5155 235.514 10
      vertex -57.4244 231.696 10
    endloop
  endfacet
  facet normal 0 0 1
    outer loop
      vertex -52.5155 235.514 10
      vertex -54.3555 237.034 10
      vertex -55.7365 237.015 10
    endloop
  endfacet
  facet normal 0 0 1
    outer loop
      vertex -52.5155 235.514 10
      vertex -55.7365 237.015 10
      vertex -57.4244 231.696 10
    endloop
  endfacet
  facet normal 0 0 1
    outer loop
      vertex -61.3621 242.97 10
      vertex -63.2527 227.616 10
      vertex -60.5057 231.754 10
    endloop
  endfacet
  facet normal 0 0 1
    outer loop
      vertex -54.3852 237.067 10
      vertex -55.7365 237.015 10
      vertex -54.3555 237.034 10
    endloop
  endfacet
  facet normal 0 0 1
    outer loop
      vertex -49.66 237.133 10
      vertex -53.3705 238.359 10
      vertex -49.6848 235.775 10
    endloop
  endfacet
  facet normal 0 0 1
    outer loop
      vertex -54.717 237.57 10
      vertex -54.8168 237.632 10
      vertex -55.7365 237.015 10
    endloop
  endfacet
  facet normal 0 -0 1
    outer loop
      vertex -57.4244 231.696 10
      vertex -55.7365 237.015 10
      vertex -57.5133 231.73 10
    endloop
  endfacet
  facet normal 0 0 1
    outer loop
      vertex -55.7365 237.015 10
      vertex -55.9509 237.067 10
      vertex -57.5133 231.73 10
    endloop
  endfacet
  facet normal 0 0 1
    outer loop
      vertex -55.9509 237.067 10
      vertex -59.9568 232.126 10
      vertex -59.2737 231.809 10
    endloop
  endfacet
  facet normal 0 0 1
    outer loop
      vertex -56.1409 237.407 10
      vertex -59.9568 232.126 10
      vertex -55.9509 237.067 10
    endloop
  endfacet
  facet normal 0 -0 1
    outer loop
      vertex -55.0261 238.405 10
      vertex -54.9322 238.883 10
      vertex -56.1 237.6 10
    endloop
  endfacet
  facet normal 0 0 1
    outer loop
      vertex -58.584 239.415 10
      vertex -58.7215 239.418 10
      vertex -56.1409 237.407 10
    endloop
  endfacet
  facet normal 0 0 1
    outer loop
      vertex -58.584 239.415 10
      vertex -56.1409 237.407 10
      vertex -56.1 237.6 10
    endloop
  endfacet
  facet normal 0 0 1
    outer loop
      vertex -58.584 239.415 10
      vertex -56.1 237.6 10
      vertex -54.9322 238.883 10
    endloop
  endfacet
  facet normal 0 0 1
    outer loop
      vertex -54.9322 238.883 10
      vertex -55.2578 241.045 10
      vertex -58.584 239.415 10
    endloop
  endfacet
  facet normal 0 0 1
    outer loop
      vertex -60.6471 242.444 10
      vertex -59.3875 239.897 10
      vertex -59.3074 240.004 10
    endloop
  endfacet
  facet normal 0 0 1
    outer loop
      vertex -55.5725 242.266 10
      vertex -56.3848 243.99 10
      vertex -55.6541 242.217 10
    endloop
  endfacet
  facet normal 0 0 1
    outer loop
      vertex -60.3471 242.873 10
      vertex -60.6471 242.444 10
      vertex -59.4639 242.791 10
    endloop
  endfacet
  facet normal -0 0 1
    outer loop
      vertex -60.6471 242.444 10
      vertex -59.3074 240.004 10
      vertex -59.4639 242.791 10
    endloop
  endfacet
  facet normal -0 0 1
    outer loop
      vertex -60.8821 242.43 10
      vertex -59.3875 239.897 10
      vertex -60.6471 242.444 10
    endloop
  endfacet
  facet normal 0 0 1
    outer loop
      vertex -54.6331 245.118 10
      vertex -55.6276 244.918 10
      vertex -54.7625 242.446 10
    endloop
  endfacet
  facet normal 0 0 1
    outer loop
      vertex -54.7625 242.446 10
      vertex -55.6276 244.918 10
      vertex -56.3023 244.07 10
    endloop
  endfacet
  facet normal 0 0 1
    outer loop
      vertex -53.1849 244.94 10
      vertex -54.5837 242.333 10
      vertex -51.7605 243.389 10
    endloop
  endfacet
  facet normal 0 0 1
    outer loop
      vertex -50.9154 242.595 10
      vertex -53.9871 239.708 10
      vertex -50.8657 242.537 10
    endloop
  endfacet
  facet normal 0 0 1
    outer loop
      vertex -61.3103 243.207 10
      vertex -60.6503 243.497 10
      vertex -60.5163 244.827 10
    endloop
  endfacet
  facet normal 0 0 1
    outer loop
      vertex -49.6096 237.242 10
      vertex -53.3705 238.359 10
      vertex -49.66 237.133 10
    endloop
  endfacet
  facet normal 0 0 1
    outer loop
      vertex -49.2085 237.599 10
      vertex -53.3705 238.359 10
      vertex -49.6096 237.242 10
    endloop
  endfacet
  facet normal 0 0 1
    outer loop
      vertex -49.1218 241.323 10
      vertex -53.3705 238.359 10
      vertex -49.2085 237.599 10
    endloop
  endfacet
  facet normal 0 0 1
    outer loop
      vertex -50.8657 242.537 10
      vertex -53.3705 238.359 10
      vertex -49.1218 241.323 10
    endloop
  endfacet
  facet normal -0 0 1
    outer loop
      vertex -53.9871 239.708 10
      vertex -53.3705 238.359 10
      vertex -50.8657 242.537 10
    endloop
  endfacet
  facet normal -0 0 1
    outer loop
      vertex -54.5837 242.333 10
      vertex -53.9871 239.708 10
      vertex -50.9154 242.595 10
    endloop
  endfacet
  facet normal 0 0 1
    outer loop
      vertex -49.3095 249.679 10
      vertex -49.7495 250.259 10
      vertex -53.546 248.027 10
    endloop
  endfacet
  facet normal 0 0 1
    outer loop
      vertex -51.6919 243.346 10
      vertex -50.9154 242.595 10
      vertex -51.2064 243.205 10
    endloop
  endfacet
  facet normal 0 0 1
    outer loop
      vertex -54.5837 242.333 10
      vertex -50.9154 242.595 10
      vertex -51.6919 243.346 10
    endloop
  endfacet
  facet normal 0 0 1
    outer loop
      vertex -54.5837 242.333 10
      vertex -51.6919 243.346 10
      vertex -51.7605 243.389 10
    endloop
  endfacet
  facet normal 0 0 1
    outer loop
      vertex -53.6494 245.011 10
      vertex -54.5837 242.333 10
      vertex -53.1849 244.94 10
    endloop
  endfacet
  facet normal -0 0 1
    outer loop
      vertex -54.7625 242.446 10
      vertex -54.5837 242.333 10
      vertex -53.6494 245.011 10
    endloop
  endfacet
  facet normal 0 0 1
    outer loop
      vertex -55.6276 244.918 10
      vertex -56.0326 244.693 10
      vertex -56.3023 244.07 10
    endloop
  endfacet
  facet normal 0 0 1
    outer loop
      vertex -48.3214 257.76 10
      vertex -49.5214 259.09 10
      vertex -48.7995 254.625 10
    endloop
  endfacet
  facet normal 0 0 1
    outer loop
      vertex -54.7625 242.446 10
      vertex -56.3023 244.07 10
      vertex -55.5725 242.266 10
    endloop
  endfacet
  facet normal 0 0 1
    outer loop
      vertex -56.3023 244.07 10
      vertex -56.3848 243.99 10
      vertex -55.5725 242.266 10
    endloop
  endfacet
  facet normal 0 0 1
    outer loop
      vertex -60.5298 245.503 10
      vertex -56.8385 248.573 10
      vertex -56.8233 248.748 10
    endloop
  endfacet
  facet normal 0 -0 1
    outer loop
      vertex -59.3074 240.004 10
      vertex -56.2145 241.56 10
      vertex -59.3949 242.8 10
    endloop
  endfacet
  facet normal 0 0 1
    outer loop
      vertex -60.6503 243.497 10
      vertex -60.4654 244.767 10
      vertex -60.5163 244.827 10
    endloop
  endfacet
  facet normal 0 0 1
    outer loop
      vertex -56.3848 243.99 10
      vertex -56.2145 241.56 10
      vertex -55.6541 242.217 10
    endloop
  endfacet
  facet normal -0 0 1
    outer loop
      vertex -59.3949 242.8 10
      vertex -56.2145 241.56 10
      vertex -56.3848 243.99 10
    endloop
  endfacet
  facet normal 0 0 1
    outer loop
      vertex -59.3074 240.004 10
      vertex -59.3949 242.8 10
      vertex -59.4639 242.791 10
    endloop
  endfacet
  facet normal -0 0 1
    outer loop
      vertex -60.585 243.51 10
      vertex -59.4762 243.473 10
      vertex -60.4654 244.767 10
    endloop
  endfacet
  facet normal 0 0 1
    outer loop
      vertex -129.319 262.491 10
      vertex -128.347 258.591 10
      vertex -126.989 257.361 10
    endloop
  endfacet
  facet normal 0 -0 1
    outer loop
      vertex -148.515 269.176 10
      vertex -147.005 269.213 10
      vertex -148.638 269.207 10
    endloop
  endfacet
  facet normal 0 0 1
    outer loop
      vertex -147.112 281.787 10
      vertex -137.936 269.42 10
      vertex -135.916 268.64 10
    endloop
  endfacet
  facet normal 0 0 1
    outer loop
      vertex -99.2611 335.193 10
      vertex -99.4787 335.122 10
      vertex -47.0833 294.155 10
    endloop
  endfacet
  facet normal 0 0 1
    outer loop
      vertex -60.7016 245.48 10
      vertex -61.3103 243.207 10
      vertex -60.7363 245.307 10
    endloop
  endfacet
  facet normal 0 0 1
    outer loop
      vertex -47.7589 269.41 10
      vertex -47.8844 269.493 10
      vertex -49.54 259.265 10
    endloop
  endfacet
  facet normal 0 0 1
    outer loop
      vertex -59.1893 243.883 10
      vertex -60.4654 244.767 10
      vertex -59.4762 243.473 10
    endloop
  endfacet
  facet normal 0 -0 1
    outer loop
      vertex -60.585 243.51 10
      vertex -60.4654 244.767 10
      vertex -60.6503 243.497 10
    endloop
  endfacet
  facet normal 0 0 1
    outer loop
      vertex -61.3103 243.207 10
      vertex -60.5163 244.827 10
      vertex -60.7363 245.307 10
    endloop
  endfacet
  facet normal -0 0 1
    outer loop
      vertex -103.119 354.908 10
      vertex -102.435 353.376 10
      vertex -101.008 355.969 10
    endloop
  endfacet
  facet normal 0 -0 1
    outer loop
      vertex -51.7083 320.732 10
      vertex -51.4183 322.652 10
      vertex -65.7057 337.631 10
    endloop
  endfacet
  facet normal 0 -0 1
    outer loop
      vertex -56.3216 245.462 10
      vertex -55.2994 246.017 10
      vertex -56.8385 248.573 10
    endloop
  endfacet
  facet normal 0 0 1
    outer loop
      vertex -56.3712 245.418 10
      vertex -57.9076 244.113 10
      vertex -57.1236 244.386 10
    endloop
  endfacet
  facet normal 0 -0 1
    outer loop
      vertex -57.9076 244.113 10
      vertex -56.3712 245.418 10
      vertex -60.5298 245.503 10
    endloop
  endfacet
  facet normal 0 -0 1
    outer loop
      vertex -56.3712 245.418 10
      vertex -56.3216 245.462 10
      vertex -56.8385 248.573 10
    endloop
  endfacet
  facet normal 0 0 1
    outer loop
      vertex -56.3712 245.418 10
      vertex -56.8385 248.573 10
      vertex -60.5298 245.503 10
    endloop
  endfacet
  facet normal 0 -0 1
    outer loop
      vertex -60.5298 245.503 10
      vertex -56.8233 248.748 10
      vertex -60.7016 245.48 10
    endloop
  endfacet
  facet normal 0 -0 1
    outer loop
      vertex -53.808 248.038 10
      vertex -53.6452 248.106 10
      vertex -56.6009 248.753 10
    endloop
  endfacet
  facet normal 0 0 1
    outer loop
      vertex -54.8023 246.849 10
      vertex -54.4427 247 10
      vertex -53.808 248.038 10
    endloop
  endfacet
  facet normal 0 0 1
    outer loop
      vertex -49.214 249.622 10
      vertex -49.3095 249.679 10
      vertex -52.6773 246.3 10
    endloop
  endfacet
  facet normal 0 -0 1
    outer loop
      vertex -54.8023 246.849 10
      vertex -53.808 248.038 10
      vertex -56.6009 248.753 10
    endloop
  endfacet
  facet normal 0 0 1
    outer loop
      vertex -46.7674 249.226 10
      vertex -49.214 249.622 10
      vertex -47.8984 245.489 10
    endloop
  endfacet
  facet normal 0 -0 1
    outer loop
      vertex -48.2135 253.758 10
      vertex -46.8038 255.08 10
      vertex -48.2302 253.865 10
    endloop
  endfacet
  facet normal 0 0 1
    outer loop
      vertex -49.214 249.622 10
      vertex -51.5419 245.194 10
      vertex -47.9796 245.452 10
    endloop
  endfacet
  facet normal 0 0 1
    outer loop
      vertex -47.9796 245.452 10
      vertex -49.6244 244.23 10
      vertex -49.3569 244.23 10
    endloop
  endfacet
  facet normal -0 0 1
    outer loop
      vertex -51.5419 245.194 10
      vertex -49.6244 244.23 10
      vertex -47.9796 245.452 10
    endloop
  endfacet
  facet normal 0 0 1
    outer loop
      vertex -49.214 249.622 10
      vertex -47.9796 245.452 10
      vertex -47.8984 245.489 10
    endloop
  endfacet
  facet normal 0 -0 1
    outer loop
      vertex -45.7221 245.897 10
      vertex -45.4208 248.534 10
      vertex -46.7674 249.226 10
    endloop
  endfacet
  facet normal 0 0 1
    outer loop
      vertex -45.7221 245.897 10
      vertex -46.7674 249.226 10
      vertex -45.9216 245.734 10
    endloop
  endfacet
  facet normal 0 0 1
    outer loop
      vertex -46.7674 249.226 10
      vertex -47.8984 245.489 10
      vertex -45.9216 245.734 10
    endloop
  endfacet
  facet normal 0 0 1
    outer loop
      vertex -49.214 249.622 10
      vertex -52.6773 246.3 10
      vertex -51.5419 245.194 10
    endloop
  endfacet
  facet normal 0 0 1
    outer loop
      vertex -49.3095 249.679 10
      vertex -53.546 248.027 10
      vertex -52.6773 246.3 10
    endloop
  endfacet
  facet normal 0 0 1
    outer loop
      vertex -43.5344 254.883 10
      vertex -43.5623 254.933 10
      vertex -46.2381 254.983 10
    endloop
  endfacet
  facet normal 0 0 1
    outer loop
      vertex -49.7495 250.259 10
      vertex -49.7749 250.389 10
      vertex -53.546 248.027 10
    endloop
  endfacet
  facet normal 0 0 1
    outer loop
      vertex -45.1595 252.128 10
      vertex -46.923 250.898 10
      vertex -45.9541 251.092 10
    endloop
  endfacet
  facet normal 0 0 1
    outer loop
      vertex -49.7749 250.389 10
      vertex -53.6452 248.106 10
      vertex -53.546 248.027 10
    endloop
  endfacet
  facet normal 0 0 1
    outer loop
      vertex -49.4769 251.504 10
      vertex -49.7414 252.25 10
      vertex -49.7749 250.389 10
    endloop
  endfacet
  facet normal 0 0 1
    outer loop
      vertex -49.7414 252.25 10
      vertex -53.6452 248.106 10
      vertex -49.7749 250.389 10
    endloop
  endfacet
  facet normal -0 0 1
    outer loop
      vertex -56.6009 248.753 10
      vertex -53.6452 248.106 10
      vertex -49.7414 252.25 10
    endloop
  endfacet
  facet normal 0 0 1
    outer loop
      vertex -56.6009 248.753 10
      vertex -49.7414 252.25 10
      vertex -49.7024 252.41 10
    endloop
  endfacet
  facet normal 0 0 1
    outer loop
      vertex -49.5214 259.09 10
      vertex -49.7024 252.41 10
      vertex -48.9098 254.487 10
    endloop
  endfacet
  facet normal 0 0 1
    outer loop
      vertex -49.7024 252.41 10
      vertex -48.9769 253.088 10
      vertex -48.9098 254.487 10
    endloop
  endfacet
  facet normal 0 0 1
    outer loop
      vertex -56.6009 248.753 10
      vertex -49.7024 252.41 10
      vertex -49.5214 259.09 10
    endloop
  endfacet
  facet normal 0 0 1
    outer loop
      vertex -48.1329 257.731 10
      vertex -48.7995 254.625 10
      vertex -46.8884 255.278 10
    endloop
  endfacet
  facet normal 0 0 1
    outer loop
      vertex -45.1595 252.128 10
      vertex -48.2135 253.758 10
      vertex -46.923 250.898 10
    endloop
  endfacet
  facet normal 0 0 1
    outer loop
      vertex -45.7272 269.112 10
      vertex -45.796 269.145 10
      vertex -44.4975 267.037 10
    endloop
  endfacet
  facet normal 0 0 1
    outer loop
      vertex -48.2135 253.758 10
      vertex -48.6202 251.904 10
      vertex -46.923 250.898 10
    endloop
  endfacet
  facet normal 0 0 1
    outer loop
      vertex -45.1595 252.128 10
      vertex -45.9541 251.092 10
      vertex -45.1169 251.582 10
    endloop
  endfacet
  facet normal 0 0 1
    outer loop
      vertex -44.988 252.288 10
      vertex -46.2381 254.983 10
      vertex -46.4138 254.93 10
    endloop
  endfacet
  facet normal 0 0 1
    outer loop
      vertex -44.988 252.288 10
      vertex -46.4138 254.93 10
      vertex -45.1595 252.128 10
    endloop
  endfacet
  facet normal 0 0 1
    outer loop
      vertex -43.0055 254.26 10
      vertex -44.988 252.288 10
      vertex -42.9118 253.125 10
    endloop
  endfacet
  facet normal 0 0 1
    outer loop
      vertex -42.9118 253.125 10
      vertex -43.6738 252.094 10
      vertex -43.1621 252.267 10
    endloop
  endfacet
  facet normal -0 0 1
    outer loop
      vertex -44.988 252.288 10
      vertex -43.6738 252.094 10
      vertex -42.9118 253.125 10
    endloop
  endfacet
  facet normal 0 0 1
    outer loop
      vertex -43.5344 254.883 10
      vertex -44.988 252.288 10
      vertex -43.0055 254.26 10
    endloop
  endfacet
  facet normal 0 0 1
    outer loop
      vertex -43.5623 254.933 10
      vertex -45.653 255.82 10
      vertex -45.6781 255.763 10
    endloop
  endfacet
  facet normal 0 0 1
    outer loop
      vertex -33.8132 319.91 10
      vertex -32.331 320.472 10
      vertex -31.7711 321.814 10
    endloop
  endfacet
  facet normal 0 0 1
    outer loop
      vertex -45.1595 252.128 10
      vertex -46.4138 254.93 10
      vertex -48.2135 253.758 10
    endloop
  endfacet
  facet normal 0 0 1
    outer loop
      vertex -44.8758 260.979 10
      vertex -43.1914 261.527 10
      vertex -43.497 264.791 10
    endloop
  endfacet
  facet normal 0 0 1
    outer loop
      vertex -45.2335 257.869 10
      vertex -45.653 255.82 10
      vertex -44.5374 257.858 10
    endloop
  endfacet
  facet normal -0 0 1
    outer loop
      vertex -45.2335 257.869 10
      vertex -44.5374 257.858 10
      vertex -44.9142 258.139 10
    endloop
  endfacet
  facet normal 0 0 1
    outer loop
      vertex -48.1329 257.731 10
      vertex -46.3592 256.542 10
      vertex -46.3406 257.211 10
    endloop
  endfacet
  facet normal 0 0 1
    outer loop
      vertex -46.8038 255.08 10
      vertex -48.6302 254.555 10
      vertex -48.2302 253.865 10
    endloop
  endfacet
  facet normal 0 0 1
    outer loop
      vertex -44.5374 257.858 10
      vertex -45.653 255.82 10
      vertex -43.5623 254.933 10
    endloop
  endfacet
  facet normal 0 0 1
    outer loop
      vertex -46.8884 255.278 10
      vertex -48.7995 254.625 10
      vertex -48.6302 254.555 10
    endloop
  endfacet
  facet normal 0 0 1
    outer loop
      vertex -43.5623 254.933 10
      vertex -45.6781 255.763 10
      vertex -46.2381 254.983 10
    endloop
  endfacet
  facet normal 0 0 1
    outer loop
      vertex -46.8038 255.08 10
      vertex -46.8884 255.278 10
      vertex -48.6302 254.555 10
    endloop
  endfacet
  facet normal 0 0 1
    outer loop
      vertex -43.5344 254.883 10
      vertex -46.2381 254.983 10
      vertex -44.988 252.288 10
    endloop
  endfacet
  facet normal 0 0 1
    outer loop
      vertex -48.2135 253.758 10
      vertex -46.4138 254.93 10
      vertex -46.8038 255.08 10
    endloop
  endfacet
  facet normal 0 0 1
    outer loop
      vertex -46.3592 256.542 10
      vertex -48.1329 257.731 10
      vertex -46.8884 255.278 10
    endloop
  endfacet
  facet normal -0 0 1
    outer loop
      vertex -48.1329 257.731 10
      vertex -46.3406 257.211 10
      vertex -46.7304 258.571 10
    endloop
  endfacet
  facet normal 0 0 1
    outer loop
      vertex -44.4863 266.947 10
      vertex -45.6437 260.975 10
      vertex -43.497 264.791 10
    endloop
  endfacet
  facet normal 0 0 1
    outer loop
      vertex -48.3214 257.76 10
      vertex -48.7995 254.625 10
      vertex -48.1329 257.731 10
    endloop
  endfacet
  facet normal 0 0 1
    outer loop
      vertex -49.5214 259.09 10
      vertex -48.9098 254.487 10
      vertex -48.7995 254.625 10
    endloop
  endfacet
  facet normal 0 0 1
    outer loop
      vertex -56.8233 248.748 10
      vertex -56.6009 248.753 10
      vertex -49.5214 259.09 10
    endloop
  endfacet
  facet normal 0 0 1
    outer loop
      vertex -56.8233 248.748 10
      vertex -49.5214 259.09 10
      vertex -49.54 259.265 10
    endloop
  endfacet
  facet normal 0 0 1
    outer loop
      vertex -45.6437 260.975 10
      vertex -47.7589 269.41 10
      vertex -49.3293 259.316 10
    endloop
  endfacet
  facet normal 0 -0 1
    outer loop
      vertex -47.3189 259.413 10
      vertex -47.2504 259.454 10
      vertex -49.3293 259.316 10
    endloop
  endfacet
  facet normal 0 -0 1
    outer loop
      vertex -48.1337 258.553 10
      vertex -47.3189 259.413 10
      vertex -49.3293 259.316 10
    endloop
  endfacet
  facet normal 0 0 1
    outer loop
      vertex -47.2504 259.454 10
      vertex -46.5529 259.65 10
      vertex -45.6437 260.975 10
    endloop
  endfacet
  facet normal 0 0 1
    outer loop
      vertex -44.4975 267.037 10
      vertex -47.0889 269.37 10
      vertex -44.4863 266.947 10
    endloop
  endfacet
  facet normal 0 -0 1
    outer loop
      vertex -47.2504 259.454 10
      vertex -45.6437 260.975 10
      vertex -49.3293 259.316 10
    endloop
  endfacet
  facet normal 0 0 1
    outer loop
      vertex -45.6437 260.975 10
      vertex -45.5058 261.039 10
      vertex -43.497 264.791 10
    endloop
  endfacet
  facet normal 0 -0 1
    outer loop
      vertex -44.7659 260.914 10
      vertex -43.1914 261.527 10
      vertex -44.8758 260.979 10
    endloop
  endfacet
  facet normal -0 0 1
    outer loop
      vertex -43.9077 259.651 10
      vertex -43.7647 259.614 10
      vertex -43.5267 259.803 10
    endloop
  endfacet
  facet normal 0 0 1
    outer loop
      vertex -45.2289 285.241 10
      vertex -46.3192 285.718 10
      vertex -46.8279 285.133 10
    endloop
  endfacet
  facet normal 0 -0 1
    outer loop
      vertex -43.9077 259.651 10
      vertex -43.5267 259.803 10
      vertex -44.7659 260.914 10
    endloop
  endfacet
  facet normal 0 -0 1
    outer loop
      vertex -43.5267 259.803 10
      vertex -43.1914 261.527 10
      vertex -44.7659 260.914 10
    endloop
  endfacet
  facet normal 0 -0 1
    outer loop
      vertex -44.8758 260.979 10
      vertex -43.497 264.791 10
      vertex -45.5058 261.039 10
    endloop
  endfacet
  facet normal 0 0 1
    outer loop
      vertex -46.0399 282.957 10
      vertex -47.3684 283.59 10
      vertex -47.3994 283.539 10
    endloop
  endfacet
  facet normal 0 0 1
    outer loop
      vertex -45.796 269.145 10
      vertex -47.0113 269.387 10
      vertex -47.0889 269.37 10
    endloop
  endfacet
  facet normal 0 0 1
    outer loop
      vertex -42.8074 278.655 10
      vertex -40.8987 275.822 10
      vertex -40.8009 277.864 10
    endloop
  endfacet
  facet normal 0 0 1
    outer loop
      vertex -44.7654 268.935 10
      vertex -45.7272 269.112 10
      vertex -44.2975 268.123 10
    endloop
  endfacet
  facet normal 0 0 1
    outer loop
      vertex -45.7272 269.112 10
      vertex -44.4975 267.037 10
      vertex -44.2975 268.123 10
    endloop
  endfacet
  facet normal 0 0 1
    outer loop
      vertex -45.796 269.145 10
      vertex -46.4397 269.681 10
      vertex -47.0113 269.387 10
    endloop
  endfacet
  facet normal 0 0 1
    outer loop
      vertex -41.112 279.061 10
      vertex -41.9621 279.212 10
      vertex -40.8009 277.864 10
    endloop
  endfacet
  facet normal 0 0 1
    outer loop
      vertex -44.4975 267.037 10
      vertex -45.796 269.145 10
      vertex -47.0889 269.37 10
    endloop
  endfacet
  facet normal 0 -0 1
    outer loop
      vertex -46.1048 282.791 10
      vertex -46.0399 282.957 10
      vertex -47.3994 283.539 10
    endloop
  endfacet
  facet normal 0 0 1
    outer loop
      vertex -44.4863 266.947 10
      vertex -47.0889 269.37 10
      vertex -47.7589 269.41 10
    endloop
  endfacet
  facet normal 0 0 1
    outer loop
      vertex -44.4863 266.947 10
      vertex -47.7589 269.41 10
      vertex -45.6437 260.975 10
    endloop
  endfacet
  facet normal 0 0 1
    outer loop
      vertex -47.7589 269.41 10
      vertex -49.54 259.265 10
      vertex -49.3293 259.316 10
    endloop
  endfacet
  facet normal 0 0 1
    outer loop
      vertex -47.8844 269.493 10
      vertex -48.4844 270.703 10
      vertex -49.54 259.265 10
    endloop
  endfacet
  facet normal 0 0 1
    outer loop
      vertex -49.8598 272.715 10
      vertex -48.498 270.746 10
      vertex -49.7774 272.648 10
    endloop
  endfacet
  facet normal 0 0 1
    outer loop
      vertex -48.4844 270.703 10
      vertex -48.498 270.746 10
      vertex -49.8598 272.715 10
    endloop
  endfacet
  facet normal 0 0 1
    outer loop
      vertex -48.7534 272.306 10
      vertex -49.7774 272.648 10
      vertex -48.498 270.746 10
    endloop
  endfacet
  facet normal 0 0 1
    outer loop
      vertex -48.4844 270.703 10
      vertex -49.8598 272.715 10
      vertex -49.54 259.265 10
    endloop
  endfacet
  facet normal 0 0 1
    outer loop
      vertex -49.8598 272.715 10
      vertex -50.3698 273.595 10
      vertex -49.54 259.265 10
    endloop
  endfacet
  facet normal 0 0 1
    outer loop
      vertex -50.3698 273.595 10
      vertex -56.8233 248.748 10
      vertex -49.54 259.265 10
    endloop
  endfacet
  facet normal 0 0 1
    outer loop
      vertex -60.7016 245.48 10
      vertex -56.8233 248.748 10
      vertex -50.3698 273.595 10
    endloop
  endfacet
  facet normal 0 0 1
    outer loop
      vertex -147.227 282.346 10
      vertex -146.14 299.977 10
      vertex -146.165 299.934 10
    endloop
  endfacet
  facet normal 0 0 1
    outer loop
      vertex -48.0805 283.086 10
      vertex -48.4205 283.686 10
      vertex -49.7528 274.626 10
    endloop
  endfacet
  facet normal 0 -0 1
    outer loop
      vertex -44.5236 275.984 10
      vertex -42.9951 278.673 10
      vertex -44.6201 275.997 10
    endloop
  endfacet
  facet normal -0 0 1
    outer loop
      vertex -49.3 274.69 10
      vertex -49.1923 274.644 10
      vertex -46.6893 275.464 10
    endloop
  endfacet
  facet normal 0 0 1
    outer loop
      vertex -49.1923 274.644 10
      vertex -46.7245 275.086 10
      vertex -46.6893 275.464 10
    endloop
  endfacet
  facet normal -0 -0 1
    outer loop
      vertex -48.2625 273.686 10
      vertex -48.0895 273.674 10
      vertex -49.1923 274.644 10
    endloop
  endfacet
  facet normal 0 0 1
    outer loop
      vertex -40.8009 277.864 10
      vertex -41.9621 279.212 10
      vertex -42.8074 278.655 10
    endloop
  endfacet
  facet normal 0 -0 1
    outer loop
      vertex -48.0895 273.674 10
      vertex -46.7245 275.086 10
      vertex -49.1923 274.644 10
    endloop
  endfacet
  facet normal 0 0 1
    outer loop
      vertex -49.3 274.69 10
      vertex -46.6893 275.464 10
      vertex -46.5701 275.597 10
    endloop
  endfacet
  facet normal 0 0 1
    outer loop
      vertex -45.0862 280.169 10
      vertex -46.5701 275.597 10
      vertex -45.0136 280.11 10
    endloop
  endfacet
  facet normal 0 -0 1
    outer loop
      vertex -41.4303 274.457 10
      vertex -40.8987 275.822 10
      vertex -44.5236 275.984 10
    endloop
  endfacet
  facet normal 0 0 1
    outer loop
      vertex -41.3471 279.238 10
      vertex -41.9621 279.212 10
      vertex -41.112 279.061 10
    endloop
  endfacet
  facet normal 0 -0 1
    outer loop
      vertex -32.2642 323.611 10
      vertex -32.1614 323.714 10
      vertex -38.1772 329.821 10
    endloop
  endfacet
  facet normal 0 0 1
    outer loop
      vertex -40.8987 275.822 10
      vertex -42.8074 278.655 10
      vertex -44.5236 275.984 10
    endloop
  endfacet
  facet normal 0 0 1
    outer loop
      vertex -37.3586 317.853 10
      vertex -46.3071 327.561 10
      vertex -47.5492 326.14 10
    endloop
  endfacet
  facet normal 0 0 1
    outer loop
      vertex -42.8074 278.655 10
      vertex -42.9951 278.673 10
      vertex -44.5236 275.984 10
    endloop
  endfacet
  facet normal 0 0 1
    outer loop
      vertex -44.8799 283.687 10
      vertex -45.2289 285.241 10
      vertex -46.8279 285.133 10
    endloop
  endfacet
  facet normal 0 0 1
    outer loop
      vertex -44.1028 279.761 10
      vertex -45.0136 280.11 10
      vertex -44.6201 275.997 10
    endloop
  endfacet
  facet normal 0 0 1
    outer loop
      vertex -42.9951 278.673 10
      vertex -44.1028 279.761 10
      vertex -44.6201 275.997 10
    endloop
  endfacet
  facet normal 0 0 1
    outer loop
      vertex -45.0136 280.11 10
      vertex -46.5701 275.597 10
      vertex -44.6201 275.997 10
    endloop
  endfacet
  facet normal 0 0 1
    outer loop
      vertex -45.0862 280.169 10
      vertex -45.6062 280.979 10
      vertex -46.5701 275.597 10
    endloop
  endfacet
  facet normal 0 0 1
    outer loop
      vertex -45.6062 280.979 10
      vertex -49.3 274.69 10
      vertex -46.5701 275.597 10
    endloop
  endfacet
  facet normal 0 0 1
    outer loop
      vertex -48.0805 283.086 10
      vertex -49.3 274.69 10
      vertex -45.6062 280.979 10
    endloop
  endfacet
  facet normal 0 0 1
    outer loop
      vertex -47.8394 283.059 10
      vertex -48.0805 283.086 10
      vertex -45.6248 281.021 10
    endloop
  endfacet
  facet normal 0 0 1
    outer loop
      vertex -46.1048 282.791 10
      vertex -47.3994 283.539 10
      vertex -47.8394 283.059 10
    endloop
  endfacet
  facet normal 0 0 1
    outer loop
      vertex -46.8279 285.133 10
      vertex -47.3684 283.59 10
      vertex -46.0399 282.957 10
    endloop
  endfacet
  facet normal 0 0 1
    outer loop
      vertex -44.8799 283.687 10
      vertex -46.8279 285.133 10
      vertex -46.0399 282.957 10
    endloop
  endfacet
  facet normal 0 -0 1
    outer loop
      vertex -44.7041 283.675 10
      vertex -43.4337 283.777 10
      vertex -45.2289 285.241 10
    endloop
  endfacet
  facet normal 0 0 1
    outer loop
      vertex -43.2412 282.459 10
      vertex -43.03 282.571 10
      vertex -43.03 282.82 10
    endloop
  endfacet
  facet normal 0 0 1
    outer loop
      vertex -43.0013 306.187 10
      vertex -44.0673 306.842 10
      vertex -44.1732 306.865 10
    endloop
  endfacet
  facet normal 0 -0 1
    outer loop
      vertex -45.8588 295.872 10
      vertex -43.9744 298.791 10
      vertex -45.9333 295.815 10
    endloop
  endfacet
  facet normal 0 -0 1
    outer loop
      vertex -43.2412 282.459 10
      vertex -43.03 282.82 10
      vertex -43.4337 283.777 10
    endloop
  endfacet
  facet normal 0 0 1
    outer loop
      vertex -43.2412 282.459 10
      vertex -43.4337 283.777 10
      vertex -44.7041 283.675 10
    endloop
  endfacet
  facet normal 0 0 1
    outer loop
      vertex -44.7041 283.675 10
      vertex -45.2289 285.241 10
      vertex -44.8799 283.687 10
    endloop
  endfacet
  facet normal 0 0 1
    outer loop
      vertex -45.6248 281.021 10
      vertex -46.1048 282.791 10
      vertex -47.8394 283.059 10
    endloop
  endfacet
  facet normal 0 -0 1
    outer loop
      vertex -49.3 274.69 10
      vertex -48.0805 283.086 10
      vertex -49.63 274.69 10
    endloop
  endfacet
  facet normal 0 0 1
    outer loop
      vertex -45.6062 280.979 10
      vertex -45.6248 281.021 10
      vertex -48.0805 283.086 10
    endloop
  endfacet
  facet normal 0 0 1
    outer loop
      vertex -48.0805 283.086 10
      vertex -49.7528 274.626 10
      vertex -49.63 274.69 10
    endloop
  endfacet
  facet normal 0 0 1
    outer loop
      vertex -48.4205 283.686 10
      vertex -48.4398 283.753 10
      vertex -49.7528 274.626 10
    endloop
  endfacet
  facet normal 0 0 1
    outer loop
      vertex -48.4398 283.753 10
      vertex -50.3628 273.756 10
      vertex -49.7528 274.626 10
    endloop
  endfacet
  facet normal 0 0 1
    outer loop
      vertex -48.4798 284.613 10
      vertex -50.3628 273.756 10
      vertex -48.4398 283.753 10
    endloop
  endfacet
  facet normal 0 0 1
    outer loop
      vertex -98.1697 344.687 10
      vertex -91.8575 350.359 10
      vertex -93.0075 349.93 10
    endloop
  endfacet
  facet normal 0 0 1
    outer loop
      vertex -51.4629 320.442 10
      vertex -51.6529 320.592 10
      vertex -44.9999 308.395 10
    endloop
  endfacet
  facet normal 0 0 1
    outer loop
      vertex -99.2611 335.193 10
      vertex -51.6529 320.592 10
      vertex -51.7083 320.732 10
    endloop
  endfacet
  facet normal 0 0 1
    outer loop
      vertex -47.0894 293.994 10
      vertex -46.7193 292.929 10
      vertex -46.7018 293.332 10
    endloop
  endfacet
  facet normal 0 0 1
    outer loop
      vertex -48.4767 284.651 10
      vertex -46.7193 292.929 10
      vertex -47.0894 293.994 10
    endloop
  endfacet
  facet normal 0 -0 1
    outer loop
      vertex -44.2908 312.112 10
      vertex -44.2752 312.143 10
      vertex -51.373 320.41 10
    endloop
  endfacet
  facet normal 0 0 1
    outer loop
      vertex -43.2052 301.985 10
      vertex -43.2896 302.131 10
      vertex -43.9248 298.866 10
    endloop
  endfacet
  facet normal -0 0 1
    outer loop
      vertex -51.2283 320.511 10
      vertex -43.1949 313.679 10
      vertex -48.9873 323.851 10
    endloop
  endfacet
  facet normal 0 0 1
    outer loop
      vertex -43.2896 302.131 10
      vertex -43.9744 298.791 10
      vertex -43.9248 298.866 10
    endloop
  endfacet
  facet normal 0 -0 1
    outer loop
      vertex -44.6831 296.276 10
      vertex -43.9744 298.791 10
      vertex -45.8588 295.872 10
    endloop
  endfacet
  facet normal 0 0 1
    outer loop
      vertex -43.2052 301.985 10
      vertex -43.9248 298.866 10
      vertex -42.3651 300.139 10
    endloop
  endfacet
  facet normal 0 0 1
    outer loop
      vertex -48.9628 323.88 10
      vertex -42.6949 313.729 10
      vertex -37.3586 317.853 10
    endloop
  endfacet
  facet normal 0 0 1
    outer loop
      vertex -42.3651 300.139 10
      vertex -42.6921 301.737 10
      vertex -43.2052 301.985 10
    endloop
  endfacet
  facet normal 0 0 1
    outer loop
      vertex -45.9333 295.815 10
      vertex -43.9744 298.791 10
      vertex -43.2896 302.131 10
    endloop
  endfacet
  facet normal 0 0 1
    outer loop
      vertex -43.1423 306.742 10
      vertex -43.4096 306.942 10
      vertex -44.0673 306.842 10
    endloop
  endfacet
  facet normal 0 0 1
    outer loop
      vertex -43.1423 306.742 10
      vertex -44.0673 306.842 10
      vertex -43.0013 306.187 10
    endloop
  endfacet
  facet normal 0 0 1
    outer loop
      vertex -43.0013 306.187 10
      vertex -44.1732 306.865 10
      vertex -43.2896 302.131 10
    endloop
  endfacet
  facet normal 0 -0 1
    outer loop
      vertex -32.3442 323.331 10
      vertex -32.2642 323.611 10
      vertex -38.6872 329.341 10
    endloop
  endfacet
  facet normal 0 0 1
    outer loop
      vertex -44.1732 306.865 10
      vertex -44.6832 307.205 10
      vertex -43.2896 302.131 10
    endloop
  endfacet
  facet normal 0 0 1
    outer loop
      vertex -38.8736 329.325 10
      vertex -41.065 330.796 10
      vertex -46.2833 327.598 10
    endloop
  endfacet
  facet normal 0 0 1
    outer loop
      vertex -44.6832 307.205 10
      vertex -44.746 307.296 10
      vertex -43.2896 302.131 10
    endloop
  endfacet
  facet normal 0 0 1
    outer loop
      vertex -44.746 307.296 10
      vertex -45.9333 295.815 10
      vertex -43.2896 302.131 10
    endloop
  endfacet
  facet normal 0 0 1
    outer loop
      vertex -47.0833 294.155 10
      vertex -45.9333 295.815 10
      vertex -44.746 307.296 10
    endloop
  endfacet
  facet normal 0 0 1
    outer loop
      vertex -47.0833 294.155 10
      vertex -44.746 307.296 10
      vertex -44.996 308.356 10
    endloop
  endfacet
  facet normal 0 -0 1
    outer loop
      vertex -44.9299 310.345 10
      vertex -44.9209 310.392 10
      vertex -51.373 320.41 10
    endloop
  endfacet
  facet normal 0 0 1
    outer loop
      vertex -43.3052 313.613 10
      vertex -51.2283 320.511 10
      vertex -51.373 320.41 10
    endloop
  endfacet
  facet normal 0 0 1
    outer loop
      vertex -51.2283 320.511 10
      vertex -48.9873 323.851 10
      vertex -50.5904 322.346 10
    endloop
  endfacet
  facet normal 0 0 1
    outer loop
      vertex -38.8736 329.325 10
      vertex -46.2833 327.598 10
      vertex -46.3071 327.561 10
    endloop
  endfacet
  facet normal 0 -0 1
    outer loop
      vertex -27.8207 327.095 10
      vertex -27.3165 328.202 10
      vertex -38.142 329.871 10
    endloop
  endfacet
  facet normal 0 -0 1
    outer loop
      vertex -40.1514 312.565 10
      vertex -36.996 316.847 10
      vertex -41.4758 313.007 10
    endloop
  endfacet
  facet normal 0 0 1
    outer loop
      vertex -35.561 315.393 10
      vertex -35.5683 315.706 10
      vertex -36.9526 316.792 10
    endloop
  endfacet
  facet normal 0 0 1
    outer loop
      vertex -36.9526 316.792 10
      vertex -36.996 316.847 10
      vertex -38.2314 312.977 10
    endloop
  endfacet
  facet normal 0 0 1
    outer loop
      vertex -35.561 315.393 10
      vertex -36.9526 316.792 10
      vertex -36.7498 313.566 10
    endloop
  endfacet
  facet normal 0 0 1
    outer loop
      vertex -36.996 316.847 10
      vertex -40.1514 312.565 10
      vertex -38.2314 312.977 10
    endloop
  endfacet
  facet normal -0 0 1
    outer loop
      vertex -38.2314 312.977 10
      vertex -38.1384 312.967 10
      vertex -36.7498 313.566 10
    endloop
  endfacet
  facet normal 0 -0 1
    outer loop
      vertex -37.8161 312.822 10
      vertex -36.7498 313.566 10
      vertex -38.1384 312.967 10
    endloop
  endfacet
  facet normal 0 0 1
    outer loop
      vertex -36.9526 316.792 10
      vertex -38.2314 312.977 10
      vertex -36.7498 313.566 10
    endloop
  endfacet
  facet normal 0 0 1
    outer loop
      vertex -36.996 316.847 10
      vertex -37.386 317.687 10
      vertex -41.4758 313.007 10
    endloop
  endfacet
  facet normal 0 0 1
    outer loop
      vertex -37.386 317.687 10
      vertex -42.6007 313.707 10
      vertex -41.4758 313.007 10
    endloop
  endfacet
  facet normal 0 0 1
    outer loop
      vertex -32.3393 323.234 10
      vertex -33.8132 319.91 10
      vertex -31.7711 321.814 10
    endloop
  endfacet
  facet normal -0 0 1
    outer loop
      vertex -42.6949 313.729 10
      vertex -42.6007 313.707 10
      vertex -37.386 317.687 10
    endloop
  endfacet
  facet normal 0 0 1
    outer loop
      vertex -42.6949 313.729 10
      vertex -37.386 317.687 10
      vertex -37.3586 317.853 10
    endloop
  endfacet
  facet normal 0 0 1
    outer loop
      vertex -34.3194 335.969 10
      vertex -35.7156 335.089 10
      vertex -33.9037 335.774 10
    endloop
  endfacet
  facet normal -0 0 1
    outer loop
      vertex -38.6872 329.341 10
      vertex -32.2642 323.611 10
      vertex -38.1772 329.821 10
    endloop
  endfacet
  facet normal 0 0 1
    outer loop
      vertex -33.8769 319.864 10
      vertex -33.8132 319.91 10
      vertex -32.3393 323.234 10
    endloop
  endfacet
  facet normal 0 -0 1
    outer loop
      vertex -34.6122 318.95 10
      vertex -33.8769 319.864 10
      vertex -36.2609 318.94 10
    endloop
  endfacet
  facet normal 0 0 1
    outer loop
      vertex -26.4319 332.062 10
      vertex -27.7287 333.634 10
      vertex -27.2964 328.235 10
    endloop
  endfacet
  facet normal 0 0 1
    outer loop
      vertex -32.331 320.472 10
      vertex -31.7884 321.355 10
      vertex -31.7711 321.814 10
    endloop
  endfacet
  facet normal 0 0 1
    outer loop
      vertex -32.3442 323.331 10
      vertex -33.8769 319.864 10
      vertex -32.3393 323.234 10
    endloop
  endfacet
  facet normal 0 0 1
    outer loop
      vertex -36.2609 318.94 10
      vertex -33.8769 319.864 10
      vertex -32.3442 323.331 10
    endloop
  endfacet
  facet normal 0 -0 1
    outer loop
      vertex -29.9681 324.344 10
      vertex -29.2849 325.017 10
      vertex -32.1614 323.714 10
    endloop
  endfacet
  facet normal 0 0 1
    outer loop
      vertex -33.8489 335.76 10
      vertex -35.7156 335.089 10
      vertex -36.2186 334.396 10
    endloop
  endfacet
  facet normal 0 0 1
    outer loop
      vertex -33.8489 335.76 10
      vertex -36.2186 334.396 10
      vertex -31.6775 335.631 10
    endloop
  endfacet
  facet normal 0 0 1
    outer loop
      vertex -38.142 329.871 10
      vertex -30.5112 335.262 10
      vertex -36.2186 334.396 10
    endloop
  endfacet
  facet normal 0 -0 1
    outer loop
      vertex -29.2849 325.017 10
      vertex -27.8207 327.095 10
      vertex -38.142 329.871 10
    endloop
  endfacet
  facet normal 0 0 1
    outer loop
      vertex -30.5112 335.262 10
      vertex -27.3165 328.202 10
      vertex -27.7287 333.634 10
    endloop
  endfacet
  facet normal 0 0 1
    outer loop
      vertex -25.5412 330.639 10
      vertex -26.4319 332.062 10
      vertex -25.5485 330.385 10
    endloop
  endfacet
  facet normal 0 0 1
    outer loop
      vertex -26.4319 332.062 10
      vertex -27.2964 328.235 10
      vertex -25.5485 330.385 10
    endloop
  endfacet
  facet normal 0 0 1
    outer loop
      vertex -27.7287 333.634 10
      vertex -27.3165 328.202 10
      vertex -27.2964 328.235 10
    endloop
  endfacet
  facet normal 0 0 1
    outer loop
      vertex -30.5112 335.262 10
      vertex -31.6775 335.631 10
      vertex -36.2186 334.396 10
    endloop
  endfacet
  facet normal 0 0 1
    outer loop
      vertex -35.7156 335.089 10
      vertex -33.8489 335.76 10
      vertex -33.9037 335.774 10
    endloop
  endfacet
  facet normal 0 0 1
    outer loop
      vertex -27.3165 328.202 10
      vertex -30.5112 335.262 10
      vertex -38.142 329.871 10
    endloop
  endfacet
  facet normal 0 0 1
    outer loop
      vertex -29.2849 325.017 10
      vertex -38.142 329.871 10
      vertex -32.1614 323.714 10
    endloop
  endfacet
  facet normal -0 0 1
    outer loop
      vertex -81.4201 364.738 10
      vertex -81.6801 364.458 10
      vertex -78.7782 365.84 10
    endloop
  endfacet
  facet normal 0 0 1
    outer loop
      vertex -38.142 329.871 10
      vertex -38.1772 329.821 10
      vertex -32.1614 323.714 10
    endloop
  endfacet
  facet normal 0 0 1
    outer loop
      vertex -32.3442 323.331 10
      vertex -38.6872 329.341 10
      vertex -36.2609 318.94 10
    endloop
  endfacet
  facet normal 0 0 1
    outer loop
      vertex -38.6872 329.341 10
      vertex -38.8736 329.325 10
      vertex -36.2609 318.94 10
    endloop
  endfacet
  facet normal 0 0 1
    outer loop
      vertex -38.8736 329.325 10
      vertex -36.3686 318.893 10
      vertex -36.2609 318.94 10
    endloop
  endfacet
  facet normal 0 0 1
    outer loop
      vertex -41.065 330.796 10
      vertex -42.5811 331.011 10
      vertex -46.2833 327.598 10
    endloop
  endfacet
  facet normal 0 0 1
    outer loop
      vertex -36.3686 318.893 10
      vertex -38.8736 329.325 10
      vertex -46.3071 327.561 10
    endloop
  endfacet
  facet normal 0 0 1
    outer loop
      vertex -42.7095 331.148 10
      vertex -46.2833 327.598 10
      vertex -42.5811 331.011 10
    endloop
  endfacet
  facet normal 0 0 1
    outer loop
      vertex -44.3501 331.873 10
      vertex -46.2833 327.598 10
      vertex -42.7095 331.148 10
    endloop
  endfacet
  facet normal 0 0 1
    outer loop
      vertex -36.3686 318.893 10
      vertex -46.3071 327.561 10
      vertex -37.3586 317.853 10
    endloop
  endfacet
  facet normal 0 0 1
    outer loop
      vertex -42.7095 331.148 10
      vertex -43.5449 332.95 10
      vertex -44.3501 331.873 10
    endloop
  endfacet
  facet normal 0 0 1
    outer loop
      vertex -42.8581 332.95 10
      vertex -43.5449 332.95 10
      vertex -42.7095 331.148 10
    endloop
  endfacet
  facet normal 0 0 1
    outer loop
      vertex -37.3586 317.853 10
      vertex -47.5492 326.14 10
      vertex -48.9628 323.88 10
    endloop
  endfacet
  facet normal 0 0 1
    outer loop
      vertex -42.6949 313.729 10
      vertex -48.9628 323.88 10
      vertex -43.1949 313.679 10
    endloop
  endfacet
  facet normal 0 0 1
    outer loop
      vertex -48.9628 323.88 10
      vertex -48.9873 323.851 10
      vertex -43.1949 313.679 10
    endloop
  endfacet
  facet normal 0 0 1
    outer loop
      vertex -51.373 320.41 10
      vertex -44.2752 312.143 10
      vertex -43.3052 313.613 10
    endloop
  endfacet
  facet normal 0 0 1
    outer loop
      vertex -47.1107 337.657 10
      vertex -51.209 338.811 10
      vertex -52.0639 335.116 10
    endloop
  endfacet
  facet normal 0 -0 1
    outer loop
      vertex -44.9209 310.392 10
      vertex -44.2908 312.112 10
      vertex -51.373 320.41 10
    endloop
  endfacet
  facet normal 0 0 1
    outer loop
      vertex -44.9299 310.345 10
      vertex -51.373 320.41 10
      vertex -51.4629 320.442 10
    endloop
  endfacet
  facet normal 0 0 1
    outer loop
      vertex -44.9299 310.345 10
      vertex -51.4629 320.442 10
      vertex -44.9999 308.395 10
    endloop
  endfacet
  facet normal 0 0 1
    outer loop
      vertex -44.9999 308.395 10
      vertex -51.6529 320.592 10
      vertex -44.996 308.356 10
    endloop
  endfacet
  facet normal 0 0 1
    outer loop
      vertex -51.6529 320.592 10
      vertex -47.0833 294.155 10
      vertex -44.996 308.356 10
    endloop
  endfacet
  facet normal -0 0 1
    outer loop
      vertex -65.7057 337.631 10
      vertex -51.4183 322.652 10
      vertex -65.5687 337.644 10
    endloop
  endfacet
  facet normal -0 0 1
    outer loop
      vertex -65.5687 337.644 10
      vertex -54.1261 333.996 10
      vertex -64.2036 338.524 10
    endloop
  endfacet
  facet normal 0 0 1
    outer loop
      vertex -51.4183 322.652 10
      vertex -54.1261 333.996 10
      vertex -65.5687 337.644 10
    endloop
  endfacet
  facet normal 0 0 1
    outer loop
      vertex -60.1144 339.31 10
      vertex -61.8462 339.349 10
      vertex -64.2036 338.524 10
    endloop
  endfacet
  facet normal 0 0 1
    outer loop
      vertex -60.1144 339.31 10
      vertex -54.1261 333.996 10
      vertex -54.7799 336.799 10
    endloop
  endfacet
  facet normal 0 0 1
    outer loop
      vertex -52.0844 335.068 10
      vertex -52.4044 334.578 10
      vertex -47.3291 332.534 10
    endloop
  endfacet
  facet normal -0 0 1
    outer loop
      vertex -52.0844 335.068 10
      vertex -47.3291 332.534 10
      vertex -52.0639 335.116 10
    endloop
  endfacet
  facet normal 0 0 1
    outer loop
      vertex -47.5388 339.658 10
      vertex -50.0951 339.423 10
      vertex -47.1107 337.657 10
    endloop
  endfacet
  facet normal 0 0 1
    outer loop
      vertex -70.7008 355.228 10
      vertex -70.784 355.224 10
      vertex -65.8427 341.419 10
    endloop
  endfacet
  facet normal 0 0 1
    outer loop
      vertex -50.0951 339.423 10
      vertex -51.209 338.811 10
      vertex -47.1107 337.657 10
    endloop
  endfacet
  facet normal 0 0 1
    outer loop
      vertex -52.4044 334.578 10
      vertex -52.4702 334.522 10
      vertex -47.3291 332.534 10
    endloop
  endfacet
  facet normal 0 0 1
    outer loop
      vertex -52.4702 334.522 10
      vertex -48.4104 328.764 10
      vertex -47.3291 332.534 10
    endloop
  endfacet
  facet normal 0 0 1
    outer loop
      vertex -65.7541 341.468 10
      vertex -69.9404 355.5 10
      vertex -69.9808 355.478 10
    endloop
  endfacet
  facet normal 0 -0 1
    outer loop
      vertex -51.4045 322.696 10
      vertex -48.4104 328.764 10
      vertex -53.9202 333.892 10
    endloop
  endfacet
  facet normal -0 0 1
    outer loop
      vertex -53.9202 333.892 10
      vertex -48.4104 328.764 10
      vertex -52.4702 334.522 10
    endloop
  endfacet
  facet normal 0 0 1
    outer loop
      vertex -54.1261 333.996 10
      vertex -51.4045 322.696 10
      vertex -53.9202 333.892 10
    endloop
  endfacet
  facet normal 0 0 1
    outer loop
      vertex -51.4045 322.696 10
      vertex -54.1261 333.996 10
      vertex -51.4183 322.652 10
    endloop
  endfacet
  facet normal 0 0 1
    outer loop
      vertex -60.1144 339.31 10
      vertex -54.7799 336.799 10
      vertex -55.9791 338.603 10
    endloop
  endfacet
  facet normal 0 0 1
    outer loop
      vertex -60.1144 339.31 10
      vertex -64.2036 338.524 10
      vertex -54.1261 333.996 10
    endloop
  endfacet
  facet normal 0 0 1
    outer loop
      vertex -66.3057 337.871 10
      vertex -51.7083 320.732 10
      vertex -65.7057 337.631 10
    endloop
  endfacet
  facet normal 0 0 1
    outer loop
      vertex -66.3992 337.994 10
      vertex -98.8211 336.273 10
      vertex -99.2611 335.193 10
    endloop
  endfacet
  facet normal 0 0 1
    outer loop
      vertex -99.0397 340.398 10
      vertex -98.1697 344.687 10
      vertex -98.8421 342.907 10
    endloop
  endfacet
  facet normal 0 0 1
    outer loop
      vertex -93.0075 349.93 10
      vertex -93.1661 349.964 10
      vertex -98.1609 344.756 10
    endloop
  endfacet
  facet normal 0 0 1
    outer loop
      vertex -101.008 355.969 10
      vertex -102.435 353.376 10
      vertex -100.716 353.478 10
    endloop
  endfacet
  facet normal 0 0 1
    outer loop
      vertex -85.06 355.6 10
      vertex -91.7861 351.332 10
      vertex -91.78 351.294 10
    endloop
  endfacet
  facet normal 0 0 1
    outer loop
      vertex -82.59 364.49 10
      vertex -83.7315 365.035 10
      vertex -84.4638 363.447 10
    endloop
  endfacet
  facet normal -0 0 1
    outer loop
      vertex -84.5115 363.389 10
      vertex -84.3172 359.289 10
      vertex -81.8005 364.41 10
    endloop
  endfacet
  facet normal 0 0 1
    outer loop
      vertex -66.2727 340.929 10
      vertex -70.784 355.224 10
      vertex -71.214 355.324 10
    endloop
  endfacet
  facet normal 0 0 1
    outer loop
      vertex -65.8427 341.419 10
      vertex -70.784 355.224 10
      vertex -66.2727 340.929 10
    endloop
  endfacet
  facet normal 0 0 1
    outer loop
      vertex -65.7541 341.468 10
      vertex -70.7008 355.228 10
      vertex -65.8427 341.419 10
    endloop
  endfacet
  facet normal 0 0 1
    outer loop
      vertex -69.9808 355.478 10
      vertex -70.7008 355.228 10
      vertex -65.7541 341.468 10
    endloop
  endfacet
  facet normal 0 0 1
    outer loop
      vertex -60.0173 356.851 10
      vertex -61.6286 357.038 10
      vertex -62.5207 356.795 10
    endloop
  endfacet
  facet normal 0 0 1
    outer loop
      vertex -58.0492 357.396 10
      vertex -59.9592 356.856 10
      vertex -54.5244 353.509 10
    endloop
  endfacet
  facet normal 0 0 1
    outer loop
      vertex -52.6067 352.366 10
      vertex -53.0687 343.536 10
      vertex -51.4407 344.144 10
    endloop
  endfacet
  facet normal 0 0 1
    outer loop
      vertex -48.1782 347.844 10
      vertex -50.1429 351.851 10
      vertex -50.0484 345.127 10
    endloop
  endfacet
  facet normal 0 0 1
    outer loop
      vertex -47.975 348.601 10
      vertex -48.3354 350.033 10
      vertex -48.1782 347.844 10
    endloop
  endfacet
  facet normal 0 0 1
    outer loop
      vertex -48.3354 350.033 10
      vertex -50.1429 351.851 10
      vertex -48.1782 347.844 10
    endloop
  endfacet
  facet normal 0 0 1
    outer loop
      vertex -50.1429 351.851 10
      vertex -52.0247 352.542 10
      vertex -52.6067 352.366 10
    endloop
  endfacet
  facet normal 0 0 1
    outer loop
      vertex -50.1429 351.851 10
      vertex -52.6067 352.366 10
      vertex -50.0484 345.127 10
    endloop
  endfacet
  facet normal 0 0 1
    outer loop
      vertex -52.6067 352.366 10
      vertex -51.4407 344.144 10
      vertex -50.0484 345.127 10
    endloop
  endfacet
  facet normal 0 0 1
    outer loop
      vertex -52.7881 352.451 10
      vertex -53.0687 343.536 10
      vertex -52.6067 352.366 10
    endloop
  endfacet
  facet normal 0 0 1
    outer loop
      vertex -53.2588 353.562 10
      vertex -54.3214 353.412 10
      vertex -52.7881 352.451 10
    endloop
  endfacet
  facet normal 0 0 1
    outer loop
      vertex -53.7073 353.672 10
      vertex -54.3214 353.412 10
      vertex -53.2588 353.562 10
    endloop
  endfacet
  facet normal 0 0 1
    outer loop
      vertex -54.3214 353.412 10
      vertex -53.0687 343.536 10
      vertex -52.7881 352.451 10
    endloop
  endfacet
  facet normal 0 0 1
    outer loop
      vertex -54.5244 353.509 10
      vertex -53.0687 343.536 10
      vertex -54.3214 353.412 10
    endloop
  endfacet
  facet normal 0 0 1
    outer loop
      vertex -65.7541 341.468 10
      vertex -53.0687 343.536 10
      vertex -54.5244 353.509 10
    endloop
  endfacet
  facet normal -0 0 1
    outer loop
      vertex -58.0206 357.407 10
      vertex -54.5244 353.509 10
      vertex -55.9245 358.501 10
    endloop
  endfacet
  facet normal -0 0 1
    outer loop
      vertex -58.0492 357.396 10
      vertex -54.5244 353.509 10
      vertex -58.0206 357.407 10
    endloop
  endfacet
  facet normal 0 0 1
    outer loop
      vertex -59.9592 356.856 10
      vertex -60.0173 356.851 10
      vertex -54.5244 353.509 10
    endloop
  endfacet
  facet normal 0 0 1
    outer loop
      vertex -68.2566 366.931 10
      vertex -70.1129 357.548 10
      vertex -66.9252 358.809 10
    endloop
  endfacet
  facet normal 0 0 1
    outer loop
      vertex -60.0173 356.851 10
      vertex -62.5207 356.795 10
      vertex -54.5244 353.509 10
    endloop
  endfacet
  facet normal 0 0 1
    outer loop
      vertex -54.5244 353.509 10
      vertex -62.5207 356.795 10
      vertex -65.7541 341.468 10
    endloop
  endfacet
  facet normal 0 0 1
    outer loop
      vertex -62.5207 356.795 10
      vertex -62.6042 356.797 10
      vertex -65.7541 341.468 10
    endloop
  endfacet
  facet normal 0 0 1
    outer loop
      vertex -69.9404 355.5 10
      vertex -64.8592 357.492 10
      vertex -67.4497 357.355 10
    endloop
  endfacet
  facet normal 0 0 1
    outer loop
      vertex -64.8592 357.492 10
      vertex -66.5723 357.648 10
      vertex -67.4497 357.355 10
    endloop
  endfacet
  facet normal 0 0 1
    outer loop
      vertex -62.6042 356.797 10
      vertex -64.8592 357.492 10
      vertex -69.9404 355.5 10
    endloop
  endfacet
  facet normal 0 0 1
    outer loop
      vertex -62.6042 356.797 10
      vertex -69.9404 355.5 10
      vertex -65.7541 341.468 10
    endloop
  endfacet
  facet normal 0 0 1
    outer loop
      vertex -66.2727 340.929 10
      vertex -71.214 355.324 10
      vertex -66.3067 340.861 10
    endloop
  endfacet
  facet normal 0 0 1
    outer loop
      vertex -84.1559 358.782 10
      vertex -84.152 358.716 10
      vertex -71.2398 357.347 10
    endloop
  endfacet
  facet normal 0 0 1
    outer loop
      vertex -84.7715 363.199 10
      vertex -85.5073 360.646 10
      vertex -84.3172 359.289 10
    endloop
  endfacet
  facet normal -0 0 1
    outer loop
      vertex -85.96 362.004 10
      vertex -85.5073 360.646 10
      vertex -84.7715 363.199 10
    endloop
  endfacet
  facet normal 0 0 1
    outer loop
      vertex -78.7782 365.84 10
      vertex -81.2219 365.811 10
      vertex -81.3819 364.816 10
    endloop
  endfacet
  facet normal -0 0 1
    outer loop
      vertex -75.8432 365.64 10
      vertex -71.2398 357.347 10
      vertex -75.1832 365.67 10
    endloop
  endfacet
  facet normal -0 0 1
    outer loop
      vertex -75.1832 365.67 10
      vertex -71.0989 357.49 10
      vertex -75.0862 365.712 10
    endloop
  endfacet
  facet normal 0 0 1
    outer loop
      vertex -71.0989 357.49 10
      vertex -73.267 367.049 10
      vertex -75.0862 365.712 10
    endloop
  endfacet
  facet normal 0 -0 1
    outer loop
      vertex -71.2398 357.347 10
      vertex -71.0989 357.49 10
      vertex -75.1832 365.67 10
    endloop
  endfacet
  facet normal 0 0 1
    outer loop
      vertex -63.4154 363.864 10
      vertex -66.8905 358.819 10
      vertex -63.3497 363.818 10
    endloop
  endfacet
  facet normal 0 0 1
    outer loop
      vertex -66.6214 366.372 10
      vertex -66.9252 358.809 10
      vertex -66.8905 358.819 10
    endloop
  endfacet
  facet normal 0 0 1
    outer loop
      vertex -66.8905 358.819 10
      vertex -60.1486 362.695 10
      vertex -63.3497 363.818 10
    endloop
  endfacet
  facet normal 0 0 1
    outer loop
      vertex -122.899 343.48 10
      vertex -123.164 343.24 10
      vertex -123.294 342.676 10
    endloop
  endfacet
  facet normal 0 0 1
    outer loop
      vertex -57.7705 361.054 10
      vertex -57.6872 360.293 10
      vertex -57.4957 360.617 10
    endloop
  endfacet
  facet normal 0 0 1
    outer loop
      vertex -58.226 360.015 10
      vertex -57.6872 360.293 10
      vertex -57.7705 361.054 10
    endloop
  endfacet
  facet normal 0 -0 1
    outer loop
      vertex -58.226 360.015 10
      vertex -57.7705 361.054 10
      vertex -60.1486 362.695 10
    endloop
  endfacet
  facet normal 0 0 1
    outer loop
      vertex -58.226 360.015 10
      vertex -60.1486 362.695 10
      vertex -66.8905 358.819 10
    endloop
  endfacet
  facet normal 0 0 1
    outer loop
      vertex -64.5275 365.203 10
      vertex -66.8905 358.819 10
      vertex -63.4154 363.864 10
    endloop
  endfacet
  facet normal 0 0 1
    outer loop
      vertex -66.6214 366.372 10
      vertex -66.8905 358.819 10
      vertex -64.5275 365.203 10
    endloop
  endfacet
  facet normal 0 0 1
    outer loop
      vertex -68.2566 366.931 10
      vertex -66.9252 358.809 10
      vertex -66.6214 366.372 10
    endloop
  endfacet
  facet normal 0 0 1
    outer loop
      vertex -73.267 367.049 10
      vertex -70.1129 357.548 10
      vertex -68.2566 366.931 10
    endloop
  endfacet
  facet normal 0 -0 1
    outer loop
      vertex -71.0989 357.49 10
      vertex -70.1129 357.548 10
      vertex -73.267 367.049 10
    endloop
  endfacet
  facet normal 0 0 1
    outer loop
      vertex -75.0862 365.712 10
      vertex -73.267 367.049 10
      vertex -74.1331 366.626 10
    endloop
  endfacet
  facet normal 0 0 1
    outer loop
      vertex -77.082 366.476 10
      vertex -78.0497 366.018 10
      vertex -75.9365 365.667 10
    endloop
  endfacet
  facet normal -0 0 1
    outer loop
      vertex -77.5873 366.435 10
      vertex -78.0497 366.018 10
      vertex -77.082 366.476 10
    endloop
  endfacet
  facet normal 0 0 1
    outer loop
      vertex -78.0497 366.018 10
      vertex -78.1175 365.984 10
      vertex -75.9365 365.667 10
    endloop
  endfacet
  facet normal 0 0 1
    outer loop
      vertex -78.1175 365.984 10
      vertex -78.7475 365.844 10
      vertex -75.9365 365.667 10
    endloop
  endfacet
  facet normal 0 0 1
    outer loop
      vertex -81.6801 364.458 10
      vertex -78.7475 365.844 10
      vertex -78.7782 365.84 10
    endloop
  endfacet
  facet normal 0 0 1
    outer loop
      vertex -78.7782 365.84 10
      vertex -81.3819 364.816 10
      vertex -81.4201 364.738 10
    endloop
  endfacet
  facet normal 0 0 1
    outer loop
      vertex -81.6801 364.458 10
      vertex -75.9365 365.667 10
      vertex -78.7475 365.844 10
    endloop
  endfacet
  facet normal 0 0 1
    outer loop
      vertex -75.8432 365.64 10
      vertex -75.9365 365.667 10
      vertex -81.6801 364.458 10
    endloop
  endfacet
  facet normal 0 0 1
    outer loop
      vertex -75.8432 365.64 10
      vertex -81.6801 364.458 10
      vertex -84.1559 358.782 10
    endloop
  endfacet
  facet normal -0 0 1
    outer loop
      vertex -84.3172 359.289 10
      vertex -84.2859 359.232 10
      vertex -81.8005 364.41 10
    endloop
  endfacet
  facet normal 0 0 1
    outer loop
      vertex -81.8005 364.41 10
      vertex -82.5105 364.46 10
      vertex -84.4638 363.447 10
    endloop
  endfacet
  facet normal 0 0 1
    outer loop
      vertex -82.5105 364.46 10
      vertex -82.59 364.49 10
      vertex -84.4638 363.447 10
    endloop
  endfacet
  facet normal 0 0 1
    outer loop
      vertex -81.8005 364.41 10
      vertex -84.4638 363.447 10
      vertex -84.5115 363.389 10
    endloop
  endfacet
  facet normal 0 0 1
    outer loop
      vertex -83.3462 365.057 10
      vertex -83.7315 365.035 10
      vertex -82.59 364.49 10
    endloop
  endfacet
  facet normal 0 0 1
    outer loop
      vertex -85.96 362.004 10
      vertex -84.9052 363.177 10
      vertex -85.96 362.682 10
    endloop
  endfacet
  facet normal 0 0 1
    outer loop
      vertex -84.7715 363.199 10
      vertex -84.9052 363.177 10
      vertex -85.96 362.004 10
    endloop
  endfacet
  facet normal 0 0 1
    outer loop
      vertex -84.3172 359.289 10
      vertex -84.5115 363.389 10
      vertex -84.7715 363.199 10
    endloop
  endfacet
  facet normal 0 0 1
    outer loop
      vertex -84.2859 359.232 10
      vertex -81.6801 364.458 10
      vertex -81.8005 364.41 10
    endloop
  endfacet
  facet normal 0 0 1
    outer loop
      vertex -84.9052 363.177 10
      vertex -85.5771 363.39 10
      vertex -85.96 362.682 10
    endloop
  endfacet
  facet normal 0 -0 1
    outer loop
      vertex -84.1559 358.782 10
      vertex -81.6801 364.458 10
      vertex -84.2859 359.232 10
    endloop
  endfacet
  facet normal 0 0 1
    outer loop
      vertex -71.2398 357.347 10
      vertex -75.8432 365.64 10
      vertex -84.1559 358.782 10
    endloop
  endfacet
  facet normal 0 -0 1
    outer loop
      vertex -71.3298 355.477 10
      vertex -71.2398 357.347 10
      vertex -84.152 358.716 10
    endloop
  endfacet
  facet normal -0 0 1
    outer loop
      vertex -91.8705 357.5 10
      vertex -92.0473 351.946 10
      vertex -91.6415 357.562 10
    endloop
  endfacet
  facet normal -0 -0 1
    outer loop
      vertex -100.05 353.85 10
      vertex -99.4598 353.81 10
      vertex -100.79 356.015 10
    endloop
  endfacet
  facet normal 0 0 1
    outer loop
      vertex -91.6415 357.562 10
      vertex -87.4926 359.454 10
      vertex -90.2873 360.818 10
    endloop
  endfacet
  facet normal 0 0 1
    outer loop
      vertex -71.3298 355.477 10
      vertex -84.642 355.726 10
      vertex -71.214 355.324 10
    endloop
  endfacet
  facet normal 0 0 1
    outer loop
      vertex -84.642 355.726 10
      vertex -84.79 355.6 10
      vertex -71.214 355.324 10
    endloop
  endfacet
  facet normal 0 0 1
    outer loop
      vertex -71.3298 355.477 10
      vertex -84.152 358.716 10
      vertex -84.642 355.726 10
    endloop
  endfacet
  facet normal 0 -0 1
    outer loop
      vertex -100.138 353.828 10
      vertex -100.05 353.85 10
      vertex -100.79 356.015 10
    endloop
  endfacet
  facet normal 0 0 1
    outer loop
      vertex -84.79 355.6 10
      vertex -66.3067 340.861 10
      vertex -71.214 355.324 10
    endloop
  endfacet
  facet normal 0 -0 1
    outer loop
      vertex -66.5668 339.631 10
      vertex -66.3067 340.861 10
      vertex -84.79 355.6 10
    endloop
  endfacet
  facet normal -0 0 1
    outer loop
      vertex -91.9361 351.842 10
      vertex -91.7861 351.332 10
      vertex -85.1971 355.689 10
    endloop
  endfacet
  facet normal 0 0 1
    outer loop
      vertex -85.1971 355.689 10
      vertex -91.7861 351.332 10
      vertex -85.06 355.6 10
    endloop
  endfacet
  facet normal -0 0 1
    outer loop
      vertex -91.6415 357.562 10
      vertex -85.1971 355.689 10
      vertex -86.6282 358.907 10
    endloop
  endfacet
  facet normal -0 -0 1
    outer loop
      vertex -99.4598 353.81 10
      vertex -99.4137 353.799 10
      vertex -100.79 356.015 10
    endloop
  endfacet
  facet normal 0 0 1
    outer loop
      vertex -86.6282 358.907 10
      vertex -87.4487 359.412 10
      vertex -91.6415 357.562 10
    endloop
  endfacet
  facet normal 0 0 1
    outer loop
      vertex -90.2873 360.818 10
      vertex -88.7448 361.228 10
      vertex -89.6365 361.777 10
    endloop
  endfacet
  facet normal 0 0 1
    outer loop
      vertex -87.4926 359.454 10
      vertex -88.7448 361.228 10
      vertex -90.2873 360.818 10
    endloop
  endfacet
  facet normal 0 0 1
    outer loop
      vertex -87.4487 359.412 10
      vertex -87.4926 359.454 10
      vertex -91.6415 357.562 10
    endloop
  endfacet
  facet normal 0 0 1
    outer loop
      vertex -100.138 353.828 10
      vertex -100.79 356.015 10
      vertex -101.008 355.969 10
    endloop
  endfacet
  facet normal 0 0 1
    outer loop
      vertex -100.152 357.115 10
      vertex -100.79 356.015 10
      vertex -99.4137 353.799 10
    endloop
  endfacet
  facet normal 0 0 1
    outer loop
      vertex -98.1237 358.365 10
      vertex -93.0205 358.37 10
      vertex -93.0575 358.411 10
    endloop
  endfacet
  facet normal 0 0 1
    outer loop
      vertex -98.1237 358.365 10
      vertex -93.0575 358.411 10
      vertex -94.0104 359.947 10
    endloop
  endfacet
  facet normal 0 0 1
    outer loop
      vertex -100.138 353.828 10
      vertex -101.008 355.969 10
      vertex -100.716 353.478 10
    endloop
  endfacet
  facet normal 0 0 1
    outer loop
      vertex -94.0104 359.947 10
      vertex -95.5505 360.519 10
      vertex -98.1237 358.365 10
    endloop
  endfacet
  facet normal -0 0 1
    outer loop
      vertex -99.4137 353.799 10
      vertex -98.2651 353.334 10
      vertex -99.1629 358.017 10
    endloop
  endfacet
  facet normal -0 0 1
    outer loop
      vertex -85.06 355.6 10
      vertex -91.76 350.504 10
      vertex -84.79 355.6 10
    endloop
  endfacet
  facet normal 0 0 1
    outer loop
      vertex -101.008 355.969 10
      vertex -102.074 356.744 10
      vertex -103.119 354.908 10
    endloop
  endfacet
  facet normal 0 0 1
    outer loop
      vertex -102.495 356.78 10
      vertex -103.119 354.908 10
      vertex -102.074 356.744 10
    endloop
  endfacet
  facet normal 0 0 1
    outer loop
      vertex -93.0075 349.93 10
      vertex -98.1609 344.756 10
      vertex -98.1697 344.687 10
    endloop
  endfacet
  facet normal 0 0 1
    outer loop
      vertex -66.3057 337.871 10
      vertex -66.3992 337.994 10
      vertex -99.2611 335.193 10
    endloop
  endfacet
  facet normal 0 0 1
    outer loop
      vertex -99.4787 335.122 10
      vertex -47.0894 293.994 10
      vertex -47.0833 294.155 10
    endloop
  endfacet
  facet normal 0 0 1
    outer loop
      vertex -100.729 335.892 10
      vertex -110.306 336.952 10
      vertex -99.4787 335.122 10
    endloop
  endfacet
  facet normal 0 0 1
    outer loop
      vertex -111.222 346.341 10
      vertex -112.889 346.369 10
      vertex -113.041 345.002 10
    endloop
  endfacet
  facet normal 0 0 1
    outer loop
      vertex -94.8124 350.993 10
      vertex -100.118 351.754 10
      vertex -98.9362 347.775 10
    endloop
  endfacet
  facet normal 0 0 1
    outer loop
      vertex -94.8124 350.993 10
      vertex -98.3639 346.543 10
      vertex -93.1661 349.964 10
    endloop
  endfacet
  facet normal 0 -0 1
    outer loop
      vertex -98.2651 353.334 10
      vertex -98.1738 358.337 10
      vertex -99.1629 358.017 10
    endloop
  endfacet
  facet normal -0 0 1
    outer loop
      vertex -100.152 357.115 10
      vertex -99.4137 353.799 10
      vertex -99.1629 358.017 10
    endloop
  endfacet
  facet normal 0 0 1
    outer loop
      vertex -91.8705 357.5 10
      vertex -93.0205 358.37 10
      vertex -98.2651 353.334 10
    endloop
  endfacet
  facet normal 0 0 1
    outer loop
      vertex -98.1237 358.365 10
      vertex -98.1738 358.337 10
      vertex -98.2651 353.334 10
    endloop
  endfacet
  facet normal -0 0 1
    outer loop
      vertex -98.2651 353.334 10
      vertex -92.0473 351.946 10
      vertex -91.8705 357.5 10
    endloop
  endfacet
  facet normal -0 0 1
    outer loop
      vertex -92.0473 351.946 10
      vertex -91.9361 351.842 10
      vertex -91.6415 357.562 10
    endloop
  endfacet
  facet normal 0 0 1
    outer loop
      vertex -85.06 355.6 10
      vertex -91.78 351.294 10
      vertex -91.76 350.504 10
    endloop
  endfacet
  facet normal 0 0 1
    outer loop
      vertex -91.9361 351.842 10
      vertex -85.1971 355.689 10
      vertex -91.6415 357.562 10
    endloop
  endfacet
  facet normal 0 0 1
    outer loop
      vertex -84.79 355.6 10
      vertex -91.76 350.504 10
      vertex -91.8575 350.359 10
    endloop
  endfacet
  facet normal 0 0 1
    outer loop
      vertex -84.79 355.6 10
      vertex -91.8575 350.359 10
      vertex -66.5668 339.631 10
    endloop
  endfacet
  facet normal 0 0 1
    outer loop
      vertex -91.8575 350.359 10
      vertex -66.3992 337.994 10
      vertex -66.5692 339.584 10
    endloop
  endfacet
  facet normal 0 -0 1
    outer loop
      vertex -98.1609 344.756 10
      vertex -93.1661 349.964 10
      vertex -98.3509 346.496 10
    endloop
  endfacet
  facet normal 0 -0 1
    outer loop
      vertex -98.3509 346.496 10
      vertex -93.1661 349.964 10
      vertex -98.3639 346.543 10
    endloop
  endfacet
  facet normal 0 0 1
    outer loop
      vertex -94.8124 350.993 10
      vertex -98.9362 347.775 10
      vertex -98.9239 347.753 10
    endloop
  endfacet
  facet normal 0 0 1
    outer loop
      vertex -100.118 351.754 10
      vertex -101.081 350.908 10
      vertex -98.9362 347.775 10
    endloop
  endfacet
  facet normal 0 0 1
    outer loop
      vertex -93.9294 350.727 10
      vertex -94.8124 350.993 10
      vertex -93.1661 349.964 10
    endloop
  endfacet
  facet normal 0 -0 1
    outer loop
      vertex -98.3639 346.543 10
      vertex -94.8124 350.993 10
      vertex -98.9239 347.753 10
    endloop
  endfacet
  facet normal -0 0 1
    outer loop
      vertex -101.088 351.157 10
      vertex -101.081 350.908 10
      vertex -100.118 351.754 10
    endloop
  endfacet
  facet normal -0 0 1
    outer loop
      vertex -99.0397 340.398 10
      vertex -98.8102 336.338 10
      vertex -91.8575 350.359 10
    endloop
  endfacet
  facet normal 0 -0 1
    outer loop
      vertex -48.4767 284.651 10
      vertex -47.0894 293.994 10
      vertex -99.4787 335.122 10
    endloop
  endfacet
  facet normal 0 0 1
    outer loop
      vertex -99.0397 340.398 10
      vertex -91.8575 350.359 10
      vertex -98.1697 344.687 10
    endloop
  endfacet
  facet normal 0 0 1
    outer loop
      vertex -98.8102 336.338 10
      vertex -66.3992 337.994 10
      vertex -91.8575 350.359 10
    endloop
  endfacet
  facet normal 0 0 1
    outer loop
      vertex -98.8211 336.273 10
      vertex -66.3992 337.994 10
      vertex -98.8102 336.338 10
    endloop
  endfacet
  facet normal 0 0 1
    outer loop
      vertex -51.7083 320.732 10
      vertex -66.3057 337.871 10
      vertex -99.2611 335.193 10
    endloop
  endfacet
  facet normal 0 0 1
    outer loop
      vertex -51.6529 320.592 10
      vertex -99.2611 335.193 10
      vertex -47.0833 294.155 10
    endloop
  endfacet
  facet normal 0 0 1
    outer loop
      vertex -132.013 265.872 10
      vertex -144.94 303.127 10
      vertex -135.883 268.622 10
    endloop
  endfacet
  facet normal 0 0 1
    outer loop
      vertex -99.4787 335.122 10
      vertex -118.868 333.252 10
      vertex -119.012 333.15 10
    endloop
  endfacet
  facet normal 0 0 1
    outer loop
      vertex -110.306 336.952 10
      vertex -100.729 335.892 10
      vertex -100.773 335.935 10
    endloop
  endfacet
  facet normal 0 0 1
    outer loop
      vertex -100.773 335.935 10
      vertex -103.7 340.175 10
      vertex -109.97 337.33 10
    endloop
  endfacet
  facet normal -0 0 1
    outer loop
      vertex -110.306 336.952 10
      vertex -100.773 335.935 10
      vertex -110.21 337.01 10
    endloop
  endfacet
  facet normal 0 0 1
    outer loop
      vertex -103.7 340.175 10
      vertex -109.961 337.496 10
      vertex -109.97 337.33 10
    endloop
  endfacet
  facet normal 0 0 1
    outer loop
      vertex -105.353 341.422 10
      vertex -109.961 337.496 10
      vertex -105.33 341.4 10
    endloop
  endfacet
  facet normal -0 0 1
    outer loop
      vertex -111.854 340.725 10
      vertex -109.961 337.496 10
      vertex -105.353 341.422 10
    endloop
  endfacet
  facet normal 0 0 1
    outer loop
      vertex -111.222 346.341 10
      vertex -113.041 345.002 10
      vertex -112.555 342.611 10
    endloop
  endfacet
  facet normal 0 0 1
    outer loop
      vertex -112.889 346.369 10
      vertex -113.152 346.21 10
      vertex -113.041 345.002 10
    endloop
  endfacet
  facet normal 0 0 1
    outer loop
      vertex -108.671 345.236 10
      vertex -111.222 346.341 10
      vertex -112.555 342.611 10
    endloop
  endfacet
  facet normal 0 0 1
    outer loop
      vertex -108.671 345.236 10
      vertex -112.555 342.611 10
      vertex -111.854 340.725 10
    endloop
  endfacet
  facet normal 0 0 1
    outer loop
      vertex -108.671 345.236 10
      vertex -111.854 340.725 10
      vertex -105.353 341.422 10
    endloop
  endfacet
  facet normal -0 0 1
    outer loop
      vertex -117.728 336.632 10
      vertex -118.868 333.252 10
      vertex -113.235 336.994 10
    endloop
  endfacet
  facet normal 0 0 1
    outer loop
      vertex -111.914 337.127 10
      vertex -113.073 336.912 10
      vertex -110.855 336.874 10
    endloop
  endfacet
  facet normal -0 0 1
    outer loop
      vertex -126.21 330.423 10
      vertex -125.67 328.983 10
      vertex -119.16 333.295 10
    endloop
  endfacet
  facet normal 0 0 1
    outer loop
      vertex -110.855 336.874 10
      vertex -113.073 336.912 10
      vertex -118.868 333.252 10
    endloop
  endfacet
  facet normal 0 0 1
    outer loop
      vertex -105.33 341.4 10
      vertex -109.961 337.496 10
      vertex -103.7 340.175 10
    endloop
  endfacet
  facet normal -0 0 1
    outer loop
      vertex -110.796 336.872 10
      vertex -99.4787 335.122 10
      vertex -110.306 336.952 10
    endloop
  endfacet
  facet normal -0 0 1
    outer loop
      vertex -110.21 337.01 10
      vertex -100.773 335.935 10
      vertex -109.97 337.33 10
    endloop
  endfacet
  facet normal 0 0 1
    outer loop
      vertex -118.868 333.252 10
      vertex -113.073 336.912 10
      vertex -113.235 336.994 10
    endloop
  endfacet
  facet normal 0 0 1
    outer loop
      vertex -110.796 336.872 10
      vertex -110.855 336.874 10
      vertex -118.868 333.252 10
    endloop
  endfacet
  facet normal 0 0 1
    outer loop
      vertex -110.796 336.872 10
      vertex -118.868 333.252 10
      vertex -99.4787 335.122 10
    endloop
  endfacet
  facet normal 0 0 1
    outer loop
      vertex -119.16 333.295 10
      vertex -125.67 328.983 10
      vertex -119.012 333.15 10
    endloop
  endfacet
  facet normal -0 0 1
    outer loop
      vertex -117.721 336.665 10
      vertex -117.728 336.632 10
      vertex -113.235 336.994 10
    endloop
  endfacet
  facet normal 0 0 1
    outer loop
      vertex -117.461 339.315 10
      vertex -117.721 336.665 10
      vertex -114.243 339.04 10
    endloop
  endfacet
  facet normal -0 0 1
    outer loop
      vertex -117.466 339.373 10
      vertex -117.461 339.315 10
      vertex -115.14 339.906 10
    endloop
  endfacet
  facet normal 0 -0 1
    outer loop
      vertex -117.466 339.373 10
      vertex -115.14 339.906 10
      vertex -117.849 340.648 10
    endloop
  endfacet
  facet normal 0 0 1
    outer loop
      vertex -117.461 339.315 10
      vertex -115.114 339.872 10
      vertex -115.14 339.906 10
    endloop
  endfacet
  facet normal 0 0 1
    outer loop
      vertex -117.367 343.81 10
      vertex -117.687 343.81 10
      vertex -117.849 340.648 10
    endloop
  endfacet
  facet normal 0 0 1
    outer loop
      vertex -117.367 343.81 10
      vertex -117.849 340.648 10
      vertex -115.14 339.906 10
    endloop
  endfacet
  facet normal 0 0 1
    outer loop
      vertex -119.16 333.295 10
      vertex -126.228 330.458 10
      vertex -126.21 330.423 10
    endloop
  endfacet
  facet normal 0 0 1
    outer loop
      vertex -125.717 328.813 10
      vertex -119.012 333.15 10
      vertex -125.67 328.983 10
    endloop
  endfacet
  facet normal 0 0 1
    outer loop
      vertex -126.43 329.087 10
      vertex -126.488 329.142 10
      vertex -136.376 325.54 10
    endloop
  endfacet
  facet normal 0 0 1
    outer loop
      vertex -117.721 336.665 10
      vertex -113.235 336.994 10
      vertex -114.243 339.04 10
    endloop
  endfacet
  facet normal -0 0 1
    outer loop
      vertex -117.461 339.315 10
      vertex -114.243 339.04 10
      vertex -115.114 339.872 10
    endloop
  endfacet
  facet normal -0 0 1
    outer loop
      vertex -119.012 333.15 10
      vertex -125.717 328.813 10
      vertex -99.4787 335.122 10
    endloop
  endfacet
  facet normal 0 0 1
    outer loop
      vertex -124.88 342.155 10
      vertex -128.432 333.509 10
      vertex -119.16 333.295 10
    endloop
  endfacet
  facet normal 0 0 1
    outer loop
      vertex -130.596 337.568 10
      vertex -131.543 338.771 10
      vertex -131.557 338.491 10
    endloop
  endfacet
  facet normal 0 0 1
    outer loop
      vertex -130.384 340.101 10
      vertex -131.543 338.771 10
      vertex -130.596 337.568 10
    endloop
  endfacet
  facet normal 0 0 1
    outer loop
      vertex -124.88 342.155 10
      vertex -124.938 342.151 10
      vertex -128.432 333.509 10
    endloop
  endfacet
  facet normal 0 0 1
    outer loop
      vertex -120.098 343.175 10
      vertex -123.294 342.676 10
      vertex -119.419 341.341 10
    endloop
  endfacet
  facet normal 0 0 1
    outer loop
      vertex -121.571 344.308 10
      vertex -120.098 343.175 10
      vertex -121.283 344.293 10
    endloop
  endfacet
  facet normal -0 0 1
    outer loop
      vertex -122.899 343.48 10
      vertex -120.098 343.175 10
      vertex -121.571 344.308 10
    endloop
  endfacet
  facet normal 0 0 1
    outer loop
      vertex -122.899 343.48 10
      vertex -123.294 342.676 10
      vertex -120.098 343.175 10
    endloop
  endfacet
  facet normal 0 0 1
    outer loop
      vertex -123.294 342.676 10
      vertex -123.4 342.565 10
      vertex -119.419 341.341 10
    endloop
  endfacet
  facet normal 0 0 1
    outer loop
      vertex -123.4 342.565 10
      vertex -124.88 342.155 10
      vertex -119.419 341.341 10
    endloop
  endfacet
  facet normal 0 0 1
    outer loop
      vertex -124.88 342.155 10
      vertex -119.16 333.295 10
      vertex -119.419 341.341 10
    endloop
  endfacet
  facet normal 0 0 1
    outer loop
      vertex -124.938 342.151 10
      vertex -125.731 342.247 10
      vertex -128.197 341.304 10
    endloop
  endfacet
  facet normal 0 0 1
    outer loop
      vertex -130.568 337.53 10
      vertex -128.197 341.304 10
      vertex -130.384 340.101 10
    endloop
  endfacet
  facet normal 0 0 1
    outer loop
      vertex -130.384 340.101 10
      vertex -130.596 337.568 10
      vertex -130.568 337.53 10
    endloop
  endfacet
  facet normal 0 0 1
    outer loop
      vertex -128.197 341.304 10
      vertex -130.568 337.53 10
      vertex -128.432 333.509 10
    endloop
  endfacet
  facet normal 0 0 1
    outer loop
      vertex -135.776 327.69 10
      vertex -126.488 329.142 10
      vertex -135.771 327.718 10
    endloop
  endfacet
  facet normal 0 0 1
    outer loop
      vertex -136.376 325.54 10
      vertex -126.488 329.142 10
      vertex -135.776 327.69 10
    endloop
  endfacet
  facet normal -0 0 1
    outer loop
      vertex -135.859 334.709 10
      vertex -129.967 333.78 10
      vertex -131.847 336.768 10
    endloop
  endfacet
  facet normal 0 0 1
    outer loop
      vertex -139.991 321.977 10
      vertex -136.445 325.45 10
      vertex -136.895 325.19 10
    endloop
  endfacet
  facet normal -0 0 1
    outer loop
      vertex -128.197 341.304 10
      vertex -128.432 333.509 10
      vertex -124.938 342.151 10
    endloop
  endfacet
  facet normal 0 0 1
    outer loop
      vertex -128.432 333.509 10
      vertex -126.228 330.458 10
      vertex -119.16 333.295 10
    endloop
  endfacet
  facet normal 0 0 1
    outer loop
      vertex -126.43 329.087 10
      vertex -136.376 325.54 10
      vertex -125.88 328.797 10
    endloop
  endfacet
  facet normal -0 0 1
    outer loop
      vertex -136.445 325.45 10
      vertex -142.517 311.579 10
      vertex -125.88 328.797 10
    endloop
  endfacet
  facet normal 0 0 1
    outer loop
      vertex -126.488 329.142 10
      vertex -127.911 331.49 10
      vertex -135.771 327.718 10
    endloop
  endfacet
  facet normal 0 0 1
    outer loop
      vertex -125.88 328.797 10
      vertex -136.376 325.54 10
      vertex -136.445 325.45 10
    endloop
  endfacet
  facet normal 0 0 1
    outer loop
      vertex -135.63 329.426 10
      vertex -127.911 331.49 10
      vertex -129.952 333.76 10
    endloop
  endfacet
  facet normal 0 0 1
    outer loop
      vertex -135.631 329.408 10
      vertex -127.911 331.49 10
      vertex -135.63 329.426 10
    endloop
  endfacet
  facet normal 0 0 1
    outer loop
      vertex -135.859 334.709 10
      vertex -131.847 336.768 10
      vertex -135.084 336.346 10
    endloop
  endfacet
  facet normal 0 0 1
    outer loop
      vertex -129.967 333.78 10
      vertex -135.859 334.709 10
      vertex -135.63 329.426 10
    endloop
  endfacet
  facet normal 0 0 1
    outer loop
      vertex -131.847 336.768 10
      vertex -133.147 337.503 10
      vertex -135.084 336.346 10
    endloop
  endfacet
  facet normal 0 0 1
    outer loop
      vertex -133.147 337.503 10
      vertex -134.213 337.311 10
      vertex -135.084 336.346 10
    endloop
  endfacet
  facet normal 0 0 1
    outer loop
      vertex -135.63 329.426 10
      vertex -129.952 333.76 10
      vertex -129.967 333.78 10
    endloop
  endfacet
  facet normal -0 0 1
    outer loop
      vertex -135.631 329.408 10
      vertex -135.771 327.718 10
      vertex -127.911 331.49 10
    endloop
  endfacet
  facet normal 0 0 1
    outer loop
      vertex -139.991 321.977 10
      vertex -136.895 325.19 10
      vertex -139.912 322.135 10
    endloop
  endfacet
  facet normal -0 0 1
    outer loop
      vertex -145.75 319.196 10
      vertex -143.097 312.129 10
      vertex -139.991 321.977 10
    endloop
  endfacet
  facet normal 0 0 1
    outer loop
      vertex -145.782 319.156 10
      vertex -147.372 317.793 10
      vertex -143.281 312.146 10
    endloop
  endfacet
  facet normal 0 0 1
    outer loop
      vertex -148.856 315.16 10
      vertex -149.187 313.077 10
      vertex -147.592 311.354 10
    endloop
  endfacet
  facet normal 0 0 1
    outer loop
      vertex -136.895 325.19 10
      vertex -137.062 325.201 10
      vertex -139.912 322.135 10
    endloop
  endfacet
  facet normal 0 0 1
    outer loop
      vertex -148.856 315.16 10
      vertex -145.33 311.34 10
      vertex -143.281 312.146 10
    endloop
  endfacet
  facet normal -0 0 1
    outer loop
      vertex -140.369 324.868 10
      vertex -139.912 322.135 10
      vertex -137.062 325.201 10
    endloop
  endfacet
  facet normal 0 0 1
    outer loop
      vertex -140.369 324.868 10
      vertex -137.062 325.201 10
      vertex -138.507 326.323 10
    endloop
  endfacet
  facet normal 0 0 1
    outer loop
      vertex -140.322 325.679 10
      vertex -138.507 326.323 10
      vertex -139.871 326.545 10
    endloop
  endfacet
  facet normal 0 0 1
    outer loop
      vertex -138.507 326.323 10
      vertex -139.752 326.645 10
      vertex -139.871 326.545 10
    endloop
  endfacet
  facet normal 0 0 1
    outer loop
      vertex -140.369 324.868 10
      vertex -138.507 326.323 10
      vertex -140.322 325.679 10
    endloop
  endfacet
  facet normal 0 0 1
    outer loop
      vertex -147.669 311.37 10
      vertex -148.882 311.847 10
      vertex -148.47 311.324 10
    endloop
  endfacet
  facet normal 0 0 1
    outer loop
      vertex -149.187 313.077 10
      vertex -148.882 311.847 10
      vertex -147.669 311.37 10
    endloop
  endfacet
  facet normal 0 0 1
    outer loop
      vertex -149.187 313.077 10
      vertex -147.669 311.37 10
      vertex -147.592 311.354 10
    endloop
  endfacet
  facet normal 0 0 1
    outer loop
      vertex -145.409 311.31 10
      vertex -147.592 311.354 10
      vertex -146.265 310.676 10
    endloop
  endfacet
  facet normal 0 0 1
    outer loop
      vertex -139.991 321.977 10
      vertex -140.193 322.04 10
      vertex -145.75 319.196 10
    endloop
  endfacet
  facet normal 0 0 1
    outer loop
      vertex -140.193 322.04 10
      vertex -143.263 323.554 10
      vertex -145.75 319.196 10
    endloop
  endfacet
  facet normal 0 0 1
    outer loop
      vertex -148.856 315.16 10
      vertex -147.592 311.354 10
      vertex -145.409 311.31 10
    endloop
  endfacet
  facet normal -0 0 1
    outer loop
      vertex -143.263 323.554 10
      vertex -140.193 322.04 10
      vertex -141.102 323.78 10
    endloop
  endfacet
  facet normal 0 0 1
    outer loop
      vertex -143.263 323.554 10
      vertex -141.102 323.78 10
      vertex -141.632 324.31 10
    endloop
  endfacet
  facet normal 0 0 1
    outer loop
      vertex -144.932 303.157 10
      vertex -125.717 328.813 10
      vertex -142.546 311.339 10
    endloop
  endfacet
  facet normal -0 -0 1
    outer loop
      vertex -140.559 270.429 10
      vertex -137.936 269.42 10
      vertex -147.112 281.787 10
    endloop
  endfacet
  facet normal -0 0 1
    outer loop
      vertex -143.838 310.138 10
      vertex -144.932 303.157 10
      vertex -142.546 311.339 10
    endloop
  endfacet
  facet normal 0 0 1
    outer loop
      vertex -155.69 283.025 10
      vertex -155.406 282.211 10
      vertex -152.613 282.736 10
    endloop
  endfacet
  facet normal 0 0 1
    outer loop
      vertex -157.576 293.7 10
      vertex -161.135 290.005 10
      vertex -156.465 285.32 10
    endloop
  endfacet
  facet normal -0 0 1
    outer loop
      vertex -158.294 284.979 10
      vertex -157.742 284.783 10
      vertex -156.576 285.276 10
    endloop
  endfacet
  facet normal 0 0 1
    outer loop
      vertex -146.86 299.223 10
      vertex -153.03 296.546 10
      vertex -153.19 296.266 10
    endloop
  endfacet
  facet normal -0 0 1
    outer loop
      vertex -143.161 310.994 10
      vertex -143.838 310.138 10
      vertex -142.546 311.339 10
    endloop
  endfacet
  facet normal 0 0 1
    outer loop
      vertex -153.03 296.546 10
      vertex -146.86 299.223 10
      vertex -149.641 299.283 10
    endloop
  endfacet
  facet normal 0 0 1
    outer loop
      vertex -145.33 311.34 10
      vertex -148.856 315.16 10
      vertex -145.409 311.31 10
    endloop
  endfacet
  facet normal 0 0 1
    outer loop
      vertex -143.281 312.146 10
      vertex -147.372 317.793 10
      vertex -148.856 315.16 10
    endloop
  endfacet
  facet normal 0 -0 1
    outer loop
      vertex -144.448 311.397 10
      vertex -143.281 312.146 10
      vertex -145.33 311.34 10
    endloop
  endfacet
  facet normal 0 0 1
    outer loop
      vertex -143.097 312.129 10
      vertex -145.782 319.156 10
      vertex -143.281 312.146 10
    endloop
  endfacet
  facet normal 0 0 1
    outer loop
      vertex -145.75 319.196 10
      vertex -145.782 319.156 10
      vertex -143.097 312.129 10
    endloop
  endfacet
  facet normal 0 0 1
    outer loop
      vertex -139.991 321.977 10
      vertex -143.097 312.129 10
      vertex -142.517 311.579 10
    endloop
  endfacet
  facet normal -0 0 1
    outer loop
      vertex -139.991 321.977 10
      vertex -142.517 311.579 10
      vertex -136.445 325.45 10
    endloop
  endfacet
  facet normal 0 0 1
    outer loop
      vertex -142.546 311.339 10
      vertex -125.717 328.813 10
      vertex -142.517 311.579 10
    endloop
  endfacet
  facet normal 0 0 1
    outer loop
      vertex -142.517 311.579 10
      vertex -125.717 328.813 10
      vertex -125.88 328.797 10
    endloop
  endfacet
  facet normal 0 0 1
    outer loop
      vertex -147.202 282.287 10
      vertex -147.112 281.787 10
      vertex -135.916 268.64 10
    endloop
  endfacet
  facet normal 0 0 1
    outer loop
      vertex -146.14 299.977 10
      vertex -147.227 282.346 10
      vertex -147.202 282.287 10
    endloop
  endfacet
  facet normal 0 -0 1
    outer loop
      vertex -148.077 283.556 10
      vertex -146.715 299.274 10
      vertex -148.171 283.617 10
    endloop
  endfacet
  facet normal 0 -0 1
    outer loop
      vertex -148.471 283.677 10
      vertex -146.86 299.223 10
      vertex -153.19 296.266 10
    endloop
  endfacet
  facet normal -0 0 1
    outer loop
      vertex -155.742 283.133 10
      vertex -152.613 282.736 10
      vertex -155.691 285.059 10
    endloop
  endfacet
  facet normal -0 0 1
    outer loop
      vertex -153.223 297.276 10
      vertex -153.018 296.668 10
      vertex -151.873 298.3 10
    endloop
  endfacet
  facet normal 0 0 1
    outer loop
      vertex -146.86 299.223 10
      vertex -147.968 299.448 10
      vertex -149.641 299.283 10
    endloop
  endfacet
  facet normal -0 0 1
    outer loop
      vertex -153.018 296.668 10
      vertex -153.03 296.546 10
      vertex -151.873 298.3 10
    endloop
  endfacet
  facet normal -0 0 1
    outer loop
      vertex -151.873 298.3 10
      vertex -153.03 296.546 10
      vertex -149.641 299.283 10
    endloop
  endfacet
  facet normal 0 0 1
    outer loop
      vertex -155.805 285.3 10
      vertex -157.479 293.731 10
      vertex -156.465 285.32 10
    endloop
  endfacet
  facet normal 0 0 1
    outer loop
      vertex -156.465 285.32 10
      vertex -161.135 290.005 10
      vertex -159.149 285.902 10
    endloop
  endfacet
  facet normal 0 0 1
    outer loop
      vertex -161.135 290.005 10
      vertex -160.246 286.494 10
      vertex -159.149 285.902 10
    endloop
  endfacet
  facet normal 0 0 1
    outer loop
      vertex -161.135 290.005 10
      vertex -157.576 293.7 10
      vertex -161.134 290.132 10
    endloop
  endfacet
  facet normal 0 0 1
    outer loop
      vertex -159.109 285.871 10
      vertex -156.576 285.276 10
      vertex -156.465 285.32 10
    endloop
  endfacet
  facet normal -0 0 1
    outer loop
      vertex -161.665 288.906 10
      vertex -161.616 288.555 10
      vertex -161.135 290.005 10
    endloop
  endfacet
  facet normal 0 0 1
    outer loop
      vertex -160.758 292.246 10
      vertex -161.425 290.77 10
      vertex -161.134 290.132 10
    endloop
  endfacet
  facet normal -0 0 1
    outer loop
      vertex -159.154 293.539 10
      vertex -161.134 290.132 10
      vertex -157.576 293.7 10
    endloop
  endfacet
  facet normal 0 0 1
    outer loop
      vertex -157.576 293.7 10
      vertex -158.635 293.739 10
      vertex -159.154 293.539 10
    endloop
  endfacet
  facet normal 0 0 1
    outer loop
      vertex -161.134 290.132 10
      vertex -159.154 293.539 10
      vertex -160.758 292.246 10
    endloop
  endfacet
  facet normal -0 0 1
    outer loop
      vertex -161.616 288.555 10
      vertex -160.246 286.494 10
      vertex -161.135 290.005 10
    endloop
  endfacet
  facet normal 0 -0 1
    outer loop
      vertex -158.294 284.979 10
      vertex -156.576 285.276 10
      vertex -159.109 285.871 10
    endloop
  endfacet
  facet normal 0 0 1
    outer loop
      vertex -157.742 284.783 10
      vertex -156.989 284.863 10
      vertex -156.576 285.276 10
    endloop
  endfacet
  facet normal 0 0 1
    outer loop
      vertex -159.149 285.902 10
      vertex -159.109 285.871 10
      vertex -156.465 285.32 10
    endloop
  endfacet
  facet normal 0 0 1
    outer loop
      vertex -155.69 283.025 10
      vertex -155.672 282.518 10
      vertex -155.406 282.211 10
    endloop
  endfacet
  facet normal 0 0 1
    outer loop
      vertex -155.691 285.059 10
      vertex -156.595 283.871 10
      vertex -155.742 283.133 10
    endloop
  endfacet
  facet normal -0 0 1
    outer loop
      vertex -151.26 273.262 10
      vertex -146.435 269.393 10
      vertex -147.467 279.224 10
    endloop
  endfacet
  facet normal 0 0 1
    outer loop
      vertex -151.257 273.061 10
      vertex -151.547 272.731 10
      vertex -148.898 269.157 10
    endloop
  endfacet
  facet normal 0 0 1
    outer loop
      vertex -153.16 278.435 10
      vertex -153.323 278.364 10
      vertex -154.735 276.421 10
    endloop
  endfacet
  facet normal -0 0 1
    outer loop
      vertex -157.576 293.7 10
      vertex -156.465 285.32 10
      vertex -157.479 293.731 10
    endloop
  endfacet
  facet normal 0 -0 1
    outer loop
      vertex -157.09 275.972 10
      vertex -156.865 278.344 10
      vertex -157.681 276.496 10
    endloop
  endfacet
  facet normal -0 -0 1
    outer loop
      vertex -155.69 283.025 10
      vertex -152.613 282.736 10
      vertex -155.742 283.133 10
    endloop
  endfacet
  facet normal 0 0 1
    outer loop
      vertex -155.406 282.211 10
      vertex -153.786 281.391 10
      vertex -153.385 281.632 10
    endloop
  endfacet
  facet normal 0 0 1
    outer loop
      vertex -155.424 295.299 10
      vertex -157.479 293.731 10
      vertex -155.805 285.3 10
    endloop
  endfacet
  facet normal -0 0 1
    outer loop
      vertex -157.044 275.827 10
      vertex -156.582 274.845 10
      vertex -154.99 276.562 10
    endloop
  endfacet
  facet normal -0 0 1
    outer loop
      vertex -155.424 295.299 10
      vertex -155.805 285.3 10
      vertex -153.262 296.202 10
    endloop
  endfacet
  facet normal -0 0 1
    outer loop
      vertex -155.805 285.3 10
      vertex -155.666 285.192 10
      vertex -153.262 296.202 10
    endloop
  endfacet
  facet normal 0 0 1
    outer loop
      vertex -143.016 270.086 10
      vertex -146.271 269.341 10
      vertex -144.334 268.759 10
    endloop
  endfacet
  facet normal 0 0 1
    outer loop
      vertex -155.666 285.192 10
      vertex -152.613 282.736 10
      vertex -152.405 282.773 10
    endloop
  endfacet
  facet normal -0 0 1
    outer loop
      vertex -155.691 285.059 10
      vertex -152.613 282.736 10
      vertex -155.666 285.192 10
    endloop
  endfacet
  facet normal -0 0 1
    outer loop
      vertex -155.406 282.211 10
      vertex -153.385 281.632 10
      vertex -152.613 282.736 10
    endloop
  endfacet
  facet normal 0 -0 1
    outer loop
      vertex -150.472 281.994 10
      vertex -148.599 283.643 10
      vertex -152.405 282.773 10
    endloop
  endfacet
  facet normal 0 -0 1
    outer loop
      vertex -152.405 282.773 10
      vertex -148.599 283.643 10
      vertex -155.666 285.192 10
    endloop
  endfacet
  facet normal 0 -0 1
    outer loop
      vertex -157.681 276.496 10
      vertex -157.373 278.183 10
      vertex -157.954 277.271 10
    endloop
  endfacet
  facet normal 0 -0 1
    outer loop
      vertex -142.075 269.144 10
      vertex -141.96 269.179 10
      vertex -142.791 270.072 10
    endloop
  endfacet
  facet normal 0 0 1
    outer loop
      vertex -147.467 279.224 10
      vertex -141.027 270.342 10
      vertex -140.697 270.452 10
    endloop
  endfacet
  facet normal 0 0 1
    outer loop
      vertex -156.865 278.344 10
      vertex -157.373 278.183 10
      vertex -157.681 276.496 10
    endloop
  endfacet
  facet normal 0 0 1
    outer loop
      vertex -150.472 281.994 10
      vertex -152.405 282.773 10
      vertex -151.368 282.057 10
    endloop
  endfacet
  facet normal 0 0 1
    outer loop
      vertex -148.599 283.643 10
      vertex -153.262 296.202 10
      vertex -155.666 285.192 10
    endloop
  endfacet
  facet normal 0 0 1
    outer loop
      vertex -153.19 296.266 10
      vertex -153.262 296.202 10
      vertex -148.471 283.677 10
    endloop
  endfacet
  facet normal 0 0 1
    outer loop
      vertex -148.471 283.677 10
      vertex -153.262 296.202 10
      vertex -148.599 283.643 10
    endloop
  endfacet
  facet normal 0 -0 1
    outer loop
      vertex -141.96 269.179 10
      vertex -141.099 270.292 10
      vertex -142.791 270.072 10
    endloop
  endfacet
  facet normal 0 0 1
    outer loop
      vertex -146.86 299.223 10
      vertex -148.471 283.677 10
      vertex -148.171 283.617 10
    endloop
  endfacet
  facet normal -0 0 1
    outer loop
      vertex -146.86 299.223 10
      vertex -148.171 283.617 10
      vertex -146.715 299.274 10
    endloop
  endfacet
  facet normal -0 0 1
    outer loop
      vertex -146.715 299.274 10
      vertex -147.227 282.346 10
      vertex -146.165 299.934 10
    endloop
  endfacet
  facet normal 0 0 1
    outer loop
      vertex -146.715 299.274 10
      vertex -148.077 283.556 10
      vertex -147.227 282.346 10
    endloop
  endfacet
  facet normal 0 0 1
    outer loop
      vertex -147.117 281.713 10
      vertex -147.381 279.378 10
      vertex -140.559 270.429 10
    endloop
  endfacet
  facet normal 0 0 1
    outer loop
      vertex -144.334 268.759 10
      vertex -146.271 269.341 10
      vertex -145.631 268.5 10
    endloop
  endfacet
  facet normal 0 -0 1
    outer loop
      vertex -147.381 279.378 10
      vertex -147.117 281.713 10
      vertex -147.517 280.495 10
    endloop
  endfacet
  facet normal 0 0 1
    outer loop
      vertex -151.606 272.69 10
      vertex -151.74 268.011 10
      vertex -149.016 269.046 10
    endloop
  endfacet
  facet normal 0 0 1
    outer loop
      vertex -147.616 279.237 10
      vertex -151.5 273.522 10
      vertex -151.26 273.262 10
    endloop
  endfacet
  facet normal 0 0 1
    outer loop
      vertex -147.616 279.237 10
      vertex -151.26 273.262 10
      vertex -147.467 279.224 10
    endloop
  endfacet
  facet normal 0 0 1
    outer loop
      vertex -99.4787 335.122 10
      vertex -125.717 328.813 10
      vertex -129.967 264.341 10
    endloop
  endfacet
  facet normal -0 -0 1
    outer loop
      vertex -156.831 274.937 10
      vertex -156.582 274.845 10
      vertex -157.044 275.827 10
    endloop
  endfacet
  facet normal 0 0 1
    outer loop
      vertex -153.16 278.435 10
      vertex -147.616 279.237 10
      vertex -148.801 280.063 10
    endloop
  endfacet
  facet normal 0 0 1
    outer loop
      vertex -153.16 278.435 10
      vertex -151.387 280.218 10
      vertex -152.327 279.868 10
    endloop
  endfacet
  facet normal 0 0 1
    outer loop
      vertex -153.16 278.435 10
      vertex -148.801 280.063 10
      vertex -151.387 280.218 10
    endloop
  endfacet
  facet normal 0 -0 1
    outer loop
      vertex -157.044 275.827 10
      vertex -154.99 276.562 10
      vertex -157.09 275.972 10
    endloop
  endfacet
  facet normal 0 0 1
    outer loop
      vertex -154.99 276.562 10
      vertex -156.865 278.344 10
      vertex -157.09 275.972 10
    endloop
  endfacet
  facet normal -0 0 1
    outer loop
      vertex -129.299 262.632 10
      vertex -124.902 254.265 10
      vertex -50.3628 273.756 10
    endloop
  endfacet
  facet normal 0 -0 1
    outer loop
      vertex -154.99 276.562 10
      vertex -154.794 278.697 10
      vertex -156.865 278.344 10
    endloop
  endfacet
  facet normal 0 0 1
    outer loop
      vertex -157.044 275.827 10
      vertex -157.157 275.32 10
      vertex -156.831 274.937 10
    endloop
  endfacet
  facet normal 0 -0 1
    outer loop
      vertex -154.032 270.205 10
      vertex -152.942 272.173 10
      vertex -154.237 270.729 10
    endloop
  endfacet
  facet normal 0 0 1
    outer loop
      vertex -125.452 251.441 10
      vertex -125.717 252.066 10
      vertex -125.581 251.464 10
    endloop
  endfacet
  facet normal 0 0 1
    outer loop
      vertex -99.4787 335.122 10
      vertex -129.967 264.341 10
      vertex -129.899 264.262 10
    endloop
  endfacet
  facet normal 0 0 1
    outer loop
      vertex -153.323 278.364 10
      vertex -154.817 276.596 10
      vertex -154.735 276.421 10
    endloop
  endfacet
  facet normal 0 0 1
    outer loop
      vertex -151.605 273.57 10
      vertex -154.735 276.421 10
      vertex -153.851 273.649 10
    endloop
  endfacet
  facet normal 0 0 1
    outer loop
      vertex -153.323 278.364 10
      vertex -154.794 278.697 10
      vertex -154.817 276.596 10
    endloop
  endfacet
  facet normal 0 -0 1
    outer loop
      vertex -154.817 276.596 10
      vertex -154.794 278.697 10
      vertex -154.99 276.562 10
    endloop
  endfacet
  facet normal 0 0 1
    outer loop
      vertex -155.15 274.889 10
      vertex -154.72 274.092 10
      vertex -153.851 273.649 10
    endloop
  endfacet
  facet normal -0 0 1
    outer loop
      vertex -155.15 274.889 10
      vertex -153.851 273.649 10
      vertex -154.735 276.421 10
    endloop
  endfacet
  facet normal 0 0 1
    outer loop
      vertex -153.16 278.435 10
      vertex -154.735 276.421 10
      vertex -151.605 273.57 10
    endloop
  endfacet
  facet normal 0 -0 1
    outer loop
      vertex -148.493 266.906 10
      vertex -148.392 266.931 10
      vertex -149.143 268.371 10
    endloop
  endfacet
  facet normal 0 0 1
    outer loop
      vertex -151.5 273.522 10
      vertex -153.16 278.435 10
      vertex -151.605 273.57 10
    endloop
  endfacet
  facet normal 0 0 1
    outer loop
      vertex -147.616 279.237 10
      vertex -153.16 278.435 10
      vertex -151.5 273.522 10
    endloop
  endfacet
  facet normal -0 0 1
    outer loop
      vertex -152.942 272.173 10
      vertex -151.74 268.011 10
      vertex -151.606 272.69 10
    endloop
  endfacet
  facet normal -0 0 1
    outer loop
      vertex -151.606 272.69 10
      vertex -148.898 269.157 10
      vertex -151.547 272.731 10
    endloop
  endfacet
  facet normal 0 0 1
    outer loop
      vertex -148.493 266.906 10
      vertex -149.143 268.371 10
      vertex -151.74 268.011 10
    endloop
  endfacet
  facet normal -0 0 1
    outer loop
      vertex -154.032 270.205 10
      vertex -151.74 268.011 10
      vertex -152.942 272.173 10
    endloop
  endfacet
  facet normal 0 0 1
    outer loop
      vertex -50.3628 273.756 10
      vertex -124.902 254.265 10
      vertex -50.3698 273.595 10
    endloop
  endfacet
  facet normal 0 0 1
    outer loop
      vertex -124.917 254.042 10
      vertex -124.806 250.932 10
      vertex -123.946 247.962 10
    endloop
  endfacet
  facet normal -0 0 1
    outer loop
      vertex -122.918 243.46 10
      vertex -122.286 242.247 10
      vertex -122.872 243.545 10
    endloop
  endfacet
  facet normal -0 0 1
    outer loop
      vertex -122.929 236.806 10
      vertex -123.023 236.201 10
      vertex -122.115 237.573 10
    endloop
  endfacet
  facet normal 0 0 1
    outer loop
      vertex -149.156 268.476 10
      vertex -151.74 268.011 10
      vertex -149.143 268.371 10
    endloop
  endfacet
  facet normal 0 0 1
    outer loop
      vertex -117.779 223.081 10
      vertex -118.005 225.899 10
      vertex -118.917 225.88 10
    endloop
  endfacet
  facet normal 0 0 1
    outer loop
      vertex -146.435 269.393 10
      vertex -151.257 273.061 10
      vertex -147.005 269.213 10
    endloop
  endfacet
  facet normal 0 0 1
    outer loop
      vertex -149.016 269.046 10
      vertex -151.74 268.011 10
      vertex -149.156 268.476 10
    endloop
  endfacet
  facet normal 0 0 1
    outer loop
      vertex -151.257 273.061 10
      vertex -148.898 269.157 10
      vertex -148.638 269.207 10
    endloop
  endfacet
  facet normal 0 0 1
    outer loop
      vertex -148.898 269.157 10
      vertex -151.606 272.69 10
      vertex -149.016 269.046 10
    endloop
  endfacet
  facet normal 0 -0 1
    outer loop
      vertex -147.067 269.175 10
      vertex -147.005 269.213 10
      vertex -148.515 269.176 10
    endloop
  endfacet
  facet normal 0 0 1
    outer loop
      vertex -147.005 269.213 10
      vertex -151.257 273.061 10
      vertex -148.638 269.207 10
    endloop
  endfacet
  facet normal 0 0 1
    outer loop
      vertex -148.515 269.176 10
      vertex -147.711 268.522 10
      vertex -147.067 269.175 10
    endloop
  endfacet
  facet normal 0 0 1
    outer loop
      vertex -151.26 273.262 10
      vertex -151.257 273.061 10
      vertex -146.435 269.393 10
    endloop
  endfacet
  facet normal 0 -0 1
    outer loop
      vertex -141.099 270.292 10
      vertex -141.027 270.342 10
      vertex -142.791 270.072 10
    endloop
  endfacet
  facet normal 0 0 1
    outer loop
      vertex -143.016 270.086 10
      vertex -147.467 279.224 10
      vertex -146.435 269.393 10
    endloop
  endfacet
  facet normal -0 0 1
    outer loop
      vertex -146.435 269.393 10
      vertex -146.271 269.341 10
      vertex -143.016 270.086 10
    endloop
  endfacet
  facet normal 0 0 1
    outer loop
      vertex -144.334 268.759 10
      vertex -145.631 268.5 10
      vertex -145.277 268.398 10
    endloop
  endfacet
  facet normal 0 0 1
    outer loop
      vertex -129.967 264.341 10
      vertex -132.013 265.872 10
      vertex -131.991 265.853 10
    endloop
  endfacet
  facet normal -0 0 1
    outer loop
      vertex -129.319 262.491 10
      vertex -126.989 257.361 10
      vertex -129.299 262.632 10
    endloop
  endfacet
  facet normal 0 0 1
    outer loop
      vertex -132.013 265.872 10
      vertex -144.932 303.157 10
      vertex -144.94 303.127 10
    endloop
  endfacet
  facet normal 0 0 1
    outer loop
      vertex -141.027 270.342 10
      vertex -143.016 270.086 10
      vertex -142.791 270.072 10
    endloop
  endfacet
  facet normal -0 0 1
    outer loop
      vertex -147.467 279.224 10
      vertex -140.697 270.452 10
      vertex -147.381 279.378 10
    endloop
  endfacet
  facet normal 0 0 1
    outer loop
      vertex -147.467 279.224 10
      vertex -143.016 270.086 10
      vertex -141.027 270.342 10
    endloop
  endfacet
  facet normal 0 0 1
    outer loop
      vertex -135.883 268.622 10
      vertex -144.94 303.127 10
      vertex -146.14 299.977 10
    endloop
  endfacet
  facet normal 0 0 1
    outer loop
      vertex -129.319 262.491 10
      vertex -130.066 261.48 10
      vertex -130.017 261.302 10
    endloop
  endfacet
  facet normal 0 0 1
    outer loop
      vertex -140.559 270.429 10
      vertex -147.112 281.787 10
      vertex -147.117 281.713 10
    endloop
  endfacet
  facet normal -0 -0 1
    outer loop
      vertex -139.375 269.527 10
      vertex -137.98 269.43 10
      vertex -140.559 270.429 10
    endloop
  endfacet
  facet normal -0 0 1
    outer loop
      vertex -147.202 282.287 10
      vertex -135.883 268.622 10
      vertex -146.14 299.977 10
    endloop
  endfacet
  facet normal -0 -0 1
    outer loop
      vertex -137.98 269.43 10
      vertex -137.936 269.42 10
      vertex -140.559 270.429 10
    endloop
  endfacet
  facet normal 0 0 1
    outer loop
      vertex -147.202 282.287 10
      vertex -135.916 268.64 10
      vertex -135.883 268.622 10
    endloop
  endfacet
  facet normal 0 0 1
    outer loop
      vertex -129.967 264.341 10
      vertex -144.932 303.157 10
      vertex -132.013 265.872 10
    endloop
  endfacet
  facet normal 0 0 1
    outer loop
      vertex -50.3628 273.756 10
      vertex -129.899 264.262 10
      vertex -129.299 262.632 10
    endloop
  endfacet
  facet normal 0 0 1
    outer loop
      vertex -125.717 328.813 10
      vertex -144.932 303.157 10
      vertex -129.967 264.341 10
    endloop
  endfacet
  facet normal 0 0 1
    outer loop
      vertex -131.991 265.853 10
      vertex -131.197 265.02 10
      vertex -129.967 264.341 10
    endloop
  endfacet
  facet normal 0 0 1
    outer loop
      vertex -99.4787 335.122 10
      vertex -129.899 264.262 10
      vertex -48.4767 284.651 10
    endloop
  endfacet
  facet normal 0 0 1
    outer loop
      vertex -129.899 264.262 10
      vertex -48.4798 284.613 10
      vertex -48.4767 284.651 10
    endloop
  endfacet
  facet normal 0 0 1
    outer loop
      vertex -126.952 257.308 10
      vertex -129.299 262.632 10
      vertex -126.989 257.361 10
    endloop
  endfacet
  facet normal 0 0 1
    outer loop
      vertex -129.319 262.491 10
      vertex -129.349 260.691 10
      vertex -129.314 260.644 10
    endloop
  endfacet
  facet normal -0 -0 1
    outer loop
      vertex -129.314 260.644 10
      vertex -128.347 258.591 10
      vertex -129.319 262.491 10
    endloop
  endfacet
  facet normal 0 0 1
    outer loop
      vertex -124.902 254.265 10
      vertex -129.299 262.632 10
      vertex -126.952 257.308 10
    endloop
  endfacet
  facet normal 0 0 1
    outer loop
      vertex -129.319 262.491 10
      vertex -130.017 261.302 10
      vertex -129.349 260.691 10
    endloop
  endfacet
  facet normal -0 0 1
    outer loop
      vertex -124.917 254.042 10
      vertex -123.946 247.962 10
      vertex -124.902 254.265 10
    endloop
  endfacet
  facet normal 0 0 1
    outer loop
      vertex -124.075 246.026 10
      vertex -124.028 245.957 10
      vertex -123.311 245.671 10
    endloop
  endfacet
  facet normal -0 -0 1
    outer loop
      vertex -126.253 255.654 10
      vertex -124.902 254.265 10
      vertex -126.952 257.308 10
    endloop
  endfacet
  facet normal -0 0 1
    outer loop
      vertex -124.902 254.265 10
      vertex -60.7016 245.48 10
      vertex -50.3698 273.595 10
    endloop
  endfacet
  facet normal 0 0 1
    outer loop
      vertex -125.928 251.494 10
      vertex -126.273 251.27 10
      vertex -125.581 251.464 10
    endloop
  endfacet
  facet normal -0 -0 1
    outer loop
      vertex -124.862 251.011 10
      vertex -124.806 250.932 10
      vertex -124.917 254.042 10
    endloop
  endfacet
  facet normal -0 -0 1
    outer loop
      vertex -125.452 251.441 10
      vertex -124.862 251.011 10
      vertex -125.712 252.132 10
    endloop
  endfacet
  facet normal 0 0 1
    outer loop
      vertex -124.028 245.957 10
      vertex -123.79 245.236 10
      vertex -123.311 245.671 10
    endloop
  endfacet
  facet normal -0 0 1
    outer loop
      vertex -125.717 252.066 10
      vertex -125.452 251.441 10
      vertex -125.712 252.132 10
    endloop
  endfacet
  facet normal -0 0 1
    outer loop
      vertex -125.867 251.576 10
      vertex -125.581 251.464 10
      vertex -125.717 252.066 10
    endloop
  endfacet
  facet normal 0 -0 1
    outer loop
      vertex -123.311 245.671 10
      vertex -123.136 245.69 10
      vertex -124.075 246.026 10
    endloop
  endfacet
  facet normal 0 0 1
    outer loop
      vertex -121.78 241.815 10
      vertex -121.5 241.105 10
      vertex -119.125 237.367 10
    endloop
  endfacet
  facet normal 0 0 1
    outer loop
      vertex -121.826 241.877 10
      vertex -122.712 244.505 10
      vertex -122.286 242.247 10
    endloop
  endfacet
  facet normal -0 -0 1
    outer loop
      vertex -121.78 241.815 10
      vertex -119.125 237.367 10
      vertex -122.718 244.578 10
    endloop
  endfacet
  facet normal 0 0 1
    outer loop
      vertex -124.516 246.389 10
      vertex -124.09 247.77 10
      vertex -124.246 247.77 10
    endloop
  endfacet
  facet normal 0 0 1
    outer loop
      vertex -122.499 242.222 10
      vertex -122.918 243.46 10
      vertex -123.606 242.819 10
    endloop
  endfacet
  facet normal 0 0 1
    outer loop
      vertex -125.867 251.576 10
      vertex -125.928 251.494 10
      vertex -125.581 251.464 10
    endloop
  endfacet
  facet normal 0 0 1
    outer loop
      vertex -123.068 245.608 10
      vertex -123.946 247.962 10
      vertex -123.136 245.69 10
    endloop
  endfacet
  facet normal 0 0 1
    outer loop
      vertex -124.862 251.011 10
      vertex -124.917 254.042 10
      vertex -125.712 252.132 10
    endloop
  endfacet
  facet normal 0 0 1
    outer loop
      vertex -60.7016 245.48 10
      vertex -124.902 254.265 10
      vertex -123.068 245.608 10
    endloop
  endfacet
  facet normal 0 0 1
    outer loop
      vertex -124.075 246.026 10
      vertex -124.09 247.77 10
      vertex -124.516 246.389 10
    endloop
  endfacet
  facet normal 0 -0 1
    outer loop
      vertex -120.121 232.317 10
      vertex -118.971 233.869 10
      vertex -122.78 235.362 10
    endloop
  endfacet
  facet normal -0 0 1
    outer loop
      vertex -123.565 242.163 10
      vertex -122.893 241.713 10
      vertex -122.499 242.222 10
    endloop
  endfacet
  facet normal -0 -0 1
    outer loop
      vertex -122.712 244.505 10
      vertex -121.78 241.815 10
      vertex -122.718 244.578 10
    endloop
  endfacet
  facet normal 0 0 1
    outer loop
      vertex -121.944 238.705 10
      vertex -121.95 237.635 10
      vertex -121.852 237.549 10
    endloop
  endfacet
  facet normal 0 0 1
    outer loop
      vertex -119.125 237.367 10
      vertex -121.5 241.105 10
      vertex -121.49 241.05 10
    endloop
  endfacet
  facet normal -0 -0 1
    outer loop
      vertex -122.718 244.578 10
      vertex -114.917 232.366 10
      vertex -123.068 245.608 10
    endloop
  endfacet
  facet normal 0 0 1
    outer loop
      vertex -123.136 245.69 10
      vertex -124.09 247.77 10
      vertex -124.075 246.026 10
    endloop
  endfacet
  facet normal 0 0 1
    outer loop
      vertex -124.902 254.265 10
      vertex -123.946 247.962 10
      vertex -123.068 245.608 10
    endloop
  endfacet
  facet normal 0 0 1
    outer loop
      vertex -123.946 247.962 10
      vertex -124.09 247.77 10
      vertex -123.136 245.69 10
    endloop
  endfacet
  facet normal 0 -0 1
    outer loop
      vertex -122.499 242.222 10
      vertex -122.286 242.247 10
      vertex -122.918 243.46 10
    endloop
  endfacet
  facet normal 0 -0 1
    outer loop
      vertex -123.565 242.163 10
      vertex -122.499 242.222 10
      vertex -123.606 242.819 10
    endloop
  endfacet
  facet normal 0 0 1
    outer loop
      vertex -121.852 237.549 10
      vertex -121.732 237.269 10
      vertex -119.91 237.073 10
    endloop
  endfacet
  facet normal 0 -0 1
    outer loop
      vertex -119.981 232.328 10
      vertex -118.971 233.869 10
      vertex -120.121 232.317 10
    endloop
  endfacet
  facet normal 0 0 1
    outer loop
      vertex -122.115 237.573 10
      vertex -122.749 237.126 10
      vertex -122.929 236.806 10
    endloop
  endfacet
  facet normal 0 0 1
    outer loop
      vertex -122.374 238.175 10
      vertex -122.494 238.12 10
      vertex -122.115 237.573 10
    endloop
  endfacet
  facet normal 0 0 1
    outer loop
      vertex -123.174 238.138 10
      vertex -123.357 237.932 10
      vertex -122.77 237.302 10
    endloop
  endfacet
  facet normal -0 0 1
    outer loop
      vertex -121.49 239.76 10
      vertex -119.125 237.367 10
      vertex -121.49 241.05 10
    endloop
  endfacet
  facet normal 0 0 1
    outer loop
      vertex -122.115 237.573 10
      vertex -122.494 238.12 10
      vertex -122.77 237.302 10
    endloop
  endfacet
  facet normal 0 0 1
    outer loop
      vertex -122.286 242.247 10
      vertex -122.712 244.505 10
      vertex -122.872 243.545 10
    endloop
  endfacet
  facet normal -0 -0 1
    outer loop
      vertex -121.826 241.877 10
      vertex -121.78 241.815 10
      vertex -122.712 244.505 10
    endloop
  endfacet
  facet normal 0 0 1
    outer loop
      vertex -121.503 239.7 10
      vertex -121.923 238.74 10
      vertex -119.3 237.393 10
    endloop
  endfacet
  facet normal 0 0 1
    outer loop
      vertex -121.732 237.269 10
      vertex -119.982 236.892 10
      vertex -119.91 237.073 10
    endloop
  endfacet
  facet normal 0 -0 1
    outer loop
      vertex -122.749 237.126 10
      vertex -122.115 237.573 10
      vertex -122.77 237.302 10
    endloop
  endfacet
  facet normal 0 0 1
    outer loop
      vertex -122.374 238.175 10
      vertex -122.115 237.573 10
      vertex -121.95 237.635 10
    endloop
  endfacet
  facet normal 0 0 1
    outer loop
      vertex -118.144 233.393 10
      vertex -118.561 234.639 10
      vertex -118.394 233.316 10
    endloop
  endfacet
  facet normal 0 0 1
    outer loop
      vertex -120.185 232.153 10
      vertex -121.52 230.303 10
      vertex -120.765 230.414 10
    endloop
  endfacet
  facet normal 0 0 1
    outer loop
      vertex -123.023 236.201 10
      vertex -123.04 236.731 10
      vertex -123.469 236.672 10
    endloop
  endfacet
  facet normal 0 0 1
    outer loop
      vertex -119.955 231.26 10
      vertex -120.185 232.153 10
      vertex -120.765 230.414 10
    endloop
  endfacet
  facet normal 0 -0 1
    outer loop
      vertex -117.107 232.405 10
      vertex -116.968 232.434 10
      vertex -117.958 233.203 10
    endloop
  endfacet
  facet normal 0 0 1
    outer loop
      vertex -123.174 238.138 10
      vertex -122.77 237.302 10
      vertex -122.494 238.12 10
    endloop
  endfacet
  facet normal 0 0 1
    outer loop
      vertex -123.469 236.672 10
      vertex -123.386 236.107 10
      vertex -123.023 236.201 10
    endloop
  endfacet
  facet normal 0 -0 1
    outer loop
      vertex -64.6765 224.009 10
      vertex -63.2527 227.616 10
      vertex -113.285 227.617 10
    endloop
  endfacet
  facet normal 0 -0 1
    outer loop
      vertex -115.653 228.6 10
      vertex -115.415 231.635 10
      vertex -116.671 229.123 10
    endloop
  endfacet
  facet normal 0 0 1
    outer loop
      vertex -116.671 229.123 10
      vertex -117.428 230.667 10
      vertex -116.76 229.139 10
    endloop
  endfacet
  facet normal 0 0 1
    outer loop
      vertex -122.929 236.806 10
      vertex -123.04 236.731 10
      vertex -123.023 236.201 10
    endloop
  endfacet
  facet normal 0 -0 1
    outer loop
      vertex -121.95 237.635 10
      vertex -121.944 238.705 10
      vertex -122.374 238.175 10
    endloop
  endfacet
  facet normal 0 0 1
    outer loop
      vertex -123.557 232.414 10
      vertex -120.185 232.153 10
      vertex -120.121 232.317 10
    endloop
  endfacet
  facet normal 0 0 1
    outer loop
      vertex -121.852 237.549 10
      vertex -121.923 238.74 10
      vertex -121.944 238.705 10
    endloop
  endfacet
  facet normal 0 0 1
    outer loop
      vertex -123.557 232.414 10
      vertex -123.397 231.506 10
      vertex -120.185 232.153 10
    endloop
  endfacet
  facet normal 0 0 1
    outer loop
      vertex -120.765 230.414 10
      vertex -120.051 230.883 10
      vertex -119.955 231.26 10
    endloop
  endfacet
  facet normal 0 -0 1
    outer loop
      vertex -121.52 230.303 10
      vertex -120.185 232.153 10
      vertex -122.874 230.689 10
    endloop
  endfacet
  facet normal 0 0 1
    outer loop
      vertex -118.188 232.513 10
      vertex -118.225 232.453 10
      vertex -117.107 232.405 10
    endloop
  endfacet
  facet normal 0 0 1
    outer loop
      vertex -113.575 210.785 10
      vertex -113.168 207.528 10
      vertex -112.988 207.388 10
    endloop
  endfacet
  facet normal 0 0 1
    outer loop
      vertex -112.533 223.839 10
      vertex -113.272 227.441 10
      vertex -113.751 226.607 10
    endloop
  endfacet
  facet normal 0 0 1
    outer loop
      vertex -119.106 237.176 10
      vertex -118.577 234.69 10
      vertex -115.084 232.423 10
    endloop
  endfacet
  facet normal -0 0 1
    outer loop
      vertex -123.397 231.506 10
      vertex -122.874 230.689 10
      vertex -120.185 232.153 10
    endloop
  endfacet
  facet normal 0 0 1
    outer loop
      vertex -122.78 235.362 10
      vertex -123.557 232.414 10
      vertex -120.121 232.317 10
    endloop
  endfacet
  facet normal -0 0 1
    outer loop
      vertex -122.78 235.362 10
      vertex -118.971 233.869 10
      vertex -119.982 236.892 10
    endloop
  endfacet
  facet normal 0 0 1
    outer loop
      vertex -119.981 232.328 10
      vertex -119.636 232.416 10
      vertex -118.971 233.869 10
    endloop
  endfacet
  facet normal -0 -0 1
    outer loop
      vertex -116.968 232.434 10
      vertex -115.084 232.423 10
      vertex -117.977 233.336 10
    endloop
  endfacet
  facet normal 0 0 1
    outer loop
      vertex -122.78 235.362 10
      vertex -119.982 236.892 10
      vertex -121.741 237.134 10
    endloop
  endfacet
  facet normal 0 0 1
    outer loop
      vertex -119.91 237.073 10
      vertex -121.923 238.74 10
      vertex -121.852 237.549 10
    endloop
  endfacet
  facet normal 0 0 1
    outer loop
      vertex -119.982 236.892 10
      vertex -121.732 237.269 10
      vertex -121.741 237.134 10
    endloop
  endfacet
  facet normal 0 0 1
    outer loop
      vertex -119.3 237.393 10
      vertex -121.923 238.74 10
      vertex -119.91 237.073 10
    endloop
  endfacet
  facet normal 0 0 1
    outer loop
      vertex -121.49 239.76 10
      vertex -121.503 239.7 10
      vertex -119.3 237.393 10
    endloop
  endfacet
  facet normal 0 0 1
    outer loop
      vertex -121.49 239.76 10
      vertex -119.3 237.393 10
      vertex -119.125 237.367 10
    endloop
  endfacet
  facet normal 0 0 1
    outer loop
      vertex -122.718 244.578 10
      vertex -119.125 237.367 10
      vertex -114.917 232.366 10
    endloop
  endfacet
  facet normal 0 0 1
    outer loop
      vertex -119.125 237.367 10
      vertex -115.084 232.423 10
      vertex -114.917 232.366 10
    endloop
  endfacet
  facet normal 0 0 1
    outer loop
      vertex -115.084 232.423 10
      vertex -116.968 232.434 10
      vertex -115.991 232.147 10
    endloop
  endfacet
  facet normal 0 0 1
    outer loop
      vertex -118.577 234.69 10
      vertex -119.106 237.176 10
      vertex -119.18 235.835 10
    endloop
  endfacet
  facet normal -0 -0 1
    outer loop
      vertex -117.958 233.203 10
      vertex -116.968 232.434 10
      vertex -117.977 233.336 10
    endloop
  endfacet
  facet normal 0 -0 1
    outer loop
      vertex -119.18 235.835 10
      vertex -119.106 237.176 10
      vertex -119.417 236.713 10
    endloop
  endfacet
  facet normal 0 0 1
    outer loop
      vertex -118.561 234.639 10
      vertex -118.144 233.393 10
      vertex -117.977 233.336 10
    endloop
  endfacet
  facet normal 0 0 1
    outer loop
      vertex -61.3103 243.207 10
      vertex -114.917 232.366 10
      vertex -61.3621 242.97 10
    endloop
  endfacet
  facet normal -0 0 1
    outer loop
      vertex -114.917 232.366 10
      vertex -113.285 227.617 10
      vertex -61.3621 242.97 10
    endloop
  endfacet
  facet normal -0 -0 1
    outer loop
      vertex -117.977 233.336 10
      vertex -115.084 232.423 10
      vertex -118.561 234.639 10
    endloop
  endfacet
  facet normal 0 -0 1
    outer loop
      vertex -61.3103 243.207 10
      vertex -60.7016 245.48 10
      vertex -114.917 232.366 10
    endloop
  endfacet
  facet normal 0 0 1
    outer loop
      vertex -118.225 232.453 10
      vertex -118.678 232.009 10
      vertex -118.172 231.508 10
    endloop
  endfacet
  facet normal 0 0 1
    outer loop
      vertex -61.3621 242.97 10
      vertex -113.285 227.617 10
      vertex -63.2527 227.616 10
    endloop
  endfacet
  facet normal -0 -0 1
    outer loop
      vertex -118.626 231.731 10
      vertex -118.172 231.508 10
      vertex -118.678 232.009 10
    endloop
  endfacet
  facet normal 0 0 1
    outer loop
      vertex -118.225 232.453 10
      vertex -118.172 231.508 10
      vertex -117.107 232.405 10
    endloop
  endfacet
  facet normal 0 0 1
    outer loop
      vertex -117.958 233.203 10
      vertex -118.188 232.513 10
      vertex -117.107 232.405 10
    endloop
  endfacet
  facet normal 0 0 1
    outer loop
      vertex -115.084 232.423 10
      vertex -118.577 234.69 10
      vertex -118.561 234.639 10
    endloop
  endfacet
  facet normal 0 0 1
    outer loop
      vertex -113.285 227.617 10
      vertex -114.926 232.182 10
      vertex -114.055 228.527 10
    endloop
  endfacet
  facet normal 0 0 1
    outer loop
      vertex -60.7016 245.48 10
      vertex -123.068 245.608 10
      vertex -114.917 232.366 10
    endloop
  endfacet
  facet normal 0 0 1
    outer loop
      vertex -119.125 237.367 10
      vertex -119.106 237.176 10
      vertex -115.084 232.423 10
    endloop
  endfacet
  facet normal 0 0 1
    outer loop
      vertex -114.917 232.366 10
      vertex -114.926 232.182 10
      vertex -113.285 227.617 10
    endloop
  endfacet
  facet normal 0 0 1
    outer loop
      vertex -114.926 232.182 10
      vertex -114.168 228.58 10
      vertex -114.055 228.527 10
    endloop
  endfacet
  facet normal 0 0 1
    outer loop
      vertex -116.76 229.139 10
      vertex -117.428 230.667 10
      vertex -117.88 229.754 10
    endloop
  endfacet
  facet normal 0 0 1
    outer loop
      vertex -117.88 229.754 10
      vertex -117.68 229.016 10
      vertex -116.76 229.139 10
    endloop
  endfacet
  facet normal -0 0 1
    outer loop
      vertex -113.895 224.895 10
      vertex -113.094 224.067 10
      vertex -113.751 226.607 10
    endloop
  endfacet
  facet normal 0 0 1
    outer loop
      vertex -113.272 227.441 10
      vertex -113.415 227.371 10
      vertex -113.751 226.607 10
    endloop
  endfacet
  facet normal 0 0 1
    outer loop
      vertex -113.415 227.371 10
      vertex -113.798 226.73 10
      vertex -113.751 226.607 10
    endloop
  endfacet
  facet normal 0 0 1
    outer loop
      vertex -113.285 227.617 10
      vertex -113.272 227.441 10
      vertex -112.44 223.689 10
    endloop
  endfacet
  facet normal 0 -0 1
    outer loop
      vertex -116.671 229.123 10
      vertex -115.415 231.635 10
      vertex -117.428 230.667 10
    endloop
  endfacet
  facet normal -0 0 1
    outer loop
      vertex -115.653 228.6 10
      vertex -114.168 228.58 10
      vertex -115.415 231.635 10
    endloop
  endfacet
  facet normal 0 0 1
    outer loop
      vertex -114.168 228.58 10
      vertex -115.366 231.672 10
      vertex -115.415 231.635 10
    endloop
  endfacet
  facet normal -0 0 1
    outer loop
      vertex -115.366 231.672 10
      vertex -114.168 228.58 10
      vertex -114.926 232.182 10
    endloop
  endfacet
  facet normal 0 0 1
    outer loop
      vertex -113.272 227.441 10
      vertex -112.533 223.839 10
      vertex -112.44 223.689 10
    endloop
  endfacet
  facet normal 0 0 1
    outer loop
      vertex -113.285 227.617 10
      vertex -112.44 223.689 10
      vertex -64.6765 224.009 10
    endloop
  endfacet
  facet normal 0 0 1
    outer loop
      vertex -113.751 226.607 10
      vertex -113.094 224.067 10
      vertex -112.533 223.839 10
    endloop
  endfacet
  facet normal -0 -0 1
    outer loop
      vertex -112.01 221.352 10
      vertex -111.69 221.182 10
      vertex -112.516 223.57 10
    endloop
  endfacet
  facet normal 0 -0 1
    outer loop
      vertex -112.875 221.141 10
      vertex -112.123 221.364 10
      vertex -113.501 221.463 10
    endloop
  endfacet
  facet normal 0 0 1
    outer loop
      vertex -71.9257 211.293 10
      vertex -111.649 220.95 10
      vertex -84.79 199.44 10
    endloop
  endfacet
  facet normal 0 0 1
    outer loop
      vertex -114.62 227.495 10
      vertex -113.798 226.73 10
      vertex -113.415 227.371 10
    endloop
  endfacet
  facet normal 0 0 1
    outer loop
      vertex -113.276 223.201 10
      vertex -113.639 221.463 10
      vertex -113.501 221.463 10
    endloop
  endfacet
  facet normal 0 0 1
    outer loop
      vertex -114.556 223.711 10
      vertex -113.639 221.463 10
      vertex -113.276 223.201 10
    endloop
  endfacet
  facet normal 0 -0 1
    outer loop
      vertex -111.69 221.182 10
      vertex -64.7323 223.809 10
      vertex -112.44 223.689 10
    endloop
  endfacet
  facet normal 0 0 1
    outer loop
      vertex -112.44 223.689 10
      vertex -64.7323 223.809 10
      vertex -64.6765 224.009 10
    endloop
  endfacet
  facet normal 0 0 1
    outer loop
      vertex -84.79 199.44 10
      vertex -111.649 220.95 10
      vertex -111.749 219.692 10
    endloop
  endfacet
  facet normal 0 0 1
    outer loop
      vertex -113.639 221.463 10
      vertex -114.556 223.711 10
      vertex -114.457 221.04 10
    endloop
  endfacet
  facet normal -0 0 1
    outer loop
      vertex -117.779 223.081 10
      vertex -117.728 223.05 10
      vertex -116.536 225.368 10
    endloop
  endfacet
  facet normal 0 0 1
    outer loop
      vertex -120.336 226.236 10
      vertex -120.949 225.331 10
      vertex -118.957 225.885 10
    endloop
  endfacet
  facet normal 0 0 1
    outer loop
      vertex -117.779 223.081 10
      vertex -118.917 225.88 10
      vertex -119.934 223.855 10
    endloop
  endfacet
  facet normal 0 0 1
    outer loop
      vertex -119.934 223.855 10
      vertex -118.917 225.88 10
      vertex -118.957 225.885 10
    endloop
  endfacet
  facet normal -0 0 1
    outer loop
      vertex -120.835 225.845 10
      vertex -120.949 225.331 10
      vertex -120.336 226.236 10
    endloop
  endfacet
  facet normal -0 0 1
    outer loop
      vertex -120.949 225.331 10
      vertex -119.934 223.855 10
      vertex -118.957 225.885 10
    endloop
  endfacet
  facet normal 0 0 1
    outer loop
      vertex -118.005 225.899 10
      vertex -117.779 223.081 10
      vertex -116.536 225.368 10
    endloop
  endfacet
  facet normal -0 0 1
    outer loop
      vertex -113.575 210.785 10
      vertex -112.988 207.388 10
      vertex -113.069 212.608 10
    endloop
  endfacet
  facet normal 0 0 1
    outer loop
      vertex -116.863 212.667 10
      vertex -117.299 210.55 10
      vertex -117.163 210.479 10
    endloop
  endfacet
  facet normal -0 0 1
    outer loop
      vertex -112.595 219.082 10
      vertex -112.757 218.742 10
      vertex -111.818 219.508 10
    endloop
  endfacet
  facet normal 0 0 1
    outer loop
      vertex -116.536 225.368 10
      vertex -117.728 223.05 10
      vertex -114.597 223.735 10
    endloop
  endfacet
  facet normal 0 0 1
    outer loop
      vertex -112.329 216.307 10
      vertex -112.757 218.742 10
      vertex -113.307 216.112 10
    endloop
  endfacet
  facet normal -0 0 1
    outer loop
      vertex -117.728 223.05 10
      vertex -116.045 221.475 10
      vertex -114.597 223.735 10
    endloop
  endfacet
  facet normal 0 0 1
    outer loop
      vertex -114.556 223.711 10
      vertex -114.597 223.735 10
      vertex -116.045 221.475 10
    endloop
  endfacet
  facet normal 0 0 1
    outer loop
      vertex -114.556 223.711 10
      vertex -116.045 221.475 10
      vertex -114.457 221.04 10
    endloop
  endfacet
  facet normal 0 0 1
    outer loop
      vertex -111.649 220.95 10
      vertex -112.048 220.507 10
      vertex -111.749 219.692 10
    endloop
  endfacet
  facet normal 0 0 1
    outer loop
      vertex -113.146 223.21 10
      vertex -113.276 223.201 10
      vertex -113.501 221.463 10
    endloop
  endfacet
  facet normal 0 0 1
    outer loop
      vertex -111.749 219.692 10
      vertex -111.669 215.791 10
      vertex -84.79 199.44 10
    endloop
  endfacet
  facet normal 0 0 1
    outer loop
      vertex -112.123 221.364 10
      vertex -113.146 223.21 10
      vertex -113.501 221.463 10
    endloop
  endfacet
  facet normal 0 0 1
    outer loop
      vertex -112.516 223.57 10
      vertex -113.146 223.21 10
      vertex -112.123 221.364 10
    endloop
  endfacet
  facet normal 0 0 1
    outer loop
      vertex -112.01 221.352 10
      vertex -112.516 223.57 10
      vertex -112.123 221.364 10
    endloop
  endfacet
  facet normal 0 0 1
    outer loop
      vertex -111.69 221.182 10
      vertex -112.44 223.689 10
      vertex -112.516 223.57 10
    endloop
  endfacet
  facet normal 0 0 1
    outer loop
      vertex -71.9257 211.293 10
      vertex -111.69 221.182 10
      vertex -111.649 220.95 10
    endloop
  endfacet
  facet normal 0 -0 1
    outer loop
      vertex -71.9257 211.293 10
      vertex -64.7323 223.809 10
      vertex -111.69 221.182 10
    endloop
  endfacet
  facet normal 0 -0 1
    outer loop
      vertex -112.199 216.271 10
      vertex -111.818 219.508 10
      vertex -112.757 218.742 10
    endloop
  endfacet
  facet normal -0 0 1
    outer loop
      vertex -113.069 212.608 10
      vertex -112.988 207.388 10
      vertex -112.769 213.428 10
    endloop
  endfacet
  facet normal 0 0 1
    outer loop
      vertex -111.664 215.574 10
      vertex -111.874 215.364 10
      vertex -112.769 213.428 10
    endloop
  endfacet
  facet normal 0 0 1
    outer loop
      vertex -111.874 215.364 10
      vertex -111.974 215.32 10
      vertex -112.801 213.583 10
    endloop
  endfacet
  facet normal 0 0 1
    outer loop
      vertex -113.575 210.785 10
      vertex -114.525 208.805 10
      vertex -113.168 207.528 10
    endloop
  endfacet
  facet normal 0 0 1
    outer loop
      vertex -113.069 212.608 10
      vertex -113.094 212.565 10
      vertex -113.575 210.785 10
    endloop
  endfacet
  facet normal 0 0 1
    outer loop
      vertex -112.757 218.742 10
      vertex -112.329 216.307 10
      vertex -112.199 216.271 10
    endloop
  endfacet
  facet normal 0 0 1
    outer loop
      vertex -113.391 215.265 10
      vertex -112.975 213.615 10
      vertex -112.801 213.583 10
    endloop
  endfacet
  facet normal 0 0 1
    outer loop
      vertex -111.749 219.692 10
      vertex -111.818 219.508 10
      vertex -111.669 215.791 10
    endloop
  endfacet
  facet normal 0 0 1
    outer loop
      vertex -111.669 215.791 10
      vertex -111.818 219.508 10
      vertex -112.199 216.271 10
    endloop
  endfacet
  facet normal 0 -0 1
    outer loop
      vertex -84.9314 199.34 10
      vertex -84.79 199.44 10
      vertex -111.664 215.574 10
    endloop
  endfacet
  facet normal -0 -0 1
    outer loop
      vertex -111.664 215.574 10
      vertex -84.79 199.44 10
      vertex -111.669 215.791 10
    endloop
  endfacet
  facet normal -0 0 1
    outer loop
      vertex -113.572 210.909 10
      vertex -113.575 210.785 10
      vertex -113.094 212.565 10
    endloop
  endfacet
  facet normal 0 0 1
    outer loop
      vertex -112.975 213.615 10
      vertex -113.391 215.265 10
      vertex -113.698 213.268 10
    endloop
  endfacet
  facet normal 0 0 1
    outer loop
      vertex -114.669 211.619 10
      vertex -114.392 211.044 10
      vertex -113.842 211.204 10
    endloop
  endfacet
  facet normal 0 0 1
    outer loop
      vertex -116.281 212.623 10
      vertex -117.163 210.479 10
      vertex -116.002 210.014 10
    endloop
  endfacet
  facet normal 0 0 1
    outer loop
      vertex -111.974 215.32 10
      vertex -113.391 215.265 10
      vertex -112.801 213.583 10
    endloop
  endfacet
  facet normal -0 0 1
    outer loop
      vertex -113.514 212.055 10
      vertex -113.572 210.909 10
      vertex -113.094 212.565 10
    endloop
  endfacet
  facet normal 0 0 1
    outer loop
      vertex -111.874 215.364 10
      vertex -112.801 213.583 10
      vertex -112.769 213.428 10
    endloop
  endfacet
  facet normal -0 0 1
    outer loop
      vertex -113.579 212.009 10
      vertex -113.662 211.119 10
      vertex -113.514 212.055 10
    endloop
  endfacet
  facet normal 0 -0 1
    outer loop
      vertex -114.841 210.309 10
      vertex -114.803 211.635 10
      vertex -116.002 210.014 10
    endloop
  endfacet
  facet normal 0 0 1
    outer loop
      vertex -116.863 212.667 10
      vertex -117.163 210.479 10
      vertex -116.281 212.623 10
    endloop
  endfacet
  facet normal 0 0 1
    outer loop
      vertex -117.299 210.55 10
      vertex -117.749 212.118 10
      vertex -118.403 210.484 10
    endloop
  endfacet
  facet normal 0 -0 1
    outer loop
      vertex -117.299 210.55 10
      vertex -116.863 212.667 10
      vertex -117.749 212.118 10
    endloop
  endfacet
  facet normal -0 0 1
    outer loop
      vertex -112.378 205.899 10
      vertex -112.329 205.729 10
      vertex -111.664 215.574 10
    endloop
  endfacet
  facet normal 0 0 1
    outer loop
      vertex -116.405 202.219 10
      vertex -119.408 205.064 10
      vertex -118.709 202.456 10
    endloop
  endfacet
  facet normal 0 0 1
    outer loop
      vertex -118.916 207.535 10
      vertex -119.216 206.095 10
      vertex -118.788 206.187 10
    endloop
  endfacet
  facet normal 0 0 1
    outer loop
      vertex -112.378 205.899 10
      vertex -112.939 207.219 10
      vertex -113.017 207.134 10
    endloop
  endfacet
  facet normal -0 0 1
    outer loop
      vertex -119.408 205.064 10
      vertex -116.405 202.219 10
      vertex -117.63 206.581 10
    endloop
  endfacet
  facet normal 0 0 1
    outer loop
      vertex -117.163 210.479 10
      vertex -117.016 210.243 10
      vertex -116.002 210.014 10
    endloop
  endfacet
  facet normal 0 0 1
    outer loop
      vertex -112.378 205.899 10
      vertex -112.988 207.388 10
      vertex -112.939 207.219 10
    endloop
  endfacet
  facet normal 0 0 1
    outer loop
      vertex -114.699 208.725 10
      vertex -116.367 207.723 10
      vertex -116.258 207.717 10
    endloop
  endfacet
  facet normal 0 0 1
    outer loop
      vertex -114.482 210.971 10
      vertex -114.803 211.635 10
      vertex -114.841 210.309 10
    endloop
  endfacet
  facet normal 0 0 1
    outer loop
      vertex -114.669 211.619 10
      vertex -114.482 210.971 10
      vertex -114.392 211.044 10
    endloop
  endfacet
  facet normal 0 0 1
    outer loop
      vertex -114.669 211.619 10
      vertex -114.803 211.635 10
      vertex -114.482 210.971 10
    endloop
  endfacet
  facet normal 0 0 1
    outer loop
      vertex -113.579 212.009 10
      vertex -114.669 211.619 10
      vertex -113.842 211.204 10
    endloop
  endfacet
  facet normal 0 0 1
    outer loop
      vertex -113.579 212.009 10
      vertex -113.842 211.204 10
      vertex -113.662 211.119 10
    endloop
  endfacet
  facet normal -0 0 1
    outer loop
      vertex -114.699 208.725 10
      vertex -113.294 207.556 10
      vertex -114.525 208.805 10
    endloop
  endfacet
  facet normal 0 0 1
    outer loop
      vertex -113.514 212.055 10
      vertex -113.662 211.119 10
      vertex -113.572 210.909 10
    endloop
  endfacet
  facet normal -0 -0 1
    outer loop
      vertex -113.294 207.556 10
      vertex -113.168 207.528 10
      vertex -114.525 208.805 10
    endloop
  endfacet
  facet normal 0 0 1
    outer loop
      vertex -117.777 207.263 10
      vertex -118.916 207.535 10
      vertex -117.841 207.221 10
    endloop
  endfacet
  facet normal 0 0 1
    outer loop
      vertex -116.405 202.219 10
      vertex -115.365 206.421 10
      vertex -115.409 206.432 10
    endloop
  endfacet
  facet normal 0 0 1
    outer loop
      vertex -117.841 207.221 10
      vertex -118.916 207.535 10
      vertex -118.788 206.187 10
    endloop
  endfacet
  facet normal 0 0 1
    outer loop
      vertex -117.777 207.263 10
      vertex -118.023 209.612 10
      vertex -118.916 207.535 10
    endloop
  endfacet
  facet normal 0 0 1
    outer loop
      vertex -116.367 207.723 10
      vertex -118.023 209.612 10
      vertex -117.777 207.263 10
    endloop
  endfacet
  facet normal 0 0 1
    outer loop
      vertex -114.699 208.725 10
      vertex -118.023 209.612 10
      vertex -116.367 207.723 10
    endloop
  endfacet
  facet normal 0 -0 1
    outer loop
      vertex -115.015 207.158 10
      vertex -114.699 208.725 10
      vertex -116.258 207.717 10
    endloop
  endfacet
  facet normal 0 0 1
    outer loop
      vertex -84.9314 199.34 10
      vertex -111.664 215.574 10
      vertex -112.329 205.729 10
    endloop
  endfacet
  facet normal 0 0 1
    outer loop
      vertex -113.294 207.556 10
      vertex -114.699 208.725 10
      vertex -115.015 207.158 10
    endloop
  endfacet
  facet normal 0 0 1
    outer loop
      vertex -111.664 215.574 10
      vertex -112.769 213.428 10
      vertex -112.378 205.899 10
    endloop
  endfacet
  facet normal -0 0 1
    outer loop
      vertex -112.988 207.388 10
      vertex -112.378 205.899 10
      vertex -112.769 213.428 10
    endloop
  endfacet
  facet normal 0 0 1
    outer loop
      vertex -89.2862 194.909 10
      vertex -112.329 205.729 10
      vertex -89.4164 194.793 10
    endloop
  endfacet
  facet normal 0 -0 1
    outer loop
      vertex -89.2862 194.909 10
      vertex -84.9314 199.34 10
      vertex -112.329 205.729 10
    endloop
  endfacet
  facet normal 0 0 1
    outer loop
      vertex -113.017 207.134 10
      vertex -113.56 206.814 10
      vertex -112.378 205.899 10
    endloop
  endfacet
  facet normal -0 0 1
    outer loop
      vertex -113.56 206.884 10
      vertex -113.56 206.814 10
      vertex -113.017 207.134 10
    endloop
  endfacet
  facet normal 0 0 1
    outer loop
      vertex -91.3064 192.49 10
      vertex -112.329 205.729 10
      vertex -91.4499 192.344 10
    endloop
  endfacet
  facet normal 0 0 1
    outer loop
      vertex -113.746 202.194 10
      vertex -112.4 205.647 10
      vertex -112.61 205.537 10
    endloop
  endfacet
  facet normal 0 -0 1
    outer loop
      vertex -91.3064 192.49 10
      vertex -89.4164 194.793 10
      vertex -112.329 205.729 10
    endloop
  endfacet
  facet normal 0 0 1
    outer loop
      vertex -116.273 202.102 10
      vertex -116.388 201.923 10
      vertex -115.267 201.135 10
    endloop
  endfacet
  facet normal 0 0 1
    outer loop
      vertex -115.252 201.148 10
      vertex -116.273 202.102 10
      vertex -115.267 201.135 10
    endloop
  endfacet
  facet normal 0 0 1
    outer loop
      vertex -113.794 206.265 10
      vertex -115.365 206.421 10
      vertex -113.922 202.188 10
    endloop
  endfacet
  facet normal 0 0 1
    outer loop
      vertex -115.409 206.432 10
      vertex -117.63 206.581 10
      vertex -116.405 202.219 10
    endloop
  endfacet
  facet normal 0 0 1
    outer loop
      vertex -115.365 206.421 10
      vertex -116.405 202.219 10
      vertex -113.922 202.188 10
    endloop
  endfacet
  facet normal -0 0 1
    outer loop
      vertex -119.586 203.538 10
      vertex -118.709 202.456 10
      vertex -119.408 205.064 10
    endloop
  endfacet
  facet normal -0 0 1
    outer loop
      vertex -117.63 206.581 10
      vertex -115.409 206.432 10
      vertex -116.69 206.977 10
    endloop
  endfacet
  facet normal -0 -0 1
    outer loop
      vertex -119.185 202.764 10
      vertex -118.709 202.456 10
      vertex -119.586 203.538 10
    endloop
  endfacet
  facet normal 0 -0 1
    outer loop
      vertex -118.996 198.192 10
      vertex -117.935 198.408 10
      vertex -119.039 199.426 10
    endloop
  endfacet
  facet normal 0 0 1
    outer loop
      vertex -118.578 200.683 10
      vertex -115.267 201.135 10
      vertex -117.779 201.624 10
    endloop
  endfacet
  facet normal 0 0 1
    outer loop
      vertex -116.393 194.4 10
      vertex -117.125 195.034 10
      vertex -116.7 194.4 10
    endloop
  endfacet
  facet normal 0 0 1
    outer loop
      vertex -116.405 202.219 10
      vertex -116.273 202.102 10
      vertex -113.922 202.188 10
    endloop
  endfacet
  facet normal 0 0 1
    outer loop
      vertex -113.922 202.188 10
      vertex -116.273 202.102 10
      vertex -115.252 201.148 10
    endloop
  endfacet
  facet normal -0 0 1
    outer loop
      vertex -112.4 205.647 10
      vertex -113.725 201.963 10
      vertex -112.329 205.729 10
    endloop
  endfacet
  facet normal 0 0 1
    outer loop
      vertex -116.388 201.923 10
      vertex -117.779 201.624 10
      vertex -115.267 201.135 10
    endloop
  endfacet
  facet normal 0 0 1
    outer loop
      vertex -115.267 201.135 10
      vertex -118.578 200.683 10
      vertex -117.935 198.408 10
    endloop
  endfacet
  facet normal 0 0 1
    outer loop
      vertex -118.578 200.683 10
      vertex -119.039 199.426 10
      vertex -117.935 198.408 10
    endloop
  endfacet
  facet normal -0 0 1
    outer loop
      vertex -118.148 195.907 10
      vertex -117.247 195.1 10
      vertex -117.865 197.002 10
    endloop
  endfacet
  facet normal -0 0 1
    outer loop
      vertex -113.725 201.963 10
      vertex -113.396 195.992 10
      vertex -112.329 205.729 10
    endloop
  endfacet
  facet normal 0 0 1
    outer loop
      vertex -113.922 202.188 10
      vertex -112.766 205.547 10
      vertex -113.794 206.265 10
    endloop
  endfacet
  facet normal 0 -0 1
    outer loop
      vertex -114.999 195.798 10
      vertex -114.269 196.108 10
      vertex -115.584 199.855 10
    endloop
  endfacet
  facet normal 0 -0 1
    outer loop
      vertex -113.746 202.194 10
      vertex -112.766 205.547 10
      vertex -113.922 202.188 10
    endloop
  endfacet
  facet normal 0 0 1
    outer loop
      vertex -112.61 205.537 10
      vertex -112.766 205.547 10
      vertex -113.746 202.194 10
    endloop
  endfacet
  facet normal 0 0 1
    outer loop
      vertex -112.4 205.647 10
      vertex -113.746 202.194 10
      vertex -113.725 201.963 10
    endloop
  endfacet
  facet normal -0 -0 1
    outer loop
      vertex -117.247 195.1 10
      vertex -117.125 195.034 10
      vertex -117.865 197.002 10
    endloop
  endfacet
  facet normal 0 0 1
    outer loop
      vertex -115.584 199.855 10
      vertex -117.986 197.188 10
      vertex -117.865 197.002 10
    endloop
  endfacet
  facet normal 0 0 1
    outer loop
      vertex -117.986 197.188 10
      vertex -118.39 197.525 10
      vertex -118.273 197.235 10
    endloop
  endfacet
  facet normal -0 0 1
    outer loop
      vertex -115.981 192.635 10
      vertex -113.975 190.67 10
      vertex -113.307 192.819 10
    endloop
  endfacet
  facet normal 0 0 1
    outer loop
      vertex -118.148 195.907 10
      vertex -118.082 195.117 10
      vertex -117.247 195.1 10
    endloop
  endfacet
  facet normal 0 0 1
    outer loop
      vertex -115.584 199.855 10
      vertex -118.39 197.525 10
      vertex -117.986 197.188 10
    endloop
  endfacet
  facet normal 0 -0 1
    outer loop
      vertex -116.393 194.4 10
      vertex -115.047 195.765 10
      vertex -117.125 195.034 10
    endloop
  endfacet
  facet normal 0 -0 1
    outer loop
      vertex -115.981 192.635 10
      vertex -113.307 192.819 10
      vertex -116.049 192.746 10
    endloop
  endfacet
  facet normal 0 -0 1
    outer loop
      vertex -115.268 188.014 10
      vertex -114.035 190.604 10
      vertex -115.552 188.441 10
    endloop
  endfacet
  facet normal 0 0 1
    outer loop
      vertex -115.047 195.765 10
      vertex -117.865 197.002 10
      vertex -117.125 195.034 10
    endloop
  endfacet
  facet normal 0 -0 1
    outer loop
      vertex -116.049 192.746 10
      vertex -114.631 195.477 10
      vertex -116.581 193.508 10
    endloop
  endfacet
  facet normal -0 0 1
    outer loop
      vertex -113.396 195.992 10
      vertex -91.4499 192.344 10
      vertex -112.329 205.729 10
    endloop
  endfacet
  facet normal 0 0 1
    outer loop
      vertex -114.999 195.798 10
      vertex -117.865 197.002 10
      vertex -115.047 195.765 10
    endloop
  endfacet
  facet normal 0 0 1
    outer loop
      vertex -114.035 190.604 10
      vertex -115.981 192.635 10
      vertex -115.552 188.441 10
    endloop
  endfacet
  facet normal -0 -0 1
    outer loop
      vertex -116.422 192.986 10
      vertex -116.049 192.746 10
      vertex -116.581 193.508 10
    endloop
  endfacet
  facet normal -0 0 1
    outer loop
      vertex -117.865 197.002 10
      vertex -114.999 195.798 10
      vertex -115.584 199.855 10
    endloop
  endfacet
  facet normal 0 0 1
    outer loop
      vertex -115.584 199.855 10
      vertex -114.269 196.108 10
      vertex -114.206 196.12 10
    endloop
  endfacet
  facet normal -0 0 1
    outer loop
      vertex -115.584 199.855 10
      vertex -114.206 196.12 10
      vertex -115.55 199.895 10
    endloop
  endfacet
  facet normal -0 -0 1
    outer loop
      vertex -114.206 196.12 10
      vertex -113.536 196.1 10
      vertex -115.55 199.895 10
    endloop
  endfacet
  facet normal 0 0 1
    outer loop
      vertex -113.536 196.1 10
      vertex -115.19 200.517 10
      vertex -115.55 199.895 10
    endloop
  endfacet
  facet normal 0 0 1
    outer loop
      vertex -113.725 201.963 10
      vertex -113.536 196.1 10
      vertex -113.396 195.992 10
    endloop
  endfacet
  facet normal 0 0 1
    outer loop
      vertex -113.725 201.963 10
      vertex -115.19 200.517 10
      vertex -113.536 196.1 10
    endloop
  endfacet
  facet normal -0 0 1
    outer loop
      vertex -113.493 190.658 10
      vertex -112.956 190.584 10
      vertex -112.867 190.769 10
    endloop
  endfacet
  facet normal -0 -0 1
    outer loop
      vertex -115.431 188.068 10
      vertex -115.268 188.014 10
      vertex -115.552 188.441 10
    endloop
  endfacet
  facet normal 0 0 1
    outer loop
      vertex -110.542 181.985 10
      vertex -111.058 188.798 10
      vertex -111.55 187.795 10
    endloop
  endfacet
  facet normal 0 -0 1
    outer loop
      vertex -114.035 190.604 10
      vertex -113.975 190.67 10
      vertex -115.981 192.635 10
    endloop
  endfacet
  facet normal -0 0 1
    outer loop
      vertex -111.699 187.89 10
      vertex -111.55 187.795 10
      vertex -111.213 188.805 10
    endloop
  endfacet
  facet normal -0 0 1
    outer loop
      vertex -114.353 186.593 10
      vertex -114.201 186.216 10
      vertex -111.638 187.599 10
    endloop
  endfacet
  facet normal 0 -0 1
    outer loop
      vertex -114.195 186.123 10
      vertex -111.638 187.599 10
      vertex -114.201 186.216 10
    endloop
  endfacet
  facet normal 0 0 1
    outer loop
      vertex -113.975 190.67 10
      vertex -113.715 190.82 10
      vertex -113.307 192.819 10
    endloop
  endfacet
  facet normal 0 0 1
    outer loop
      vertex -116.049 192.746 10
      vertex -113.307 192.819 10
      vertex -113.235 192.98 10
    endloop
  endfacet
  facet normal 0 -0 1
    outer loop
      vertex -113.54 190.801 10
      vertex -113.307 192.819 10
      vertex -113.715 190.82 10
    endloop
  endfacet
  facet normal 0 -0 1
    outer loop
      vertex -113.493 190.658 10
      vertex -112.867 190.769 10
      vertex -113.54 190.801 10
    endloop
  endfacet
  facet normal 0 0 1
    outer loop
      vertex -113.396 195.992 10
      vertex -111.275 190.367 10
      vertex -91.4499 192.344 10
    endloop
  endfacet
  facet normal -0 0 1
    outer loop
      vertex -111.233 190.288 10
      vertex -92.5421 188.218 10
      vertex -91.4499 192.344 10
    endloop
  endfacet
  facet normal -0 -0 1
    outer loop
      vertex -113.021 192.905 10
      vertex -111.675 190.757 10
      vertex -113.396 195.992 10
    endloop
  endfacet
  facet normal 0 0 1
    outer loop
      vertex -113.235 192.98 10
      vertex -113.498 195.806 10
      vertex -114.631 195.477 10
    endloop
  endfacet
  facet normal 0 0 1
    outer loop
      vertex -114.631 195.477 10
      vertex -116.049 192.746 10
      vertex -113.235 192.98 10
    endloop
  endfacet
  facet normal -0 0 1
    outer loop
      vertex -113.54 190.801 10
      vertex -112.867 190.769 10
      vertex -113.307 192.819 10
    endloop
  endfacet
  facet normal 0 0 1
    outer loop
      vertex -113.396 195.992 10
      vertex -113.498 195.806 10
      vertex -113.021 192.905 10
    endloop
  endfacet
  facet normal 0 0 1
    outer loop
      vertex -113.021 192.905 10
      vertex -113.498 195.806 10
      vertex -113.235 192.98 10
    endloop
  endfacet
  facet normal 0 0 1
    outer loop
      vertex -111.799 190.799 10
      vertex -113.021 192.905 10
      vertex -112.164 190.753 10
    endloop
  endfacet
  facet normal 0 0 1
    outer loop
      vertex -111.275 190.367 10
      vertex -113.396 195.992 10
      vertex -111.675 190.757 10
    endloop
  endfacet
  facet normal 0 0 1
    outer loop
      vertex -113.021 192.905 10
      vertex -111.799 190.799 10
      vertex -111.675 190.757 10
    endloop
  endfacet
  facet normal -0 0 1
    outer loop
      vertex -111.275 190.367 10
      vertex -111.233 190.288 10
      vertex -91.4499 192.344 10
    endloop
  endfacet
  facet normal -0 -0 1
    outer loop
      vertex -110.983 188.958 10
      vertex -92.5421 188.218 10
      vertex -111.233 190.288 10
    endloop
  endfacet
  facet normal 0 -0 1
    outer loop
      vertex -93.816 182.805 10
      vertex -92.5421 188.218 10
      vertex -110.983 188.958 10
    endloop
  endfacet
  facet normal 0 0 1
    outer loop
      vertex -93.816 182.805 10
      vertex -110.983 188.958 10
      vertex -95.5795 180.312 10
    endloop
  endfacet
  facet normal 0 0 1
    outer loop
      vertex -111.933 188.21 10
      vertex -112.003 187.871 10
      vertex -111.699 187.89 10
    endloop
  endfacet
  facet normal 0 0 1
    outer loop
      vertex -113.546 187.591 10
      vertex -113.764 189.369 10
      vertex -114.738 187.687 10
    endloop
  endfacet
  facet normal 0 -0 1
    outer loop
      vertex -113.546 187.591 10
      vertex -112.972 189.36 10
      vertex -113.764 189.369 10
    endloop
  endfacet
  facet normal 0 0 1
    outer loop
      vertex -112.82 189.52 10
      vertex -112.972 189.36 10
      vertex -112.153 188.371 10
    endloop
  endfacet
  facet normal 0 -0 1
    outer loop
      vertex -112.82 189.52 10
      vertex -111.99 189.981 10
      vertex -112.841 189.826 10
    endloop
  endfacet
  facet normal 0 0 1
    outer loop
      vertex -112.82 189.52 10
      vertex -112.153 188.371 10
      vertex -111.597 189.09 10
    endloop
  endfacet
  facet normal 0 0 1
    outer loop
      vertex -113.546 187.591 10
      vertex -114.738 187.687 10
      vertex -114.553 187.343 10
    endloop
  endfacet
  facet normal 0 0 1
    outer loop
      vertex -111.597 189.09 10
      vertex -111.978 188.35 10
      vertex -111.543 189.025 10
    endloop
  endfacet
  facet normal 0 0 1
    outer loop
      vertex -112.972 189.36 10
      vertex -113.546 187.591 10
      vertex -112.153 188.371 10
    endloop
  endfacet
  facet normal 0 0 1
    outer loop
      vertex -111.213 188.805 10
      vertex -111.543 189.025 10
      vertex -111.978 188.35 10
    endloop
  endfacet
  facet normal 0 -0 1
    outer loop
      vertex -111.956 181.054 10
      vertex -111.433 181.649 10
      vertex -114.24 184.898 10
    endloop
  endfacet
  facet normal 0 0 1
    outer loop
      vertex -111.597 189.09 10
      vertex -112.153 188.371 10
      vertex -111.978 188.35 10
    endloop
  endfacet
  facet normal 0 -0 1
    outer loop
      vertex -111.699 187.89 10
      vertex -111.213 188.805 10
      vertex -111.933 188.21 10
    endloop
  endfacet
  facet normal 0 -0 1
    outer loop
      vertex -111.933 188.21 10
      vertex -111.213 188.805 10
      vertex -111.978 188.35 10
    endloop
  endfacet
  facet normal 0 0 1
    outer loop
      vertex -110.716 182.015 10
      vertex -111.638 187.599 10
      vertex -114.24 184.898 10
    endloop
  endfacet
  facet normal -0 0 1
    outer loop
      vertex -114.195 186.123 10
      vertex -114.24 184.898 10
      vertex -111.638 187.599 10
    endloop
  endfacet
  facet normal 0 0 1
    outer loop
      vertex -111.55 187.795 10
      vertex -111.058 188.798 10
      vertex -111.213 188.805 10
    endloop
  endfacet
  facet normal 0 0 1
    outer loop
      vertex -110.716 182.015 10
      vertex -114.24 184.898 10
      vertex -111.386 181.685 10
    endloop
  endfacet
  facet normal 0 0 1
    outer loop
      vertex -114.195 186.123 10
      vertex -114.375 185.42 10
      vertex -114.24 184.898 10
    endloop
  endfacet
  facet normal 0 -0 1
    outer loop
      vertex -111.433 181.649 10
      vertex -111.386 181.685 10
      vertex -114.24 184.898 10
    endloop
  endfacet
  facet normal 0 0 1
    outer loop
      vertex -110.036 178.084 10
      vertex -110.528 181.793 10
      vertex -111.622 180.259 10
    endloop
  endfacet
  facet normal 0 -0 1
    outer loop
      vertex -109.265 177.497 10
      vertex -109.124 177.536 10
      vertex -110.036 178.084 10
    endloop
  endfacet
  facet normal -0 -0 1
    outer loop
      vertex -109.124 177.536 10
      vertex -108.474 177.376 10
      vertex -110.528 181.793 10
    endloop
  endfacet
  facet normal 0 0 1
    outer loop
      vertex -111.638 187.599 10
      vertex -110.716 182.015 10
      vertex -110.542 181.985 10
    endloop
  endfacet
  facet normal -0 0 1
    outer loop
      vertex -111.638 187.599 10
      vertex -110.542 181.985 10
      vertex -111.55 187.795 10
    endloop
  endfacet
  facet normal 0 0 1
    outer loop
      vertex -110.542 181.985 10
      vertex -110.983 188.958 10
      vertex -111.058 188.798 10
    endloop
  endfacet
  facet normal 0 0 1
    outer loop
      vertex -108.474 177.376 10
      vertex -110.542 181.985 10
      vertex -110.528 181.793 10
    endloop
  endfacet
  facet normal 0 0 1
    outer loop
      vertex -95.5795 180.312 10
      vertex -110.983 188.958 10
      vertex -110.542 181.985 10
    endloop
  endfacet
  facet normal 0 0 1
    outer loop
      vertex -111.622 180.259 10
      vertex -111.667 179.187 10
      vertex -110.036 178.084 10
    endloop
  endfacet
  facet normal 0 -0 1
    outer loop
      vertex -108.474 177.376 10
      vertex -95.5795 180.312 10
      vertex -110.542 181.985 10
    endloop
  endfacet
  facet normal 0 0 1
    outer loop
      vertex -110.214 177.535 10
      vertex -110.149 177.003 10
      vertex -109.727 177.044 10
    endloop
  endfacet
  facet normal 0 0 1
    outer loop
      vertex -107.568 173.201 10
      vertex -107.471 173.076 10
      vertex -106.156 172.33 10
    endloop
  endfacet
  facet normal 0 -0 1
    outer loop
      vertex -108.854 174.646 10
      vertex -108.421 177.109 10
      vertex -109.182 175.429 10
    endloop
  endfacet
  facet normal -0 0 1
    outer loop
      vertex -109.545 176.28 10
      vertex -109.182 175.429 10
      vertex -108.421 177.109 10
    endloop
  endfacet
  facet normal 0 0 1
    outer loop
      vertex -109.994 177.879 10
      vertex -110.214 177.535 10
      vertex -109.727 177.044 10
    endloop
  endfacet
  facet normal -0 -0 1
    outer loop
      vertex -109.994 177.879 10
      vertex -109.265 177.497 10
      vertex -110.036 178.084 10
    endloop
  endfacet
  facet normal 0 0 1
    outer loop
      vertex -108.854 174.646 10
      vertex -108.593 173.583 10
      vertex -107.568 173.201 10
    endloop
  endfacet
  facet normal -0 -0 1
    outer loop
      vertex -110.036 178.084 10
      vertex -109.124 177.536 10
      vertex -110.528 181.793 10
    endloop
  endfacet
  facet normal 0 0 1
    outer loop
      vertex -103.628 172.124 10
      vertex -106.016 172.222 10
      vertex -104.245 171.488 10
    endloop
  endfacet
  facet normal 0 -0 1
    outer loop
      vertex -108.36 177.241 10
      vertex -95.5795 180.312 10
      vertex -108.474 177.376 10
    endloop
  endfacet
  facet normal -0 0 1
    outer loop
      vertex -109.184 175.307 10
      vertex -108.924 174.739 10
      vertex -109.182 175.429 10
    endloop
  endfacet
  facet normal 0 0 1
    outer loop
      vertex -109.182 175.429 10
      vertex -108.924 174.739 10
      vertex -108.854 174.646 10
    endloop
  endfacet
  facet normal -0 0 1
    outer loop
      vertex -109.336 174.98 10
      vertex -108.924 174.739 10
      vertex -109.184 175.307 10
    endloop
  endfacet
  facet normal 0 0 1
    outer loop
      vertex -107.568 173.201 10
      vertex -108.421 177.109 10
      vertex -108.854 174.646 10
    endloop
  endfacet
  facet normal 0 0 1
    outer loop
      vertex -106.156 172.33 10
      vertex -108.36 177.241 10
      vertex -107.568 173.201 10
    endloop
  endfacet
  facet normal 0 0 1
    outer loop
      vertex -108.36 177.241 10
      vertex -108.421 177.109 10
      vertex -107.568 173.201 10
    endloop
  endfacet
  facet normal 0 0 1
    outer loop
      vertex -103.586 172.155 10
      vertex -106.016 172.222 10
      vertex -103.628 172.124 10
    endloop
  endfacet
  facet normal 0 0 1
    outer loop
      vertex -102.06 173.274 10
      vertex -103.586 172.155 10
      vertex -102.357 172.755 10
    endloop
  endfacet
  facet normal 0 -0 1
    outer loop
      vertex -104.927 171.355 10
      vertex -104.245 171.488 10
      vertex -106.016 172.222 10
    endloop
  endfacet
  facet normal 0 0 1
    outer loop
      vertex -105.677 171.64 10
      vertex -106.016 172.222 10
      vertex -106.064 172.065 10
    endloop
  endfacet
  facet normal 0 0 1
    outer loop
      vertex -106.064 172.065 10
      vertex -105.758 171.647 10
      vertex -105.677 171.64 10
    endloop
  endfacet
  facet normal -0 -0 1
    outer loop
      vertex -107.395 172.366 10
      vertex -106.156 172.33 10
      vertex -107.471 173.076 10
    endloop
  endfacet
  facet normal 0 -0 1
    outer loop
      vertex -106.353 171.365 10
      vertex -106.238 171.557 10
      vertex -106.961 171.314 10
    endloop
  endfacet
  facet normal 0 0 1
    outer loop
      vertex -106.27 171.098 10
      vertex -106.353 171.365 10
      vertex -106.653 171.073 10
    endloop
  endfacet
  facet normal 0 0 1
    outer loop
      vertex -99.391 170.793 10
      vertex -99.3267 170.591 10
      vertex -97.6965 170.359 10
    endloop
  endfacet
  facet normal 0 0 1
    outer loop
      vertex -105.758 171.647 10
      vertex -106.064 172.065 10
      vertex -106.238 171.557 10
    endloop
  endfacet
  facet normal 0 -0 1
    outer loop
      vertex -106.653 171.073 10
      vertex -106.353 171.365 10
      vertex -106.961 171.314 10
    endloop
  endfacet
  facet normal 0 -0 1
    outer loop
      vertex -106.238 171.557 10
      vertex -106.064 172.065 10
      vertex -106.961 171.314 10
    endloop
  endfacet
  facet normal 0 0 1
    outer loop
      vertex -99.391 170.793 10
      vertex -101.786 173.157 10
      vertex -99.5653 170.767 10
    endloop
  endfacet
  facet normal 0 0 1
    outer loop
      vertex -104.927 171.355 10
      vertex -106.016 172.222 10
      vertex -105.677 171.64 10
    endloop
  endfacet
  facet normal -0 -0 1
    outer loop
      vertex -102.204 170.543 10
      vertex -100.265 170.077 10
      vertex -102.384 171.169 10
    endloop
  endfacet
  facet normal 0 0 1
    outer loop
      vertex -100.688 168.672 10
      vertex -99.8805 169.592 10
      vertex -100.673 169.25 10
    endloop
  endfacet
  facet normal 0 0 1
    outer loop
      vertex -106.156 172.33 10
      vertex -106.016 172.222 10
      vertex -103.586 172.155 10
    endloop
  endfacet
  facet normal 0 0 1
    outer loop
      vertex -100.265 170.077 10
      vertex -102.204 170.543 10
      vertex -100.843 169.835 10
    endloop
  endfacet
  facet normal 0 -0 1
    outer loop
      vertex -102.06 173.274 10
      vertex -101.899 173.347 10
      vertex -108.36 177.241 10
    endloop
  endfacet
  facet normal 0 -0 1
    outer loop
      vertex -101.899 173.347 10
      vertex -95.5795 180.312 10
      vertex -108.36 177.241 10
    endloop
  endfacet
  facet normal 0 -0 1
    outer loop
      vertex -106.156 172.33 10
      vertex -102.06 173.274 10
      vertex -108.36 177.241 10
    endloop
  endfacet
  facet normal 0 0 1
    outer loop
      vertex -95.4875 180.161 10
      vertex -101.899 173.347 10
      vertex -94.7799 175.516 10
    endloop
  endfacet
  facet normal 0 0 1
    outer loop
      vertex -95.4875 180.161 10
      vertex -95.5795 180.312 10
      vertex -101.899 173.347 10
    endloop
  endfacet
  facet normal 0 0 1
    outer loop
      vertex -99.3267 170.591 10
      vertex -98.4001 168.99 10
      vertex -97.7898 170.228 10
    endloop
  endfacet
  facet normal 0 0 1
    outer loop
      vertex -99.5653 170.767 10
      vertex -102.384 171.169 10
      vertex -100.265 170.077 10
    endloop
  endfacet
  facet normal 0 0 1
    outer loop
      vertex -97.3764 170.489 10
      vertex -99.391 170.793 10
      vertex -97.6965 170.359 10
    endloop
  endfacet
  facet normal 0 0 1
    outer loop
      vertex -101.786 173.157 10
      vertex -102.384 171.169 10
      vertex -99.5653 170.767 10
    endloop
  endfacet
  facet normal 0 0 1
    outer loop
      vertex -94.7799 175.516 10
      vertex -99.391 170.793 10
      vertex -97.3764 170.489 10
    endloop
  endfacet
  facet normal 0 0 1
    outer loop
      vertex -94.7799 175.516 10
      vertex -101.786 173.157 10
      vertex -99.391 170.793 10
    endloop
  endfacet
  facet normal 0 0 1
    outer loop
      vertex -97.6965 170.359 10
      vertex -99.3267 170.591 10
      vertex -97.7898 170.228 10
    endloop
  endfacet
  facet normal 0 0 1
    outer loop
      vertex -98.4001 168.99 10
      vertex -99.8067 169.661 10
      vertex -99.8805 169.592 10
    endloop
  endfacet
  facet normal -0 0 1
    outer loop
      vertex -100.688 168.672 10
      vertex -99.1858 167.939 10
      vertex -99.8805 169.592 10
    endloop
  endfacet
  facet normal 0 0 1
    outer loop
      vertex -98.1657 168.396 10
      vertex -98.6252 167.716 10
      vertex -97.8095 167.866 10
    endloop
  endfacet
  facet normal -0 0 1
    outer loop
      vertex -98.6252 167.716 10
      vertex -97.945 167.498 10
      vertex -97.8095 167.866 10
    endloop
  endfacet
  facet normal 0 0 1
    outer loop
      vertex -97.6108 167.923 10
      vertex -98.13 168.896 10
      vertex -98.14 168.476 10
    endloop
  endfacet
  facet normal 0 -0 1
    outer loop
      vertex -98.2317 169.042 10
      vertex -97.7898 170.228 10
      vertex -98.4001 168.99 10
    endloop
  endfacet
  facet normal 0 0 1
    outer loop
      vertex -97.7898 170.228 10
      vertex -98.2317 169.042 10
      vertex -97.6938 170.08 10
    endloop
  endfacet
  facet normal 0 -0 1
    outer loop
      vertex -97.6108 167.923 10
      vertex -96.3109 169.548 10
      vertex -98.13 168.896 10
    endloop
  endfacet
  facet normal 0 0 1
    outer loop
      vertex -97.6108 167.923 10
      vertex -98.14 168.476 10
      vertex -98.1657 168.396 10
    endloop
  endfacet
  facet normal 0 0 1
    outer loop
      vertex -97.6108 167.923 10
      vertex -98.1657 168.396 10
      vertex -97.8095 167.866 10
    endloop
  endfacet
  facet normal 0 -0 1
    outer loop
      vertex -98.526 167.4 10
      vertex -97.945 167.498 10
      vertex -98.6252 167.716 10
    endloop
  endfacet
  facet normal 0 0 1
    outer loop
      vertex -97.7919 167.69 10
      vertex -97.8095 167.866 10
      vertex -97.945 167.498 10
    endloop
  endfacet
  facet normal -0 0 1
    outer loop
      vertex -97.945 167.498 10
      vertex -97.7871 167.419 10
      vertex -97.7919 167.69 10
    endloop
  endfacet
  facet normal -0 -0 1
    outer loop
      vertex -97.776 167.308 10
      vertex -97.3261 167.168 10
      vertex -97.7871 167.419 10
    endloop
  endfacet
  facet normal 0 0 1
    outer loop
      vertex -97.833 167.113 10
      vertex -97.3261 167.168 10
      vertex -97.776 167.308 10
    endloop
  endfacet
  facet normal 0.74613 0.6658 0
    outer loop
      vertex -97.7919 167.69 0
      vertex -97.3261 167.168 10
      vertex -97.3261 167.168 0
    endloop
  endfacet
  facet normal 0.74613 0.6658 -0
    outer loop
      vertex -97.7919 167.69 0
      vertex -97.7919 167.69 10
      vertex -97.3261 167.168 10
    endloop
  endfacet
  facet normal 0.995037 0.0995037 0
    outer loop
      vertex -97.8095 167.866 0
      vertex -97.7919 167.69 10
      vertex -97.7919 167.69 0
    endloop
  endfacet
  facet normal 0.995037 0.0995037 -0
    outer loop
      vertex -97.8095 167.866 0
      vertex -97.8095 167.866 10
      vertex -97.7919 167.69 10
    endloop
  endfacet
  facet normal 0.275743 -0.961231 0
    outer loop
      vertex -97.6108 167.923 0
      vertex -97.8095 167.866 10
      vertex -97.8095 167.866 0
    endloop
  endfacet
  facet normal 0.275743 -0.961231 0
    outer loop
      vertex -97.6108 167.923 0
      vertex -97.6108 167.923 10
      vertex -97.8095 167.866 10
    endloop
  endfacet
  facet normal -0.461078 -0.88736 0
    outer loop
      vertex -96.8891 167.548 0
      vertex -97.6108 167.923 10
      vertex -97.6108 167.923 0
    endloop
  endfacet
  facet normal -0.461078 -0.88736 0
    outer loop
      vertex -96.8891 167.548 0
      vertex -96.8891 167.548 10
      vertex -97.6108 167.923 10
    endloop
  endfacet
  facet normal -0.0601867 -0.998187 0
    outer loop
      vertex -96.3418 167.515 0
      vertex -96.8891 167.548 10
      vertex -96.8891 167.548 0
    endloop
  endfacet
  facet normal -0.0601867 -0.998187 0
    outer loop
      vertex -96.3418 167.515 0
      vertex -96.3418 167.515 10
      vertex -96.8891 167.548 10
    endloop
  endfacet
  facet normal 0.801477 -0.598025 0
    outer loop
      vertex -95.9829 167.996 0
      vertex -96.3418 167.515 10
      vertex -96.3418 167.515 0
    endloop
  endfacet
  facet normal 0.801477 -0.598025 0
    outer loop
      vertex -95.9829 167.996 0
      vertex -95.9829 167.996 10
      vertex -96.3418 167.515 10
    endloop
  endfacet
  facet normal 0.998356 0.0573147 0
    outer loop
      vertex -96.0476 169.123 0
      vertex -95.9829 167.996 10
      vertex -95.9829 167.996 0
    endloop
  endfacet
  facet normal 0.998356 0.0573147 -0
    outer loop
      vertex -96.0476 169.123 0
      vertex -96.0476 169.123 10
      vertex -95.9829 167.996 10
    endloop
  endfacet
  facet normal 0.850082 0.526651 0
    outer loop
      vertex -96.3109 169.548 0
      vertex -96.0476 169.123 10
      vertex -96.0476 169.123 0
    endloop
  endfacet
  facet normal 0.850082 0.526651 -0
    outer loop
      vertex -96.3109 169.548 0
      vertex -96.3109 169.548 10
      vertex -96.0476 169.123 10
    endloop
  endfacet
  facet normal 0.359047 0.93332 0
    outer loop
      vertex -97.6938 170.08 0
      vertex -96.3109 169.548 10
      vertex -96.3109 169.548 0
    endloop
  endfacet
  facet normal 0.359047 0.93332 -0
    outer loop
      vertex -97.6938 170.08 0
      vertex -97.6938 170.08 10
      vertex -96.3109 169.548 10
    endloop
  endfacet
  facet normal 0.838961 0.544191 0
    outer loop
      vertex -97.7898 170.228 0
      vertex -97.6938 170.08 10
      vertex -97.6938 170.08 0
    endloop
  endfacet
  facet normal 0.838961 0.544191 -0
    outer loop
      vertex -97.7898 170.228 0
      vertex -97.7898 170.228 10
      vertex -97.6938 170.08 10
    endloop
  endfacet
  facet normal 0.814531 -0.58012 0
    outer loop
      vertex -97.6965 170.359 0
      vertex -97.7898 170.228 10
      vertex -97.7898 170.228 0
    endloop
  endfacet
  facet normal 0.814531 -0.58012 0
    outer loop
      vertex -97.6965 170.359 0
      vertex -97.6965 170.359 10
      vertex -97.7898 170.228 10
    endloop
  endfacet
  facet normal 0.376276 -0.926508 0
    outer loop
      vertex -97.3764 170.489 0
      vertex -97.6965 170.359 10
      vertex -97.6965 170.359 0
    endloop
  endfacet
  facet normal 0.376276 -0.926508 0
    outer loop
      vertex -97.3764 170.489 0
      vertex -97.3764 170.489 10
      vertex -97.6965 170.359 10
    endloop
  endfacet
  facet normal 0.0941427 -0.995559 0
    outer loop
      vertex -97.2918 170.497 0
      vertex -97.3764 170.489 10
      vertex -97.3764 170.489 0
    endloop
  endfacet
  facet normal 0.0941427 -0.995559 0
    outer loop
      vertex -97.2918 170.497 0
      vertex -97.2918 170.497 10
      vertex -97.3764 170.489 10
    endloop
  endfacet
  facet normal -0.18814 -0.982142 0
    outer loop
      vertex -95.7205 170.196 0
      vertex -97.2918 170.497 10
      vertex -97.2918 170.497 0
    endloop
  endfacet
  facet normal -0.18814 -0.982142 0
    outer loop
      vertex -95.7205 170.196 0
      vertex -95.7205 170.196 10
      vertex -97.2918 170.497 10
    endloop
  endfacet
  facet normal 0.836628 -0.547772 0
    outer loop
      vertex -95.071 171.188 0
      vertex -95.7205 170.196 10
      vertex -95.7205 170.196 0
    endloop
  endfacet
  facet normal 0.836628 -0.547772 0
    outer loop
      vertex -95.071 171.188 0
      vertex -95.071 171.188 10
      vertex -95.7205 170.196 10
    endloop
  endfacet
  facet normal 0.978816 -0.204744 0
    outer loop
      vertex -94.2571 175.079 0
      vertex -95.071 171.188 10
      vertex -95.071 171.188 0
    endloop
  endfacet
  facet normal 0.978816 -0.204744 0
    outer loop
      vertex -94.2571 175.079 0
      vertex -94.2571 175.079 10
      vertex -95.071 171.188 10
    endloop
  endfacet
  facet normal 0.980694 -0.195548 0
    outer loop
      vertex -94.224 175.245 0
      vertex -94.2571 175.079 10
      vertex -94.2571 175.079 0
    endloop
  endfacet
  facet normal 0.980694 -0.195548 0
    outer loop
      vertex -94.224 175.245 0
      vertex -94.224 175.245 10
      vertex -94.2571 175.079 10
    endloop
  endfacet
  facet normal 0.280543 0.959842 0
    outer loop
      vertex -94.6722 175.376 0
      vertex -94.224 175.245 10
      vertex -94.224 175.245 0
    endloop
  endfacet
  facet normal 0.280543 0.959842 -0
    outer loop
      vertex -94.6722 175.376 0
      vertex -94.6722 175.376 10
      vertex -94.224 175.245 10
    endloop
  endfacet
  facet normal 0.792603 0.609738 0
    outer loop
      vertex -94.7799 175.516 0
      vertex -94.6722 175.376 10
      vertex -94.6722 175.376 0
    endloop
  endfacet
  facet normal 0.792603 0.609738 -0
    outer loop
      vertex -94.7799 175.516 0
      vertex -94.7799 175.516 10
      vertex -94.6722 175.376 10
    endloop
  endfacet
  facet normal 0.820023 -0.572331 0
    outer loop
      vertex -94.678 175.662 0
      vertex -94.7799 175.516 10
      vertex -94.7799 175.516 0
    endloop
  endfacet
  facet normal 0.820023 -0.572331 0
    outer loop
      vertex -94.678 175.662 0
      vertex -94.678 175.662 10
      vertex -94.7799 175.516 10
    endloop
  endfacet
  facet normal 0.319818 -0.947479 0
    outer loop
      vertex -93.9818 175.897 0
      vertex -94.678 175.662 10
      vertex -94.678 175.662 0
    endloop
  endfacet
  facet normal 0.319818 -0.947479 0
    outer loop
      vertex -93.9818 175.897 0
      vertex -93.9818 175.897 10
      vertex -94.678 175.662 10
    endloop
  endfacet
  facet normal 0.797946 -0.60273 0
    outer loop
      vertex -93.7348 176.224 0
      vertex -93.9818 175.897 10
      vertex -93.9818 175.897 0
    endloop
  endfacet
  facet normal 0.797946 -0.60273 0
    outer loop
      vertex -93.7348 176.224 0
      vertex -93.7348 176.224 10
      vertex -93.9818 175.897 10
    endloop
  endfacet
  facet normal 0.995555 0.0941783 0
    outer loop
      vertex -93.7961 176.872 0
      vertex -93.7348 176.224 10
      vertex -93.7348 176.224 0
    endloop
  endfacet
  facet normal 0.995555 0.0941783 -0
    outer loop
      vertex -93.7961 176.872 0
      vertex -93.7961 176.872 10
      vertex -93.7348 176.224 10
    endloop
  endfacet
  facet normal 0.854968 0.518681 0
    outer loop
      vertex -94.1783 177.502 0
      vertex -93.7961 176.872 10
      vertex -93.7961 176.872 0
    endloop
  endfacet
  facet normal 0.854968 0.518681 -0
    outer loop
      vertex -94.1783 177.502 0
      vertex -94.1783 177.502 10
      vertex -93.7961 176.872 10
    endloop
  endfacet
  facet normal 0.984313 0.176433 0
    outer loop
      vertex -94.1973 177.608 0
      vertex -94.1783 177.502 10
      vertex -94.1783 177.502 0
    endloop
  endfacet
  facet normal 0.984313 0.176433 -0
    outer loop
      vertex -94.1973 177.608 0
      vertex -94.1973 177.608 10
      vertex -94.1783 177.502 10
    endloop
  endfacet
  facet normal 0.982251 -0.187573 0
    outer loop
      vertex -93.8402 179.478 0
      vertex -94.1973 177.608 10
      vertex -94.1973 177.608 0
    endloop
  endfacet
  facet normal 0.982251 -0.187573 0
    outer loop
      vertex -93.8402 179.478 0
      vertex -93.8402 179.478 10
      vertex -94.1973 177.608 10
    endloop
  endfacet
  facet normal 0.383002 0.923747 0
    outer loop
      vertex -95.4875 180.161 0
      vertex -93.8402 179.478 10
      vertex -93.8402 179.478 0
    endloop
  endfacet
  facet normal 0.383002 0.923747 -0
    outer loop
      vertex -95.4875 180.161 0
      vertex -95.4875 180.161 10
      vertex -93.8402 179.478 10
    endloop
  endfacet
  facet normal 0.85398 0.520306 0
    outer loop
      vertex -95.5795 180.312 0
      vertex -95.4875 180.161 10
      vertex -95.4875 180.161 0
    endloop
  endfacet
  facet normal 0.85398 0.520306 -0
    outer loop
      vertex -95.5795 180.312 0
      vertex -95.5795 180.312 10
      vertex -95.4875 180.161 10
    endloop
  endfacet
  facet normal 0.654533 -0.756033 0
    outer loop
      vertex -95.4201 180.45 0
      vertex -95.5795 180.312 10
      vertex -95.5795 180.312 0
    endloop
  endfacet
  facet normal 0.654533 -0.756033 0
    outer loop
      vertex -95.4201 180.45 0
      vertex -95.4201 180.45 10
      vertex -95.5795 180.312 10
    endloop
  endfacet
  facet normal -0.0659674 -0.997822 0
    outer loop
      vertex -93.4991 180.323 0
      vertex -95.4201 180.45 10
      vertex -95.4201 180.45 0
    endloop
  endfacet
  facet normal -0.0659674 -0.997822 0
    outer loop
      vertex -93.4991 180.323 0
      vertex -93.4991 180.323 10
      vertex -95.4201 180.45 10
    endloop
  endfacet
  facet normal 0.535933 -0.84426 0
    outer loop
      vertex -93.2439 180.485 0
      vertex -93.4991 180.323 10
      vertex -93.4991 180.323 0
    endloop
  endfacet
  facet normal 0.535933 -0.84426 0
    outer loop
      vertex -93.2439 180.485 0
      vertex -93.2439 180.485 10
      vertex -93.4991 180.323 10
    endloop
  endfacet
  facet normal 0.883514 -0.468404 0
    outer loop
      vertex -92.7148 181.483 0
      vertex -93.2439 180.485 10
      vertex -93.2439 180.485 0
    endloop
  endfacet
  facet normal 0.883514 -0.468404 0
    outer loop
      vertex -92.7148 181.483 0
      vertex -92.7148 181.483 10
      vertex -93.2439 180.485 10
    endloop
  endfacet
  facet normal 0.571265 0.820766 0
    outer loop
      vertex -93.6257 182.117 0
      vertex -92.7148 181.483 10
      vertex -92.7148 181.483 0
    endloop
  endfacet
  facet normal 0.571265 0.820766 -0
    outer loop
      vertex -93.6257 182.117 0
      vertex -93.6257 182.117 10
      vertex -92.7148 181.483 10
    endloop
  endfacet
  facet normal 0.780869 0.624695 0
    outer loop
      vertex -93.6793 182.184 0
      vertex -93.6257 182.117 10
      vertex -93.6257 182.117 0
    endloop
  endfacet
  facet normal 0.780869 0.624695 -0
    outer loop
      vertex -93.6793 182.184 0
      vertex -93.6793 182.184 10
      vertex -93.6257 182.117 10
    endloop
  endfacet
  facet normal 0.928477 0.371391 0
    outer loop
      vertex -93.8593 182.634 0
      vertex -93.6793 182.184 10
      vertex -93.6793 182.184 0
    endloop
  endfacet
  facet normal 0.928477 0.371391 -0
    outer loop
      vertex -93.8593 182.634 0
      vertex -93.8593 182.634 10
      vertex -93.6793 182.184 10
    endloop
  endfacet
  facet normal 0.969404 -0.245469 0
    outer loop
      vertex -93.816 182.805 0
      vertex -93.8593 182.634 10
      vertex -93.8593 182.634 0
    endloop
  endfacet
  facet normal 0.969404 -0.245469 0
    outer loop
      vertex -93.816 182.805 0
      vertex -93.816 182.805 10
      vertex -93.8593 182.634 10
    endloop
  endfacet
  facet normal -0.025219 -0.999682 0
    outer loop
      vertex -93.6178 182.8 0
      vertex -93.816 182.805 10
      vertex -93.816 182.805 0
    endloop
  endfacet
  facet normal -0.025219 -0.999682 0
    outer loop
      vertex -93.6178 182.8 0
      vertex -93.6178 182.8 10
      vertex -93.816 182.805 10
    endloop
  endfacet
  facet normal -0.681554 -0.731768 0
    outer loop
      vertex -92.9285 182.158 0
      vertex -93.6178 182.8 10
      vertex -93.6178 182.8 0
    endloop
  endfacet
  facet normal -0.681554 -0.731768 0
    outer loop
      vertex -92.9285 182.158 0
      vertex -92.9285 182.158 10
      vertex -93.6178 182.8 10
    endloop
  endfacet
  facet normal -0.0399544 -0.999202 0
    outer loop
      vertex -92.0532 182.123 0
      vertex -92.9285 182.158 10
      vertex -92.9285 182.158 0
    endloop
  endfacet
  facet normal -0.0399544 -0.999202 0
    outer loop
      vertex -92.0532 182.123 0
      vertex -92.0532 182.123 10
      vertex -92.9285 182.158 10
    endloop
  endfacet
  facet normal 0.859068 -0.511861 0
    outer loop
      vertex -91.4955 183.059 0
      vertex -92.0532 182.123 10
      vertex -92.0532 182.123 0
    endloop
  endfacet
  facet normal 0.859068 -0.511861 0
    outer loop
      vertex -91.4955 183.059 0
      vertex -91.4955 183.059 10
      vertex -92.0532 182.123 10
    endloop
  endfacet
  facet normal 0.994085 -0.108602 0
    outer loop
      vertex -91.3691 184.216 0
      vertex -91.4955 183.059 10
      vertex -91.4955 183.059 0
    endloop
  endfacet
  facet normal 0.994085 -0.108602 0
    outer loop
      vertex -91.3691 184.216 0
      vertex -91.3691 184.216 10
      vertex -91.4955 183.059 10
    endloop
  endfacet
  facet normal 0.726372 -0.687302 0
    outer loop
      vertex -91.2442 184.348 0
      vertex -91.3691 184.216 10
      vertex -91.3691 184.216 0
    endloop
  endfacet
  facet normal 0.726372 -0.687302 0
    outer loop
      vertex -91.2442 184.348 0
      vertex -91.2442 184.348 10
      vertex -91.3691 184.216 10
    endloop
  endfacet
  facet normal 0.162098 -0.986775 0
    outer loop
      vertex -90.7572 184.428 0
      vertex -91.2442 184.348 10
      vertex -91.2442 184.348 0
    endloop
  endfacet
  facet normal 0.162098 -0.986775 0
    outer loop
      vertex -90.7572 184.428 0
      vertex -90.7572 184.428 10
      vertex -91.2442 184.348 10
    endloop
  endfacet
  facet normal 0.999769 -0.0214876 0
    outer loop
      vertex -90.75 184.763 0
      vertex -90.7572 184.428 10
      vertex -90.7572 184.428 0
    endloop
  endfacet
  facet normal 0.999769 -0.0214876 0
    outer loop
      vertex -90.75 184.763 0
      vertex -90.75 184.763 10
      vertex -90.7572 184.428 10
    endloop
  endfacet
  facet normal 0.921788 -0.387693 0
    outer loop
      vertex -90.7071 184.865 0
      vertex -90.75 184.763 10
      vertex -90.75 184.763 0
    endloop
  endfacet
  facet normal 0.921788 -0.387693 0
    outer loop
      vertex -90.7071 184.865 0
      vertex -90.7071 184.865 10
      vertex -90.75 184.763 10
    endloop
  endfacet
  facet normal 0.714504 -0.699632 0
    outer loop
      vertex -90.2743 185.307 0
      vertex -90.7071 184.865 10
      vertex -90.7071 184.865 0
    endloop
  endfacet
  facet normal 0.714504 -0.699632 0
    outer loop
      vertex -90.2743 185.307 0
      vertex -90.2743 185.307 10
      vertex -90.7071 184.865 10
    endloop
  endfacet
  facet normal 0.975499 0.220006 0
    outer loop
      vertex -90.4863 186.247 0
      vertex -90.2743 185.307 10
      vertex -90.2743 185.307 0
    endloop
  endfacet
  facet normal 0.975499 0.220006 -0
    outer loop
      vertex -90.4863 186.247 0
      vertex -90.4863 186.247 10
      vertex -90.2743 185.307 10
    endloop
  endfacet
  facet normal 0.997481 0.070932 0
    outer loop
      vertex -90.4895 186.292 0
      vertex -90.4863 186.247 10
      vertex -90.4863 186.247 0
    endloop
  endfacet
  facet normal 0.997481 0.070932 -0
    outer loop
      vertex -90.4895 186.292 0
      vertex -90.4895 186.292 10
      vertex -90.4863 186.247 10
    endloop
  endfacet
  facet normal 0.996996 -0.0774472 0
    outer loop
      vertex -90.4185 187.206 0
      vertex -90.4895 186.292 10
      vertex -90.4895 186.292 0
    endloop
  endfacet
  facet normal 0.996996 -0.0774472 0
    outer loop
      vertex -90.4185 187.206 0
      vertex -90.4185 187.206 10
      vertex -90.4895 186.292 10
    endloop
  endfacet
  facet normal 0.330737 0.943723 0
    outer loop
      vertex -90.7124 187.309 0
      vertex -90.4185 187.206 10
      vertex -90.4185 187.206 0
    endloop
  endfacet
  facet normal 0.330737 0.943723 -0
    outer loop
      vertex -90.7124 187.309 0
      vertex -90.7124 187.309 10
      vertex -90.4185 187.206 10
    endloop
  endfacet
  facet normal -0.41524 0.909712 0
    outer loop
      vertex -91.1177 187.124 0
      vertex -90.7124 187.309 10
      vertex -90.7124 187.309 0
    endloop
  endfacet
  facet normal -0.41524 0.909712 0
    outer loop
      vertex -91.1177 187.124 0
      vertex -91.1177 187.124 10
      vertex -90.7124 187.309 10
    endloop
  endfacet
  facet normal 0.104685 0.994505 0
    outer loop
      vertex -91.2697 187.14 0
      vertex -91.1177 187.124 10
      vertex -91.1177 187.124 0
    endloop
  endfacet
  facet normal 0.104685 0.994505 -0
    outer loop
      vertex -91.2697 187.14 0
      vertex -91.2697 187.14 10
      vertex -91.1177 187.124 10
    endloop
  endfacet
  facet normal 0.597895 0.801574 0
    outer loop
      vertex -92.4897 188.05 0
      vertex -91.2697 187.14 10
      vertex -91.2697 187.14 0
    endloop
  endfacet
  facet normal 0.597895 0.801574 -0
    outer loop
      vertex -92.4897 188.05 0
      vertex -92.4897 188.05 10
      vertex -91.2697 187.14 10
    endloop
  endfacet
  facet normal 0.954642 0.297757 0
    outer loop
      vertex -92.5421 188.218 0
      vertex -92.4897 188.05 10
      vertex -92.4897 188.05 0
    endloop
  endfacet
  facet normal 0.954642 0.297757 -0
    outer loop
      vertex -92.5421 188.218 0
      vertex -92.5421 188.218 10
      vertex -92.4897 188.05 10
    endloop
  endfacet
  facet normal 0.488179 -0.872744 0
    outer loop
      vertex -92.3669 188.316 0
      vertex -92.5421 188.218 10
      vertex -92.5421 188.218 0
    endloop
  endfacet
  facet normal 0.488179 -0.872744 0
    outer loop
      vertex -92.3669 188.316 0
      vertex -92.3669 188.316 10
      vertex -92.5421 188.218 10
    endloop
  endfacet
  facet normal -0.220296 -0.975433 0
    outer loop
      vertex -90.7286 187.946 0
      vertex -92.3669 188.316 10
      vertex -92.3669 188.316 0
    endloop
  endfacet
  facet normal -0.220296 -0.975433 0
    outer loop
      vertex -90.7286 187.946 0
      vertex -90.7286 187.946 10
      vertex -92.3669 188.316 10
    endloop
  endfacet
  facet normal 0.94696 -0.321353 0
    outer loop
      vertex -90.582 188.378 0
      vertex -90.7286 187.946 10
      vertex -90.7286 187.946 0
    endloop
  endfacet
  facet normal 0.94696 -0.321353 0
    outer loop
      vertex -90.582 188.378 0
      vertex -90.582 188.378 10
      vertex -90.7286 187.946 10
    endloop
  endfacet
  facet normal 0.637672 -0.770308 0
    outer loop
      vertex -90.4612 188.478 0
      vertex -90.582 188.378 10
      vertex -90.582 188.378 0
    endloop
  endfacet
  facet normal 0.637672 -0.770308 0
    outer loop
      vertex -90.4612 188.478 0
      vertex -90.4612 188.478 10
      vertex -90.582 188.378 10
    endloop
  endfacet
  facet normal 0.142339 -0.989818 0
    outer loop
      vertex -90.0231 188.541 0
      vertex -90.4612 188.478 10
      vertex -90.4612 188.478 0
    endloop
  endfacet
  facet normal 0.142339 -0.989818 0
    outer loop
      vertex -90.0231 188.541 0
      vertex -90.0231 188.541 10
      vertex -90.4612 188.478 10
    endloop
  endfacet
  facet normal 0.727836 -0.685751 0
    outer loop
      vertex -89.4691 189.129 0
      vertex -90.0231 188.541 10
      vertex -90.0231 188.541 0
    endloop
  endfacet
  facet normal 0.727836 -0.685751 0
    outer loop
      vertex -89.4691 189.129 0
      vertex -89.4691 189.129 10
      vertex -90.0231 188.541 10
    endloop
  endfacet
  facet normal 0.905339 0.42469 0
    outer loop
      vertex -90.4284 191.174 0
      vertex -89.4691 189.129 10
      vertex -89.4691 189.129 0
    endloop
  endfacet
  facet normal 0.905339 0.42469 -0
    outer loop
      vertex -90.4284 191.174 0
      vertex -90.4284 191.174 10
      vertex -89.4691 189.129 10
    endloop
  endfacet
  facet normal -0.329146 0.944279 0
    outer loop
      vertex -90.9907 190.978 0
      vertex -90.4284 191.174 10
      vertex -90.4284 191.174 0
    endloop
  endfacet
  facet normal -0.329146 0.944279 0
    outer loop
      vertex -90.9907 190.978 0
      vertex -90.9907 190.978 10
      vertex -90.4284 191.174 10
    endloop
  endfacet
  facet normal 0.453496 0.891258 0
    outer loop
      vertex -91.1833 191.076 0
      vertex -90.9907 190.978 10
      vertex -90.9907 190.978 0
    endloop
  endfacet
  facet normal 0.453496 0.891258 -0
    outer loop
      vertex -91.1833 191.076 0
      vertex -91.1833 191.076 10
      vertex -90.9907 190.978 10
    endloop
  endfacet
  facet normal 0.955064 0.296399 0
    outer loop
      vertex -91.4533 191.946 0
      vertex -91.1833 191.076 10
      vertex -91.1833 191.076 0
    endloop
  endfacet
  facet normal 0.955064 0.296399 -0
    outer loop
      vertex -91.4533 191.946 0
      vertex -91.4533 191.946 10
      vertex -91.1833 191.076 10
    endloop
  endfacet
  facet normal 0.990679 0.136218 0
    outer loop
      vertex -91.4599 191.994 0
      vertex -91.4533 191.946 10
      vertex -91.4533 191.946 0
    endloop
  endfacet
  facet normal 0.990679 0.136218 -0
    outer loop
      vertex -91.4599 191.994 0
      vertex -91.4599 191.994 10
      vertex -91.4533 191.946 10
    endloop
  endfacet
  facet normal 0.999592 -0.0285598 0
    outer loop
      vertex -91.4499 192.344 0
      vertex -91.4599 191.994 10
      vertex -91.4599 191.994 0
    endloop
  endfacet
  facet normal 0.999592 -0.0285598 0
    outer loop
      vertex -91.4499 192.344 0
      vertex -91.4499 192.344 10
      vertex -91.4599 191.994 10
    endloop
  endfacet
  facet normal 0.713186 -0.700974 0
    outer loop
      vertex -91.3064 192.49 0
      vertex -91.4499 192.344 10
      vertex -91.4499 192.344 0
    endloop
  endfacet
  facet normal 0.713186 -0.700974 0
    outer loop
      vertex -91.3064 192.49 0
      vertex -91.3064 192.49 10
      vertex -91.4499 192.344 10
    endloop
  endfacet
  facet normal 0.042971 -0.999076 0
    outer loop
      vertex -90.3764 192.53 0
      vertex -91.3064 192.49 10
      vertex -91.3064 192.49 0
    endloop
  endfacet
  facet normal 0.042971 -0.999076 0
    outer loop
      vertex -90.3764 192.53 0
      vertex -90.3764 192.53 10
      vertex -91.3064 192.49 10
    endloop
  endfacet
  facet normal -0.142168 -0.989843 0
    outer loop
      vertex -90.3207 192.522 0
      vertex -90.3764 192.53 10
      vertex -90.3764 192.53 0
    endloop
  endfacet
  facet normal -0.142168 -0.989843 0
    outer loop
      vertex -90.3207 192.522 0
      vertex -90.3207 192.522 10
      vertex -90.3764 192.53 10
    endloop
  endfacet
  facet normal -0.328644 -0.944454 0
    outer loop
      vertex -89.4873 192.232 0
      vertex -90.3207 192.522 10
      vertex -90.3207 192.522 0
    endloop
  endfacet
  facet normal -0.328644 -0.944454 0
    outer loop
      vertex -89.4873 192.232 0
      vertex -89.4873 192.232 10
      vertex -90.3207 192.522 10
    endloop
  endfacet
  facet normal 0.690594 -0.723243 0
    outer loop
      vertex -88.2379 193.425 0
      vertex -89.4873 192.232 10
      vertex -89.4873 192.232 0
    endloop
  endfacet
  facet normal 0.690594 -0.723243 0
    outer loop
      vertex -88.2379 193.425 0
      vertex -88.2379 193.425 10
      vertex -89.4873 192.232 10
    endloop
  endfacet
  facet normal 0.854863 -0.518854 0
    outer loop
      vertex -88.1505 193.569 0
      vertex -88.2379 193.425 10
      vertex -88.2379 193.425 0
    endloop
  endfacet
  facet normal 0.854863 -0.518854 0
    outer loop
      vertex -88.1505 193.569 0
      vertex -88.1505 193.569 10
      vertex -88.2379 193.425 10
    endloop
  endfacet
  facet normal 0.58062 0.814175 0
    outer loop
      vertex -89.3971 194.458 0
      vertex -88.1505 193.569 10
      vertex -88.1505 193.569 0
    endloop
  endfacet
  facet normal 0.58062 0.814175 -0
    outer loop
      vertex -89.3971 194.458 0
      vertex -89.3971 194.458 10
      vertex -88.1505 193.569 10
    endloop
  endfacet
  facet normal 0.933981 0.357323 0
    outer loop
      vertex -89.4564 194.613 0
      vertex -89.3971 194.458 10
      vertex -89.3971 194.458 0
    endloop
  endfacet
  facet normal 0.933981 0.357323 -0
    outer loop
      vertex -89.4564 194.613 0
      vertex -89.4564 194.613 10
      vertex -89.3971 194.458 10
    endloop
  endfacet
  facet normal 0.976187 -0.21693 0
    outer loop
      vertex -89.4164 194.793 0
      vertex -89.4564 194.613 10
      vertex -89.4564 194.613 0
    endloop
  endfacet
  facet normal 0.976187 -0.21693 0
    outer loop
      vertex -89.4164 194.793 0
      vertex -89.4164 194.793 10
      vertex -89.4564 194.613 10
    endloop
  endfacet
  facet normal 0.665218 -0.746649 0
    outer loop
      vertex -89.2862 194.909 0
      vertex -89.4164 194.793 10
      vertex -89.4164 194.793 0
    endloop
  endfacet
  facet normal 0.665218 -0.746649 0
    outer loop
      vertex -89.2862 194.909 0
      vertex -89.2862 194.909 10
      vertex -89.4164 194.793 10
    endloop
  endfacet
  facet normal 0.107822 -0.99417 0
    outer loop
      vertex -85.9023 195.276 0
      vertex -89.2862 194.909 10
      vertex -89.2862 194.909 0
    endloop
  endfacet
  facet normal 0.107822 -0.99417 0
    outer loop
      vertex -85.9023 195.276 0
      vertex -85.9023 195.276 10
      vertex -89.2862 194.909 10
    endloop
  endfacet
  facet normal 0.440341 -0.89783 0
    outer loop
      vertex -85.0541 195.692 0
      vertex -85.9023 195.276 10
      vertex -85.9023 195.276 0
    endloop
  endfacet
  facet normal 0.440341 -0.89783 0
    outer loop
      vertex -85.0541 195.692 0
      vertex -85.0541 195.692 10
      vertex -85.9023 195.276 10
    endloop
  endfacet
  facet normal 0.999055 0.0434689 0
    outer loop
      vertex -85.0779 196.239 0
      vertex -85.0541 195.692 10
      vertex -85.0541 195.692 0
    endloop
  endfacet
  facet normal 0.999055 0.0434689 -0
    outer loop
      vertex -85.0779 196.239 0
      vertex -85.0779 196.239 10
      vertex -85.0541 195.692 10
    endloop
  endfacet
  facet normal 0.811172 0.584807 0
    outer loop
      vertex -85.7217 197.132 0
      vertex -85.0779 196.239 10
      vertex -85.0779 196.239 0
    endloop
  endfacet
  facet normal 0.811172 0.584807 -0
    outer loop
      vertex -85.7217 197.132 0
      vertex -85.7217 197.132 10
      vertex -85.0779 196.239 10
    endloop
  endfacet
  facet normal 0.999992 -0.00395477 0
    outer loop
      vertex -85.721 197.309 0
      vertex -85.7217 197.132 10
      vertex -85.7217 197.132 0
    endloop
  endfacet
  facet normal 0.999992 -0.00395477 0
    outer loop
      vertex -85.721 197.309 0
      vertex -85.721 197.309 10
      vertex -85.7217 197.132 10
    endloop
  endfacet
  facet normal 0.162692 -0.986677 0
    outer loop
      vertex -85.5148 197.343 0
      vertex -85.721 197.309 10
      vertex -85.721 197.309 0
    endloop
  endfacet
  facet normal 0.162692 -0.986677 0
    outer loop
      vertex -85.5148 197.343 0
      vertex -85.5148 197.343 10
      vertex -85.721 197.309 10
    endloop
  endfacet
  facet normal -0.568193 -0.822896 0
    outer loop
      vertex -84.8457 196.881 0
      vertex -85.5148 197.343 10
      vertex -85.5148 197.343 0
    endloop
  endfacet
  facet normal -0.568193 -0.822896 0
    outer loop
      vertex -84.8457 196.881 0
      vertex -84.8457 196.881 10
      vertex -85.5148 197.343 10
    endloop
  endfacet
  facet normal 0.959865 -0.280462 0
    outer loop
      vertex -84.524 197.982 0
      vertex -84.8457 196.881 10
      vertex -84.8457 196.881 0
    endloop
  endfacet
  facet normal 0.959865 -0.280462 0
    outer loop
      vertex -84.524 197.982 0
      vertex -84.524 197.982 10
      vertex -84.8457 196.881 10
    endloop
  endfacet
  facet normal 0.893665 -0.448734 0
    outer loop
      vertex -84.5004 198.029 0
      vertex -84.524 197.982 10
      vertex -84.524 197.982 0
    endloop
  endfacet
  facet normal 0.893665 -0.448734 0
    outer loop
      vertex -84.5004 198.029 0
      vertex -84.5004 198.029 10
      vertex -84.524 197.982 10
    endloop
  endfacet
  facet normal 0.80326 -0.595628 0
    outer loop
      vertex -84.0985 198.571 0
      vertex -84.5004 198.029 10
      vertex -84.5004 198.029 0
    endloop
  endfacet
  facet normal 0.80326 -0.595628 0
    outer loop
      vertex -84.0985 198.571 0
      vertex -84.0985 198.571 10
      vertex -84.5004 198.029 10
    endloop
  endfacet
  facet normal 0.608338 0.793678 0
    outer loop
      vertex -84.8813 199.171 0
      vertex -84.0985 198.571 10
      vertex -84.0985 198.571 0
    endloop
  endfacet
  facet normal 0.608338 0.793678 -0
    outer loop
      vertex -84.8813 199.171 0
      vertex -84.8813 199.171 10
      vertex -84.0985 198.571 10
    endloop
  endfacet
  facet normal 0.958758 0.284224 0
    outer loop
      vertex -84.9314 199.34 0
      vertex -84.8813 199.171 10
      vertex -84.8813 199.171 0
    endloop
  endfacet
  facet normal 0.958758 0.284224 -0
    outer loop
      vertex -84.9314 199.34 0
      vertex -84.9314 199.34 10
      vertex -84.8813 199.171 10
    endloop
  endfacet
  facet normal 0.577408 -0.816455 0
    outer loop
      vertex -84.79 199.44 0
      vertex -84.9314 199.34 10
      vertex -84.9314 199.34 0
    endloop
  endfacet
  facet normal 0.577408 -0.816455 0
    outer loop
      vertex -84.79 199.44 0
      vertex -84.79 199.44 10
      vertex -84.9314 199.34 10
    endloop
  endfacet
  facet normal 0 -1 0
    outer loop
      vertex -84.03 199.44 0
      vertex -84.79 199.44 10
      vertex -84.79 199.44 0
    endloop
  endfacet
  facet normal 0 -1 0
    outer loop
      vertex -84.03 199.44 0
      vertex -84.03 199.44 10
      vertex -84.79 199.44 10
    endloop
  endfacet
  facet normal -0.185071 -0.982725 0
    outer loop
      vertex -83.9769 199.43 0
      vertex -84.03 199.44 10
      vertex -84.03 199.44 0
    endloop
  endfacet
  facet normal -0.185071 -0.982725 0
    outer loop
      vertex -83.9769 199.43 0
      vertex -83.9769 199.43 10
      vertex -84.03 199.44 10
    endloop
  endfacet
  facet normal -0.353706 -0.935357 0
    outer loop
      vertex -82.7869 198.98 0
      vertex -83.9769 199.43 10
      vertex -83.9769 199.43 0
    endloop
  endfacet
  facet normal -0.353706 -0.935357 0
    outer loop
      vertex -82.7869 198.98 0
      vertex -82.7869 198.98 10
      vertex -83.9769 199.43 10
    endloop
  endfacet
  facet normal -0.948208 -0.31765 0
    outer loop
      vertex -82.7132 198.76 0
      vertex -82.7869 198.98 10
      vertex -82.7869 198.98 0
    endloop
  endfacet
  facet normal -0.948208 -0.31765 0
    outer loop
      vertex -82.7132 198.76 0
      vertex -82.7132 198.76 10
      vertex -82.7869 198.98 10
    endloop
  endfacet
  facet normal -0.845559 0.533882 0
    outer loop
      vertex -83.8213 197.005 0
      vertex -82.7132 198.76 10
      vertex -82.7132 198.76 0
    endloop
  endfacet
  facet normal -0.845559 0.533882 0
    outer loop
      vertex -83.8213 197.005 0
      vertex -83.8213 197.005 10
      vertex -82.7132 198.76 10
    endloop
  endfacet
  facet normal -0.999541 0.0303087 0
    outer loop
      vertex -83.8401 196.385 0
      vertex -83.8213 197.005 10
      vertex -83.8213 197.005 0
    endloop
  endfacet
  facet normal -0.999541 0.0303087 0
    outer loop
      vertex -83.8401 196.385 0
      vertex -83.8401 196.385 10
      vertex -83.8213 197.005 10
    endloop
  endfacet
  facet normal -0.961886 0.27345 0
    outer loop
      vertex -83.86 196.315 0
      vertex -83.8401 196.385 10
      vertex -83.8401 196.385 0
    endloop
  endfacet
  facet normal -0.961886 0.27345 0
    outer loop
      vertex -83.86 196.315 0
      vertex -83.86 196.315 10
      vertex -83.8401 196.385 10
    endloop
  endfacet
  facet normal -0.866881 0.498515 0
    outer loop
      vertex -84.289 195.569 0
      vertex -83.86 196.315 10
      vertex -83.86 196.315 0
    endloop
  endfacet
  facet normal -0.866881 0.498515 0
    outer loop
      vertex -84.289 195.569 0
      vertex -84.289 195.569 10
      vertex -83.86 196.315 10
    endloop
  endfacet
  facet normal -0.965897 -0.258928 0
    outer loop
      vertex -84.2126 195.284 0
      vertex -84.289 195.569 10
      vertex -84.289 195.569 0
    endloop
  endfacet
  facet normal -0.965897 -0.258928 0
    outer loop
      vertex -84.2126 195.284 0
      vertex -84.2126 195.284 10
      vertex -84.289 195.569 10
    endloop
  endfacet
  facet normal -0.446535 -0.894766 0
    outer loop
      vertex -83.896 195.126 0
      vertex -84.2126 195.284 10
      vertex -84.2126 195.284 0
    endloop
  endfacet
  facet normal -0.446535 -0.894766 0
    outer loop
      vertex -83.896 195.126 0
      vertex -83.896 195.126 10
      vertex -84.2126 195.284 10
    endloop
  endfacet
  facet normal 0.403728 -0.914879 0
    outer loop
      vertex -83.2547 195.409 0
      vertex -83.896 195.126 10
      vertex -83.896 195.126 0
    endloop
  endfacet
  facet normal 0.403728 -0.914879 0
    outer loop
      vertex -83.2547 195.409 0
      vertex -83.2547 195.409 10
      vertex -83.896 195.126 10
    endloop
  endfacet
  facet normal 0.960963 -0.276676 0
    outer loop
      vertex -83.0641 196.071 0
      vertex -83.2547 195.409 10
      vertex -83.2547 195.409 0
    endloop
  endfacet
  facet normal 0.960963 -0.276676 0
    outer loop
      vertex -83.0641 196.071 0
      vertex -83.0641 196.071 10
      vertex -83.2547 195.409 10
    endloop
  endfacet
  facet normal 0.831718 -0.555199 0
    outer loop
      vertex -83.0127 196.148 0
      vertex -83.0641 196.071 10
      vertex -83.0641 196.071 0
    endloop
  endfacet
  facet normal 0.831718 -0.555199 0
    outer loop
      vertex -83.0127 196.148 0
      vertex -83.0127 196.148 10
      vertex -83.0641 196.071 10
    endloop
  endfacet
  facet normal 0.617822 -0.786318 0
    outer loop
      vertex -82.4527 196.588 0
      vertex -83.0127 196.148 10
      vertex -83.0127 196.148 0
    endloop
  endfacet
  facet normal 0.617822 -0.786318 0
    outer loop
      vertex -82.4527 196.588 0
      vertex -82.4527 196.588 10
      vertex -83.0127 196.148 10
    endloop
  endfacet
  facet normal -0.186053 -0.98254 0
    outer loop
      vertex -82.2309 196.546 0
      vertex -82.4527 196.588 10
      vertex -82.4527 196.588 0
    endloop
  endfacet
  facet normal -0.186053 -0.98254 0
    outer loop
      vertex -82.2309 196.546 0
      vertex -82.2309 196.546 10
      vertex -82.4527 196.588 10
    endloop
  endfacet
  facet normal -0.860349 -0.509705 0
    outer loop
      vertex -81.988 196.136 0
      vertex -82.2309 196.546 10
      vertex -82.2309 196.546 0
    endloop
  endfacet
  facet normal -0.860349 -0.509705 0
    outer loop
      vertex -81.988 196.136 0
      vertex -81.988 196.136 10
      vertex -82.2309 196.546 10
    endloop
  endfacet
  facet normal 0.066502 -0.997786 0
    outer loop
      vertex -81.5979 196.162 0
      vertex -81.988 196.136 10
      vertex -81.988 196.136 0
    endloop
  endfacet
  facet normal 0.066502 -0.997786 0
    outer loop
      vertex -81.5979 196.162 0
      vertex -81.5979 196.162 10
      vertex -81.988 196.136 10
    endloop
  endfacet
  facet normal 0.967749 -0.251918 0
    outer loop
      vertex -81.3152 197.248 0
      vertex -81.5979 196.162 10
      vertex -81.5979 196.162 0
    endloop
  endfacet
  facet normal 0.967749 -0.251918 0
    outer loop
      vertex -81.3152 197.248 0
      vertex -81.3152 197.248 10
      vertex -81.5979 196.162 10
    endloop
  endfacet
  facet normal 0.634872 -0.772617 0
    outer loop
      vertex -81.1789 197.36 0
      vertex -81.3152 197.248 10
      vertex -81.3152 197.248 0
    endloop
  endfacet
  facet normal 0.634872 -0.772617 0
    outer loop
      vertex -81.1789 197.36 0
      vertex -81.1789 197.36 10
      vertex -81.3152 197.248 10
    endloop
  endfacet
  facet normal -0.315417 -0.948953 0
    outer loop
      vertex -81.0736 197.325 0
      vertex -81.1789 197.36 10
      vertex -81.1789 197.36 0
    endloop
  endfacet
  facet normal -0.315417 -0.948953 0
    outer loop
      vertex -81.0736 197.325 0
      vertex -81.0736 197.325 10
      vertex -81.1789 197.36 10
    endloop
  endfacet
  facet normal -0.642612 -0.766192 0
    outer loop
      vertex -80.7636 197.065 0
      vertex -81.0736 197.325 10
      vertex -81.0736 197.325 0
    endloop
  endfacet
  facet normal -0.642612 -0.766192 0
    outer loop
      vertex -80.7636 197.065 0
      vertex -80.7636 197.065 10
      vertex -81.0736 197.325 10
    endloop
  endfacet
  facet normal -0.900825 -0.434182 0
    outer loop
      vertex -80.7101 196.954 0
      vertex -80.7636 197.065 10
      vertex -80.7636 197.065 0
    endloop
  endfacet
  facet normal -0.900825 -0.434182 0
    outer loop
      vertex -80.7101 196.954 0
      vertex -80.7101 196.954 10
      vertex -80.7636 197.065 10
    endloop
  endfacet
  facet normal -0.99959 -0.0286415 0
    outer loop
      vertex -80.7001 196.605 0
      vertex -80.7101 196.954 10
      vertex -80.7101 196.954 0
    endloop
  endfacet
  facet normal -0.99959 -0.0286415 0
    outer loop
      vertex -80.7001 196.605 0
      vertex -80.7001 196.605 10
      vertex -80.7101 196.954 10
    endloop
  endfacet
  facet normal 0.711234 -0.702955 0
    outer loop
      vertex -79.35 197.971 0
      vertex -80.7001 196.605 10
      vertex -80.7001 196.605 0
    endloop
  endfacet
  facet normal 0.711234 -0.702955 0
    outer loop
      vertex -79.35 197.971 0
      vertex -79.35 197.971 10
      vertex -80.7001 196.605 10
    endloop
  endfacet
  facet normal 0.954788 0.297286 0
    outer loop
      vertex -79.8432 199.555 0
      vertex -79.35 197.971 10
      vertex -79.35 197.971 0
    endloop
  endfacet
  facet normal 0.954788 0.297286 -0
    outer loop
      vertex -79.8432 199.555 0
      vertex -79.8432 199.555 10
      vertex -79.35 197.971 10
    endloop
  endfacet
  facet normal 0.947256 -0.320479 0
    outer loop
      vertex -79.7867 199.722 0
      vertex -79.8432 199.555 10
      vertex -79.8432 199.555 0
    endloop
  endfacet
  facet normal 0.947256 -0.320479 0
    outer loop
      vertex -79.7867 199.722 0
      vertex -79.7867 199.722 10
      vertex -79.8432 199.555 10
    endloop
  endfacet
  facet normal -0.0778071 -0.996968 0
    outer loop
      vertex -79.5945 199.707 0
      vertex -79.7867 199.722 10
      vertex -79.7867 199.722 0
    endloop
  endfacet
  facet normal -0.0778071 -0.996968 0
    outer loop
      vertex -79.5945 199.707 0
      vertex -79.5945 199.707 10
      vertex -79.7867 199.722 10
    endloop
  endfacet
  facet normal -0.703595 -0.710601 0
    outer loop
      vertex -78.6209 198.743 0
      vertex -79.5945 199.707 10
      vertex -79.5945 199.707 0
    endloop
  endfacet
  facet normal -0.703595 -0.710601 0
    outer loop
      vertex -78.6209 198.743 0
      vertex -78.6209 198.743 10
      vertex -79.5945 199.707 10
    endloop
  endfacet
  facet normal -0.121658 -0.992572 0
    outer loop
      vertex -78.2456 198.697 0
      vertex -78.6209 198.743 10
      vertex -78.6209 198.743 0
    endloop
  endfacet
  facet normal -0.121658 -0.992572 0
    outer loop
      vertex -78.2456 198.697 0
      vertex -78.2456 198.697 10
      vertex -78.6209 198.743 10
    endloop
  endfacet
  facet normal 0.635003 -0.77251 0
    outer loop
      vertex -77.0838 199.652 0
      vertex -78.2456 198.697 10
      vertex -78.2456 198.697 0
    endloop
  endfacet
  facet normal 0.635003 -0.77251 0
    outer loop
      vertex -77.0838 199.652 0
      vertex -77.0838 199.652 10
      vertex -78.2456 198.697 10
    endloop
  endfacet
  facet normal 0.921333 -0.388775 0
    outer loop
      vertex -76.6382 200.708 0
      vertex -77.0838 199.652 10
      vertex -77.0838 199.652 0
    endloop
  endfacet
  facet normal 0.921333 -0.388775 0
    outer loop
      vertex -76.6382 200.708 0
      vertex -76.6382 200.708 10
      vertex -77.0838 199.652 10
    endloop
  endfacet
  facet normal 0.516163 -0.85649 0
    outer loop
      vertex -76.4872 200.799 0
      vertex -76.6382 200.708 10
      vertex -76.6382 200.708 0
    endloop
  endfacet
  facet normal 0.516163 -0.85649 0
    outer loop
      vertex -76.4872 200.799 0
      vertex -76.4872 200.799 10
      vertex -76.6382 200.708 10
    endloop
  endfacet
  facet normal -0.0841855 -0.99645 0
    outer loop
      vertex -76.2268 200.777 0
      vertex -76.4872 200.799 10
      vertex -76.4872 200.799 0
    endloop
  endfacet
  facet normal -0.0841855 -0.99645 0
    outer loop
      vertex -76.2268 200.777 0
      vertex -76.2268 200.777 10
      vertex -76.4872 200.799 10
    endloop
  endfacet
  facet normal 0.838642 -0.544683 0
    outer loop
      vertex -75.9131 201.26 0
      vertex -76.2268 200.777 10
      vertex -76.2268 200.777 0
    endloop
  endfacet
  facet normal 0.838642 -0.544683 0
    outer loop
      vertex -75.9131 201.26 0
      vertex -75.9131 201.26 10
      vertex -76.2268 200.777 10
    endloop
  endfacet
  facet normal 0.922259 -0.386573 0
    outer loop
      vertex -74.6573 204.256 0
      vertex -75.9131 201.26 10
      vertex -75.9131 201.26 0
    endloop
  endfacet
  facet normal 0.922259 -0.386573 0
    outer loop
      vertex -74.6573 204.256 0
      vertex -74.6573 204.256 10
      vertex -75.9131 201.26 10
    endloop
  endfacet
  facet normal 0.996139 -0.0877876 0
    outer loop
      vertex -74.5994 204.913 0
      vertex -74.6573 204.256 10
      vertex -74.6573 204.256 0
    endloop
  endfacet
  facet normal 0.996139 -0.0877876 0
    outer loop
      vertex -74.5994 204.913 0
      vertex -74.5994 204.913 10
      vertex -74.6573 204.256 10
    endloop
  endfacet
  facet normal 0.958731 -0.284313 0
    outer loop
      vertex -74.5822 204.971 0
      vertex -74.5994 204.913 10
      vertex -74.5994 204.913 0
    endloop
  endfacet
  facet normal 0.958731 -0.284313 0
    outer loop
      vertex -74.5822 204.971 0
      vertex -74.5822 204.971 10
      vertex -74.5994 204.913 10
    endloop
  endfacet
  facet normal 0.88116 -0.472818 0
    outer loop
      vertex -73.7022 206.611 0
      vertex -74.5822 204.971 10
      vertex -74.5822 204.971 0
    endloop
  endfacet
  facet normal 0.88116 -0.472818 0
    outer loop
      vertex -73.7022 206.611 0
      vertex -73.7022 206.611 10
      vertex -74.5822 204.971 10
    endloop
  endfacet
  facet normal 0.769317 -0.638867 0
    outer loop
      vertex -73.664 206.657 0
      vertex -73.7022 206.611 10
      vertex -73.7022 206.611 0
    endloop
  endfacet
  facet normal 0.769317 -0.638867 0
    outer loop
      vertex -73.664 206.657 0
      vertex -73.664 206.657 10
      vertex -73.7022 206.611 10
    endloop
  endfacet
  facet normal 0.627091 -0.778946 0
    outer loop
      vertex -72.0405 207.964 0
      vertex -73.664 206.657 10
      vertex -73.664 206.657 0
    endloop
  endfacet
  facet normal 0.627091 -0.778946 0
    outer loop
      vertex -72.0405 207.964 0
      vertex -72.0405 207.964 10
      vertex -73.664 206.657 10
    endloop
  endfacet
  facet normal 0.817986 -0.575238 0
    outer loop
      vertex -71.6277 208.551 0
      vertex -72.0405 207.964 10
      vertex -72.0405 207.964 0
    endloop
  endfacet
  facet normal 0.817986 -0.575238 0
    outer loop
      vertex -71.6277 208.551 0
      vertex -71.6277 208.551 10
      vertex -72.0405 207.964 10
    endloop
  endfacet
  facet normal 0.998882 -0.0472685 0
    outer loop
      vertex -71.6118 208.887 0
      vertex -71.6277 208.551 10
      vertex -71.6277 208.551 0
    endloop
  endfacet
  facet normal 0.998882 -0.0472685 0
    outer loop
      vertex -71.6118 208.887 0
      vertex -71.6118 208.887 10
      vertex -71.6277 208.551 10
    endloop
  endfacet
  facet normal 0.886409 0.462903 0
    outer loop
      vertex -72.063 209.751 0
      vertex -71.6118 208.887 10
      vertex -71.6118 208.887 0
    endloop
  endfacet
  facet normal 0.886409 0.462903 -0
    outer loop
      vertex -72.063 209.751 0
      vertex -72.063 209.751 10
      vertex -71.6118 208.887 10
    endloop
  endfacet
  facet normal 0.964299 -0.264815 0
    outer loop
      vertex -72.0089 209.948 0
      vertex -72.063 209.751 10
      vertex -72.063 209.751 0
    endloop
  endfacet
  facet normal 0.964299 -0.264815 0
    outer loop
      vertex -72.0089 209.948 0
      vertex -72.0089 209.948 10
      vertex -72.063 209.751 10
    endloop
  endfacet
  facet normal 0.525836 -0.850586 0
    outer loop
      vertex -71.687 210.147 0
      vertex -72.0089 209.948 10
      vertex -72.0089 209.948 0
    endloop
  endfacet
  facet normal 0.525836 -0.850586 0
    outer loop
      vertex -71.687 210.147 0
      vertex -71.687 210.147 10
      vertex -72.0089 209.948 10
    endloop
  endfacet
  facet normal 0.957125 0.289677 0
    outer loop
      vertex -71.9836 211.127 0
      vertex -71.687 210.147 10
      vertex -71.687 210.147 0
    endloop
  endfacet
  facet normal 0.957125 0.289677 -0
    outer loop
      vertex -71.9836 211.127 0
      vertex -71.9836 211.127 10
      vertex -71.687 210.147 10
    endloop
  endfacet
  facet normal 0.944213 -0.329337 0
    outer loop
      vertex -71.9257 211.293 0
      vertex -71.9836 211.127 10
      vertex -71.9836 211.127 0
    endloop
  endfacet
  facet normal 0.944213 -0.329337 0
    outer loop
      vertex -71.9257 211.293 0
      vertex -71.9257 211.293 10
      vertex -71.9836 211.127 10
    endloop
  endfacet
  facet normal -0.0692408 -0.9976 0
    outer loop
      vertex -71.7384 211.28 0
      vertex -71.9257 211.293 10
      vertex -71.9257 211.293 0
    endloop
  endfacet
  facet normal -0.0692408 -0.9976 0
    outer loop
      vertex -71.7384 211.28 0
      vertex -71.7384 211.28 10
      vertex -71.9257 211.293 10
    endloop
  endfacet
  facet normal -0.677237 -0.735765 0
    outer loop
      vertex -69.7383 209.439 0
      vertex -71.7384 211.28 10
      vertex -71.7384 211.28 0
    endloop
  endfacet
  facet normal -0.677237 -0.735765 0
    outer loop
      vertex -69.7383 209.439 0
      vertex -69.7383 209.439 10
      vertex -71.7384 211.28 10
    endloop
  endfacet
  facet normal -0.378384 -0.925649 0
    outer loop
      vertex -68.8405 209.072 0
      vertex -69.7383 209.439 10
      vertex -69.7383 209.439 0
    endloop
  endfacet
  facet normal -0.378384 -0.925649 0
    outer loop
      vertex -68.8405 209.072 0
      vertex -68.8405 209.072 10
      vertex -69.7383 209.439 10
    endloop
  endfacet
  facet normal 0.383121 -0.923698 0
    outer loop
      vertex -68.204 209.336 0
      vertex -68.8405 209.072 10
      vertex -68.8405 209.072 0
    endloop
  endfacet
  facet normal 0.383121 -0.923698 0
    outer loop
      vertex -68.204 209.336 0
      vertex -68.204 209.336 10
      vertex -68.8405 209.072 10
    endloop
  endfacet
  facet normal 0.954424 0.298454 0
    outer loop
      vertex -68.4132 210.005 0
      vertex -68.204 209.336 10
      vertex -68.204 209.336 0
    endloop
  endfacet
  facet normal 0.954424 0.298454 -0
    outer loop
      vertex -68.4132 210.005 0
      vertex -68.4132 210.005 10
      vertex -68.204 209.336 10
    endloop
  endfacet
  facet normal 0.947428 -0.31997 0
    outer loop
      vertex -68.3568 210.172 0
      vertex -68.4132 210.005 10
      vertex -68.4132 210.005 0
    endloop
  endfacet
  facet normal 0.947428 -0.31997 0
    outer loop
      vertex -68.3568 210.172 0
      vertex -68.3568 210.172 10
      vertex -68.4132 210.005 10
    endloop
  endfacet
  facet normal 0.179022 -0.983845 0
    outer loop
      vertex -68.2304 210.195 0
      vertex -68.3568 210.172 10
      vertex -68.3568 210.172 0
    endloop
  endfacet
  facet normal 0.179022 -0.983845 0
    outer loop
      vertex -68.2304 210.195 0
      vertex -68.2304 210.195 10
      vertex -68.3568 210.172 10
    endloop
  endfacet
  facet normal -0.263874 -0.964557 0
    outer loop
      vertex -67.1411 209.897 0
      vertex -68.2304 210.195 10
      vertex -68.2304 210.195 0
    endloop
  endfacet
  facet normal -0.263874 -0.964557 0
    outer loop
      vertex -67.1411 209.897 0
      vertex -67.1411 209.897 10
      vertex -68.2304 210.195 10
    endloop
  endfacet
  facet normal 0.681554 -0.731768 0
    outer loop
      vertex -66.4722 210.52 0
      vertex -67.1411 209.897 10
      vertex -67.1411 209.897 0
    endloop
  endfacet
  facet normal 0.681554 -0.731768 0
    outer loop
      vertex -66.4722 210.52 0
      vertex -66.4722 210.52 10
      vertex -67.1411 209.897 10
    endloop
  endfacet
  facet normal 0.33929 -0.940682 0
    outer loop
      vertex -66.3613 210.56 0
      vertex -66.4722 210.52 10
      vertex -66.4722 210.52 0
    endloop
  endfacet
  facet normal 0.33929 -0.940682 0
    outer loop
      vertex -66.3613 210.56 0
      vertex -66.3613 210.56 10
      vertex -66.4722 210.52 10
    endloop
  endfacet
  facet normal -0.0581712 -0.998307 0
    outer loop
      vertex -65.0227 210.482 0
      vertex -66.3613 210.56 10
      vertex -66.3613 210.56 0
    endloop
  endfacet
  facet normal -0.0581712 -0.998307 0
    outer loop
      vertex -65.0227 210.482 0
      vertex -65.0227 210.482 10
      vertex -66.3613 210.56 10
    endloop
  endfacet
  facet normal 0.348905 -0.937158 0
    outer loop
      vertex -58.9228 212.753 0
      vertex -65.0227 210.482 10
      vertex -65.0227 210.482 0
    endloop
  endfacet
  facet normal 0.348905 -0.937158 0
    outer loop
      vertex -58.9228 212.753 0
      vertex -58.9228 212.753 10
      vertex -65.0227 210.482 10
    endloop
  endfacet
  facet normal 0.601461 -0.798902 0
    outer loop
      vertex -57.2359 214.023 0
      vertex -58.9228 212.753 10
      vertex -58.9228 212.753 0
    endloop
  endfacet
  facet normal 0.601461 -0.798902 0
    outer loop
      vertex -57.2359 214.023 0
      vertex -57.2359 214.023 10
      vertex -58.9228 212.753 10
    endloop
  endfacet
  facet normal 0.940655 -0.339365 0
    outer loop
      vertex -56.9011 214.951 0
      vertex -57.2359 214.023 10
      vertex -57.2359 214.023 0
    endloop
  endfacet
  facet normal 0.940655 -0.339365 0
    outer loop
      vertex -56.9011 214.951 0
      vertex -56.9011 214.951 10
      vertex -57.2359 214.023 10
    endloop
  endfacet
  facet normal 0.803293 -0.595584 0
    outer loop
      vertex -56.8492 215.021 0
      vertex -56.9011 214.951 10
      vertex -56.9011 214.951 0
    endloop
  endfacet
  facet normal 0.803293 -0.595584 0
    outer loop
      vertex -56.8492 215.021 0
      vertex -56.8492 215.021 10
      vertex -56.9011 214.951 10
    endloop
  endfacet
  facet normal 0.594721 -0.803932 0
    outer loop
      vertex -55.9381 215.695 0
      vertex -56.8492 215.021 10
      vertex -56.8492 215.021 0
    endloop
  endfacet
  facet normal 0.594721 -0.803932 0
    outer loop
      vertex -55.9381 215.695 0
      vertex -55.9381 215.695 10
      vertex -56.8492 215.021 10
    endloop
  endfacet
  facet normal 0.94371 0.330775 0
    outer loop
      vertex -56.1116 216.19 0
      vertex -55.9381 215.695 10
      vertex -55.9381 215.695 0
    endloop
  endfacet
  facet normal 0.94371 0.330775 -0
    outer loop
      vertex -56.1116 216.19 0
      vertex -56.1116 216.19 10
      vertex -55.9381 215.695 10
    endloop
  endfacet
  facet normal 0.887179 -0.461425 0
    outer loop
      vertex -56.0107 216.384 0
      vertex -56.1116 216.19 10
      vertex -56.1116 216.19 0
    endloop
  endfacet
  facet normal 0.887179 -0.461425 0
    outer loop
      vertex -56.0107 216.384 0
      vertex -56.0107 216.384 10
      vertex -56.1116 216.19 10
    endloop
  endfacet
  facet normal 0.27145 -0.962453 0
    outer loop
      vertex -55.3264 216.577 0
      vertex -56.0107 216.384 10
      vertex -56.0107 216.384 0
    endloop
  endfacet
  facet normal 0.27145 -0.962453 0
    outer loop
      vertex -55.3264 216.577 0
      vertex -55.3264 216.577 10
      vertex -56.0107 216.384 10
    endloop
  endfacet
  facet normal 0.586599 -0.809877 0
    outer loop
      vertex -54.1004 217.465 0
      vertex -55.3264 216.577 10
      vertex -55.3264 216.577 0
    endloop
  endfacet
  facet normal 0.586599 -0.809877 0
    outer loop
      vertex -54.1004 217.465 0
      vertex -54.1004 217.465 10
      vertex -55.3264 216.577 10
    endloop
  endfacet
  facet normal 0.837391 -0.546605 0
    outer loop
      vertex -53.9816 217.647 0
      vertex -54.1004 217.465 10
      vertex -54.1004 217.465 0
    endloop
  endfacet
  facet normal 0.837391 -0.546605 0
    outer loop
      vertex -53.9816 217.647 0
      vertex -53.9816 217.647 10
      vertex -54.1004 217.465 10
    endloop
  endfacet
  facet normal 0.969271 0.245996 0
    outer loop
      vertex -54.1354 218.253 0
      vertex -53.9816 217.647 10
      vertex -53.9816 217.647 0
    endloop
  endfacet
  facet normal 0.969271 0.245996 -0
    outer loop
      vertex -54.1354 218.253 0
      vertex -54.1354 218.253 10
      vertex -53.9816 217.647 10
    endloop
  endfacet
  facet normal 0.928867 -0.370414 0
    outer loop
      vertex -54.07 218.417 0
      vertex -54.1354 218.253 10
      vertex -54.1354 218.253 0
    endloop
  endfacet
  facet normal 0.928867 -0.370414 0
    outer loop
      vertex -54.07 218.417 0
      vertex -54.07 218.417 10
      vertex -54.1354 218.253 10
    endloop
  endfacet
  facet normal 0.175943 -0.9844 0
    outer loop
      vertex -53.9581 218.437 0
      vertex -54.07 218.417 10
      vertex -54.07 218.417 0
    endloop
  endfacet
  facet normal 0.175943 -0.9844 0
    outer loop
      vertex -53.9581 218.437 0
      vertex -53.9581 218.437 10
      vertex -54.07 218.417 10
    endloop
  endfacet
  facet normal -0.212927 -0.977068 0
    outer loop
      vertex -53.2239 218.277 0
      vertex -53.9581 218.437 10
      vertex -53.9581 218.437 0
    endloop
  endfacet
  facet normal -0.212927 -0.977068 0
    outer loop
      vertex -53.2239 218.277 0
      vertex -53.2239 218.277 10
      vertex -53.9581 218.437 10
    endloop
  endfacet
  facet normal 0.380224 -0.924894 0
    outer loop
      vertex -52.932 218.397 0
      vertex -53.2239 218.277 10
      vertex -53.2239 218.277 0
    endloop
  endfacet
  facet normal 0.380224 -0.924894 0
    outer loop
      vertex -52.932 218.397 0
      vertex -52.932 218.397 10
      vertex -53.2239 218.277 10
    endloop
  endfacet
  facet normal 0.95923 0.282628 0
    outer loop
      vertex -53.1739 219.218 0
      vertex -52.932 218.397 10
      vertex -52.932 218.397 0
    endloop
  endfacet
  facet normal 0.95923 0.282628 -0
    outer loop
      vertex -53.1739 219.218 0
      vertex -53.1739 219.218 10
      vertex -52.932 218.397 10
    endloop
  endfacet
  facet normal 0.855088 -0.518482 0
    outer loop
      vertex -53.0593 219.407 0
      vertex -53.1739 219.218 10
      vertex -53.1739 219.218 0
    endloop
  endfacet
  facet normal 0.855088 -0.518482 0
    outer loop
      vertex -53.0593 219.407 0
      vertex -53.0593 219.407 10
      vertex -53.1739 219.218 10
    endloop
  endfacet
  facet normal 0.195059 -0.980792 0
    outer loop
      vertex -51.3648 219.744 0
      vertex -53.0593 219.407 10
      vertex -53.0593 219.407 0
    endloop
  endfacet
  facet normal 0.195059 -0.980792 0
    outer loop
      vertex -51.3648 219.744 0
      vertex -51.3648 219.744 10
      vertex -53.0593 219.407 10
    endloop
  endfacet
  facet normal 0.999079 -0.0429158 0
    outer loop
      vertex -51.3398 220.326 0
      vertex -51.3648 219.744 10
      vertex -51.3648 219.744 0
    endloop
  endfacet
  facet normal 0.999079 -0.0429158 0
    outer loop
      vertex -51.3398 220.326 0
      vertex -51.3398 220.326 10
      vertex -51.3648 219.744 10
    endloop
  endfacet
  facet normal 0.843716 -0.53679 0
    outer loop
      vertex -51.259 220.453 0
      vertex -51.3398 220.326 10
      vertex -51.3398 220.326 0
    endloop
  endfacet
  facet normal 0.843716 -0.53679 0
    outer loop
      vertex -51.259 220.453 0
      vertex -51.259 220.453 10
      vertex -51.3398 220.326 10
    endloop
  endfacet
  facet normal 0.460233 -0.887798 0
    outer loop
      vertex -49.6502 221.287 0
      vertex -51.259 220.453 10
      vertex -51.259 220.453 0
    endloop
  endfacet
  facet normal 0.460233 -0.887798 0
    outer loop
      vertex -49.6502 221.287 0
      vertex -49.6502 221.287 10
      vertex -51.259 220.453 10
    endloop
  endfacet
  facet normal 0.936111 -0.351706 0
    outer loop
      vertex -49.5311 221.604 0
      vertex -49.6502 221.287 10
      vertex -49.6502 221.287 0
    endloop
  endfacet
  facet normal 0.936111 -0.351706 0
    outer loop
      vertex -49.5311 221.604 0
      vertex -49.5311 221.604 10
      vertex -49.6502 221.287 10
    endloop
  endfacet
  facet normal 0.574176 0.818732 0
    outer loop
      vertex -49.5696 221.631 0
      vertex -49.5311 221.604 10
      vertex -49.5311 221.604 0
    endloop
  endfacet
  facet normal 0.574176 0.818732 -0
    outer loop
      vertex -49.5696 221.631 0
      vertex -49.5696 221.631 10
      vertex -49.5311 221.604 10
    endloop
  endfacet
  facet normal 0.0294107 0.999567 0
    outer loop
      vertex -52.5944 221.72 0
      vertex -49.5696 221.631 10
      vertex -49.5696 221.631 0
    endloop
  endfacet
  facet normal 0.0294107 0.999567 -0
    outer loop
      vertex -52.5944 221.72 0
      vertex -52.5944 221.72 10
      vertex -49.5696 221.631 10
    endloop
  endfacet
  facet normal 0.216548 0.976272 0
    outer loop
      vertex -52.6485 221.732 0
      vertex -52.5944 221.72 10
      vertex -52.5944 221.72 0
    endloop
  endfacet
  facet normal 0.216548 0.976272 -0
    outer loop
      vertex -52.6485 221.732 0
      vertex -52.6485 221.732 10
      vertex -52.5944 221.72 10
    endloop
  endfacet
  facet normal 0.389575 0.920995 0
    outer loop
      vertex -55.0457 222.746 0
      vertex -52.6485 221.732 10
      vertex -52.6485 221.732 0
    endloop
  endfacet
  facet normal 0.389575 0.920995 -0
    outer loop
      vertex -55.0457 222.746 0
      vertex -55.0457 222.746 10
      vertex -52.6485 221.732 10
    endloop
  endfacet
  facet normal 0.214768 0.976665 0
    outer loop
      vertex -56.7101 223.112 0
      vertex -55.0457 222.746 10
      vertex -55.0457 222.746 0
    endloop
  endfacet
  facet normal 0.214768 0.976665 -0
    outer loop
      vertex -56.7101 223.112 0
      vertex -56.7101 223.112 10
      vertex -55.0457 222.746 10
    endloop
  endfacet
  facet normal -0.449767 0.893146 0
    outer loop
      vertex -58.0525 222.436 0
      vertex -56.7101 223.112 10
      vertex -56.7101 223.112 0
    endloop
  endfacet
  facet normal -0.449767 0.893146 0
    outer loop
      vertex -58.0525 222.436 0
      vertex -58.0525 222.436 10
      vertex -56.7101 223.112 10
    endloop
  endfacet
  facet normal -0.242179 0.970231 0
    outer loop
      vertex -58.1166 222.42 0
      vertex -58.0525 222.436 10
      vertex -58.0525 222.436 0
    endloop
  endfacet
  facet normal -0.242179 0.970231 0
    outer loop
      vertex -58.1166 222.42 0
      vertex -58.1166 222.42 10
      vertex -58.0525 222.436 10
    endloop
  endfacet
  facet normal -0.0223004 0.999751 0
    outer loop
      vertex -59.4167 222.391 0
      vertex -58.1166 222.42 10
      vertex -58.1166 222.42 0
    endloop
  endfacet
  facet normal -0.0223004 0.999751 0
    outer loop
      vertex -59.4167 222.391 0
      vertex -59.4167 222.391 10
      vertex -58.1166 222.42 10
    endloop
  endfacet
  facet normal -0.404498 0.914539 0
    outer loop
      vertex -59.9548 222.153 0
      vertex -59.4167 222.391 10
      vertex -59.4167 222.391 0
    endloop
  endfacet
  facet normal -0.404498 0.914539 0
    outer loop
      vertex -59.9548 222.153 0
      vertex -59.9548 222.153 10
      vertex -59.4167 222.391 10
    endloop
  endfacet
  facet normal -0.864729 0.502238 0
    outer loop
      vertex -60.7203 220.835 0
      vertex -59.9548 222.153 10
      vertex -59.9548 222.153 0
    endloop
  endfacet
  facet normal -0.864729 0.502238 0
    outer loop
      vertex -60.7203 220.835 0
      vertex -60.7203 220.835 10
      vertex -59.9548 222.153 10
    endloop
  endfacet
  facet normal -0.318349 0.947973 0
    outer loop
      vertex -60.9079 220.772 0
      vertex -60.7203 220.835 10
      vertex -60.7203 220.835 0
    endloop
  endfacet
  facet normal -0.318349 0.947973 0
    outer loop
      vertex -60.9079 220.772 0
      vertex -60.9079 220.772 10
      vertex -60.7203 220.835 10
    endloop
  endfacet
  facet normal 0.385806 0.92258 0
    outer loop
      vertex -61.4579 221.002 0
      vertex -60.9079 220.772 10
      vertex -60.9079 220.772 0
    endloop
  endfacet
  facet normal 0.385806 0.92258 -0
    outer loop
      vertex -61.4579 221.002 0
      vertex -61.4579 221.002 10
      vertex -60.9079 220.772 10
    endloop
  endfacet
  facet normal 0.891315 0.453385 0
    outer loop
      vertex -61.5459 221.175 0
      vertex -61.4579 221.002 10
      vertex -61.4579 221.002 0
    endloop
  endfacet
  facet normal 0.891315 0.453385 -0
    outer loop
      vertex -61.5459 221.175 0
      vertex -61.5459 221.175 10
      vertex -61.4579 221.002 10
    endloop
  endfacet
  facet normal 0.972806 -0.231621 0
    outer loop
      vertex -61.3959 221.805 0
      vertex -61.5459 221.175 10
      vertex -61.5459 221.175 0
    endloop
  endfacet
  facet normal 0.972806 -0.231621 0
    outer loop
      vertex -61.3959 221.805 0
      vertex -61.3959 221.805 10
      vertex -61.5459 221.175 10
    endloop
  endfacet
  facet normal 0.880344 -0.474335 0
    outer loop
      vertex -61.3598 221.872 0
      vertex -61.3959 221.805 10
      vertex -61.3959 221.805 0
    endloop
  endfacet
  facet normal 0.880344 -0.474335 0
    outer loop
      vertex -61.3598 221.872 0
      vertex -61.3598 221.872 10
      vertex -61.3959 221.805 10
    endloop
  endfacet
  facet normal 0.732187 -0.681104 0
    outer loop
      vertex -60.5598 222.732 0
      vertex -61.3598 221.872 10
      vertex -61.3598 221.872 0
    endloop
  endfacet
  facet normal 0.732187 -0.681104 0
    outer loop
      vertex -60.5598 222.732 0
      vertex -60.5598 222.732 10
      vertex -61.3598 221.872 10
    endloop
  endfacet
  facet normal 0.593936 -0.804513 0
    outer loop
      vertex -60.5151 222.765 0
      vertex -60.5598 222.732 10
      vertex -60.5598 222.732 0
    endloop
  endfacet
  facet normal 0.593936 -0.804513 0
    outer loop
      vertex -60.5151 222.765 0
      vertex -60.5151 222.765 10
      vertex -60.5598 222.732 10
    endloop
  endfacet
  facet normal 0.434259 -0.900788 0
    outer loop
      vertex -59.1668 223.415 0
      vertex -60.5151 222.765 10
      vertex -60.5151 222.765 0
    endloop
  endfacet
  facet normal 0.434259 -0.900788 0
    outer loop
      vertex -59.1668 223.415 0
      vertex -59.1668 223.415 10
      vertex -60.5151 222.765 10
    endloop
  endfacet
  facet normal 0.866778 -0.498694 0
    outer loop
      vertex -59.0828 223.561 0
      vertex -59.1668 223.415 10
      vertex -59.1668 223.415 0
    endloop
  endfacet
  facet normal 0.866778 -0.498694 0
    outer loop
      vertex -59.0828 223.561 0
      vertex -59.0828 223.561 10
      vertex -59.1668 223.415 10
    endloop
  endfacet
  facet normal 0.868764 0.495227 0
    outer loop
      vertex -59.2407 223.838 0
      vertex -59.0828 223.561 10
      vertex -59.0828 223.561 0
    endloop
  endfacet
  facet normal 0.868764 0.495227 -0
    outer loop
      vertex -59.2407 223.838 0
      vertex -59.2407 223.838 10
      vertex -59.0828 223.561 10
    endloop
  endfacet
  facet normal -0.127936 0.991782 0
    outer loop
      vertex -62.2408 223.451 0
      vertex -59.2407 223.838 10
      vertex -59.2407 223.838 0
    endloop
  endfacet
  facet normal -0.127936 0.991782 0
    outer loop
      vertex -62.2408 223.451 0
      vertex -62.2408 223.451 10
      vertex -59.2407 223.838 10
    endloop
  endfacet
  facet normal 0.14035 0.990102 0
    outer loop
      vertex -62.3184 223.462 0
      vertex -62.2408 223.451 10
      vertex -62.2408 223.451 0
    endloop
  endfacet
  facet normal 0.14035 0.990102 -0
    outer loop
      vertex -62.3184 223.462 0
      vertex -62.3184 223.462 10
      vertex -62.2408 223.451 10
    endloop
  endfacet
  facet normal 0.389315 0.921105 0
    outer loop
      vertex -63.4375 223.935 0
      vertex -62.3184 223.462 10
      vertex -62.3184 223.462 0
    endloop
  endfacet
  facet normal 0.389315 0.921105 -0
    outer loop
      vertex -63.4375 223.935 0
      vertex -63.4375 223.935 10
      vertex -62.3184 223.462 10
    endloop
  endfacet
  facet normal -0.175881 0.984412 0
    outer loop
      vertex -64.5737 223.732 0
      vertex -63.4375 223.935 10
      vertex -63.4375 223.935 0
    endloop
  endfacet
  facet normal -0.175881 0.984412 0
    outer loop
      vertex -64.5737 223.732 0
      vertex -64.5737 223.732 10
      vertex -63.4375 223.935 10
    endloop
  endfacet
  facet normal 0.436747 0.899585 0
    outer loop
      vertex -64.7323 223.809 0
      vertex -64.5737 223.732 10
      vertex -64.5737 223.732 0
    endloop
  endfacet
  facet normal 0.436747 0.899585 -0
    outer loop
      vertex -64.7323 223.809 0
      vertex -64.7323 223.809 10
      vertex -64.5737 223.732 10
    endloop
  endfacet
  facet normal 0.963214 -0.268737 0
    outer loop
      vertex -64.6765 224.009 0
      vertex -64.7323 223.809 10
      vertex -64.7323 223.809 0
    endloop
  endfacet
  facet normal 0.963214 -0.268737 0
    outer loop
      vertex -64.6765 224.009 0
      vertex -64.6765 224.009 10
      vertex -64.7323 223.809 10
    endloop
  endfacet
  facet normal 0.510273 -0.860012 0
    outer loop
      vertex -63.2456 224.858 0
      vertex -64.6765 224.009 10
      vertex -64.6765 224.009 0
    endloop
  endfacet
  facet normal 0.510273 -0.860012 0
    outer loop
      vertex -63.2456 224.858 0
      vertex -63.2456 224.858 10
      vertex -64.6765 224.009 10
    endloop
  endfacet
  facet normal 0.737131 -0.67575 0
    outer loop
      vertex -62.5223 225.647 0
      vertex -63.2456 224.858 10
      vertex -63.2456 224.858 0
    endloop
  endfacet
  facet normal 0.737131 -0.67575 0
    outer loop
      vertex -62.5223 225.647 0
      vertex -62.5223 225.647 10
      vertex -63.2456 224.858 10
    endloop
  endfacet
  facet normal 0.990965 -0.134121 0
    outer loop
      vertex -62.3607 226.841 0
      vertex -62.5223 225.647 10
      vertex -62.5223 225.647 0
    endloop
  endfacet
  facet normal 0.990965 -0.134121 0
    outer loop
      vertex -62.3607 226.841 0
      vertex -62.3607 226.841 10
      vertex -62.5223 225.647 10
    endloop
  endfacet
  facet normal 0.587528 0.809204 0
    outer loop
      vertex -63.1981 227.449 0
      vertex -62.3607 226.841 10
      vertex -62.3607 226.841 0
    endloop
  endfacet
  facet normal 0.587528 0.809204 -0
    outer loop
      vertex -63.1981 227.449 0
      vertex -63.1981 227.449 10
      vertex -62.3607 226.841 10
    endloop
  endfacet
  facet normal 0.950489 0.310759 0
    outer loop
      vertex -63.2527 227.616 0
      vertex -63.1981 227.449 10
      vertex -63.1981 227.449 0
    endloop
  endfacet
  facet normal 0.950489 0.310759 -0
    outer loop
      vertex -63.2527 227.616 0
      vertex -63.2527 227.616 10
      vertex -63.1981 227.449 10
    endloop
  endfacet
  facet normal 0.55891 -0.829229 0
    outer loop
      vertex -63.0984 227.72 0
      vertex -63.2527 227.616 10
      vertex -63.2527 227.616 0
    endloop
  endfacet
  facet normal 0.55891 -0.829229 0
    outer loop
      vertex -63.0984 227.72 0
      vertex -63.0984 227.72 10
      vertex -63.2527 227.616 10
    endloop
  endfacet
  facet normal -0.0774289 -0.996998 0
    outer loop
      vertex -59.4029 227.433 0
      vertex -63.0984 227.72 10
      vertex -63.0984 227.72 0
    endloop
  endfacet
  facet normal -0.0774289 -0.996998 0
    outer loop
      vertex -59.4029 227.433 0
      vertex -59.4029 227.433 10
      vertex -63.0984 227.72 10
    endloop
  endfacet
  facet normal 0.480628 -0.876924 0
    outer loop
      vertex -58.2206 228.081 0
      vertex -59.4029 227.433 10
      vertex -59.4029 227.433 0
    endloop
  endfacet
  facet normal 0.480628 -0.876924 0
    outer loop
      vertex -58.2206 228.081 0
      vertex -58.2206 228.081 10
      vertex -59.4029 227.433 10
    endloop
  endfacet
  facet normal 0.703483 -0.710712 0
    outer loop
      vertex -57.3457 228.947 0
      vertex -58.2206 228.081 10
      vertex -58.2206 228.081 0
    endloop
  endfacet
  facet normal 0.703483 -0.710712 0
    outer loop
      vertex -57.3457 228.947 0
      vertex -57.3457 228.947 10
      vertex -58.2206 228.081 10
    endloop
  endfacet
  facet normal 0.997533 -0.0701968 0
    outer loop
      vertex -57.2621 230.135 0
      vertex -57.3457 228.947 10
      vertex -57.3457 228.947 0
    endloop
  endfacet
  facet normal 0.997533 -0.0701968 0
    outer loop
      vertex -57.2621 230.135 0
      vertex -57.2621 230.135 10
      vertex -57.3457 228.947 10
    endloop
  endfacet
  facet normal 0.925237 0.379389 0
    outer loop
      vertex -57.5356 230.802 0
      vertex -57.2621 230.135 10
      vertex -57.2621 230.135 0
    endloop
  endfacet
  facet normal 0.925237 0.379389 -0
    outer loop
      vertex -57.5356 230.802 0
      vertex -57.5356 230.802 10
      vertex -57.2621 230.135 10
    endloop
  endfacet
  facet normal 0.127109 0.991889 0
    outer loop
      vertex -60.259 231.151 0
      vertex -57.5356 230.802 10
      vertex -57.5356 230.802 0
    endloop
  endfacet
  facet normal 0.127109 0.991889 -0
    outer loop
      vertex -60.259 231.151 0
      vertex -60.259 231.151 10
      vertex -57.5356 230.802 10
    endloop
  endfacet
  facet normal 0.665606 0.746303 0
    outer loop
      vertex -60.3857 231.264 0
      vertex -60.259 231.151 10
      vertex -60.259 231.151 0
    endloop
  endfacet
  facet normal 0.665606 0.746303 -0
    outer loop
      vertex -60.3857 231.264 0
      vertex -60.3857 231.264 10
      vertex -60.259 231.151 10
    endloop
  endfacet
  facet normal 0.971297 0.237869 0
    outer loop
      vertex -60.5057 231.754 0
      vertex -60.3857 231.264 10
      vertex -60.3857 231.264 0
    endloop
  endfacet
  facet normal 0.971297 0.237869 -0
    outer loop
      vertex -60.5057 231.754 0
      vertex -60.5057 231.754 10
      vertex -60.3857 231.264 10
    endloop
  endfacet
  facet normal 0.921183 -0.38913 0
    outer loop
      vertex -60.436 231.919 0
      vertex -60.5057 231.754 10
      vertex -60.5057 231.754 0
    endloop
  endfacet
  facet normal 0.921183 -0.38913 0
    outer loop
      vertex -60.436 231.919 0
      vertex -60.436 231.919 10
      vertex -60.5057 231.754 10
    endloop
  endfacet
  facet normal 0.50702 -0.861934 0
    outer loop
      vertex -60.096 232.119 0
      vertex -60.436 231.919 10
      vertex -60.436 231.919 0
    endloop
  endfacet
  facet normal 0.50702 -0.861934 0
    outer loop
      vertex -60.096 232.119 0
      vertex -60.096 232.119 10
      vertex -60.436 231.919 10
    endloop
  endfacet
  facet normal 0.0502239 -0.998738 0
    outer loop
      vertex -59.9568 232.126 0
      vertex -60.096 232.119 10
      vertex -60.096 232.119 0
    endloop
  endfacet
  facet normal 0.0502239 -0.998738 0
    outer loop
      vertex -59.9568 232.126 0
      vertex -59.9568 232.126 10
      vertex -60.096 232.119 10
    endloop
  endfacet
  facet normal -0.420944 -0.907087 0
    outer loop
      vertex -59.2737 231.809 0
      vertex -59.9568 232.126 10
      vertex -59.9568 232.126 0
    endloop
  endfacet
  facet normal -0.420944 -0.907087 0
    outer loop
      vertex -59.2737 231.809 0
      vertex -59.2737 231.809 10
      vertex -59.9568 232.126 10
    endloop
  endfacet
  facet normal -0.044831 -0.998995 0
    outer loop
      vertex -57.5133 231.73 0
      vertex -59.2737 231.809 10
      vertex -59.2737 231.809 0
    endloop
  endfacet
  facet normal -0.044831 -0.998995 0
    outer loop
      vertex -57.5133 231.73 0
      vertex -57.5133 231.73 10
      vertex -59.2737 231.809 10
    endloop
  endfacet
  facet normal -0.357218 -0.934021 0
    outer loop
      vertex -57.4244 231.696 0
      vertex -57.5133 231.73 10
      vertex -57.5133 231.73 0
    endloop
  endfacet
  facet normal -0.357218 -0.934021 0
    outer loop
      vertex -57.4244 231.696 0
      vertex -57.4244 231.696 10
      vertex -57.5133 231.73 10
    endloop
  endfacet
  facet normal -0.637085 -0.770794 0
    outer loop
      vertex -54.4844 229.266 0
      vertex -57.4244 231.696 10
      vertex -57.4244 231.696 0
    endloop
  endfacet
  facet normal -0.637085 -0.770794 0
    outer loop
      vertex -54.4844 229.266 0
      vertex -54.4844 229.266 10
      vertex -57.4244 231.696 10
    endloop
  endfacet
  facet normal -0.773095 -0.63429 0
    outer loop
      vertex -54.4483 229.222 0
      vertex -54.4844 229.266 10
      vertex -54.4844 229.266 0
    endloop
  endfacet
  facet normal -0.773095 -0.63429 0
    outer loop
      vertex -54.4483 229.222 0
      vertex -54.4483 229.222 10
      vertex -54.4844 229.266 10
    endloop
  endfacet
  facet normal -0.877896 -0.478852 0
    outer loop
      vertex -53.7883 228.012 0
      vertex -54.4483 229.222 10
      vertex -54.4483 229.222 0
    endloop
  endfacet
  facet normal -0.877896 -0.478852 0
    outer loop
      vertex -53.7883 228.012 0
      vertex -53.7883 228.012 10
      vertex -54.4483 229.222 10
    endloop
  endfacet
  facet normal -0.934448 -0.3561 0
    outer loop
      vertex -53.7742 227.975 0
      vertex -53.7883 228.012 10
      vertex -53.7883 228.012 0
    endloop
  endfacet
  facet normal -0.934448 -0.3561 0
    outer loop
      vertex -53.7742 227.975 0
      vertex -53.7742 227.975 10
      vertex -53.7883 228.012 10
    endloop
  endfacet
  facet normal -0.972025 -0.234876 0
    outer loop
      vertex -53.13 225.309 0
      vertex -53.7742 227.975 10
      vertex -53.7742 227.975 0
    endloop
  endfacet
  facet normal -0.972025 -0.234876 0
    outer loop
      vertex -53.13 225.309 0
      vertex -53.13 225.309 10
      vertex -53.7742 227.975 10
    endloop
  endfacet
  facet normal -0.8439 -0.5365 0
    outer loop
      vertex -52.76 224.727 0
      vertex -53.13 225.309 10
      vertex -53.13 225.309 0
    endloop
  endfacet
  facet normal -0.8439 -0.5365 0
    outer loop
      vertex -52.76 224.727 0
      vertex -52.76 224.727 10
      vertex -53.13 225.309 10
    endloop
  endfacet
  facet normal -0.562385 -0.826876 0
    outer loop
      vertex -51.7896 224.067 0
      vertex -52.76 224.727 10
      vertex -52.76 224.727 0
    endloop
  endfacet
  facet normal -0.562385 -0.826876 0
    outer loop
      vertex -51.7896 224.067 0
      vertex -51.7896 224.067 10
      vertex -52.76 224.727 10
    endloop
  endfacet
  facet normal -0.0631799 -0.998002 0
    outer loop
      vertex -50.5417 223.988 0
      vertex -51.7896 224.067 10
      vertex -51.7896 224.067 0
    endloop
  endfacet
  facet normal -0.0631799 -0.998002 0
    outer loop
      vertex -50.5417 223.988 0
      vertex -50.5417 223.988 10
      vertex -51.7896 224.067 10
    endloop
  endfacet
  facet normal 0.981113 -0.193436 0
    outer loop
      vertex -50.0072 226.699 0
      vertex -50.5417 223.988 10
      vertex -50.5417 223.988 0
    endloop
  endfacet
  facet normal 0.981113 -0.193436 0
    outer loop
      vertex -50.0072 226.699 0
      vertex -50.0072 226.699 10
      vertex -50.5417 223.988 10
    endloop
  endfacet
  facet normal 0.680255 -0.732975 0
    outer loop
      vertex -49.8779 226.819 0
      vertex -50.0072 226.699 10
      vertex -50.0072 226.699 0
    endloop
  endfacet
  facet normal 0.680255 -0.732975 0
    outer loop
      vertex -49.8779 226.819 0
      vertex -49.8779 226.819 10
      vertex -50.0072 226.699 10
    endloop
  endfacet
  facet normal -0.645983 -0.763352 0
    outer loop
      vertex -49.7101 226.677 0
      vertex -49.8779 226.819 10
      vertex -49.8779 226.819 0
    endloop
  endfacet
  facet normal -0.645983 -0.763352 0
    outer loop
      vertex -49.7101 226.677 0
      vertex -49.7101 226.677 10
      vertex -49.8779 226.819 10
    endloop
  endfacet
  facet normal -0.998993 -0.0448633 0
    outer loop
      vertex -49.5972 224.163 0
      vertex -49.7101 226.677 10
      vertex -49.7101 226.677 0
    endloop
  endfacet
  facet normal -0.998993 -0.0448633 0
    outer loop
      vertex -49.5972 224.163 0
      vertex -49.5972 224.163 10
      vertex -49.7101 226.677 10
    endloop
  endfacet
  facet normal 0.0841967 -0.996449 0
    outer loop
      vertex -49.0528 224.209 0
      vertex -49.5972 224.163 10
      vertex -49.5972 224.163 0
    endloop
  endfacet
  facet normal 0.0841967 -0.996449 0
    outer loop
      vertex -49.0528 224.209 0
      vertex -49.0528 224.209 10
      vertex -49.5972 224.163 10
    endloop
  endfacet
  facet normal -0.249576 -0.968355 0
    outer loop
      vertex -48.9558 224.184 0
      vertex -49.0528 224.209 10
      vertex -49.0528 224.209 0
    endloop
  endfacet
  facet normal -0.249576 -0.968355 0
    outer loop
      vertex -48.9558 224.184 0
      vertex -48.9558 224.184 10
      vertex -49.0528 224.209 10
    endloop
  endfacet
  facet normal -0.56231 -0.826927 0
    outer loop
      vertex -48.7308 224.031 0
      vertex -48.9558 224.184 10
      vertex -48.9558 224.184 0
    endloop
  endfacet
  facet normal -0.56231 -0.826927 0
    outer loop
      vertex -48.7308 224.031 0
      vertex -48.7308 224.031 10
      vertex -48.9558 224.184 10
    endloop
  endfacet
  facet normal 0.236645 -0.971596 0
    outer loop
      vertex -48.156 224.171 0
      vertex -48.7308 224.031 10
      vertex -48.7308 224.031 0
    endloop
  endfacet
  facet normal 0.236645 -0.971596 0
    outer loop
      vertex -48.156 224.171 0
      vertex -48.156 224.171 10
      vertex -48.7308 224.031 10
    endloop
  endfacet
  facet normal 0.855464 -0.517862 0
    outer loop
      vertex -47.9865 224.451 0
      vertex -48.156 224.171 10
      vertex -48.156 224.171 0
    endloop
  endfacet
  facet normal 0.855464 -0.517862 0
    outer loop
      vertex -47.9865 224.451 0
      vertex -47.9865 224.451 10
      vertex -48.156 224.171 10
    endloop
  endfacet
  facet normal 0.98847 0.151419 0
    outer loop
      vertex -48.3183 226.617 0
      vertex -47.9865 224.451 10
      vertex -47.9865 224.451 0
    endloop
  endfacet
  facet normal 0.98847 0.151419 -0
    outer loop
      vertex -48.3183 226.617 0
      vertex -48.3183 226.617 10
      vertex -47.9865 224.451 10
    endloop
  endfacet
  facet normal 0.9956 0.0937035 0
    outer loop
      vertex -48.3199 226.634 0
      vertex -48.3183 226.617 10
      vertex -48.3183 226.617 0
    endloop
  endfacet
  facet normal 0.9956 0.0937035 -0
    outer loop
      vertex -48.3199 226.634 0
      vertex -48.3199 226.634 10
      vertex -48.3183 226.617 10
    endloop
  endfacet
  facet normal 0.999213 0.0396774 0
    outer loop
      vertex -48.4862 230.822 0
      vertex -48.3199 226.634 10
      vertex -48.3199 226.634 0
    endloop
  endfacet
  facet normal 0.999213 0.0396774 -0
    outer loop
      vertex -48.4862 230.822 0
      vertex -48.4862 230.822 10
      vertex -48.3199 226.634 10
    endloop
  endfacet
  facet normal 0.415644 0.909527 0
    outer loop
      vertex -48.7838 230.958 0
      vertex -48.4862 230.822 10
      vertex -48.4862 230.822 0
    endloop
  endfacet
  facet normal 0.415644 0.909527 -0
    outer loop
      vertex -48.7838 230.958 0
      vertex -48.7838 230.958 10
      vertex -48.4862 230.822 10
    endloop
  endfacet
  facet normal -0.577626 0.816301 0
    outer loop
      vertex -49.4155 230.511 0
      vertex -48.7838 230.958 10
      vertex -48.7838 230.958 0
    endloop
  endfacet
  facet normal -0.577626 0.816301 0
    outer loop
      vertex -49.4155 230.511 0
      vertex -49.4155 230.511 10
      vertex -48.7838 230.958 10
    endloop
  endfacet
  facet normal -0.978118 0.208052 0
    outer loop
      vertex -49.6733 229.299 0
      vertex -49.4155 230.511 10
      vertex -49.4155 230.511 0
    endloop
  endfacet
  facet normal -0.978118 0.208052 0
    outer loop
      vertex -49.6733 229.299 0
      vertex -49.6733 229.299 10
      vertex -49.4155 230.511 10
    endloop
  endfacet
  facet normal -0.669278 0.743012 0
    outer loop
      vertex -49.8043 229.181 0
      vertex -49.6733 229.299 10
      vertex -49.6733 229.299 0
    endloop
  endfacet
  facet normal -0.669278 0.743012 0
    outer loop
      vertex -49.8043 229.181 0
      vertex -49.8043 229.181 10
      vertex -49.6733 229.299 10
    endloop
  endfacet
  facet normal 0.614572 0.788861 0
    outer loop
      vertex -49.9686 229.309 0
      vertex -49.8043 229.181 10
      vertex -49.8043 229.181 0
    endloop
  endfacet
  facet normal 0.614572 0.788861 -0
    outer loop
      vertex -49.9686 229.309 0
      vertex -49.9686 229.309 10
      vertex -49.8043 229.181 10
    endloop
  endfacet
  facet normal 0.990371 0.138439 0
    outer loop
      vertex -50.0986 230.239 0
      vertex -49.9686 229.309 10
      vertex -49.9686 229.309 0
    endloop
  endfacet
  facet normal 0.990371 0.138439 -0
    outer loop
      vertex -50.0986 230.239 0
      vertex -50.0986 230.239 10
      vertex -49.9686 229.309 10
    endloop
  endfacet
  facet normal 0.995037 0.0995037 0
    outer loop
      vertex -50.0996 230.249 0
      vertex -50.0986 230.239 10
      vertex -50.0986 230.239 0
    endloop
  endfacet
  facet normal 0.995037 0.0995037 -0
    outer loop
      vertex -50.0996 230.249 0
      vertex -50.0996 230.249 10
      vertex -50.0986 230.239 10
    endloop
  endfacet
  facet normal 0.997334 0.0729756 0
    outer loop
      vertex -50.1596 231.069 0
      vertex -50.0996 230.249 10
      vertex -50.0996 230.249 0
    endloop
  endfacet
  facet normal 0.997334 0.0729756 -0
    outer loop
      vertex -50.1596 231.069 0
      vertex -50.1596 231.069 10
      vertex -50.0996 230.249 10
    endloop
  endfacet
  facet normal 0.963632 -0.267234 0
    outer loop
      vertex -50.1327 231.166 0
      vertex -50.1596 231.069 10
      vertex -50.1596 231.069 0
    endloop
  endfacet
  facet normal 0.963632 -0.267234 0
    outer loop
      vertex -50.1327 231.166 0
      vertex -50.1327 231.166 10
      vertex -50.1596 231.069 10
    endloop
  endfacet
  facet normal 0.818001 -0.575217 0
    outer loop
      vertex -49.0554 232.698 0
      vertex -50.1327 231.166 10
      vertex -50.1327 231.166 0
    endloop
  endfacet
  facet normal 0.818001 -0.575217 0
    outer loop
      vertex -49.0554 232.698 0
      vertex -49.0554 232.698 10
      vertex -50.1327 231.166 10
    endloop
  endfacet
  facet normal 0.193715 0.981058 0
    outer loop
      vertex -49.7391 232.833 0
      vertex -49.0554 232.698 10
      vertex -49.0554 232.698 0
    endloop
  endfacet
  facet normal 0.193715 0.981058 -0
    outer loop
      vertex -49.7391 232.833 0
      vertex -49.7391 232.833 10
      vertex -49.0554 232.698 10
    endloop
  endfacet
  facet normal 0.682679 0.730719 0
    outer loop
      vertex -49.8547 232.941 0
      vertex -49.7391 232.833 10
      vertex -49.7391 232.833 0
    endloop
  endfacet
  facet normal 0.682679 0.730719 -0
    outer loop
      vertex -49.8547 232.941 0
      vertex -49.8547 232.941 10
      vertex -49.7391 232.833 10
    endloop
  endfacet
  facet normal 0.964917 0.262556 0
    outer loop
      vertex -50.12 233.916 0
      vertex -49.8547 232.941 10
      vertex -49.8547 232.941 0
    endloop
  endfacet
  facet normal 0.964917 0.262556 -0
    outer loop
      vertex -50.12 233.916 0
      vertex -50.12 233.916 10
      vertex -49.8547 232.941 10
    endloop
  endfacet
  facet normal 0.554749 0.832018 0
    outer loop
      vertex -52.5032 235.505 0
      vertex -50.12 233.916 10
      vertex -50.12 233.916 0
    endloop
  endfacet
  facet normal 0.554749 0.832018 -0
    outer loop
      vertex -52.5032 235.505 0
      vertex -52.5032 235.505 10
      vertex -50.12 233.916 10
    endloop
  endfacet
  facet normal 0.59051 0.80703 0
    outer loop
      vertex -52.5155 235.514 0
      vertex -52.5032 235.505 10
      vertex -52.5032 235.505 0
    endloop
  endfacet
  facet normal 0.59051 0.80703 -0
    outer loop
      vertex -52.5155 235.514 0
      vertex -52.5155 235.514 10
      vertex -52.5032 235.505 10
    endloop
  endfacet
  facet normal 0.636881 0.770962 0
    outer loop
      vertex -54.3555 237.034 0
      vertex -52.5155 235.514 10
      vertex -52.5155 235.514 0
    endloop
  endfacet
  facet normal 0.636881 0.770962 -0
    outer loop
      vertex -54.3555 237.034 0
      vertex -54.3555 237.034 10
      vertex -52.5155 235.514 10
    endloop
  endfacet
  facet normal 0.743294 0.668965 0
    outer loop
      vertex -54.3852 237.067 0
      vertex -54.3555 237.034 10
      vertex -54.3555 237.034 0
    endloop
  endfacet
  facet normal 0.743294 0.668965 -0
    outer loop
      vertex -54.3852 237.067 0
      vertex -54.3852 237.067 10
      vertex -54.3555 237.034 10
    endloop
  endfacet
  facet normal 0.834747 0.550634 0
    outer loop
      vertex -54.717 237.57 0
      vertex -54.3852 237.067 10
      vertex -54.3852 237.067 0
    endloop
  endfacet
  facet normal 0.834747 0.550634 -0
    outer loop
      vertex -54.717 237.57 0
      vertex -54.717 237.57 10
      vertex -54.3852 237.067 10
    endloop
  endfacet
  facet normal 0.527702 0.84943 0
    outer loop
      vertex -54.8168 237.632 0
      vertex -54.717 237.57 10
      vertex -54.717 237.57 0
    endloop
  endfacet
  facet normal 0.527702 0.84943 -0
    outer loop
      vertex -54.8168 237.632 0
      vertex -54.8168 237.632 10
      vertex -54.717 237.57 10
    endloop
  endfacet
  facet normal -0.557115 0.830435 0
    outer loop
      vertex -55.7365 237.015 0
      vertex -54.8168 237.632 10
      vertex -54.8168 237.632 0
    endloop
  endfacet
  facet normal -0.557115 0.830435 0
    outer loop
      vertex -55.7365 237.015 0
      vertex -55.7365 237.015 10
      vertex -54.8168 237.632 10
    endloop
  endfacet
  facet normal 0.235704 0.971825 0
    outer loop
      vertex -55.9509 237.067 0
      vertex -55.7365 237.015 10
      vertex -55.7365 237.015 0
    endloop
  endfacet
  facet normal 0.235704 0.971825 -0
    outer loop
      vertex -55.9509 237.067 0
      vertex -55.9509 237.067 10
      vertex -55.7365 237.015 10
    endloop
  endfacet
  facet normal 0.872943 0.487821 0
    outer loop
      vertex -56.1409 237.407 0
      vertex -55.9509 237.067 10
      vertex -55.9509 237.067 0
    endloop
  endfacet
  facet normal 0.872943 0.487821 -0
    outer loop
      vertex -56.1409 237.407 0
      vertex -56.1409 237.407 10
      vertex -55.9509 237.067 10
    endloop
  endfacet
  facet normal 0.978275 -0.207313 0
    outer loop
      vertex -56.1 237.6 0
      vertex -56.1409 237.407 10
      vertex -56.1409 237.407 0
    endloop
  endfacet
  facet normal 0.978275 -0.207313 0
    outer loop
      vertex -56.1 237.6 0
      vertex -56.1 237.6 10
      vertex -56.1409 237.407 10
    endloop
  endfacet
  facet normal 0.599797 -0.800152 0
    outer loop
      vertex -55.0261 238.405 0
      vertex -56.1 237.6 10
      vertex -56.1 237.6 0
    endloop
  endfacet
  facet normal 0.599797 -0.800152 0
    outer loop
      vertex -55.0261 238.405 0
      vertex -55.0261 238.405 10
      vertex -56.1 237.6 10
    endloop
  endfacet
  facet normal 0.981246 -0.192759 0
    outer loop
      vertex -54.9322 238.883 0
      vertex -55.0261 238.405 10
      vertex -55.0261 238.405 0
    endloop
  endfacet
  facet normal 0.981246 -0.192759 0
    outer loop
      vertex -54.9322 238.883 0
      vertex -54.9322 238.883 10
      vertex -55.0261 238.405 10
    endloop
  endfacet
  facet normal 0.988849 0.148922 0
    outer loop
      vertex -55.2578 241.045 0
      vertex -54.9322 238.883 10
      vertex -54.9322 238.883 0
    endloop
  endfacet
  facet normal 0.988849 0.148922 -0
    outer loop
      vertex -55.2578 241.045 0
      vertex -55.2578 241.045 10
      vertex -54.9322 238.883 10
    endloop
  endfacet
  facet normal -0.440051 0.897973 0
    outer loop
      vertex -58.584 239.415 0
      vertex -55.2578 241.045 10
      vertex -55.2578 241.045 0
    endloop
  endfacet
  facet normal -0.440051 0.897973 0
    outer loop
      vertex -58.584 239.415 0
      vertex -58.584 239.415 10
      vertex -55.2578 241.045 10
    endloop
  endfacet
  facet normal 0.021813 0.999762 0
    outer loop
      vertex -58.7215 239.418 0
      vertex -58.584 239.415 10
      vertex -58.584 239.415 0
    endloop
  endfacet
  facet normal 0.021813 0.999762 -0
    outer loop
      vertex -58.7215 239.418 0
      vertex -58.7215 239.418 10
      vertex -58.584 239.415 10
    endloop
  endfacet
  facet normal 0.476763 0.879032 0
    outer loop
      vertex -59.3115 239.738 0
      vertex -58.7215 239.418 10
      vertex -58.7215 239.418 0
    endloop
  endfacet
  facet normal 0.476763 0.879032 -0
    outer loop
      vertex -59.3115 239.738 0
      vertex -59.3115 239.738 10
      vertex -58.7215 239.418 10
    endloop
  endfacet
  facet normal 0.90223 0.431255 0
    outer loop
      vertex -59.3875 239.897 0
      vertex -59.3115 239.738 10
      vertex -59.3115 239.738 0
    endloop
  endfacet
  facet normal 0.90223 0.431255 -0
    outer loop
      vertex -59.3875 239.897 0
      vertex -59.3875 239.897 10
      vertex -59.3115 239.738 10
    endloop
  endfacet
  facet normal 0.800538 -0.599282 0
    outer loop
      vertex -59.3074 240.004 0
      vertex -59.3875 239.897 10
      vertex -59.3875 239.897 0
    endloop
  endfacet
  facet normal 0.800538 -0.599282 0
    outer loop
      vertex -59.3074 240.004 0
      vertex -59.3074 240.004 10
      vertex -59.3875 239.897 10
    endloop
  endfacet
  facet normal 0.449419 -0.893321 0
    outer loop
      vertex -56.2145 241.56 0
      vertex -59.3074 240.004 10
      vertex -59.3074 240.004 0
    endloop
  endfacet
  facet normal 0.449419 -0.893321 0
    outer loop
      vertex -56.2145 241.56 0
      vertex -56.2145 241.56 10
      vertex -59.3074 240.004 10
    endloop
  endfacet
  facet normal 0.760824 -0.648958 0
    outer loop
      vertex -55.6541 242.217 0
      vertex -56.2145 241.56 10
      vertex -56.2145 241.56 0
    endloop
  endfacet
  facet normal 0.760824 -0.648958 0
    outer loop
      vertex -55.6541 242.217 0
      vertex -55.6541 242.217 10
      vertex -56.2145 241.56 10
    endloop
  endfacet
  facet normal 0.514805 -0.857307 0
    outer loop
      vertex -55.5725 242.266 0
      vertex -55.6541 242.217 10
      vertex -55.6541 242.217 0
    endloop
  endfacet
  facet normal 0.514805 -0.857307 0
    outer loop
      vertex -55.5725 242.266 0
      vertex -55.5725 242.266 10
      vertex -55.6541 242.217 10
    endloop
  endfacet
  facet normal 0.21693 -0.976187 0
    outer loop
      vertex -54.7625 242.446 0
      vertex -55.5725 242.266 10
      vertex -55.5725 242.266 0
    endloop
  endfacet
  facet normal 0.21693 -0.976187 0
    outer loop
      vertex -54.7625 242.446 0
      vertex -54.7625 242.446 10
      vertex -55.5725 242.266 10
    endloop
  endfacet
  facet normal -0.534242 -0.845332 0
    outer loop
      vertex -54.5837 242.333 0
      vertex -54.7625 242.446 10
      vertex -54.7625 242.446 0
    endloop
  endfacet
  facet normal -0.534242 -0.845332 0
    outer loop
      vertex -54.5837 242.333 0
      vertex -54.5837 242.333 10
      vertex -54.7625 242.446 10
    endloop
  endfacet
  facet normal -0.975132 -0.221624 0
    outer loop
      vertex -53.9871 239.708 0
      vertex -54.5837 242.333 10
      vertex -54.5837 242.333 0
    endloop
  endfacet
  facet normal -0.975132 -0.221624 0
    outer loop
      vertex -53.9871 239.708 0
      vertex -53.9871 239.708 10
      vertex -54.5837 242.333 10
    endloop
  endfacet
  facet normal -0.909496 -0.415712 0
    outer loop
      vertex -53.3705 238.359 0
      vertex -53.9871 239.708 10
      vertex -53.9871 239.708 0
    endloop
  endfacet
  facet normal -0.909496 -0.415712 0
    outer loop
      vertex -53.3705 238.359 0
      vertex -53.3705 238.359 10
      vertex -53.9871 239.708 10
    endloop
  endfacet
  facet normal -0.57406 -0.818813 0
    outer loop
      vertex -49.6848 235.775 0
      vertex -53.3705 238.359 10
      vertex -53.3705 238.359 0
    endloop
  endfacet
  facet normal -0.57406 -0.818813 0
    outer loop
      vertex -49.6848 235.775 0
      vertex -49.6848 235.775 10
      vertex -53.3705 238.359 10
    endloop
  endfacet
  facet normal 0.999833 -0.0182591 0
    outer loop
      vertex -49.66 237.133 0
      vertex -49.6848 235.775 10
      vertex -49.6848 235.775 0
    endloop
  endfacet
  facet normal 0.999833 -0.0182591 0
    outer loop
      vertex -49.66 237.133 0
      vertex -49.66 237.133 10
      vertex -49.6848 235.775 10
    endloop
  endfacet
  facet normal 0.907667 -0.419692 0
    outer loop
      vertex -49.6096 237.242 0
      vertex -49.66 237.133 10
      vertex -49.66 237.133 0
    endloop
  endfacet
  facet normal 0.907667 -0.419692 0
    outer loop
      vertex -49.6096 237.242 0
      vertex -49.6096 237.242 10
      vertex -49.66 237.133 10
    endloop
  endfacet
  facet normal 0.664849 -0.746978 0
    outer loop
      vertex -49.2085 237.599 0
      vertex -49.6096 237.242 10
      vertex -49.6096 237.242 0
    endloop
  endfacet
  facet normal 0.664849 -0.746978 0
    outer loop
      vertex -49.2085 237.599 0
      vertex -49.2085 237.599 10
      vertex -49.6096 237.242 10
    endloop
  endfacet
  facet normal 0.999729 -0.0232751 0
    outer loop
      vertex -49.1218 241.323 0
      vertex -49.2085 237.599 10
      vertex -49.2085 237.599 0
    endloop
  endfacet
  facet normal 0.999729 -0.0232751 0
    outer loop
      vertex -49.1218 241.323 0
      vertex -49.1218 241.323 10
      vertex -49.2085 237.599 10
    endloop
  endfacet
  facet normal 0.571335 0.820717 0
    outer loop
      vertex -50.8657 242.537 0
      vertex -49.1218 241.323 10
      vertex -49.1218 241.323 0
    endloop
  endfacet
  facet normal 0.571335 0.820717 -0
    outer loop
      vertex -50.8657 242.537 0
      vertex -50.8657 242.537 10
      vertex -49.1218 241.323 10
    endloop
  endfacet
  facet normal 0.759349 0.650684 0
    outer loop
      vertex -50.9154 242.595 0
      vertex -50.8657 242.537 10
      vertex -50.8657 242.537 0
    endloop
  endfacet
  facet normal 0.759349 0.650684 -0
    outer loop
      vertex -50.9154 242.595 0
      vertex -50.9154 242.595 10
      vertex -50.8657 242.537 10
    endloop
  endfacet
  facet normal 0.902559 0.430565 0
    outer loop
      vertex -51.2064 243.205 0
      vertex -50.9154 242.595 10
      vertex -50.9154 242.595 0
    endloop
  endfacet
  facet normal 0.902559 0.430565 -0
    outer loop
      vertex -51.2064 243.205 0
      vertex -51.2064 243.205 10
      vertex -50.9154 242.595 10
    endloop
  endfacet
  facet normal 0.278898 0.960321 0
    outer loop
      vertex -51.6919 243.346 0
      vertex -51.2064 243.205 10
      vertex -51.2064 243.205 0
    endloop
  endfacet
  facet normal 0.278898 0.960321 -0
    outer loop
      vertex -51.6919 243.346 0
      vertex -51.6919 243.346 10
      vertex -51.2064 243.205 10
    endloop
  endfacet
  facet normal 0.531109 0.847304 0
    outer loop
      vertex -51.7605 243.389 0
      vertex -51.6919 243.346 10
      vertex -51.6919 243.346 0
    endloop
  endfacet
  facet normal 0.531109 0.847304 -0
    outer loop
      vertex -51.7605 243.389 0
      vertex -51.7605 243.389 10
      vertex -51.6919 243.346 10
    endloop
  endfacet
  facet normal 0.736527 0.676408 0
    outer loop
      vertex -53.1849 244.94 0
      vertex -51.7605 243.389 10
      vertex -51.7605 243.389 0
    endloop
  endfacet
  facet normal 0.736527 0.676408 -0
    outer loop
      vertex -53.1849 244.94 0
      vertex -53.1849 244.94 10
      vertex -51.7605 243.389 10
    endloop
  endfacet
  facet normal 0.151098 0.988519 0
    outer loop
      vertex -53.6494 245.011 0
      vertex -53.1849 244.94 10
      vertex -53.1849 244.94 0
    endloop
  endfacet
  facet normal 0.151098 0.988519 -0
    outer loop
      vertex -53.6494 245.011 0
      vertex -53.6494 245.011 10
      vertex -53.1849 244.94 10
    endloop
  endfacet
  facet normal 0.108135 0.994136 0
    outer loop
      vertex -54.6331 245.118 0
      vertex -53.6494 245.011 10
      vertex -53.6494 245.011 0
    endloop
  endfacet
  facet normal 0.108135 0.994136 -0
    outer loop
      vertex -54.6331 245.118 0
      vertex -54.6331 245.118 10
      vertex -53.6494 245.011 10
    endloop
  endfacet
  facet normal -0.197159 0.980372 0
    outer loop
      vertex -55.6276 244.918 0
      vertex -54.6331 245.118 10
      vertex -54.6331 245.118 0
    endloop
  endfacet
  facet normal -0.197159 0.980372 0
    outer loop
      vertex -55.6276 244.918 0
      vertex -55.6276 244.918 10
      vertex -54.6331 245.118 10
    endloop
  endfacet
  facet normal -0.485643 0.874157 0
    outer loop
      vertex -56.0326 244.693 0
      vertex -55.6276 244.918 10
      vertex -55.6276 244.918 0
    endloop
  endfacet
  facet normal -0.485643 0.874157 0
    outer loop
      vertex -56.0326 244.693 0
      vertex -56.0326 244.693 10
      vertex -55.6276 244.918 10
    endloop
  endfacet
  facet normal -0.917699 0.397277 0
    outer loop
      vertex -56.3023 244.07 0
      vertex -56.0326 244.693 10
      vertex -56.0326 244.693 0
    endloop
  endfacet
  facet normal -0.917699 0.397277 0
    outer loop
      vertex -56.3023 244.07 0
      vertex -56.3023 244.07 10
      vertex -56.0326 244.693 10
    endloop
  endfacet
  facet normal -0.696146 0.7179 0
    outer loop
      vertex -56.3848 243.99 0
      vertex -56.3023 244.07 10
      vertex -56.3023 244.07 0
    endloop
  endfacet
  facet normal -0.696146 0.7179 0
    outer loop
      vertex -56.3848 243.99 0
      vertex -56.3848 243.99 10
      vertex -56.3023 244.07 10
    endloop
  endfacet
  facet normal -0.367648 0.929965 0
    outer loop
      vertex -59.3949 242.8 0
      vertex -56.3848 243.99 10
      vertex -56.3848 243.99 0
    endloop
  endfacet
  facet normal -0.367648 0.929965 0
    outer loop
      vertex -59.3949 242.8 0
      vertex -59.3949 242.8 10
      vertex -56.3848 243.99 10
    endloop
  endfacet
  facet normal -0.129339 0.9916 0
    outer loop
      vertex -59.4639 242.791 0
      vertex -59.3949 242.8 10
      vertex -59.3949 242.8 0
    endloop
  endfacet
  facet normal -0.129339 0.9916 0
    outer loop
      vertex -59.4639 242.791 0
      vertex -59.4639 242.791 10
      vertex -59.3949 242.8 10
    endloop
  endfacet
  facet normal 0.0924466 0.995718 0
    outer loop
      vertex -60.3471 242.873 0
      vertex -59.4639 242.791 10
      vertex -59.4639 242.791 0
    endloop
  endfacet
  facet normal 0.0924466 0.995718 -0
    outer loop
      vertex -60.3471 242.873 0
      vertex -60.3471 242.873 10
      vertex -59.4639 242.791 10
    endloop
  endfacet
  facet normal -0.819501 0.573078 0
    outer loop
      vertex -60.6471 242.444 0
      vertex -60.3471 242.873 10
      vertex -60.3471 242.873 0
    endloop
  endfacet
  facet normal -0.819501 0.573078 0
    outer loop
      vertex -60.6471 242.444 0
      vertex -60.6471 242.444 10
      vertex -60.3471 242.873 10
    endloop
  endfacet
  facet normal -0.059469 0.99823 0
    outer loop
      vertex -60.8821 242.43 0
      vertex -60.6471 242.444 10
      vertex -60.6471 242.444 0
    endloop
  endfacet
  facet normal -0.059469 0.99823 0
    outer loop
      vertex -60.8821 242.43 0
      vertex -60.8821 242.43 10
      vertex -60.6471 242.444 10
    endloop
  endfacet
  facet normal 0.747409 0.664364 0
    outer loop
      vertex -61.3621 242.97 0
      vertex -60.8821 242.43 10
      vertex -60.8821 242.43 0
    endloop
  endfacet
  facet normal 0.747409 0.664364 -0
    outer loop
      vertex -61.3621 242.97 0
      vertex -61.3621 242.97 10
      vertex -60.8821 242.43 10
    endloop
  endfacet
  facet normal 0.976938 -0.213525 0
    outer loop
      vertex -61.3103 243.207 0
      vertex -61.3621 242.97 10
      vertex -61.3621 242.97 0
    endloop
  endfacet
  facet normal 0.976938 -0.213525 0
    outer loop
      vertex -61.3103 243.207 0
      vertex -61.3103 243.207 10
      vertex -61.3621 242.97 10
    endloop
  endfacet
  facet normal 0.402274 -0.915519 0
    outer loop
      vertex -60.6503 243.497 0
      vertex -61.3103 243.207 10
      vertex -61.3103 243.207 0
    endloop
  endfacet
  facet normal 0.402274 -0.915519 0
    outer loop
      vertex -60.6503 243.497 0
      vertex -60.6503 243.497 10
      vertex -61.3103 243.207 10
    endloop
  endfacet
  facet normal 0.19525 -0.980754 0
    outer loop
      vertex -60.585 243.51 0
      vertex -60.6503 243.497 10
      vertex -60.6503 243.497 0
    endloop
  endfacet
  facet normal 0.19525 -0.980754 0
    outer loop
      vertex -60.585 243.51 0
      vertex -60.585 243.51 10
      vertex -60.6503 243.497 10
    endloop
  endfacet
  facet normal -0.0333508 -0.999444 0
    outer loop
      vertex -59.4762 243.473 0
      vertex -60.585 243.51 10
      vertex -60.585 243.51 0
    endloop
  endfacet
  facet normal -0.0333508 -0.999444 0
    outer loop
      vertex -59.4762 243.473 0
      vertex -59.4762 243.473 10
      vertex -60.585 243.51 10
    endloop
  endfacet
  facet normal 0.819326 -0.573328 0
    outer loop
      vertex -59.1893 243.883 0
      vertex -59.4762 243.473 10
      vertex -59.4762 243.473 0
    endloop
  endfacet
  facet normal 0.819326 -0.573328 0
    outer loop
      vertex -59.1893 243.883 0
      vertex -59.1893 243.883 10
      vertex -59.4762 243.473 10
    endloop
  endfacet
  facet normal 0.569448 0.822028 0
    outer loop
      vertex -60.4654 244.767 0
      vertex -59.1893 243.883 10
      vertex -59.1893 243.883 0
    endloop
  endfacet
  facet normal 0.569448 0.822028 -0
    outer loop
      vertex -60.4654 244.767 0
      vertex -60.4654 244.767 10
      vertex -59.1893 243.883 10
    endloop
  endfacet
  facet normal 0.762566 0.64691 0
    outer loop
      vertex -60.5163 244.827 0
      vertex -60.4654 244.767 10
      vertex -60.4654 244.767 0
    endloop
  endfacet
  facet normal 0.762566 0.64691 -0
    outer loop
      vertex -60.5163 244.827 0
      vertex -60.5163 244.827 10
      vertex -60.4654 244.767 10
    endloop
  endfacet
  facet normal 0.909065 0.416655 0
    outer loop
      vertex -60.7363 245.307 0
      vertex -60.5163 244.827 10
      vertex -60.5163 244.827 0
    endloop
  endfacet
  facet normal 0.909065 0.416655 -0
    outer loop
      vertex -60.7363 245.307 0
      vertex -60.7363 245.307 10
      vertex -60.5163 244.827 10
    endloop
  endfacet
  facet normal 0.980472 -0.196661 0
    outer loop
      vertex -60.7016 245.48 0
      vertex -60.7363 245.307 10
      vertex -60.7363 245.307 0
    endloop
  endfacet
  facet normal 0.980472 -0.196661 0
    outer loop
      vertex -60.7016 245.48 0
      vertex -60.7016 245.48 10
      vertex -60.7363 245.307 10
    endloop
  endfacet
  facet normal 0.132693 -0.991157 0
    outer loop
      vertex -60.5298 245.503 0
      vertex -60.7016 245.48 10
      vertex -60.7016 245.48 0
    endloop
  endfacet
  facet normal 0.132693 -0.991157 0
    outer loop
      vertex -60.5298 245.503 0
      vertex -60.5298 245.503 10
      vertex -60.7016 245.48 10
    endloop
  endfacet
  facet normal -0.468355 -0.88354 0
    outer loop
      vertex -57.9076 244.113 0
      vertex -60.5298 245.503 10
      vertex -60.5298 245.503 0
    endloop
  endfacet
  facet normal -0.468355 -0.88354 0
    outer loop
      vertex -57.9076 244.113 0
      vertex -57.9076 244.113 10
      vertex -60.5298 245.503 10
    endloop
  endfacet
  facet normal 0.328848 -0.944383 0
    outer loop
      vertex -57.1236 244.386 0
      vertex -57.9076 244.113 10
      vertex -57.9076 244.113 0
    endloop
  endfacet
  facet normal 0.328848 -0.944383 0
    outer loop
      vertex -57.1236 244.386 0
      vertex -57.1236 244.386 10
      vertex -57.9076 244.113 10
    endloop
  endfacet
  facet normal 0.808045 -0.589121 0
    outer loop
      vertex -56.3712 245.418 0
      vertex -57.1236 244.386 10
      vertex -57.1236 244.386 0
    endloop
  endfacet
  facet normal 0.808045 -0.589121 0
    outer loop
      vertex -56.3712 245.418 0
      vertex -56.3712 245.418 10
      vertex -57.1236 244.386 10
    endloop
  endfacet
  facet normal 0.663615 -0.748075 0
    outer loop
      vertex -56.3216 245.462 0
      vertex -56.3712 245.418 10
      vertex -56.3712 245.418 0
    endloop
  endfacet
  facet normal 0.663615 -0.748075 0
    outer loop
      vertex -56.3216 245.462 0
      vertex -56.3216 245.462 10
      vertex -56.3712 245.418 10
    endloop
  endfacet
  facet normal 0.477153 -0.87882 0
    outer loop
      vertex -55.2994 246.017 0
      vertex -56.3216 245.462 10
      vertex -56.3216 245.462 0
    endloop
  endfacet
  facet normal 0.477153 -0.87882 0
    outer loop
      vertex -55.2994 246.017 0
      vertex -55.2994 246.017 10
      vertex -56.3216 245.462 10
    endloop
  endfacet
  facet normal 0.856679 0.515851 0
    outer loop
      vertex -56.8385 248.573 0
      vertex -55.2994 246.017 10
      vertex -55.2994 246.017 0
    endloop
  endfacet
  facet normal 0.856679 0.515851 -0
    outer loop
      vertex -56.8385 248.573 0
      vertex -56.8385 248.573 10
      vertex -55.2994 246.017 10
    endloop
  endfacet
  facet normal 0.996249 -0.0865314 0
    outer loop
      vertex -56.8233 248.748 0
      vertex -56.8385 248.573 10
      vertex -56.8385 248.573 0
    endloop
  endfacet
  facet normal 0.996249 -0.0865314 0
    outer loop
      vertex -56.8233 248.748 0
      vertex -56.8233 248.748 10
      vertex -56.8385 248.573 10
    endloop
  endfacet
  facet normal 0.0224763 -0.999747 0
    outer loop
      vertex -56.6009 248.753 0
      vertex -56.8233 248.748 10
      vertex -56.8233 248.748 0
    endloop
  endfacet
  facet normal 0.0224763 -0.999747 0
    outer loop
      vertex -56.6009 248.753 0
      vertex -56.6009 248.753 10
      vertex -56.8233 248.748 10
    endloop
  endfacet
  facet normal -0.726941 -0.6867 0
    outer loop
      vertex -54.8023 246.849 0
      vertex -56.6009 248.753 10
      vertex -56.6009 248.753 0
    endloop
  endfacet
  facet normal -0.726941 -0.6867 0
    outer loop
      vertex -54.8023 246.849 0
      vertex -54.8023 246.849 10
      vertex -56.6009 248.753 10
    endloop
  endfacet
  facet normal 0.387163 -0.922011 0
    outer loop
      vertex -54.4427 247 0
      vertex -54.8023 246.849 10
      vertex -54.8023 246.849 0
    endloop
  endfacet
  facet normal 0.387163 -0.922011 0
    outer loop
      vertex -54.4427 247 0
      vertex -54.4427 247 10
      vertex -54.8023 246.849 10
    endloop
  endfacet
  facet normal 0.853148 -0.521669 0
    outer loop
      vertex -53.808 248.038 0
      vertex -54.4427 247 10
      vertex -54.4427 247 0
    endloop
  endfacet
  facet normal 0.853148 -0.521669 0
    outer loop
      vertex -53.808 248.038 0
      vertex -53.808 248.038 10
      vertex -54.4427 247 10
    endloop
  endfacet
  facet normal 0.38542 -0.922741 0
    outer loop
      vertex -53.6452 248.106 0
      vertex -53.808 248.038 10
      vertex -53.808 248.038 0
    endloop
  endfacet
  facet normal 0.38542 -0.922741 0
    outer loop
      vertex -53.6452 248.106 0
      vertex -53.6452 248.106 10
      vertex -53.808 248.038 10
    endloop
  endfacet
  facet normal -0.622963 -0.782252 0
    outer loop
      vertex -53.546 248.027 0
      vertex -53.6452 248.106 10
      vertex -53.6452 248.106 0
    endloop
  endfacet
  facet normal -0.622963 -0.782252 0
    outer loop
      vertex -53.546 248.027 0
      vertex -53.546 248.027 10
      vertex -53.6452 248.106 10
    endloop
  endfacet
  facet normal -0.893349 -0.449364 0
    outer loop
      vertex -52.6773 246.3 0
      vertex -53.546 248.027 10
      vertex -53.546 248.027 0
    endloop
  endfacet
  facet normal -0.893349 -0.449364 0
    outer loop
      vertex -52.6773 246.3 0
      vertex -52.6773 246.3 10
      vertex -53.546 248.027 10
    endloop
  endfacet
  facet normal -0.697772 -0.71632 0
    outer loop
      vertex -51.5419 245.194 0
      vertex -52.6773 246.3 10
      vertex -52.6773 246.3 0
    endloop
  endfacet
  facet normal -0.697772 -0.71632 0
    outer loop
      vertex -51.5419 245.194 0
      vertex -51.5419 245.194 10
      vertex -52.6773 246.3 10
    endloop
  endfacet
  facet normal -0.449169 -0.893447 0
    outer loop
      vertex -49.6244 244.23 0
      vertex -51.5419 245.194 10
      vertex -51.5419 245.194 0
    endloop
  endfacet
  facet normal -0.449169 -0.893447 0
    outer loop
      vertex -49.6244 244.23 0
      vertex -49.6244 244.23 10
      vertex -51.5419 245.194 10
    endloop
  endfacet
  facet normal 0 -1 0
    outer loop
      vertex -49.3569 244.23 0
      vertex -49.6244 244.23 10
      vertex -49.6244 244.23 0
    endloop
  endfacet
  facet normal 0 -1 0
    outer loop
      vertex -49.3569 244.23 0
      vertex -49.3569 244.23 10
      vertex -49.6244 244.23 10
    endloop
  endfacet
  facet normal 0.663676 -0.74802 0
    outer loop
      vertex -47.9796 245.452 0
      vertex -49.3569 244.23 10
      vertex -49.3569 244.23 0
    endloop
  endfacet
  facet normal 0.663676 -0.74802 0
    outer loop
      vertex -47.9796 245.452 0
      vertex -47.9796 245.452 10
      vertex -49.3569 244.23 10
    endloop
  endfacet
  facet normal 0.414647 -0.909982 0
    outer loop
      vertex -47.8984 245.489 0
      vertex -47.9796 245.452 10
      vertex -47.9796 245.452 0
    endloop
  endfacet
  facet normal 0.414647 -0.909982 0
    outer loop
      vertex -47.8984 245.489 0
      vertex -47.8984 245.489 10
      vertex -47.9796 245.452 10
    endloop
  endfacet
  facet normal 0.122997 -0.992407 0
    outer loop
      vertex -45.9216 245.734 0
      vertex -47.8984 245.489 10
      vertex -47.8984 245.489 0
    endloop
  endfacet
  facet normal 0.122997 -0.992407 0
    outer loop
      vertex -45.9216 245.734 0
      vertex -45.9216 245.734 10
      vertex -47.8984 245.489 10
    endloop
  endfacet
  facet normal 0.632709 -0.774389 0
    outer loop
      vertex -45.7221 245.897 0
      vertex -45.9216 245.734 10
      vertex -45.9216 245.734 0
    endloop
  endfacet
  facet normal 0.632709 -0.774389 0
    outer loop
      vertex -45.7221 245.897 0
      vertex -45.7221 245.897 10
      vertex -45.9216 245.734 10
    endloop
  endfacet
  facet normal 0.993536 -0.11352 0
    outer loop
      vertex -45.4208 248.534 0
      vertex -45.7221 245.897 10
      vertex -45.7221 245.897 0
    endloop
  endfacet
  facet normal 0.993536 -0.11352 0
    outer loop
      vertex -45.4208 248.534 0
      vertex -45.4208 248.534 10
      vertex -45.7221 245.897 10
    endloop
  endfacet
  facet normal 0.457067 0.889432 0
    outer loop
      vertex -46.7674 249.226 0
      vertex -45.4208 248.534 10
      vertex -45.4208 248.534 0
    endloop
  endfacet
  facet normal 0.457067 0.889432 -0
    outer loop
      vertex -46.7674 249.226 0
      vertex -46.7674 249.226 10
      vertex -45.4208 248.534 10
    endloop
  endfacet
  facet normal 0.159778 0.987153 0
    outer loop
      vertex -49.214 249.622 0
      vertex -46.7674 249.226 10
      vertex -46.7674 249.226 0
    endloop
  endfacet
  facet normal 0.159778 0.987153 -0
    outer loop
      vertex -49.214 249.622 0
      vertex -49.214 249.622 10
      vertex -46.7674 249.226 10
    endloop
  endfacet
  facet normal 0.512511 0.858681 0
    outer loop
      vertex -49.3095 249.679 0
      vertex -49.214 249.622 10
      vertex -49.214 249.622 0
    endloop
  endfacet
  facet normal 0.512511 0.858681 -0
    outer loop
      vertex -49.3095 249.679 0
      vertex -49.3095 249.679 10
      vertex -49.214 249.622 10
    endloop
  endfacet
  facet normal 0.796691 0.604386 0
    outer loop
      vertex -49.7495 250.259 0
      vertex -49.3095 249.679 10
      vertex -49.3095 249.679 0
    endloop
  endfacet
  facet normal 0.796691 0.604386 -0
    outer loop
      vertex -49.7495 250.259 0
      vertex -49.7495 250.259 10
      vertex -49.3095 249.679 10
    endloop
  endfacet
  facet normal 0.981442 0.191759 0
    outer loop
      vertex -49.7749 250.389 0
      vertex -49.7495 250.259 10
      vertex -49.7495 250.259 0
    endloop
  endfacet
  facet normal 0.981442 0.191759 -0
    outer loop
      vertex -49.7749 250.389 0
      vertex -49.7749 250.389 10
      vertex -49.7495 250.259 10
    endloop
  endfacet
  facet normal 0.966091 -0.258202 0
    outer loop
      vertex -49.4769 251.504 0
      vertex -49.7749 250.389 10
      vertex -49.7749 250.389 0
    endloop
  endfacet
  facet normal 0.966091 -0.258202 0
    outer loop
      vertex -49.4769 251.504 0
      vertex -49.4769 251.504 10
      vertex -49.7749 250.389 10
    endloop
  endfacet
  facet normal 0.942511 0.334175 0
    outer loop
      vertex -49.7414 252.25 0
      vertex -49.4769 251.504 10
      vertex -49.4769 251.504 0
    endloop
  endfacet
  facet normal 0.942511 0.334175 -0
    outer loop
      vertex -49.7414 252.25 0
      vertex -49.7414 252.25 10
      vertex -49.4769 251.504 10
    endloop
  endfacet
  facet normal 0.971554 -0.236816 0
    outer loop
      vertex -49.7024 252.41 0
      vertex -49.7414 252.25 10
      vertex -49.7414 252.25 0
    endloop
  endfacet
  facet normal 0.971554 -0.236816 0
    outer loop
      vertex -49.7024 252.41 0
      vertex -49.7024 252.41 10
      vertex -49.7414 252.25 10
    endloop
  endfacet
  facet normal 0.682785 -0.73062 0
    outer loop
      vertex -48.9769 253.088 0
      vertex -49.7024 252.41 10
      vertex -49.7024 252.41 0
    endloop
  endfacet
  facet normal 0.682785 -0.73062 0
    outer loop
      vertex -48.9769 253.088 0
      vertex -48.9769 253.088 10
      vertex -49.7024 252.41 10
    endloop
  endfacet
  facet normal 0.998852 -0.0479078 0
    outer loop
      vertex -48.9098 254.487 0
      vertex -48.9769 253.088 10
      vertex -48.9769 253.088 0
    endloop
  endfacet
  facet normal 0.998852 -0.0479078 0
    outer loop
      vertex -48.9098 254.487 0
      vertex -48.9098 254.487 10
      vertex -48.9769 253.088 10
    endloop
  endfacet
  facet normal 0.781145 -0.62435 0
    outer loop
      vertex -48.7995 254.625 0
      vertex -48.9098 254.487 10
      vertex -48.9098 254.487 0
    endloop
  endfacet
  facet normal 0.781145 -0.62435 0
    outer loop
      vertex -48.7995 254.625 0
      vertex -48.7995 254.625 10
      vertex -48.9098 254.487 10
    endloop
  endfacet
  facet normal -0.382095 -0.924123 0
    outer loop
      vertex -48.6302 254.555 0
      vertex -48.7995 254.625 10
      vertex -48.7995 254.625 0
    endloop
  endfacet
  facet normal -0.382095 -0.924123 0
    outer loop
      vertex -48.6302 254.555 0
      vertex -48.6302 254.555 10
      vertex -48.7995 254.625 10
    endloop
  endfacet
  facet normal -0.86514 -0.50153 0
    outer loop
      vertex -48.2302 253.865 0
      vertex -48.6302 254.555 10
      vertex -48.6302 254.555 0
    endloop
  endfacet
  facet normal -0.86514 -0.50153 0
    outer loop
      vertex -48.2302 253.865 0
      vertex -48.2302 253.865 10
      vertex -48.6302 254.555 10
    endloop
  endfacet
  facet normal -0.988038 -0.154208 0
    outer loop
      vertex -48.2135 253.758 0
      vertex -48.2302 253.865 10
      vertex -48.2302 253.865 0
    endloop
  endfacet
  facet normal -0.988038 -0.154208 0
    outer loop
      vertex -48.2135 253.758 0
      vertex -48.2135 253.758 10
      vertex -48.2302 253.865 10
    endloop
  endfacet
  facet normal -0.976775 0.214269 0
    outer loop
      vertex -48.6202 251.904 0
      vertex -48.2135 253.758 10
      vertex -48.2135 253.758 0
    endloop
  endfacet
  facet normal -0.976775 0.214269 0
    outer loop
      vertex -48.6202 251.904 0
      vertex -48.6202 251.904 10
      vertex -48.2135 253.758 10
    endloop
  endfacet
  facet normal -0.509897 -0.860236 0
    outer loop
      vertex -46.923 250.898 0
      vertex -48.6202 251.904 10
      vertex -48.6202 251.904 0
    endloop
  endfacet
  facet normal -0.509897 -0.860236 0
    outer loop
      vertex -46.923 250.898 0
      vertex -46.923 250.898 10
      vertex -48.6202 251.904 10
    endloop
  endfacet
  facet normal 0.19633 -0.980538 0
    outer loop
      vertex -45.9541 251.092 0
      vertex -46.923 250.898 10
      vertex -46.923 250.898 0
    endloop
  endfacet
  facet normal 0.19633 -0.980538 0
    outer loop
      vertex -45.9541 251.092 0
      vertex -45.9541 251.092 10
      vertex -46.923 250.898 10
    endloop
  endfacet
  facet normal 0.505127 -0.863045 0
    outer loop
      vertex -45.1169 251.582 0
      vertex -45.9541 251.092 10
      vertex -45.9541 251.092 0
    endloop
  endfacet
  facet normal 0.505127 -0.863045 0
    outer loop
      vertex -45.1169 251.582 0
      vertex -45.1169 251.582 10
      vertex -45.9541 251.092 10
    endloop
  endfacet
  facet normal 0.99697 0.0777856 0
    outer loop
      vertex -45.1595 252.128 0
      vertex -45.1169 251.582 10
      vertex -45.1169 251.582 0
    endloop
  endfacet
  facet normal 0.99697 0.0777856 -0
    outer loop
      vertex -45.1595 252.128 0
      vertex -45.1595 252.128 10
      vertex -45.1169 251.582 10
    endloop
  endfacet
  facet normal 0.682166 -0.731197 0
    outer loop
      vertex -44.988 252.288 0
      vertex -45.1595 252.128 10
      vertex -45.1595 252.128 0
    endloop
  endfacet
  facet normal 0.682166 -0.731197 0
    outer loop
      vertex -44.988 252.288 0
      vertex -44.988 252.288 10
      vertex -45.1595 252.128 10
    endloop
  endfacet
  facet normal -0.146036 -0.989279 0
    outer loop
      vertex -43.6738 252.094 0
      vertex -44.988 252.288 10
      vertex -44.988 252.288 0
    endloop
  endfacet
  facet normal -0.146036 -0.989279 0
    outer loop
      vertex -43.6738 252.094 0
      vertex -43.6738 252.094 10
      vertex -44.988 252.288 10
    endloop
  endfacet
  facet normal 0.320279 -0.947323 0
    outer loop
      vertex -43.1621 252.267 0
      vertex -43.6738 252.094 10
      vertex -43.6738 252.094 0
    endloop
  endfacet
  facet normal 0.320279 -0.947323 0
    outer loop
      vertex -43.1621 252.267 0
      vertex -43.1621 252.267 10
      vertex -43.6738 252.094 10
    endloop
  endfacet
  facet normal 0.959985 -0.280052 0
    outer loop
      vertex -42.9118 253.125 0
      vertex -43.1621 252.267 10
      vertex -43.1621 252.267 0
    endloop
  endfacet
  facet normal 0.959985 -0.280052 0
    outer loop
      vertex -42.9118 253.125 0
      vertex -42.9118 253.125 10
      vertex -43.1621 252.267 10
    endloop
  endfacet
  facet normal 0.99661 0.0822752 0
    outer loop
      vertex -43.0055 254.26 0
      vertex -42.9118 253.125 10
      vertex -42.9118 253.125 0
    endloop
  endfacet
  facet normal 0.99661 0.0822752 -0
    outer loop
      vertex -43.0055 254.26 0
      vertex -43.0055 254.26 10
      vertex -42.9118 253.125 10
    endloop
  endfacet
  facet normal 0.762332 0.647187 0
    outer loop
      vertex -43.5344 254.883 0
      vertex -43.0055 254.26 10
      vertex -43.0055 254.26 0
    endloop
  endfacet
  facet normal 0.762332 0.647187 -0
    outer loop
      vertex -43.5344 254.883 0
      vertex -43.5344 254.883 10
      vertex -43.0055 254.26 10
    endloop
  endfacet
  facet normal 0.87325 0.487273 0
    outer loop
      vertex -43.5623 254.933 0
      vertex -43.5344 254.883 10
      vertex -43.5344 254.883 0
    endloop
  endfacet
  facet normal 0.87325 0.487273 -0
    outer loop
      vertex -43.5623 254.933 0
      vertex -43.5623 254.933 10
      vertex -43.5344 254.883 10
    endloop
  endfacet
  facet normal 0.948674 0.316257 0
    outer loop
      vertex -44.5374 257.858 0
      vertex -43.5623 254.933 10
      vertex -43.5623 254.933 0
    endloop
  endfacet
  facet normal 0.948674 0.316257 -0
    outer loop
      vertex -44.5374 257.858 0
      vertex -44.5374 257.858 10
      vertex -43.5623 254.933 10
    endloop
  endfacet
  facet normal 0.597819 0.801631 0
    outer loop
      vertex -44.9142 258.139 0
      vertex -44.5374 257.858 10
      vertex -44.5374 257.858 0
    endloop
  endfacet
  facet normal 0.597819 0.801631 -0
    outer loop
      vertex -44.9142 258.139 0
      vertex -44.9142 258.139 10
      vertex -44.5374 257.858 10
    endloop
  endfacet
  facet normal -0.645696 0.763595 0
    outer loop
      vertex -45.2335 257.869 0
      vertex -44.9142 258.139 10
      vertex -44.9142 258.139 0
    endloop
  endfacet
  facet normal -0.645696 0.763595 0
    outer loop
      vertex -45.2335 257.869 0
      vertex -45.2335 257.869 10
      vertex -44.9142 258.139 10
    endloop
  endfacet
  facet normal -0.979679 0.200574 0
    outer loop
      vertex -45.653 255.82 0
      vertex -45.2335 257.869 10
      vertex -45.2335 257.869 0
    endloop
  endfacet
  facet normal -0.979679 0.200574 0
    outer loop
      vertex -45.653 255.82 0
      vertex -45.653 255.82 10
      vertex -45.2335 257.869 10
    endloop
  endfacet
  facet normal -0.915197 0.403008 0
    outer loop
      vertex -45.6781 255.763 0
      vertex -45.653 255.82 10
      vertex -45.653 255.82 0
    endloop
  endfacet
  facet normal -0.915197 0.403008 0
    outer loop
      vertex -45.6781 255.763 0
      vertex -45.6781 255.763 10
      vertex -45.653 255.82 10
    endloop
  endfacet
  facet normal -0.812324 0.583207 0
    outer loop
      vertex -46.2381 254.983 0
      vertex -45.6781 255.763 10
      vertex -45.6781 255.763 0
    endloop
  endfacet
  facet normal -0.812324 0.583207 0
    outer loop
      vertex -46.2381 254.983 0
      vertex -46.2381 254.983 10
      vertex -45.6781 255.763 10
    endloop
  endfacet
  facet normal -0.288797 0.95739 0
    outer loop
      vertex -46.4138 254.93 0
      vertex -46.2381 254.983 10
      vertex -46.2381 254.983 0
    endloop
  endfacet
  facet normal -0.288797 0.95739 0
    outer loop
      vertex -46.4138 254.93 0
      vertex -46.4138 254.93 10
      vertex -46.2381 254.983 10
    endloop
  endfacet
  facet normal 0.358979 0.933346 0
    outer loop
      vertex -46.8038 255.08 0
      vertex -46.4138 254.93 10
      vertex -46.4138 254.93 0
    endloop
  endfacet
  facet normal 0.358979 0.933346 -0
    outer loop
      vertex -46.8038 255.08 0
      vertex -46.8038 255.08 10
      vertex -46.4138 254.93 10
    endloop
  endfacet
  facet normal 0.919577 0.39291 0
    outer loop
      vertex -46.8884 255.278 0
      vertex -46.8038 255.08 10
      vertex -46.8038 255.08 0
    endloop
  endfacet
  facet normal 0.919577 0.39291 -0
    outer loop
      vertex -46.8884 255.278 0
      vertex -46.8884 255.278 10
      vertex -46.8038 255.08 10
    endloop
  endfacet
  facet normal 0.922419 -0.38619 0
    outer loop
      vertex -46.3592 256.542 0
      vertex -46.8884 255.278 10
      vertex -46.8884 255.278 0
    endloop
  endfacet
  facet normal 0.922419 -0.38619 0
    outer loop
      vertex -46.3592 256.542 0
      vertex -46.3592 256.542 10
      vertex -46.8884 255.278 10
    endloop
  endfacet
  facet normal 0.999614 -0.027792 0
    outer loop
      vertex -46.3406 257.211 0
      vertex -46.3592 256.542 10
      vertex -46.3592 256.542 0
    endloop
  endfacet
  facet normal 0.999614 -0.027792 0
    outer loop
      vertex -46.3406 257.211 0
      vertex -46.3406 257.211 10
      vertex -46.3592 256.542 10
    endloop
  endfacet
  facet normal 0.961294 0.275524 0
    outer loop
      vertex -46.7304 258.571 0
      vertex -46.3406 257.211 10
      vertex -46.3406 257.211 0
    endloop
  endfacet
  facet normal 0.961294 0.275524 -0
    outer loop
      vertex -46.7304 258.571 0
      vertex -46.7304 258.571 10
      vertex -46.3406 257.211 10
    endloop
  endfacet
  facet normal -0.513821 0.857897 0
    outer loop
      vertex -48.1329 257.731 0
      vertex -46.7304 258.571 10
      vertex -46.7304 258.571 0
    endloop
  endfacet
  facet normal -0.513821 0.857897 0
    outer loop
      vertex -48.1329 257.731 0
      vertex -48.1329 257.731 10
      vertex -46.7304 258.571 10
    endloop
  endfacet
  facet normal 0.152057 0.988372 0
    outer loop
      vertex -48.3214 257.76 0
      vertex -48.1329 257.731 10
      vertex -48.1329 257.731 0
    endloop
  endfacet
  facet normal 0.152057 0.988372 -0
    outer loop
      vertex -48.3214 257.76 0
      vertex -48.3214 257.76 10
      vertex -48.1329 257.731 10
    endloop
  endfacet
  facet normal 0.742461 0.669889 0
    outer loop
      vertex -49.5214 259.09 0
      vertex -48.3214 257.76 10
      vertex -48.3214 257.76 0
    endloop
  endfacet
  facet normal 0.742461 0.669889 -0
    outer loop
      vertex -49.5214 259.09 0
      vertex -49.5214 259.09 10
      vertex -48.3214 257.76 10
    endloop
  endfacet
  facet normal 0.994399 0.10569 0
    outer loop
      vertex -49.54 259.265 0
      vertex -49.5214 259.09 10
      vertex -49.5214 259.09 0
    endloop
  endfacet
  facet normal 0.994399 0.10569 -0
    outer loop
      vertex -49.54 259.265 0
      vertex -49.54 259.265 10
      vertex -49.5214 259.09 10
    endloop
  endfacet
  facet normal 0.235257 -0.971933 0
    outer loop
      vertex -49.3293 259.316 0
      vertex -49.54 259.265 10
      vertex -49.54 259.265 0
    endloop
  endfacet
  facet normal 0.235257 -0.971933 0
    outer loop
      vertex -49.3293 259.316 0
      vertex -49.3293 259.316 10
      vertex -49.54 259.265 10
    endloop
  endfacet
  facet normal -0.537961 -0.84297 0
    outer loop
      vertex -48.1337 258.553 0
      vertex -49.3293 259.316 10
      vertex -49.3293 259.316 0
    endloop
  endfacet
  facet normal -0.537961 -0.84297 0
    outer loop
      vertex -48.1337 258.553 0
      vertex -48.1337 258.553 10
      vertex -49.3293 259.316 10
    endloop
  endfacet
  facet normal 0.725926 -0.687773 0
    outer loop
      vertex -47.3189 259.413 0
      vertex -48.1337 258.553 10
      vertex -48.1337 258.553 0
    endloop
  endfacet
  facet normal 0.725926 -0.687773 0
    outer loop
      vertex -47.3189 259.413 0
      vertex -47.3189 259.413 10
      vertex -48.1337 258.553 10
    endloop
  endfacet
  facet normal 0.513574 -0.858045 0
    outer loop
      vertex -47.2504 259.454 0
      vertex -47.3189 259.413 10
      vertex -47.3189 259.413 0
    endloop
  endfacet
  facet normal 0.513574 -0.858045 0
    outer loop
      vertex -47.2504 259.454 0
      vertex -47.2504 259.454 10
      vertex -47.3189 259.413 10
    endloop
  endfacet
  facet normal 0.270526 -0.962713 0
    outer loop
      vertex -46.5529 259.65 0
      vertex -47.2504 259.454 10
      vertex -47.2504 259.454 0
    endloop
  endfacet
  facet normal 0.270526 -0.962713 0
    outer loop
      vertex -46.5529 259.65 0
      vertex -46.5529 259.65 10
      vertex -47.2504 259.454 10
    endloop
  endfacet
  facet normal 0.824546 -0.565794 0
    outer loop
      vertex -45.6437 260.975 0
      vertex -46.5529 259.65 10
      vertex -46.5529 259.65 0
    endloop
  endfacet
  facet normal 0.824546 -0.565794 0
    outer loop
      vertex -45.6437 260.975 0
      vertex -45.6437 260.975 10
      vertex -46.5529 259.65 10
    endloop
  endfacet
  facet normal 0.420976 -0.907072 0
    outer loop
      vertex -45.5058 261.039 0
      vertex -45.6437 260.975 10
      vertex -45.6437 260.975 0
    endloop
  endfacet
  facet normal 0.420976 -0.907072 0
    outer loop
      vertex -45.5058 261.039 0
      vertex -45.5058 261.039 10
      vertex -45.6437 260.975 10
    endloop
  endfacet
  facet normal -0.0948091 -0.995495 0
    outer loop
      vertex -44.8758 260.979 0
      vertex -45.5058 261.039 10
      vertex -45.5058 261.039 0
    endloop
  endfacet
  facet normal -0.0948091 -0.995495 0
    outer loop
      vertex -44.8758 260.979 0
      vertex -44.8758 260.979 10
      vertex -45.5058 261.039 10
    endloop
  endfacet
  facet normal -0.509072 -0.860724 0
    outer loop
      vertex -44.7659 260.914 0
      vertex -44.8758 260.979 10
      vertex -44.8758 260.979 0
    endloop
  endfacet
  facet normal -0.509072 -0.860724 0
    outer loop
      vertex -44.7659 260.914 0
      vertex -44.7659 260.914 10
      vertex -44.8758 260.979 10
    endloop
  endfacet
  facet normal -0.827121 -0.562023 0
    outer loop
      vertex -43.9077 259.651 0
      vertex -44.7659 260.914 10
      vertex -44.7659 260.914 0
    endloop
  endfacet
  facet normal -0.827121 -0.562023 0
    outer loop
      vertex -43.9077 259.651 0
      vertex -43.9077 259.651 10
      vertex -44.7659 260.914 10
    endloop
  endfacet
  facet normal -0.250492 -0.968119 0
    outer loop
      vertex -43.7647 259.614 0
      vertex -43.9077 259.651 10
      vertex -43.9077 259.651 0
    endloop
  endfacet
  facet normal -0.250492 -0.968119 0
    outer loop
      vertex -43.7647 259.614 0
      vertex -43.7647 259.614 10
      vertex -43.9077 259.651 10
    endloop
  endfacet
  facet normal 0.621882 -0.783111 0
    outer loop
      vertex -43.5267 259.803 0
      vertex -43.7647 259.614 10
      vertex -43.7647 259.614 0
    endloop
  endfacet
  facet normal 0.621882 -0.783111 0
    outer loop
      vertex -43.5267 259.803 0
      vertex -43.5267 259.803 10
      vertex -43.7647 259.614 10
    endloop
  endfacet
  facet normal 0.981607 -0.190912 0
    outer loop
      vertex -43.1914 261.527 0
      vertex -43.5267 259.803 10
      vertex -43.5267 259.803 0
    endloop
  endfacet
  facet normal 0.981607 -0.190912 0
    outer loop
      vertex -43.1914 261.527 0
      vertex -43.1914 261.527 10
      vertex -43.5267 259.803 10
    endloop
  endfacet
  facet normal 0.995646 0.0932198 0
    outer loop
      vertex -43.497 264.791 0
      vertex -43.1914 261.527 10
      vertex -43.1914 261.527 0
    endloop
  endfacet
  facet normal 0.995646 0.0932198 -0
    outer loop
      vertex -43.497 264.791 0
      vertex -43.497 264.791 10
      vertex -43.1914 261.527 10
    endloop
  endfacet
  facet normal 0.908884 0.417049 0
    outer loop
      vertex -44.4863 266.947 0
      vertex -43.497 264.791 10
      vertex -43.497 264.791 0
    endloop
  endfacet
  facet normal 0.908884 0.417049 -0
    outer loop
      vertex -44.4863 266.947 0
      vertex -44.4863 266.947 10
      vertex -43.497 264.791 10
    endloop
  endfacet
  facet normal 0.992346 0.123492 0
    outer loop
      vertex -44.4975 267.037 0
      vertex -44.4863 266.947 10
      vertex -44.4863 266.947 0
    endloop
  endfacet
  facet normal 0.992346 0.123492 -0
    outer loop
      vertex -44.4975 267.037 0
      vertex -44.4975 267.037 10
      vertex -44.4863 266.947 10
    endloop
  endfacet
  facet normal 0.983462 -0.181116 0
    outer loop
      vertex -44.2975 268.123 0
      vertex -44.4975 267.037 10
      vertex -44.4975 267.037 0
    endloop
  endfacet
  facet normal 0.983462 -0.181116 0
    outer loop
      vertex -44.2975 268.123 0
      vertex -44.2975 268.123 10
      vertex -44.4975 267.037 10
    endloop
  endfacet
  facet normal 0.866445 0.499273 0
    outer loop
      vertex -44.7654 268.935 0
      vertex -44.2975 268.123 10
      vertex -44.2975 268.123 0
    endloop
  endfacet
  facet normal 0.866445 0.499273 -0
    outer loop
      vertex -44.7654 268.935 0
      vertex -44.7654 268.935 10
      vertex -44.2975 268.123 10
    endloop
  endfacet
  facet normal 0.180991 0.983485 0
    outer loop
      vertex -45.7272 269.112 0
      vertex -44.7654 268.935 10
      vertex -44.7654 268.935 0
    endloop
  endfacet
  facet normal 0.180991 0.983485 -0
    outer loop
      vertex -45.7272 269.112 0
      vertex -45.7272 269.112 10
      vertex -44.7654 268.935 10
    endloop
  endfacet
  facet normal 0.432475 0.901646 0
    outer loop
      vertex -45.796 269.145 0
      vertex -45.7272 269.112 10
      vertex -45.7272 269.112 0
    endloop
  endfacet
  facet normal 0.432475 0.901646 -0
    outer loop
      vertex -45.796 269.145 0
      vertex -45.796 269.145 10
      vertex -45.7272 269.112 10
    endloop
  endfacet
  facet normal 0.639891 0.768466 0
    outer loop
      vertex -46.4397 269.681 0
      vertex -45.796 269.145 10
      vertex -45.796 269.145 0
    endloop
  endfacet
  facet normal 0.639891 0.768466 -0
    outer loop
      vertex -46.4397 269.681 0
      vertex -46.4397 269.681 10
      vertex -45.796 269.145 10
    endloop
  endfacet
  facet normal -0.45739 0.889266 0
    outer loop
      vertex -47.0113 269.387 0
      vertex -46.4397 269.681 10
      vertex -46.4397 269.681 0
    endloop
  endfacet
  facet normal -0.45739 0.889266 0
    outer loop
      vertex -47.0113 269.387 0
      vertex -47.0113 269.387 10
      vertex -46.4397 269.681 10
    endloop
  endfacet
  facet normal -0.213997 0.976834 0
    outer loop
      vertex -47.0889 269.37 0
      vertex -47.0113 269.387 10
      vertex -47.0113 269.387 0
    endloop
  endfacet
  facet normal -0.213997 0.976834 0
    outer loop
      vertex -47.0889 269.37 0
      vertex -47.0889 269.37 10
      vertex -47.0113 269.387 10
    endloop
  endfacet
  facet normal 0.0595954 0.998223 0
    outer loop
      vertex -47.7589 269.41 0
      vertex -47.0889 269.37 10
      vertex -47.0889 269.37 0
    endloop
  endfacet
  facet normal 0.0595954 0.998223 -0
    outer loop
      vertex -47.7589 269.41 0
      vertex -47.7589 269.41 10
      vertex -47.0889 269.37 10
    endloop
  endfacet
  facet normal 0.551629 0.83409 0
    outer loop
      vertex -47.8844 269.493 0
      vertex -47.7589 269.41 10
      vertex -47.7589 269.41 0
    endloop
  endfacet
  facet normal 0.551629 0.83409 -0
    outer loop
      vertex -47.8844 269.493 0
      vertex -47.8844 269.493 10
      vertex -47.7589 269.41 10
    endloop
  endfacet
  facet normal 0.895903 0.444249 0
    outer loop
      vertex -48.4844 270.703 0
      vertex -47.8844 269.493 10
      vertex -47.8844 269.493 0
    endloop
  endfacet
  facet normal 0.895903 0.444249 -0
    outer loop
      vertex -48.4844 270.703 0
      vertex -48.4844 270.703 10
      vertex -47.8844 269.493 10
    endloop
  endfacet
  facet normal 0.953449 0.301556 0
    outer loop
      vertex -48.498 270.746 0
      vertex -48.4844 270.703 10
      vertex -48.4844 270.703 0
    endloop
  endfacet
  facet normal 0.953449 0.301556 -0
    outer loop
      vertex -48.498 270.746 0
      vertex -48.498 270.746 10
      vertex -48.4844 270.703 10
    endloop
  endfacet
  facet normal 0.986862 0.161567 0
    outer loop
      vertex -48.7534 272.306 0
      vertex -48.498 270.746 10
      vertex -48.498 270.746 0
    endloop
  endfacet
  facet normal 0.986862 0.161567 -0
    outer loop
      vertex -48.7534 272.306 0
      vertex -48.7534 272.306 10
      vertex -48.498 270.746 10
    endloop
  endfacet
  facet normal 0.316783 0.948498 0
    outer loop
      vertex -49.7774 272.648 0
      vertex -48.7534 272.306 10
      vertex -48.7534 272.306 0
    endloop
  endfacet
  facet normal 0.316783 0.948498 -0
    outer loop
      vertex -49.7774 272.648 0
      vertex -49.7774 272.648 10
      vertex -48.7534 272.306 10
    endloop
  endfacet
  facet normal 0.630876 0.775884 0
    outer loop
      vertex -49.8598 272.715 0
      vertex -49.7774 272.648 10
      vertex -49.7774 272.648 0
    endloop
  endfacet
  facet normal 0.630876 0.775884 -0
    outer loop
      vertex -49.8598 272.715 0
      vertex -49.8598 272.715 10
      vertex -49.7774 272.648 10
    endloop
  endfacet
  facet normal 0.865202 0.501424 0
    outer loop
      vertex -50.3698 273.595 0
      vertex -49.8598 272.715 10
      vertex -49.8598 272.715 0
    endloop
  endfacet
  facet normal 0.865202 0.501424 -0
    outer loop
      vertex -50.3698 273.595 0
      vertex -50.3698 273.595 10
      vertex -49.8598 272.715 10
    endloop
  endfacet
  facet normal 0.999056 -0.0434372 0
    outer loop
      vertex -50.3628 273.756 0
      vertex -50.3698 273.595 10
      vertex -50.3698 273.595 0
    endloop
  endfacet
  facet normal 0.999056 -0.0434372 0
    outer loop
      vertex -50.3628 273.756 0
      vertex -50.3628 273.756 10
      vertex -50.3698 273.595 10
    endloop
  endfacet
  facet normal 0.81879 -0.574094 0
    outer loop
      vertex -49.7528 274.626 0
      vertex -50.3628 273.756 10
      vertex -50.3628 273.756 0
    endloop
  endfacet
  facet normal 0.81879 -0.574094 0
    outer loop
      vertex -49.7528 274.626 0
      vertex -49.7528 274.626 10
      vertex -50.3628 273.756 10
    endloop
  endfacet
  facet normal 0.462171 -0.886791 0
    outer loop
      vertex -49.63 274.69 0
      vertex -49.7528 274.626 10
      vertex -49.7528 274.626 0
    endloop
  endfacet
  facet normal 0.462171 -0.886791 0
    outer loop
      vertex -49.63 274.69 0
      vertex -49.63 274.69 10
      vertex -49.7528 274.626 10
    endloop
  endfacet
  facet normal 0 -1 0
    outer loop
      vertex -49.3 274.69 0
      vertex -49.63 274.69 10
      vertex -49.63 274.69 0
    endloop
  endfacet
  facet normal 0 -1 0
    outer loop
      vertex -49.3 274.69 0
      vertex -49.3 274.69 10
      vertex -49.63 274.69 10
    endloop
  endfacet
  facet normal -0.392785 -0.91963 0
    outer loop
      vertex -49.1923 274.644 0
      vertex -49.3 274.69 10
      vertex -49.3 274.69 0
    endloop
  endfacet
  facet normal -0.392785 -0.91963 0
    outer loop
      vertex -49.1923 274.644 0
      vertex -49.1923 274.644 10
      vertex -49.3 274.69 10
    endloop
  endfacet
  facet normal -0.717589 -0.696466 0
    outer loop
      vertex -48.2625 273.686 0
      vertex -49.1923 274.644 10
      vertex -49.1923 274.644 0
    endloop
  endfacet
  facet normal -0.717589 -0.696466 0
    outer loop
      vertex -48.2625 273.686 0
      vertex -48.2625 273.686 10
      vertex -49.1923 274.644 10
    endloop
  endfacet
  facet normal -0.0691979 -0.997603 0
    outer loop
      vertex -48.0895 273.674 0
      vertex -48.2625 273.686 10
      vertex -48.2625 273.686 0
    endloop
  endfacet
  facet normal -0.0691979 -0.997603 0
    outer loop
      vertex -48.0895 273.674 0
      vertex -48.0895 273.674 10
      vertex -48.2625 273.686 10
    endloop
  endfacet
  facet normal 0.718971 -0.69504 0
    outer loop
      vertex -46.7245 275.086 0
      vertex -48.0895 273.674 10
      vertex -48.0895 273.674 0
    endloop
  endfacet
  facet normal 0.718971 -0.69504 0
    outer loop
      vertex -46.7245 275.086 0
      vertex -46.7245 275.086 10
      vertex -48.0895 273.674 10
    endloop
  endfacet
  facet normal 0.995692 -0.0927205 0
    outer loop
      vertex -46.6893 275.464 0
      vertex -46.7245 275.086 10
      vertex -46.7245 275.086 0
    endloop
  endfacet
  facet normal 0.995692 -0.0927205 0
    outer loop
      vertex -46.6893 275.464 0
      vertex -46.6893 275.464 10
      vertex -46.7245 275.086 10
    endloop
  endfacet
  facet normal 0.744685 -0.667417 0
    outer loop
      vertex -46.5701 275.597 0
      vertex -46.6893 275.464 10
      vertex -46.6893 275.464 0
    endloop
  endfacet
  facet normal 0.744685 -0.667417 0
    outer loop
      vertex -46.5701 275.597 0
      vertex -46.5701 275.597 10
      vertex -46.6893 275.464 10
    endloop
  endfacet
  facet normal 0.200944 -0.979603 0
    outer loop
      vertex -44.6201 275.997 0
      vertex -46.5701 275.597 10
      vertex -46.5701 275.597 0
    endloop
  endfacet
  facet normal 0.200944 -0.979603 0
    outer loop
      vertex -44.6201 275.997 0
      vertex -44.6201 275.997 10
      vertex -46.5701 275.597 10
    endloop
  endfacet
  facet normal -0.133509 -0.991048 0
    outer loop
      vertex -44.5236 275.984 0
      vertex -44.6201 275.997 10
      vertex -44.6201 275.997 0
    endloop
  endfacet
  facet normal -0.133509 -0.991048 0
    outer loop
      vertex -44.5236 275.984 0
      vertex -44.5236 275.984 10
      vertex -44.6201 275.997 10
    endloop
  endfacet
  facet normal -0.442651 -0.896694 0
    outer loop
      vertex -41.4303 274.457 0
      vertex -44.5236 275.984 10
      vertex -44.5236 275.984 0
    endloop
  endfacet
  facet normal -0.442651 -0.896694 0
    outer loop
      vertex -41.4303 274.457 0
      vertex -41.4303 274.457 10
      vertex -44.5236 275.984 10
    endloop
  endfacet
  facet normal 0.931828 -0.362901 0
    outer loop
      vertex -40.8987 275.822 0
      vertex -41.4303 274.457 10
      vertex -41.4303 274.457 0
    endloop
  endfacet
  facet normal 0.931828 -0.362901 0
    outer loop
      vertex -40.8987 275.822 0
      vertex -40.8987 275.822 10
      vertex -41.4303 274.457 10
    endloop
  endfacet
  facet normal 0.998855 -0.0478394 0
    outer loop
      vertex -40.8009 277.864 0
      vertex -40.8987 275.822 10
      vertex -40.8987 275.822 0
    endloop
  endfacet
  facet normal 0.998855 -0.0478394 0
    outer loop
      vertex -40.8009 277.864 0
      vertex -40.8009 277.864 10
      vertex -40.8987 275.822 10
    endloop
  endfacet
  facet normal 0.967846 0.251543 0
    outer loop
      vertex -41.112 279.061 0
      vertex -40.8009 277.864 10
      vertex -40.8009 277.864 0
    endloop
  endfacet
  facet normal 0.967846 0.251543 -0
    outer loop
      vertex -41.112 279.061 0
      vertex -41.112 279.061 10
      vertex -40.8009 277.864 10
    endloop
  endfacet
  facet normal 0.601467 0.798898 0
    outer loop
      vertex -41.3471 279.238 0
      vertex -41.112 279.061 10
      vertex -41.112 279.061 0
    endloop
  endfacet
  facet normal 0.601467 0.798898 -0
    outer loop
      vertex -41.3471 279.238 0
      vertex -41.3471 279.238 10
      vertex -41.112 279.061 10
    endloop
  endfacet
  facet normal -0.0422387 0.999108 0
    outer loop
      vertex -41.9621 279.212 0
      vertex -41.3471 279.238 10
      vertex -41.3471 279.238 0
    endloop
  endfacet
  facet normal -0.0422387 0.999108 0
    outer loop
      vertex -41.9621 279.212 0
      vertex -41.9621 279.212 10
      vertex -41.3471 279.238 10
    endloop
  endfacet
  facet normal -0.550224 0.835017 0
    outer loop
      vertex -42.8074 278.655 0
      vertex -41.9621 279.212 10
      vertex -41.9621 279.212 0
    endloop
  endfacet
  facet normal -0.550224 0.835017 0
    outer loop
      vertex -42.8074 278.655 0
      vertex -42.8074 278.655 10
      vertex -41.9621 279.212 10
    endloop
  endfacet
  facet normal 0.0954598 0.995433 0
    outer loop
      vertex -42.9951 278.673 0
      vertex -42.8074 278.655 10
      vertex -42.8074 278.655 0
    endloop
  endfacet
  facet normal 0.0954598 0.995433 -0
    outer loop
      vertex -42.9951 278.673 0
      vertex -42.9951 278.673 10
      vertex -42.8074 278.655 10
    endloop
  endfacet
  facet normal 0.700734 0.713422 0
    outer loop
      vertex -44.1028 279.761 0
      vertex -42.9951 278.673 10
      vertex -42.9951 278.673 0
    endloop
  endfacet
  facet normal 0.700734 0.713422 -0
    outer loop
      vertex -44.1028 279.761 0
      vertex -44.1028 279.761 10
      vertex -42.9951 278.673 10
    endloop
  endfacet
  facet normal 0.357811 0.933794 0
    outer loop
      vertex -45.0136 280.11 0
      vertex -44.1028 279.761 10
      vertex -44.1028 279.761 0
    endloop
  endfacet
  facet normal 0.357811 0.933794 -0
    outer loop
      vertex -45.0136 280.11 0
      vertex -45.0136 280.11 10
      vertex -44.1028 279.761 10
    endloop
  endfacet
  facet normal 0.630673 0.776049 0
    outer loop
      vertex -45.0862 280.169 0
      vertex -45.0136 280.11 10
      vertex -45.0136 280.11 0
    endloop
  endfacet
  facet normal 0.630673 0.776049 -0
    outer loop
      vertex -45.0862 280.169 0
      vertex -45.0862 280.169 10
      vertex -45.0136 280.11 10
    endloop
  endfacet
  facet normal 0.841516 0.540232 0
    outer loop
      vertex -45.6062 280.979 0
      vertex -45.0862 280.169 10
      vertex -45.0862 280.169 0
    endloop
  endfacet
  facet normal 0.841516 0.540232 -0
    outer loop
      vertex -45.6062 280.979 0
      vertex -45.6062 280.979 10
      vertex -45.0862 280.169 10
    endloop
  endfacet
  facet normal 0.914349 0.404926 0
    outer loop
      vertex -45.6248 281.021 0
      vertex -45.6062 280.979 10
      vertex -45.6062 280.979 0
    endloop
  endfacet
  facet normal 0.914349 0.404926 -0
    outer loop
      vertex -45.6248 281.021 0
      vertex -45.6248 281.021 10
      vertex -45.6062 280.979 10
    endloop
  endfacet
  facet normal 0.96514 0.261733 0
    outer loop
      vertex -46.1048 282.791 0
      vertex -45.6248 281.021 10
      vertex -45.6248 281.021 0
    endloop
  endfacet
  facet normal 0.96514 0.261733 -0
    outer loop
      vertex -46.1048 282.791 0
      vertex -46.1048 282.791 10
      vertex -45.6248 281.021 10
    endloop
  endfacet
  facet normal 0.93135 -0.364124 0
    outer loop
      vertex -46.0399 282.957 0
      vertex -46.1048 282.791 10
      vertex -46.1048 282.791 0
    endloop
  endfacet
  facet normal 0.93135 -0.364124 0
    outer loop
      vertex -46.0399 282.957 0
      vertex -46.0399 282.957 10
      vertex -46.1048 282.791 10
    endloop
  endfacet
  facet normal 0.53262 -0.846355 0
    outer loop
      vertex -44.8799 283.687 0
      vertex -46.0399 282.957 10
      vertex -46.0399 282.957 0
    endloop
  endfacet
  facet normal 0.53262 -0.846355 0
    outer loop
      vertex -44.8799 283.687 0
      vertex -44.8799 283.687 10
      vertex -46.0399 282.957 10
    endloop
  endfacet
  facet normal -0.0681009 -0.997678 0
    outer loop
      vertex -44.7041 283.675 0
      vertex -44.8799 283.687 10
      vertex -44.8799 283.687 0
    endloop
  endfacet
  facet normal -0.0681009 -0.997678 0
    outer loop
      vertex -44.7041 283.675 0
      vertex -44.7041 283.675 10
      vertex -44.8799 283.687 10
    endloop
  endfacet
  facet normal -0.639227 -0.769018 0
    outer loop
      vertex -43.2412 282.459 0
      vertex -44.7041 283.675 10
      vertex -44.7041 283.675 0
    endloop
  endfacet
  facet normal -0.639227 -0.769018 0
    outer loop
      vertex -43.2412 282.459 0
      vertex -43.2412 282.459 10
      vertex -44.7041 283.675 10
    endloop
  endfacet
  facet normal 0.468503 -0.883462 0
    outer loop
      vertex -43.03 282.571 0
      vertex -43.2412 282.459 10
      vertex -43.2412 282.459 0
    endloop
  endfacet
  facet normal 0.468503 -0.883462 0
    outer loop
      vertex -43.03 282.571 0
      vertex -43.03 282.571 10
      vertex -43.2412 282.459 10
    endloop
  endfacet
  facet normal 1 0 0
    outer loop
      vertex -43.03 282.82 0
      vertex -43.03 282.571 10
      vertex -43.03 282.571 0
    endloop
  endfacet
  facet normal 1 0 -0
    outer loop
      vertex -43.03 282.82 0
      vertex -43.03 282.82 10
      vertex -43.03 282.571 10
    endloop
  endfacet
  facet normal 0.921376 0.388672 0
    outer loop
      vertex -43.4337 283.777 0
      vertex -43.03 282.82 10
      vertex -43.03 282.82 0
    endloop
  endfacet
  facet normal 0.921376 0.388672 -0
    outer loop
      vertex -43.4337 283.777 0
      vertex -43.4337 283.777 10
      vertex -43.03 282.82 10
    endloop
  endfacet
  facet normal 0.631996 0.774972 0
    outer loop
      vertex -45.2289 285.241 0
      vertex -43.4337 283.777 10
      vertex -43.4337 283.777 0
    endloop
  endfacet
  facet normal 0.631996 0.774972 -0
    outer loop
      vertex -45.2289 285.241 0
      vertex -45.2289 285.241 10
      vertex -43.4337 283.777 10
    endloop
  endfacet
  facet normal 0.400814 0.916159 0
    outer loop
      vertex -46.3192 285.718 0
      vertex -45.2289 285.241 10
      vertex -45.2289 285.241 0
    endloop
  endfacet
  facet normal 0.400814 0.916159 -0
    outer loop
      vertex -46.3192 285.718 0
      vertex -46.3192 285.718 10
      vertex -45.2289 285.241 10
    endloop
  endfacet
  facet normal -0.754603 0.656182 0
    outer loop
      vertex -46.8279 285.133 0
      vertex -46.3192 285.718 10
      vertex -46.3192 285.718 0
    endloop
  endfacet
  facet normal -0.754603 0.656182 0
    outer loop
      vertex -46.8279 285.133 0
      vertex -46.8279 285.133 10
      vertex -46.3192 285.718 10
    endloop
  endfacet
  facet normal -0.943773 0.330596 0
    outer loop
      vertex -47.3684 283.59 0
      vertex -46.8279 285.133 10
      vertex -46.8279 285.133 0
    endloop
  endfacet
  facet normal -0.943773 0.330596 0
    outer loop
      vertex -47.3684 283.59 0
      vertex -47.3684 283.59 10
      vertex -46.8279 285.133 10
    endloop
  endfacet
  facet normal -0.854522 0.519415 0
    outer loop
      vertex -47.3994 283.539 0
      vertex -47.3684 283.59 10
      vertex -47.3684 283.59 0
    endloop
  endfacet
  facet normal -0.854522 0.519415 0
    outer loop
      vertex -47.3994 283.539 0
      vertex -47.3994 283.539 10
      vertex -47.3684 283.59 10
    endloop
  endfacet
  facet normal -0.737154 0.675725 0
    outer loop
      vertex -47.8394 283.059 0
      vertex -47.3994 283.539 10
      vertex -47.3994 283.539 0
    endloop
  endfacet
  facet normal -0.737154 0.675725 0
    outer loop
      vertex -47.8394 283.059 0
      vertex -47.8394 283.059 10
      vertex -47.3994 283.539 10
    endloop
  endfacet
  facet normal 0.111291 0.993788 0
    outer loop
      vertex -48.0805 283.086 0
      vertex -47.8394 283.059 10
      vertex -47.8394 283.059 0
    endloop
  endfacet
  facet normal 0.111291 0.993788 -0
    outer loop
      vertex -48.0805 283.086 0
      vertex -48.0805 283.086 10
      vertex -47.8394 283.059 10
    endloop
  endfacet
  facet normal 0.870022 0.493013 0
    outer loop
      vertex -48.4205 283.686 0
      vertex -48.0805 283.086 10
      vertex -48.0805 283.086 0
    endloop
  endfacet
  facet normal 0.870022 0.493013 -0
    outer loop
      vertex -48.4205 283.686 0
      vertex -48.4205 283.686 10
      vertex -48.0805 283.086 10
    endloop
  endfacet
  facet normal 0.960926 0.276804 0
    outer loop
      vertex -48.4398 283.753 0
      vertex -48.4205 283.686 10
      vertex -48.4205 283.686 0
    endloop
  endfacet
  facet normal 0.960926 0.276804 -0
    outer loop
      vertex -48.4398 283.753 0
      vertex -48.4398 283.753 10
      vertex -48.4205 283.686 10
    endloop
  endfacet
  facet normal 0.99892 0.0464614 0
    outer loop
      vertex -48.4798 284.613 0
      vertex -48.4398 283.753 10
      vertex -48.4398 283.753 0
    endloop
  endfacet
  facet normal 0.99892 0.0464614 -0
    outer loop
      vertex -48.4798 284.613 0
      vertex -48.4798 284.613 10
      vertex -48.4398 283.753 10
    endloop
  endfacet
  facet normal 0.996689 -0.0813088 0
    outer loop
      vertex -48.4767 284.651 0
      vertex -48.4798 284.613 10
      vertex -48.4798 284.613 0
    endloop
  endfacet
  facet normal 0.996689 -0.0813088 0
    outer loop
      vertex -48.4767 284.651 0
      vertex -48.4767 284.651 10
      vertex -48.4798 284.613 10
    endloop
  endfacet
  facet normal 0.978199 -0.207669 0
    outer loop
      vertex -46.7193 292.929 0
      vertex -48.4767 284.651 10
      vertex -48.4767 284.651 0
    endloop
  endfacet
  facet normal 0.978199 -0.207669 0
    outer loop
      vertex -46.7193 292.929 0
      vertex -46.7193 292.929 10
      vertex -48.4767 284.651 10
    endloop
  endfacet
  facet normal 0.999058 -0.0433834 0
    outer loop
      vertex -46.7018 293.332 0
      vertex -46.7193 292.929 10
      vertex -46.7193 292.929 0
    endloop
  endfacet
  facet normal 0.999058 -0.0433834 0
    outer loop
      vertex -46.7018 293.332 0
      vertex -46.7018 293.332 10
      vertex -46.7193 292.929 10
    endloop
  endfacet
  facet normal 0.862965 0.505264 0
    outer loop
      vertex -47.0894 293.994 0
      vertex -46.7018 293.332 10
      vertex -46.7018 293.332 0
    endloop
  endfacet
  facet normal 0.862965 0.505264 -0
    outer loop
      vertex -47.0894 293.994 0
      vertex -47.0894 293.994 10
      vertex -46.7018 293.332 10
    endloop
  endfacet
  facet normal 0.999283 -0.037861 0
    outer loop
      vertex -47.0833 294.155 0
      vertex -47.0894 293.994 10
      vertex -47.0894 293.994 0
    endloop
  endfacet
  facet normal 0.999283 -0.037861 0
    outer loop
      vertex -47.0833 294.155 0
      vertex -47.0833 294.155 10
      vertex -47.0894 293.994 10
    endloop
  endfacet
  facet normal 0.822014 -0.569467 0
    outer loop
      vertex -45.9333 295.815 0
      vertex -47.0833 294.155 10
      vertex -47.0833 294.155 0
    endloop
  endfacet
  facet normal 0.822014 -0.569467 0
    outer loop
      vertex -45.9333 295.815 0
      vertex -45.9333 295.815 10
      vertex -47.0833 294.155 10
    endloop
  endfacet
  facet normal 0.607648 -0.794207 0
    outer loop
      vertex -45.8588 295.872 0
      vertex -45.9333 295.815 10
      vertex -45.9333 295.815 0
    endloop
  endfacet
  facet normal 0.607648 -0.794207 0
    outer loop
      vertex -45.8588 295.872 0
      vertex -45.8588 295.872 10
      vertex -45.9333 295.815 10
    endloop
  endfacet
  facet normal 0.324974 -0.945723 0
    outer loop
      vertex -44.6831 296.276 0
      vertex -45.8588 295.872 10
      vertex -45.8588 295.872 0
    endloop
  endfacet
  facet normal 0.324974 -0.945723 0
    outer loop
      vertex -44.6831 296.276 0
      vertex -44.6831 296.276 10
      vertex -45.8588 295.872 10
    endloop
  endfacet
  facet normal 0.962516 -0.271227 0
    outer loop
      vertex -43.9744 298.791 0
      vertex -44.6831 296.276 10
      vertex -44.6831 296.276 0
    endloop
  endfacet
  facet normal 0.962516 -0.271227 0
    outer loop
      vertex -43.9744 298.791 0
      vertex -43.9744 298.791 10
      vertex -44.6831 296.276 10
    endloop
  endfacet
  facet normal 0.834098 -0.551617 0
    outer loop
      vertex -43.9248 298.866 0
      vertex -43.9744 298.791 10
      vertex -43.9744 298.791 0
    endloop
  endfacet
  facet normal 0.834098 -0.551617 0
    outer loop
      vertex -43.9248 298.866 0
      vertex -43.9248 298.866 10
      vertex -43.9744 298.791 10
    endloop
  endfacet
  facet normal 0.63231 -0.774716 0
    outer loop
      vertex -42.3651 300.139 0
      vertex -43.9248 298.866 10
      vertex -43.9248 298.866 0
    endloop
  endfacet
  facet normal 0.63231 -0.774716 0
    outer loop
      vertex -42.3651 300.139 0
      vertex -42.3651 300.139 10
      vertex -43.9248 298.866 10
    endloop
  endfacet
  facet normal 0.979699 0.200476 0
    outer loop
      vertex -42.6921 301.737 0
      vertex -42.3651 300.139 10
      vertex -42.3651 300.139 0
    endloop
  endfacet
  facet normal 0.979699 0.200476 -0
    outer loop
      vertex -42.6921 301.737 0
      vertex -42.6921 301.737 10
      vertex -42.3651 300.139 10
    endloop
  endfacet
  facet normal 0.435171 0.900348 0
    outer loop
      vertex -43.2052 301.985 0
      vertex -42.6921 301.737 10
      vertex -42.6921 301.737 0
    endloop
  endfacet
  facet normal 0.435171 0.900348 -0
    outer loop
      vertex -43.2052 301.985 0
      vertex -43.2052 301.985 10
      vertex -42.6921 301.737 10
    endloop
  endfacet
  facet normal 0.865751 0.500475 0
    outer loop
      vertex -43.2896 302.131 0
      vertex -43.2052 301.985 10
      vertex -43.2052 301.985 0
    endloop
  endfacet
  facet normal 0.865751 0.500475 -0
    outer loop
      vertex -43.2896 302.131 0
      vertex -43.2896 302.131 10
      vertex -43.2052 301.985 10
    endloop
  endfacet
  facet normal 0.997483 -0.070901 0
    outer loop
      vertex -43.0013 306.187 0
      vertex -43.2896 302.131 10
      vertex -43.2896 302.131 0
    endloop
  endfacet
  facet normal 0.997483 -0.070901 0
    outer loop
      vertex -43.0013 306.187 0
      vertex -43.0013 306.187 10
      vertex -43.2896 302.131 10
    endloop
  endfacet
  facet normal 0.969211 0.246232 0
    outer loop
      vertex -43.1423 306.742 0
      vertex -43.0013 306.187 10
      vertex -43.0013 306.187 0
    endloop
  endfacet
  facet normal 0.969211 0.246232 -0
    outer loop
      vertex -43.1423 306.742 0
      vertex -43.1423 306.742 10
      vertex -43.0013 306.187 10
    endloop
  endfacet
  facet normal 0.599089 0.800682 0
    outer loop
      vertex -43.4096 306.942 0
      vertex -43.1423 306.742 10
      vertex -43.1423 306.742 0
    endloop
  endfacet
  facet normal 0.599089 0.800682 -0
    outer loop
      vertex -43.4096 306.942 0
      vertex -43.4096 306.942 10
      vertex -43.1423 306.742 10
    endloop
  endfacet
  facet normal -0.150317 0.988638 0
    outer loop
      vertex -44.0673 306.842 0
      vertex -43.4096 306.942 10
      vertex -43.4096 306.942 0
    endloop
  endfacet
  facet normal -0.150317 0.988638 0
    outer loop
      vertex -44.0673 306.842 0
      vertex -44.0673 306.842 10
      vertex -43.4096 306.942 10
    endloop
  endfacet
  facet normal 0.212238 0.977218 0
    outer loop
      vertex -44.1732 306.865 0
      vertex -44.0673 306.842 10
      vertex -44.0673 306.842 0
    endloop
  endfacet
  facet normal 0.212238 0.977218 -0
    outer loop
      vertex -44.1732 306.865 0
      vertex -44.1732 306.865 10
      vertex -44.0673 306.842 10
    endloop
  endfacet
  facet normal 0.5547 0.83205 0
    outer loop
      vertex -44.6832 307.205 0
      vertex -44.1732 306.865 10
      vertex -44.1732 306.865 0
    endloop
  endfacet
  facet normal 0.5547 0.83205 -0
    outer loop
      vertex -44.6832 307.205 0
      vertex -44.6832 307.205 10
      vertex -44.1732 306.865 10
    endloop
  endfacet
  facet normal 0.823038 0.567987 0
    outer loop
      vertex -44.746 307.296 0
      vertex -44.6832 307.205 10
      vertex -44.6832 307.205 0
    endloop
  endfacet
  facet normal 0.823038 0.567987 -0
    outer loop
      vertex -44.746 307.296 0
      vertex -44.746 307.296 10
      vertex -44.6832 307.205 10
    endloop
  endfacet
  facet normal 0.973297 0.229551 0
    outer loop
      vertex -44.996 308.356 0
      vertex -44.746 307.296 10
      vertex -44.746 307.296 0
    endloop
  endfacet
  facet normal 0.973297 0.229551 -0
    outer loop
      vertex -44.996 308.356 0
      vertex -44.996 308.356 10
      vertex -44.746 307.296 10
    endloop
  endfacet
  facet normal 0.995037 0.0995037 0
    outer loop
      vertex -44.9999 308.395 0
      vertex -44.996 308.356 10
      vertex -44.996 308.356 0
    endloop
  endfacet
  facet normal 0.995037 0.0995037 -0
    outer loop
      vertex -44.9999 308.395 0
      vertex -44.9999 308.395 10
      vertex -44.996 308.356 10
    endloop
  endfacet
  facet normal 0.999356 -0.0358743 0
    outer loop
      vertex -44.9299 310.345 0
      vertex -44.9999 308.395 10
      vertex -44.9999 308.395 0
    endloop
  endfacet
  facet normal 0.999356 -0.0358743 0
    outer loop
      vertex -44.9299 310.345 0
      vertex -44.9299 310.345 10
      vertex -44.9999 308.395 10
    endloop
  endfacet
  facet normal 0.982155 -0.188072 0
    outer loop
      vertex -44.9209 310.392 0
      vertex -44.9299 310.345 10
      vertex -44.9299 310.345 0
    endloop
  endfacet
  facet normal 0.982155 -0.188072 0
    outer loop
      vertex -44.9209 310.392 0
      vertex -44.9209 310.392 10
      vertex -44.9299 310.345 10
    endloop
  endfacet
  facet normal 0.938976 -0.343982 0
    outer loop
      vertex -44.2908 312.112 0
      vertex -44.9209 310.392 10
      vertex -44.9209 310.392 0
    endloop
  endfacet
  facet normal 0.938976 -0.343982 0
    outer loop
      vertex -44.2908 312.112 0
      vertex -44.2908 312.112 10
      vertex -44.9209 310.392 10
    endloop
  endfacet
  facet normal 0.893272 -0.449517 0
    outer loop
      vertex -44.2752 312.143 0
      vertex -44.2908 312.112 10
      vertex -44.2908 312.112 0
    endloop
  endfacet
  facet normal 0.893272 -0.449517 0
    outer loop
      vertex -44.2752 312.143 0
      vertex -44.2752 312.143 10
      vertex -44.2908 312.112 10
    endloop
  endfacet
  facet normal 0.834662 -0.550763 0
    outer loop
      vertex -43.3052 313.613 0
      vertex -44.2752 312.143 10
      vertex -44.2752 312.143 0
    endloop
  endfacet
  facet normal 0.834662 -0.550763 0
    outer loop
      vertex -43.3052 313.613 0
      vertex -43.3052 313.613 10
      vertex -44.2752 312.143 10
    endloop
  endfacet
  facet normal 0.513466 -0.85811 0
    outer loop
      vertex -43.1949 313.679 0
      vertex -43.3052 313.613 10
      vertex -43.3052 313.613 0
    endloop
  endfacet
  facet normal 0.513466 -0.85811 0
    outer loop
      vertex -43.1949 313.679 0
      vertex -43.1949 313.679 10
      vertex -43.3052 313.613 10
    endloop
  endfacet
  facet normal 0.0995037 -0.995037 0
    outer loop
      vertex -42.6949 313.729 0
      vertex -43.1949 313.679 10
      vertex -43.1949 313.679 0
    endloop
  endfacet
  facet normal 0.0995037 -0.995037 0
    outer loop
      vertex -42.6949 313.729 0
      vertex -42.6949 313.729 10
      vertex -43.1949 313.679 10
    endloop
  endfacet
  facet normal -0.227426 -0.973795 0
    outer loop
      vertex -42.6007 313.707 0
      vertex -42.6949 313.729 10
      vertex -42.6949 313.729 0
    endloop
  endfacet
  facet normal -0.227426 -0.973795 0
    outer loop
      vertex -42.6007 313.707 0
      vertex -42.6007 313.707 10
      vertex -42.6949 313.729 10
    endloop
  endfacet
  facet normal -0.528336 -0.849036 0
    outer loop
      vertex -41.4758 313.007 0
      vertex -42.6007 313.707 10
      vertex -42.6007 313.707 0
    endloop
  endfacet
  facet normal -0.528336 -0.849036 0
    outer loop
      vertex -41.4758 313.007 0
      vertex -41.4758 313.007 10
      vertex -42.6007 313.707 10
    endloop
  endfacet
  facet normal -0.316572 -0.948569 0
    outer loop
      vertex -40.1514 312.565 0
      vertex -41.4758 313.007 10
      vertex -41.4758 313.007 0
    endloop
  endfacet
  facet normal -0.316572 -0.948569 0
    outer loop
      vertex -40.1514 312.565 0
      vertex -40.1514 312.565 10
      vertex -41.4758 313.007 10
    endloop
  endfacet
  facet normal 0.209807 -0.977743 0
    outer loop
      vertex -38.2314 312.977 0
      vertex -40.1514 312.565 10
      vertex -40.1514 312.565 0
    endloop
  endfacet
  facet normal 0.209807 -0.977743 0
    outer loop
      vertex -38.2314 312.977 0
      vertex -38.2314 312.977 10
      vertex -40.1514 312.565 10
    endloop
  endfacet
  facet normal -0.106911 -0.994269 0
    outer loop
      vertex -38.1384 312.967 0
      vertex -38.2314 312.977 10
      vertex -38.2314 312.977 0
    endloop
  endfacet
  facet normal -0.106911 -0.994269 0
    outer loop
      vertex -38.1384 312.967 0
      vertex -38.1384 312.967 10
      vertex -38.2314 312.977 10
    endloop
  endfacet
  facet normal -0.410282 -0.911959 0
    outer loop
      vertex -37.8161 312.822 0
      vertex -38.1384 312.967 10
      vertex -38.1384 312.967 0
    endloop
  endfacet
  facet normal -0.410282 -0.911959 0
    outer loop
      vertex -37.8161 312.822 0
      vertex -37.8161 312.822 10
      vertex -38.1384 312.967 10
    endloop
  endfacet
  facet normal 0.572218 -0.820102 0
    outer loop
      vertex -36.7498 313.566 0
      vertex -37.8161 312.822 10
      vertex -37.8161 312.822 0
    endloop
  endfacet
  facet normal 0.572218 -0.820102 0
    outer loop
      vertex -36.7498 313.566 0
      vertex -36.7498 313.566 10
      vertex -37.8161 312.822 10
    endloop
  endfacet
  facet normal 0.838181 -0.545391 0
    outer loop
      vertex -35.561 315.393 0
      vertex -36.7498 313.566 10
      vertex -36.7498 313.566 0
    endloop
  endfacet
  facet normal 0.838181 -0.545391 0
    outer loop
      vertex -35.561 315.393 0
      vertex -35.561 315.393 10
      vertex -36.7498 313.566 10
    endloop
  endfacet
  facet normal 0.999728 0.0233163 0
    outer loop
      vertex -35.5683 315.706 0
      vertex -35.561 315.393 10
      vertex -35.561 315.393 0
    endloop
  endfacet
  facet normal 0.999728 0.0233163 -0
    outer loop
      vertex -35.5683 315.706 0
      vertex -35.5683 315.706 10
      vertex -35.561 315.393 10
    endloop
  endfacet
  facet normal 0.617237 0.786778 0
    outer loop
      vertex -36.9526 316.792 0
      vertex -35.5683 315.706 10
      vertex -35.5683 315.706 0
    endloop
  endfacet
  facet normal 0.617237 0.786778 -0
    outer loop
      vertex -36.9526 316.792 0
      vertex -36.9526 316.792 10
      vertex -35.5683 315.706 10
    endloop
  endfacet
  facet normal 0.785029 0.619459 0
    outer loop
      vertex -36.996 316.847 0
      vertex -36.9526 316.792 10
      vertex -36.9526 316.792 0
    endloop
  endfacet
  facet normal 0.785029 0.619459 -0
    outer loop
      vertex -36.996 316.847 0
      vertex -36.996 316.847 10
      vertex -36.9526 316.792 10
    endloop
  endfacet
  facet normal 0.907009 0.421111 0
    outer loop
      vertex -37.386 317.687 0
      vertex -36.996 316.847 10
      vertex -36.996 316.847 0
    endloop
  endfacet
  facet normal 0.907009 0.421111 -0
    outer loop
      vertex -37.386 317.687 0
      vertex -37.386 317.687 10
      vertex -36.996 316.847 10
    endloop
  endfacet
  facet normal 0.98665 -0.162857 0
    outer loop
      vertex -37.3586 317.853 0
      vertex -37.386 317.687 10
      vertex -37.386 317.687 0
    endloop
  endfacet
  facet normal 0.98665 -0.162857 0
    outer loop
      vertex -37.3586 317.853 0
      vertex -37.3586 317.853 10
      vertex -37.386 317.687 10
    endloop
  endfacet
  facet normal 0.724304 -0.689481 0
    outer loop
      vertex -36.3686 318.893 0
      vertex -37.3586 317.853 10
      vertex -37.3586 317.853 0
    endloop
  endfacet
  facet normal 0.724304 -0.689481 0
    outer loop
      vertex -36.3686 318.893 0
      vertex -36.3686 318.893 10
      vertex -37.3586 317.853 10
    endloop
  endfacet
  facet normal 0.39997 -0.916528 0
    outer loop
      vertex -36.2609 318.94 0
      vertex -36.3686 318.893 10
      vertex -36.3686 318.893 0
    endloop
  endfacet
  facet normal 0.39997 -0.916528 0
    outer loop
      vertex -36.2609 318.94 0
      vertex -36.2609 318.94 10
      vertex -36.3686 318.893 10
    endloop
  endfacet
  facet normal 0.00606527 -0.999982 0
    outer loop
      vertex -34.6122 318.95 0
      vertex -36.2609 318.94 10
      vertex -36.2609 318.94 0
    endloop
  endfacet
  facet normal 0.00606527 -0.999982 0
    outer loop
      vertex -34.6122 318.95 0
      vertex -34.6122 318.95 10
      vertex -36.2609 318.94 10
    endloop
  endfacet
  facet normal 0.779161 -0.626824 0
    outer loop
      vertex -33.8769 319.864 0
      vertex -34.6122 318.95 10
      vertex -34.6122 318.95 0
    endloop
  endfacet
  facet normal 0.779161 -0.626824 0
    outer loop
      vertex -33.8769 319.864 0
      vertex -33.8769 319.864 10
      vertex -34.6122 318.95 10
    endloop
  endfacet
  facet normal 0.585444 -0.810713 0
    outer loop
      vertex -33.8132 319.91 0
      vertex -33.8769 319.864 10
      vertex -33.8769 319.864 0
    endloop
  endfacet
  facet normal 0.585444 -0.810713 0
    outer loop
      vertex -33.8132 319.91 0
      vertex -33.8132 319.91 10
      vertex -33.8769 319.864 10
    endloop
  endfacet
  facet normal 0.354536 -0.935042 0
    outer loop
      vertex -32.331 320.472 0
      vertex -33.8132 319.91 10
      vertex -33.8132 319.91 0
    endloop
  endfacet
  facet normal 0.354536 -0.935042 0
    outer loop
      vertex -32.331 320.472 0
      vertex -32.331 320.472 10
      vertex -33.8132 319.91 10
    endloop
  endfacet
  facet normal 0.851996 -0.523548 0
    outer loop
      vertex -31.7884 321.355 0
      vertex -32.331 320.472 10
      vertex -32.331 320.472 0
    endloop
  endfacet
  facet normal 0.851996 -0.523548 0
    outer loop
      vertex -31.7884 321.355 0
      vertex -31.7884 321.355 10
      vertex -32.331 320.472 10
    endloop
  endfacet
  facet normal 0.99929 -0.0376639 0
    outer loop
      vertex -31.7711 321.814 0
      vertex -31.7884 321.355 10
      vertex -31.7884 321.355 0
    endloop
  endfacet
  facet normal 0.99929 -0.0376639 0
    outer loop
      vertex -31.7711 321.814 0
      vertex -31.7711 321.814 10
      vertex -31.7884 321.355 10
    endloop
  endfacet
  facet normal 0.928432 0.371503 0
    outer loop
      vertex -32.3393 323.234 0
      vertex -31.7711 321.814 10
      vertex -31.7711 321.814 0
    endloop
  endfacet
  facet normal 0.928432 0.371503 -0
    outer loop
      vertex -32.3393 323.234 0
      vertex -32.3393 323.234 10
      vertex -31.7711 321.814 10
    endloop
  endfacet
  facet normal 0.998727 0.0504511 0
    outer loop
      vertex -32.3442 323.331 0
      vertex -32.3393 323.234 10
      vertex -32.3393 323.234 0
    endloop
  endfacet
  facet normal 0.998727 0.0504511 -0
    outer loop
      vertex -32.3442 323.331 0
      vertex -32.3442 323.331 10
      vertex -32.3393 323.234 10
    endloop
  endfacet
  facet normal 0.961524 -0.274721 0
    outer loop
      vertex -32.2642 323.611 0
      vertex -32.3442 323.331 10
      vertex -32.3442 323.331 0
    endloop
  endfacet
  facet normal 0.961524 -0.274721 0
    outer loop
      vertex -32.2642 323.611 0
      vertex -32.2642 323.611 10
      vertex -32.3442 323.331 10
    endloop
  endfacet
  facet normal 0.707794 -0.706419 0
    outer loop
      vertex -32.1614 323.714 0
      vertex -32.2642 323.611 10
      vertex -32.2642 323.611 0
    endloop
  endfacet
  facet normal 0.707794 -0.706419 0
    outer loop
      vertex -32.1614 323.714 0
      vertex -32.1614 323.714 10
      vertex -32.2642 323.611 10
    endloop
  endfacet
  facet normal 0.276075 -0.961136 0
    outer loop
      vertex -29.9681 324.344 0
      vertex -32.1614 323.714 10
      vertex -32.1614 323.714 0
    endloop
  endfacet
  facet normal 0.276075 -0.961136 0
    outer loop
      vertex -29.9681 324.344 0
      vertex -29.9681 324.344 10
      vertex -32.1614 323.714 10
    endloop
  endfacet
  facet normal 0.701769 -0.712405 0
    outer loop
      vertex -29.2849 325.017 0
      vertex -29.9681 324.344 10
      vertex -29.9681 324.344 0
    endloop
  endfacet
  facet normal 0.701769 -0.712405 0
    outer loop
      vertex -29.2849 325.017 0
      vertex -29.2849 325.017 10
      vertex -29.9681 324.344 10
    endloop
  endfacet
  facet normal 0.817454 -0.575994 0
    outer loop
      vertex -27.8207 327.095 0
      vertex -29.2849 325.017 10
      vertex -29.2849 325.017 0
    endloop
  endfacet
  facet normal 0.817454 -0.575994 0
    outer loop
      vertex -27.8207 327.095 0
      vertex -27.8207 327.095 10
      vertex -29.2849 325.017 10
    endloop
  endfacet
  facet normal 0.910051 -0.414497 0
    outer loop
      vertex -27.3165 328.202 0
      vertex -27.8207 327.095 10
      vertex -27.8207 327.095 0
    endloop
  endfacet
  facet normal 0.910051 -0.414497 0
    outer loop
      vertex -27.3165 328.202 0
      vertex -27.3165 328.202 10
      vertex -27.8207 327.095 10
    endloop
  endfacet
  facet normal 0.854049 -0.520193 0
    outer loop
      vertex -27.2964 328.235 0
      vertex -27.3165 328.202 10
      vertex -27.3165 328.202 0
    endloop
  endfacet
  facet normal 0.854049 -0.520193 0
    outer loop
      vertex -27.2964 328.235 0
      vertex -27.2964 328.235 10
      vertex -27.3165 328.202 10
    endloop
  endfacet
  facet normal 0.775933 -0.630815 0
    outer loop
      vertex -25.5485 330.385 0
      vertex -27.2964 328.235 10
      vertex -27.2964 328.235 0
    endloop
  endfacet
  facet normal 0.775933 -0.630815 0
    outer loop
      vertex -25.5485 330.385 0
      vertex -25.5485 330.385 10
      vertex -27.2964 328.235 10
    endloop
  endfacet
  facet normal 0.999587 -0.0287283 0
    outer loop
      vertex -25.5412 330.639 0
      vertex -25.5485 330.385 10
      vertex -25.5485 330.385 0
    endloop
  endfacet
  facet normal 0.999587 -0.0287283 0
    outer loop
      vertex -25.5412 330.639 0
      vertex -25.5412 330.639 10
      vertex -25.5485 330.385 10
    endloop
  endfacet
  facet normal 0.847643 0.530566 0
    outer loop
      vertex -26.4319 332.062 0
      vertex -25.5412 330.639 10
      vertex -25.5412 330.639 0
    endloop
  endfacet
  facet normal 0.847643 0.530566 -0
    outer loop
      vertex -26.4319 332.062 0
      vertex -26.4319 332.062 10
      vertex -25.5412 330.639 10
    endloop
  endfacet
  facet normal 0.771397 0.636354 0
    outer loop
      vertex -27.7287 333.634 0
      vertex -26.4319 332.062 10
      vertex -26.4319 332.062 0
    endloop
  endfacet
  facet normal 0.771397 0.636354 -0
    outer loop
      vertex -27.7287 333.634 0
      vertex -27.7287 333.634 10
      vertex -26.4319 332.062 10
    endloop
  endfacet
  facet normal 0.504999 0.86312 0
    outer loop
      vertex -30.5112 335.262 0
      vertex -27.7287 333.634 10
      vertex -27.7287 333.634 0
    endloop
  endfacet
  facet normal 0.504999 0.86312 -0
    outer loop
      vertex -30.5112 335.262 0
      vertex -30.5112 335.262 10
      vertex -27.7287 333.634 10
    endloop
  endfacet
  facet normal 0.301648 0.953419 0
    outer loop
      vertex -31.6775 335.631 0
      vertex -30.5112 335.262 10
      vertex -30.5112 335.262 0
    endloop
  endfacet
  facet normal 0.301648 0.953419 -0
    outer loop
      vertex -31.6775 335.631 0
      vertex -31.6775 335.631 10
      vertex -30.5112 335.262 10
    endloop
  endfacet
  facet normal 0.0593041 0.99824 0
    outer loop
      vertex -33.8489 335.76 0
      vertex -31.6775 335.631 10
      vertex -31.6775 335.631 0
    endloop
  endfacet
  facet normal 0.0593041 0.99824 -0
    outer loop
      vertex -33.8489 335.76 0
      vertex -33.8489 335.76 10
      vertex -31.6775 335.631 10
    endloop
  endfacet
  facet normal 0.247525 0.968882 0
    outer loop
      vertex -33.9037 335.774 0
      vertex -33.8489 335.76 10
      vertex -33.8489 335.76 0
    endloop
  endfacet
  facet normal 0.247525 0.968882 -0
    outer loop
      vertex -33.9037 335.774 0
      vertex -33.9037 335.774 10
      vertex -33.8489 335.76 10
    endloop
  endfacet
  facet normal 0.424685 0.905341 0
    outer loop
      vertex -34.3194 335.969 0
      vertex -33.9037 335.774 10
      vertex -33.9037 335.774 0
    endloop
  endfacet
  facet normal 0.424685 0.905341 -0
    outer loop
      vertex -34.3194 335.969 0
      vertex -34.3194 335.969 10
      vertex -33.9037 335.774 10
    endloop
  endfacet
  facet normal -0.533209 0.845984 0
    outer loop
      vertex -35.7156 335.089 0
      vertex -34.3194 335.969 10
      vertex -34.3194 335.969 0
    endloop
  endfacet
  facet normal -0.533209 0.845984 0
    outer loop
      vertex -35.7156 335.089 0
      vertex -35.7156 335.089 10
      vertex -34.3194 335.969 10
    endloop
  endfacet
  facet normal -0.809291 0.587408 0
    outer loop
      vertex -36.2186 334.396 0
      vertex -35.7156 335.089 10
      vertex -35.7156 335.089 0
    endloop
  endfacet
  facet normal -0.809291 0.587408 0
    outer loop
      vertex -36.2186 334.396 0
      vertex -36.2186 334.396 10
      vertex -35.7156 335.089 10
    endloop
  endfacet
  facet normal -0.920311 0.391188 0
    outer loop
      vertex -38.142 329.871 0
      vertex -36.2186 334.396 10
      vertex -36.2186 334.396 0
    endloop
  endfacet
  facet normal -0.920311 0.391188 0
    outer loop
      vertex -38.142 329.871 0
      vertex -38.142 329.871 10
      vertex -36.2186 334.396 10
    endloop
  endfacet
  facet normal -0.817692 0.575655 0
    outer loop
      vertex -38.1772 329.821 0
      vertex -38.142 329.871 10
      vertex -38.142 329.871 0
    endloop
  endfacet
  facet normal -0.817692 0.575655 0
    outer loop
      vertex -38.1772 329.821 0
      vertex -38.1772 329.821 10
      vertex -38.142 329.871 10
    endloop
  endfacet
  facet normal -0.685365 0.7282 0
    outer loop
      vertex -38.6872 329.341 0
      vertex -38.1772 329.821 10
      vertex -38.1772 329.821 0
    endloop
  endfacet
  facet normal -0.685365 0.7282 0
    outer loop
      vertex -38.6872 329.341 0
      vertex -38.6872 329.341 10
      vertex -38.1772 329.821 10
    endloop
  endfacet
  facet normal -0.0855224 0.996336 0
    outer loop
      vertex -38.8736 329.325 0
      vertex -38.6872 329.341 10
      vertex -38.6872 329.341 0
    endloop
  endfacet
  facet normal -0.0855224 0.996336 0
    outer loop
      vertex -38.8736 329.325 0
      vertex -38.8736 329.325 10
      vertex -38.6872 329.341 10
    endloop
  endfacet
  facet normal 0.557338 0.830286 0
    outer loop
      vertex -41.065 330.796 0
      vertex -38.8736 329.325 10
      vertex -38.8736 329.325 0
    endloop
  endfacet
  facet normal 0.557338 0.830286 -0
    outer loop
      vertex -41.065 330.796 0
      vertex -41.065 330.796 10
      vertex -38.8736 329.325 10
    endloop
  endfacet
  facet normal 0.140406 0.990094 0
    outer loop
      vertex -42.5811 331.011 0
      vertex -41.065 330.796 10
      vertex -41.065 330.796 0
    endloop
  endfacet
  facet normal 0.140406 0.990094 -0
    outer loop
      vertex -42.5811 331.011 0
      vertex -42.5811 331.011 10
      vertex -41.065 330.796 10
    endloop
  endfacet
  facet normal 0.729637 0.683835 0
    outer loop
      vertex -42.7095 331.148 0
      vertex -42.5811 331.011 10
      vertex -42.5811 331.011 0
    endloop
  endfacet
  facet normal 0.729637 0.683835 -0
    outer loop
      vertex -42.7095 331.148 0
      vertex -42.7095 331.148 10
      vertex -42.5811 331.011 10
    endloop
  endfacet
  facet normal 0.996617 0.082185 0
    outer loop
      vertex -42.8581 332.95 0
      vertex -42.7095 331.148 10
      vertex -42.7095 331.148 0
    endloop
  endfacet
  facet normal 0.996617 0.082185 -0
    outer loop
      vertex -42.8581 332.95 0
      vertex -42.8581 332.95 10
      vertex -42.7095 331.148 10
    endloop
  endfacet
  facet normal 0 1 0
    outer loop
      vertex -43.5449 332.95 0
      vertex -42.8581 332.95 10
      vertex -42.8581 332.95 0
    endloop
  endfacet
  facet normal 0 1 0
    outer loop
      vertex -43.5449 332.95 0
      vertex -43.5449 332.95 10
      vertex -42.8581 332.95 10
    endloop
  endfacet
  facet normal -0.800909 0.598786 0
    outer loop
      vertex -44.3501 331.873 0
      vertex -43.5449 332.95 10
      vertex -43.5449 332.95 0
    endloop
  endfacet
  facet normal -0.800909 0.598786 0
    outer loop
      vertex -44.3501 331.873 0
      vertex -44.3501 331.873 10
      vertex -43.5449 332.95 10
    endloop
  endfacet
  facet normal -0.911166 0.412039 0
    outer loop
      vertex -46.2833 327.598 0
      vertex -44.3501 331.873 10
      vertex -44.3501 331.873 0
    endloop
  endfacet
  facet normal -0.911166 0.412039 0
    outer loop
      vertex -46.2833 327.598 0
      vertex -46.2833 327.598 10
      vertex -44.3501 331.873 10
    endloop
  endfacet
  facet normal -0.841031 0.540987 0
    outer loop
      vertex -46.3071 327.561 0
      vertex -46.2833 327.598 10
      vertex -46.2833 327.598 0
    endloop
  endfacet
  facet normal -0.841031 0.540987 0
    outer loop
      vertex -46.3071 327.561 0
      vertex -46.3071 327.561 10
      vertex -46.2833 327.598 10
    endloop
  endfacet
  facet normal -0.752911 0.658122 0
    outer loop
      vertex -47.5492 326.14 0
      vertex -46.3071 327.561 10
      vertex -46.3071 327.561 0
    endloop
  endfacet
  facet normal -0.752911 0.658122 0
    outer loop
      vertex -47.5492 326.14 0
      vertex -47.5492 326.14 10
      vertex -46.3071 327.561 10
    endloop
  endfacet
  facet normal -0.847813 0.530296 0
    outer loop
      vertex -48.9628 323.88 0
      vertex -47.5492 326.14 10
      vertex -47.5492 326.14 0
    endloop
  endfacet
  facet normal -0.847813 0.530296 0
    outer loop
      vertex -48.9628 323.88 0
      vertex -48.9628 323.88 10
      vertex -47.5492 326.14 10
    endloop
  endfacet
  facet normal -0.763886 0.645352 0
    outer loop
      vertex -48.9873 323.851 0
      vertex -48.9628 323.88 10
      vertex -48.9628 323.88 0
    endloop
  endfacet
  facet normal -0.763886 0.645352 0
    outer loop
      vertex -48.9873 323.851 0
      vertex -48.9873 323.851 10
      vertex -48.9628 323.88 10
    endloop
  endfacet
  facet normal -0.684448 0.729062 0
    outer loop
      vertex -50.5904 322.346 0
      vertex -48.9873 323.851 10
      vertex -48.9873 323.851 0
    endloop
  endfacet
  facet normal -0.684448 0.729062 0
    outer loop
      vertex -50.5904 322.346 0
      vertex -50.5904 322.346 10
      vertex -48.9873 323.851 10
    endloop
  endfacet
  facet normal -0.944554 0.328355 0
    outer loop
      vertex -51.2283 320.511 0
      vertex -50.5904 322.346 10
      vertex -50.5904 322.346 0
    endloop
  endfacet
  facet normal -0.944554 0.328355 0
    outer loop
      vertex -51.2283 320.511 0
      vertex -51.2283 320.511 10
      vertex -50.5904 322.346 10
    endloop
  endfacet
  facet normal -0.572359 0.820003 0
    outer loop
      vertex -51.373 320.41 0
      vertex -51.2283 320.511 10
      vertex -51.2283 320.511 0
    endloop
  endfacet
  facet normal -0.572359 0.820003 0
    outer loop
      vertex -51.373 320.41 0
      vertex -51.373 320.41 10
      vertex -51.2283 320.511 10
    endloop
  endfacet
  facet normal 0.33534 0.942097 0
    outer loop
      vertex -51.4629 320.442 0
      vertex -51.373 320.41 10
      vertex -51.373 320.41 0
    endloop
  endfacet
  facet normal 0.33534 0.942097 -0
    outer loop
      vertex -51.4629 320.442 0
      vertex -51.4629 320.442 10
      vertex -51.373 320.41 10
    endloop
  endfacet
  facet normal 0.619644 0.784883 0
    outer loop
      vertex -51.6529 320.592 0
      vertex -51.4629 320.442 10
      vertex -51.4629 320.442 0
    endloop
  endfacet
  facet normal 0.619644 0.784883 -0
    outer loop
      vertex -51.6529 320.592 0
      vertex -51.6529 320.592 10
      vertex -51.4629 320.442 10
    endloop
  endfacet
  facet normal 0.929844 0.367953 0
    outer loop
      vertex -51.7083 320.732 0
      vertex -51.6529 320.592 10
      vertex -51.6529 320.592 0
    endloop
  endfacet
  facet normal 0.929844 0.367953 -0
    outer loop
      vertex -51.7083 320.732 0
      vertex -51.7083 320.732 10
      vertex -51.6529 320.592 10
    endloop
  endfacet
  facet normal 0.988785 -0.149348 0
    outer loop
      vertex -51.4183 322.652 0
      vertex -51.7083 320.732 10
      vertex -51.7083 320.732 0
    endloop
  endfacet
  facet normal 0.988785 -0.149348 0
    outer loop
      vertex -51.4183 322.652 0
      vertex -51.4183 322.652 10
      vertex -51.7083 320.732 10
    endloop
  endfacet
  facet normal 0.954171 -0.299263 0
    outer loop
      vertex -51.4045 322.696 0
      vertex -51.4183 322.652 10
      vertex -51.4183 322.652 0
    endloop
  endfacet
  facet normal 0.954171 -0.299263 0
    outer loop
      vertex -51.4045 322.696 0
      vertex -51.4045 322.696 10
      vertex -51.4183 322.652 10
    endloop
  endfacet
  facet normal 0.896773 -0.44249 0
    outer loop
      vertex -48.4104 328.764 0
      vertex -51.4045 322.696 10
      vertex -51.4045 322.696 0
    endloop
  endfacet
  facet normal 0.896773 -0.44249 0
    outer loop
      vertex -48.4104 328.764 0
      vertex -48.4104 328.764 10
      vertex -51.4045 322.696 10
    endloop
  endfacet
  facet normal 0.961243 -0.275701 0
    outer loop
      vertex -47.3291 332.534 0
      vertex -48.4104 328.764 10
      vertex -48.4104 328.764 0
    endloop
  endfacet
  facet normal 0.961243 -0.275701 0
    outer loop
      vertex -47.3291 332.534 0
      vertex -47.3291 332.534 10
      vertex -48.4104 328.764 10
    endloop
  endfacet
  facet normal 0.999093 -0.0425926 0
    outer loop
      vertex -47.1107 337.657 0
      vertex -47.3291 332.534 10
      vertex -47.3291 332.534 0
    endloop
  endfacet
  facet normal 0.999093 -0.0425926 0
    outer loop
      vertex -47.1107 337.657 0
      vertex -47.1107 337.657 10
      vertex -47.3291 332.534 10
    endloop
  endfacet
  facet normal 0.977871 0.209209 0
    outer loop
      vertex -47.5388 339.658 0
      vertex -47.1107 337.657 10
      vertex -47.1107 337.657 0
    endloop
  endfacet
  facet normal 0.977871 0.209209 -0
    outer loop
      vertex -47.5388 339.658 0
      vertex -47.5388 339.658 10
      vertex -47.1107 337.657 10
    endloop
  endfacet
  facet normal -0.0915437 0.995801 0
    outer loop
      vertex -50.0951 339.423 0
      vertex -47.5388 339.658 10
      vertex -47.5388 339.658 0
    endloop
  endfacet
  facet normal -0.0915437 0.995801 0
    outer loop
      vertex -50.0951 339.423 0
      vertex -50.0951 339.423 10
      vertex -47.5388 339.658 10
    endloop
  endfacet
  facet normal -0.481529 0.87643 0
    outer loop
      vertex -51.209 338.811 0
      vertex -50.0951 339.423 10
      vertex -50.0951 339.423 0
    endloop
  endfacet
  facet normal -0.481529 0.87643 0
    outer loop
      vertex -51.209 338.811 0
      vertex -51.209 338.811 10
      vertex -50.0951 339.423 10
    endloop
  endfacet
  facet normal -0.974263 0.225412 0
    outer loop
      vertex -52.0639 335.116 0
      vertex -51.209 338.811 10
      vertex -51.209 338.811 0
    endloop
  endfacet
  facet normal -0.974263 0.225412 0
    outer loop
      vertex -52.0639 335.116 0
      vertex -52.0639 335.116 10
      vertex -51.209 338.811 10
    endloop
  endfacet
  facet normal -0.91964 0.392763 0
    outer loop
      vertex -52.0844 335.068 0
      vertex -52.0639 335.116 10
      vertex -52.0639 335.116 0
    endloop
  endfacet
  facet normal -0.91964 0.392763 0
    outer loop
      vertex -52.0844 335.068 0
      vertex -52.0844 335.068 10
      vertex -52.0639 335.116 10
    endloop
  endfacet
  facet normal -0.837271 0.546789 0
    outer loop
      vertex -52.4044 334.578 0
      vertex -52.0844 335.068 10
      vertex -52.0844 335.068 0
    endloop
  endfacet
  facet normal -0.837271 0.546789 0
    outer loop
      vertex -52.4044 334.578 0
      vertex -52.4044 334.578 10
      vertex -52.0844 335.068 10
    endloop
  endfacet
  facet normal -0.648119 0.761539 0
    outer loop
      vertex -52.4702 334.522 0
      vertex -52.4044 334.578 10
      vertex -52.4044 334.578 0
    endloop
  endfacet
  facet normal -0.648119 0.761539 0
    outer loop
      vertex -52.4702 334.522 0
      vertex -52.4702 334.522 10
      vertex -52.4044 334.578 10
    endloop
  endfacet
  facet normal -0.398495 0.917171 0
    outer loop
      vertex -53.9202 333.892 0
      vertex -52.4702 334.522 10
      vertex -52.4702 334.522 0
    endloop
  endfacet
  facet normal -0.398495 0.917171 0
    outer loop
      vertex -53.9202 333.892 0
      vertex -53.9202 333.892 10
      vertex -52.4702 334.522 10
    endloop
  endfacet
  facet normal 0.450851 0.892599 0
    outer loop
      vertex -54.1261 333.996 0
      vertex -53.9202 333.892 10
      vertex -53.9202 333.892 0
    endloop
  endfacet
  facet normal 0.450851 0.892599 -0
    outer loop
      vertex -54.1261 333.996 0
      vertex -54.1261 333.996 10
      vertex -53.9202 333.892 10
    endloop
  endfacet
  facet normal 0.973859 0.227153 0
    outer loop
      vertex -54.7799 336.799 0
      vertex -54.1261 333.996 10
      vertex -54.1261 333.996 0
    endloop
  endfacet
  facet normal 0.973859 0.227153 -0
    outer loop
      vertex -54.7799 336.799 0
      vertex -54.7799 336.799 10
      vertex -54.1261 333.996 10
    endloop
  endfacet
  facet normal 0.832788 0.553592 0
    outer loop
      vertex -55.9791 338.603 0
      vertex -54.7799 336.799 10
      vertex -54.7799 336.799 0
    endloop
  endfacet
  facet normal 0.832788 0.553592 -0
    outer loop
      vertex -55.9791 338.603 0
      vertex -55.9791 338.603 10
      vertex -54.7799 336.799 10
    endloop
  endfacet
  facet normal 0.168522 0.985698 0
    outer loop
      vertex -60.1144 339.31 0
      vertex -55.9791 338.603 10
      vertex -55.9791 338.603 0
    endloop
  endfacet
  facet normal 0.168522 0.985698 -0
    outer loop
      vertex -60.1144 339.31 0
      vertex -60.1144 339.31 10
      vertex -55.9791 338.603 10
    endloop
  endfacet
  facet normal 0.0225142 0.999747 0
    outer loop
      vertex -61.8462 339.349 0
      vertex -60.1144 339.31 10
      vertex -60.1144 339.31 0
    endloop
  endfacet
  facet normal 0.0225142 0.999747 -0
    outer loop
      vertex -61.8462 339.349 0
      vertex -61.8462 339.349 10
      vertex -60.1144 339.31 10
    endloop
  endfacet
  facet normal -0.330318 0.94387 0
    outer loop
      vertex -64.2036 338.524 0
      vertex -61.8462 339.349 10
      vertex -61.8462 339.349 0
    endloop
  endfacet
  facet normal -0.330318 0.94387 0
    outer loop
      vertex -64.2036 338.524 0
      vertex -64.2036 338.524 10
      vertex -61.8462 339.349 10
    endloop
  endfacet
  facet normal -0.541818 0.840496 0
    outer loop
      vertex -65.5687 337.644 0
      vertex -64.2036 338.524 10
      vertex -64.2036 338.524 0
    endloop
  endfacet
  facet normal -0.541818 0.840496 0
    outer loop
      vertex -65.5687 337.644 0
      vertex -65.5687 337.644 10
      vertex -64.2036 338.524 10
    endloop
  endfacet
  facet normal -0.0944662 0.995528 0
    outer loop
      vertex -65.7057 337.631 0
      vertex -65.5687 337.644 10
      vertex -65.5687 337.644 0
    endloop
  endfacet
  facet normal -0.0944662 0.995528 0
    outer loop
      vertex -65.7057 337.631 0
      vertex -65.7057 337.631 10
      vertex -65.5687 337.644 10
    endloop
  endfacet
  facet normal 0.371391 0.928477 0
    outer loop
      vertex -66.3057 337.871 0
      vertex -65.7057 337.631 10
      vertex -65.7057 337.631 0
    endloop
  endfacet
  facet normal 0.371391 0.928477 -0
    outer loop
      vertex -66.3057 337.871 0
      vertex -66.3057 337.871 10
      vertex -65.7057 337.631 10
    endloop
  endfacet
  facet normal 0.7961 0.605165 0
    outer loop
      vertex -66.3992 337.994 0
      vertex -66.3057 337.871 10
      vertex -66.3057 337.871 0
    endloop
  endfacet
  facet normal 0.7961 0.605165 -0
    outer loop
      vertex -66.3992 337.994 0
      vertex -66.3992 337.994 10
      vertex -66.3057 337.871 10
    endloop
  endfacet
  facet normal 0.994333 0.106312 0
    outer loop
      vertex -66.5692 339.584 0
      vertex -66.3992 337.994 10
      vertex -66.3992 337.994 0
    endloop
  endfacet
  facet normal 0.994333 0.106312 -0
    outer loop
      vertex -66.5692 339.584 0
      vertex -66.5692 339.584 10
      vertex -66.3992 337.994 10
    endloop
  endfacet
  facet normal 0.998699 -0.0509974 0
    outer loop
      vertex -66.5668 339.631 0
      vertex -66.5692 339.584 10
      vertex -66.5692 339.584 0
    endloop
  endfacet
  facet normal 0.998699 -0.0509974 0
    outer loop
      vertex -66.5668 339.631 0
      vertex -66.5668 339.631 10
      vertex -66.5692 339.584 10
    endloop
  endfacet
  facet normal 0.978365 -0.206888 0
    outer loop
      vertex -66.3067 340.861 0
      vertex -66.5668 339.631 10
      vertex -66.5668 339.631 0
    endloop
  endfacet
  facet normal 0.978365 -0.206888 0
    outer loop
      vertex -66.3067 340.861 0
      vertex -66.3067 340.861 10
      vertex -66.5668 339.631 10
    endloop
  endfacet
  facet normal 0.894427 -0.447214 0
    outer loop
      vertex -66.2727 340.929 0
      vertex -66.3067 340.861 10
      vertex -66.3067 340.861 0
    endloop
  endfacet
  facet normal 0.894427 -0.447214 0
    outer loop
      vertex -66.2727 340.929 0
      vertex -66.2727 340.929 10
      vertex -66.3067 340.861 10
    endloop
  endfacet
  facet normal 0.751626 -0.65959 0
    outer loop
      vertex -65.8427 341.419 0
      vertex -66.2727 340.929 10
      vertex -66.2727 340.929 0
    endloop
  endfacet
  facet normal 0.751626 -0.65959 0
    outer loop
      vertex -65.8427 341.419 0
      vertex -65.8427 341.419 10
      vertex -66.2727 340.929 10
    endloop
  endfacet
  facet normal 0.483965 -0.875087 0
    outer loop
      vertex -65.7541 341.468 0
      vertex -65.8427 341.419 10
      vertex -65.8427 341.419 0
    endloop
  endfacet
  facet normal 0.483965 -0.875087 0
    outer loop
      vertex -65.7541 341.468 0
      vertex -65.7541 341.468 10
      vertex -65.8427 341.419 10
    endloop
  endfacet
  facet normal 0.160898 -0.986971 0
    outer loop
      vertex -53.0687 343.536 0
      vertex -65.7541 341.468 10
      vertex -65.7541 341.468 0
    endloop
  endfacet
  facet normal 0.160898 -0.986971 0
    outer loop
      vertex -53.0687 343.536 0
      vertex -53.0687 343.536 10
      vertex -65.7541 341.468 10
    endloop
  endfacet
  facet normal 0.349862 -0.936801 0
    outer loop
      vertex -51.4407 344.144 0
      vertex -53.0687 343.536 10
      vertex -53.0687 343.536 0
    endloop
  endfacet
  facet normal 0.349862 -0.936801 0
    outer loop
      vertex -51.4407 344.144 0
      vertex -51.4407 344.144 10
      vertex -53.0687 343.536 10
    endloop
  endfacet
  facet normal 0.576762 -0.816913 0
    outer loop
      vertex -50.0484 345.127 0
      vertex -51.4407 344.144 10
      vertex -51.4407 344.144 0
    endloop
  endfacet
  facet normal 0.576762 -0.816913 0
    outer loop
      vertex -50.0484 345.127 0
      vertex -50.0484 345.127 10
      vertex -51.4407 344.144 10
    endloop
  endfacet
  facet normal 0.823722 -0.566995 0
    outer loop
      vertex -48.1782 347.844 0
      vertex -50.0484 345.127 10
      vertex -50.0484 345.127 0
    endloop
  endfacet
  facet normal 0.823722 -0.566995 0
    outer loop
      vertex -48.1782 347.844 0
      vertex -48.1782 347.844 10
      vertex -50.0484 345.127 10
    endloop
  endfacet
  facet normal 0.96581 -0.25925 0
    outer loop
      vertex -47.975 348.601 0
      vertex -48.1782 347.844 10
      vertex -48.1782 347.844 0
    endloop
  endfacet
  facet normal 0.96581 -0.25925 0
    outer loop
      vertex -47.975 348.601 0
      vertex -47.975 348.601 10
      vertex -48.1782 347.844 10
    endloop
  endfacet
  facet normal 0.969759 0.244065 0
    outer loop
      vertex -48.3354 350.033 0
      vertex -47.975 348.601 10
      vertex -47.975 348.601 0
    endloop
  endfacet
  facet normal 0.969759 0.244065 -0
    outer loop
      vertex -48.3354 350.033 0
      vertex -48.3354 350.033 10
      vertex -47.975 348.601 10
    endloop
  endfacet
  facet normal 0.709152 0.705056 0
    outer loop
      vertex -50.1429 351.851 0
      vertex -48.3354 350.033 10
      vertex -48.3354 350.033 0
    endloop
  endfacet
  facet normal 0.709152 0.705056 -0
    outer loop
      vertex -50.1429 351.851 0
      vertex -50.1429 351.851 10
      vertex -48.3354 350.033 10
    endloop
  endfacet
  facet normal 0.344697 0.938714 0
    outer loop
      vertex -52.0247 352.542 0
      vertex -50.1429 351.851 10
      vertex -50.1429 351.851 0
    endloop
  endfacet
  facet normal 0.344697 0.938714 -0
    outer loop
      vertex -52.0247 352.542 0
      vertex -52.0247 352.542 10
      vertex -50.1429 351.851 10
    endloop
  endfacet
  facet normal -0.28946 0.95719 0
    outer loop
      vertex -52.6067 352.366 0
      vertex -52.0247 352.542 10
      vertex -52.0247 352.542 0
    endloop
  endfacet
  facet normal -0.28946 0.95719 0
    outer loop
      vertex -52.6067 352.366 0
      vertex -52.6067 352.366 10
      vertex -52.0247 352.542 10
    endloop
  endfacet
  facet normal 0.424306 0.905519 0
    outer loop
      vertex -52.7881 352.451 0
      vertex -52.6067 352.366 10
      vertex -52.6067 352.366 0
    endloop
  endfacet
  facet normal 0.424306 0.905519 -0
    outer loop
      vertex -52.7881 352.451 0
      vertex -52.7881 352.451 10
      vertex -52.6067 352.366 10
    endloop
  endfacet
  facet normal 0.92077 0.390105 0
    outer loop
      vertex -53.2588 353.562 0
      vertex -52.7881 352.451 10
      vertex -52.7881 352.451 0
    endloop
  endfacet
  facet normal 0.92077 0.390105 -0
    outer loop
      vertex -53.2588 353.562 0
      vertex -53.2588 353.562 10
      vertex -52.7881 352.451 10
    endloop
  endfacet
  facet normal 0.238202 0.971216 0
    outer loop
      vertex -53.7073 353.672 0
      vertex -53.2588 353.562 10
      vertex -53.2588 353.562 0
    endloop
  endfacet
  facet normal 0.238202 0.971216 -0
    outer loop
      vertex -53.7073 353.672 0
      vertex -53.7073 353.672 10
      vertex -53.2588 353.562 10
    endloop
  endfacet
  facet normal -0.38988 0.920866 0
    outer loop
      vertex -54.3214 353.412 0
      vertex -53.7073 353.672 10
      vertex -53.7073 353.672 0
    endloop
  endfacet
  facet normal -0.38988 0.920866 0
    outer loop
      vertex -54.3214 353.412 0
      vertex -54.3214 353.412 10
      vertex -53.7073 353.672 10
    endloop
  endfacet
  facet normal 0.431141 0.902285 0
    outer loop
      vertex -54.5244 353.509 0
      vertex -54.3214 353.412 10
      vertex -54.3214 353.412 0
    endloop
  endfacet
  facet normal 0.431141 0.902285 -0
    outer loop
      vertex -54.5244 353.509 0
      vertex -54.5244 353.509 10
      vertex -54.3214 353.412 10
    endloop
  endfacet
  facet normal 0.962847 0.270048 0
    outer loop
      vertex -55.9245 358.501 0
      vertex -54.5244 353.509 10
      vertex -54.5244 353.509 0
    endloop
  endfacet
  facet normal 0.962847 0.270048 -0
    outer loop
      vertex -55.9245 358.501 0
      vertex -55.9245 358.501 10
      vertex -54.5244 353.509 10
    endloop
  endfacet
  facet normal -0.462693 0.886518 0
    outer loop
      vertex -58.0206 357.407 0
      vertex -55.9245 358.501 10
      vertex -55.9245 358.501 0
    endloop
  endfacet
  facet normal -0.462693 0.886518 0
    outer loop
      vertex -58.0206 357.407 0
      vertex -58.0206 357.407 10
      vertex -55.9245 358.501 10
    endloop
  endfacet
  facet normal -0.358979 0.933346 0
    outer loop
      vertex -58.0492 357.396 0
      vertex -58.0206 357.407 10
      vertex -58.0206 357.407 0
    endloop
  endfacet
  facet normal -0.358979 0.933346 0
    outer loop
      vertex -58.0492 357.396 0
      vertex -58.0492 357.396 10
      vertex -58.0206 357.407 10
    endloop
  endfacet
  facet normal -0.272058 0.962281 0
    outer loop
      vertex -59.9592 356.856 0
      vertex -58.0492 357.396 10
      vertex -58.0492 357.396 0
    endloop
  endfacet
  facet normal -0.272058 0.962281 0
    outer loop
      vertex -59.9592 356.856 0
      vertex -59.9592 356.856 10
      vertex -58.0492 357.396 10
    endloop
  endfacet
  facet normal -0.0857416 0.996317 0
    outer loop
      vertex -60.0173 356.851 0
      vertex -59.9592 356.856 10
      vertex -59.9592 356.856 0
    endloop
  endfacet
  facet normal -0.0857416 0.996317 0
    outer loop
      vertex -60.0173 356.851 0
      vertex -60.0173 356.851 10
      vertex -59.9592 356.856 10
    endloop
  endfacet
  facet normal 0.115282 0.993333 0
    outer loop
      vertex -61.6286 357.038 0
      vertex -60.0173 356.851 10
      vertex -60.0173 356.851 0
    endloop
  endfacet
  facet normal 0.115282 0.993333 -0
    outer loop
      vertex -61.6286 357.038 0
      vertex -61.6286 357.038 10
      vertex -60.0173 356.851 10
    endloop
  endfacet
  facet normal -0.262815 0.964846 0
    outer loop
      vertex -62.5207 356.795 0
      vertex -61.6286 357.038 10
      vertex -61.6286 357.038 0
    endloop
  endfacet
  facet normal -0.262815 0.964846 0
    outer loop
      vertex -62.5207 356.795 0
      vertex -62.5207 356.795 10
      vertex -61.6286 357.038 10
    endloop
  endfacet
  facet normal 0.0239452 0.999713 0
    outer loop
      vertex -62.6042 356.797 0
      vertex -62.5207 356.795 10
      vertex -62.5207 356.795 0
    endloop
  endfacet
  facet normal 0.0239452 0.999713 -0
    outer loop
      vertex -62.6042 356.797 0
      vertex -62.6042 356.797 10
      vertex -62.5207 356.795 10
    endloop
  endfacet
  facet normal 0.294533 0.955641 0
    outer loop
      vertex -64.8592 357.492 0
      vertex -62.6042 356.797 10
      vertex -62.6042 356.797 0
    endloop
  endfacet
  facet normal 0.294533 0.955641 -0
    outer loop
      vertex -64.8592 357.492 0
      vertex -64.8592 357.492 10
      vertex -62.6042 356.797 10
    endloop
  endfacet
  facet normal 0.0906877 0.995879 0
    outer loop
      vertex -66.5723 357.648 0
      vertex -64.8592 357.492 10
      vertex -64.8592 357.492 0
    endloop
  endfacet
  facet normal 0.0906877 0.995879 -0
    outer loop
      vertex -66.5723 357.648 0
      vertex -66.5723 357.648 10
      vertex -64.8592 357.492 10
    endloop
  endfacet
  facet normal -0.316747 0.94851 0
    outer loop
      vertex -67.4497 357.355 0
      vertex -66.5723 357.648 10
      vertex -66.5723 357.648 0
    endloop
  endfacet
  facet normal -0.316747 0.94851 0
    outer loop
      vertex -67.4497 357.355 0
      vertex -67.4497 357.355 10
      vertex -66.5723 357.648 10
    endloop
  endfacet
  facet normal -0.597312 0.802009 0
    outer loop
      vertex -69.9404 355.5 0
      vertex -67.4497 357.355 10
      vertex -67.4497 357.355 0
    endloop
  endfacet
  facet normal -0.597312 0.802009 0
    outer loop
      vertex -69.9404 355.5 0
      vertex -69.9404 355.5 10
      vertex -67.4497 357.355 10
    endloop
  endfacet
  facet normal -0.478243 0.878228 0
    outer loop
      vertex -69.9808 355.478 0
      vertex -69.9404 355.5 10
      vertex -69.9404 355.5 0
    endloop
  endfacet
  facet normal -0.478243 0.878228 0
    outer loop
      vertex -69.9808 355.478 0
      vertex -69.9808 355.478 10
      vertex -69.9404 355.5 10
    endloop
  endfacet
  facet normal -0.328012 0.944674 0
    outer loop
      vertex -70.7008 355.228 0
      vertex -69.9808 355.478 10
      vertex -69.9808 355.478 0
    endloop
  endfacet
  facet normal -0.328012 0.944674 0
    outer loop
      vertex -70.7008 355.228 0
      vertex -70.7008 355.228 10
      vertex -69.9808 355.478 10
    endloop
  endfacet
  facet normal -0.0480215 0.998846 0
    outer loop
      vertex -70.784 355.224 0
      vertex -70.7008 355.228 10
      vertex -70.7008 355.228 0
    endloop
  endfacet
  facet normal -0.0480215 0.998846 0
    outer loop
      vertex -70.784 355.224 0
      vertex -70.784 355.224 10
      vertex -70.7008 355.228 10
    endloop
  endfacet
  facet normal 0.226513 0.974008 0
    outer loop
      vertex -71.214 355.324 0
      vertex -70.784 355.224 10
      vertex -70.784 355.224 0
    endloop
  endfacet
  facet normal 0.226513 0.974008 -0
    outer loop
      vertex -71.214 355.324 0
      vertex -71.214 355.324 10
      vertex -70.784 355.224 10
    endloop
  endfacet
  facet normal 0.797366 0.603496 0
    outer loop
      vertex -71.3298 355.477 0
      vertex -71.214 355.324 10
      vertex -71.214 355.324 0
    endloop
  endfacet
  facet normal 0.797366 0.603496 -0
    outer loop
      vertex -71.3298 355.477 0
      vertex -71.3298 355.477 10
      vertex -71.214 355.324 10
    endloop
  endfacet
  facet normal 0.998844 -0.0480727 0
    outer loop
      vertex -71.2398 357.347 0
      vertex -71.3298 355.477 10
      vertex -71.3298 355.477 0
    endloop
  endfacet
  facet normal 0.998844 -0.0480727 0
    outer loop
      vertex -71.2398 357.347 0
      vertex -71.2398 357.347 10
      vertex -71.3298 355.477 10
    endloop
  endfacet
  facet normal 0.712318 -0.701857 0
    outer loop
      vertex -71.0989 357.49 0
      vertex -71.2398 357.347 10
      vertex -71.2398 357.347 0
    endloop
  endfacet
  facet normal 0.712318 -0.701857 0
    outer loop
      vertex -71.0989 357.49 0
      vertex -71.0989 357.49 10
      vertex -71.2398 357.347 10
    endloop
  endfacet
  facet normal 0.058722 -0.998274 0
    outer loop
      vertex -70.1129 357.548 0
      vertex -71.0989 357.49 10
      vertex -71.0989 357.49 0
    endloop
  endfacet
  facet normal 0.058722 -0.998274 0
    outer loop
      vertex -70.1129 357.548 0
      vertex -70.1129 357.548 10
      vertex -71.0989 357.49 10
    endloop
  endfacet
  facet normal 0.367847 -0.929886 0
    outer loop
      vertex -66.9252 358.809 0
      vertex -70.1129 357.548 10
      vertex -70.1129 357.548 0
    endloop
  endfacet
  facet normal 0.367847 -0.929886 0
    outer loop
      vertex -66.9252 358.809 0
      vertex -66.9252 358.809 10
      vertex -70.1129 357.548 10
    endloop
  endfacet
  facet normal 0.276915 -0.960894 0
    outer loop
      vertex -66.8905 358.819 0
      vertex -66.9252 358.809 10
      vertex -66.9252 358.809 0
    endloop
  endfacet
  facet normal 0.276915 -0.960894 0
    outer loop
      vertex -66.8905 358.819 0
      vertex -66.8905 358.819 10
      vertex -66.9252 358.809 10
    endloop
  endfacet
  facet normal 0.136738 -0.990607 0
    outer loop
      vertex -58.226 360.015 0
      vertex -66.8905 358.819 10
      vertex -66.8905 358.819 0
    endloop
  endfacet
  facet normal 0.136738 -0.990607 0
    outer loop
      vertex -58.226 360.015 0
      vertex -58.226 360.015 10
      vertex -66.8905 358.819 10
    endloop
  endfacet
  facet normal 0.458525 -0.888681 0
    outer loop
      vertex -57.6872 360.293 0
      vertex -58.226 360.015 10
      vertex -58.226 360.015 0
    endloop
  endfacet
  facet normal 0.458525 -0.888681 0
    outer loop
      vertex -57.6872 360.293 0
      vertex -57.6872 360.293 10
      vertex -58.226 360.015 10
    endloop
  endfacet
  facet normal 0.860874 -0.508819 0
    outer loop
      vertex -57.4957 360.617 0
      vertex -57.6872 360.293 10
      vertex -57.6872 360.293 0
    endloop
  endfacet
  facet normal 0.860874 -0.508819 0
    outer loop
      vertex -57.4957 360.617 0
      vertex -57.4957 360.617 10
      vertex -57.6872 360.293 10
    endloop
  endfacet
  facet normal 0.846537 0.53233 0
    outer loop
      vertex -57.7705 361.054 0
      vertex -57.4957 360.617 10
      vertex -57.4957 360.617 0
    endloop
  endfacet
  facet normal 0.846537 0.53233 -0
    outer loop
      vertex -57.7705 361.054 0
      vertex -57.7705 361.054 10
      vertex -57.4957 360.617 10
    endloop
  endfacet
  facet normal 0.567951 0.823062 0
    outer loop
      vertex -60.1486 362.695 0
      vertex -57.7705 361.054 10
      vertex -57.7705 361.054 0
    endloop
  endfacet
  facet normal 0.567951 0.823062 -0
    outer loop
      vertex -60.1486 362.695 0
      vertex -60.1486 362.695 10
      vertex -57.7705 361.054 10
    endloop
  endfacet
  facet normal 0.331037 0.943618 0
    outer loop
      vertex -63.3497 363.818 0
      vertex -60.1486 362.695 10
      vertex -60.1486 362.695 0
    endloop
  endfacet
  facet normal 0.331037 0.943618 -0
    outer loop
      vertex -63.3497 363.818 0
      vertex -63.3497 363.818 10
      vertex -60.1486 362.695 10
    endloop
  endfacet
  facet normal 0.573546 0.819173 0
    outer loop
      vertex -63.4154 363.864 0
      vertex -63.3497 363.818 10
      vertex -63.3497 363.818 0
    endloop
  endfacet
  facet normal 0.573546 0.819173 -0
    outer loop
      vertex -63.4154 363.864 0
      vertex -63.4154 363.864 10
      vertex -63.3497 363.818 10
    endloop
  endfacet
  facet normal 0.769275 0.638918 0
    outer loop
      vertex -64.5275 365.203 0
      vertex -63.4154 363.864 10
      vertex -63.4154 363.864 0
    endloop
  endfacet
  facet normal 0.769275 0.638918 -0
    outer loop
      vertex -64.5275 365.203 0
      vertex -64.5275 365.203 10
      vertex -63.4154 363.864 10
    endloop
  endfacet
  facet normal 0.487465 0.873142 0
    outer loop
      vertex -66.6214 366.372 0
      vertex -64.5275 365.203 10
      vertex -64.5275 365.203 0
    endloop
  endfacet
  facet normal 0.487465 0.873142 -0
    outer loop
      vertex -66.6214 366.372 0
      vertex -66.6214 366.372 10
      vertex -64.5275 365.203 10
    endloop
  endfacet
  facet normal 0.323475 0.946237 0
    outer loop
      vertex -68.2566 366.931 0
      vertex -66.6214 366.372 10
      vertex -66.6214 366.372 0
    endloop
  endfacet
  facet normal 0.323475 0.946237 -0
    outer loop
      vertex -68.2566 366.931 0
      vertex -68.2566 366.931 10
      vertex -66.6214 366.372 10
    endloop
  endfacet
  facet normal 0.0235445 0.999723 0
    outer loop
      vertex -73.267 367.049 0
      vertex -68.2566 366.931 10
      vertex -68.2566 366.931 0
    endloop
  endfacet
  facet normal 0.0235445 0.999723 -0
    outer loop
      vertex -73.267 367.049 0
      vertex -73.267 367.049 10
      vertex -68.2566 366.931 10
    endloop
  endfacet
  facet normal -0.438853 0.898559 0
    outer loop
      vertex -74.1331 366.626 0
      vertex -73.267 367.049 10
      vertex -73.267 367.049 0
    endloop
  endfacet
  facet normal -0.438853 0.898559 0
    outer loop
      vertex -74.1331 366.626 0
      vertex -74.1331 366.626 10
      vertex -73.267 367.049 10
    endloop
  endfacet
  facet normal -0.692147 0.721756 0
    outer loop
      vertex -75.0862 365.712 0
      vertex -74.1331 366.626 10
      vertex -74.1331 366.626 0
    endloop
  endfacet
  facet normal -0.692147 0.721756 0
    outer loop
      vertex -75.0862 365.712 0
      vertex -75.0862 365.712 10
      vertex -74.1331 366.626 10
    endloop
  endfacet
  facet normal -0.397342 0.917671 0
    outer loop
      vertex -75.1832 365.67 0
      vertex -75.0862 365.712 10
      vertex -75.0862 365.712 0
    endloop
  endfacet
  facet normal -0.397342 0.917671 0
    outer loop
      vertex -75.1832 365.67 0
      vertex -75.1832 365.67 10
      vertex -75.0862 365.712 10
    endloop
  endfacet
  facet normal -0.0454077 0.998969 0
    outer loop
      vertex -75.8432 365.64 0
      vertex -75.1832 365.67 10
      vertex -75.1832 365.67 0
    endloop
  endfacet
  facet normal -0.0454077 0.998969 0
    outer loop
      vertex -75.8432 365.64 0
      vertex -75.8432 365.64 10
      vertex -75.1832 365.67 10
    endloop
  endfacet
  facet normal 0.277983 0.960586 0
    outer loop
      vertex -75.9365 365.667 0
      vertex -75.8432 365.64 10
      vertex -75.8432 365.64 0
    endloop
  endfacet
  facet normal 0.277983 0.960586 -0
    outer loop
      vertex -75.9365 365.667 0
      vertex -75.9365 365.667 10
      vertex -75.8432 365.64 10
    endloop
  endfacet
  facet normal 0.576879 0.81683 0
    outer loop
      vertex -77.082 366.476 0
      vertex -75.9365 365.667 10
      vertex -75.9365 365.667 0
    endloop
  endfacet
  facet normal 0.576879 0.81683 -0
    outer loop
      vertex -77.082 366.476 0
      vertex -77.082 366.476 10
      vertex -75.9365 365.667 10
    endloop
  endfacet
  facet normal -0.0808741 0.996724 0
    outer loop
      vertex -77.5873 366.435 0
      vertex -77.082 366.476 10
      vertex -77.082 366.476 0
    endloop
  endfacet
  facet normal -0.0808741 0.996724 0
    outer loop
      vertex -77.5873 366.435 0
      vertex -77.5873 366.435 10
      vertex -77.082 366.476 10
    endloop
  endfacet
  facet normal -0.66971 0.742623 0
    outer loop
      vertex -78.0497 366.018 0
      vertex -77.5873 366.435 10
      vertex -77.5873 366.435 0
    endloop
  endfacet
  facet normal -0.66971 0.742623 0
    outer loop
      vertex -78.0497 366.018 0
      vertex -78.0497 366.018 10
      vertex -77.5873 366.435 10
    endloop
  endfacet
  facet normal -0.448268 0.893899 0
    outer loop
      vertex -78.1175 365.984 0
      vertex -78.0497 366.018 10
      vertex -78.0497 366.018 0
    endloop
  endfacet
  facet normal -0.448268 0.893899 0
    outer loop
      vertex -78.1175 365.984 0
      vertex -78.1175 365.984 10
      vertex -78.0497 366.018 10
    endloop
  endfacet
  facet normal -0.21693 0.976187 0
    outer loop
      vertex -78.7475 365.844 0
      vertex -78.1175 365.984 10
      vertex -78.1175 365.984 0
    endloop
  endfacet
  facet normal -0.21693 0.976187 0
    outer loop
      vertex -78.7475 365.844 0
      vertex -78.7475 365.844 10
      vertex -78.1175 365.984 10
    endloop
  endfacet
  facet normal -0.129201 0.991618 0
    outer loop
      vertex -78.7782 365.84 0
      vertex -78.7475 365.844 10
      vertex -78.7475 365.844 0
    endloop
  endfacet
  facet normal -0.129201 0.991618 0
    outer loop
      vertex -78.7782 365.84 0
      vertex -78.7782 365.84 10
      vertex -78.7475 365.844 10
    endloop
  endfacet
  facet normal -0.0118664 0.99993 0
    outer loop
      vertex -81.2219 365.811 0
      vertex -78.7782 365.84 10
      vertex -78.7782 365.84 0
    endloop
  endfacet
  facet normal -0.0118664 0.99993 0
    outer loop
      vertex -81.2219 365.811 0
      vertex -81.2219 365.811 10
      vertex -78.7782 365.84 10
    endloop
  endfacet
  facet normal -0.987316 0.158764 0
    outer loop
      vertex -81.3819 364.816 0
      vertex -81.2219 365.811 10
      vertex -81.2219 365.811 0
    endloop
  endfacet
  facet normal -0.987316 0.158764 0
    outer loop
      vertex -81.3819 364.816 0
      vertex -81.3819 364.816 10
      vertex -81.2219 365.811 10
    endloop
  endfacet
  facet normal -0.898081 0.43983 0
    outer loop
      vertex -81.4201 364.738 0
      vertex -81.3819 364.816 10
      vertex -81.3819 364.816 0
    endloop
  endfacet
  facet normal -0.898081 0.43983 0
    outer loop
      vertex -81.4201 364.738 0
      vertex -81.4201 364.738 10
      vertex -81.3819 364.816 10
    endloop
  endfacet
  facet normal -0.732793 0.680451 0
    outer loop
      vertex -81.6801 364.458 0
      vertex -81.4201 364.738 10
      vertex -81.4201 364.738 0
    endloop
  endfacet
  facet normal -0.732793 0.680451 0
    outer loop
      vertex -81.6801 364.458 0
      vertex -81.6801 364.458 10
      vertex -81.4201 364.738 10
    endloop
  endfacet
  facet normal -0.370326 0.928902 0
    outer loop
      vertex -81.8005 364.41 0
      vertex -81.6801 364.458 10
      vertex -81.6801 364.458 0
    endloop
  endfacet
  facet normal -0.370326 0.928902 0
    outer loop
      vertex -81.8005 364.41 0
      vertex -81.8005 364.41 10
      vertex -81.6801 364.458 10
    endloop
  endfacet
  facet normal 0.0702486 0.99753 0
    outer loop
      vertex -82.5105 364.46 0
      vertex -81.8005 364.41 10
      vertex -81.8005 364.41 0
    endloop
  endfacet
  facet normal 0.0702486 0.99753 -0
    outer loop
      vertex -82.5105 364.46 0
      vertex -82.5105 364.46 10
      vertex -81.8005 364.41 10
    endloop
  endfacet
  facet normal 0.353057 0.935602 0
    outer loop
      vertex -82.59 364.49 0
      vertex -82.5105 364.46 10
      vertex -82.5105 364.46 0
    endloop
  endfacet
  facet normal 0.353057 0.935602 -0
    outer loop
      vertex -82.59 364.49 0
      vertex -82.59 364.49 10
      vertex -82.5105 364.46 10
    endloop
  endfacet
  facet normal 0.599898 0.800076 0
    outer loop
      vertex -83.3462 365.057 0
      vertex -82.59 364.49 10
      vertex -82.59 364.49 0
    endloop
  endfacet
  facet normal 0.599898 0.800076 -0
    outer loop
      vertex -83.3462 365.057 0
      vertex -83.3462 365.057 10
      vertex -82.59 364.49 10
    endloop
  endfacet
  facet normal -0.0570055 0.998374 0
    outer loop
      vertex -83.7315 365.035 0
      vertex -83.3462 365.057 10
      vertex -83.3462 365.057 0
    endloop
  endfacet
  facet normal -0.0570055 0.998374 0
    outer loop
      vertex -83.7315 365.035 0
      vertex -83.7315 365.035 10
      vertex -83.3462 365.057 10
    endloop
  endfacet
  facet normal -0.908095 0.418764 0
    outer loop
      vertex -84.4638 363.447 0
      vertex -83.7315 365.035 10
      vertex -83.7315 365.035 0
    endloop
  endfacet
  facet normal -0.908095 0.418764 0
    outer loop
      vertex -84.4638 363.447 0
      vertex -84.4638 363.447 10
      vertex -83.7315 365.035 10
    endloop
  endfacet
  facet normal -0.772353 0.635194 0
    outer loop
      vertex -84.5115 363.389 0
      vertex -84.4638 363.447 10
      vertex -84.4638 363.447 0
    endloop
  endfacet
  facet normal -0.772353 0.635194 0
    outer loop
      vertex -84.5115 363.389 0
      vertex -84.5115 363.389 10
      vertex -84.4638 363.447 10
    endloop
  endfacet
  facet normal -0.590017 0.807391 0
    outer loop
      vertex -84.7715 363.199 0
      vertex -84.5115 363.389 10
      vertex -84.5115 363.389 0
    endloop
  endfacet
  facet normal -0.590017 0.807391 0
    outer loop
      vertex -84.7715 363.199 0
      vertex -84.7715 363.199 10
      vertex -84.5115 363.389 10
    endloop
  endfacet
  facet normal -0.162364 0.986731 0
    outer loop
      vertex -84.9052 363.177 0
      vertex -84.7715 363.199 10
      vertex -84.7715 363.199 0
    endloop
  endfacet
  facet normal -0.162364 0.986731 0
    outer loop
      vertex -84.9052 363.177 0
      vertex -84.9052 363.177 10
      vertex -84.7715 363.199 10
    endloop
  endfacet
  facet normal 0.30219 0.953248 0
    outer loop
      vertex -85.5771 363.39 0
      vertex -84.9052 363.177 10
      vertex -84.9052 363.177 0
    endloop
  endfacet
  facet normal 0.30219 0.953248 -0
    outer loop
      vertex -85.5771 363.39 0
      vertex -85.5771 363.39 10
      vertex -84.9052 363.177 10
    endloop
  endfacet
  facet normal -0.879604 0.475707 0
    outer loop
      vertex -85.96 362.682 0
      vertex -85.5771 363.39 10
      vertex -85.5771 363.39 0
    endloop
  endfacet
  facet normal -0.879604 0.475707 0
    outer loop
      vertex -85.96 362.682 0
      vertex -85.96 362.682 10
      vertex -85.5771 363.39 10
    endloop
  endfacet
  facet normal -1 0 0
    outer loop
      vertex -85.96 362.004 0
      vertex -85.96 362.682 10
      vertex -85.96 362.682 0
    endloop
  endfacet
  facet normal -1 0 0
    outer loop
      vertex -85.96 362.004 0
      vertex -85.96 362.004 10
      vertex -85.96 362.682 10
    endloop
  endfacet
  facet normal -0.948676 -0.316249 0
    outer loop
      vertex -85.5073 360.646 0
      vertex -85.96 362.004 10
      vertex -85.96 362.004 0
    endloop
  endfacet
  facet normal -0.948676 -0.316249 0
    outer loop
      vertex -85.5073 360.646 0
      vertex -85.5073 360.646 10
      vertex -85.96 362.004 10
    endloop
  endfacet
  facet normal -0.751828 -0.659359 0
    outer loop
      vertex -84.3172 359.289 0
      vertex -85.5073 360.646 10
      vertex -85.5073 360.646 0
    endloop
  endfacet
  facet normal -0.751828 -0.659359 0
    outer loop
      vertex -84.3172 359.289 0
      vertex -84.3172 359.289 10
      vertex -85.5073 360.646 10
    endloop
  endfacet
  facet normal -0.87654 -0.481328 0
    outer loop
      vertex -84.2859 359.232 0
      vertex -84.3172 359.289 10
      vertex -84.3172 359.289 0
    endloop
  endfacet
  facet normal -0.87654 -0.481328 0
    outer loop
      vertex -84.2859 359.232 0
      vertex -84.2859 359.232 10
      vertex -84.3172 359.289 10
    endloop
  endfacet
  facet normal -0.960714 -0.27754 0
    outer loop
      vertex -84.1559 358.782 0
      vertex -84.2859 359.232 10
      vertex -84.2859 359.232 0
    endloop
  endfacet
  facet normal -0.960714 -0.27754 0
    outer loop
      vertex -84.1559 358.782 0
      vertex -84.1559 358.782 10
      vertex -84.2859 359.232 10
    endloop
  endfacet
  facet normal -0.998259 -0.058988 0
    outer loop
      vertex -84.152 358.716 0
      vertex -84.1559 358.782 10
      vertex -84.1559 358.782 0
    endloop
  endfacet
  facet normal -0.998259 -0.058988 0
    outer loop
      vertex -84.152 358.716 0
      vertex -84.152 358.716 10
      vertex -84.1559 358.782 10
    endloop
  endfacet
  facet normal -0.986836 0.161722 0
    outer loop
      vertex -84.642 355.726 0
      vertex -84.152 358.716 10
      vertex -84.152 358.716 0
    endloop
  endfacet
  facet normal -0.986836 0.161722 0
    outer loop
      vertex -84.642 355.726 0
      vertex -84.642 355.726 10
      vertex -84.152 358.716 10
    endloop
  endfacet
  facet normal -0.648246 0.761431 0
    outer loop
      vertex -84.79 355.6 0
      vertex -84.642 355.726 10
      vertex -84.642 355.726 0
    endloop
  endfacet
  facet normal -0.648246 0.761431 0
    outer loop
      vertex -84.79 355.6 0
      vertex -84.79 355.6 10
      vertex -84.642 355.726 10
    endloop
  endfacet
  facet normal 0 1 0
    outer loop
      vertex -85.06 355.6 0
      vertex -84.79 355.6 10
      vertex -84.79 355.6 0
    endloop
  endfacet
  facet normal 0 1 0
    outer loop
      vertex -85.06 355.6 0
      vertex -85.06 355.6 10
      vertex -84.79 355.6 10
    endloop
  endfacet
  facet normal 0.544494 0.838765 0
    outer loop
      vertex -85.1971 355.689 0
      vertex -85.06 355.6 10
      vertex -85.06 355.6 0
    endloop
  endfacet
  facet normal 0.544494 0.838765 -0
    outer loop
      vertex -85.1971 355.689 0
      vertex -85.1971 355.689 10
      vertex -85.06 355.6 10
    endloop
  endfacet
  facet normal 0.913719 0.406347 0
    outer loop
      vertex -86.6282 358.907 0
      vertex -85.1971 355.689 10
      vertex -85.1971 355.689 0
    endloop
  endfacet
  facet normal 0.913719 0.406347 -0
    outer loop
      vertex -86.6282 358.907 0
      vertex -86.6282 358.907 10
      vertex -85.1971 355.689 10
    endloop
  endfacet
  facet normal 0.524155 0.851623 0
    outer loop
      vertex -87.4487 359.412 0
      vertex -86.6282 358.907 10
      vertex -86.6282 358.907 0
    endloop
  endfacet
  facet normal 0.524155 0.851623 -0
    outer loop
      vertex -87.4487 359.412 0
      vertex -87.4487 359.412 10
      vertex -86.6282 358.907 10
    endloop
  endfacet
  facet normal 0.691297 0.72257 0
    outer loop
      vertex -87.4926 359.454 0
      vertex -87.4487 359.412 10
      vertex -87.4487 359.412 0
    endloop
  endfacet
  facet normal 0.691297 0.72257 -0
    outer loop
      vertex -87.4926 359.454 0
      vertex -87.4926 359.454 10
      vertex -87.4487 359.412 10
    endloop
  endfacet
  facet normal 0.816976 0.576672 0
    outer loop
      vertex -88.7448 361.228 0
      vertex -87.4926 359.454 10
      vertex -87.4926 359.454 0
    endloop
  endfacet
  facet normal 0.816976 0.576672 -0
    outer loop
      vertex -88.7448 361.228 0
      vertex -88.7448 361.228 10
      vertex -87.4926 359.454 10
    endloop
  endfacet
  facet normal 0.524279 0.851547 0
    outer loop
      vertex -89.6365 361.777 0
      vertex -88.7448 361.228 10
      vertex -88.7448 361.228 0
    endloop
  endfacet
  facet normal 0.524279 0.851547 -0
    outer loop
      vertex -89.6365 361.777 0
      vertex -89.6365 361.777 10
      vertex -88.7448 361.228 10
    endloop
  endfacet
  facet normal -0.827456 0.561531 0
    outer loop
      vertex -90.2873 360.818 0
      vertex -89.6365 361.777 10
      vertex -89.6365 361.777 0
    endloop
  endfacet
  facet normal -0.827456 0.561531 0
    outer loop
      vertex -90.2873 360.818 0
      vertex -90.2873 360.818 10
      vertex -89.6365 361.777 10
    endloop
  endfacet
  facet normal -0.923325 0.384019 0
    outer loop
      vertex -91.6415 357.562 0
      vertex -90.2873 360.818 10
      vertex -90.2873 360.818 0
    endloop
  endfacet
  facet normal -0.923325 0.384019 0
    outer loop
      vertex -91.6415 357.562 0
      vertex -91.6415 357.562 10
      vertex -90.2873 360.818 10
    endloop
  endfacet
  facet normal -0.261334 0.965249 0
    outer loop
      vertex -91.8705 357.5 0
      vertex -91.6415 357.562 10
      vertex -91.6415 357.562 0
    endloop
  endfacet
  facet normal -0.261334 0.965249 0
    outer loop
      vertex -91.8705 357.5 0
      vertex -91.8705 357.5 10
      vertex -91.6415 357.562 10
    endloop
  endfacet
  facet normal 0.603323 0.797497 0
    outer loop
      vertex -93.0205 358.37 0
      vertex -91.8705 357.5 10
      vertex -91.8705 357.5 0
    endloop
  endfacet
  facet normal 0.603323 0.797497 -0
    outer loop
      vertex -93.0205 358.37 0
      vertex -93.0205 358.37 10
      vertex -91.8705 357.5 10
    endloop
  endfacet
  facet normal 0.742393 0.669965 0
    outer loop
      vertex -93.0575 358.411 0
      vertex -93.0205 358.37 10
      vertex -93.0205 358.37 0
    endloop
  endfacet
  facet normal 0.742393 0.669965 -0
    outer loop
      vertex -93.0575 358.411 0
      vertex -93.0575 358.411 10
      vertex -93.0205 358.37 10
    endloop
  endfacet
  facet normal 0.849759 0.527171 0
    outer loop
      vertex -94.0104 359.947 0
      vertex -93.0575 358.411 10
      vertex -93.0575 358.411 0
    endloop
  endfacet
  facet normal 0.849759 0.527171 -0
    outer loop
      vertex -94.0104 359.947 0
      vertex -94.0104 359.947 10
      vertex -93.0575 358.411 10
    endloop
  endfacet
  facet normal 0.348167 0.937433 0
    outer loop
      vertex -95.5505 360.519 0
      vertex -94.0104 359.947 10
      vertex -94.0104 359.947 0
    endloop
  endfacet
  facet normal 0.348167 0.937433 -0
    outer loop
      vertex -95.5505 360.519 0
      vertex -95.5505 360.519 10
      vertex -94.0104 359.947 10
    endloop
  endfacet
  facet normal -0.641883 0.766803 0
    outer loop
      vertex -98.1237 358.365 0
      vertex -95.5505 360.519 10
      vertex -95.5505 360.519 0
    endloop
  endfacet
  facet normal -0.641883 0.766803 0
    outer loop
      vertex -98.1237 358.365 0
      vertex -98.1237 358.365 10
      vertex -95.5505 360.519 10
    endloop
  endfacet
  facet normal -0.48786 0.872922 0
    outer loop
      vertex -98.1738 358.337 0
      vertex -98.1237 358.365 10
      vertex -98.1237 358.365 0
    endloop
  endfacet
  facet normal -0.48786 0.872922 0
    outer loop
      vertex -98.1738 358.337 0
      vertex -98.1738 358.337 10
      vertex -98.1237 358.365 10
    endloop
  endfacet
  facet normal -0.307818 0.951445 0
    outer loop
      vertex -99.1629 358.017 0
      vertex -98.1738 358.337 10
      vertex -98.1738 358.337 0
    endloop
  endfacet
  facet normal -0.307818 0.951445 0
    outer loop
      vertex -99.1629 358.017 0
      vertex -99.1629 358.017 10
      vertex -98.1738 358.337 10
    endloop
  endfacet
  facet normal -0.673825 0.738891 0
    outer loop
      vertex -100.152 357.115 0
      vertex -99.1629 358.017 10
      vertex -99.1629 358.017 0
    endloop
  endfacet
  facet normal -0.673825 0.738891 0
    outer loop
      vertex -100.152 357.115 0
      vertex -100.152 357.115 10
      vertex -99.1629 358.017 10
    endloop
  endfacet
  facet normal -0.865031 0.501718 0
    outer loop
      vertex -100.79 356.015 0
      vertex -100.152 357.115 10
      vertex -100.152 357.115 0
    endloop
  endfacet
  facet normal -0.865031 0.501718 0
    outer loop
      vertex -100.79 356.015 0
      vertex -100.79 356.015 10
      vertex -100.152 357.115 10
    endloop
  endfacet
  facet normal -0.206463 0.978454 0
    outer loop
      vertex -101.008 355.969 0
      vertex -100.79 356.015 10
      vertex -100.79 356.015 0
    endloop
  endfacet
  facet normal -0.206463 0.978454 0
    outer loop
      vertex -101.008 355.969 0
      vertex -101.008 355.969 10
      vertex -100.79 356.015 10
    endloop
  endfacet
  facet normal 0.588036 0.808835 0
    outer loop
      vertex -102.074 356.744 0
      vertex -101.008 355.969 10
      vertex -101.008 355.969 0
    endloop
  endfacet
  facet normal 0.588036 0.808835 -0
    outer loop
      vertex -102.074 356.744 0
      vertex -102.074 356.744 10
      vertex -101.008 355.969 10
    endloop
  endfacet
  facet normal 0.0851998 0.996364 0
    outer loop
      vertex -102.495 356.78 0
      vertex -102.074 356.744 10
      vertex -102.074 356.744 0
    endloop
  endfacet
  facet normal 0.0851998 0.996364 -0
    outer loop
      vertex -102.495 356.78 0
      vertex -102.495 356.78 10
      vertex -102.074 356.744 10
    endloop
  endfacet
  facet normal -0.948683 0.316228 0
    outer loop
      vertex -103.119 354.908 0
      vertex -102.495 356.78 10
      vertex -102.495 356.78 0
    endloop
  endfacet
  facet normal -0.948683 0.316228 0
    outer loop
      vertex -103.119 354.908 0
      vertex -103.119 354.908 10
      vertex -102.495 356.78 10
    endloop
  endfacet
  facet normal -0.913122 -0.407686 0
    outer loop
      vertex -102.435 353.376 0
      vertex -103.119 354.908 10
      vertex -103.119 354.908 0
    endloop
  endfacet
  facet normal -0.913122 -0.407686 0
    outer loop
      vertex -102.435 353.376 0
      vertex -102.435 353.376 10
      vertex -103.119 354.908 10
    endloop
  endfacet
  facet normal 0.0592326 -0.998244 0
    outer loop
      vertex -100.716 353.478 0
      vertex -102.435 353.376 10
      vertex -102.435 353.376 0
    endloop
  endfacet
  facet normal 0.0592326 -0.998244 0
    outer loop
      vertex -100.716 353.478 0
      vertex -100.716 353.478 10
      vertex -102.435 353.376 10
    endloop
  endfacet
  facet normal 0.517974 -0.855397 0
    outer loop
      vertex -100.138 353.828 0
      vertex -100.716 353.478 10
      vertex -100.716 353.478 0
    endloop
  endfacet
  facet normal 0.517974 -0.855397 0
    outer loop
      vertex -100.138 353.828 0
      vertex -100.138 353.828 10
      vertex -100.716 353.478 10
    endloop
  endfacet
  facet normal 0.242536 -0.970143 0
    outer loop
      vertex -100.05 353.85 0
      vertex -100.138 353.828 10
      vertex -100.138 353.828 0
    endloop
  endfacet
  facet normal 0.242536 -0.970143 0
    outer loop
      vertex -100.05 353.85 0
      vertex -100.05 353.85 10
      vertex -100.138 353.828 10
    endloop
  endfacet
  facet normal -0.0676185 -0.997711 0
    outer loop
      vertex -99.4598 353.81 0
      vertex -100.05 353.85 10
      vertex -100.05 353.85 0
    endloop
  endfacet
  facet normal -0.0676185 -0.997711 0
    outer loop
      vertex -99.4598 353.81 0
      vertex -99.4598 353.81 10
      vertex -100.05 353.85 10
    endloop
  endfacet
  facet normal -0.232096 -0.972693 0
    outer loop
      vertex -99.4137 353.799 0
      vertex -99.4598 353.81 10
      vertex -99.4598 353.81 0
    endloop
  endfacet
  facet normal -0.232096 -0.972693 0
    outer loop
      vertex -99.4137 353.799 0
      vertex -99.4137 353.799 10
      vertex -99.4598 353.81 10
    endloop
  endfacet
  facet normal -0.375255 -0.926921 0
    outer loop
      vertex -98.2651 353.334 0
      vertex -99.4137 353.799 10
      vertex -99.4137 353.799 0
    endloop
  endfacet
  facet normal -0.375255 -0.926921 0
    outer loop
      vertex -98.2651 353.334 0
      vertex -98.2651 353.334 10
      vertex -99.4137 353.799 10
    endloop
  endfacet
  facet normal -0.217868 -0.975978 0
    outer loop
      vertex -92.0473 351.946 0
      vertex -98.2651 353.334 10
      vertex -98.2651 353.334 0
    endloop
  endfacet
  facet normal -0.217868 -0.975978 0
    outer loop
      vertex -92.0473 351.946 0
      vertex -92.0473 351.946 10
      vertex -98.2651 353.334 10
    endloop
  endfacet
  facet normal -0.683067 -0.730356 0
    outer loop
      vertex -91.9361 351.842 0
      vertex -92.0473 351.946 10
      vertex -92.0473 351.946 0
    endloop
  endfacet
  facet normal -0.683067 -0.730356 0
    outer loop
      vertex -91.9361 351.842 0
      vertex -91.9361 351.842 10
      vertex -92.0473 351.946 10
    endloop
  endfacet
  facet normal -0.959366 -0.282166 0
    outer loop
      vertex -91.7861 351.332 0
      vertex -91.9361 351.842 10
      vertex -91.9361 351.842 0
    endloop
  endfacet
  facet normal -0.959366 -0.282166 0
    outer loop
      vertex -91.7861 351.332 0
      vertex -91.7861 351.332 10
      vertex -91.9361 351.842 10
    endloop
  endfacet
  facet normal -0.987359 -0.158497 0
    outer loop
      vertex -91.78 351.294 0
      vertex -91.7861 351.332 10
      vertex -91.7861 351.332 0
    endloop
  endfacet
  facet normal -0.987359 -0.158497 0
    outer loop
      vertex -91.78 351.294 0
      vertex -91.78 351.294 10
      vertex -91.7861 351.332 10
    endloop
  endfacet
  facet normal -0.99968 -0.0253083 0
    outer loop
      vertex -91.76 350.504 0
      vertex -91.78 351.294 10
      vertex -91.78 351.294 0
    endloop
  endfacet
  facet normal -0.99968 -0.0253083 0
    outer loop
      vertex -91.76 350.504 0
      vertex -91.76 350.504 10
      vertex -91.78 351.294 10
    endloop
  endfacet
  facet normal -0.829843 0.557998 0
    outer loop
      vertex -91.8575 350.359 0
      vertex -91.76 350.504 10
      vertex -91.76 350.504 0
    endloop
  endfacet
  facet normal -0.829843 0.557998 0
    outer loop
      vertex -91.8575 350.359 0
      vertex -91.8575 350.359 10
      vertex -91.76 350.504 10
    endloop
  endfacet
  facet normal -0.349516 0.93693 0
    outer loop
      vertex -93.0075 349.93 0
      vertex -91.8575 350.359 10
      vertex -91.8575 350.359 0
    endloop
  endfacet
  facet normal -0.349516 0.93693 0
    outer loop
      vertex -93.0075 349.93 0
      vertex -93.0075 349.93 10
      vertex -91.8575 350.359 10
    endloop
  endfacet
  facet normal 0.209613 0.977784 0
    outer loop
      vertex -93.1661 349.964 0
      vertex -93.0075 349.93 10
      vertex -93.0075 349.93 0
    endloop
  endfacet
  facet normal 0.209613 0.977784 -0
    outer loop
      vertex -93.1661 349.964 0
      vertex -93.1661 349.964 10
      vertex -93.0075 349.93 10
    endloop
  endfacet
  facet normal 0.706968 0.707246 0
    outer loop
      vertex -93.9294 350.727 0
      vertex -93.1661 349.964 10
      vertex -93.1661 349.964 0
    endloop
  endfacet
  facet normal 0.706968 0.707246 -0
    outer loop
      vertex -93.9294 350.727 0
      vertex -93.9294 350.727 10
      vertex -93.1661 349.964 10
    endloop
  endfacet
  facet normal 0.288442 0.957497 0
    outer loop
      vertex -94.8124 350.993 0
      vertex -93.9294 350.727 10
      vertex -93.9294 350.727 0
    endloop
  endfacet
  facet normal 0.288442 0.957497 -0
    outer loop
      vertex -94.8124 350.993 0
      vertex -94.8124 350.993 10
      vertex -93.9294 350.727 10
    endloop
  endfacet
  facet normal 0.14198 0.989869 0
    outer loop
      vertex -100.118 351.754 0
      vertex -94.8124 350.993 10
      vertex -94.8124 350.993 0
    endloop
  endfacet
  facet normal 0.14198 0.989869 -0
    outer loop
      vertex -100.118 351.754 0
      vertex -100.118 351.754 10
      vertex -94.8124 350.993 10
    endloop
  endfacet
  facet normal -0.524146 0.851628 0
    outer loop
      vertex -101.088 351.157 0
      vertex -100.118 351.754 10
      vertex -100.118 351.754 0
    endloop
  endfacet
  facet normal -0.524146 0.851628 0
    outer loop
      vertex -101.088 351.157 0
      vertex -101.088 351.157 10
      vertex -100.118 351.754 10
    endloop
  endfacet
  facet normal -0.999605 -0.0281013 0
    outer loop
      vertex -101.081 350.908 0
      vertex -101.088 351.157 10
      vertex -101.088 351.157 0
    endloop
  endfacet
  facet normal -0.999605 -0.0281013 0
    outer loop
      vertex -101.081 350.908 0
      vertex -101.081 350.908 10
      vertex -101.088 351.157 10
    endloop
  endfacet
  facet normal -0.825164 -0.564894 0
    outer loop
      vertex -98.9362 347.775 0
      vertex -101.081 350.908 10
      vertex -101.081 350.908 0
    endloop
  endfacet
  facet normal -0.825164 -0.564894 0
    outer loop
      vertex -98.9362 347.775 0
      vertex -98.9362 347.775 10
      vertex -101.081 350.908 10
    endloop
  endfacet
  facet normal -0.872844 -0.487999 0
    outer loop
      vertex -98.9239 347.753 0
      vertex -98.9362 347.775 10
      vertex -98.9362 347.775 0
    endloop
  endfacet
  facet normal -0.872844 -0.487999 0
    outer loop
      vertex -98.9239 347.753 0
      vertex -98.9239 347.753 10
      vertex -98.9362 347.775 10
    endloop
  endfacet
  facet normal -0.90752 -0.420009 0
    outer loop
      vertex -98.3639 346.543 0
      vertex -98.9239 347.753 10
      vertex -98.9239 347.753 0
    endloop
  endfacet
  facet normal -0.90752 -0.420009 0
    outer loop
      vertex -98.3639 346.543 0
      vertex -98.3639 346.543 10
      vertex -98.9239 347.753 10
    endloop
  endfacet
  facet normal -0.963811 -0.266586 0
    outer loop
      vertex -98.3509 346.496 0
      vertex -98.3639 346.543 10
      vertex -98.3639 346.543 0
    endloop
  endfacet
  facet normal -0.963811 -0.266586 0
    outer loop
      vertex -98.3509 346.496 0
      vertex -98.3509 346.496 10
      vertex -98.3639 346.543 10
    endloop
  endfacet
  facet normal -0.994091 -0.10855 0
    outer loop
      vertex -98.1609 344.756 0
      vertex -98.3509 346.496 10
      vertex -98.3509 346.496 0
    endloop
  endfacet
  facet normal -0.994091 -0.10855 0
    outer loop
      vertex -98.1609 344.756 0
      vertex -98.1609 344.756 10
      vertex -98.3509 346.496 10
    endloop
  endfacet
  facet normal -0.991965 0.126511 0
    outer loop
      vertex -98.1697 344.687 0
      vertex -98.1609 344.756 10
      vertex -98.1609 344.756 0
    endloop
  endfacet
  facet normal -0.991965 0.126511 0
    outer loop
      vertex -98.1697 344.687 0
      vertex -98.1697 344.687 10
      vertex -98.1609 344.756 10
    endloop
  endfacet
  facet normal -0.93548 0.35338 0
    outer loop
      vertex -98.8421 342.907 0
      vertex -98.1697 344.687 10
      vertex -98.1697 344.687 0
    endloop
  endfacet
  facet normal -0.93548 0.35338 0
    outer loop
      vertex -98.8421 342.907 0
      vertex -98.8421 342.907 10
      vertex -98.1697 344.687 10
    endloop
  endfacet
  facet normal -0.996913 0.0785134 0
    outer loop
      vertex -99.0397 340.398 0
      vertex -98.8421 342.907 10
      vertex -98.8421 342.907 0
    endloop
  endfacet
  facet normal -0.996913 0.0785134 0
    outer loop
      vertex -99.0397 340.398 0
      vertex -99.0397 340.398 10
      vertex -98.8421 342.907 10
    endloop
  endfacet
  facet normal -0.998406 -0.056437 0
    outer loop
      vertex -98.8102 336.338 0
      vertex -99.0397 340.398 10
      vertex -99.0397 340.398 0
    endloop
  endfacet
  facet normal -0.998406 -0.056437 0
    outer loop
      vertex -98.8102 336.338 0
      vertex -98.8102 336.338 10
      vertex -99.0397 340.398 10
    endloop
  endfacet
  facet normal -0.986229 0.165383 0
    outer loop
      vertex -98.8211 336.273 0
      vertex -98.8102 336.338 10
      vertex -98.8102 336.338 0
    endloop
  endfacet
  facet normal -0.986229 0.165383 0
    outer loop
      vertex -98.8211 336.273 0
      vertex -98.8211 336.273 10
      vertex -98.8102 336.338 10
    endloop
  endfacet
  facet normal -0.926092 0.377297 0
    outer loop
      vertex -99.2611 335.193 0
      vertex -98.8211 336.273 10
      vertex -98.8211 336.273 0
    endloop
  endfacet
  facet normal -0.926092 0.377297 0
    outer loop
      vertex -99.2611 335.193 0
      vertex -99.2611 335.193 10
      vertex -98.8211 336.273 10
    endloop
  endfacet
  facet normal -0.310192 0.950674 0
    outer loop
      vertex -99.4787 335.122 0
      vertex -99.2611 335.193 10
      vertex -99.2611 335.193 0
    endloop
  endfacet
  facet normal -0.310192 0.950674 0
    outer loop
      vertex -99.4787 335.122 0
      vertex -99.4787 335.122 10
      vertex -99.2611 335.193 10
    endloop
  endfacet
  facet normal 0.524386 0.851481 0
    outer loop
      vertex -100.729 335.892 0
      vertex -99.4787 335.122 10
      vertex -99.4787 335.122 0
    endloop
  endfacet
  facet normal 0.524386 0.851481 -0
    outer loop
      vertex -100.729 335.892 0
      vertex -100.729 335.892 10
      vertex -99.4787 335.122 10
    endloop
  endfacet
  facet normal 0.698933 0.715187 0
    outer loop
      vertex -100.773 335.935 0
      vertex -100.729 335.892 10
      vertex -100.729 335.892 0
    endloop
  endfacet
  facet normal 0.698933 0.715187 -0
    outer loop
      vertex -100.773 335.935 0
      vertex -100.773 335.935 10
      vertex -100.729 335.892 10
    endloop
  endfacet
  facet normal 0.822953 0.568109 0
    outer loop
      vertex -103.7 340.175 0
      vertex -100.773 335.935 10
      vertex -100.773 335.935 0
    endloop
  endfacet
  facet normal 0.822953 0.568109 -0
    outer loop
      vertex -103.7 340.175 0
      vertex -103.7 340.175 10
      vertex -100.773 335.935 10
    endloop
  endfacet
  facet normal 0.600784 0.799411 0
    outer loop
      vertex -105.33 341.4 0
      vertex -103.7 340.175 10
      vertex -103.7 340.175 0
    endloop
  endfacet
  facet normal 0.600784 0.799411 -0
    outer loop
      vertex -105.33 341.4 0
      vertex -105.33 341.4 10
      vertex -103.7 340.175 10
    endloop
  endfacet
  facet normal 0.691223 0.722642 0
    outer loop
      vertex -105.353 341.422 0
      vertex -105.33 341.4 10
      vertex -105.33 341.4 0
    endloop
  endfacet
  facet normal 0.691223 0.722642 -0
    outer loop
      vertex -105.353 341.422 0
      vertex -105.353 341.422 10
      vertex -105.33 341.4 10
    endloop
  endfacet
  facet normal 0.754461 0.656345 0
    outer loop
      vertex -108.671 345.236 0
      vertex -105.353 341.422 10
      vertex -105.353 341.422 0
    endloop
  endfacet
  facet normal 0.754461 0.656345 -0
    outer loop
      vertex -108.671 345.236 0
      vertex -108.671 345.236 10
      vertex -105.353 341.422 10
    endloop
  endfacet
  facet normal 0.397476 0.917612 0
    outer loop
      vertex -111.222 346.341 0
      vertex -108.671 345.236 10
      vertex -108.671 345.236 0
    endloop
  endfacet
  facet normal 0.397476 0.917612 -0
    outer loop
      vertex -111.222 346.341 0
      vertex -111.222 346.341 10
      vertex -108.671 345.236 10
    endloop
  endfacet
  facet normal 0.0167943 0.999859 0
    outer loop
      vertex -112.889 346.369 0
      vertex -111.222 346.341 10
      vertex -111.222 346.341 0
    endloop
  endfacet
  facet normal 0.0167943 0.999859 -0
    outer loop
      vertex -112.889 346.369 0
      vertex -112.889 346.369 10
      vertex -111.222 346.341 10
    endloop
  endfacet
  facet normal -0.517364 0.855765 0
    outer loop
      vertex -113.152 346.21 0
      vertex -112.889 346.369 10
      vertex -112.889 346.369 0
    endloop
  endfacet
  facet normal -0.517364 0.855765 0
    outer loop
      vertex -113.152 346.21 0
      vertex -113.152 346.21 10
      vertex -112.889 346.369 10
    endloop
  endfacet
  facet normal -0.995805 -0.0915019 0
    outer loop
      vertex -113.041 345.002 0
      vertex -113.152 346.21 10
      vertex -113.152 346.21 0
    endloop
  endfacet
  facet normal -0.995805 -0.0915019 0
    outer loop
      vertex -113.041 345.002 0
      vertex -113.041 345.002 10
      vertex -113.152 346.21 10
    endloop
  endfacet
  facet normal -0.979961 -0.199189 0
    outer loop
      vertex -112.555 342.611 0
      vertex -113.041 345.002 10
      vertex -113.041 345.002 0
    endloop
  endfacet
  facet normal -0.979961 -0.199189 0
    outer loop
      vertex -112.555 342.611 0
      vertex -112.555 342.611 10
      vertex -113.041 345.002 10
    endloop
  endfacet
  facet normal -0.937346 -0.348399 0
    outer loop
      vertex -111.854 340.725 0
      vertex -112.555 342.611 10
      vertex -112.555 342.611 0
    endloop
  endfacet
  facet normal -0.937346 -0.348399 0
    outer loop
      vertex -111.854 340.725 0
      vertex -111.854 340.725 10
      vertex -112.555 342.611 10
    endloop
  endfacet
  facet normal -0.862682 -0.505747 0
    outer loop
      vertex -109.961 337.496 0
      vertex -111.854 340.725 10
      vertex -111.854 340.725 0
    endloop
  endfacet
  facet normal -0.862682 -0.505747 0
    outer loop
      vertex -109.961 337.496 0
      vertex -109.961 337.496 10
      vertex -111.854 340.725 10
    endloop
  endfacet
  facet normal -0.998533 0.0541374 0
    outer loop
      vertex -109.97 337.33 0
      vertex -109.961 337.496 10
      vertex -109.961 337.496 0
    endloop
  endfacet
  facet normal -0.998533 0.0541374 0
    outer loop
      vertex -109.97 337.33 0
      vertex -109.97 337.33 10
      vertex -109.961 337.496 10
    endloop
  endfacet
  facet normal -0.8 0.6 0
    outer loop
      vertex -110.21 337.01 0
      vertex -109.97 337.33 10
      vertex -109.97 337.33 0
    endloop
  endfacet
  facet normal -0.8 0.6 0
    outer loop
      vertex -110.21 337.01 0
      vertex -110.21 337.01 10
      vertex -109.97 337.33 10
    endloop
  endfacet
  facet normal -0.517116 0.855916 0
    outer loop
      vertex -110.306 336.952 0
      vertex -110.21 337.01 10
      vertex -110.21 337.01 0
    endloop
  endfacet
  facet normal -0.517116 0.855916 0
    outer loop
      vertex -110.306 336.952 0
      vertex -110.306 336.952 10
      vertex -110.21 337.01 10
    endloop
  endfacet
  facet normal -0.161132 0.986933 0
    outer loop
      vertex -110.796 336.872 0
      vertex -110.306 336.952 10
      vertex -110.306 336.952 0
    endloop
  endfacet
  facet normal -0.161132 0.986933 0
    outer loop
      vertex -110.796 336.872 0
      vertex -110.796 336.872 10
      vertex -110.306 336.952 10
    endloop
  endfacet
  facet normal 0.0338788 0.999426 0
    outer loop
      vertex -110.855 336.874 0
      vertex -110.796 336.872 10
      vertex -110.796 336.872 0
    endloop
  endfacet
  facet normal 0.0338788 0.999426 -0
    outer loop
      vertex -110.855 336.874 0
      vertex -110.855 336.874 10
      vertex -110.796 336.872 10
    endloop
  endfacet
  facet normal 0.232365 0.972629 0
    outer loop
      vertex -111.914 337.127 0
      vertex -110.855 336.874 10
      vertex -110.855 336.874 0
    endloop
  endfacet
  facet normal 0.232365 0.972629 -0
    outer loop
      vertex -111.914 337.127 0
      vertex -111.914 337.127 10
      vertex -110.855 336.874 10
    endloop
  endfacet
  facet normal -0.182393 0.983226 0
    outer loop
      vertex -113.073 336.912 0
      vertex -111.914 337.127 10
      vertex -111.914 337.127 0
    endloop
  endfacet
  facet normal -0.182393 0.983226 0
    outer loop
      vertex -113.073 336.912 0
      vertex -113.073 336.912 10
      vertex -111.914 337.127 10
    endloop
  endfacet
  facet normal 0.451614 0.892213 0
    outer loop
      vertex -113.235 336.994 0
      vertex -113.073 336.912 10
      vertex -113.073 336.912 0
    endloop
  endfacet
  facet normal 0.451614 0.892213 -0
    outer loop
      vertex -113.235 336.994 0
      vertex -113.235 336.994 10
      vertex -113.073 336.912 10
    endloop
  endfacet
  facet normal 0.897042 0.441945 0
    outer loop
      vertex -114.243 339.04 0
      vertex -113.235 336.994 10
      vertex -113.235 336.994 0
    endloop
  endfacet
  facet normal 0.897042 0.441945 -0
    outer loop
      vertex -114.243 339.04 0
      vertex -114.243 339.04 10
      vertex -113.235 336.994 10
    endloop
  endfacet
  facet normal 0.690732 0.72311 0
    outer loop
      vertex -115.114 339.872 0
      vertex -114.243 339.04 10
      vertex -114.243 339.04 0
    endloop
  endfacet
  facet normal 0.690732 0.72311 -0
    outer loop
      vertex -115.114 339.872 0
      vertex -115.114 339.872 10
      vertex -114.243 339.04 10
    endloop
  endfacet
  facet normal 0.794358 0.60745 0
    outer loop
      vertex -115.14 339.906 0
      vertex -115.114 339.872 10
      vertex -115.114 339.872 0
    endloop
  endfacet
  facet normal 0.794358 0.60745 -0
    outer loop
      vertex -115.14 339.906 0
      vertex -115.14 339.906 10
      vertex -115.114 339.872 10
    endloop
  endfacet
  facet normal 0.868613 0.495492 0
    outer loop
      vertex -117.367 343.81 0
      vertex -115.14 339.906 10
      vertex -115.14 339.906 0
    endloop
  endfacet
  facet normal 0.868613 0.495492 -0
    outer loop
      vertex -117.367 343.81 0
      vertex -117.367 343.81 10
      vertex -115.14 339.906 10
    endloop
  endfacet
  facet normal 0 1 0
    outer loop
      vertex -117.687 343.81 0
      vertex -117.367 343.81 10
      vertex -117.367 343.81 0
    endloop
  endfacet
  facet normal 0 1 0
    outer loop
      vertex -117.687 343.81 0
      vertex -117.687 343.81 10
      vertex -117.367 343.81 10
    endloop
  endfacet
  facet normal -0.99869 0.0511663 0
    outer loop
      vertex -117.849 340.648 0
      vertex -117.687 343.81 10
      vertex -117.687 343.81 0
    endloop
  endfacet
  facet normal -0.99869 0.0511663 0
    outer loop
      vertex -117.849 340.648 0
      vertex -117.849 340.648 10
      vertex -117.687 343.81 10
    endloop
  endfacet
  facet normal -0.957723 -0.287692 0
    outer loop
      vertex -117.466 339.373 0
      vertex -117.849 340.648 10
      vertex -117.849 340.648 0
    endloop
  endfacet
  facet normal -0.957723 -0.287692 0
    outer loop
      vertex -117.466 339.373 0
      vertex -117.466 339.373 10
      vertex -117.849 340.648 10
    endloop
  endfacet
  facet normal -0.996305 -0.0858883 0
    outer loop
      vertex -117.461 339.315 0
      vertex -117.466 339.373 10
      vertex -117.466 339.373 0
    endloop
  endfacet
  facet normal -0.996305 -0.0858883 0
    outer loop
      vertex -117.461 339.315 0
      vertex -117.461 339.315 10
      vertex -117.466 339.373 10
    endloop
  endfacet
  facet normal -0.995221 0.0976444 0
    outer loop
      vertex -117.721 336.665 0
      vertex -117.461 339.315 10
      vertex -117.461 339.315 0
    endloop
  endfacet
  facet normal -0.995221 0.0976444 0
    outer loop
      vertex -117.721 336.665 0
      vertex -117.721 336.665 10
      vertex -117.461 339.315 10
    endloop
  endfacet
  facet normal -0.978234 0.207504 0
    outer loop
      vertex -117.728 336.632 0
      vertex -117.721 336.665 10
      vertex -117.721 336.665 0
    endloop
  endfacet
  facet normal -0.978234 0.207504 0
    outer loop
      vertex -117.728 336.632 0
      vertex -117.728 336.632 10
      vertex -117.721 336.665 10
    endloop
  endfacet
  facet normal -0.947556 0.31959 0
    outer loop
      vertex -118.868 333.252 0
      vertex -117.728 336.632 10
      vertex -117.728 336.632 0
    endloop
  endfacet
  facet normal -0.947556 0.31959 0
    outer loop
      vertex -118.868 333.252 0
      vertex -118.868 333.252 10
      vertex -117.728 336.632 10
    endloop
  endfacet
  facet normal -0.578017 0.816024 0
    outer loop
      vertex -119.012 333.15 0
      vertex -118.868 333.252 10
      vertex -118.868 333.252 0
    endloop
  endfacet
  facet normal -0.578017 0.816024 0
    outer loop
      vertex -119.012 333.15 0
      vertex -119.012 333.15 10
      vertex -118.868 333.252 10
    endloop
  endfacet
  facet normal 0.69983 0.714309 0
    outer loop
      vertex -119.16 333.295 0
      vertex -119.012 333.15 10
      vertex -119.012 333.15 0
    endloop
  endfacet
  facet normal 0.69983 0.714309 -0
    outer loop
      vertex -119.16 333.295 0
      vertex -119.16 333.295 10
      vertex -119.012 333.15 10
    endloop
  endfacet
  facet normal 0.999482 0.0321732 0
    outer loop
      vertex -119.419 341.341 0
      vertex -119.16 333.295 10
      vertex -119.16 333.295 0
    endloop
  endfacet
  facet normal 0.999482 0.0321732 -0
    outer loop
      vertex -119.419 341.341 0
      vertex -119.419 341.341 10
      vertex -119.16 333.295 10
    endloop
  endfacet
  facet normal 0.937792 0.347198 0
    outer loop
      vertex -120.098 343.175 0
      vertex -119.419 341.341 10
      vertex -119.419 341.341 0
    endloop
  endfacet
  facet normal 0.937792 0.347198 -0
    outer loop
      vertex -120.098 343.175 0
      vertex -120.098 343.175 10
      vertex -119.419 341.341 10
    endloop
  endfacet
  facet normal 0.686245 0.727371 0
    outer loop
      vertex -121.283 344.293 0
      vertex -120.098 343.175 10
      vertex -120.098 343.175 0
    endloop
  endfacet
  facet normal 0.686245 0.727371 -0
    outer loop
      vertex -121.283 344.293 0
      vertex -121.283 344.293 10
      vertex -120.098 343.175 10
    endloop
  endfacet
  facet normal 0.0520128 0.998646 0
    outer loop
      vertex -121.571 344.308 0
      vertex -121.283 344.293 10
      vertex -121.283 344.293 0
    endloop
  endfacet
  facet normal 0.0520128 0.998646 -0
    outer loop
      vertex -121.571 344.308 0
      vertex -121.571 344.308 10
      vertex -121.283 344.293 10
    endloop
  endfacet
  facet normal -0.52908 0.848572 0
    outer loop
      vertex -122.899 343.48 0
      vertex -121.571 344.308 10
      vertex -121.571 344.308 0
    endloop
  endfacet
  facet normal -0.52908 0.848572 0
    outer loop
      vertex -122.899 343.48 0
      vertex -122.899 343.48 10
      vertex -121.571 344.308 10
    endloop
  endfacet
  facet normal -0.671279 0.741204 0
    outer loop
      vertex -123.164 343.24 0
      vertex -122.899 343.48 10
      vertex -122.899 343.48 0
    endloop
  endfacet
  facet normal -0.671279 0.741204 0
    outer loop
      vertex -123.164 343.24 0
      vertex -123.164 343.24 10
      vertex -122.899 343.48 10
    endloop
  endfacet
  facet normal -0.974449 0.224607 0
    outer loop
      vertex -123.294 342.676 0
      vertex -123.164 343.24 10
      vertex -123.164 343.24 0
    endloop
  endfacet
  facet normal -0.974449 0.224607 0
    outer loop
      vertex -123.294 342.676 0
      vertex -123.294 342.676 10
      vertex -123.164 343.24 10
    endloop
  endfacet
  facet normal -0.723208 0.690631 0
    outer loop
      vertex -123.4 342.565 0
      vertex -123.294 342.676 10
      vertex -123.294 342.676 0
    endloop
  endfacet
  facet normal -0.723208 0.690631 0
    outer loop
      vertex -123.4 342.565 0
      vertex -123.4 342.565 10
      vertex -123.294 342.676 10
    endloop
  endfacet
  facet normal -0.266972 0.963704 0
    outer loop
      vertex -124.88 342.155 0
      vertex -123.4 342.565 10
      vertex -123.4 342.565 0
    endloop
  endfacet
  facet normal -0.266972 0.963704 0
    outer loop
      vertex -124.88 342.155 0
      vertex -124.88 342.155 10
      vertex -123.4 342.565 10
    endloop
  endfacet
  facet normal -0.0688021 0.99763 0
    outer loop
      vertex -124.938 342.151 0
      vertex -124.88 342.155 10
      vertex -124.88 342.155 0
    endloop
  endfacet
  facet normal -0.0688021 0.99763 0
    outer loop
      vertex -124.938 342.151 0
      vertex -124.938 342.151 10
      vertex -124.88 342.155 10
    endloop
  endfacet
  facet normal 0.120182 0.992752 0
    outer loop
      vertex -125.731 342.247 0
      vertex -124.938 342.151 10
      vertex -124.938 342.151 0
    endloop
  endfacet
  facet normal 0.120182 0.992752 -0
    outer loop
      vertex -125.731 342.247 0
      vertex -125.731 342.247 10
      vertex -124.938 342.151 10
    endloop
  endfacet
  facet normal -0.357176 0.934037 0
    outer loop
      vertex -128.197 341.304 0
      vertex -125.731 342.247 10
      vertex -125.731 342.247 0
    endloop
  endfacet
  facet normal -0.357176 0.934037 0
    outer loop
      vertex -128.197 341.304 0
      vertex -128.197 341.304 10
      vertex -125.731 342.247 10
    endloop
  endfacet
  facet normal -0.481965 0.876191 0
    outer loop
      vertex -130.384 340.101 0
      vertex -128.197 341.304 10
      vertex -128.197 341.304 0
    endloop
  endfacet
  facet normal -0.481965 0.876191 0
    outer loop
      vertex -130.384 340.101 0
      vertex -130.384 340.101 10
      vertex -128.197 341.304 10
    endloop
  endfacet
  facet normal -0.75391 0.656978 0
    outer loop
      vertex -131.543 338.771 0
      vertex -130.384 340.101 10
      vertex -130.384 340.101 0
    endloop
  endfacet
  facet normal -0.75391 0.656978 0
    outer loop
      vertex -131.543 338.771 0
      vertex -131.543 338.771 10
      vertex -130.384 340.101 10
    endloop
  endfacet
  facet normal -0.998752 0.0499376 0
    outer loop
      vertex -131.557 338.491 0
      vertex -131.543 338.771 10
      vertex -131.543 338.771 0
    endloop
  endfacet
  facet normal -0.998752 0.0499376 0
    outer loop
      vertex -131.557 338.491 0
      vertex -131.557 338.491 10
      vertex -131.543 338.771 10
    endloop
  endfacet
  facet normal -0.692704 -0.721222 0
    outer loop
      vertex -130.596 337.568 0
      vertex -131.557 338.491 10
      vertex -131.557 338.491 0
    endloop
  endfacet
  facet normal -0.692704 -0.721222 0
    outer loop
      vertex -130.596 337.568 0
      vertex -130.596 337.568 10
      vertex -131.557 338.491 10
    endloop
  endfacet
  facet normal -0.805056 -0.593199 0
    outer loop
      vertex -130.568 337.53 0
      vertex -130.596 337.568 10
      vertex -130.596 337.568 0
    endloop
  endfacet
  facet normal -0.805056 -0.593199 0
    outer loop
      vertex -130.568 337.53 0
      vertex -130.568 337.53 10
      vertex -130.596 337.568 10
    endloop
  endfacet
  facet normal -0.88313 -0.469128 0
    outer loop
      vertex -128.432 333.509 0
      vertex -130.568 337.53 10
      vertex -130.568 337.53 0
    endloop
  endfacet
  facet normal -0.88313 -0.469128 0
    outer loop
      vertex -128.432 333.509 0
      vertex -128.432 333.509 10
      vertex -130.568 337.53 10
    endloop
  endfacet
  facet normal -0.810616 -0.585578 0
    outer loop
      vertex -126.228 330.458 0
      vertex -128.432 333.509 10
      vertex -128.432 333.509 0
    endloop
  endfacet
  facet normal -0.810616 -0.585578 0
    outer loop
      vertex -126.228 330.458 0
      vertex -126.228 330.458 10
      vertex -128.432 333.509 10
    endloop
  endfacet
  facet normal -0.889288 -0.457348 0
    outer loop
      vertex -126.21 330.423 0
      vertex -126.228 330.458 10
      vertex -126.228 330.458 0
    endloop
  endfacet
  facet normal -0.889288 -0.457348 0
    outer loop
      vertex -126.21 330.423 0
      vertex -126.21 330.423 10
      vertex -126.228 330.458 10
    endloop
  endfacet
  facet normal -0.936329 -0.351123 0
    outer loop
      vertex -125.67 328.983 0
      vertex -126.21 330.423 10
      vertex -126.21 330.423 0
    endloop
  endfacet
  facet normal -0.936329 -0.351123 0
    outer loop
      vertex -125.67 328.983 0
      vertex -125.67 328.983 10
      vertex -126.21 330.423 10
    endloop
  endfacet
  facet normal -0.963842 0.266474 0
    outer loop
      vertex -125.717 328.813 0
      vertex -125.67 328.983 10
      vertex -125.67 328.983 0
    endloop
  endfacet
  facet normal -0.963842 0.266474 0
    outer loop
      vertex -125.717 328.813 0
      vertex -125.717 328.813 10
      vertex -125.67 328.983 10
    endloop
  endfacet
  facet normal -0.09769 0.995217 0
    outer loop
      vertex -125.88 328.797 0
      vertex -125.717 328.813 10
      vertex -125.717 328.813 0
    endloop
  endfacet
  facet normal -0.09769 0.995217 0
    outer loop
      vertex -125.88 328.797 0
      vertex -125.88 328.797 10
      vertex -125.717 328.813 10
    endloop
  endfacet
  facet normal 0.466409 0.884569 0
    outer loop
      vertex -126.43 329.087 0
      vertex -125.88 328.797 10
      vertex -125.88 328.797 0
    endloop
  endfacet
  facet normal 0.466409 0.884569 -0
    outer loop
      vertex -126.43 329.087 0
      vertex -126.43 329.087 10
      vertex -125.88 328.797 10
    endloop
  endfacet
  facet normal 0.688092 0.725624 0
    outer loop
      vertex -126.488 329.142 0
      vertex -126.43 329.087 10
      vertex -126.43 329.087 0
    endloop
  endfacet
  facet normal 0.688092 0.725624 -0
    outer loop
      vertex -126.488 329.142 0
      vertex -126.488 329.142 10
      vertex -126.43 329.087 10
    endloop
  endfacet
  facet normal 0.855203 0.518294 0
    outer loop
      vertex -127.911 331.49 0
      vertex -126.488 329.142 10
      vertex -126.488 329.142 0
    endloop
  endfacet
  facet normal 0.855203 0.518294 -0
    outer loop
      vertex -127.911 331.49 0
      vertex -127.911 331.49 10
      vertex -126.488 329.142 10
    endloop
  endfacet
  facet normal 0.74362 0.668603 0
    outer loop
      vertex -129.952 333.76 0
      vertex -127.911 331.49 10
      vertex -127.911 331.49 0
    endloop
  endfacet
  facet normal 0.74362 0.668603 -0
    outer loop
      vertex -129.952 333.76 0
      vertex -129.952 333.76 10
      vertex -127.911 331.49 10
    endloop
  endfacet
  facet normal 0.8 0.6 0
    outer loop
      vertex -129.967 333.78 0
      vertex -129.952 333.76 10
      vertex -129.952 333.76 0
    endloop
  endfacet
  facet normal 0.8 0.6 -0
    outer loop
      vertex -129.967 333.78 0
      vertex -129.967 333.78 10
      vertex -129.952 333.76 10
    endloop
  endfacet
  facet normal 0.846403 0.532543 0
    outer loop
      vertex -131.847 336.768 0
      vertex -129.967 333.78 10
      vertex -129.967 333.78 0
    endloop
  endfacet
  facet normal 0.846403 0.532543 -0
    outer loop
      vertex -131.847 336.768 0
      vertex -131.847 336.768 10
      vertex -129.967 333.78 10
    endloop
  endfacet
  facet normal 0.492168 0.8705 0
    outer loop
      vertex -133.147 337.503 0
      vertex -131.847 336.768 10
      vertex -131.847 336.768 0
    endloop
  endfacet
  facet normal 0.492168 0.8705 -0
    outer loop
      vertex -133.147 337.503 0
      vertex -133.147 337.503 10
      vertex -131.847 336.768 10
    endloop
  endfacet
  facet normal -0.17726 0.984164 0
    outer loop
      vertex -134.213 337.311 0
      vertex -133.147 337.503 10
      vertex -133.147 337.503 0
    endloop
  endfacet
  facet normal -0.17726 0.984164 0
    outer loop
      vertex -134.213 337.311 0
      vertex -134.213 337.311 10
      vertex -133.147 337.503 10
    endloop
  endfacet
  facet normal -0.742337 0.670027 0
    outer loop
      vertex -135.084 336.346 0
      vertex -134.213 337.311 10
      vertex -134.213 337.311 0
    endloop
  endfacet
  facet normal -0.742337 0.670027 0
    outer loop
      vertex -135.084 336.346 0
      vertex -135.084 336.346 10
      vertex -134.213 337.311 10
    endloop
  endfacet
  facet normal -0.903828 0.427896 0
    outer loop
      vertex -135.859 334.709 0
      vertex -135.084 336.346 10
      vertex -135.084 336.346 0
    endloop
  endfacet
  facet normal -0.903828 0.427896 0
    outer loop
      vertex -135.859 334.709 0
      vertex -135.859 334.709 10
      vertex -135.084 336.346 10
    endloop
  endfacet
  facet normal -0.999062 -0.0433059 0
    outer loop
      vertex -135.63 329.426 0
      vertex -135.859 334.709 10
      vertex -135.859 334.709 0
    endloop
  endfacet
  facet normal -0.999062 -0.0433059 0
    outer loop
      vertex -135.63 329.426 0
      vertex -135.63 329.426 10
      vertex -135.859 334.709 10
    endloop
  endfacet
  facet normal -0.99846 0.05547 0
    outer loop
      vertex -135.631 329.408 0
      vertex -135.63 329.426 10
      vertex -135.63 329.426 0
    endloop
  endfacet
  facet normal -0.99846 0.05547 0
    outer loop
      vertex -135.631 329.408 0
      vertex -135.631 329.408 10
      vertex -135.63 329.426 10
    endloop
  endfacet
  facet normal -0.996586 0.0825574 0
    outer loop
      vertex -135.771 327.718 0
      vertex -135.631 329.408 10
      vertex -135.631 329.408 0
    endloop
  endfacet
  facet normal -0.996586 0.0825574 0
    outer loop
      vertex -135.771 327.718 0
      vertex -135.771 327.718 10
      vertex -135.631 329.408 10
    endloop
  endfacet
  facet normal -0.984428 0.175791 0
    outer loop
      vertex -135.776 327.69 0
      vertex -135.771 327.718 10
      vertex -135.771 327.718 0
    endloop
  endfacet
  facet normal -0.984428 0.175791 0
    outer loop
      vertex -135.776 327.69 0
      vertex -135.776 327.69 10
      vertex -135.771 327.718 10
    endloop
  endfacet
  facet normal -0.963196 0.268799 0
    outer loop
      vertex -136.376 325.54 0
      vertex -135.776 327.69 10
      vertex -135.776 327.69 0
    endloop
  endfacet
  facet normal -0.963196 0.268799 0
    outer loop
      vertex -136.376 325.54 0
      vertex -136.376 325.54 10
      vertex -135.776 327.69 10
    endloop
  endfacet
  facet normal -0.793606 0.608432 0
    outer loop
      vertex -136.445 325.45 0
      vertex -136.376 325.54 10
      vertex -136.376 325.54 0
    endloop
  endfacet
  facet normal -0.793606 0.608432 0
    outer loop
      vertex -136.445 325.45 0
      vertex -136.445 325.45 10
      vertex -136.376 325.54 10
    endloop
  endfacet
  facet normal -0.500278 0.865865 0
    outer loop
      vertex -136.895 325.19 0
      vertex -136.445 325.45 10
      vertex -136.445 325.45 0
    endloop
  endfacet
  facet normal -0.500278 0.865865 0
    outer loop
      vertex -136.895 325.19 0
      vertex -136.895 325.19 10
      vertex -136.445 325.45 10
    endloop
  endfacet
  facet normal 0.0657258 0.997838 0
    outer loop
      vertex -137.062 325.201 0
      vertex -136.895 325.19 10
      vertex -136.895 325.19 0
    endloop
  endfacet
  facet normal 0.0657258 0.997838 -0
    outer loop
      vertex -137.062 325.201 0
      vertex -137.062 325.201 10
      vertex -136.895 325.19 10
    endloop
  endfacet
  facet normal 0.613297 0.789852 0
    outer loop
      vertex -138.507 326.323 0
      vertex -137.062 325.201 10
      vertex -137.062 325.201 0
    endloop
  endfacet
  facet normal 0.613297 0.789852 -0
    outer loop
      vertex -138.507 326.323 0
      vertex -138.507 326.323 10
      vertex -137.062 325.201 10
    endloop
  endfacet
  facet normal 0.250395 0.968144 0
    outer loop
      vertex -139.752 326.645 0
      vertex -138.507 326.323 10
      vertex -138.507 326.323 0
    endloop
  endfacet
  facet normal 0.250395 0.968144 -0
    outer loop
      vertex -139.752 326.645 0
      vertex -139.752 326.645 10
      vertex -138.507 326.323 10
    endloop
  endfacet
  facet normal -0.643343 0.765578 0
    outer loop
      vertex -139.871 326.545 0
      vertex -139.752 326.645 10
      vertex -139.752 326.645 0
    endloop
  endfacet
  facet normal -0.643343 0.765578 0
    outer loop
      vertex -139.871 326.545 0
      vertex -139.871 326.545 10
      vertex -139.752 326.645 10
    endloop
  endfacet
  facet normal -0.886932 0.461901 0
    outer loop
      vertex -140.322 325.679 0
      vertex -139.871 326.545 10
      vertex -139.871 326.545 0
    endloop
  endfacet
  facet normal -0.886932 0.461901 0
    outer loop
      vertex -140.322 325.679 0
      vertex -140.322 325.679 10
      vertex -139.871 326.545 10
    endloop
  endfacet
  facet normal -0.998325 0.0578561 0
    outer loop
      vertex -140.369 324.868 0
      vertex -140.322 325.679 10
      vertex -140.322 325.679 0
    endloop
  endfacet
  facet normal -0.998325 0.0578561 0
    outer loop
      vertex -140.369 324.868 0
      vertex -140.369 324.868 10
      vertex -140.322 325.679 10
    endloop
  endfacet
  facet normal -0.986306 -0.164926 0
    outer loop
      vertex -139.912 322.135 0
      vertex -140.369 324.868 10
      vertex -140.369 324.868 0
    endloop
  endfacet
  facet normal -0.986306 -0.164926 0
    outer loop
      vertex -139.912 322.135 0
      vertex -139.912 322.135 10
      vertex -140.369 324.868 10
    endloop
  endfacet
  facet normal -0.894427 0.447214 0
    outer loop
      vertex -139.991 321.977 0
      vertex -139.912 322.135 10
      vertex -139.912 322.135 0
    endloop
  endfacet
  facet normal -0.894427 0.447214 0
    outer loop
      vertex -139.991 321.977 0
      vertex -139.991 321.977 10
      vertex -139.912 322.135 10
    endloop
  endfacet
  facet normal 0.297737 0.954648 0
    outer loop
      vertex -140.193 322.04 0
      vertex -139.991 321.977 10
      vertex -139.991 321.977 0
    endloop
  endfacet
  facet normal 0.297737 0.954648 -0
    outer loop
      vertex -140.193 322.04 0
      vertex -140.193 322.04 10
      vertex -139.991 321.977 10
    endloop
  endfacet
  facet normal 0.886339 0.463036 0
    outer loop
      vertex -141.102 323.78 0
      vertex -140.193 322.04 10
      vertex -140.193 322.04 0
    endloop
  endfacet
  facet normal 0.886339 0.463036 -0
    outer loop
      vertex -141.102 323.78 0
      vertex -141.102 323.78 10
      vertex -140.193 322.04 10
    endloop
  endfacet
  facet normal 0.707107 0.707107 0
    outer loop
      vertex -141.632 324.31 0
      vertex -141.102 323.78 10
      vertex -141.102 323.78 0
    endloop
  endfacet
  facet normal 0.707107 0.707107 -0
    outer loop
      vertex -141.632 324.31 0
      vertex -141.632 324.31 10
      vertex -141.102 323.78 10
    endloop
  endfacet
  facet normal -0.420539 0.907274 0
    outer loop
      vertex -143.263 323.554 0
      vertex -141.632 324.31 10
      vertex -141.632 324.31 0
    endloop
  endfacet
  facet normal -0.420539 0.907274 0
    outer loop
      vertex -143.263 323.554 0
      vertex -143.263 323.554 10
      vertex -141.632 324.31 10
    endloop
  endfacet
  facet normal -0.868525 0.495645 0
    outer loop
      vertex -145.75 319.196 0
      vertex -143.263 323.554 10
      vertex -143.263 323.554 0
    endloop
  endfacet
  facet normal -0.868525 0.495645 0
    outer loop
      vertex -145.75 319.196 0
      vertex -145.75 319.196 10
      vertex -143.263 323.554 10
    endloop
  endfacet
  facet normal -0.780869 0.624695 0
    outer loop
      vertex -145.782 319.156 0
      vertex -145.75 319.196 10
      vertex -145.75 319.196 0
    endloop
  endfacet
  facet normal -0.780869 0.624695 0
    outer loop
      vertex -145.782 319.156 0
      vertex -145.782 319.156 10
      vertex -145.75 319.196 10
    endloop
  endfacet
  facet normal -0.650831 0.759223 0
    outer loop
      vertex -147.372 317.793 0
      vertex -145.782 319.156 10
      vertex -145.782 319.156 0
    endloop
  endfacet
  facet normal -0.650831 0.759223 0
    outer loop
      vertex -147.372 317.793 0
      vertex -147.372 317.793 10
      vertex -145.782 319.156 10
    endloop
  endfacet
  facet normal -0.87116 0.490999 0
    outer loop
      vertex -148.856 315.16 0
      vertex -147.372 317.793 10
      vertex -147.372 317.793 0
    endloop
  endfacet
  facet normal -0.87116 0.490999 0
    outer loop
      vertex -148.856 315.16 0
      vertex -148.856 315.16 10
      vertex -147.372 317.793 10
    endloop
  endfacet
  facet normal -0.987609 0.156936 0
    outer loop
      vertex -149.187 313.077 0
      vertex -148.856 315.16 10
      vertex -148.856 315.16 0
    endloop
  endfacet
  facet normal -0.987609 0.156936 0
    outer loop
      vertex -149.187 313.077 0
      vertex -149.187 313.077 10
      vertex -148.856 315.16 10
    endloop
  endfacet
  facet normal -0.970605 -0.240678 0
    outer loop
      vertex -148.882 311.847 0
      vertex -149.187 313.077 10
      vertex -149.187 313.077 0
    endloop
  endfacet
  facet normal -0.970605 -0.240678 0
    outer loop
      vertex -148.882 311.847 0
      vertex -148.882 311.847 10
      vertex -149.187 313.077 10
    endloop
  endfacet
  facet normal -0.785536 -0.618816 0
    outer loop
      vertex -148.47 311.324 0
      vertex -148.882 311.847 10
      vertex -148.882 311.847 0
    endloop
  endfacet
  facet normal -0.785536 -0.618816 0
    outer loop
      vertex -148.47 311.324 0
      vertex -148.47 311.324 10
      vertex -148.882 311.847 10
    endloop
  endfacet
  facet normal 0.0573337 -0.998355 0
    outer loop
      vertex -147.669 311.37 0
      vertex -148.47 311.324 10
      vertex -148.47 311.324 0
    endloop
  endfacet
  facet normal 0.0573337 -0.998355 0
    outer loop
      vertex -147.669 311.37 0
      vertex -147.669 311.37 10
      vertex -148.47 311.324 10
    endloop
  endfacet
  facet normal -0.203446 -0.979086 0
    outer loop
      vertex -147.592 311.354 0
      vertex -147.669 311.37 10
      vertex -147.669 311.37 0
    endloop
  endfacet
  facet normal -0.203446 -0.979086 0
    outer loop
      vertex -147.592 311.354 0
      vertex -147.592 311.354 10
      vertex -147.669 311.37 10
    endloop
  endfacet
  facet normal -0.454981 -0.890501 0
    outer loop
      vertex -146.265 310.676 0
      vertex -147.592 311.354 10
      vertex -147.592 311.354 0
    endloop
  endfacet
  facet normal -0.454981 -0.890501 0
    outer loop
      vertex -146.265 310.676 0
      vertex -146.265 310.676 10
      vertex -147.592 311.354 10
    endloop
  endfacet
  facet normal 0.595183 -0.80359 0
    outer loop
      vertex -145.409 311.31 0
      vertex -146.265 310.676 10
      vertex -146.265 310.676 0
    endloop
  endfacet
  facet normal 0.595183 -0.80359 0
    outer loop
      vertex -145.409 311.31 0
      vertex -145.409 311.31 10
      vertex -146.265 310.676 10
    endloop
  endfacet
  facet normal 0.355011 -0.934862 0
    outer loop
      vertex -145.33 311.34 0
      vertex -145.409 311.31 10
      vertex -145.409 311.31 0
    endloop
  endfacet
  facet normal 0.355011 -0.934862 0
    outer loop
      vertex -145.33 311.34 0
      vertex -145.33 311.34 10
      vertex -145.409 311.31 10
    endloop
  endfacet
  facet normal 0.0644913 -0.997918 0
    outer loop
      vertex -144.448 311.397 0
      vertex -145.33 311.34 10
      vertex -145.33 311.34 0
    endloop
  endfacet
  facet normal 0.0644913 -0.997918 0
    outer loop
      vertex -144.448 311.397 0
      vertex -144.448 311.397 10
      vertex -145.33 311.34 10
    endloop
  endfacet
  facet normal 0.540138 -0.841577 0
    outer loop
      vertex -143.281 312.146 0
      vertex -144.448 311.397 10
      vertex -144.448 311.397 0
    endloop
  endfacet
  facet normal 0.540138 -0.841577 0
    outer loop
      vertex -143.281 312.146 0
      vertex -143.281 312.146 10
      vertex -144.448 311.397 10
    endloop
  endfacet
  facet normal -0.0919995 -0.995759 0
    outer loop
      vertex -143.097 312.129 0
      vertex -143.281 312.146 10
      vertex -143.281 312.146 0
    endloop
  endfacet
  facet normal -0.0919995 -0.995759 0
    outer loop
      vertex -143.097 312.129 0
      vertex -143.097 312.129 10
      vertex -143.281 312.146 10
    endloop
  endfacet
  facet normal -0.688092 -0.725624 0
    outer loop
      vertex -142.517 311.579 0
      vertex -143.097 312.129 10
      vertex -143.097 312.129 0
    endloop
  endfacet
  facet normal -0.688092 -0.725624 0
    outer loop
      vertex -142.517 311.579 0
      vertex -142.517 311.579 10
      vertex -143.097 312.129 10
    endloop
  endfacet
  facet normal -0.992779 0.119961 0
    outer loop
      vertex -142.546 311.339 0
      vertex -142.517 311.579 10
      vertex -142.517 311.579 0
    endloop
  endfacet
  facet normal -0.992779 0.119961 0
    outer loop
      vertex -142.546 311.339 0
      vertex -142.546 311.339 10
      vertex -142.517 311.579 10
    endloop
  endfacet
  facet normal -0.489251 0.872143 0
    outer loop
      vertex -143.161 310.994 0
      vertex -142.546 311.339 10
      vertex -142.546 311.339 0
    endloop
  endfacet
  facet normal -0.489251 0.872143 0
    outer loop
      vertex -143.161 310.994 0
      vertex -143.161 310.994 10
      vertex -142.546 311.339 10
    endloop
  endfacet
  facet normal -0.784343 0.620327 0
    outer loop
      vertex -143.838 310.138 0
      vertex -143.161 310.994 10
      vertex -143.161 310.994 0
    endloop
  endfacet
  facet normal -0.784343 0.620327 0
    outer loop
      vertex -143.838 310.138 0
      vertex -143.838 310.138 10
      vertex -143.161 310.994 10
    endloop
  endfacet
  facet normal -0.987942 0.154822 0
    outer loop
      vertex -144.932 303.157 0
      vertex -143.838 310.138 10
      vertex -143.838 310.138 0
    endloop
  endfacet
  facet normal -0.987942 0.154822 0
    outer loop
      vertex -144.932 303.157 0
      vertex -144.932 303.157 10
      vertex -143.838 310.138 10
    endloop
  endfacet
  facet normal -0.966235 0.257663 0
    outer loop
      vertex -144.94 303.127 0
      vertex -144.932 303.157 10
      vertex -144.932 303.157 0
    endloop
  endfacet
  facet normal -0.966235 0.257663 0
    outer loop
      vertex -144.94 303.127 0
      vertex -144.94 303.127 10
      vertex -144.932 303.157 10
    endloop
  endfacet
  facet normal -0.934488 0.355995 0
    outer loop
      vertex -146.14 299.977 0
      vertex -144.94 303.127 10
      vertex -144.94 303.127 0
    endloop
  endfacet
  facet normal -0.934488 0.355995 0
    outer loop
      vertex -146.14 299.977 0
      vertex -146.14 299.977 10
      vertex -144.94 303.127 10
    endloop
  endfacet
  facet normal -0.864507 0.50262 0
    outer loop
      vertex -146.165 299.934 0
      vertex -146.14 299.977 10
      vertex -146.14 299.977 0
    endloop
  endfacet
  facet normal -0.864507 0.50262 0
    outer loop
      vertex -146.165 299.934 0
      vertex -146.165 299.934 10
      vertex -146.14 299.977 10
    endloop
  endfacet
  facet normal -0.768221 0.640184 0
    outer loop
      vertex -146.715 299.274 0
      vertex -146.165 299.934 10
      vertex -146.165 299.934 0
    endloop
  endfacet
  facet normal -0.768221 0.640184 0
    outer loop
      vertex -146.715 299.274 0
      vertex -146.715 299.274 10
      vertex -146.165 299.934 10
    endloop
  endfacet
  facet normal -0.331799 0.94335 0
    outer loop
      vertex -146.86 299.223 0
      vertex -146.715 299.274 10
      vertex -146.715 299.274 0
    endloop
  endfacet
  facet normal -0.331799 0.94335 0
    outer loop
      vertex -146.86 299.223 0
      vertex -146.86 299.223 10
      vertex -146.715 299.274 10
    endloop
  endfacet
  facet normal 0.199007 0.979998 0
    outer loop
      vertex -147.968 299.448 0
      vertex -146.86 299.223 10
      vertex -146.86 299.223 0
    endloop
  endfacet
  facet normal 0.199007 0.979998 -0
    outer loop
      vertex -147.968 299.448 0
      vertex -147.968 299.448 10
      vertex -146.86 299.223 10
    endloop
  endfacet
  facet normal -0.098149 0.995172 0
    outer loop
      vertex -149.641 299.283 0
      vertex -147.968 299.448 10
      vertex -147.968 299.448 0
    endloop
  endfacet
  facet normal -0.098149 0.995172 0
    outer loop
      vertex -149.641 299.283 0
      vertex -149.641 299.283 10
      vertex -147.968 299.448 10
    endloop
  endfacet
  facet normal -0.403055 0.915176 0
    outer loop
      vertex -151.873 298.3 0
      vertex -149.641 299.283 10
      vertex -149.641 299.283 0
    endloop
  endfacet
  facet normal -0.403055 0.915176 0
    outer loop
      vertex -151.873 298.3 0
      vertex -151.873 298.3 10
      vertex -149.641 299.283 10
    endloop
  endfacet
  facet normal -0.604335 0.79673 0
    outer loop
      vertex -153.223 297.276 0
      vertex -151.873 298.3 10
      vertex -151.873 298.3 0
    endloop
  endfacet
  facet normal -0.604335 0.79673 0
    outer loop
      vertex -153.223 297.276 0
      vertex -153.223 297.276 10
      vertex -151.873 298.3 10
    endloop
  endfacet
  facet normal -0.947587 -0.319499 0
    outer loop
      vertex -153.018 296.668 0
      vertex -153.223 297.276 10
      vertex -153.223 297.276 0
    endloop
  endfacet
  facet normal -0.947587 -0.319499 0
    outer loop
      vertex -153.018 296.668 0
      vertex -153.018 296.668 10
      vertex -153.223 297.276 10
    endloop
  endfacet
  facet normal -0.995197 0.0978883 0
    outer loop
      vertex -153.03 296.546 0
      vertex -153.018 296.668 10
      vertex -153.018 296.668 0
    endloop
  endfacet
  facet normal -0.995197 0.0978883 0
    outer loop
      vertex -153.03 296.546 0
      vertex -153.03 296.546 10
      vertex -153.018 296.668 10
    endloop
  endfacet
  facet normal -0.868243 0.496139 0
    outer loop
      vertex -153.19 296.266 0
      vertex -153.03 296.546 10
      vertex -153.03 296.546 0
    endloop
  endfacet
  facet normal -0.868243 0.496139 0
    outer loop
      vertex -153.19 296.266 0
      vertex -153.19 296.266 10
      vertex -153.03 296.546 10
    endloop
  endfacet
  facet normal -0.664364 0.747409 0
    outer loop
      vertex -153.262 296.202 0
      vertex -153.19 296.266 10
      vertex -153.19 296.266 0
    endloop
  endfacet
  facet normal -0.664364 0.747409 0
    outer loop
      vertex -153.262 296.202 0
      vertex -153.262 296.202 10
      vertex -153.19 296.266 10
    endloop
  endfacet
  facet normal -0.385403 0.922748 0
    outer loop
      vertex -155.424 295.299 0
      vertex -153.262 296.202 10
      vertex -153.262 296.202 0
    endloop
  endfacet
  facet normal -0.385403 0.922748 0
    outer loop
      vertex -155.424 295.299 0
      vertex -155.424 295.299 10
      vertex -153.262 296.202 10
    endloop
  endfacet
  facet normal -0.606603 0.795005 0
    outer loop
      vertex -157.479 293.731 0
      vertex -155.424 295.299 10
      vertex -155.424 295.299 0
    endloop
  endfacet
  facet normal -0.606603 0.795005 0
    outer loop
      vertex -157.479 293.731 0
      vertex -157.479 293.731 10
      vertex -155.424 295.299 10
    endloop
  endfacet
  facet normal -0.304419 0.952538 0
    outer loop
      vertex -157.576 293.7 0
      vertex -157.479 293.731 10
      vertex -157.479 293.731 0
    endloop
  endfacet
  facet normal -0.304419 0.952538 0
    outer loop
      vertex -157.576 293.7 0
      vertex -157.576 293.7 10
      vertex -157.479 293.731 10
    endloop
  endfacet
  facet normal 0.0368022 0.999323 0
    outer loop
      vertex -158.635 293.739 0
      vertex -157.576 293.7 10
      vertex -157.576 293.7 0
    endloop
  endfacet
  facet normal 0.0368022 0.999323 -0
    outer loop
      vertex -158.635 293.739 0
      vertex -158.635 293.739 10
      vertex -157.576 293.7 10
    endloop
  endfacet
  facet normal -0.359581 0.933114 0
    outer loop
      vertex -159.154 293.539 0
      vertex -158.635 293.739 10
      vertex -158.635 293.739 0
    endloop
  endfacet
  facet normal -0.359581 0.933114 0
    outer loop
      vertex -159.154 293.539 0
      vertex -159.154 293.539 10
      vertex -158.635 293.739 10
    endloop
  endfacet
  facet normal -0.627591 0.778543 0
    outer loop
      vertex -160.758 292.246 0
      vertex -159.154 293.539 10
      vertex -159.154 293.539 0
    endloop
  endfacet
  facet normal -0.627591 0.778543 0
    outer loop
      vertex -160.758 292.246 0
      vertex -160.758 292.246 10
      vertex -159.154 293.539 10
    endloop
  endfacet
  facet normal -0.911273 0.411802 0
    outer loop
      vertex -161.425 290.77 0
      vertex -160.758 292.246 10
      vertex -160.758 292.246 0
    endloop
  endfacet
  facet normal -0.911273 0.411802 0
    outer loop
      vertex -161.425 290.77 0
      vertex -161.425 290.77 10
      vertex -160.758 292.246 10
    endloop
  endfacet
  facet normal -0.909828 -0.414984 0
    outer loop
      vertex -161.134 290.132 0
      vertex -161.425 290.77 10
      vertex -161.425 290.77 0
    endloop
  endfacet
  facet normal -0.909828 -0.414984 0
    outer loop
      vertex -161.134 290.132 0
      vertex -161.134 290.132 10
      vertex -161.425 290.77 10
    endloop
  endfacet
  facet normal -0.999969 0.00787377 0
    outer loop
      vertex -161.135 290.005 0
      vertex -161.134 290.132 10
      vertex -161.134 290.132 0
    endloop
  endfacet
  facet normal -0.999969 0.00787377 0
    outer loop
      vertex -161.135 290.005 0
      vertex -161.135 290.005 10
      vertex -161.134 290.132 10
    endloop
  endfacet
  facet normal -0.900729 0.434382 0
    outer loop
      vertex -161.665 288.906 0
      vertex -161.135 290.005 10
      vertex -161.135 290.005 0
    endloop
  endfacet
  facet normal -0.900729 0.434382 0
    outer loop
      vertex -161.665 288.906 0
      vertex -161.665 288.906 10
      vertex -161.135 290.005 10
    endloop
  endfacet
  facet normal -0.990396 -0.13826 0
    outer loop
      vertex -161.616 288.555 0
      vertex -161.665 288.906 10
      vertex -161.665 288.906 0
    endloop
  endfacet
  facet normal -0.990396 -0.13826 0
    outer loop
      vertex -161.616 288.555 0
      vertex -161.616 288.555 10
      vertex -161.665 288.906 10
    endloop
  endfacet
  facet normal -0.832796 -0.553581 0
    outer loop
      vertex -160.246 286.494 0
      vertex -161.616 288.555 10
      vertex -161.616 288.555 0
    endloop
  endfacet
  facet normal -0.832796 -0.553581 0
    outer loop
      vertex -160.246 286.494 0
      vertex -160.246 286.494 10
      vertex -161.616 288.555 10
    endloop
  endfacet
  facet normal -0.474913 -0.880033 0
    outer loop
      vertex -159.149 285.902 0
      vertex -160.246 286.494 10
      vertex -160.246 286.494 0
    endloop
  endfacet
  facet normal -0.474913 -0.880033 0
    outer loop
      vertex -159.149 285.902 0
      vertex -159.149 285.902 10
      vertex -160.246 286.494 10
    endloop
  endfacet
  facet normal -0.612572 -0.790415 0
    outer loop
      vertex -159.109 285.871 0
      vertex -159.149 285.902 10
      vertex -159.149 285.902 0
    endloop
  endfacet
  facet normal -0.612572 -0.790415 0
    outer loop
      vertex -159.109 285.871 0
      vertex -159.109 285.871 10
      vertex -159.149 285.902 10
    endloop
  endfacet
  facet normal -0.738253 -0.674524 0
    outer loop
      vertex -158.294 284.979 0
      vertex -159.109 285.871 10
      vertex -159.109 285.871 0
    endloop
  endfacet
  facet normal -0.738253 -0.674524 0
    outer loop
      vertex -158.294 284.979 0
      vertex -158.294 284.979 10
      vertex -159.109 285.871 10
    endloop
  endfacet
  facet normal -0.334605 -0.942358 0
    outer loop
      vertex -157.742 284.783 0
      vertex -158.294 284.979 10
      vertex -158.294 284.979 0
    endloop
  endfacet
  facet normal -0.334605 -0.942358 0
    outer loop
      vertex -157.742 284.783 0
      vertex -157.742 284.783 10
      vertex -158.294 284.979 10
    endloop
  endfacet
  facet normal 0.105647 -0.994404 0
    outer loop
      vertex -156.989 284.863 0
      vertex -157.742 284.783 10
      vertex -157.742 284.783 0
    endloop
  endfacet
  facet normal 0.105647 -0.994404 0
    outer loop
      vertex -156.989 284.863 0
      vertex -156.989 284.863 10
      vertex -157.742 284.783 10
    endloop
  endfacet
  facet normal 0.707107 -0.707107 0
    outer loop
      vertex -156.576 285.276 0
      vertex -156.989 284.863 10
      vertex -156.989 284.863 0
    endloop
  endfacet
  facet normal 0.707107 -0.707107 0
    outer loop
      vertex -156.576 285.276 0
      vertex -156.576 285.276 10
      vertex -156.989 284.863 10
    endloop
  endfacet
  facet normal 0.368501 -0.929627 0
    outer loop
      vertex -156.465 285.32 0
      vertex -156.576 285.276 10
      vertex -156.576 285.276 0
    endloop
  endfacet
  facet normal 0.368501 -0.929627 0
    outer loop
      vertex -156.465 285.32 0
      vertex -156.465 285.32 10
      vertex -156.576 285.276 10
    endloop
  endfacet
  facet normal -0.0302891 -0.999541 0
    outer loop
      vertex -155.805 285.3 0
      vertex -156.465 285.32 10
      vertex -156.465 285.32 0
    endloop
  endfacet
  facet normal -0.0302891 -0.999541 0
    outer loop
      vertex -155.805 285.3 0
      vertex -155.805 285.3 10
      vertex -156.465 285.32 10
    endloop
  endfacet
  facet normal -0.613547 -0.789658 0
    outer loop
      vertex -155.666 285.192 0
      vertex -155.805 285.3 10
      vertex -155.805 285.3 0
    endloop
  endfacet
  facet normal -0.613547 -0.789658 0
    outer loop
      vertex -155.666 285.192 0
      vertex -155.666 285.192 10
      vertex -155.805 285.3 10
    endloop
  endfacet
  facet normal -0.982788 0.184735 0
    outer loop
      vertex -155.691 285.059 0
      vertex -155.666 285.192 10
      vertex -155.666 285.192 0
    endloop
  endfacet
  facet normal -0.982788 0.184735 0
    outer loop
      vertex -155.691 285.059 0
      vertex -155.691 285.059 10
      vertex -155.666 285.192 10
    endloop
  endfacet
  facet normal -0.795801 0.605559 0
    outer loop
      vertex -156.595 283.871 0
      vertex -155.691 285.059 10
      vertex -155.691 285.059 0
    endloop
  endfacet
  facet normal -0.795801 0.605559 0
    outer loop
      vertex -156.595 283.871 0
      vertex -156.595 283.871 10
      vertex -155.691 285.059 10
    endloop
  endfacet
  facet normal -0.654289 -0.756245 0
    outer loop
      vertex -155.742 283.133 0
      vertex -156.595 283.871 10
      vertex -156.595 283.871 0
    endloop
  endfacet
  facet normal -0.654289 -0.756245 0
    outer loop
      vertex -155.742 283.133 0
      vertex -155.742 283.133 10
      vertex -156.595 283.871 10
    endloop
  endfacet
  facet normal -0.901002 -0.433816 0
    outer loop
      vertex -155.69 283.025 0
      vertex -155.742 283.133 10
      vertex -155.742 283.133 0
    endloop
  endfacet
  facet normal -0.901002 -0.433816 0
    outer loop
      vertex -155.69 283.025 0
      vertex -155.69 283.025 10
      vertex -155.742 283.133 10
    endloop
  endfacet
  facet normal -0.99937 -0.0354806 0
    outer loop
      vertex -155.672 282.518 0
      vertex -155.69 283.025 10
      vertex -155.69 283.025 0
    endloop
  endfacet
  facet normal -0.99937 -0.0354806 0
    outer loop
      vertex -155.672 282.518 0
      vertex -155.672 282.518 10
      vertex -155.69 283.025 10
    endloop
  endfacet
  facet normal -0.75577 -0.654837 0
    outer loop
      vertex -155.406 282.211 0
      vertex -155.672 282.518 10
      vertex -155.672 282.518 0
    endloop
  endfacet
  facet normal -0.75577 -0.654837 0
    outer loop
      vertex -155.406 282.211 0
      vertex -155.406 282.211 10
      vertex -155.672 282.518 10
    endloop
  endfacet
  facet normal -0.451614 -0.892213 0
    outer loop
      vertex -153.786 281.391 0
      vertex -155.406 282.211 10
      vertex -155.406 282.211 0
    endloop
  endfacet
  facet normal -0.451614 -0.892213 0
    outer loop
      vertex -153.786 281.391 0
      vertex -153.786 281.391 10
      vertex -155.406 282.211 10
    endloop
  endfacet
  facet normal 0.515124 -0.857115 0
    outer loop
      vertex -153.385 281.632 0
      vertex -153.786 281.391 10
      vertex -153.786 281.391 0
    endloop
  endfacet
  facet normal 0.515124 -0.857115 0
    outer loop
      vertex -153.385 281.632 0
      vertex -153.385 281.632 10
      vertex -153.786 281.391 10
    endloop
  endfacet
  facet normal 0.819511 -0.573064 0
    outer loop
      vertex -152.613 282.736 0
      vertex -153.385 281.632 10
      vertex -153.385 281.632 0
    endloop
  endfacet
  facet normal 0.819511 -0.573064 0
    outer loop
      vertex -152.613 282.736 0
      vertex -152.613 282.736 10
      vertex -153.385 281.632 10
    endloop
  endfacet
  facet normal 0.175135 -0.984544 0
    outer loop
      vertex -152.405 282.773 0
      vertex -152.613 282.736 10
      vertex -152.613 282.736 0
    endloop
  endfacet
  facet normal 0.175135 -0.984544 0
    outer loop
      vertex -152.405 282.773 0
      vertex -152.405 282.773 10
      vertex -152.613 282.736 10
    endloop
  endfacet
  facet normal -0.568178 -0.822906 0
    outer loop
      vertex -151.368 282.057 0
      vertex -152.405 282.773 10
      vertex -152.405 282.773 0
    endloop
  endfacet
  facet normal -0.568178 -0.822906 0
    outer loop
      vertex -151.368 282.057 0
      vertex -151.368 282.057 10
      vertex -152.405 282.773 10
    endloop
  endfacet
  facet normal -0.0701393 -0.997537 0
    outer loop
      vertex -150.472 281.994 0
      vertex -151.368 282.057 10
      vertex -151.368 282.057 0
    endloop
  endfacet
  facet normal -0.0701393 -0.997537 0
    outer loop
      vertex -150.472 281.994 0
      vertex -150.472 281.994 10
      vertex -151.368 282.057 10
    endloop
  endfacet
  facet normal 0.6608 -0.750562 0
    outer loop
      vertex -148.599 283.643 0
      vertex -150.472 281.994 10
      vertex -150.472 281.994 0
    endloop
  endfacet
  facet normal 0.6608 -0.750562 0
    outer loop
      vertex -148.599 283.643 0
      vertex -148.599 283.643 10
      vertex -150.472 281.994 10
    endloop
  endfacet
  facet normal 0.256723 -0.966485 0
    outer loop
      vertex -148.471 283.677 0
      vertex -148.599 283.643 10
      vertex -148.599 283.643 0
    endloop
  endfacet
  facet normal 0.256723 -0.966485 0
    outer loop
      vertex -148.471 283.677 0
      vertex -148.471 283.677 10
      vertex -148.599 283.643 10
    endloop
  endfacet
  facet normal -0.196116 -0.980581 0
    outer loop
      vertex -148.171 283.617 0
      vertex -148.471 283.677 10
      vertex -148.471 283.677 0
    endloop
  endfacet
  facet normal -0.196116 -0.980581 0
    outer loop
      vertex -148.171 283.617 0
      vertex -148.171 283.617 10
      vertex -148.471 283.677 10
    endloop
  endfacet
  facet normal -0.544361 -0.838851 0
    outer loop
      vertex -148.077 283.556 0
      vertex -148.171 283.617 10
      vertex -148.171 283.617 0
    endloop
  endfacet
  facet normal -0.544361 -0.838851 0
    outer loop
      vertex -148.077 283.556 0
      vertex -148.077 283.556 10
      vertex -148.171 283.617 10
    endloop
  endfacet
  facet normal -0.818278 -0.574823 0
    outer loop
      vertex -147.227 282.346 0
      vertex -148.077 283.556 10
      vertex -148.077 283.556 0
    endloop
  endfacet
  facet normal -0.818278 -0.574823 0
    outer loop
      vertex -147.227 282.346 0
      vertex -147.227 282.346 10
      vertex -148.077 283.556 10
    endloop
  endfacet
  facet normal -0.920752 -0.390149 0
    outer loop
      vertex -147.202 282.287 0
      vertex -147.227 282.346 10
      vertex -147.227 282.346 0
    endloop
  endfacet
  facet normal -0.920752 -0.390149 0
    outer loop
      vertex -147.202 282.287 0
      vertex -147.202 282.287 10
      vertex -147.227 282.346 10
    endloop
  endfacet
  facet normal -0.984183 -0.177153 0
    outer loop
      vertex -147.112 281.787 0
      vertex -147.202 282.287 10
      vertex -147.202 282.287 0
    endloop
  endfacet
  facet normal -0.984183 -0.177153 0
    outer loop
      vertex -147.112 281.787 0
      vertex -147.112 281.787 10
      vertex -147.202 282.287 10
    endloop
  endfacet
  facet normal -0.997725 0.0674139 0
    outer loop
      vertex -147.117 281.713 0
      vertex -147.112 281.787 10
      vertex -147.112 281.787 0
    endloop
  endfacet
  facet normal -0.997725 0.0674139 0
    outer loop
      vertex -147.117 281.713 0
      vertex -147.117 281.713 10
      vertex -147.112 281.787 10
    endloop
  endfacet
  facet normal -0.950078 0.312012 0
    outer loop
      vertex -147.517 280.495 0
      vertex -147.117 281.713 10
      vertex -147.117 281.713 0
    endloop
  endfacet
  facet normal -0.950078 0.312012 0
    outer loop
      vertex -147.517 280.495 0
      vertex -147.517 280.495 10
      vertex -147.117 281.713 10
    endloop
  endfacet
  facet normal -0.992669 -0.120862 0
    outer loop
      vertex -147.381 279.378 0
      vertex -147.517 280.495 10
      vertex -147.517 280.495 0
    endloop
  endfacet
  facet normal -0.992669 -0.120862 0
    outer loop
      vertex -147.381 279.378 0
      vertex -147.381 279.378 10
      vertex -147.517 280.495 10
    endloop
  endfacet
  facet normal -0.873085 0.487567 0
    outer loop
      vertex -147.467 279.224 0
      vertex -147.381 279.378 10
      vertex -147.381 279.378 0
    endloop
  endfacet
  facet normal -0.873085 0.487567 0
    outer loop
      vertex -147.467 279.224 0
      vertex -147.467 279.224 10
      vertex -147.381 279.378 10
    endloop
  endfacet
  facet normal 0.0869181 0.996215 0
    outer loop
      vertex -147.616 279.237 0
      vertex -147.467 279.224 10
      vertex -147.467 279.224 0
    endloop
  endfacet
  facet normal 0.0869181 0.996215 -0
    outer loop
      vertex -147.616 279.237 0
      vertex -147.616 279.237 10
      vertex -147.467 279.224 10
    endloop
  endfacet
  facet normal 0.571835 0.820369 0
    outer loop
      vertex -148.801 280.063 0
      vertex -147.616 279.237 10
      vertex -147.616 279.237 0
    endloop
  endfacet
  facet normal 0.571835 0.820369 -0
    outer loop
      vertex -148.801 280.063 0
      vertex -148.801 280.063 10
      vertex -147.616 279.237 10
    endloop
  endfacet
  facet normal 0.0598308 0.998209 0
    outer loop
      vertex -151.387 280.218 0
      vertex -148.801 280.063 10
      vertex -148.801 280.063 0
    endloop
  endfacet
  facet normal 0.0598308 0.998209 -0
    outer loop
      vertex -151.387 280.218 0
      vertex -151.387 280.218 10
      vertex -148.801 280.063 10
    endloop
  endfacet
  facet normal -0.348937 0.937146 0
    outer loop
      vertex -152.327 279.868 0
      vertex -151.387 280.218 10
      vertex -151.387 280.218 0
    endloop
  endfacet
  facet normal -0.348937 0.937146 0
    outer loop
      vertex -152.327 279.868 0
      vertex -152.327 279.868 10
      vertex -151.387 280.218 10
    endloop
  endfacet
  facet normal -0.864544 0.502558 0
    outer loop
      vertex -153.16 278.435 0
      vertex -152.327 279.868 10
      vertex -152.327 279.868 0
    endloop
  endfacet
  facet normal -0.864544 0.502558 0
    outer loop
      vertex -153.16 278.435 0
      vertex -153.16 278.435 10
      vertex -152.327 279.868 10
    endloop
  endfacet
  facet normal -0.399343 0.916802 0
    outer loop
      vertex -153.323 278.364 0
      vertex -153.16 278.435 10
      vertex -153.16 278.435 0
    endloop
  endfacet
  facet normal -0.399343 0.916802 0
    outer loop
      vertex -153.323 278.364 0
      vertex -153.323 278.364 10
      vertex -153.16 278.435 10
    endloop
  endfacet
  facet normal 0.22079 0.975321 0
    outer loop
      vertex -154.794 278.697 0
      vertex -153.323 278.364 10
      vertex -153.323 278.364 0
    endloop
  endfacet
  facet normal 0.22079 0.975321 -0
    outer loop
      vertex -154.794 278.697 0
      vertex -154.794 278.697 10
      vertex -153.323 278.364 10
    endloop
  endfacet
  facet normal -0.168026 0.985783 0
    outer loop
      vertex -156.865 278.344 0
      vertex -154.794 278.697 10
      vertex -154.794 278.697 0
    endloop
  endfacet
  facet normal -0.168026 0.985783 0
    outer loop
      vertex -156.865 278.344 0
      vertex -156.865 278.344 10
      vertex -154.794 278.697 10
    endloop
  endfacet
  facet normal -0.302119 0.95327 0
    outer loop
      vertex -157.373 278.183 0
      vertex -156.865 278.344 10
      vertex -156.865 278.344 0
    endloop
  endfacet
  facet normal -0.302119 0.95327 0
    outer loop
      vertex -157.373 278.183 0
      vertex -157.373 278.183 10
      vertex -156.865 278.344 10
    endloop
  endfacet
  facet normal -0.843395 0.537294 0
    outer loop
      vertex -157.954 277.271 0
      vertex -157.373 278.183 10
      vertex -157.373 278.183 0
    endloop
  endfacet
  facet normal -0.843395 0.537294 0
    outer loop
      vertex -157.954 277.271 0
      vertex -157.954 277.271 10
      vertex -157.373 278.183 10
    endloop
  endfacet
  facet normal -0.943192 -0.332247 0
    outer loop
      vertex -157.681 276.496 0
      vertex -157.954 277.271 10
      vertex -157.954 277.271 0
    endloop
  endfacet
  facet normal -0.943192 -0.332247 0
    outer loop
      vertex -157.681 276.496 0
      vertex -157.681 276.496 10
      vertex -157.954 277.271 10
    endloop
  endfacet
  facet normal -0.66342 -0.748247 0
    outer loop
      vertex -157.09 275.972 0
      vertex -157.681 276.496 10
      vertex -157.681 276.496 0
    endloop
  endfacet
  facet normal -0.66342 -0.748247 0
    outer loop
      vertex -157.09 275.972 0
      vertex -157.09 275.972 10
      vertex -157.681 276.496 10
    endloop
  endfacet
  facet normal -0.953184 -0.30239 0
    outer loop
      vertex -157.044 275.827 0
      vertex -157.09 275.972 10
      vertex -157.09 275.972 0
    endloop
  endfacet
  facet normal -0.953184 -0.30239 0
    outer loop
      vertex -157.044 275.827 0
      vertex -157.044 275.827 10
      vertex -157.09 275.972 10
    endloop
  endfacet
  facet normal -0.976051 0.217542 0
    outer loop
      vertex -157.157 275.32 0
      vertex -157.044 275.827 10
      vertex -157.044 275.827 0
    endloop
  endfacet
  facet normal -0.976051 0.217542 0
    outer loop
      vertex -157.157 275.32 0
      vertex -157.157 275.32 10
      vertex -157.044 275.827 10
    endloop
  endfacet
  facet normal -0.761498 -0.648168 0
    outer loop
      vertex -156.831 274.937 0
      vertex -157.157 275.32 10
      vertex -157.157 275.32 0
    endloop
  endfacet
  facet normal -0.761498 -0.648168 0
    outer loop
      vertex -156.831 274.937 0
      vertex -156.831 274.937 10
      vertex -157.157 275.32 10
    endloop
  endfacet
  facet normal -0.346578 -0.938021 0
    outer loop
      vertex -156.582 274.845 0
      vertex -156.831 274.937 10
      vertex -156.831 274.937 0
    endloop
  endfacet
  facet normal -0.346578 -0.938021 0
    outer loop
      vertex -156.582 274.845 0
      vertex -156.582 274.845 10
      vertex -156.831 274.937 10
    endloop
  endfacet
  facet normal 0.733295 -0.67991 0
    outer loop
      vertex -154.99 276.562 0
      vertex -156.582 274.845 10
      vertex -156.582 274.845 0
    endloop
  endfacet
  facet normal 0.733295 -0.67991 0
    outer loop
      vertex -154.99 276.562 0
      vertex -154.99 276.562 10
      vertex -156.582 274.845 10
    endloop
  endfacet
  facet normal 0.192843 -0.98123 0
    outer loop
      vertex -154.817 276.596 0
      vertex -154.99 276.562 10
      vertex -154.99 276.562 0
    endloop
  endfacet
  facet normal 0.192843 -0.98123 0
    outer loop
      vertex -154.817 276.596 0
      vertex -154.817 276.596 10
      vertex -154.99 276.562 10
    endloop
  endfacet
  facet normal -0.905521 -0.424301 0
    outer loop
      vertex -154.735 276.421 0
      vertex -154.817 276.596 10
      vertex -154.817 276.596 0
    endloop
  endfacet
  facet normal -0.905521 -0.424301 0
    outer loop
      vertex -154.735 276.421 0
      vertex -154.735 276.421 10
      vertex -154.817 276.596 10
    endloop
  endfacet
  facet normal -0.965213 0.261464 0
    outer loop
      vertex -155.15 274.889 0
      vertex -154.735 276.421 10
      vertex -154.735 276.421 0
    endloop
  endfacet
  facet normal -0.965213 0.261464 0
    outer loop
      vertex -155.15 274.889 0
      vertex -155.15 274.889 10
      vertex -154.735 276.421 10
    endloop
  endfacet
  facet normal -0.880081 -0.474824 0
    outer loop
      vertex -154.72 274.092 0
      vertex -155.15 274.889 10
      vertex -155.15 274.889 0
    endloop
  endfacet
  facet normal -0.880081 -0.474824 0
    outer loop
      vertex -154.72 274.092 0
      vertex -154.72 274.092 10
      vertex -155.15 274.889 10
    endloop
  endfacet
  facet normal -0.454171 -0.890914 0
    outer loop
      vertex -153.851 273.649 0
      vertex -154.72 274.092 10
      vertex -154.72 274.092 0
    endloop
  endfacet
  facet normal -0.454171 -0.890914 0
    outer loop
      vertex -153.851 273.649 0
      vertex -153.851 273.649 10
      vertex -154.72 274.092 10
    endloop
  endfacet
  facet normal -0.0351519 -0.999382 0
    outer loop
      vertex -151.605 273.57 0
      vertex -153.851 273.649 10
      vertex -153.851 273.649 0
    endloop
  endfacet
  facet normal -0.0351519 -0.999382 0
    outer loop
      vertex -151.605 273.57 0
      vertex -151.605 273.57 10
      vertex -153.851 273.649 10
    endloop
  endfacet
  facet normal -0.41576 -0.909474 0
    outer loop
      vertex -151.5 273.522 0
      vertex -151.605 273.57 10
      vertex -151.605 273.57 0
    endloop
  endfacet
  facet normal -0.41576 -0.909474 0
    outer loop
      vertex -151.5 273.522 0
      vertex -151.5 273.522 10
      vertex -151.605 273.57 10
    endloop
  endfacet
  facet normal -0.734803 -0.67828 0
    outer loop
      vertex -151.26 273.262 0
      vertex -151.5 273.522 10
      vertex -151.5 273.522 0
    endloop
  endfacet
  facet normal -0.734803 -0.67828 0
    outer loop
      vertex -151.26 273.262 0
      vertex -151.26 273.262 10
      vertex -151.5 273.522 10
    endloop
  endfacet
  facet normal -0.999889 -0.0149237 0
    outer loop
      vertex -151.257 273.061 0
      vertex -151.26 273.262 10
      vertex -151.26 273.262 0
    endloop
  endfacet
  facet normal -0.999889 -0.0149237 0
    outer loop
      vertex -151.257 273.061 0
      vertex -151.257 273.061 10
      vertex -151.26 273.262 10
    endloop
  endfacet
  facet normal -0.751165 0.660115 0
    outer loop
      vertex -151.547 272.731 0
      vertex -151.257 273.061 10
      vertex -151.257 273.061 0
    endloop
  endfacet
  facet normal -0.751165 0.660115 0
    outer loop
      vertex -151.547 272.731 0
      vertex -151.547 272.731 10
      vertex -151.257 273.061 10
    endloop
  endfacet
  facet normal -0.570657 0.821189 0
    outer loop
      vertex -151.606 272.69 0
      vertex -151.547 272.731 10
      vertex -151.547 272.731 0
    endloop
  endfacet
  facet normal -0.570657 0.821189 0
    outer loop
      vertex -151.606 272.69 0
      vertex -151.606 272.69 10
      vertex -151.547 272.731 10
    endloop
  endfacet
  facet normal -0.360896 0.932606 0
    outer loop
      vertex -152.942 272.173 0
      vertex -151.606 272.69 10
      vertex -151.606 272.69 0
    endloop
  endfacet
  facet normal -0.360896 0.932606 0
    outer loop
      vertex -152.942 272.173 0
      vertex -152.942 272.173 10
      vertex -151.606 272.69 10
    endloop
  endfacet
  facet normal -0.744472 0.667653 0
    outer loop
      vertex -154.237 270.729 0
      vertex -152.942 272.173 10
      vertex -152.942 272.173 0
    endloop
  endfacet
  facet normal -0.744472 0.667653 0
    outer loop
      vertex -154.237 270.729 0
      vertex -154.237 270.729 10
      vertex -152.942 272.173 10
    endloop
  endfacet
  facet normal -0.931269 -0.364332 0
    outer loop
      vertex -154.032 270.205 0
      vertex -154.237 270.729 10
      vertex -154.237 270.729 0
    endloop
  endfacet
  facet normal -0.931269 -0.364332 0
    outer loop
      vertex -154.032 270.205 0
      vertex -154.032 270.205 10
      vertex -154.237 270.729 10
    endloop
  endfacet
  facet normal -0.691495 -0.722382 0
    outer loop
      vertex -151.74 268.011 0
      vertex -154.032 270.205 10
      vertex -154.032 270.205 0
    endloop
  endfacet
  facet normal -0.691495 -0.722382 0
    outer loop
      vertex -151.74 268.011 0
      vertex -151.74 268.011 10
      vertex -154.032 270.205 10
    endloop
  endfacet
  facet normal -0.322169 -0.946682 0
    outer loop
      vertex -148.493 266.906 0
      vertex -151.74 268.011 10
      vertex -151.74 268.011 0
    endloop
  endfacet
  facet normal -0.322169 -0.946682 0
    outer loop
      vertex -148.493 266.906 0
      vertex -148.493 266.906 10
      vertex -151.74 268.011 10
    endloop
  endfacet
  facet normal 0.240274 -0.970705 0
    outer loop
      vertex -148.392 266.931 0
      vertex -148.493 266.906 10
      vertex -148.493 266.906 0
    endloop
  endfacet
  facet normal 0.240274 -0.970705 0
    outer loop
      vertex -148.392 266.931 0
      vertex -148.392 266.931 10
      vertex -148.493 266.906 10
    endloop
  endfacet
  facet normal 0.886662 0.462419 0
    outer loop
      vertex -149.143 268.371 0
      vertex -148.392 266.931 10
      vertex -148.392 266.931 0
    endloop
  endfacet
  facet normal 0.886662 0.462419 -0
    outer loop
      vertex -149.143 268.371 0
      vertex -149.143 268.371 10
      vertex -148.392 266.931 10
    endloop
  endfacet
  facet normal 0.992423 0.122871 0
    outer loop
      vertex -149.156 268.476 0
      vertex -149.143 268.371 10
      vertex -149.143 268.371 0
    endloop
  endfacet
  facet normal 0.992423 0.122871 -0
    outer loop
      vertex -149.156 268.476 0
      vertex -149.156 268.476 10
      vertex -149.143 268.371 10
    endloop
  endfacet
  facet normal 0.971136 -0.238525 0
    outer loop
      vertex -149.016 269.046 0
      vertex -149.156 268.476 10
      vertex -149.156 268.476 0
    endloop
  endfacet
  facet normal 0.971136 -0.238525 0
    outer loop
      vertex -149.016 269.046 0
      vertex -149.016 269.046 10
      vertex -149.156 268.476 10
    endloop
  endfacet
  facet normal 0.685172 -0.728381 0
    outer loop
      vertex -148.898 269.157 0
      vertex -149.016 269.046 10
      vertex -149.016 269.046 0
    endloop
  endfacet
  facet normal 0.685172 -0.728381 0
    outer loop
      vertex -148.898 269.157 0
      vertex -148.898 269.157 10
      vertex -149.016 269.046 10
    endloop
  endfacet
  facet normal 0.188847 -0.982006 0
    outer loop
      vertex -148.638 269.207 0
      vertex -148.898 269.157 10
      vertex -148.898 269.157 0
    endloop
  endfacet
  facet normal 0.188847 -0.982006 0
    outer loop
      vertex -148.638 269.207 0
      vertex -148.638 269.207 10
      vertex -148.898 269.157 10
    endloop
  endfacet
  facet normal -0.24439 -0.969677 0
    outer loop
      vertex -148.515 269.176 0
      vertex -148.638 269.207 10
      vertex -148.638 269.207 0
    endloop
  endfacet
  facet normal -0.24439 -0.969677 0
    outer loop
      vertex -148.515 269.176 0
      vertex -148.515 269.176 10
      vertex -148.638 269.207 10
    endloop
  endfacet
  facet normal -0.631028 -0.77576 0
    outer loop
      vertex -147.711 268.522 0
      vertex -148.515 269.176 10
      vertex -148.515 269.176 0
    endloop
  endfacet
  facet normal -0.631028 -0.77576 0
    outer loop
      vertex -147.711 268.522 0
      vertex -147.711 268.522 10
      vertex -148.515 269.176 10
    endloop
  endfacet
  facet normal 0.711996 -0.702183 0
    outer loop
      vertex -147.067 269.175 0
      vertex -147.711 268.522 10
      vertex -147.711 268.522 0
    endloop
  endfacet
  facet normal 0.711996 -0.702183 0
    outer loop
      vertex -147.067 269.175 0
      vertex -147.067 269.175 10
      vertex -147.711 268.522 10
    endloop
  endfacet
  facet normal 0.522562 -0.852601 0
    outer loop
      vertex -147.005 269.213 0
      vertex -147.067 269.175 10
      vertex -147.067 269.175 0
    endloop
  endfacet
  facet normal 0.522562 -0.852601 0
    outer loop
      vertex -147.005 269.213 0
      vertex -147.005 269.213 10
      vertex -147.067 269.175 10
    endloop
  endfacet
  facet normal 0.301131 -0.953583 0
    outer loop
      vertex -146.435 269.393 0
      vertex -147.005 269.213 10
      vertex -147.005 269.213 0
    endloop
  endfacet
  facet normal 0.301131 -0.953583 0
    outer loop
      vertex -146.435 269.393 0
      vertex -146.435 269.393 10
      vertex -147.005 269.213 10
    endloop
  endfacet
  facet normal -0.302244 -0.953231 0
    outer loop
      vertex -146.271 269.341 0
      vertex -146.435 269.393 10
      vertex -146.435 269.393 0
    endloop
  endfacet
  facet normal -0.302244 -0.953231 0
    outer loop
      vertex -146.271 269.341 0
      vertex -146.271 269.341 10
      vertex -146.435 269.393 10
    endloop
  endfacet
  facet normal -0.795779 -0.605587 0
    outer loop
      vertex -145.631 268.5 0
      vertex -146.271 269.341 10
      vertex -146.271 269.341 0
    endloop
  endfacet
  facet normal -0.795779 -0.605587 0
    outer loop
      vertex -145.631 268.5 0
      vertex -145.631 268.5 10
      vertex -146.271 269.341 10
    endloop
  endfacet
  facet normal -0.276871 -0.960907 0
    outer loop
      vertex -145.277 268.398 0
      vertex -145.631 268.5 10
      vertex -145.631 268.5 0
    endloop
  endfacet
  facet normal -0.276871 -0.960907 0
    outer loop
      vertex -145.277 268.398 0
      vertex -145.277 268.398 10
      vertex -145.631 268.5 10
    endloop
  endfacet
  facet normal 0.357519 -0.933906 0
    outer loop
      vertex -144.334 268.759 0
      vertex -145.277 268.398 10
      vertex -145.277 268.398 0
    endloop
  endfacet
  facet normal 0.357519 -0.933906 0
    outer loop
      vertex -144.334 268.759 0
      vertex -144.334 268.759 10
      vertex -145.277 268.398 10
    endloop
  endfacet
  facet normal 0.709509 -0.704697 0
    outer loop
      vertex -143.016 270.086 0
      vertex -144.334 268.759 10
      vertex -144.334 268.759 0
    endloop
  endfacet
  facet normal 0.709509 -0.704697 0
    outer loop
      vertex -143.016 270.086 0
      vertex -143.016 270.086 10
      vertex -144.334 268.759 10
    endloop
  endfacet
  facet normal -0.0621021 -0.99807 0
    outer loop
      vertex -142.791 270.072 0
      vertex -143.016 270.086 10
      vertex -143.016 270.086 0
    endloop
  endfacet
  facet normal -0.0621021 -0.99807 0
    outer loop
      vertex -142.791 270.072 0
      vertex -142.791 270.072 10
      vertex -143.016 270.086 10
    endloop
  endfacet
  facet normal -0.791735 -0.610865 0
    outer loop
      vertex -142.075 269.144 0
      vertex -142.791 270.072 10
      vertex -142.791 270.072 0
    endloop
  endfacet
  facet normal -0.791735 -0.610865 0
    outer loop
      vertex -142.075 269.144 0
      vertex -142.075 269.144 10
      vertex -142.791 270.072 10
    endloop
  endfacet
  facet normal 0.291162 -0.956674 0
    outer loop
      vertex -141.96 269.179 0
      vertex -142.075 269.144 10
      vertex -142.075 269.144 0
    endloop
  endfacet
  facet normal 0.291162 -0.956674 0
    outer loop
      vertex -141.96 269.179 0
      vertex -141.96 269.179 10
      vertex -142.075 269.144 10
    endloop
  endfacet
  facet normal 0.790957 -0.611872 0
    outer loop
      vertex -141.099 270.292 0
      vertex -141.96 269.179 10
      vertex -141.96 269.179 0
    endloop
  endfacet
  facet normal 0.790957 -0.611872 0
    outer loop
      vertex -141.099 270.292 0
      vertex -141.099 270.292 10
      vertex -141.96 269.179 10
    endloop
  endfacet
  facet normal 0.570396 -0.82137 0
    outer loop
      vertex -141.027 270.342 0
      vertex -141.099 270.292 10
      vertex -141.099 270.292 0
    endloop
  endfacet
  facet normal 0.570396 -0.82137 0
    outer loop
      vertex -141.027 270.342 0
      vertex -141.027 270.342 10
      vertex -141.099 270.292 10
    endloop
  endfacet
  facet normal 0.316228 -0.948683 0
    outer loop
      vertex -140.697 270.452 0
      vertex -141.027 270.342 10
      vertex -141.027 270.342 0
    endloop
  endfacet
  facet normal 0.316228 -0.948683 0
    outer loop
      vertex -140.697 270.452 0
      vertex -140.697 270.452 10
      vertex -141.027 270.342 10
    endloop
  endfacet
  facet normal -0.164399 -0.986394 0
    outer loop
      vertex -140.559 270.429 0
      vertex -140.697 270.452 10
      vertex -140.697 270.452 0
    endloop
  endfacet
  facet normal -0.164399 -0.986394 0
    outer loop
      vertex -140.559 270.429 0
      vertex -140.559 270.429 10
      vertex -140.697 270.452 10
    endloop
  endfacet
  facet normal -0.606003 -0.795463 0
    outer loop
      vertex -139.375 269.527 0
      vertex -140.559 270.429 10
      vertex -140.559 270.429 0
    endloop
  endfacet
  facet normal -0.606003 -0.795463 0
    outer loop
      vertex -139.375 269.527 0
      vertex -139.375 269.527 10
      vertex -140.559 270.429 10
    endloop
  endfacet
  facet normal -0.0693666 -0.997591 0
    outer loop
      vertex -137.98 269.43 0
      vertex -139.375 269.527 10
      vertex -139.375 269.527 0
    endloop
  endfacet
  facet normal -0.0693666 -0.997591 0
    outer loop
      vertex -137.98 269.43 0
      vertex -137.98 269.43 10
      vertex -139.375 269.527 10
    endloop
  endfacet
  facet normal -0.221621 -0.975133 0
    outer loop
      vertex -137.936 269.42 0
      vertex -137.98 269.43 10
      vertex -137.98 269.43 0
    endloop
  endfacet
  facet normal -0.221621 -0.975133 0
    outer loop
      vertex -137.936 269.42 0
      vertex -137.936 269.42 10
      vertex -137.98 269.43 10
    endloop
  endfacet
  facet normal -0.360217 -0.932869 0
    outer loop
      vertex -135.916 268.64 0
      vertex -137.936 269.42 10
      vertex -137.936 269.42 0
    endloop
  endfacet
  facet normal -0.360217 -0.932869 0
    outer loop
      vertex -135.916 268.64 0
      vertex -135.916 268.64 10
      vertex -137.936 269.42 10
    endloop
  endfacet
  facet normal -0.478852 -0.877896 0
    outer loop
      vertex -135.883 268.622 0
      vertex -135.916 268.64 10
      vertex -135.916 268.64 0
    endloop
  endfacet
  facet normal -0.478852 -0.877896 0
    outer loop
      vertex -135.883 268.622 0
      vertex -135.883 268.622 10
      vertex -135.916 268.64 10
    endloop
  endfacet
  facet normal -0.579244 -0.815154 0
    outer loop
      vertex -132.013 265.872 0
      vertex -135.883 268.622 10
      vertex -135.883 268.622 0
    endloop
  endfacet
  facet normal -0.579244 -0.815154 0
    outer loop
      vertex -132.013 265.872 0
      vertex -132.013 265.872 10
      vertex -135.883 268.622 10
    endloop
  endfacet
  facet normal -0.65362 -0.756823 0
    outer loop
      vertex -131.991 265.853 0
      vertex -132.013 265.872 10
      vertex -132.013 265.872 0
    endloop
  endfacet
  facet normal -0.65362 -0.756823 0
    outer loop
      vertex -131.991 265.853 0
      vertex -131.991 265.853 10
      vertex -132.013 265.872 10
    endloop
  endfacet
  facet normal -0.723849 -0.689959 0
    outer loop
      vertex -131.197 265.02 0
      vertex -131.991 265.853 10
      vertex -131.991 265.853 0
    endloop
  endfacet
  facet normal -0.723849 -0.689959 0
    outer loop
      vertex -131.197 265.02 0
      vertex -131.197 265.02 10
      vertex -131.991 265.853 10
    endloop
  endfacet
  facet normal -0.483284 -0.875463 0
    outer loop
      vertex -129.967 264.341 0
      vertex -131.197 265.02 10
      vertex -131.197 265.02 0
    endloop
  endfacet
  facet normal -0.483284 -0.875463 0
    outer loop
      vertex -129.967 264.341 0
      vertex -129.967 264.341 10
      vertex -131.197 265.02 10
    endloop
  endfacet
  facet normal -0.757901 -0.65237 0
    outer loop
      vertex -129.899 264.262 0
      vertex -129.967 264.341 10
      vertex -129.967 264.341 0
    endloop
  endfacet
  facet normal -0.757901 -0.65237 0
    outer loop
      vertex -129.899 264.262 0
      vertex -129.899 264.262 10
      vertex -129.967 264.341 10
    endloop
  endfacet
  facet normal -0.938441 -0.345439 0
    outer loop
      vertex -129.299 262.632 0
      vertex -129.899 264.262 10
      vertex -129.899 264.262 0
    endloop
  endfacet
  facet normal -0.938441 -0.345439 0
    outer loop
      vertex -129.299 262.632 0
      vertex -129.299 262.632 10
      vertex -129.899 264.262 10
    endloop
  endfacet
  facet normal -0.990089 0.140438 0
    outer loop
      vertex -129.319 262.491 0
      vertex -129.299 262.632 10
      vertex -129.299 262.632 0
    endloop
  endfacet
  facet normal -0.990089 0.140438 0
    outer loop
      vertex -129.319 262.491 0
      vertex -129.319 262.491 10
      vertex -129.299 262.632 10
    endloop
  endfacet
  facet normal -0.804275 0.594257 0
    outer loop
      vertex -130.066 261.48 0
      vertex -129.319 262.491 10
      vertex -129.319 262.491 0
    endloop
  endfacet
  facet normal -0.804275 0.594257 0
    outer loop
      vertex -130.066 261.48 0
      vertex -130.066 261.48 10
      vertex -129.319 262.491 10
    endloop
  endfacet
  facet normal -0.964136 -0.265408 0
    outer loop
      vertex -130.017 261.302 0
      vertex -130.066 261.48 10
      vertex -130.066 261.48 0
    endloop
  endfacet
  facet normal -0.964136 -0.265408 0
    outer loop
      vertex -130.017 261.302 0
      vertex -130.017 261.302 10
      vertex -130.066 261.48 10
    endloop
  endfacet
  facet normal -0.674924 -0.737887 0
    outer loop
      vertex -129.349 260.691 0
      vertex -130.017 261.302 10
      vertex -130.017 261.302 0
    endloop
  endfacet
  facet normal -0.674924 -0.737887 0
    outer loop
      vertex -129.349 260.691 0
      vertex -129.349 260.691 10
      vertex -130.017 261.302 10
    endloop
  endfacet
  facet normal -0.802043 -0.597266 0
    outer loop
      vertex -129.314 260.644 0
      vertex -129.349 260.691 10
      vertex -129.349 260.691 0
    endloop
  endfacet
  facet normal -0.802043 -0.597266 0
    outer loop
      vertex -129.314 260.644 0
      vertex -129.314 260.644 10
      vertex -129.349 260.691 10
    endloop
  endfacet
  facet normal -0.904669 -0.426115 0
    outer loop
      vertex -128.347 258.591 0
      vertex -129.314 260.644 10
      vertex -129.314 260.644 0
    endloop
  endfacet
  facet normal -0.904669 -0.426115 0
    outer loop
      vertex -128.347 258.591 0
      vertex -128.347 258.591 10
      vertex -129.314 260.644 10
    endloop
  endfacet
  facet normal -0.671313 -0.741174 0
    outer loop
      vertex -126.989 257.361 0
      vertex -128.347 258.591 10
      vertex -128.347 258.591 0
    endloop
  endfacet
  facet normal -0.671313 -0.741174 0
    outer loop
      vertex -126.989 257.361 0
      vertex -126.989 257.361 10
      vertex -128.347 258.591 10
    endloop
  endfacet
  facet normal -0.819958 -0.572424 0
    outer loop
      vertex -126.952 257.308 0
      vertex -126.989 257.361 10
      vertex -126.989 257.361 0
    endloop
  endfacet
  facet normal -0.819958 -0.572424 0
    outer loop
      vertex -126.952 257.308 0
      vertex -126.952 257.308 10
      vertex -126.989 257.361 10
    endloop
  endfacet
  facet normal -0.921121 -0.389277 0
    outer loop
      vertex -126.253 255.654 0
      vertex -126.952 257.308 10
      vertex -126.952 257.308 0
    endloop
  endfacet
  facet normal -0.921121 -0.389277 0
    outer loop
      vertex -126.253 255.654 0
      vertex -126.253 255.654 10
      vertex -126.952 257.308 10
    endloop
  endfacet
  facet normal -0.716844 -0.697233 0
    outer loop
      vertex -124.902 254.265 0
      vertex -126.253 255.654 10
      vertex -126.253 255.654 0
    endloop
  endfacet
  facet normal -0.716844 -0.697233 0
    outer loop
      vertex -124.902 254.265 0
      vertex -124.902 254.265 10
      vertex -126.253 255.654 10
    endloop
  endfacet
  facet normal -0.997745 0.0671129 0
    outer loop
      vertex -124.917 254.042 0
      vertex -124.902 254.265 10
      vertex -124.902 254.265 0
    endloop
  endfacet
  facet normal -0.997745 0.0671129 0
    outer loop
      vertex -124.917 254.042 0
      vertex -124.917 254.042 10
      vertex -124.902 254.265 10
    endloop
  endfacet
  facet normal -0.617894 0.786262 0
    outer loop
      vertex -125.879 253.286 0
      vertex -124.917 254.042 10
      vertex -124.917 254.042 0
    endloop
  endfacet
  facet normal -0.617894 0.786262 0
    outer loop
      vertex -125.879 253.286 0
      vertex -125.879 253.286 10
      vertex -124.917 254.042 10
    endloop
  endfacet
  facet normal -0.989691 -0.143222 0
    outer loop
      vertex -125.712 252.132 0
      vertex -125.879 253.286 10
      vertex -125.879 253.286 0
    endloop
  endfacet
  facet normal -0.989691 -0.143222 0
    outer loop
      vertex -125.712 252.132 0
      vertex -125.712 252.132 10
      vertex -125.879 253.286 10
    endloop
  endfacet
  facet normal -0.997143 0.0755411 0
    outer loop
      vertex -125.717 252.066 0
      vertex -125.712 252.132 10
      vertex -125.712 252.132 0
    endloop
  endfacet
  facet normal -0.997143 0.0755411 0
    outer loop
      vertex -125.717 252.066 0
      vertex -125.717 252.066 10
      vertex -125.712 252.132 10
    endloop
  endfacet
  facet normal -0.9562 0.292714 0
    outer loop
      vertex -125.867 251.576 0
      vertex -125.717 252.066 10
      vertex -125.717 252.066 0
    endloop
  endfacet
  facet normal -0.9562 0.292714 0
    outer loop
      vertex -125.867 251.576 0
      vertex -125.867 251.576 10
      vertex -125.717 252.066 10
    endloop
  endfacet
  facet normal -0.802342 0.596864 0
    outer loop
      vertex -125.928 251.494 0
      vertex -125.867 251.576 10
      vertex -125.867 251.576 0
    endloop
  endfacet
  facet normal -0.802342 0.596864 0
    outer loop
      vertex -125.928 251.494 0
      vertex -125.928 251.494 10
      vertex -125.867 251.576 10
    endloop
  endfacet
  facet normal -0.544561 0.838721 0
    outer loop
      vertex -126.273 251.27 0
      vertex -125.928 251.494 10
      vertex -125.928 251.494 0
    endloop
  endfacet
  facet normal -0.544561 0.838721 0
    outer loop
      vertex -126.273 251.27 0
      vertex -126.273 251.27 10
      vertex -125.928 251.494 10
    endloop
  endfacet
  facet normal 0.26994 -0.962877 0
    outer loop
      vertex -125.581 251.464 0
      vertex -126.273 251.27 10
      vertex -126.273 251.27 0
    endloop
  endfacet
  facet normal 0.26994 -0.962877 0
    outer loop
      vertex -125.581 251.464 0
      vertex -125.581 251.464 10
      vertex -126.273 251.27 10
    endloop
  endfacet
  facet normal -0.175526 -0.984475 0
    outer loop
      vertex -125.452 251.441 0
      vertex -125.581 251.464 10
      vertex -125.581 251.464 0
    endloop
  endfacet
  facet normal -0.175526 -0.984475 0
    outer loop
      vertex -125.452 251.441 0
      vertex -125.452 251.441 10
      vertex -125.581 251.464 10
    endloop
  endfacet
  facet normal -0.588986 -0.808143 0
    outer loop
      vertex -124.862 251.011 0
      vertex -125.452 251.441 10
      vertex -125.452 251.441 0
    endloop
  endfacet
  facet normal -0.588986 -0.808143 0
    outer loop
      vertex -124.862 251.011 0
      vertex -124.862 251.011 10
      vertex -125.452 251.441 10
    endloop
  endfacet
  facet normal -0.815821 -0.578304 0
    outer loop
      vertex -124.806 250.932 0
      vertex -124.862 251.011 10
      vertex -124.862 251.011 0
    endloop
  endfacet
  facet normal -0.815821 -0.578304 0
    outer loop
      vertex -124.806 250.932 0
      vertex -124.806 250.932 10
      vertex -124.862 251.011 10
    endloop
  endfacet
  facet normal -0.960542 -0.278137 0
    outer loop
      vertex -123.946 247.962 0
      vertex -124.806 250.932 10
      vertex -124.806 250.932 0
    endloop
  endfacet
  facet normal -0.960542 -0.278137 0
    outer loop
      vertex -123.946 247.962 0
      vertex -123.946 247.962 10
      vertex -124.806 250.932 10
    endloop
  endfacet
  facet normal -0.8 0.6 0
    outer loop
      vertex -124.09 247.77 0
      vertex -123.946 247.962 10
      vertex -123.946 247.962 0
    endloop
  endfacet
  facet normal -0.8 0.6 0
    outer loop
      vertex -124.09 247.77 0
      vertex -124.09 247.77 10
      vertex -123.946 247.962 10
    endloop
  endfacet
  facet normal 0 1 0
    outer loop
      vertex -124.246 247.77 0
      vertex -124.09 247.77 10
      vertex -124.09 247.77 0
    endloop
  endfacet
  facet normal 0 1 0
    outer loop
      vertex -124.246 247.77 0
      vertex -124.246 247.77 10
      vertex -124.09 247.77 10
    endloop
  endfacet
  facet normal -0.981419 0.191878 0
    outer loop
      vertex -124.516 246.389 0
      vertex -124.246 247.77 10
      vertex -124.246 247.77 0
    endloop
  endfacet
  facet normal -0.981419 0.191878 0
    outer loop
      vertex -124.516 246.389 0
      vertex -124.516 246.389 10
      vertex -124.246 247.77 10
    endloop
  endfacet
  facet normal -0.635523 -0.772082 0
    outer loop
      vertex -124.075 246.026 0
      vertex -124.516 246.389 10
      vertex -124.516 246.389 0
    endloop
  endfacet
  facet normal -0.635523 -0.772082 0
    outer loop
      vertex -124.075 246.026 0
      vertex -124.075 246.026 10
      vertex -124.516 246.389 10
    endloop
  endfacet
  facet normal -0.826481 -0.562965 0
    outer loop
      vertex -124.028 245.957 0
      vertex -124.075 246.026 10
      vertex -124.075 246.026 0
    endloop
  endfacet
  facet normal -0.826481 -0.562965 0
    outer loop
      vertex -124.028 245.957 0
      vertex -124.028 245.957 10
      vertex -124.075 246.026 10
    endloop
  endfacet
  facet normal -0.949601 -0.313461 0
    outer loop
      vertex -123.79 245.236 0
      vertex -124.028 245.957 10
      vertex -124.028 245.957 0
    endloop
  endfacet
  facet normal -0.949601 -0.313461 0
    outer loop
      vertex -123.79 245.236 0
      vertex -123.79 245.236 10
      vertex -124.028 245.957 10
    endloop
  endfacet
  facet normal 0.672288 -0.74029 0
    outer loop
      vertex -123.311 245.671 0
      vertex -123.79 245.236 10
      vertex -123.79 245.236 0
    endloop
  endfacet
  facet normal 0.672288 -0.74029 0
    outer loop
      vertex -123.311 245.671 0
      vertex -123.311 245.671 10
      vertex -123.79 245.236 10
    endloop
  endfacet
  facet normal 0.107937 -0.994158 0
    outer loop
      vertex -123.136 245.69 0
      vertex -123.311 245.671 10
      vertex -123.311 245.671 0
    endloop
  endfacet
  facet normal 0.107937 -0.994158 0
    outer loop
      vertex -123.136 245.69 0
      vertex -123.136 245.69 10
      vertex -123.311 245.671 10
    endloop
  endfacet
  facet normal -0.769758 -0.638336 0
    outer loop
      vertex -123.068 245.608 0
      vertex -123.136 245.69 10
      vertex -123.136 245.69 0
    endloop
  endfacet
  facet normal -0.769758 -0.638336 0
    outer loop
      vertex -123.068 245.608 0
      vertex -123.068 245.608 10
      vertex -123.136 245.69 10
    endloop
  endfacet
  facet normal -0.946829 -0.321738 0
    outer loop
      vertex -122.718 244.578 0
      vertex -123.068 245.608 10
      vertex -123.068 245.608 0
    endloop
  endfacet
  facet normal -0.946829 -0.321738 0
    outer loop
      vertex -122.718 244.578 0
      vertex -122.718 244.578 10
      vertex -123.068 245.608 10
    endloop
  endfacet
  facet normal -0.996639 -0.0819156 0
    outer loop
      vertex -122.712 244.505 0
      vertex -122.718 244.578 10
      vertex -122.718 244.578 0
    endloop
  endfacet
  facet normal -0.996639 -0.0819156 0
    outer loop
      vertex -122.712 244.505 0
      vertex -122.712 244.505 10
      vertex -122.718 244.578 10
    endloop
  endfacet
  facet normal -0.986394 0.164399 0
    outer loop
      vertex -122.872 243.545 0
      vertex -122.712 244.505 10
      vertex -122.712 244.505 0
    endloop
  endfacet
  facet normal -0.986394 0.164399 0
    outer loop
      vertex -122.872 243.545 0
      vertex -122.872 243.545 10
      vertex -122.712 244.505 10
    endloop
  endfacet
  facet normal -0.879472 0.47595 0
    outer loop
      vertex -122.918 243.46 0
      vertex -122.872 243.545 10
      vertex -122.872 243.545 0
    endloop
  endfacet
  facet normal -0.879472 0.47595 0
    outer loop
      vertex -122.918 243.46 0
      vertex -122.918 243.46 10
      vertex -122.872 243.545 10
    endloop
  endfacet
  facet normal -0.681674 0.731656 0
    outer loop
      vertex -123.606 242.819 0
      vertex -122.918 243.46 10
      vertex -122.918 243.46 0
    endloop
  endfacet
  facet normal -0.681674 0.731656 0
    outer loop
      vertex -123.606 242.819 0
      vertex -123.606 242.819 10
      vertex -122.918 243.46 10
    endloop
  endfacet
  facet normal -0.998053 -0.0623783 0
    outer loop
      vertex -123.565 242.163 0
      vertex -123.606 242.819 10
      vertex -123.606 242.819 0
    endloop
  endfacet
  facet normal -0.998053 -0.0623783 0
    outer loop
      vertex -123.565 242.163 0
      vertex -123.565 242.163 10
      vertex -123.606 242.819 10
    endloop
  endfacet
  facet normal -0.556411 -0.830907 0
    outer loop
      vertex -122.893 241.713 0
      vertex -123.565 242.163 10
      vertex -123.565 242.163 0
    endloop
  endfacet
  facet normal -0.556411 -0.830907 0
    outer loop
      vertex -122.893 241.713 0
      vertex -122.893 241.713 10
      vertex -123.565 242.163 10
    endloop
  endfacet
  facet normal 0.790772 -0.612111 0
    outer loop
      vertex -122.499 242.222 0
      vertex -122.893 241.713 10
      vertex -122.893 241.713 0
    endloop
  endfacet
  facet normal 0.790772 -0.612111 0
    outer loop
      vertex -122.499 242.222 0
      vertex -122.499 242.222 10
      vertex -122.893 241.713 10
    endloop
  endfacet
  facet normal 0.116571 -0.993182 0
    outer loop
      vertex -122.286 242.247 0
      vertex -122.499 242.222 10
      vertex -122.499 242.222 0
    endloop
  endfacet
  facet normal 0.116571 -0.993182 0
    outer loop
      vertex -122.286 242.247 0
      vertex -122.286 242.247 10
      vertex -122.499 242.222 10
    endloop
  endfacet
  facet normal -0.626759 -0.779213 0
    outer loop
      vertex -121.826 241.877 0
      vertex -122.286 242.247 10
      vertex -122.286 242.247 0
    endloop
  endfacet
  facet normal -0.626759 -0.779213 0
    outer loop
      vertex -121.826 241.877 0
      vertex -121.826 241.877 10
      vertex -122.286 242.247 10
    endloop
  endfacet
  facet normal -0.803098 -0.595847 0
    outer loop
      vertex -121.78 241.815 0
      vertex -121.826 241.877 10
      vertex -121.826 241.877 0
    endloop
  endfacet
  facet normal -0.803098 -0.595847 0
    outer loop
      vertex -121.78 241.815 0
      vertex -121.78 241.815 10
      vertex -121.826 241.877 10
    endloop
  endfacet
  facet normal -0.930273 -0.366868 0
    outer loop
      vertex -121.5 241.105 0
      vertex -121.78 241.815 10
      vertex -121.78 241.815 0
    endloop
  endfacet
  facet normal -0.930273 -0.366868 0
    outer loop
      vertex -121.5 241.105 0
      vertex -121.5 241.105 10
      vertex -121.78 241.815 10
    endloop
  endfacet
  facet normal -0.98387 -0.178885 0
    outer loop
      vertex -121.49 241.05 0
      vertex -121.5 241.105 10
      vertex -121.5 241.105 0
    endloop
  endfacet
  facet normal -0.98387 -0.178885 0
    outer loop
      vertex -121.49 241.05 0
      vertex -121.49 241.05 10
      vertex -121.5 241.105 10
    endloop
  endfacet
  facet normal -1 0 0
    outer loop
      vertex -121.49 239.76 0
      vertex -121.49 241.05 10
      vertex -121.49 241.05 0
    endloop
  endfacet
  facet normal -1 0 0
    outer loop
      vertex -121.49 239.76 0
      vertex -121.49 239.76 10
      vertex -121.49 241.05 10
    endloop
  endfacet
  facet normal -0.977323 0.211753 0
    outer loop
      vertex -121.503 239.7 0
      vertex -121.49 239.76 10
      vertex -121.49 239.76 0
    endloop
  endfacet
  facet normal -0.977323 0.211753 0
    outer loop
      vertex -121.503 239.7 0
      vertex -121.503 239.7 10
      vertex -121.49 239.76 10
    endloop
  endfacet
  facet normal -0.916157 0.400819 0
    outer loop
      vertex -121.923 238.74 0
      vertex -121.503 239.7 10
      vertex -121.503 239.7 0
    endloop
  endfacet
  facet normal -0.916157 0.400819 0
    outer loop
      vertex -121.923 238.74 0
      vertex -121.923 238.74 10
      vertex -121.503 239.7 10
    endloop
  endfacet
  facet normal -0.857493 0.514496 0
    outer loop
      vertex -121.944 238.705 0
      vertex -121.923 238.74 10
      vertex -121.923 238.74 0
    endloop
  endfacet
  facet normal -0.857493 0.514496 0
    outer loop
      vertex -121.944 238.705 0
      vertex -121.944 238.705 10
      vertex -121.923 238.74 10
    endloop
  endfacet
  facet normal -0.776562 0.630041 0
    outer loop
      vertex -122.374 238.175 0
      vertex -121.944 238.705 10
      vertex -121.944 238.705 0
    endloop
  endfacet
  facet normal -0.776562 0.630041 0
    outer loop
      vertex -122.374 238.175 0
      vertex -122.374 238.175 10
      vertex -121.944 238.705 10
    endloop
  endfacet
  facet normal -0.416655 0.909065 0
    outer loop
      vertex -122.494 238.12 0
      vertex -122.374 238.175 10
      vertex -122.374 238.175 0
    endloop
  endfacet
  facet normal -0.416655 0.909065 0
    outer loop
      vertex -122.494 238.12 0
      vertex -122.494 238.12 10
      vertex -122.374 238.175 10
    endloop
  endfacet
  facet normal 0.0264613 0.99965 0
    outer loop
      vertex -123.174 238.138 0
      vertex -122.494 238.12 10
      vertex -122.494 238.12 0
    endloop
  endfacet
  facet normal 0.0264613 0.99965 -0
    outer loop
      vertex -123.174 238.138 0
      vertex -123.174 238.138 10
      vertex -122.494 238.12 10
    endloop
  endfacet
  facet normal -0.74761 0.664139 0
    outer loop
      vertex -123.357 237.932 0
      vertex -123.174 238.138 10
      vertex -123.174 238.138 0
    endloop
  endfacet
  facet normal -0.74761 0.664139 0
    outer loop
      vertex -123.357 237.932 0
      vertex -123.357 237.932 10
      vertex -123.174 238.138 10
    endloop
  endfacet
  facet normal -0.731634 -0.681697 0
    outer loop
      vertex -122.77 237.302 0
      vertex -123.357 237.932 10
      vertex -123.357 237.932 0
    endloop
  endfacet
  facet normal -0.731634 -0.681697 0
    outer loop
      vertex -122.77 237.302 0
      vertex -122.77 237.302 10
      vertex -123.357 237.932 10
    endloop
  endfacet
  facet normal -0.992957 -0.118478 0
    outer loop
      vertex -122.749 237.126 0
      vertex -122.77 237.302 10
      vertex -122.77 237.302 0
    endloop
  endfacet
  facet normal -0.992957 -0.118478 0
    outer loop
      vertex -122.749 237.126 0
      vertex -122.749 237.126 10
      vertex -122.77 237.302 10
    endloop
  endfacet
  facet normal -0.871576 0.490261 0
    outer loop
      vertex -122.929 236.806 0
      vertex -122.749 237.126 10
      vertex -122.749 237.126 0
    endloop
  endfacet
  facet normal -0.871576 0.490261 0
    outer loop
      vertex -122.929 236.806 0
      vertex -122.929 236.806 10
      vertex -122.749 237.126 10
    endloop
  endfacet
  facet normal -0.559857 0.828589 0
    outer loop
      vertex -123.04 236.731 0
      vertex -122.929 236.806 10
      vertex -122.929 236.806 0
    endloop
  endfacet
  facet normal -0.559857 0.828589 0
    outer loop
      vertex -123.04 236.731 0
      vertex -123.04 236.731 10
      vertex -122.929 236.806 10
    endloop
  endfacet
  facet normal -0.136247 0.990675 0
    outer loop
      vertex -123.469 236.672 0
      vertex -123.04 236.731 10
      vertex -123.04 236.731 0
    endloop
  endfacet
  facet normal -0.136247 0.990675 0
    outer loop
      vertex -123.469 236.672 0
      vertex -123.469 236.672 10
      vertex -123.04 236.731 10
    endloop
  endfacet
  facet normal -0.989381 -0.145343 0
    outer loop
      vertex -123.386 236.107 0
      vertex -123.469 236.672 10
      vertex -123.469 236.672 0
    endloop
  endfacet
  facet normal -0.989381 -0.145343 0
    outer loop
      vertex -123.386 236.107 0
      vertex -123.386 236.107 10
      vertex -123.469 236.672 10
    endloop
  endfacet
  facet normal 0.250684 -0.968069 0
    outer loop
      vertex -123.023 236.201 0
      vertex -123.386 236.107 10
      vertex -123.386 236.107 0
    endloop
  endfacet
  facet normal 0.250684 -0.968069 0
    outer loop
      vertex -123.023 236.201 0
      vertex -123.023 236.201 10
      vertex -123.386 236.107 10
    endloop
  endfacet
  facet normal 0.833916 -0.551892 0
    outer loop
      vertex -122.115 237.573 0
      vertex -123.023 236.201 10
      vertex -123.023 236.201 0
    endloop
  endfacet
  facet normal 0.833916 -0.551892 0
    outer loop
      vertex -122.115 237.573 0
      vertex -122.115 237.573 10
      vertex -123.023 236.201 10
    endloop
  endfacet
  facet normal 0.351745 -0.936096 0
    outer loop
      vertex -121.95 237.635 0
      vertex -122.115 237.573 10
      vertex -122.115 237.573 0
    endloop
  endfacet
  facet normal 0.351745 -0.936096 0
    outer loop
      vertex -121.95 237.635 0
      vertex -121.95 237.635 10
      vertex -122.115 237.573 10
    endloop
  endfacet
  facet normal -0.65959 -0.751626 0
    outer loop
      vertex -121.852 237.549 0
      vertex -121.95 237.635 10
      vertex -121.95 237.635 0
    endloop
  endfacet
  facet normal -0.65959 -0.751626 0
    outer loop
      vertex -121.852 237.549 0
      vertex -121.852 237.549 10
      vertex -121.95 237.635 10
    endloop
  endfacet
  facet normal -0.919145 -0.393919 0
    outer loop
      vertex -121.732 237.269 0
      vertex -121.852 237.549 10
      vertex -121.852 237.549 0
    endloop
  endfacet
  facet normal -0.919145 -0.393919 0
    outer loop
      vertex -121.732 237.269 0
      vertex -121.732 237.269 10
      vertex -121.852 237.549 10
    endloop
  endfacet
  facet normal -0.997785 0.066519 0
    outer loop
      vertex -121.741 237.134 0
      vertex -121.732 237.269 10
      vertex -121.732 237.269 0
    endloop
  endfacet
  facet normal -0.997785 0.066519 0
    outer loop
      vertex -121.741 237.134 0
      vertex -121.741 237.134 10
      vertex -121.732 237.269 10
    endloop
  endfacet
  facet normal -0.862647 0.505807 0
    outer loop
      vertex -122.78 235.362 0
      vertex -121.741 237.134 10
      vertex -121.741 237.134 0
    endloop
  endfacet
  facet normal -0.862647 0.505807 0
    outer loop
      vertex -122.78 235.362 0
      vertex -122.78 235.362 10
      vertex -121.741 237.134 10
    endloop
  endfacet
  facet normal -0.966977 0.254865 0
    outer loop
      vertex -123.557 232.414 0
      vertex -122.78 235.362 10
      vertex -122.78 235.362 0
    endloop
  endfacet
  facet normal -0.966977 0.254865 0
    outer loop
      vertex -123.557 232.414 0
      vertex -123.557 232.414 10
      vertex -122.78 235.362 10
    endloop
  endfacet
  facet normal -0.984827 -0.173538 0
    outer loop
      vertex -123.397 231.506 0
      vertex -123.557 232.414 10
      vertex -123.557 232.414 0
    endloop
  endfacet
  facet normal -0.984827 -0.173538 0
    outer loop
      vertex -123.397 231.506 0
      vertex -123.397 231.506 10
      vertex -123.557 232.414 10
    endloop
  endfacet
  facet normal -0.842215 -0.539141 0
    outer loop
      vertex -122.874 230.689 0
      vertex -123.397 231.506 10
      vertex -123.397 231.506 0
    endloop
  endfacet
  facet normal -0.842215 -0.539141 0
    outer loop
      vertex -122.874 230.689 0
      vertex -122.874 230.689 10
      vertex -123.397 231.506 10
    endloop
  endfacet
  facet normal -0.274158 -0.961685 0
    outer loop
      vertex -121.52 230.303 0
      vertex -122.874 230.689 10
      vertex -122.874 230.689 0
    endloop
  endfacet
  facet normal -0.274158 -0.961685 0
    outer loop
      vertex -121.52 230.303 0
      vertex -121.52 230.303 10
      vertex -122.874 230.689 10
    endloop
  endfacet
  facet normal 0.145456 -0.989365 0
    outer loop
      vertex -120.765 230.414 0
      vertex -121.52 230.303 10
      vertex -121.52 230.303 0
    endloop
  endfacet
  facet normal 0.145456 -0.989365 0
    outer loop
      vertex -120.765 230.414 0
      vertex -120.765 230.414 10
      vertex -121.52 230.303 10
    endloop
  endfacet
  facet normal 0.549014 -0.835813 0
    outer loop
      vertex -120.051 230.883 0
      vertex -120.765 230.414 10
      vertex -120.765 230.414 0
    endloop
  endfacet
  facet normal 0.549014 -0.835813 0
    outer loop
      vertex -120.051 230.883 0
      vertex -120.051 230.883 10
      vertex -120.765 230.414 10
    endloop
  endfacet
  facet normal 0.969075 -0.246767 0
    outer loop
      vertex -119.955 231.26 0
      vertex -120.051 230.883 10
      vertex -120.051 230.883 0
    endloop
  endfacet
  facet normal 0.969075 -0.246767 0
    outer loop
      vertex -119.955 231.26 0
      vertex -119.955 231.26 10
      vertex -120.051 230.883 10
    endloop
  endfacet
  facet normal 0.968396 0.249419 0
    outer loop
      vertex -120.185 232.153 0
      vertex -119.955 231.26 10
      vertex -119.955 231.26 0
    endloop
  endfacet
  facet normal 0.968396 0.249419 -0
    outer loop
      vertex -120.185 232.153 0
      vertex -120.185 232.153 10
      vertex -119.955 231.26 10
    endloop
  endfacet
  facet normal 0.931578 -0.363542 0
    outer loop
      vertex -120.121 232.317 0
      vertex -120.185 232.153 10
      vertex -120.185 232.153 0
    endloop
  endfacet
  facet normal 0.931578 -0.363542 0
    outer loop
      vertex -120.121 232.317 0
      vertex -120.121 232.317 10
      vertex -120.185 232.153 10
    endloop
  endfacet
  facet normal 0.07833 -0.996927 0
    outer loop
      vertex -119.981 232.328 0
      vertex -120.121 232.317 10
      vertex -120.121 232.317 0
    endloop
  endfacet
  facet normal 0.07833 -0.996927 0
    outer loop
      vertex -119.981 232.328 0
      vertex -119.981 232.328 10
      vertex -120.121 232.317 10
    endloop
  endfacet
  facet normal -0.392719 -0.919659 0
    outer loop
      vertex -119.796 232.249 0
      vertex -119.981 232.328 10
      vertex -119.981 232.328 0
    endloop
  endfacet
  facet normal -0.392719 -0.919659 0
    outer loop
      vertex -119.796 232.249 0
      vertex -119.796 232.249 10
      vertex -119.981 232.328 10
    endloop
  endfacet
  facet normal 0.722078 -0.691811 0
    outer loop
      vertex -119.636 232.416 0
      vertex -119.796 232.249 10
      vertex -119.796 232.249 0
    endloop
  endfacet
  facet normal 0.722078 -0.691811 0
    outer loop
      vertex -119.636 232.416 0
      vertex -119.636 232.416 10
      vertex -119.796 232.249 10
    endloop
  endfacet
  facet normal 0.909292 -0.416159 0
    outer loop
      vertex -118.971 233.869 0
      vertex -119.636 232.416 10
      vertex -119.636 232.416 0
    endloop
  endfacet
  facet normal 0.909292 -0.416159 0
    outer loop
      vertex -118.971 233.869 0
      vertex -118.971 233.869 10
      vertex -119.636 232.416 10
    endloop
  endfacet
  facet normal 0.948369 0.317169 0
    outer loop
      vertex -119.982 236.892 0
      vertex -118.971 233.869 10
      vertex -118.971 233.869 0
    endloop
  endfacet
  facet normal 0.948369 0.317169 -0
    outer loop
      vertex -119.982 236.892 0
      vertex -119.982 236.892 10
      vertex -118.971 233.869 10
    endloop
  endfacet
  facet normal 0.929183 -0.36962 0
    outer loop
      vertex -119.91 237.073 0
      vertex -119.982 236.892 10
      vertex -119.982 236.892 0
    endloop
  endfacet
  facet normal 0.929183 -0.36962 0
    outer loop
      vertex -119.91 237.073 0
      vertex -119.91 237.073 10
      vertex -119.982 236.892 10
    endloop
  endfacet
  facet normal 0.464549 -0.885547 0
    outer loop
      vertex -119.3 237.393 0
      vertex -119.91 237.073 10
      vertex -119.91 237.073 0
    endloop
  endfacet
  facet normal 0.464549 -0.885547 0
    outer loop
      vertex -119.3 237.393 0
      vertex -119.3 237.393 10
      vertex -119.91 237.073 10
    endloop
  endfacet
  facet normal -0.146958 -0.989143 0
    outer loop
      vertex -119.125 237.367 0
      vertex -119.3 237.393 10
      vertex -119.3 237.393 0
    endloop
  endfacet
  facet normal -0.146958 -0.989143 0
    outer loop
      vertex -119.125 237.367 0
      vertex -119.125 237.367 10
      vertex -119.3 237.393 10
    endloop
  endfacet
  facet normal -0.995089 -0.0989879 0
    outer loop
      vertex -119.106 237.176 0
      vertex -119.125 237.367 10
      vertex -119.125 237.367 0
    endloop
  endfacet
  facet normal -0.995089 -0.0989879 0
    outer loop
      vertex -119.106 237.176 0
      vertex -119.106 237.176 10
      vertex -119.125 237.367 10
    endloop
  endfacet
  facet normal -0.830114 0.557593 0
    outer loop
      vertex -119.417 236.713 0
      vertex -119.106 237.176 10
      vertex -119.106 237.176 0
    endloop
  endfacet
  facet normal -0.830114 0.557593 0
    outer loop
      vertex -119.417 236.713 0
      vertex -119.417 236.713 10
      vertex -119.106 237.176 10
    endloop
  endfacet
  facet normal -0.965446 -0.260604 0
    outer loop
      vertex -119.18 235.835 0
      vertex -119.417 236.713 10
      vertex -119.417 236.713 0
    endloop
  endfacet
  facet normal -0.965446 -0.260604 0
    outer loop
      vertex -119.18 235.835 0
      vertex -119.18 235.835 10
      vertex -119.417 236.713 10
    endloop
  endfacet
  facet normal -0.884801 -0.465969 0
    outer loop
      vertex -118.577 234.69 0
      vertex -119.18 235.835 10
      vertex -119.18 235.835 0
    endloop
  endfacet
  facet normal -0.884801 -0.465969 0
    outer loop
      vertex -118.577 234.69 0
      vertex -118.577 234.69 10
      vertex -119.18 235.835 10
    endloop
  endfacet
  facet normal -0.954146 -0.29934 0
    outer loop
      vertex -118.561 234.639 0
      vertex -118.577 234.69 10
      vertex -118.577 234.69 0
    endloop
  endfacet
  facet normal -0.954146 -0.29934 0
    outer loop
      vertex -118.561 234.639 0
      vertex -118.561 234.639 10
      vertex -118.577 234.69 10
    endloop
  endfacet
  facet normal -0.992127 -0.125234 0
    outer loop
      vertex -118.394 233.316 0
      vertex -118.561 234.639 10
      vertex -118.561 234.639 0
    endloop
  endfacet
  facet normal -0.992127 -0.125234 0
    outer loop
      vertex -118.394 233.316 0
      vertex -118.394 233.316 10
      vertex -118.561 234.639 10
    endloop
  endfacet
  facet normal 0.294354 -0.955696 0
    outer loop
      vertex -118.144 233.393 0
      vertex -118.394 233.316 10
      vertex -118.394 233.316 0
    endloop
  endfacet
  facet normal 0.294354 -0.955696 0
    outer loop
      vertex -118.144 233.393 0
      vertex -118.144 233.393 10
      vertex -118.394 233.316 10
    endloop
  endfacet
  facet normal -0.32302 -0.946392 0
    outer loop
      vertex -117.977 233.336 0
      vertex -118.144 233.393 10
      vertex -118.144 233.393 0
    endloop
  endfacet
  facet normal -0.32302 -0.946392 0
    outer loop
      vertex -117.977 233.336 0
      vertex -117.977 233.336 10
      vertex -118.144 233.393 10
    endloop
  endfacet
  facet normal -0.989949 -0.141421 0
    outer loop
      vertex -117.958 233.203 0
      vertex -117.977 233.336 10
      vertex -117.977 233.336 0
    endloop
  endfacet
  facet normal -0.989949 -0.141421 0
    outer loop
      vertex -117.958 233.203 0
      vertex -117.958 233.203 10
      vertex -117.977 233.336 10
    endloop
  endfacet
  facet normal -0.948683 0.316228 0
    outer loop
      vertex -118.188 232.513 0
      vertex -117.958 233.203 10
      vertex -117.958 233.203 0
    endloop
  endfacet
  facet normal -0.948683 0.316228 0
    outer loop
      vertex -118.188 232.513 0
      vertex -118.188 232.513 10
      vertex -117.958 233.203 10
    endloop
  endfacet
  facet normal -0.851171 0.524889 0
    outer loop
      vertex -118.225 232.453 0
      vertex -118.188 232.513 10
      vertex -118.188 232.513 0
    endloop
  endfacet
  facet normal -0.851171 0.524889 0
    outer loop
      vertex -118.225 232.453 0
      vertex -118.225 232.453 10
      vertex -118.188 232.513 10
    endloop
  endfacet
  facet normal -0.699977 0.714166 0
    outer loop
      vertex -118.678 232.009 0
      vertex -118.225 232.453 10
      vertex -118.225 232.453 0
    endloop
  endfacet
  facet normal -0.699977 0.714166 0
    outer loop
      vertex -118.678 232.009 0
      vertex -118.678 232.009 10
      vertex -118.225 232.453 10
    endloop
  endfacet
  facet normal -0.982952 -0.183862 0
    outer loop
      vertex -118.626 231.731 0
      vertex -118.678 232.009 10
      vertex -118.678 232.009 0
    endloop
  endfacet
  facet normal -0.982952 -0.183862 0
    outer loop
      vertex -118.626 231.731 0
      vertex -118.626 231.731 10
      vertex -118.678 232.009 10
    endloop
  endfacet
  facet normal -0.440876 -0.897568 0
    outer loop
      vertex -118.172 231.508 0
      vertex -118.626 231.731 10
      vertex -118.626 231.731 0
    endloop
  endfacet
  facet normal -0.440876 -0.897568 0
    outer loop
      vertex -118.172 231.508 0
      vertex -118.172 231.508 10
      vertex -118.626 231.731 10
    endloop
  endfacet
  facet normal 0.644202 -0.764855 0
    outer loop
      vertex -117.107 232.405 0
      vertex -118.172 231.508 10
      vertex -118.172 231.508 0
    endloop
  endfacet
  facet normal 0.644202 -0.764855 0
    outer loop
      vertex -117.107 232.405 0
      vertex -117.107 232.405 10
      vertex -118.172 231.508 10
    endloop
  endfacet
  facet normal 0.204235 -0.978922 0
    outer loop
      vertex -116.968 232.434 0
      vertex -117.107 232.405 10
      vertex -117.107 232.405 0
    endloop
  endfacet
  facet normal 0.204235 -0.978922 0
    outer loop
      vertex -116.968 232.434 0
      vertex -116.968 232.434 10
      vertex -117.107 232.405 10
    endloop
  endfacet
  facet normal -0.281847 -0.959459 0
    outer loop
      vertex -115.991 232.147 0
      vertex -116.968 232.434 10
      vertex -116.968 232.434 0
    endloop
  endfacet
  facet normal -0.281847 -0.959459 0
    outer loop
      vertex -115.991 232.147 0
      vertex -115.991 232.147 10
      vertex -116.968 232.434 10
    endloop
  endfacet
  facet normal 0.29112 -0.956687 0
    outer loop
      vertex -115.084 232.423 0
      vertex -115.991 232.147 10
      vertex -115.991 232.147 0
    endloop
  endfacet
  facet normal 0.29112 -0.956687 0
    outer loop
      vertex -115.084 232.423 0
      vertex -115.084 232.423 10
      vertex -115.991 232.147 10
    endloop
  endfacet
  facet normal -0.32302 -0.946392 0
    outer loop
      vertex -114.917 232.366 0
      vertex -115.084 232.423 10
      vertex -115.084 232.423 0
    endloop
  endfacet
  facet normal -0.32302 -0.946392 0
    outer loop
      vertex -114.917 232.366 0
      vertex -114.917 232.366 10
      vertex -115.084 232.423 10
    endloop
  endfacet
  facet normal -0.998806 0.0488546 0
    outer loop
      vertex -114.926 232.182 0
      vertex -114.917 232.366 10
      vertex -114.917 232.366 0
    endloop
  endfacet
  facet normal -0.998806 0.0488546 0
    outer loop
      vertex -114.926 232.182 0
      vertex -114.926 232.182 10
      vertex -114.917 232.366 10
    endloop
  endfacet
  facet normal -0.757157 0.653233 0
    outer loop
      vertex -115.366 231.672 0
      vertex -114.926 232.182 10
      vertex -114.926 232.182 0
    endloop
  endfacet
  facet normal -0.757157 0.653233 0
    outer loop
      vertex -115.366 231.672 0
      vertex -115.366 231.672 10
      vertex -114.926 232.182 10
    endloop
  endfacet
  facet normal -0.602603 0.798041 0
    outer loop
      vertex -115.415 231.635 0
      vertex -115.366 231.672 10
      vertex -115.366 231.672 0
    endloop
  endfacet
  facet normal -0.602603 0.798041 0
    outer loop
      vertex -115.415 231.635 0
      vertex -115.415 231.635 10
      vertex -115.366 231.672 10
    endloop
  endfacet
  facet normal -0.433371 0.901215 0
    outer loop
      vertex -117.428 230.667 0
      vertex -115.415 231.635 10
      vertex -115.415 231.635 0
    endloop
  endfacet
  facet normal -0.433371 0.901215 0
    outer loop
      vertex -117.428 230.667 0
      vertex -117.428 230.667 10
      vertex -115.415 231.635 10
    endloop
  endfacet
  facet normal -0.896187 0.443676 0
    outer loop
      vertex -117.88 229.754 0
      vertex -117.428 230.667 10
      vertex -117.428 230.667 0
    endloop
  endfacet
  facet normal -0.896187 0.443676 0
    outer loop
      vertex -117.88 229.754 0
      vertex -117.88 229.754 10
      vertex -117.428 230.667 10
    endloop
  endfacet
  facet normal -0.965185 -0.261568 0
    outer loop
      vertex -117.68 229.016 0
      vertex -117.88 229.754 10
      vertex -117.88 229.754 0
    endloop
  endfacet
  facet normal -0.965185 -0.261568 0
    outer loop
      vertex -117.68 229.016 0
      vertex -117.68 229.016 10
      vertex -117.88 229.754 10
    endloop
  endfacet
  facet normal 0.132517 -0.991181 0
    outer loop
      vertex -116.76 229.139 0
      vertex -117.68 229.016 10
      vertex -117.68 229.016 0
    endloop
  endfacet
  facet normal 0.132517 -0.991181 0
    outer loop
      vertex -116.76 229.139 0
      vertex -116.76 229.139 10
      vertex -117.68 229.016 10
    endloop
  endfacet
  facet normal -0.176939 -0.984222 0
    outer loop
      vertex -116.671 229.123 0
      vertex -116.76 229.139 10
      vertex -116.76 229.139 0
    endloop
  endfacet
  facet normal -0.176939 -0.984222 0
    outer loop
      vertex -116.671 229.123 0
      vertex -116.671 229.123 10
      vertex -116.76 229.139 10
    endloop
  endfacet
  facet normal -0.456973 -0.889481 0
    outer loop
      vertex -115.653 228.6 0
      vertex -116.671 229.123 10
      vertex -116.671 229.123 0
    endloop
  endfacet
  facet normal -0.456973 -0.889481 0
    outer loop
      vertex -115.653 228.6 0
      vertex -115.653 228.6 10
      vertex -116.671 229.123 10
    endloop
  endfacet
  facet normal -0.0134668 -0.999909 0
    outer loop
      vertex -114.168 228.58 0
      vertex -115.653 228.6 10
      vertex -115.653 228.6 0
    endloop
  endfacet
  facet normal -0.0134668 -0.999909 0
    outer loop
      vertex -114.168 228.58 0
      vertex -114.168 228.58 10
      vertex -115.653 228.6 10
    endloop
  endfacet
  facet normal -0.424639 -0.905363 0
    outer loop
      vertex -114.055 228.527 0
      vertex -114.168 228.58 10
      vertex -114.168 228.58 0
    endloop
  endfacet
  facet normal -0.424639 -0.905363 0
    outer loop
      vertex -114.055 228.527 0
      vertex -114.055 228.527 10
      vertex -114.168 228.58 10
    endloop
  endfacet
  facet normal -0.763386 -0.645942 0
    outer loop
      vertex -113.285 227.617 0
      vertex -114.055 228.527 10
      vertex -114.055 228.527 0
    endloop
  endfacet
  facet normal -0.763386 -0.645942 0
    outer loop
      vertex -113.285 227.617 0
      vertex -113.285 227.617 10
      vertex -114.055 228.527 10
    endloop
  endfacet
  facet normal -0.997283 -0.073663 0
    outer loop
      vertex -113.272 227.441 0
      vertex -113.285 227.617 10
      vertex -113.285 227.617 0
    endloop
  endfacet
  facet normal -0.997283 -0.073663 0
    outer loop
      vertex -113.272 227.441 0
      vertex -113.272 227.441 10
      vertex -113.285 227.617 10
    endloop
  endfacet
  facet normal -0.439661 0.898164 0
    outer loop
      vertex -113.415 227.371 0
      vertex -113.272 227.441 10
      vertex -113.272 227.441 0
    endloop
  endfacet
  facet normal -0.439661 0.898164 0
    outer loop
      vertex -113.415 227.371 0
      vertex -113.415 227.371 10
      vertex -113.272 227.441 10
    endloop
  endfacet
  facet normal 0.102364 0.994747 0
    outer loop
      vertex -114.62 227.495 0
      vertex -113.415 227.371 10
      vertex -113.415 227.371 0
    endloop
  endfacet
  facet normal 0.102364 0.994747 -0
    outer loop
      vertex -114.62 227.495 0
      vertex -114.62 227.495 10
      vertex -113.415 227.371 10
    endloop
  endfacet
  facet normal -0.68127 -0.732032 0
    outer loop
      vertex -113.798 226.73 0
      vertex -114.62 227.495 10
      vertex -114.62 227.495 0
    endloop
  endfacet
  facet normal -0.68127 -0.732032 0
    outer loop
      vertex -113.798 226.73 0
      vertex -113.798 226.73 10
      vertex -114.62 227.495 10
    endloop
  endfacet
  facet normal -0.934126 -0.356943 0
    outer loop
      vertex -113.751 226.607 0
      vertex -113.798 226.73 10
      vertex -113.798 226.73 0
    endloop
  endfacet
  facet normal -0.934126 -0.356943 0
    outer loop
      vertex -113.751 226.607 0
      vertex -113.751 226.607 10
      vertex -113.798 226.73 10
    endloop
  endfacet
  facet normal -0.996481 0.0838162 0
    outer loop
      vertex -113.895 224.895 0
      vertex -113.751 226.607 10
      vertex -113.751 226.607 0
    endloop
  endfacet
  facet normal -0.996481 0.0838162 0
    outer loop
      vertex -113.895 224.895 0
      vertex -113.895 224.895 10
      vertex -113.751 226.607 10
    endloop
  endfacet
  facet normal -0.718728 -0.695291 0
    outer loop
      vertex -113.094 224.067 0
      vertex -113.895 224.895 10
      vertex -113.895 224.895 0
    endloop
  endfacet
  facet normal -0.718728 -0.695291 0
    outer loop
      vertex -113.094 224.067 0
      vertex -113.094 224.067 10
      vertex -113.895 224.895 10
    endloop
  endfacet
  facet normal -0.37651 -0.926413 0
    outer loop
      vertex -112.533 223.839 0
      vertex -113.094 224.067 10
      vertex -113.094 224.067 0
    endloop
  endfacet
  facet normal -0.37651 -0.926413 0
    outer loop
      vertex -112.533 223.839 0
      vertex -112.533 223.839 10
      vertex -113.094 224.067 10
    endloop
  endfacet
  facet normal -0.849903 -0.52694 0
    outer loop
      vertex -112.44 223.689 0
      vertex -112.533 223.839 10
      vertex -112.533 223.839 0
    endloop
  endfacet
  facet normal -0.849903 -0.52694 0
    outer loop
      vertex -112.44 223.689 0
      vertex -112.44 223.689 10
      vertex -112.533 223.839 10
    endloop
  endfacet
  facet normal -0.842786 0.53825 0
    outer loop
      vertex -112.516 223.57 0
      vertex -112.44 223.689 10
      vertex -112.44 223.689 0
    endloop
  endfacet
  facet normal -0.842786 0.53825 0
    outer loop
      vertex -112.516 223.57 0
      vertex -112.516 223.57 10
      vertex -112.44 223.689 10
    endloop
  endfacet
  facet normal -0.496139 0.868243 0
    outer loop
      vertex -113.146 223.21 0
      vertex -112.516 223.57 10
      vertex -112.516 223.57 0
    endloop
  endfacet
  facet normal -0.496139 0.868243 0
    outer loop
      vertex -113.146 223.21 0
      vertex -113.146 223.21 10
      vertex -112.516 223.57 10
    endloop
  endfacet
  facet normal -0.0690655 0.997612 0
    outer loop
      vertex -113.276 223.201 0
      vertex -113.146 223.21 10
      vertex -113.146 223.21 0
    endloop
  endfacet
  facet normal -0.0690655 0.997612 0
    outer loop
      vertex -113.276 223.201 0
      vertex -113.276 223.201 10
      vertex -113.146 223.21 10
    endloop
  endfacet
  facet normal 0.370139 0.928976 0
    outer loop
      vertex -114.556 223.711 0
      vertex -113.276 223.201 10
      vertex -113.276 223.201 0
    endloop
  endfacet
  facet normal 0.370139 0.928976 -0
    outer loop
      vertex -114.556 223.711 0
      vertex -114.556 223.711 10
      vertex -113.276 223.201 10
    endloop
  endfacet
  facet normal 0.505179 0.863014 0
    outer loop
      vertex -114.597 223.735 0
      vertex -114.556 223.711 10
      vertex -114.556 223.711 0
    endloop
  endfacet
  facet normal 0.505179 0.863014 -0
    outer loop
      vertex -114.597 223.735 0
      vertex -114.597 223.735 10
      vertex -114.556 223.711 10
    endloop
  endfacet
  facet normal 0.644172 0.764881 0
    outer loop
      vertex -116.536 225.368 0
      vertex -114.597 223.735 10
      vertex -114.597 223.735 0
    endloop
  endfacet
  facet normal 0.644172 0.764881 -0
    outer loop
      vertex -116.536 225.368 0
      vertex -116.536 225.368 10
      vertex -114.597 223.735 10
    endloop
  endfacet
  facet normal 0.339943 0.940446 0
    outer loop
      vertex -118.005 225.899 0
      vertex -116.536 225.368 10
      vertex -116.536 225.368 0
    endloop
  endfacet
  facet normal 0.339943 0.940446 -0
    outer loop
      vertex -118.005 225.899 0
      vertex -118.005 225.899 10
      vertex -116.536 225.368 10
    endloop
  endfacet
  facet normal -0.0208288 0.999783 0
    outer loop
      vertex -118.917 225.88 0
      vertex -118.005 225.899 10
      vertex -118.005 225.899 0
    endloop
  endfacet
  facet normal -0.0208288 0.999783 0
    outer loop
      vertex -118.917 225.88 0
      vertex -118.917 225.88 10
      vertex -118.005 225.899 10
    endloop
  endfacet
  facet normal 0.124035 0.992278 0
    outer loop
      vertex -118.957 225.885 0
      vertex -118.917 225.88 10
      vertex -118.917 225.88 0
    endloop
  endfacet
  facet normal 0.124035 0.992278 -0
    outer loop
      vertex -118.957 225.885 0
      vertex -118.957 225.885 10
      vertex -118.917 225.88 10
    endloop
  endfacet
  facet normal 0.246667 0.9691 0
    outer loop
      vertex -120.336 226.236 0
      vertex -118.957 225.885 10
      vertex -118.957 225.885 0
    endloop
  endfacet
  facet normal 0.246667 0.9691 -0
    outer loop
      vertex -120.336 226.236 0
      vertex -120.336 226.236 10
      vertex -118.957 225.885 10
    endloop
  endfacet
  facet normal -0.616776 0.787139 0
    outer loop
      vertex -120.835 225.845 0
      vertex -120.336 226.236 10
      vertex -120.336 226.236 0
    endloop
  endfacet
  facet normal -0.616776 0.787139 0
    outer loop
      vertex -120.835 225.845 0
      vertex -120.835 225.845 10
      vertex -120.336 226.236 10
    endloop
  endfacet
  facet normal -0.976276 0.216528 0
    outer loop
      vertex -120.949 225.331 0
      vertex -120.835 225.845 10
      vertex -120.835 225.845 0
    endloop
  endfacet
  facet normal -0.976276 0.216528 0
    outer loop
      vertex -120.949 225.331 0
      vertex -120.949 225.331 10
      vertex -120.835 225.845 10
    endloop
  endfacet
  facet normal -0.823977 -0.566624 0
    outer loop
      vertex -119.934 223.855 0
      vertex -120.949 225.331 10
      vertex -120.949 225.331 0
    endloop
  endfacet
  facet normal -0.823977 -0.566624 0
    outer loop
      vertex -119.934 223.855 0
      vertex -119.934 223.855 10
      vertex -120.949 225.331 10
    endloop
  endfacet
  facet normal -0.338023 -0.941138 0
    outer loop
      vertex -117.779 223.081 0
      vertex -119.934 223.855 10
      vertex -119.934 223.855 0
    endloop
  endfacet
  facet normal -0.338023 -0.941138 0
    outer loop
      vertex -117.779 223.081 0
      vertex -117.779 223.081 10
      vertex -119.934 223.855 10
    endloop
  endfacet
  facet normal -0.519415 -0.854522 0
    outer loop
      vertex -117.728 223.05 0
      vertex -117.779 223.081 10
      vertex -117.779 223.081 0
    endloop
  endfacet
  facet normal -0.519415 -0.854522 0
    outer loop
      vertex -117.728 223.05 0
      vertex -117.728 223.05 10
      vertex -117.779 223.081 10
    endloop
  endfacet
  facet normal -0.683291 -0.730146 0
    outer loop
      vertex -116.045 221.475 0
      vertex -117.728 223.05 10
      vertex -117.728 223.05 0
    endloop
  endfacet
  facet normal -0.683291 -0.730146 0
    outer loop
      vertex -116.045 221.475 0
      vertex -116.045 221.475 10
      vertex -117.728 223.05 10
    endloop
  endfacet
  facet normal -0.264196 -0.964469 0
    outer loop
      vertex -114.457 221.04 0
      vertex -116.045 221.475 10
      vertex -116.045 221.475 0
    endloop
  endfacet
  facet normal -0.264196 -0.964469 0
    outer loop
      vertex -114.457 221.04 0
      vertex -114.457 221.04 10
      vertex -116.045 221.475 10
    endloop
  endfacet
  facet normal 0.459334 -0.888263 0
    outer loop
      vertex -113.639 221.463 0
      vertex -114.457 221.04 10
      vertex -114.457 221.04 0
    endloop
  endfacet
  facet normal 0.459334 -0.888263 0
    outer loop
      vertex -113.639 221.463 0
      vertex -113.639 221.463 10
      vertex -114.457 221.04 10
    endloop
  endfacet
  facet normal 0 -1 0
    outer loop
      vertex -113.501 221.463 0
      vertex -113.639 221.463 10
      vertex -113.639 221.463 0
    endloop
  endfacet
  facet normal 0 -1 0
    outer loop
      vertex -113.501 221.463 0
      vertex -113.501 221.463 10
      vertex -113.639 221.463 10
    endloop
  endfacet
  facet normal -0.457412 -0.889255 0
    outer loop
      vertex -112.875 221.141 0
      vertex -113.501 221.463 10
      vertex -113.501 221.463 0
    endloop
  endfacet
  facet normal -0.457412 -0.889255 0
    outer loop
      vertex -112.875 221.141 0
      vertex -112.875 221.141 10
      vertex -113.501 221.463 10
    endloop
  endfacet
  facet normal 0.284305 -0.958734 0
    outer loop
      vertex -112.123 221.364 0
      vertex -112.875 221.141 10
      vertex -112.875 221.141 0
    endloop
  endfacet
  facet normal 0.284305 -0.958734 0
    outer loop
      vertex -112.123 221.364 0
      vertex -112.123 221.364 10
      vertex -112.875 221.141 10
    endloop
  endfacet
  facet normal -0.105601 -0.994409 0
    outer loop
      vertex -112.01 221.352 0
      vertex -112.123 221.364 10
      vertex -112.123 221.364 0
    endloop
  endfacet
  facet normal -0.105601 -0.994409 0
    outer loop
      vertex -112.01 221.352 0
      vertex -112.01 221.352 10
      vertex -112.123 221.364 10
    endloop
  endfacet
  facet normal -0.469155 -0.883116 0
    outer loop
      vertex -111.69 221.182 0
      vertex -112.01 221.352 10
      vertex -112.01 221.352 0
    endloop
  endfacet
  facet normal -0.469155 -0.883116 0
    outer loop
      vertex -111.69 221.182 0
      vertex -111.69 221.182 10
      vertex -112.01 221.352 10
    endloop
  endfacet
  facet normal -0.984741 -0.174027 0
    outer loop
      vertex -111.649 220.95 0
      vertex -111.69 221.182 10
      vertex -111.69 221.182 0
    endloop
  endfacet
  facet normal -0.984741 -0.174027 0
    outer loop
      vertex -111.649 220.95 0
      vertex -111.649 220.95 10
      vertex -111.69 221.182 10
    endloop
  endfacet
  facet normal -0.743044 0.669243 0
    outer loop
      vertex -112.048 220.507 0
      vertex -111.649 220.95 10
      vertex -111.649 220.95 0
    endloop
  endfacet
  facet normal -0.743044 0.669243 0
    outer loop
      vertex -112.048 220.507 0
      vertex -112.048 220.507 10
      vertex -111.649 220.95 10
    endloop
  endfacet
  facet normal -0.938814 -0.344424 0
    outer loop
      vertex -111.749 219.692 0
      vertex -112.048 220.507 10
      vertex -112.048 220.507 0
    endloop
  endfacet
  facet normal -0.938814 -0.344424 0
    outer loop
      vertex -111.749 219.692 0
      vertex -111.749 219.692 10
      vertex -112.048 220.507 10
    endloop
  endfacet
  facet normal -0.936329 0.351123 0
    outer loop
      vertex -111.818 219.508 0
      vertex -111.749 219.692 10
      vertex -111.749 219.692 0
    endloop
  endfacet
  facet normal -0.936329 0.351123 0
    outer loop
      vertex -111.818 219.508 0
      vertex -111.818 219.508 10
      vertex -111.749 219.692 10
    endloop
  endfacet
  facet normal -0.480749 0.876858 0
    outer loop
      vertex -112.595 219.082 0
      vertex -111.818 219.508 10
      vertex -111.818 219.508 0
    endloop
  endfacet
  facet normal -0.480749 0.876858 0
    outer loop
      vertex -112.595 219.082 0
      vertex -112.595 219.082 10
      vertex -111.818 219.508 10
    endloop
  endfacet
  facet normal -0.902762 0.43014 0
    outer loop
      vertex -112.757 218.742 0
      vertex -112.595 219.082 10
      vertex -112.595 219.082 0
    endloop
  endfacet
  facet normal -0.902762 0.43014 0
    outer loop
      vertex -112.757 218.742 0
      vertex -112.757 218.742 10
      vertex -112.595 219.082 10
    endloop
  endfacet
  facet normal -0.978825 0.204697 0
    outer loop
      vertex -113.307 216.112 0
      vertex -112.757 218.742 10
      vertex -112.757 218.742 0
    endloop
  endfacet
  facet normal -0.978825 0.204697 0
    outer loop
      vertex -113.307 216.112 0
      vertex -113.307 216.112 10
      vertex -112.757 218.742 10
    endloop
  endfacet
  facet normal 0.195538 -0.980696 0
    outer loop
      vertex -112.329 216.307 0
      vertex -113.307 216.112 10
      vertex -113.307 216.112 0
    endloop
  endfacet
  facet normal 0.195538 -0.980696 0
    outer loop
      vertex -112.329 216.307 0
      vertex -112.329 216.307 10
      vertex -113.307 216.112 10
    endloop
  endfacet
  facet normal -0.266879 -0.96373 0
    outer loop
      vertex -112.199 216.271 0
      vertex -112.329 216.307 10
      vertex -112.329 216.307 0
    endloop
  endfacet
  facet normal -0.266879 -0.96373 0
    outer loop
      vertex -112.199 216.271 0
      vertex -112.199 216.271 10
      vertex -112.329 216.307 10
    endloop
  endfacet
  facet normal -0.671279 -0.741204 0
    outer loop
      vertex -111.669 215.791 0
      vertex -112.199 216.271 10
      vertex -112.199 216.271 0
    endloop
  endfacet
  facet normal -0.671279 -0.741204 0
    outer loop
      vertex -111.669 215.791 0
      vertex -111.669 215.791 10
      vertex -112.199 216.271 10
    endloop
  endfacet
  facet normal -0.999735 -0.0230354 0
    outer loop
      vertex -111.664 215.574 0
      vertex -111.669 215.791 10
      vertex -111.669 215.791 0
    endloop
  endfacet
  facet normal -0.999735 -0.0230354 0
    outer loop
      vertex -111.664 215.574 0
      vertex -111.664 215.574 10
      vertex -111.669 215.791 10
    endloop
  endfacet
  facet normal -0.707107 0.707107 0
    outer loop
      vertex -111.874 215.364 0
      vertex -111.664 215.574 10
      vertex -111.664 215.574 0
    endloop
  endfacet
  facet normal -0.707107 0.707107 0
    outer loop
      vertex -111.874 215.364 0
      vertex -111.874 215.364 10
      vertex -111.664 215.574 10
    endloop
  endfacet
  facet normal -0.402739 0.915315 0
    outer loop
      vertex -111.974 215.32 0
      vertex -111.874 215.364 10
      vertex -111.874 215.364 0
    endloop
  endfacet
  facet normal -0.402739 0.915315 0
    outer loop
      vertex -111.974 215.32 0
      vertex -111.974 215.32 10
      vertex -111.874 215.364 10
    endloop
  endfacet
  facet normal -0.0387852 0.999248 0
    outer loop
      vertex -113.391 215.265 0
      vertex -111.974 215.32 10
      vertex -111.974 215.32 0
    endloop
  endfacet
  facet normal -0.0387852 0.999248 0
    outer loop
      vertex -113.391 215.265 0
      vertex -113.391 215.265 10
      vertex -111.974 215.32 10
    endloop
  endfacet
  facet normal -0.988389 0.151946 0
    outer loop
      vertex -113.698 213.268 0
      vertex -113.391 215.265 10
      vertex -113.391 215.265 0
    endloop
  endfacet
  facet normal -0.988389 0.151946 0
    outer loop
      vertex -113.698 213.268 0
      vertex -113.698 213.268 10
      vertex -113.391 215.265 10
    endloop
  endfacet
  facet normal 0.432691 -0.901543 0
    outer loop
      vertex -112.975 213.615 0
      vertex -113.698 213.268 10
      vertex -113.698 213.268 0
    endloop
  endfacet
  facet normal 0.432691 -0.901543 0
    outer loop
      vertex -112.975 213.615 0
      vertex -112.975 213.615 10
      vertex -113.698 213.268 10
    endloop
  endfacet
  facet normal -0.180875 -0.983506 0
    outer loop
      vertex -112.801 213.583 0
      vertex -112.975 213.615 10
      vertex -112.975 213.615 0
    endloop
  endfacet
  facet normal -0.180875 -0.983506 0
    outer loop
      vertex -112.801 213.583 0
      vertex -112.801 213.583 10
      vertex -112.975 213.615 10
    endloop
  endfacet
  facet normal -0.979347 -0.202188 0
    outer loop
      vertex -112.769 213.428 0
      vertex -112.801 213.583 10
      vertex -112.801 213.583 0
    endloop
  endfacet
  facet normal -0.979347 -0.202188 0
    outer loop
      vertex -112.769 213.428 0
      vertex -112.769 213.428 10
      vertex -112.801 213.583 10
    endloop
  endfacet
  facet normal -0.939123 0.343582 0
    outer loop
      vertex -113.069 212.608 0
      vertex -112.769 213.428 10
      vertex -112.769 213.428 0
    endloop
  endfacet
  facet normal -0.939123 0.343582 0
    outer loop
      vertex -113.069 212.608 0
      vertex -113.069 212.608 10
      vertex -112.769 213.428 10
    endloop
  endfacet
  facet normal -0.864507 0.50262 0
    outer loop
      vertex -113.094 212.565 0
      vertex -113.069 212.608 10
      vertex -113.069 212.608 0
    endloop
  endfacet
  facet normal -0.864507 0.50262 0
    outer loop
      vertex -113.094 212.565 0
      vertex -113.094 212.565 10
      vertex -113.069 212.608 10
    endloop
  endfacet
  facet normal -0.77193 0.635707 0
    outer loop
      vertex -113.514 212.055 0
      vertex -113.094 212.565 10
      vertex -113.094 212.565 0
    endloop
  endfacet
  facet normal -0.77193 0.635707 0
    outer loop
      vertex -113.514 212.055 0
      vertex -113.514 212.055 10
      vertex -113.094 212.565 10
    endloop
  endfacet
  facet normal -0.577669 0.816271 0
    outer loop
      vertex -113.579 212.009 0
      vertex -113.514 212.055 10
      vertex -113.514 212.055 0
    endloop
  endfacet
  facet normal -0.577669 0.816271 0
    outer loop
      vertex -113.579 212.009 0
      vertex -113.579 212.009 10
      vertex -113.514 212.055 10
    endloop
  endfacet
  facet normal -0.336884 0.941546 0
    outer loop
      vertex -114.669 211.619 0
      vertex -113.579 212.009 10
      vertex -113.579 212.009 0
    endloop
  endfacet
  facet normal -0.336884 0.941546 0
    outer loop
      vertex -114.669 211.619 0
      vertex -114.669 211.619 10
      vertex -113.579 212.009 10
    endloop
  endfacet
  facet normal 0.118561 0.992947 0
    outer loop
      vertex -114.803 211.635 0
      vertex -114.669 211.619 10
      vertex -114.669 211.619 0
    endloop
  endfacet
  facet normal 0.118561 0.992947 -0
    outer loop
      vertex -114.803 211.635 0
      vertex -114.803 211.635 10
      vertex -114.669 211.619 10
    endloop
  endfacet
  facet normal 0.555738 0.831357 0
    outer loop
      vertex -116.281 212.623 0
      vertex -114.803 211.635 10
      vertex -114.803 211.635 0
    endloop
  endfacet
  facet normal 0.555738 0.831357 -0
    outer loop
      vertex -116.281 212.623 0
      vertex -116.281 212.623 10
      vertex -114.803 211.635 10
    endloop
  endfacet
  facet normal 0.0753862 0.997154 0
    outer loop
      vertex -116.863 212.667 0
      vertex -116.281 212.623 10
      vertex -116.281 212.623 0
    endloop
  endfacet
  facet normal 0.0753862 0.997154 -0
    outer loop
      vertex -116.863 212.667 0
      vertex -116.863 212.667 10
      vertex -116.281 212.623 10
    endloop
  endfacet
  facet normal -0.526718 0.85004 0
    outer loop
      vertex -117.749 212.118 0
      vertex -116.863 212.667 10
      vertex -116.863 212.667 0
    endloop
  endfacet
  facet normal -0.526718 0.85004 0
    outer loop
      vertex -117.749 212.118 0
      vertex -117.749 212.118 10
      vertex -116.863 212.667 10
    endloop
  endfacet
  facet normal -0.928398 0.371587 0
    outer loop
      vertex -118.403 210.484 0
      vertex -117.749 212.118 10
      vertex -117.749 212.118 0
    endloop
  endfacet
  facet normal -0.928398 0.371587 0
    outer loop
      vertex -118.403 210.484 0
      vertex -118.403 210.484 10
      vertex -117.749 212.118 10
    endloop
  endfacet
  facet normal 0.0596761 -0.998218 0
    outer loop
      vertex -117.299 210.55 0
      vertex -118.403 210.484 10
      vertex -118.403 210.484 0
    endloop
  endfacet
  facet normal 0.0596761 -0.998218 0
    outer loop
      vertex -117.299 210.55 0
      vertex -117.299 210.55 10
      vertex -118.403 210.484 10
    endloop
  endfacet
  facet normal -0.462789 -0.886469 0
    outer loop
      vertex -117.163 210.479 0
      vertex -117.299 210.55 10
      vertex -117.299 210.55 0
    endloop
  endfacet
  facet normal -0.462789 -0.886469 0
    outer loop
      vertex -117.163 210.479 0
      vertex -117.163 210.479 10
      vertex -117.299 210.55 10
    endloop
  endfacet
  facet normal -0.848806 -0.528705 0
    outer loop
      vertex -117.016 210.243 0
      vertex -117.163 210.479 10
      vertex -117.163 210.479 0
    endloop
  endfacet
  facet normal -0.848806 -0.528705 0
    outer loop
      vertex -117.016 210.243 0
      vertex -117.016 210.243 10
      vertex -117.163 210.479 10
    endloop
  endfacet
  facet normal -0.22029 -0.975434 0
    outer loop
      vertex -116.002 210.014 0
      vertex -117.016 210.243 10
      vertex -117.016 210.243 0
    endloop
  endfacet
  facet normal -0.22029 -0.975434 0
    outer loop
      vertex -116.002 210.014 0
      vertex -116.002 210.014 10
      vertex -117.016 210.243 10
    endloop
  endfacet
  facet normal 0.246266 -0.969202 0
    outer loop
      vertex -114.841 210.309 0
      vertex -116.002 210.014 10
      vertex -116.002 210.014 0
    endloop
  endfacet
  facet normal 0.246266 -0.969202 0
    outer loop
      vertex -114.841 210.309 0
      vertex -114.841 210.309 10
      vertex -116.002 210.014 10
    endloop
  endfacet
  facet normal 0.87906 -0.476711 0
    outer loop
      vertex -114.482 210.971 0
      vertex -114.841 210.309 10
      vertex -114.841 210.309 0
    endloop
  endfacet
  facet normal 0.87906 -0.476711 0
    outer loop
      vertex -114.482 210.971 0
      vertex -114.482 210.971 10
      vertex -114.841 210.309 10
    endloop
  endfacet
  facet normal 0.629943 -0.776642 0
    outer loop
      vertex -114.392 211.044 0
      vertex -114.482 210.971 10
      vertex -114.482 210.971 0
    endloop
  endfacet
  facet normal 0.629943 -0.776642 0
    outer loop
      vertex -114.392 211.044 0
      vertex -114.392 211.044 10
      vertex -114.482 210.971 10
    endloop
  endfacet
  facet normal 0.27933 -0.960195 0
    outer loop
      vertex -113.842 211.204 0
      vertex -114.392 211.044 10
      vertex -114.392 211.044 0
    endloop
  endfacet
  facet normal 0.27933 -0.960195 0
    outer loop
      vertex -113.842 211.204 0
      vertex -113.842 211.204 10
      vertex -114.392 211.044 10
    endloop
  endfacet
  facet normal -0.427006 -0.904249 0
    outer loop
      vertex -113.662 211.119 0
      vertex -113.842 211.204 10
      vertex -113.842 211.204 0
    endloop
  endfacet
  facet normal -0.427006 -0.904249 0
    outer loop
      vertex -113.662 211.119 0
      vertex -113.662 211.119 10
      vertex -113.842 211.204 10
    endloop
  endfacet
  facet normal -0.919145 -0.393919 0
    outer loop
      vertex -113.572 210.909 0
      vertex -113.662 211.119 10
      vertex -113.662 211.119 0
    endloop
  endfacet
  facet normal -0.919145 -0.393919 0
    outer loop
      vertex -113.572 210.909 0
      vertex -113.572 210.909 10
      vertex -113.662 211.119 10
    endloop
  endfacet
  facet normal -0.999707 0.0241865 0
    outer loop
      vertex -113.575 210.785 0
      vertex -113.572 210.909 10
      vertex -113.572 210.909 0
    endloop
  endfacet
  facet normal -0.999707 0.0241865 0
    outer loop
      vertex -113.575 210.785 0
      vertex -113.575 210.785 10
      vertex -113.572 210.909 10
    endloop
  endfacet
  facet normal -0.901594 0.432583 0
    outer loop
      vertex -114.525 208.805 0
      vertex -113.575 210.785 10
      vertex -113.575 210.785 0
    endloop
  endfacet
  facet normal -0.901594 0.432583 0
    outer loop
      vertex -114.525 208.805 0
      vertex -114.525 208.805 10
      vertex -113.575 210.785 10
    endloop
  endfacet
  facet normal -0.417733 0.90857 0
    outer loop
      vertex -114.699 208.725 0
      vertex -114.525 208.805 10
      vertex -114.525 208.805 0
    endloop
  endfacet
  facet normal -0.417733 0.90857 0
    outer loop
      vertex -114.699 208.725 0
      vertex -114.699 208.725 10
      vertex -114.525 208.805 10
    endloop
  endfacet
  facet normal 0.257825 0.966192 0
    outer loop
      vertex -118.023 209.612 0
      vertex -114.699 208.725 10
      vertex -114.699 208.725 0
    endloop
  endfacet
  facet normal 0.257825 0.966192 -0
    outer loop
      vertex -118.023 209.612 0
      vertex -118.023 209.612 10
      vertex -114.699 208.725 10
    endloop
  endfacet
  facet normal -0.918687 0.394987 0
    outer loop
      vertex -118.916 207.535 0
      vertex -118.023 209.612 10
      vertex -118.023 209.612 0
    endloop
  endfacet
  facet normal -0.918687 0.394987 0
    outer loop
      vertex -118.916 207.535 0
      vertex -118.916 207.535 10
      vertex -118.023 209.612 10
    endloop
  endfacet
  facet normal -0.97898 0.203954 0
    outer loop
      vertex -119.216 206.095 0
      vertex -118.916 207.535 10
      vertex -118.916 207.535 0
    endloop
  endfacet
  facet normal -0.97898 0.203954 0
    outer loop
      vertex -119.216 206.095 0
      vertex -119.216 206.095 10
      vertex -118.916 207.535 10
    endloop
  endfacet
  facet normal 0.210153 -0.977669 0
    outer loop
      vertex -118.788 206.187 0
      vertex -119.216 206.095 10
      vertex -119.216 206.095 0
    endloop
  endfacet
  facet normal 0.210153 -0.977669 0
    outer loop
      vertex -118.788 206.187 0
      vertex -118.788 206.187 10
      vertex -119.216 206.095 10
    endloop
  endfacet
  facet normal 0.73745 -0.675402 0
    outer loop
      vertex -117.841 207.221 0
      vertex -118.788 206.187 10
      vertex -118.788 206.187 0
    endloop
  endfacet
  facet normal 0.73745 -0.675402 0
    outer loop
      vertex -117.841 207.221 0
      vertex -117.841 207.221 10
      vertex -118.788 206.187 10
    endloop
  endfacet
  facet normal 0.548656 -0.836048 0
    outer loop
      vertex -117.777 207.263 0
      vertex -117.841 207.221 10
      vertex -117.841 207.221 0
    endloop
  endfacet
  facet normal 0.548656 -0.836048 0
    outer loop
      vertex -117.777 207.263 0
      vertex -117.777 207.263 10
      vertex -117.841 207.221 10
    endloop
  endfacet
  facet normal 0.310153 -0.950687 0
    outer loop
      vertex -116.367 207.723 0
      vertex -117.777 207.263 10
      vertex -117.777 207.263 0
    endloop
  endfacet
  facet normal 0.310153 -0.950687 0
    outer loop
      vertex -116.367 207.723 0
      vertex -116.367 207.723 10
      vertex -117.777 207.263 10
    endloop
  endfacet
  facet normal -0.0549627 -0.998488 0
    outer loop
      vertex -116.258 207.717 0
      vertex -116.367 207.723 10
      vertex -116.367 207.723 0
    endloop
  endfacet
  facet normal -0.0549627 -0.998488 0
    outer loop
      vertex -116.258 207.717 0
      vertex -116.258 207.717 10
      vertex -116.367 207.723 10
    endloop
  endfacet
  facet normal -0.410151 -0.912018 0
    outer loop
      vertex -115.015 207.158 0
      vertex -116.258 207.717 10
      vertex -116.258 207.717 0
    endloop
  endfacet
  facet normal -0.410151 -0.912018 0
    outer loop
      vertex -115.015 207.158 0
      vertex -115.015 207.158 10
      vertex -116.258 207.717 10
    endloop
  endfacet
  facet normal 0.225314 -0.974286 0
    outer loop
      vertex -113.294 207.556 0
      vertex -115.015 207.158 10
      vertex -115.015 207.158 0
    endloop
  endfacet
  facet normal 0.225314 -0.974286 0
    outer loop
      vertex -113.294 207.556 0
      vertex -113.294 207.556 10
      vertex -115.015 207.158 10
    endloop
  endfacet
  facet normal -0.21693 -0.976187 0
    outer loop
      vertex -113.168 207.528 0
      vertex -113.294 207.556 10
      vertex -113.294 207.556 0
    endloop
  endfacet
  facet normal -0.21693 -0.976187 0
    outer loop
      vertex -113.168 207.528 0
      vertex -113.168 207.528 10
      vertex -113.294 207.556 10
    endloop
  endfacet
  facet normal -0.613941 -0.789352 0
    outer loop
      vertex -112.988 207.388 0
      vertex -113.168 207.528 10
      vertex -113.168 207.528 0
    endloop
  endfacet
  facet normal -0.613941 -0.789352 0
    outer loop
      vertex -112.988 207.388 0
      vertex -112.988 207.388 10
      vertex -113.168 207.528 10
    endloop
  endfacet
  facet normal -0.960444 -0.278472 0
    outer loop
      vertex -112.939 207.219 0
      vertex -112.988 207.388 10
      vertex -112.988 207.388 0
    endloop
  endfacet
  facet normal -0.960444 -0.278472 0
    outer loop
      vertex -112.939 207.219 0
      vertex -112.939 207.219 10
      vertex -112.988 207.388 10
    endloop
  endfacet
  facet normal -0.736794 0.676117 0
    outer loop
      vertex -113.017 207.134 0
      vertex -112.939 207.219 10
      vertex -112.939 207.219 0
    endloop
  endfacet
  facet normal -0.736794 0.676117 0
    outer loop
      vertex -113.017 207.134 0
      vertex -113.017 207.134 10
      vertex -112.939 207.219 10
    endloop
  endfacet
  facet normal -0.418209 0.908351 0
    outer loop
      vertex -113.56 206.884 0
      vertex -113.017 207.134 10
      vertex -113.017 207.134 0
    endloop
  endfacet
  facet normal -0.418209 0.908351 0
    outer loop
      vertex -113.56 206.884 0
      vertex -113.56 206.884 10
      vertex -113.017 207.134 10
    endloop
  endfacet
  facet normal -1 0 0
    outer loop
      vertex -113.56 206.814 0
      vertex -113.56 206.884 10
      vertex -113.56 206.884 0
    endloop
  endfacet
  facet normal -1 0 0
    outer loop
      vertex -113.56 206.814 0
      vertex -113.56 206.814 10
      vertex -113.56 206.884 10
    endloop
  endfacet
  facet normal -0.612133 -0.790755 0
    outer loop
      vertex -112.378 205.899 0
      vertex -113.56 206.814 10
      vertex -113.56 206.814 0
    endloop
  endfacet
  facet normal -0.612133 -0.790755 0
    outer loop
      vertex -112.378 205.899 0
      vertex -112.378 205.899 10
      vertex -113.56 206.814 10
    endloop
  endfacet
  facet normal -0.960881 -0.27696 0
    outer loop
      vertex -112.329 205.729 0
      vertex -112.378 205.899 10
      vertex -112.378 205.899 0
    endloop
  endfacet
  facet normal -0.960881 -0.27696 0
    outer loop
      vertex -112.329 205.729 0
      vertex -112.329 205.729 10
      vertex -112.378 205.899 10
    endloop
  endfacet
  facet normal -0.755993 0.654579 0
    outer loop
      vertex -112.4 205.647 0
      vertex -112.329 205.729 10
      vertex -112.329 205.729 0
    endloop
  endfacet
  facet normal -0.755993 0.654579 0
    outer loop
      vertex -112.4 205.647 0
      vertex -112.4 205.647 10
      vertex -112.329 205.729 10
    endloop
  endfacet
  facet normal -0.464007 0.885832 0
    outer loop
      vertex -112.61 205.537 0
      vertex -112.4 205.647 10
      vertex -112.4 205.647 0
    endloop
  endfacet
  facet normal -0.464007 0.885832 0
    outer loop
      vertex -112.61 205.537 0
      vertex -112.61 205.537 10
      vertex -112.4 205.647 10
    endloop
  endfacet
  facet normal 0.0639713 0.997952 0
    outer loop
      vertex -112.766 205.547 0
      vertex -112.61 205.537 10
      vertex -112.61 205.537 0
    endloop
  endfacet
  facet normal 0.0639713 0.997952 -0
    outer loop
      vertex -112.766 205.547 0
      vertex -112.766 205.547 10
      vertex -112.61 205.537 10
    endloop
  endfacet
  facet normal 0.572606 0.819831 0
    outer loop
      vertex -113.794 206.265 0
      vertex -112.766 205.547 10
      vertex -112.766 205.547 0
    endloop
  endfacet
  facet normal 0.572606 0.819831 -0
    outer loop
      vertex -113.794 206.265 0
      vertex -113.794 206.265 10
      vertex -112.766 205.547 10
    endloop
  endfacet
  facet normal 0.0988138 0.995106 0
    outer loop
      vertex -115.365 206.421 0
      vertex -113.794 206.265 10
      vertex -113.794 206.265 0
    endloop
  endfacet
  facet normal 0.0988138 0.995106 -0
    outer loop
      vertex -115.365 206.421 0
      vertex -115.365 206.421 10
      vertex -113.794 206.265 10
    endloop
  endfacet
  facet normal 0.242536 0.970143 0
    outer loop
      vertex -115.409 206.432 0
      vertex -115.365 206.421 10
      vertex -115.365 206.421 0
    endloop
  endfacet
  facet normal 0.242536 0.970143 -0
    outer loop
      vertex -115.409 206.432 0
      vertex -115.409 206.432 10
      vertex -115.365 206.421 10
    endloop
  endfacet
  facet normal 0.39149 0.920182 0
    outer loop
      vertex -116.69 206.977 0
      vertex -115.409 206.432 10
      vertex -115.409 206.432 0
    endloop
  endfacet
  facet normal 0.39149 0.920182 -0
    outer loop
      vertex -116.69 206.977 0
      vertex -116.69 206.977 10
      vertex -115.409 206.432 10
    endloop
  endfacet
  facet normal -0.388232 0.921562 0
    outer loop
      vertex -117.63 206.581 0
      vertex -116.69 206.977 10
      vertex -116.69 206.977 0
    endloop
  endfacet
  facet normal -0.388232 0.921562 0
    outer loop
      vertex -117.63 206.581 0
      vertex -117.63 206.581 10
      vertex -116.69 206.977 10
    endloop
  endfacet
  facet normal -0.649063 0.760735 0
    outer loop
      vertex -119.408 205.064 0
      vertex -117.63 206.581 10
      vertex -117.63 206.581 0
    endloop
  endfacet
  facet normal -0.649063 0.760735 0
    outer loop
      vertex -119.408 205.064 0
      vertex -119.408 205.064 10
      vertex -117.63 206.581 10
    endloop
  endfacet
  facet normal -0.993266 0.115859 0
    outer loop
      vertex -119.586 203.538 0
      vertex -119.408 205.064 10
      vertex -119.408 205.064 0
    endloop
  endfacet
  facet normal -0.993266 0.115859 0
    outer loop
      vertex -119.586 203.538 0
      vertex -119.586 203.538 10
      vertex -119.408 205.064 10
    endloop
  endfacet
  facet normal -0.887911 -0.460016 0
    outer loop
      vertex -119.185 202.764 0
      vertex -119.586 203.538 10
      vertex -119.586 203.538 0
    endloop
  endfacet
  facet normal -0.887911 -0.460016 0
    outer loop
      vertex -119.185 202.764 0
      vertex -119.185 202.764 10
      vertex -119.586 203.538 10
    endloop
  endfacet
  facet normal -0.543251 -0.83957 0
    outer loop
      vertex -118.709 202.456 0
      vertex -119.185 202.764 10
      vertex -119.185 202.764 0
    endloop
  endfacet
  facet normal -0.543251 -0.83957 0
    outer loop
      vertex -118.709 202.456 0
      vertex -118.709 202.456 10
      vertex -119.185 202.764 10
    endloop
  endfacet
  facet normal -0.102325 -0.994751 0
    outer loop
      vertex -116.405 202.219 0
      vertex -118.709 202.456 10
      vertex -118.709 202.456 0
    endloop
  endfacet
  facet normal -0.102325 -0.994751 0
    outer loop
      vertex -116.405 202.219 0
      vertex -116.405 202.219 10
      vertex -118.709 202.456 10
    endloop
  endfacet
  facet normal -0.663308 -0.748347 0
    outer loop
      vertex -116.273 202.102 0
      vertex -116.405 202.219 10
      vertex -116.405 202.219 0
    endloop
  endfacet
  facet normal -0.663308 -0.748347 0
    outer loop
      vertex -116.273 202.102 0
      vertex -116.273 202.102 10
      vertex -116.405 202.219 10
    endloop
  endfacet
  facet normal -0.841331 0.54052 0
    outer loop
      vertex -116.388 201.923 0
      vertex -116.273 202.102 10
      vertex -116.273 202.102 0
    endloop
  endfacet
  facet normal -0.841331 0.54052 0
    outer loop
      vertex -116.388 201.923 0
      vertex -116.388 201.923 10
      vertex -116.273 202.102 10
    endloop
  endfacet
  facet normal -0.210153 0.977669 0
    outer loop
      vertex -117.779 201.624 0
      vertex -116.388 201.923 10
      vertex -116.388 201.923 0
    endloop
  endfacet
  facet normal -0.210153 0.977669 0
    outer loop
      vertex -117.779 201.624 0
      vertex -117.779 201.624 10
      vertex -116.388 201.923 10
    endloop
  endfacet
  facet normal -0.762279 0.647249 0
    outer loop
      vertex -118.578 200.683 0
      vertex -117.779 201.624 10
      vertex -117.779 201.624 0
    endloop
  endfacet
  facet normal -0.762279 0.647249 0
    outer loop
      vertex -118.578 200.683 0
      vertex -118.578 200.683 10
      vertex -117.779 201.624 10
    endloop
  endfacet
  facet normal -0.938852 0.34432 0
    outer loop
      vertex -119.039 199.426 0
      vertex -118.578 200.683 10
      vertex -118.578 200.683 0
    endloop
  endfacet
  facet normal -0.938852 0.34432 0
    outer loop
      vertex -119.039 199.426 0
      vertex -119.039 199.426 10
      vertex -118.578 200.683 10
    endloop
  endfacet
  facet normal -0.999393 -0.0348249 0
    outer loop
      vertex -118.996 198.192 0
      vertex -119.039 199.426 10
      vertex -119.039 199.426 0
    endloop
  endfacet
  facet normal -0.999393 -0.0348249 0
    outer loop
      vertex -118.996 198.192 0
      vertex -118.996 198.192 10
      vertex -119.039 199.426 10
    endloop
  endfacet
  facet normal 0.19949 -0.9799 0
    outer loop
      vertex -117.935 198.408 0
      vertex -118.996 198.192 10
      vertex -118.996 198.192 0
    endloop
  endfacet
  facet normal 0.19949 -0.9799 0
    outer loop
      vertex -117.935 198.408 0
      vertex -117.935 198.408 10
      vertex -118.996 198.192 10
    endloop
  endfacet
  facet normal 0.714797 -0.699332 0
    outer loop
      vertex -115.267 201.135 0
      vertex -117.935 198.408 10
      vertex -117.935 198.408 0
    endloop
  endfacet
  facet normal 0.714797 -0.699332 0
    outer loop
      vertex -115.267 201.135 0
      vertex -115.267 201.135 10
      vertex -117.935 198.408 10
    endloop
  endfacet
  facet normal 0.654931 -0.755689 0
    outer loop
      vertex -115.252 201.148 0
      vertex -115.267 201.135 10
      vertex -115.267 201.135 0
    endloop
  endfacet
  facet normal 0.654931 -0.755689 0
    outer loop
      vertex -115.252 201.148 0
      vertex -115.252 201.148 10
      vertex -115.267 201.135 10
    endloop
  endfacet
  facet normal 0.615989 -0.787755 0
    outer loop
      vertex -113.922 202.188 0
      vertex -115.252 201.148 10
      vertex -115.252 201.148 0
    endloop
  endfacet
  facet normal 0.615989 -0.787755 0
    outer loop
      vertex -113.922 202.188 0
      vertex -113.922 202.188 10
      vertex -115.252 201.148 10
    endloop
  endfacet
  facet normal 0.0340711 -0.999419 0
    outer loop
      vertex -113.746 202.194 0
      vertex -113.922 202.188 10
      vertex -113.922 202.188 0
    endloop
  endfacet
  facet normal 0.0340711 -0.999419 0
    outer loop
      vertex -113.746 202.194 0
      vertex -113.746 202.194 10
      vertex -113.922 202.188 10
    endloop
  endfacet
  facet normal -0.995893 -0.0905357 0
    outer loop
      vertex -113.725 201.963 0
      vertex -113.746 202.194 10
      vertex -113.746 202.194 0
    endloop
  endfacet
  facet normal -0.995893 -0.0905357 0
    outer loop
      vertex -113.725 201.963 0
      vertex -113.725 201.963 10
      vertex -113.746 202.194 10
    endloop
  endfacet
  facet normal -0.702477 0.711707 0
    outer loop
      vertex -115.19 200.517 0
      vertex -113.725 201.963 10
      vertex -113.725 201.963 0
    endloop
  endfacet
  facet normal -0.702477 0.711707 0
    outer loop
      vertex -115.19 200.517 0
      vertex -115.19 200.517 10
      vertex -113.725 201.963 10
    endloop
  endfacet
  facet normal -0.86549 0.500927 0
    outer loop
      vertex -115.55 199.895 0
      vertex -115.19 200.517 10
      vertex -115.19 200.517 0
    endloop
  endfacet
  facet normal -0.86549 0.500927 0
    outer loop
      vertex -115.55 199.895 0
      vertex -115.55 199.895 10
      vertex -115.19 200.517 10
    endloop
  endfacet
  facet normal -0.761939 0.647648 0
    outer loop
      vertex -115.584 199.855 0
      vertex -115.55 199.895 10
      vertex -115.55 199.895 0
    endloop
  endfacet
  facet normal -0.761939 0.647648 0
    outer loop
      vertex -115.584 199.855 0
      vertex -115.584 199.855 10
      vertex -115.55 199.895 10
    endloop
  endfacet
  facet normal -0.638835 0.769344 0
    outer loop
      vertex -118.39 197.525 0
      vertex -115.584 199.855 10
      vertex -115.584 199.855 0
    endloop
  endfacet
  facet normal -0.638835 0.769344 0
    outer loop
      vertex -118.39 197.525 0
      vertex -118.39 197.525 10
      vertex -115.584 199.855 10
    endloop
  endfacet
  facet normal -0.92737 -0.374146 0
    outer loop
      vertex -118.273 197.235 0
      vertex -118.39 197.525 10
      vertex -118.39 197.525 0
    endloop
  endfacet
  facet normal -0.92737 -0.374146 0
    outer loop
      vertex -118.273 197.235 0
      vertex -118.273 197.235 10
      vertex -118.39 197.525 10
    endloop
  endfacet
  facet normal -0.16161 -0.986855 0
    outer loop
      vertex -117.986 197.188 0
      vertex -118.273 197.235 10
      vertex -118.273 197.235 0
    endloop
  endfacet
  facet normal -0.16161 -0.986855 0
    outer loop
      vertex -117.986 197.188 0
      vertex -117.986 197.188 10
      vertex -118.273 197.235 10
    endloop
  endfacet
  facet normal -0.838238 -0.545305 0
    outer loop
      vertex -117.865 197.002 0
      vertex -117.986 197.188 10
      vertex -117.986 197.188 0
    endloop
  endfacet
  facet normal -0.838238 -0.545305 0
    outer loop
      vertex -117.865 197.002 0
      vertex -117.865 197.002 10
      vertex -117.986 197.188 10
    endloop
  endfacet
  facet normal -0.968188 0.250226 0
    outer loop
      vertex -118.148 195.907 0
      vertex -117.865 197.002 10
      vertex -117.865 197.002 0
    endloop
  endfacet
  facet normal -0.968188 0.250226 0
    outer loop
      vertex -118.148 195.907 0
      vertex -118.148 195.907 10
      vertex -117.865 197.002 10
    endloop
  endfacet
  facet normal -0.996528 -0.0832543 0
    outer loop
      vertex -118.082 195.117 0
      vertex -118.148 195.907 10
      vertex -118.148 195.907 0
    endloop
  endfacet
  facet normal -0.996528 -0.0832543 0
    outer loop
      vertex -118.082 195.117 0
      vertex -118.082 195.117 10
      vertex -118.148 195.907 10
    endloop
  endfacet
  facet normal -0.0203551 -0.999793 0
    outer loop
      vertex -117.247 195.1 0
      vertex -118.082 195.117 10
      vertex -118.082 195.117 0
    endloop
  endfacet
  facet normal -0.0203551 -0.999793 0
    outer loop
      vertex -117.247 195.1 0
      vertex -117.247 195.1 10
      vertex -118.082 195.117 10
    endloop
  endfacet
  facet normal -0.475819 -0.879543 0
    outer loop
      vertex -117.125 195.034 0
      vertex -117.247 195.1 10
      vertex -117.247 195.1 0
    endloop
  endfacet
  facet normal -0.475819 -0.879543 0
    outer loop
      vertex -117.125 195.034 0
      vertex -117.125 195.034 10
      vertex -117.247 195.1 10
    endloop
  endfacet
  facet normal -0.830637 -0.556815 0
    outer loop
      vertex -116.7 194.4 0
      vertex -117.125 195.034 10
      vertex -117.125 195.034 0
    endloop
  endfacet
  facet normal -0.830637 -0.556815 0
    outer loop
      vertex -116.7 194.4 0
      vertex -116.7 194.4 10
      vertex -117.125 195.034 10
    endloop
  endfacet
  facet normal 0 -1 0
    outer loop
      vertex -116.393 194.4 0
      vertex -116.7 194.4 10
      vertex -116.7 194.4 0
    endloop
  endfacet
  facet normal 0 -1 0
    outer loop
      vertex -116.393 194.4 0
      vertex -116.393 194.4 10
      vertex -116.7 194.4 10
    endloop
  endfacet
  facet normal 0.712045 -0.702134 0
    outer loop
      vertex -115.047 195.765 0
      vertex -116.393 194.4 10
      vertex -116.393 194.4 0
    endloop
  endfacet
  facet normal 0.712045 -0.702134 0
    outer loop
      vertex -115.047 195.765 0
      vertex -115.047 195.765 10
      vertex -116.393 194.4 10
    endloop
  endfacet
  facet normal 0.566529 -0.824042 0
    outer loop
      vertex -114.999 195.798 0
      vertex -115.047 195.765 10
      vertex -115.047 195.765 0
    endloop
  endfacet
  facet normal 0.566529 -0.824042 0
    outer loop
      vertex -114.999 195.798 0
      vertex -114.999 195.798 10
      vertex -115.047 195.765 10
    endloop
  endfacet
  facet normal 0.390874 -0.920444 0
    outer loop
      vertex -114.269 196.108 0
      vertex -114.999 195.798 10
      vertex -114.999 195.798 0
    endloop
  endfacet
  facet normal 0.390874 -0.920444 0
    outer loop
      vertex -114.269 196.108 0
      vertex -114.269 196.108 10
      vertex -114.999 195.798 10
    endloop
  endfacet
  facet normal 0.187112 -0.982339 0
    outer loop
      vertex -114.206 196.12 0
      vertex -114.269 196.108 10
      vertex -114.269 196.108 0
    endloop
  endfacet
  facet normal 0.187112 -0.982339 0
    outer loop
      vertex -114.206 196.12 0
      vertex -114.206 196.12 10
      vertex -114.269 196.108 10
    endloop
  endfacet
  facet normal -0.0298375 -0.999555 0
    outer loop
      vertex -113.536 196.1 0
      vertex -114.206 196.12 10
      vertex -114.206 196.12 0
    endloop
  endfacet
  facet normal -0.0298375 -0.999555 0
    outer loop
      vertex -113.536 196.1 0
      vertex -113.536 196.1 10
      vertex -114.206 196.12 10
    endloop
  endfacet
  facet normal -0.610803 -0.791782 0
    outer loop
      vertex -113.396 195.992 0
      vertex -113.536 196.1 10
      vertex -113.536 196.1 0
    endloop
  endfacet
  facet normal -0.610803 -0.791782 0
    outer loop
      vertex -113.396 195.992 0
      vertex -113.396 195.992 10
      vertex -113.536 196.1 10
    endloop
  endfacet
  facet normal -0.876812 0.480833 0
    outer loop
      vertex -113.498 195.806 0
      vertex -113.396 195.992 10
      vertex -113.396 195.992 0
    endloop
  endfacet
  facet normal -0.876812 0.480833 0
    outer loop
      vertex -113.498 195.806 0
      vertex -113.498 195.806 10
      vertex -113.396 195.992 10
    endloop
  endfacet
  facet normal -0.278861 0.960332 0
    outer loop
      vertex -114.631 195.477 0
      vertex -113.498 195.806 10
      vertex -113.498 195.806 0
    endloop
  endfacet
  facet normal -0.278861 0.960332 0
    outer loop
      vertex -114.631 195.477 0
      vertex -114.631 195.477 10
      vertex -113.498 195.806 10
    endloop
  endfacet
  facet normal -0.710527 0.70367 0
    outer loop
      vertex -116.581 193.508 0
      vertex -114.631 195.477 10
      vertex -114.631 195.477 0
    endloop
  endfacet
  facet normal -0.710527 0.70367 0
    outer loop
      vertex -116.581 193.508 0
      vertex -116.581 193.508 10
      vertex -114.631 195.477 10
    endloop
  endfacet
  facet normal -0.956607 -0.29138 0
    outer loop
      vertex -116.422 192.986 0
      vertex -116.581 193.508 10
      vertex -116.581 193.508 0
    endloop
  endfacet
  facet normal -0.956607 -0.29138 0
    outer loop
      vertex -116.422 192.986 0
      vertex -116.422 192.986 10
      vertex -116.581 193.508 10
    endloop
  endfacet
  facet normal -0.541099 -0.840959 0
    outer loop
      vertex -116.049 192.746 0
      vertex -116.422 192.986 10
      vertex -116.422 192.986 0
    endloop
  endfacet
  facet normal -0.541099 -0.840959 0
    outer loop
      vertex -116.049 192.746 0
      vertex -116.049 192.746 10
      vertex -116.422 192.986 10
    endloop
  endfacet
  facet normal -0.852712 -0.522382 0
    outer loop
      vertex -115.981 192.635 0
      vertex -116.049 192.746 10
      vertex -116.049 192.746 0
    endloop
  endfacet
  facet normal -0.852712 -0.522382 0
    outer loop
      vertex -115.981 192.635 0
      vertex -115.981 192.635 10
      vertex -116.049 192.746 10
    endloop
  endfacet
  facet normal -0.994809 -0.101758 0
    outer loop
      vertex -115.552 188.441 0
      vertex -115.981 192.635 10
      vertex -115.981 192.635 0
    endloop
  endfacet
  facet normal -0.994809 -0.101758 0
    outer loop
      vertex -115.552 188.441 0
      vertex -115.552 188.441 10
      vertex -115.981 192.635 10
    endloop
  endfacet
  facet normal -0.951203 -0.308567 0
    outer loop
      vertex -115.431 188.068 0
      vertex -115.552 188.441 10
      vertex -115.552 188.441 0
    endloop
  endfacet
  facet normal -0.951203 -0.308567 0
    outer loop
      vertex -115.431 188.068 0
      vertex -115.431 188.068 10
      vertex -115.552 188.441 10
    endloop
  endfacet
  facet normal -0.31448 -0.949264 0
    outer loop
      vertex -115.268 188.014 0
      vertex -115.431 188.068 10
      vertex -115.431 188.068 0
    endloop
  endfacet
  facet normal -0.31448 -0.949264 0
    outer loop
      vertex -115.268 188.014 0
      vertex -115.268 188.014 10
      vertex -115.431 188.068 10
    endloop
  endfacet
  facet normal 0.902906 -0.429839 0
    outer loop
      vertex -114.035 190.604 0
      vertex -115.268 188.014 10
      vertex -115.268 188.014 0
    endloop
  endfacet
  facet normal 0.902906 -0.429839 0
    outer loop
      vertex -114.035 190.604 0
      vertex -114.035 190.604 10
      vertex -115.268 188.014 10
    endloop
  endfacet
  facet normal 0.73994 -0.672673 0
    outer loop
      vertex -113.975 190.67 0
      vertex -114.035 190.604 10
      vertex -114.035 190.604 0
    endloop
  endfacet
  facet normal 0.73994 -0.672673 0
    outer loop
      vertex -113.975 190.67 0
      vertex -113.975 190.67 10
      vertex -114.035 190.604 10
    endloop
  endfacet
  facet normal 0.499722 -0.866186 0
    outer loop
      vertex -113.715 190.82 0
      vertex -113.975 190.67 10
      vertex -113.975 190.67 0
    endloop
  endfacet
  facet normal 0.499722 -0.866186 0
    outer loop
      vertex -113.715 190.82 0
      vertex -113.715 190.82 10
      vertex -113.975 190.67 10
    endloop
  endfacet
  facet normal -0.107937 -0.994158 0
    outer loop
      vertex -113.54 190.801 0
      vertex -113.715 190.82 10
      vertex -113.715 190.82 0
    endloop
  endfacet
  facet normal -0.107937 -0.994158 0
    outer loop
      vertex -113.54 190.801 0
      vertex -113.54 190.801 10
      vertex -113.715 190.82 10
    endloop
  endfacet
  facet normal -0.950004 -0.312239 0
    outer loop
      vertex -113.493 190.658 0
      vertex -113.54 190.801 10
      vertex -113.54 190.801 0
    endloop
  endfacet
  facet normal -0.950004 -0.312239 0
    outer loop
      vertex -113.493 190.658 0
      vertex -113.493 190.658 10
      vertex -113.54 190.801 10
    endloop
  endfacet
  facet normal -0.97667 0.214744 0
    outer loop
      vertex -113.597 190.185 0
      vertex -113.493 190.658 10
      vertex -113.493 190.658 0
    endloop
  endfacet
  facet normal -0.97667 0.214744 0
    outer loop
      vertex -113.597 190.185 0
      vertex -113.597 190.185 10
      vertex -113.493 190.658 10
    endloop
  endfacet
  facet normal 0.52845 -0.848964 0
    outer loop
      vertex -112.956 190.584 0
      vertex -113.597 190.185 10
      vertex -113.597 190.185 0
    endloop
  endfacet
  facet normal 0.52845 -0.848964 0
    outer loop
      vertex -112.956 190.584 0
      vertex -112.956 190.584 10
      vertex -113.597 190.185 10
    endloop
  endfacet
  facet normal 0.901143 -0.433523 0
    outer loop
      vertex -112.867 190.769 0
      vertex -112.956 190.584 10
      vertex -112.956 190.584 0
    endloop
  endfacet
  facet normal 0.901143 -0.433523 0
    outer loop
      vertex -112.867 190.769 0
      vertex -112.867 190.769 10
      vertex -112.956 190.584 10
    endloop
  endfacet
  facet normal 0.977733 0.209855 0
    outer loop
      vertex -113.307 192.819 0
      vertex -112.867 190.769 10
      vertex -112.867 190.769 0
    endloop
  endfacet
  facet normal 0.977733 0.209855 -0
    outer loop
      vertex -113.307 192.819 0
      vertex -113.307 192.819 10
      vertex -112.867 190.769 10
    endloop
  endfacet
  facet normal 0.912874 -0.408242 0
    outer loop
      vertex -113.235 192.98 0
      vertex -113.307 192.819 10
      vertex -113.307 192.819 0
    endloop
  endfacet
  facet normal 0.912874 -0.408242 0
    outer loop
      vertex -113.235 192.98 0
      vertex -113.235 192.98 10
      vertex -113.307 192.819 10
    endloop
  endfacet
  facet normal -0.330743 -0.943721 0
    outer loop
      vertex -113.021 192.905 0
      vertex -113.235 192.98 10
      vertex -113.235 192.98 0
    endloop
  endfacet
  facet normal -0.330743 -0.943721 0
    outer loop
      vertex -113.021 192.905 0
      vertex -113.021 192.905 10
      vertex -113.235 192.98 10
    endloop
  endfacet
  facet normal -0.929041 -0.369976 0
    outer loop
      vertex -112.164 190.753 0
      vertex -113.021 192.905 10
      vertex -113.021 192.905 0
    endloop
  endfacet
  facet normal -0.929041 -0.369976 0
    outer loop
      vertex -112.164 190.753 0
      vertex -112.164 190.753 10
      vertex -113.021 192.905 10
    endloop
  endfacet
  facet normal 0.125038 -0.992152 0
    outer loop
      vertex -111.799 190.799 0
      vertex -112.164 190.753 10
      vertex -112.164 190.753 0
    endloop
  endfacet
  facet normal 0.125038 -0.992152 0
    outer loop
      vertex -111.799 190.799 0
      vertex -111.799 190.799 10
      vertex -112.164 190.753 10
    endloop
  endfacet
  facet normal -0.320807 -0.947145 0
    outer loop
      vertex -111.675 190.757 0
      vertex -111.799 190.799 10
      vertex -111.799 190.799 0
    endloop
  endfacet
  facet normal -0.320807 -0.947145 0
    outer loop
      vertex -111.675 190.757 0
      vertex -111.675 190.757 10
      vertex -111.799 190.799 10
    endloop
  endfacet
  facet normal -0.6981 -0.716 0
    outer loop
      vertex -111.275 190.367 0
      vertex -111.675 190.757 10
      vertex -111.675 190.757 0
    endloop
  endfacet
  facet normal -0.6981 -0.716 0
    outer loop
      vertex -111.275 190.367 0
      vertex -111.275 190.367 10
      vertex -111.675 190.757 10
    endloop
  endfacet
  facet normal -0.882971 -0.469428 0
    outer loop
      vertex -111.233 190.288 0
      vertex -111.275 190.367 10
      vertex -111.275 190.367 0
    endloop
  endfacet
  facet normal -0.882971 -0.469428 0
    outer loop
      vertex -111.233 190.288 0
      vertex -111.233 190.288 10
      vertex -111.275 190.367 10
    endloop
  endfacet
  facet normal -0.982788 -0.184735 0
    outer loop
      vertex -110.983 188.958 0
      vertex -111.233 190.288 10
      vertex -111.233 190.288 0
    endloop
  endfacet
  facet normal -0.982788 -0.184735 0
    outer loop
      vertex -110.983 188.958 0
      vertex -110.983 188.958 10
      vertex -111.233 190.288 10
    endloop
  endfacet
  facet normal -0.905459 0.424434 0
    outer loop
      vertex -111.058 188.798 0
      vertex -110.983 188.958 10
      vertex -110.983 188.958 0
    endloop
  endfacet
  facet normal -0.905459 0.424434 0
    outer loop
      vertex -111.058 188.798 0
      vertex -111.058 188.798 10
      vertex -110.983 188.958 10
    endloop
  endfacet
  facet normal 0.0451153 0.998982 0
    outer loop
      vertex -111.213 188.805 0
      vertex -111.058 188.798 10
      vertex -111.058 188.798 0
    endloop
  endfacet
  facet normal 0.0451153 0.998982 -0
    outer loop
      vertex -111.213 188.805 0
      vertex -111.213 188.805 10
      vertex -111.058 188.798 10
    endloop
  endfacet
  facet normal 0.5547 0.83205 0
    outer loop
      vertex -111.543 189.025 0
      vertex -111.213 188.805 10
      vertex -111.213 188.805 0
    endloop
  endfacet
  facet normal 0.5547 0.83205 -0
    outer loop
      vertex -111.543 189.025 0
      vertex -111.543 189.025 10
      vertex -111.213 188.805 10
    endloop
  endfacet
  facet normal 0.76919 0.63902 0
    outer loop
      vertex -111.597 189.09 0
      vertex -111.543 189.025 10
      vertex -111.543 189.025 0
    endloop
  endfacet
  facet normal 0.76919 0.63902 -0
    outer loop
      vertex -111.597 189.09 0
      vertex -111.597 189.09 10
      vertex -111.543 189.025 10
    endloop
  endfacet
  facet normal 0.914951 0.403564 0
    outer loop
      vertex -111.99 189.981 0
      vertex -111.597 189.09 10
      vertex -111.597 189.09 0
    endloop
  endfacet
  facet normal 0.914951 0.403564 -0
    outer loop
      vertex -111.99 189.981 0
      vertex -111.99 189.981 10
      vertex -111.597 189.09 10
    endloop
  endfacet
  facet normal -0.179191 0.983814 0
    outer loop
      vertex -112.841 189.826 0
      vertex -111.99 189.981 10
      vertex -111.99 189.981 0
    endloop
  endfacet
  facet normal -0.179191 0.983814 0
    outer loop
      vertex -112.841 189.826 0
      vertex -112.841 189.826 10
      vertex -111.99 189.981 10
    endloop
  endfacet
  facet normal -0.997653 -0.0684664 0
    outer loop
      vertex -112.82 189.52 0
      vertex -112.841 189.826 10
      vertex -112.841 189.826 0
    endloop
  endfacet
  facet normal -0.997653 -0.0684664 0
    outer loop
      vertex -112.82 189.52 0
      vertex -112.82 189.52 10
      vertex -112.841 189.826 10
    endloop
  endfacet
  facet normal -0.724999 0.688749 0
    outer loop
      vertex -112.972 189.36 0
      vertex -112.82 189.52 10
      vertex -112.82 189.52 0
    endloop
  endfacet
  facet normal -0.724999 0.688749 0
    outer loop
      vertex -112.972 189.36 0
      vertex -112.972 189.36 10
      vertex -112.82 189.52 10
    endloop
  endfacet
  facet normal 0.0113629 0.999935 0
    outer loop
      vertex -113.764 189.369 0
      vertex -112.972 189.36 10
      vertex -112.972 189.36 0
    endloop
  endfacet
  facet normal 0.0113629 0.999935 -0
    outer loop
      vertex -113.764 189.369 0
      vertex -113.764 189.369 10
      vertex -112.972 189.36 10
    endloop
  endfacet
  facet normal -0.865379 0.501117 0
    outer loop
      vertex -114.738 187.687 0
      vertex -113.764 189.369 10
      vertex -113.764 189.369 0
    endloop
  endfacet
  facet normal -0.865379 0.501117 0
    outer loop
      vertex -114.738 187.687 0
      vertex -114.738 187.687 10
      vertex -113.764 189.369 10
    endloop
  endfacet
  facet normal -0.880718 -0.473642 0
    outer loop
      vertex -114.553 187.343 0
      vertex -114.738 187.687 10
      vertex -114.738 187.687 0
    endloop
  endfacet
  facet normal -0.880718 -0.473642 0
    outer loop
      vertex -114.553 187.343 0
      vertex -114.553 187.343 10
      vertex -114.738 187.687 10
    endloop
  endfacet
  facet normal 0.239131 -0.970987 0
    outer loop
      vertex -113.546 187.591 0
      vertex -114.553 187.343 10
      vertex -114.553 187.343 0
    endloop
  endfacet
  facet normal 0.239131 -0.970987 0
    outer loop
      vertex -113.546 187.591 0
      vertex -113.546 187.591 10
      vertex -114.553 187.343 10
    endloop
  endfacet
  facet normal 0.488565 -0.872527 0
    outer loop
      vertex -112.153 188.371 0
      vertex -113.546 187.591 10
      vertex -113.546 187.591 0
    endloop
  endfacet
  facet normal 0.488565 -0.872527 0
    outer loop
      vertex -112.153 188.371 0
      vertex -112.153 188.371 10
      vertex -113.546 187.591 10
    endloop
  endfacet
  facet normal -0.119145 -0.992877 0
    outer loop
      vertex -111.978 188.35 0
      vertex -112.153 188.371 10
      vertex -112.153 188.371 0
    endloop
  endfacet
  facet normal -0.119145 -0.992877 0
    outer loop
      vertex -111.978 188.35 0
      vertex -111.978 188.35 10
      vertex -112.153 188.371 10
    endloop
  endfacet
  facet normal -0.952029 -0.306009 0
    outer loop
      vertex -111.933 188.21 0
      vertex -111.978 188.35 10
      vertex -111.978 188.35 0
    endloop
  endfacet
  facet normal -0.952029 -0.306009 0
    outer loop
      vertex -111.933 188.21 0
      vertex -111.933 188.21 10
      vertex -111.978 188.35 10
    endloop
  endfacet
  facet normal -0.979339 0.202223 0
    outer loop
      vertex -112.003 187.871 0
      vertex -111.933 188.21 10
      vertex -111.933 188.21 0
    endloop
  endfacet
  facet normal -0.979339 0.202223 0
    outer loop
      vertex -112.003 187.871 0
      vertex -112.003 187.871 10
      vertex -111.933 188.21 10
    endloop
  endfacet
  facet normal 0.0623783 -0.998053 0
    outer loop
      vertex -111.699 187.89 0
      vertex -112.003 187.871 10
      vertex -112.003 187.871 0
    endloop
  endfacet
  facet normal 0.0623783 -0.998053 0
    outer loop
      vertex -111.699 187.89 0
      vertex -111.699 187.89 10
      vertex -112.003 187.871 10
    endloop
  endfacet
  facet normal -0.537608 -0.843195 0
    outer loop
      vertex -111.55 187.795 0
      vertex -111.699 187.89 10
      vertex -111.699 187.89 0
    endloop
  endfacet
  facet normal -0.537608 -0.843195 0
    outer loop
      vertex -111.55 187.795 0
      vertex -111.55 187.795 10
      vertex -111.699 187.89 10
    endloop
  endfacet
  facet normal -0.91227 0.40959 0
    outer loop
      vertex -111.638 187.599 0
      vertex -111.55 187.795 10
      vertex -111.55 187.795 0
    endloop
  endfacet
  facet normal -0.91227 0.40959 0
    outer loop
      vertex -111.638 187.599 0
      vertex -111.638 187.599 10
      vertex -111.55 187.795 10
    endloop
  endfacet
  facet normal -0.347449 0.937699 0
    outer loop
      vertex -114.353 186.593 0
      vertex -111.638 187.599 10
      vertex -111.638 187.599 0
    endloop
  endfacet
  facet normal -0.347449 0.937699 0
    outer loop
      vertex -114.353 186.593 0
      vertex -114.353 186.593 10
      vertex -111.638 187.599 10
    endloop
  endfacet
  facet normal -0.927455 -0.373934 0
    outer loop
      vertex -114.201 186.216 0
      vertex -114.353 186.593 10
      vertex -114.353 186.593 0
    endloop
  endfacet
  facet normal -0.927455 -0.373934 0
    outer loop
      vertex -114.201 186.216 0
      vertex -114.201 186.216 10
      vertex -114.353 186.593 10
    endloop
  endfacet
  facet normal -0.997925 -0.0643823 0
    outer loop
      vertex -114.195 186.123 0
      vertex -114.201 186.216 10
      vertex -114.201 186.216 0
    endloop
  endfacet
  facet normal -0.997925 -0.0643823 0
    outer loop
      vertex -114.195 186.123 0
      vertex -114.195 186.123 10
      vertex -114.201 186.216 10
    endloop
  endfacet
  facet normal -0.968749 0.248044 0
    outer loop
      vertex -114.375 185.42 0
      vertex -114.195 186.123 10
      vertex -114.195 186.123 0
    endloop
  endfacet
  facet normal -0.968749 0.248044 0
    outer loop
      vertex -114.375 185.42 0
      vertex -114.375 185.42 10
      vertex -114.195 186.123 10
    endloop
  endfacet
  facet normal -0.968147 -0.250383 0
    outer loop
      vertex -114.24 184.898 0
      vertex -114.375 185.42 10
      vertex -114.375 185.42 0
    endloop
  endfacet
  facet normal -0.968147 -0.250383 0
    outer loop
      vertex -114.24 184.898 0
      vertex -114.24 184.898 10
      vertex -114.375 185.42 10
    endloop
  endfacet
  facet normal -0.859695 -0.510807 0
    outer loop
      vertex -111.956 181.054 0
      vertex -114.24 184.898 10
      vertex -114.24 184.898 0
    endloop
  endfacet
  facet normal -0.859695 -0.510807 0
    outer loop
      vertex -111.956 181.054 0
      vertex -111.956 181.054 10
      vertex -114.24 184.898 10
    endloop
  endfacet
  facet normal 0.751089 -0.660201 0
    outer loop
      vertex -111.433 181.649 0
      vertex -111.956 181.054 10
      vertex -111.956 181.054 0
    endloop
  endfacet
  facet normal 0.751089 -0.660201 0
    outer loop
      vertex -111.433 181.649 0
      vertex -111.433 181.649 10
      vertex -111.956 181.054 10
    endloop
  endfacet
  facet normal 0.608077 -0.793878 0
    outer loop
      vertex -111.386 181.685 0
      vertex -111.433 181.649 10
      vertex -111.433 181.649 0
    endloop
  endfacet
  facet normal 0.608077 -0.793878 0
    outer loop
      vertex -111.386 181.685 0
      vertex -111.386 181.685 10
      vertex -111.433 181.649 10
    endloop
  endfacet
  facet normal 0.44185 -0.897089 0
    outer loop
      vertex -110.716 182.015 0
      vertex -111.386 181.685 10
      vertex -111.386 181.685 0
    endloop
  endfacet
  facet normal 0.44185 -0.897089 0
    outer loop
      vertex -110.716 182.015 0
      vertex -110.716 182.015 10
      vertex -111.386 181.685 10
    endloop
  endfacet
  facet normal -0.169907 -0.98546 0
    outer loop
      vertex -110.542 181.985 0
      vertex -110.716 182.015 10
      vertex -110.716 182.015 0
    endloop
  endfacet
  facet normal -0.169907 -0.98546 0
    outer loop
      vertex -110.542 181.985 0
      vertex -110.542 181.985 10
      vertex -110.716 182.015 10
    endloop
  endfacet
  facet normal -0.997352 -0.0727236 0
    outer loop
      vertex -110.528 181.793 0
      vertex -110.542 181.985 10
      vertex -110.542 181.985 0
    endloop
  endfacet
  facet normal -0.997352 -0.0727236 0
    outer loop
      vertex -110.528 181.793 0
      vertex -110.528 181.793 10
      vertex -110.542 181.985 10
    endloop
  endfacet
  facet normal -0.814164 0.580636 0
    outer loop
      vertex -111.622 180.259 0
      vertex -110.528 181.793 10
      vertex -110.528 181.793 0
    endloop
  endfacet
  facet normal -0.814164 0.580636 0
    outer loop
      vertex -111.622 180.259 0
      vertex -111.622 180.259 10
      vertex -110.528 181.793 10
    endloop
  endfacet
  facet normal -0.99912 0.0419407 0
    outer loop
      vertex -111.667 179.187 0
      vertex -111.622 180.259 10
      vertex -111.622 180.259 0
    endloop
  endfacet
  facet normal -0.99912 0.0419407 0
    outer loop
      vertex -111.667 179.187 0
      vertex -111.667 179.187 10
      vertex -111.622 180.259 10
    endloop
  endfacet
  facet normal -0.560197 -0.82836 0
    outer loop
      vertex -110.036 178.084 0
      vertex -111.667 179.187 10
      vertex -111.667 179.187 0
    endloop
  endfacet
  facet normal -0.560197 -0.82836 0
    outer loop
      vertex -110.036 178.084 0
      vertex -110.036 178.084 10
      vertex -111.667 179.187 10
    endloop
  endfacet
  facet normal -0.979651 -0.200709 0
    outer loop
      vertex -109.994 177.879 0
      vertex -110.036 178.084 10
      vertex -110.036 178.084 0
    endloop
  endfacet
  facet normal -0.979651 -0.200709 0
    outer loop
      vertex -109.994 177.879 0
      vertex -109.994 177.879 10
      vertex -110.036 178.084 10
    endloop
  endfacet
  facet normal -0.842449 0.538776 0
    outer loop
      vertex -110.214 177.535 0
      vertex -109.994 177.879 10
      vertex -109.994 177.879 0
    endloop
  endfacet
  facet normal -0.842449 0.538776 0
    outer loop
      vertex -110.214 177.535 0
      vertex -110.214 177.535 10
      vertex -109.994 177.879 10
    endloop
  endfacet
  facet normal -0.992619 -0.121279 0
    outer loop
      vertex -110.149 177.003 0
      vertex -110.214 177.535 10
      vertex -110.214 177.535 0
    endloop
  endfacet
  facet normal -0.992619 -0.121279 0
    outer loop
      vertex -110.149 177.003 0
      vertex -110.149 177.003 10
      vertex -110.214 177.535 10
    endloop
  endfacet
  facet normal 0.0967011 -0.995313 0
    outer loop
      vertex -109.727 177.044 0
      vertex -110.149 177.003 10
      vertex -110.149 177.003 0
    endloop
  endfacet
  facet normal 0.0967011 -0.995313 0
    outer loop
      vertex -109.727 177.044 0
      vertex -109.727 177.044 10
      vertex -110.149 177.003 10
    endloop
  endfacet
  facet normal 0.700118 -0.714027 0
    outer loop
      vertex -109.265 177.497 0
      vertex -109.727 177.044 10
      vertex -109.727 177.044 0
    endloop
  endfacet
  facet normal 0.700118 -0.714027 0
    outer loop
      vertex -109.265 177.497 0
      vertex -109.265 177.497 10
      vertex -109.727 177.044 10
    endloop
  endfacet
  facet normal 0.266586 -0.963811 0
    outer loop
      vertex -109.124 177.536 0
      vertex -109.265 177.497 10
      vertex -109.265 177.497 0
    endloop
  endfacet
  facet normal 0.266586 -0.963811 0
    outer loop
      vertex -109.124 177.536 0
      vertex -109.124 177.536 10
      vertex -109.265 177.497 10
    endloop
  endfacet
  facet normal -0.239019 -0.971015 0
    outer loop
      vertex -108.474 177.376 0
      vertex -109.124 177.536 10
      vertex -109.124 177.536 0
    endloop
  endfacet
  facet normal -0.239019 -0.971015 0
    outer loop
      vertex -108.474 177.376 0
      vertex -108.474 177.376 10
      vertex -109.124 177.536 10
    endloop
  endfacet
  facet normal -0.76403 -0.645181 0
    outer loop
      vertex -108.36 177.241 0
      vertex -108.474 177.376 10
      vertex -108.474 177.376 0
    endloop
  endfacet
  facet normal -0.76403 -0.645181 0
    outer loop
      vertex -108.36 177.241 0
      vertex -108.36 177.241 10
      vertex -108.474 177.376 10
    endloop
  endfacet
  facet normal -0.907758 0.419494 0
    outer loop
      vertex -108.421 177.109 0
      vertex -108.36 177.241 10
      vertex -108.36 177.241 0
    endloop
  endfacet
  facet normal -0.907758 0.419494 0
    outer loop
      vertex -108.421 177.109 0
      vertex -108.421 177.109 10
      vertex -108.36 177.241 10
    endloop
  endfacet
  facet normal -0.593565 0.804786 0
    outer loop
      vertex -109.545 176.28 0
      vertex -108.421 177.109 10
      vertex -108.421 177.109 0
    endloop
  endfacet
  facet normal -0.593565 0.804786 0
    outer loop
      vertex -109.545 176.28 0
      vertex -109.545 176.28 10
      vertex -108.421 177.109 10
    endloop
  endfacet
  facet normal -0.919815 -0.392353 0
    outer loop
      vertex -109.182 175.429 0
      vertex -109.545 176.28 10
      vertex -109.545 176.28 0
    endloop
  endfacet
  facet normal -0.919815 -0.392353 0
    outer loop
      vertex -109.182 175.429 0
      vertex -109.182 175.429 10
      vertex -109.545 176.28 10
    endloop
  endfacet
  facet normal -0.999866 0.0163912 0
    outer loop
      vertex -109.184 175.307 0
      vertex -109.182 175.429 10
      vertex -109.182 175.429 0
    endloop
  endfacet
  facet normal -0.999866 0.0163912 0
    outer loop
      vertex -109.184 175.307 0
      vertex -109.184 175.307 10
      vertex -109.182 175.429 10
    endloop
  endfacet
  facet normal -0.90682 0.421519 0
    outer loop
      vertex -109.336 174.98 0
      vertex -109.184 175.307 10
      vertex -109.184 175.307 0
    endloop
  endfacet
  facet normal -0.90682 0.421519 0
    outer loop
      vertex -109.336 174.98 0
      vertex -109.336 174.98 10
      vertex -109.184 175.307 10
    endloop
  endfacet
  facet normal -0.504913 -0.86317 0
    outer loop
      vertex -108.924 174.739 0
      vertex -109.336 174.98 10
      vertex -109.336 174.98 0
    endloop
  endfacet
  facet normal -0.504913 -0.86317 0
    outer loop
      vertex -108.924 174.739 0
      vertex -108.924 174.739 10
      vertex -109.336 174.98 10
    endloop
  endfacet
  facet normal -0.798968 -0.601374 0
    outer loop
      vertex -108.854 174.646 0
      vertex -108.924 174.739 10
      vertex -108.924 174.739 0
    endloop
  endfacet
  facet normal -0.798968 -0.601374 0
    outer loop
      vertex -108.854 174.646 0
      vertex -108.854 174.646 10
      vertex -108.924 174.739 10
    endloop
  endfacet
  facet normal -0.971155 -0.238449 0
    outer loop
      vertex -108.593 173.583 0
      vertex -108.854 174.646 10
      vertex -108.854 174.646 0
    endloop
  endfacet
  facet normal -0.971155 -0.238449 0
    outer loop
      vertex -108.593 173.583 0
      vertex -108.593 173.583 10
      vertex -108.854 174.646 10
    endloop
  endfacet
  facet normal -0.349219 -0.937041 0
    outer loop
      vertex -107.568 173.201 0
      vertex -108.593 173.583 10
      vertex -108.593 173.583 0
    endloop
  endfacet
  facet normal -0.349219 -0.937041 0
    outer loop
      vertex -107.568 173.201 0
      vertex -107.568 173.201 10
      vertex -108.593 173.583 10
    endloop
  endfacet
  facet normal -0.790032 -0.613065 0
    outer loop
      vertex -107.471 173.076 0
      vertex -107.568 173.201 10
      vertex -107.568 173.201 0
    endloop
  endfacet
  facet normal -0.790032 -0.613065 0
    outer loop
      vertex -107.471 173.076 0
      vertex -107.471 173.076 10
      vertex -107.568 173.201 10
    endloop
  endfacet
  facet normal -0.99432 -0.106434 0
    outer loop
      vertex -107.395 172.366 0
      vertex -107.471 173.076 10
      vertex -107.471 173.076 0
    endloop
  endfacet
  facet normal -0.99432 -0.106434 0
    outer loop
      vertex -107.395 172.366 0
      vertex -107.395 172.366 10
      vertex -107.471 173.076 10
    endloop
  endfacet
  facet normal -0.0290434 -0.999578 0
    outer loop
      vertex -106.156 172.33 0
      vertex -107.395 172.366 10
      vertex -107.395 172.366 0
    endloop
  endfacet
  facet normal -0.0290434 -0.999578 0
    outer loop
      vertex -106.156 172.33 0
      vertex -106.156 172.33 10
      vertex -107.395 172.366 10
    endloop
  endfacet
  facet normal -0.610803 -0.791782 0
    outer loop
      vertex -106.016 172.222 0
      vertex -106.156 172.33 10
      vertex -106.156 172.33 0
    endloop
  endfacet
  facet normal -0.610803 -0.791782 0
    outer loop
      vertex -106.016 172.222 0
      vertex -106.016 172.222 10
      vertex -106.156 172.33 10
    endloop
  endfacet
  facet normal -0.956304 0.292373 0
    outer loop
      vertex -106.064 172.065 0
      vertex -106.016 172.222 10
      vertex -106.016 172.222 0
    endloop
  endfacet
  facet normal -0.956304 0.292373 0
    outer loop
      vertex -106.064 172.065 0
      vertex -106.064 172.065 10
      vertex -106.016 172.222 10
    endloop
  endfacet
  facet normal -0.641948 0.766748 0
    outer loop
      vertex -106.961 171.314 0
      vertex -106.064 172.065 10
      vertex -106.064 172.065 0
    endloop
  endfacet
  facet normal -0.641948 0.766748 0
    outer loop
      vertex -106.961 171.314 0
      vertex -106.961 171.314 10
      vertex -106.064 172.065 10
    endloop
  endfacet
  facet normal -0.616239 -0.787559 0
    outer loop
      vertex -106.653 171.073 0
      vertex -106.961 171.314 10
      vertex -106.961 171.314 0
    endloop
  endfacet
  facet normal -0.616239 -0.787559 0
    outer loop
      vertex -106.653 171.073 0
      vertex -106.653 171.073 10
      vertex -106.961 171.314 10
    endloop
  endfacet
  facet normal 0.0651355 -0.997876 0
    outer loop
      vertex -106.27 171.098 0
      vertex -106.653 171.073 10
      vertex -106.653 171.073 0
    endloop
  endfacet
  facet normal 0.0651355 -0.997876 0
    outer loop
      vertex -106.27 171.098 0
      vertex -106.27 171.098 10
      vertex -106.653 171.073 10
    endloop
  endfacet
  facet normal 0.954924 0.296849 0
    outer loop
      vertex -106.353 171.365 0
      vertex -106.27 171.098 10
      vertex -106.27 171.098 0
    endloop
  endfacet
  facet normal 0.954924 0.296849 -0
    outer loop
      vertex -106.353 171.365 0
      vertex -106.353 171.365 10
      vertex -106.27 171.098 10
    endloop
  endfacet
  facet normal 0.857887 -0.513839 0
    outer loop
      vertex -106.238 171.557 0
      vertex -106.353 171.365 10
      vertex -106.353 171.365 0
    endloop
  endfacet
  facet normal 0.857887 -0.513839 0
    outer loop
      vertex -106.238 171.557 0
      vertex -106.238 171.557 10
      vertex -106.353 171.365 10
    endloop
  endfacet
  facet normal 0.184289 -0.982872 0
    outer loop
      vertex -105.758 171.647 0
      vertex -106.238 171.557 10
      vertex -106.238 171.557 0
    endloop
  endfacet
  facet normal 0.184289 -0.982872 0
    outer loop
      vertex -105.758 171.647 0
      vertex -105.758 171.647 10
      vertex -106.238 171.557 10
    endloop
  endfacet
  facet normal -0.0860988 -0.996287 0
    outer loop
      vertex -105.677 171.64 0
      vertex -105.758 171.647 10
      vertex -105.758 171.647 0
    endloop
  endfacet
  facet normal -0.0860988 -0.996287 0
    outer loop
      vertex -105.677 171.64 0
      vertex -105.677 171.64 10
      vertex -105.758 171.647 10
    endloop
  endfacet
  facet normal -0.355218 -0.934784 0
    outer loop
      vertex -104.927 171.355 0
      vertex -105.677 171.64 10
      vertex -105.677 171.64 0
    endloop
  endfacet
  facet normal -0.355218 -0.934784 0
    outer loop
      vertex -104.927 171.355 0
      vertex -104.927 171.355 10
      vertex -105.677 171.64 10
    endloop
  endfacet
  facet normal 0.191409 -0.98151 0
    outer loop
      vertex -104.245 171.488 0
      vertex -104.927 171.355 10
      vertex -104.927 171.355 0
    endloop
  endfacet
  facet normal 0.191409 -0.98151 0
    outer loop
      vertex -104.245 171.488 0
      vertex -104.245 171.488 10
      vertex -104.927 171.355 10
    endloop
  endfacet
  facet normal 0.717747 -0.696304 0
    outer loop
      vertex -103.628 172.124 0
      vertex -104.245 171.488 10
      vertex -104.245 171.488 0
    endloop
  endfacet
  facet normal 0.717747 -0.696304 0
    outer loop
      vertex -103.628 172.124 0
      vertex -103.628 172.124 10
      vertex -104.245 171.488 10
    endloop
  endfacet
  facet normal 0.593852 -0.804574 0
    outer loop
      vertex -103.586 172.155 0
      vertex -103.628 172.124 10
      vertex -103.628 172.124 0
    endloop
  endfacet
  facet normal 0.593852 -0.804574 0
    outer loop
      vertex -103.586 172.155 0
      vertex -103.586 172.155 10
      vertex -103.628 172.124 10
    endloop
  endfacet
  facet normal 0.438712 -0.898628 0
    outer loop
      vertex -102.357 172.755 0
      vertex -103.586 172.155 10
      vertex -103.586 172.155 0
    endloop
  endfacet
  facet normal 0.438712 -0.898628 0
    outer loop
      vertex -102.357 172.755 0
      vertex -102.357 172.755 10
      vertex -103.586 172.155 10
    endloop
  endfacet
  facet normal 0.867934 -0.496679 0
    outer loop
      vertex -102.06 173.274 0
      vertex -102.357 172.755 10
      vertex -102.357 172.755 0
    endloop
  endfacet
  facet normal 0.867934 -0.496679 0
    outer loop
      vertex -102.06 173.274 0
      vertex -102.06 173.274 10
      vertex -102.357 172.755 10
    endloop
  endfacet
  facet normal 0.41295 -0.910754 0
    outer loop
      vertex -101.899 173.347 0
      vertex -102.06 173.274 10
      vertex -102.06 173.274 0
    endloop
  endfacet
  facet normal 0.41295 -0.910754 0
    outer loop
      vertex -101.899 173.347 0
      vertex -101.899 173.347 10
      vertex -102.06 173.274 10
    endloop
  endfacet
  facet normal -0.859482 -0.511166 0
    outer loop
      vertex -101.786 173.157 0
      vertex -101.899 173.347 10
      vertex -101.899 173.347 0
    endloop
  endfacet
  facet normal -0.859482 -0.511166 0
    outer loop
      vertex -101.786 173.157 0
      vertex -101.786 173.157 10
      vertex -101.899 173.347 10
    endloop
  endfacet
  facet normal -0.957614 0.288055 0
    outer loop
      vertex -102.384 171.169 0
      vertex -101.786 173.157 10
      vertex -101.786 173.157 0
    endloop
  endfacet
  facet normal -0.957614 0.288055 0
    outer loop
      vertex -102.384 171.169 0
      vertex -102.384 171.169 10
      vertex -101.786 173.157 10
    endloop
  endfacet
  facet normal -0.961059 -0.276343 0
    outer loop
      vertex -102.204 170.543 0
      vertex -102.384 171.169 10
      vertex -102.384 171.169 0
    endloop
  endfacet
  facet normal -0.961059 -0.276343 0
    outer loop
      vertex -102.204 170.543 0
      vertex -102.204 170.543 10
      vertex -102.384 171.169 10
    endloop
  endfacet
  facet normal -0.461496 -0.887142 0
    outer loop
      vertex -100.843 169.835 0
      vertex -102.204 170.543 10
      vertex -102.204 170.543 0
    endloop
  endfacet
  facet normal -0.461496 -0.887142 0
    outer loop
      vertex -100.843 169.835 0
      vertex -100.843 169.835 10
      vertex -102.204 170.543 10
    endloop
  endfacet
  facet normal 0.386201 -0.922415 0
    outer loop
      vertex -100.265 170.077 0
      vertex -100.843 169.835 10
      vertex -100.843 169.835 0
    endloop
  endfacet
  facet normal 0.386201 -0.922415 0
    outer loop
      vertex -100.265 170.077 0
      vertex -100.265 170.077 10
      vertex -100.843 169.835 10
    endloop
  endfacet
  facet normal 0.702154 -0.712025 0
    outer loop
      vertex -99.5653 170.767 0
      vertex -100.265 170.077 10
      vertex -100.265 170.077 0
    endloop
  endfacet
  facet normal 0.702154 -0.712025 0
    outer loop
      vertex -99.5653 170.767 0
      vertex -99.5653 170.767 10
      vertex -100.265 170.077 10
    endloop
  endfacet
  facet normal 0.147536 -0.989057 0
    outer loop
      vertex -99.391 170.793 0
      vertex -99.5653 170.767 10
      vertex -99.5653 170.767 0
    endloop
  endfacet
  facet normal 0.147536 -0.989057 0
    outer loop
      vertex -99.391 170.793 0
      vertex -99.391 170.793 10
      vertex -99.5653 170.767 10
    endloop
  endfacet
  facet normal -0.952889 -0.30332 0
    outer loop
      vertex -99.3267 170.591 0
      vertex -99.391 170.793 10
      vertex -99.391 170.793 0
    endloop
  endfacet
  facet normal -0.952889 -0.30332 0
    outer loop
      vertex -99.3267 170.591 0
      vertex -99.3267 170.591 10
      vertex -99.391 170.793 10
    endloop
  endfacet
  facet normal -0.888621 0.458643 0
    outer loop
      vertex -99.8067 169.661 0
      vertex -99.3267 170.591 10
      vertex -99.3267 170.591 0
    endloop
  endfacet
  facet normal -0.888621 0.458643 0
    outer loop
      vertex -99.8067 169.661 0
      vertex -99.8067 169.661 10
      vertex -99.3267 170.591 10
    endloop
  endfacet
  facet normal -0.682953 0.730463 0
    outer loop
      vertex -99.8805 169.592 0
      vertex -99.8067 169.661 10
      vertex -99.8067 169.661 0
    endloop
  endfacet
  facet normal -0.682953 0.730463 0
    outer loop
      vertex -99.8805 169.592 0
      vertex -99.8805 169.592 10
      vertex -99.8067 169.661 10
    endloop
  endfacet
  facet normal -0.396225 0.918153 0
    outer loop
      vertex -100.673 169.25 0
      vertex -99.8805 169.592 10
      vertex -99.8805 169.592 0
    endloop
  endfacet
  facet normal -0.396225 0.918153 0
    outer loop
      vertex -100.673 169.25 0
      vertex -100.673 169.25 10
      vertex -99.8805 169.592 10
    endloop
  endfacet
  facet normal -0.999663 0.0259428 0
    outer loop
      vertex -100.688 168.672 0
      vertex -100.673 169.25 10
      vertex -100.673 169.25 0
    endloop
  endfacet
  facet normal -0.999663 0.0259428 0
    outer loop
      vertex -100.688 168.672 0
      vertex -100.688 168.672 10
      vertex -100.673 169.25 10
    endloop
  endfacet
  facet normal -0.43853 -0.898717 0
    outer loop
      vertex -99.1858 167.939 0
      vertex -100.688 168.672 10
      vertex -100.688 168.672 0
    endloop
  endfacet
  facet normal -0.43853 -0.898717 0
    outer loop
      vertex -99.1858 167.939 0
      vertex -99.1858 167.939 10
      vertex -100.688 168.672 10
    endloop
  endfacet
  facet normal 0.800932 -0.598756 0
    outer loop
      vertex -98.4001 168.99 0
      vertex -99.1858 167.939 10
      vertex -99.1858 167.939 0
    endloop
  endfacet
  facet normal 0.800932 -0.598756 0
    outer loop
      vertex -98.4001 168.99 0
      vertex -98.4001 168.99 10
      vertex -99.1858 167.939 10
    endloop
  endfacet
  facet normal 0.295043 -0.955484 0
    outer loop
      vertex -98.2317 169.042 0
      vertex -98.4001 168.99 10
      vertex -98.4001 168.99 0
    endloop
  endfacet
  facet normal 0.295043 -0.955484 0
    outer loop
      vertex -98.2317 169.042 0
      vertex -98.2317 169.042 10
      vertex -98.4001 168.99 10
    endloop
  endfacet
  facet normal -0.82055 -0.571575 0
    outer loop
      vertex -98.13 168.896 0
      vertex -98.2317 169.042 10
      vertex -98.2317 169.042 0
    endloop
  endfacet
  facet normal -0.82055 -0.571575 0
    outer loop
      vertex -98.13 168.896 0
      vertex -98.13 168.896 10
      vertex -98.2317 169.042 10
    endloop
  endfacet
  facet normal -0.999717 0.0238028 0
    outer loop
      vertex -98.14 168.476 0
      vertex -98.13 168.896 10
      vertex -98.13 168.896 0
    endloop
  endfacet
  facet normal -0.999717 0.0238028 0
    outer loop
      vertex -98.14 168.476 0
      vertex -98.14 168.476 10
      vertex -98.13 168.896 10
    endloop
  endfacet
  facet normal -0.952078 0.305855 0
    outer loop
      vertex -98.1657 168.396 0
      vertex -98.14 168.476 10
      vertex -98.14 168.476 0
    endloop
  endfacet
  facet normal -0.952078 0.305855 0
    outer loop
      vertex -98.1657 168.396 0
      vertex -98.1657 168.396 10
      vertex -98.14 168.476 10
    endloop
  endfacet
  facet normal -0.828566 0.559891 0
    outer loop
      vertex -98.6252 167.716 0
      vertex -98.1657 168.396 10
      vertex -98.1657 168.396 0
    endloop
  endfacet
  facet normal -0.828566 0.559891 0
    outer loop
      vertex -98.6252 167.716 0
      vertex -98.6252 167.716 10
      vertex -98.1657 168.396 10
    endloop
  endfacet
  facet normal -0.954092 -0.299513 0
    outer loop
      vertex -98.526 167.4 0
      vertex -98.6252 167.716 10
      vertex -98.6252 167.716 0
    endloop
  endfacet
  facet normal -0.954092 -0.299513 0
    outer loop
      vertex -98.526 167.4 0
      vertex -98.526 167.4 10
      vertex -98.6252 167.716 10
    endloop
  endfacet
  facet normal 0.166325 -0.986071 0
    outer loop
      vertex -97.945 167.498 0
      vertex -98.526 167.4 10
      vertex -98.526 167.4 0
    endloop
  endfacet
  facet normal 0.166325 -0.986071 0
    outer loop
      vertex -97.945 167.498 0
      vertex -97.945 167.498 10
      vertex -98.526 167.4 10
    endloop
  endfacet
  facet normal -0.44744 -0.894314 0
    outer loop
      vertex -97.7871 167.419 0
      vertex -97.945 167.498 10
      vertex -97.945 167.498 0
    endloop
  endfacet
  facet normal -0.44744 -0.894314 0
    outer loop
      vertex -97.7871 167.419 0
      vertex -97.7871 167.419 10
      vertex -97.945 167.498 10
    endloop
  endfacet
  facet normal -0.995037 -0.0995037 0
    outer loop
      vertex -97.776 167.308 0
      vertex -97.7871 167.419 10
      vertex -97.7871 167.419 0
    endloop
  endfacet
  facet normal -0.995037 -0.0995037 0
    outer loop
      vertex -97.776 167.308 0
      vertex -97.776 167.308 10
      vertex -97.7871 167.419 10
    endloop
  endfacet
  facet normal -0.959834 0.280567 0
    outer loop
      vertex -97.833 167.113 0
      vertex -97.776 167.308 10
      vertex -97.776 167.308 0
    endloop
  endfacet
  facet normal -0.959834 0.280567 0
    outer loop
      vertex -97.833 167.113 0
      vertex -97.833 167.113 10
      vertex -97.776 167.308 10
    endloop
  endfacet
  facet normal 0.10787 -0.994165 0
    outer loop
      vertex -97.3261 167.168 0
      vertex -97.833 167.113 10
      vertex -97.833 167.113 0
    endloop
  endfacet
  facet normal 0.10787 -0.994165 0
    outer loop
      vertex -97.3261 167.168 0
      vertex -97.3261 167.168 10
      vertex -97.833 167.113 10
    endloop
  endfacet
endsolid OpenSCAD_Model
