solid OpenSCAD_Model
  facet normal 0 0 -1
    outer loop
      vertex 176.232 23.0689 0
      vertex 176.974 25.2191 0
      vertex 177.29 25.0157 0
    endloop
  endfacet
  facet normal 0 0 -1
    outer loop
      vertex 173.615 19.877 0
      vertex 173.34 18.7987 0
      vertex 171.355 18.669 0
    endloop
  endfacet
  facet normal -0 0 -1
    outer loop
      vertex 176.974 25.2191 0
      vertex 176.118 22.9904 0
      vertex 176.954 25.3341 0
    endloop
  endfacet
  facet normal 0 0 -1
    outer loop
      vertex 169.77 22.2615 0
      vertex 169.451 22.6092 0
      vertex 176.118 22.9904 0
    endloop
  endfacet
  facet normal 0 0 -1
    outer loop
      vertex 175.288 21.4304 0
      vertex 175.278 21.3118 0
      vertex 174.227 20.4637 0
    endloop
  endfacet
  facet normal 0 0 -1
    outer loop
      vertex 177.29 25.0157 0
      vertex 176.974 25.2191 0
      vertex 177.138 25.1548 0
    endloop
  endfacet
  facet normal 0 0 -1
    outer loop
      vertex 174.227 20.4637 0
      vertex 175.278 21.3118 0
      vertex 175.443 20.8265 0
    endloop
  endfacet
  facet normal 0 -0 -1
    outer loop
      vertex 177.233 25.1797 0
      vertex 177.29 25.0157 0
      vertex 177.138 25.1548 0
    endloop
  endfacet
  facet normal 0 0 -1
    outer loop
      vertex 176.118 22.9904 0
      vertex 169.804 22.2014 0
      vertex 169.77 22.2615 0
    endloop
  endfacet
  facet normal -0 0 -1
    outer loop
      vertex 176.954 25.3341 0
      vertex 176.118 22.9904 0
      vertex 168.421 25.4708 0
    endloop
  endfacet
  facet normal -0 0 -1
    outer loop
      vertex 178.379 29.9035 0
      vertex 178.146 28.478 0
      vertex 177.819 30.4087 0
    endloop
  endfacet
  facet normal 0 0 -1
    outer loop
      vertex 207.428 55.2652 0
      vertex 205.635 57.2321 0
      vertex 209.974 57.975 0
    endloop
  endfacet
  facet normal 0 0 -1
    outer loop
      vertex 176.232 23.0689 0
      vertex 177.29 25.0157 0
      vertex 177.271 23.1933 0
    endloop
  endfacet
  facet normal 0 0 -1
    outer loop
      vertex 162.339 43.6532 0
      vertex 162.306 43.413 0
      vertex 162.207 43.5223 0
    endloop
  endfacet
  facet normal -0 0 -1
    outer loop
      vertex 176.232 23.0689 0
      vertex 176.118 22.9904 0
      vertex 176.974 25.2191 0
    endloop
  endfacet
  facet normal 0 0 -1
    outer loop
      vertex 165.434 32.6012 0
      vertex 177.753 33.861 0
      vertex 177.884 31.9435 0
    endloop
  endfacet
  facet normal 0 0 -1
    outer loop
      vertex 165.434 32.6012 0
      vertex 177.759 33.9409 0
      vertex 177.753 33.861 0
    endloop
  endfacet
  facet normal 0 0 -1
    outer loop
      vertex 165.434 32.6012 0
      vertex 165.412 32.6478 0
      vertex 177.759 33.9409 0
    endloop
  endfacet
  facet normal 0 0 -1
    outer loop
      vertex 164.404 34.7274 0
      vertex 177.759 33.9409 0
      vertex 165.412 32.6478 0
    endloop
  endfacet
  facet normal 0 0 -1
    outer loop
      vertex 164.127 35.0522 0
      vertex 164.196 35.1582 0
      vertex 164.404 34.7274 0
    endloop
  endfacet
  facet normal 0 0 -1
    outer loop
      vertex 182.939 38.6965 0
      vertex 182.872 38.596 0
      vertex 180.643 36.96 0
    endloop
  endfacet
  facet normal 0 -0 -1
    outer loop
      vertex 177.819 30.4087 0
      vertex 178.146 28.478 0
      vertex 177.327 26.9094 0
    endloop
  endfacet
  facet normal 0 0 -1
    outer loop
      vertex 162.306 43.413 0
      vertex 162.339 43.6532 0
      vertex 162.376 43.103 0
    endloop
  endfacet
  facet normal 0 0 -1
    outer loop
      vertex 177.803 30.6137 0
      vertex 177.885 31.8724 0
      vertex 178.003 30.8637 0
    endloop
  endfacet
  facet normal 0 0 -1
    outer loop
      vertex 164.404 34.7274 0
      vertex 164.116 35.3827 0
      vertex 178.289 35.4109 0
    endloop
  endfacet
  facet normal 0 0 -1
    outer loop
      vertex 183.807 63.5063 0
      vertex 189.3 44.8551 0
      vertex 188.261 43.4007 0
    endloop
  endfacet
  facet normal 0 0 -1
    outer loop
      vertex 195.638 59.4799 0
      vertex 193.976 60.6101 0
      vertex 195.615 59.673 0
    endloop
  endfacet
  facet normal 0 0 -1
    outer loop
      vertex 178.003 30.8637 0
      vertex 177.885 31.8724 0
      vertex 178.137 30.9004 0
    endloop
  endfacet
  facet normal 0 0 -1
    outer loop
      vertex 178.359 35.4921 0
      vertex 162.339 43.6532 0
      vertex 180.507 36.8787 0
    endloop
  endfacet
  facet normal 0 0 -1
    outer loop
      vertex 177.753 33.861 0
      vertex 178.017 32.5224 0
      vertex 177.884 31.9435 0
    endloop
  endfacet
  facet normal 0 0 -1
    outer loop
      vertex 155.055 55.2348 0
      vertex 153.918 52.3206 0
      vertex 152.938 54.4964 0
    endloop
  endfacet
  facet normal 0 0 -1
    outer loop
      vertex 183.807 63.5063 0
      vertex 189.368 44.9318 0
      vertex 189.3 44.8551 0
    endloop
  endfacet
  facet normal 0 -0 -1
    outer loop
      vertex 154.676 62.6056 0
      vertex 155.938 61.2585 0
      vertex 154.618 61.807 0
    endloop
  endfacet
  facet normal 0 0 -1
    outer loop
      vertex 178.359 35.4921 0
      vertex 180.507 36.8787 0
      vertex 179.139 35.9121 0
    endloop
  endfacet
  facet normal 0 0 -1
    outer loop
      vertex 179.139 35.9121 0
      vertex 180.507 36.8787 0
      vertex 179.268 35.9184 0
    endloop
  endfacet
  facet normal 0 -0 -1
    outer loop
      vertex 178.623 66.2782 0
      vertex 181.804 64.3974 0
      vertex 162.607 49.6007 0
    endloop
  endfacet
  facet normal 0 0 -1
    outer loop
      vertex 179.268 35.9184 0
      vertex 180.507 36.8787 0
      vertex 179.88 35.6619 0
    endloop
  endfacet
  facet normal 0 0 -1
    outer loop
      vertex 188.261 43.4007 0
      vertex 189.3 44.8551 0
      vertex 188.287 43.4276 0
    endloop
  endfacet
  facet normal 0 0 -1
    outer loop
      vertex 188.261 43.4007 0
      vertex 185.831 40.9731 0
      vertex 185.79 40.9425 0
    endloop
  endfacet
  facet normal 0 0 -1
    outer loop
      vertex 182.872 38.596 0
      vertex 182.666 37.4221 0
      vertex 181.657 36.9406 0
    endloop
  endfacet
  facet normal 0 0 -1
    outer loop
      vertex 180.643 36.96 0
      vertex 182.872 38.596 0
      vertex 181.657 36.9406 0
    endloop
  endfacet
  facet normal 0 0 -1
    outer loop
      vertex 182.939 38.6965 0
      vertex 185.79 40.9425 0
      vertex 184.793 39.8763 0
    endloop
  endfacet
  facet normal 0 0 -1
    outer loop
      vertex 195.615 59.673 0
      vertex 193.976 60.6101 0
      vertex 195.546 60.6701 0
    endloop
  endfacet
  facet normal 0 0 -1
    outer loop
      vertex 188.287 43.4276 0
      vertex 189.15 44.4751 0
      vertex 189.154 44.3569 0
    endloop
  endfacet
  facet normal 0 -0 -1
    outer loop
      vertex 189.154 44.3569 0
      vertex 189.308 44.2711 0
      vertex 188.287 43.4276 0
    endloop
  endfacet
  facet normal 0 0 -1
    outer loop
      vertex 192.906 48.4076 0
      vertex 189.938 45.2418 0
      vertex 189.368 44.9318 0
    endloop
  endfacet
  facet normal 0 0 -1
    outer loop
      vertex 185.831 40.9731 0
      vertex 188.261 43.4007 0
      vertex 186.801 41.4775 0
    endloop
  endfacet
  facet normal 0 0 -1
    outer loop
      vertex 188.287 43.4276 0
      vertex 189.3 44.8551 0
      vertex 189.15 44.4751 0
    endloop
  endfacet
  facet normal -0 0 -1
    outer loop
      vertex 191.594 45.3512 0
      vertex 191.507 45.2603 0
      vertex 191.55 45.3977 0
    endloop
  endfacet
  facet normal 0 0 -1
    outer loop
      vertex 188.287 43.4276 0
      vertex 189.308 44.2711 0
      vertex 189.36 44.2773 0
    endloop
  endfacet
  facet normal 0 0 -1
    outer loop
      vertex 192.873 48.2801 0
      vertex 191.529 45.5727 0
      vertex 189.938 45.2418 0
    endloop
  endfacet
  facet normal 0 0 -1
    outer loop
      vertex 188.114 62.3205 0
      vertex 186.252 63.1548 0
      vertex 188.045 62.412 0
    endloop
  endfacet
  facet normal -0 -0 -1
    outer loop
      vertex 192.621 60.8082 0
      vertex 195.471 56.5557 0
      vertex 190.684 61.2238 0
    endloop
  endfacet
  facet normal 0 0 -1
    outer loop
      vertex 192.729 60.8121 0
      vertex 193.875 60.6438 0
      vertex 195.471 56.5557 0
    endloop
  endfacet
  facet normal 0 0 -1
    outer loop
      vertex 192.729 60.8121 0
      vertex 193.346 61.0763 0
      vertex 193.875 60.6438 0
    endloop
  endfacet
  facet normal 0 0 -1
    outer loop
      vertex 190.113 45.2189 0
      vertex 191.507 45.2603 0
      vertex 190.16 45.1033 0
    endloop
  endfacet
  facet normal -0 0 -1
    outer loop
      vertex 192.661 46.2153 0
      vertex 191.713 45.6402 0
      vertex 192.873 48.2801 0
    endloop
  endfacet
  facet normal 0 0 -1
    outer loop
      vertex 196.712 49.4291 0
      vertex 196.295 49.6675 0
      vertex 196.831 50.4474 0
    endloop
  endfacet
  facet normal 0 0 -1
    outer loop
      vertex 190.16 45.1033 0
      vertex 190.149 44.8014 0
      vertex 190.146 44.8015 0
    endloop
  endfacet
  facet normal 0 -0 -1
    outer loop
      vertex 190.16 45.1033 0
      vertex 191.507 45.2603 0
      vertex 190.149 44.8014 0
    endloop
  endfacet
  facet normal -0 0 -1
    outer loop
      vertex 191.55 45.3977 0
      vertex 191.507 45.2603 0
      vertex 191.529 45.5727 0
    endloop
  endfacet
  facet normal 0 0 -1
    outer loop
      vertex 191.529 45.5727 0
      vertex 191.507 45.2603 0
      vertex 190.113 45.2189 0
    endloop
  endfacet
  facet normal 0 0 -1
    outer loop
      vertex 195.305 51.1124 0
      vertex 193.518 49.0841 0
      vertex 193.446 49.0376 0
    endloop
  endfacet
  facet normal 0 0 -1
    outer loop
      vertex 189.938 45.2418 0
      vertex 191.529 45.5727 0
      vertex 190.113 45.2189 0
    endloop
  endfacet
  facet normal 0 0 -1
    outer loop
      vertex 192.661 46.2153 0
      vertex 192.873 48.2801 0
      vertex 193.122 47.054 0
    endloop
  endfacet
  facet normal 0 0 -1
    outer loop
      vertex 191.713 45.6402 0
      vertex 192.661 46.2153 0
      vertex 191.919 45.5623 0
    endloop
  endfacet
  facet normal 0 0 -1
    outer loop
      vertex 192.873 48.2801 0
      vertex 191.713 45.6402 0
      vertex 191.529 45.5727 0
    endloop
  endfacet
  facet normal 0 0 -1
    outer loop
      vertex 197.02 53.1702 0
      vertex 195.536 51.1361 0
      vertex 195.305 51.1124 0
    endloop
  endfacet
  facet normal 0 0 -1
    outer loop
      vertex 192.906 48.4076 0
      vertex 192.873 48.2801 0
      vertex 189.938 45.2418 0
    endloop
  endfacet
  facet normal 0 -0 -1
    outer loop
      vertex 195.305 51.1124 0
      vertex 195.313 50.9363 0
      vertex 193.518 49.0841 0
    endloop
  endfacet
  facet normal -0 -0 -1
    outer loop
      vertex 195.824 56.011 0
      vertex 196.674 54.204 0
      vertex 195.761 56.0584 0
    endloop
  endfacet
  facet normal 0 0 -1
    outer loop
      vertex 196.695 54.0868 0
      vertex 197.047 53.5593 0
      vertex 197.02 53.1702 0
    endloop
  endfacet
  facet normal -0 0 -1
    outer loop
      vertex 195.725 50.4216 0
      vertex 195.331 49.8273 0
      vertex 195.313 50.9363 0
    endloop
  endfacet
  facet normal 0 -0 -1
    outer loop
      vertex 195.313 50.9363 0
      vertex 195.331 49.8273 0
      vertex 194.775 49.4474 0
    endloop
  endfacet
  facet normal 0 0 -1
    outer loop
      vertex 193.518 49.0841 0
      vertex 195.313 50.9363 0
      vertex 194.775 49.4474 0
    endloop
  endfacet
  facet normal -0 0 -1
    outer loop
      vertex 197.315 52.7055 0
      vertex 197.304 52.6051 0
      vertex 197.117 53.0197 0
    endloop
  endfacet
  facet normal 0 0 -1
    outer loop
      vertex 195.305 51.1124 0
      vertex 196.695 54.0868 0
      vertex 197.02 53.1702 0
    endloop
  endfacet
  facet normal 0 0 -1
    outer loop
      vertex 196.951 50.5771 0
      vertex 196.831 50.4474 0
      vertex 196.096 50.576 0
    endloop
  endfacet
  facet normal 0 0 -1
    outer loop
      vertex 196.134 50.4282 0
      vertex 196.295 49.6675 0
      vertex 196.174 49.7092 0
    endloop
  endfacet
  facet normal 0 0 -1
    outer loop
      vertex 197.739 50.7869 0
      vertex 197.098 50.5227 0
      vertex 196.951 50.5771 0
    endloop
  endfacet
  facet normal 0 0 -1
    outer loop
      vertex 196.001 49.3931 0
      vertex 195.896 49.404 0
      vertex 196.043 49.5911 0
    endloop
  endfacet
  facet normal 0 0 -1
    outer loop
      vertex 196.043 49.5911 0
      vertex 195.896 49.404 0
      vertex 195.85 49.4468 0
    endloop
  endfacet
  facet normal 0 0 -1
    outer loop
      vertex 196.134 50.4282 0
      vertex 196.043 49.5911 0
      vertex 195.85 49.4468 0
    endloop
  endfacet
  facet normal -0 0 -1
    outer loop
      vertex 196.712 49.4291 0
      vertex 196.587 49.3833 0
      vertex 196.295 49.6675 0
    endloop
  endfacet
  facet normal 0 -0 -1
    outer loop
      vertex 196.134 50.4282 0
      vertex 196.174 49.7092 0
      vertex 196.043 49.5911 0
    endloop
  endfacet
  facet normal 0 0 -1
    outer loop
      vertex 197.636 49.6086 0
      vertex 197.528 49.6635 0
      vertex 197.527 49.9438 0
    endloop
  endfacet
  facet normal 0 0 -1
    outer loop
      vertex 196.831 50.4474 0
      vertex 196.295 49.6675 0
      vertex 196.134 50.4282 0
    endloop
  endfacet
  facet normal 0 0 -1
    outer loop
      vertex 196.096 50.576 0
      vertex 196.831 50.4474 0
      vertex 196.134 50.4282 0
    endloop
  endfacet
  facet normal 0 -0 -1
    outer loop
      vertex 197.304 52.6051 0
      vertex 197.739 50.7869 0
      vertex 196.951 50.5771 0
    endloop
  endfacet
  facet normal 0 0 -1
    outer loop
      vertex 195.536 51.1361 0
      vertex 196.951 50.5771 0
      vertex 196.096 50.576 0
    endloop
  endfacet
  facet normal 0 0 -1
    outer loop
      vertex 197.739 50.7869 0
      vertex 197.67 50.14 0
      vertex 197.318 50.2427 0
    endloop
  endfacet
  facet normal 0 -0 -1
    outer loop
      vertex 197.527 49.9438 0
      vertex 197.528 49.6635 0
      vertex 197.355 49.6168 0
    endloop
  endfacet
  facet normal -0 0 -1
    outer loop
      vertex 195.923 57.3464 0
      vertex 195.751 57.2557 0
      vertex 195.638 59.4799 0
    endloop
  endfacet
  facet normal 0 0 -1
    outer loop
      vertex 204.145 54.2379 0
      vertex 203.309 53.1118 0
      vertex 202.748 53.9444 0
    endloop
  endfacet
  facet normal -0 0 -1
    outer loop
      vertex 197.527 49.9438 0
      vertex 197.355 49.6168 0
      vertex 197.35 50.1515 0
    endloop
  endfacet
  facet normal -0 0 -1
    outer loop
      vertex 197.67 50.14 0
      vertex 197.527 49.9438 0
      vertex 197.35 50.1515 0
    endloop
  endfacet
  facet normal 0 0 -1
    outer loop
      vertex 210.034 58.225 0
      vertex 209.974 57.975 0
      vertex 205.566 57.3995 0
    endloop
  endfacet
  facet normal 0 0 -1
    outer loop
      vertex 197.318 50.2427 0
      vertex 197.67 50.14 0
      vertex 197.35 50.1515 0
    endloop
  endfacet
  facet normal 0 0 -1
    outer loop
      vertex 197.739 50.7869 0
      vertex 197.699 50.14 0
      vertex 197.67 50.14 0
    endloop
  endfacet
  facet normal 0 0 -1
    outer loop
      vertex 197.098 50.5227 0
      vertex 197.739 50.7869 0
      vertex 197.318 50.2427 0
    endloop
  endfacet
  facet normal 0 0 -1
    outer loop
      vertex 204.816 55.9248 0
      vertex 205.063 56.9491 0
      vertex 205.405 56.892 0
    endloop
  endfacet
  facet normal 0 0 -1
    outer loop
      vertex 195.536 51.1361 0
      vertex 197.304 52.6051 0
      vertex 196.951 50.5771 0
    endloop
  endfacet
  facet normal 0 0 -1
    outer loop
      vertex 204.778 63.0542 0
      vertex 204.763 63.1497 0
      vertex 205.702 64.406 0
    endloop
  endfacet
  facet normal 0 -0 -1
    outer loop
      vertex 197.117 53.0197 0
      vertex 197.304 52.6051 0
      vertex 195.536 51.1361 0
    endloop
  endfacet
  facet normal 0 0 -1
    outer loop
      vertex 197.117 53.0197 0
      vertex 197.413 52.9077 0
      vertex 197.315 52.7055 0
    endloop
  endfacet
  facet normal 0 -0 -1
    outer loop
      vertex 197.02 53.1702 0
      vertex 197.117 53.0197 0
      vertex 195.536 51.1361 0
    endloop
  endfacet
  facet normal 0 0 -1
    outer loop
      vertex 195.305 51.1124 0
      vertex 196.674 54.204 0
      vertex 196.695 54.0868 0
    endloop
  endfacet
  facet normal 0 0 -1
    outer loop
      vertex 195.824 56.011 0
      vertex 196.985 55.5392 0
      vertex 196.674 54.204 0
    endloop
  endfacet
  facet normal 0 -0 -1
    outer loop
      vertex 195.761 56.0584 0
      vertex 196.674 54.204 0
      vertex 195.305 51.1124 0
    endloop
  endfacet
  facet normal 0 -0 -1
    outer loop
      vertex 195.491 56.4084 0
      vertex 195.761 56.0584 0
      vertex 195.305 51.1124 0
    endloop
  endfacet
  facet normal 0 0 -1
    outer loop
      vertex 193.446 49.0376 0
      vertex 195.491 56.4084 0
      vertex 195.305 51.1124 0
    endloop
  endfacet
  facet normal -0 0 -1
    outer loop
      vertex 195.751 57.2557 0
      vertex 195.471 56.5557 0
      vertex 193.875 60.6438 0
    endloop
  endfacet
  facet normal 0 0 -1
    outer loop
      vertex 195.638 59.4799 0
      vertex 196.432 57.9289 0
      vertex 195.923 57.3464 0
    endloop
  endfacet
  facet normal 0 0 -1
    outer loop
      vertex 195.615 59.673 0
      vertex 195.546 60.6701 0
      vertex 195.678 60.7601 0
    endloop
  endfacet
  facet normal 0 0 -1
    outer loop
      vertex 193.875 60.6438 0
      vertex 193.976 60.6101 0
      vertex 195.751 57.2557 0
    endloop
  endfacet
  facet normal 0 0 -1
    outer loop
      vertex 195.751 57.2557 0
      vertex 193.976 60.6101 0
      vertex 195.638 59.4799 0
    endloop
  endfacet
  facet normal 0 0 -1
    outer loop
      vertex 196.432 57.9289 0
      vertex 195.638 59.4799 0
      vertex 196.568 58.6199 0
    endloop
  endfacet
  facet normal 0 -0 -1
    outer loop
      vertex 196.568 58.6199 0
      vertex 196.576 58.0199 0
      vertex 196.432 57.9289 0
    endloop
  endfacet
  facet normal 0 -0 -1
    outer loop
      vertex 196.64 58.583 0
      vertex 197.173 58.4747 0
      vertex 196.576 58.0199 0
    endloop
  endfacet
  facet normal 0 0 -1
    outer loop
      vertex 195.923 57.3464 0
      vertex 196.432 57.9289 0
      vertex 196.161 57.2934 0
    endloop
  endfacet
  facet normal -0 0 -1
    outer loop
      vertex 197.092 62.8945 0
      vertex 195.675 62.7051 0
      vertex 197.092 63.5814 0
    endloop
  endfacet
  facet normal 0 0 -1
    outer loop
      vertex 197.173 58.4747 0
      vertex 197.457 58.0786 0
      vertex 197.327 57.9917 0
    endloop
  endfacet
  facet normal 0 0 -1
    outer loop
      vertex 196.576 58.0199 0
      vertex 197.173 58.4747 0
      vertex 197.327 57.9917 0
    endloop
  endfacet
  facet normal 0 0 -1
    outer loop
      vertex 215.182 63.9336 0
      vertex 213.985 65.7521 0
      vertex 214.666 65.8672 0
    endloop
  endfacet
  facet normal 0 0 -1
    outer loop
      vertex 196.568 58.6199 0
      vertex 196.64 58.583 0
      vertex 196.576 58.0199 0
    endloop
  endfacet
  facet normal 0 0 -1
    outer loop
      vertex 195.491 56.4084 0
      vertex 190.684 61.2238 0
      vertex 195.471 56.5557 0
    endloop
  endfacet
  facet normal 0 0 -1
    outer loop
      vertex 197.092 62.8945 0
      vertex 197.065 62.7239 0
      vertex 195.675 62.7051 0
    endloop
  endfacet
  facet normal 0 -0 -1
    outer loop
      vertex 196.237 61.2261 0
      vertex 196.366 60.8039 0
      vertex 195.678 60.7601 0
    endloop
  endfacet
  facet normal 0 0 -1
    outer loop
      vertex 196.837 64.9287 0
      vertex 197.18 64.7845 0
      vertex 197.071 63.6747 0
    endloop
  endfacet
  facet normal 0 -0 -1
    outer loop
      vertex 196.003 64.6194 0
      vertex 197.071 63.6747 0
      vertex 195.675 62.7051 0
    endloop
  endfacet
  facet normal 0 0 -1
    outer loop
      vertex 196.471 61.3891 0
      vertex 197.551 60.9379 0
      vertex 197.467 60.7539 0
    endloop
  endfacet
  facet normal 0 -0 -1
    outer loop
      vertex 197.467 60.7539 0
      vertex 197.504 60.64 0
      vertex 197.451 60.64 0
    endloop
  endfacet
  facet normal 0 0 -1
    outer loop
      vertex 196.471 61.3891 0
      vertex 197.467 60.7539 0
      vertex 197.451 60.64 0
    endloop
  endfacet
  facet normal 0 0 -1
    outer loop
      vertex 197.955 60.9557 0
      vertex 197.761 61.0279 0
      vertex 198.036 61.7596 0
    endloop
  endfacet
  facet normal -0 -0 -1
    outer loop
      vertex 213.46 67.589 0
      vertex 213.49 67.179 0
      vertex 212.365 67.7961 0
    endloop
  endfacet
  facet normal 0 0 -1
    outer loop
      vertex 198.909 60.03 0
      vertex 198.642 60.03 0
      vertex 199.137 60.4691 0
    endloop
  endfacet
  facet normal 0 0 -1
    outer loop
      vertex 205.761 64.4387 0
      vertex 204.588 61.9642 0
      vertex 204.778 63.0542 0
    endloop
  endfacet
  facet normal 0 0 -1
    outer loop
      vertex 199.137 60.4691 0
      vertex 198.642 60.03 0
      vertex 198.306 60.2352 0
    endloop
  endfacet
  facet normal 0 0 -1
    outer loop
      vertex 197.955 60.9557 0
      vertex 199.137 60.4691 0
      vertex 198.306 60.2352 0
    endloop
  endfacet
  facet normal -0 0 -1
    outer loop
      vertex 199.531 61.4691 0
      vertex 199.295 60.548 0
      vertex 199.426 61.47 0
    endloop
  endfacet
  facet normal 0 0 -1
    outer loop
      vertex 200.998 57.9402 0
      vertex 201.651 61.6304 0
      vertex 204.549 57.97 0
    endloop
  endfacet
  facet normal 0 0 -1
    outer loop
      vertex 204.549 57.97 0
      vertex 204.451 61.8404 0
      vertex 204.626 57.9495 0
    endloop
  endfacet
  facet normal 0 0 -1
    outer loop
      vertex 210.057 58.2753 0
      vertex 210.034 58.225 0
      vertex 205.566 57.3995 0
    endloop
  endfacet
  facet normal 0 0 -1
    outer loop
      vertex 199.76 59.7219 0
      vertex 200.998 57.9402 0
      vertex 199.779 58.2473 0
    endloop
  endfacet
  facet normal 0 0 -1
    outer loop
      vertex 204.778 63.0542 0
      vertex 205.702 64.406 0
      vertex 205.761 64.4387 0
    endloop
  endfacet
  facet normal 0 0 -1
    outer loop
      vertex 205.566 57.3995 0
      vertex 209.974 57.975 0
      vertex 205.635 57.2321 0
    endloop
  endfacet
  facet normal 0 0 -1
    outer loop
      vertex 205.405 56.892 0
      vertex 205.575 57.0021 0
      vertex 207.315 55.2497 0
    endloop
  endfacet
  facet normal 0 0 -1
    outer loop
      vertex 205.138 54.2262 0
      vertex 207.243 55.0885 0
      vertex 207.439 54.1802 0
    endloop
  endfacet
  facet normal 0 0 -1
    outer loop
      vertex 203.76 52.7659 0
      vertex 203.309 53.1118 0
      vertex 204.145 54.2379 0
    endloop
  endfacet
  facet normal 0 0 -1
    outer loop
      vertex 207.243 55.0885 0
      vertex 204.816 55.9248 0
      vertex 207.315 55.2497 0
    endloop
  endfacet
  facet normal 0 -0 -1
    outer loop
      vertex 215.659 65.6498 0
      vertex 216.147 64.7662 0
      vertex 215.182 63.9336 0
    endloop
  endfacet
  facet normal 0 0 -1
    outer loop
      vertex 202.748 53.9444 0
      vertex 203.309 53.1118 0
      vertex 203.093 53.1342 0
    endloop
  endfacet
  facet normal 0 0 -1
    outer loop
      vertex 204.725 55.8204 0
      vertex 204.308 55.3801 0
      vertex 204.453 55.7132 0
    endloop
  endfacet
  facet normal 0 0 -1
    outer loop
      vertex 203 53.0555 0
      vertex 202.748 53.9444 0
      vertex 203.093 53.1342 0
    endloop
  endfacet
  facet normal -0 0 -1
    outer loop
      vertex 204.145 54.2379 0
      vertex 202.748 53.9444 0
      vertex 203.153 55.0613 0
    endloop
  endfacet
  facet normal -0 0 -1
    outer loop
      vertex 203.76 52.7659 0
      vertex 203.636 52.6888 0
      vertex 203.309 53.1118 0
    endloop
  endfacet
  facet normal 0 0 -1
    outer loop
      vertex 204.145 54.2379 0
      vertex 203.153 55.0613 0
      vertex 204.202 55.2935 0
    endloop
  endfacet
  facet normal 0 0 -1
    outer loop
      vertex 204.99 54.35 0
      vertex 204.29 54.35 0
      vertex 204.202 55.2935 0
    endloop
  endfacet
  facet normal 0 -0 -1
    outer loop
      vertex 204.308 55.3801 0
      vertex 204.99 54.35 0
      vertex 204.202 55.2935 0
    endloop
  endfacet
  facet normal 0 0 -1
    outer loop
      vertex 204.308 55.3801 0
      vertex 204.725 55.8204 0
      vertex 204.99 54.35 0
    endloop
  endfacet
  facet normal -0 0 -1
    outer loop
      vertex 204.29 54.35 0
      vertex 204.145 54.2379 0
      vertex 204.202 55.2935 0
    endloop
  endfacet
  facet normal 0 -0 -1
    outer loop
      vertex 204.816 55.9248 0
      vertex 204.99 54.35 0
      vertex 204.725 55.8204 0
    endloop
  endfacet
  facet normal 0 0 -1
    outer loop
      vertex 205.138 54.2262 0
      vertex 204.99 54.35 0
      vertex 204.816 55.9248 0
    endloop
  endfacet
  facet normal 0 0 -1
    outer loop
      vertex 205.814 50.4105 0
      vertex 205.138 54.2262 0
      vertex 205.938 50.5498 0
    endloop
  endfacet
  facet normal 0 0 -1
    outer loop
      vertex 205.938 50.5498 0
      vertex 206.691 51.8397 0
      vertex 206.144 50.5666 0
    endloop
  endfacet
  facet normal 0 0 -1
    outer loop
      vertex 206.144 50.5666 0
      vertex 206.842 50.7393 0
      vertex 206.455 50.3155 0
    endloop
  endfacet
  facet normal 0 0 -1
    outer loop
      vertex 206.144 50.5666 0
      vertex 206.691 51.8397 0
      vertex 206.842 50.7393 0
    endloop
  endfacet
  facet normal 0 0 -1
    outer loop
      vertex 205.938 50.5498 0
      vertex 206.694 51.8964 0
      vertex 206.691 51.8397 0
    endloop
  endfacet
  facet normal 0 0 -1
    outer loop
      vertex 205.938 50.5498 0
      vertex 205.138 54.2262 0
      vertex 206.694 51.8964 0
    endloop
  endfacet
  facet normal 0 0 -1
    outer loop
      vertex 206.694 51.8964 0
      vertex 205.138 54.2262 0
      vertex 206.884 52.6564 0
    endloop
  endfacet
  facet normal 0 0 -1
    outer loop
      vertex 214.938 63.3283 0
      vertex 215.142 63.7615 0
      vertex 215.042 63.3053 0
    endloop
  endfacet
  facet normal 0 0 -1
    outer loop
      vertex 206.884 52.6564 0
      vertex 205.138 54.2262 0
      vertex 207.03 52.77 0
    endloop
  endfacet
  facet normal 0 0 -1
    outer loop
      vertex 207.03 52.77 0
      vertex 207.333 52.9037 0
      vertex 207.261 52.77 0
    endloop
  endfacet
  facet normal 0 0 -1
    outer loop
      vertex 207.03 52.77 0
      vertex 207.439 54.1802 0
      vertex 207.333 52.9037 0
    endloop
  endfacet
  facet normal 0 0 -1
    outer loop
      vertex 207.03 52.77 0
      vertex 205.138 54.2262 0
      vertex 207.439 54.1802 0
    endloop
  endfacet
  facet normal 0 0 -1
    outer loop
      vertex 205.138 54.2262 0
      vertex 204.816 55.9248 0
      vertex 207.243 55.0885 0
    endloop
  endfacet
  facet normal 0 0 -1
    outer loop
      vertex 204.816 55.9248 0
      vertex 205.405 56.892 0
      vertex 207.315 55.2497 0
    endloop
  endfacet
  facet normal 0 0 -1
    outer loop
      vertex 207.315 55.2497 0
      vertex 205.575 57.0021 0
      vertex 205.635 57.2321 0
    endloop
  endfacet
  facet normal -0 0 -1
    outer loop
      vertex 207.428 55.2652 0
      vertex 207.315 55.2497 0
      vertex 205.635 57.2321 0
    endloop
  endfacet
  facet normal 0 0 -1
    outer loop
      vertex 209.085 54.8369 0
      vertex 210.005 57.8442 0
      vertex 210.285 57.5062 0
    endloop
  endfacet
  facet normal 0 0 -1
    outer loop
      vertex 209.085 54.8369 0
      vertex 207.428 55.2652 0
      vertex 210.005 57.8442 0
    endloop
  endfacet
  facet normal -0 0 -1
    outer loop
      vertex 210.005 57.8442 0
      vertex 207.428 55.2652 0
      vertex 209.974 57.975 0
    endloop
  endfacet
  facet normal -0 0 -1
    outer loop
      vertex 211.248 59.9994 0
      vertex 210.057 58.2753 0
      vertex 211.074 60.6936 0
    endloop
  endfacet
  facet normal 0 -0 -1
    outer loop
      vertex 206.071 64.7187 0
      vertex 211.256 61.3918 0
      vertex 205.761 64.4387 0
    endloop
  endfacet
  facet normal 0 -0 -1
    outer loop
      vertex 208.392 66.5535 0
      vertex 211.314 61.4729 0
      vertex 206.867 65.5995 0
    endloop
  endfacet
  facet normal 0 -0 -1
    outer loop
      vertex 207.323 66.317 0
      vertex 208.392 66.5535 0
      vertex 206.867 65.5995 0
    endloop
  endfacet
  facet normal 0 0 -1
    outer loop
      vertex 208.452 66.5814 0
      vertex 210.563 67.6846 0
      vertex 211.943 67.3346 0
    endloop
  endfacet
  facet normal 0 0 -1
    outer loop
      vertex 213.674 63.1229 0
      vertex 211.943 67.3346 0
      vertex 213.827 65.8305 0
    endloop
  endfacet
  facet normal 0 0 -1
    outer loop
      vertex 212.106 67.3981 0
      vertex 212.365 67.7961 0
      vertex 213.49 67.179 0
    endloop
  endfacet
  facet normal -0 0 -1
    outer loop
      vertex 215.182 63.9336 0
      vertex 213.738 63.1483 0
      vertex 213.985 65.7521 0
    endloop
  endfacet
  facet normal -0 0 -1
    outer loop
      vertex 215.659 65.6498 0
      vertex 215.182 63.9336 0
      vertex 214.666 65.8672 0
    endloop
  endfacet
  facet normal 0 0 -1
    outer loop
      vertex 213.738 63.1483 0
      vertex 215.182 63.9336 0
      vertex 215.142 63.7615 0
    endloop
  endfacet
  facet normal -0 -0 -1
    outer loop
      vertex 216.123 65.329 0
      vertex 216.147 64.7662 0
      vertex 215.659 65.6498 0
    endloop
  endfacet
  facet normal 0 0 -1
    outer loop
      vertex 215.142 63.7615 0
      vertex 214.938 63.3283 0
      vertex 213.738 63.1483 0
    endloop
  endfacet
  facet normal 0 0 -1
    outer loop
      vertex 196.003 64.6194 0
      vertex 196.837 64.9287 0
      vertex 197.071 63.6747 0
    endloop
  endfacet
  facet normal 0 0 -1
    outer loop
      vertex 215.042 63.3053 0
      vertex 215.142 63.7615 0
      vertex 215.448 63.0379 0
    endloop
  endfacet
  facet normal 0 0 -1
    outer loop
      vertex 213.738 63.1483 0
      vertex 213.827 65.8305 0
      vertex 213.985 65.7521 0
    endloop
  endfacet
  facet normal -0 0 -1
    outer loop
      vertex 213.738 63.1483 0
      vertex 213.674 63.1229 0
      vertex 213.827 65.8305 0
    endloop
  endfacet
  facet normal 0 0 -1
    outer loop
      vertex 213.827 65.8305 0
      vertex 211.943 67.3346 0
      vertex 213.84 65.9893 0
    endloop
  endfacet
  facet normal 0 0 -1
    outer loop
      vertex 213.84 65.9893 0
      vertex 213.533 67.0847 0
      vertex 213.707 67.0558 0
    endloop
  endfacet
  facet normal 0 0 -1
    outer loop
      vertex 212.106 67.3981 0
      vertex 213.49 67.179 0
      vertex 213.533 67.0847 0
    endloop
  endfacet
  facet normal 0 0 -1
    outer loop
      vertex 213.707 67.0558 0
      vertex 214.226 67.3153 0
      vertex 214.448 66.8095 0
    endloop
  endfacet
  facet normal 0 0 -1
    outer loop
      vertex 212.365 67.7961 0
      vertex 213.515 67.7158 0
      vertex 213.46 67.589 0
    endloop
  endfacet
  facet normal 0 -0 -1
    outer loop
      vertex 212.106 67.3981 0
      vertex 213.84 65.9893 0
      vertex 211.943 67.3346 0
    endloop
  endfacet
  facet normal -0 0 -1
    outer loop
      vertex 210.563 67.6846 0
      vertex 208.452 66.5814 0
      vertex 210.491 67.7271 0
    endloop
  endfacet
  facet normal 0 0 -1
    outer loop
      vertex 212.106 67.3981 0
      vertex 213.533 67.0847 0
      vertex 213.84 65.9893 0
    endloop
  endfacet
  facet normal 0 0 -1
    outer loop
      vertex 213.707 67.0558 0
      vertex 214.448 66.8095 0
      vertex 213.84 65.9893 0
    endloop
  endfacet
  facet normal 0 -0 -1
    outer loop
      vertex 213.375 68.3409 0
      vertex 213.515 67.7158 0
      vertex 212.365 67.7961 0
    endloop
  endfacet
  facet normal 0 -0 -1
    outer loop
      vertex 208.452 66.5814 0
      vertex 211.314 61.4729 0
      vertex 208.392 66.5535 0
    endloop
  endfacet
  facet normal 0 0 -1
    outer loop
      vertex 211.256 61.3918 0
      vertex 206.818 65.5518 0
      vertex 211.314 61.4729 0
    endloop
  endfacet
  facet normal 0 -0 -1
    outer loop
      vertex 213.747 67.9118 0
      vertex 213.751 67.9101 0
      vertex 213.515 67.7158 0
    endloop
  endfacet
  facet normal 0 0 -1
    outer loop
      vertex 213.375 68.3409 0
      vertex 213.747 67.9118 0
      vertex 213.515 67.7158 0
    endloop
  endfacet
  facet normal 0 0 -1
    outer loop
      vertex 204.553 63.5497 0
      vertex 205.702 64.406 0
      vertex 204.763 63.1497 0
    endloop
  endfacet
  facet normal 0 -0 -1
    outer loop
      vertex 210.254 67.978 0
      vertex 210.491 67.7271 0
      vertex 208.452 66.5814 0
    endloop
  endfacet
  facet normal 0 0 -1
    outer loop
      vertex 211.943 67.3346 0
      vertex 211.314 61.4729 0
      vertex 208.452 66.5814 0
    endloop
  endfacet
  facet normal 0 -0 -1
    outer loop
      vertex 211.943 67.3346 0
      vertex 213.674 63.1229 0
      vertex 211.314 61.4729 0
    endloop
  endfacet
  facet normal 0 0 -1
    outer loop
      vertex 206.12 64.8188 0
      vertex 206.144 65.1419 0
      vertex 206.818 65.5518 0
    endloop
  endfacet
  facet normal 0 0 -1
    outer loop
      vertex 205.566 57.3995 0
      vertex 204.588 61.9642 0
      vertex 210.057 58.2753 0
    endloop
  endfacet
  facet normal 0 0 -1
    outer loop
      vertex 178.052 71.3766 0
      vertex 178.149 71.2588 0
      vertex 178.527 69.2961 0
    endloop
  endfacet
  facet normal 0 0 -1
    outer loop
      vertex 199.744 59.7871 0
      vertex 200.771 61.9209 0
      vertex 201.591 61.6382 0
    endloop
  endfacet
  facet normal 0 0 -1
    outer loop
      vertex 206.818 65.5518 0
      vertex 206.867 65.5995 0
      vertex 211.314 61.4729 0
    endloop
  endfacet
  facet normal 0 -0 -1
    outer loop
      vertex 199.531 61.4691 0
      vertex 200.771 61.9209 0
      vertex 199.404 60.4671 0
    endloop
  endfacet
  facet normal 0 -0 -1
    outer loop
      vertex 201.591 61.6382 0
      vertex 201.651 61.6304 0
      vertex 199.76 59.7219 0
    endloop
  endfacet
  facet normal 0 0 -1
    outer loop
      vertex 206.071 64.7187 0
      vertex 206.12 64.8188 0
      vertex 206.818 65.5518 0
    endloop
  endfacet
  facet normal 0 0 -1
    outer loop
      vertex 199.137 60.4691 0
      vertex 197.955 60.9557 0
      vertex 198.508 61.8238 0
    endloop
  endfacet
  facet normal 0 0 -1
    outer loop
      vertex 211.256 61.3918 0
      vertex 206.071 64.7187 0
      vertex 206.818 65.5518 0
    endloop
  endfacet
  facet normal -0 0 -1
    outer loop
      vertex 204.376 64.0306 0
      vertex 203.924 63.6121 0
      vertex 203.753 64.088 0
    endloop
  endfacet
  facet normal 0 0 -1
    outer loop
      vertex 211.076 60.7718 0
      vertex 205.761 64.4387 0
      vertex 211.256 61.3918 0
    endloop
  endfacet
  facet normal 0 0 -1
    outer loop
      vertex 204.588 61.9642 0
      vertex 205.761 64.4387 0
      vertex 211.076 60.7718 0
    endloop
  endfacet
  facet normal 0 0 -1
    outer loop
      vertex 204.376 64.0306 0
      vertex 204.432 64.036 0
      vertex 204.415 63.6299 0
    endloop
  endfacet
  facet normal 0 -0 -1
    outer loop
      vertex 203.753 64.088 0
      vertex 203.924 63.6121 0
      vertex 203.703 63.8068 0
    endloop
  endfacet
  facet normal 0 0 -1
    outer loop
      vertex 199.744 59.7871 0
      vertex 199.404 60.4671 0
      vertex 200.771 61.9209 0
    endloop
  endfacet
  facet normal 0 0 -1
    outer loop
      vertex 197.386 62.1296 0
      vertex 197.761 61.0279 0
      vertex 197.551 60.9379 0
    endloop
  endfacet
  facet normal 0 -0 -1
    outer loop
      vertex 204.376 64.0306 0
      vertex 204.415 63.6299 0
      vertex 203.924 63.6121 0
    endloop
  endfacet
  facet normal 0 0 -1
    outer loop
      vertex 205.566 57.3995 0
      vertex 204.626 57.9495 0
      vertex 204.588 61.9642 0
    endloop
  endfacet
  facet normal 0 0 -1
    outer loop
      vertex 204.553 63.5497 0
      vertex 204.415 63.6299 0
      vertex 204.432 64.036 0
    endloop
  endfacet
  facet normal 0 0 -1
    outer loop
      vertex 205.702 64.406 0
      vertex 204.553 63.5497 0
      vertex 204.432 64.036 0
    endloop
  endfacet
  facet normal 0 0 -1
    outer loop
      vertex 211.074 60.6936 0
      vertex 204.588 61.9642 0
      vertex 211.076 60.7718 0
    endloop
  endfacet
  facet normal -0 0 -1
    outer loop
      vertex 211.074 60.6936 0
      vertex 210.057 58.2753 0
      vertex 204.588 61.9642 0
    endloop
  endfacet
  facet normal 0 0 -1
    outer loop
      vertex 201.651 61.6304 0
      vertex 200.998 57.9402 0
      vertex 199.76 59.7219 0
    endloop
  endfacet
  facet normal 0 -0 -1
    outer loop
      vertex 204.588 61.9642 0
      vertex 204.626 57.9495 0
      vertex 204.451 61.8404 0
    endloop
  endfacet
  facet normal 0 0 -1
    outer loop
      vertex 201.651 61.6304 0
      vertex 204.451 61.8404 0
      vertex 204.549 57.97 0
    endloop
  endfacet
  facet normal 0 0 -1
    outer loop
      vertex 199.76 59.7219 0
      vertex 199.744 59.7871 0
      vertex 201.591 61.6382 0
    endloop
  endfacet
  facet normal 0 0 -1
    outer loop
      vertex 199.404 60.4671 0
      vertex 199.295 60.548 0
      vertex 199.531 61.4691 0
    endloop
  endfacet
  facet normal -0 0 -1
    outer loop
      vertex 199.426 61.47 0
      vertex 199.137 60.4691 0
      vertex 198.508 61.8238 0
    endloop
  endfacet
  facet normal -0 0 -1
    outer loop
      vertex 199.295 60.548 0
      vertex 199.137 60.4691 0
      vertex 199.426 61.47 0
    endloop
  endfacet
  facet normal 0 0 -1
    outer loop
      vertex 197.955 60.9557 0
      vertex 198.142 61.7435 0
      vertex 198.508 61.8238 0
    endloop
  endfacet
  facet normal -0 0 -1
    outer loop
      vertex 198.036 61.7596 0
      vertex 197.761 61.0279 0
      vertex 197.386 62.1296 0
    endloop
  endfacet
  facet normal -0 0 -1
    outer loop
      vertex 198.142 61.7435 0
      vertex 197.955 60.9557 0
      vertex 198.036 61.7596 0
    endloop
  endfacet
  facet normal 0 -0 -1
    outer loop
      vertex 197.386 62.1296 0
      vertex 197.551 60.9379 0
      vertex 196.471 61.3891 0
    endloop
  endfacet
  facet normal 0 -0 -1
    outer loop
      vertex 197.325 62.1939 0
      vertex 197.386 62.1296 0
      vertex 196.471 61.3891 0
    endloop
  endfacet
  facet normal 0 0 -1
    outer loop
      vertex 178.052 71.3766 0
      vertex 176.637 72.3506 0
      vertex 177.273 72.2936 0
    endloop
  endfacet
  facet normal 0 -0 -1
    outer loop
      vertex 197.065 62.7239 0
      vertex 197.325 62.1939 0
      vertex 196.05 61.7236 0
    endloop
  endfacet
  facet normal 0 0 -1
    outer loop
      vertex 196.05 61.7236 0
      vertex 197.325 62.1939 0
      vertex 196.471 61.3891 0
    endloop
  endfacet
  facet normal 0 0 -1
    outer loop
      vertex 195.675 62.7051 0
      vertex 197.071 63.6747 0
      vertex 197.092 63.5814 0
    endloop
  endfacet
  facet normal 0 -0 -1
    outer loop
      vertex 175.715 78.1584 0
      vertex 175.881 76.5227 0
      vertex 175.008 76.783 0
    endloop
  endfacet
  facet normal 0 0 -1
    outer loop
      vertex 197.092 62.8945 0
      vertex 197.092 63.5814 0
      vertex 197.351 63.1608 0
    endloop
  endfacet
  facet normal 0 0 -1
    outer loop
      vertex 195.675 62.7051 0
      vertex 197.065 62.7239 0
      vertex 196.05 61.7236 0
    endloop
  endfacet
  facet normal -0 0 -1
    outer loop
      vertex 195.491 56.4084 0
      vertex 193.446 49.0376 0
      vertex 190.684 61.2238 0
    endloop
  endfacet
  facet normal 0 0 -1
    outer loop
      vertex 190.536 61.272 0
      vertex 189.344 61.6005 0
      vertex 189.463 61.5864 0
    endloop
  endfacet
  facet normal 0 0 -1
    outer loop
      vertex 190.684 61.2238 0
      vertex 191.122 61.3242 0
      vertex 192.621 60.8082 0
    endloop
  endfacet
  facet normal -0 0 -1
    outer loop
      vertex 196.294 61.3928 0
      vertex 196.237 61.2261 0
      vertex 196.048 61.6101 0
    endloop
  endfacet
  facet normal 0 0 -1
    outer loop
      vertex 196.048 61.6101 0
      vertex 196.05 61.7236 0
      vertex 196.294 61.3928 0
    endloop
  endfacet
  facet normal 0 0 -1
    outer loop
      vertex 196.05 61.7236 0
      vertex 196.471 61.3891 0
      vertex 196.294 61.3928 0
    endloop
  endfacet
  facet normal 0 -0 -1
    outer loop
      vertex 196.048 61.6101 0
      vertex 196.237 61.2261 0
      vertex 195.678 60.7601 0
    endloop
  endfacet
  facet normal 0 0 -1
    outer loop
      vertex 195.615 59.673 0
      vertex 195.678 60.7601 0
      vertex 196.366 60.8039 0
    endloop
  endfacet
  facet normal 0 -0 -1
    outer loop
      vertex 192.729 60.8121 0
      vertex 195.471 56.5557 0
      vertex 192.621 60.8082 0
    endloop
  endfacet
  facet normal 0 0 -1
    outer loop
      vertex 190.536 61.272 0
      vertex 190.684 61.2238 0
      vertex 193.446 49.0376 0
    endloop
  endfacet
  facet normal -0 -0 -1
    outer loop
      vertex 190.536 61.272 0
      vertex 193.446 49.0376 0
      vertex 189.344 61.6005 0
    endloop
  endfacet
  facet normal 0 0 -1
    outer loop
      vertex 189.463 61.5864 0
      vertex 190.1 61.7783 0
      vertex 190.536 61.272 0
    endloop
  endfacet
  facet normal 0 0 -1
    outer loop
      vertex 189.344 61.6005 0
      vertex 193.446 49.0376 0
      vertex 192.906 48.4076 0
    endloop
  endfacet
  facet normal 0 0 -1
    outer loop
      vertex 189.368 44.9318 0
      vertex 189.344 61.6005 0
      vertex 192.906 48.4076 0
    endloop
  endfacet
  facet normal 0 -0 -1
    outer loop
      vertex 185.175 63.1563 0
      vertex 188.114 62.3205 0
      vertex 185.047 63.1363 0
    endloop
  endfacet
  facet normal 0 -0 -1
    outer loop
      vertex 186.355 63.1649 0
      vertex 188.045 62.412 0
      vertex 186.252 63.1548 0
    endloop
  endfacet
  facet normal 0 0 -1
    outer loop
      vertex 186.252 63.1548 0
      vertex 185.175 63.1563 0
      vertex 185.468 63.3577 0
    endloop
  endfacet
  facet normal 0 0 -1
    outer loop
      vertex 188.045 62.412 0
      vertex 186.355 63.1649 0
      vertex 186.874 63.4156 0
    endloop
  endfacet
  facet normal -0 -0 -1
    outer loop
      vertex 186.252 63.1548 0
      vertex 188.114 62.3205 0
      vertex 185.175 63.1563 0
    endloop
  endfacet
  facet normal -0 -0 -1
    outer loop
      vertex 188.114 62.3205 0
      vertex 189.344 61.6005 0
      vertex 185.047 63.1363 0
    endloop
  endfacet
  facet normal 0 0 -1
    outer loop
      vertex 185.047 63.1363 0
      vertex 189.344 61.6005 0
      vertex 189.368 44.9318 0
    endloop
  endfacet
  facet normal -0 -0 -1
    outer loop
      vertex 187.894 62.9902 0
      vertex 188.045 62.412 0
      vertex 186.874 63.4156 0
    endloop
  endfacet
  facet normal 0 0 -1
    outer loop
      vertex 183.807 63.5063 0
      vertex 185.047 63.1363 0
      vertex 189.368 44.9318 0
    endloop
  endfacet
  facet normal 0 0 -1
    outer loop
      vertex 185.79 40.9425 0
      vertex 183.807 63.5063 0
      vertex 188.261 43.4007 0
    endloop
  endfacet
  facet normal 0 0 -1
    outer loop
      vertex 183.154 63.9006 0
      vertex 183.707 63.6059 0
      vertex 183.807 63.5063 0
    endloop
  endfacet
  facet normal 0 0 -1
    outer loop
      vertex 183.154 63.9006 0
      vertex 183.233 63.88 0
      vertex 183.707 63.6059 0
    endloop
  endfacet
  facet normal -0 -0 -1
    outer loop
      vertex 181.946 64.3807 0
      vertex 183.154 63.9006 0
      vertex 181.804 64.3974 0
    endloop
  endfacet
  facet normal 0 0 -1
    outer loop
      vertex 181.804 64.3974 0
      vertex 183.154 63.9006 0
      vertex 183.807 63.5063 0
    endloop
  endfacet
  facet normal 0 0 -1
    outer loop
      vertex 183.154 63.9006 0
      vertex 181.946 64.3807 0
      vertex 182.177 64.4734 0
    endloop
  endfacet
  facet normal 0 0 -1
    outer loop
      vertex 183.707 63.6059 0
      vertex 183.233 63.88 0
      vertex 183.62 63.8878 0
    endloop
  endfacet
  facet normal 0 0 -1
    outer loop
      vertex 185.79 40.9425 0
      vertex 181.804 64.3974 0
      vertex 183.807 63.5063 0
    endloop
  endfacet
  facet normal 0 0 -1
    outer loop
      vertex 161.945 50.7381 0
      vertex 162.607 49.6007 0
      vertex 162.455 49.6892 0
    endloop
  endfacet
  facet normal 0 0 -1
    outer loop
      vertex 158.008 56.5621 0
      vertex 158.015 56.7056 0
      vertex 158.019 55.9963 0
    endloop
  endfacet
  facet normal 0 -0 -1
    outer loop
      vertex 179.051 66.3368 0
      vertex 181.804 64.3974 0
      vertex 178.749 66.2552 0
    endloop
  endfacet
  facet normal -0 -0 -1
    outer loop
      vertex 178.749 66.2552 0
      vertex 181.804 64.3974 0
      vertex 178.623 66.2782 0
    endloop
  endfacet
  facet normal 0 0 -1
    outer loop
      vertex 158.015 56.7056 0
      vertex 159.843 64.6903 0
      vertex 161.809 50.8497 0
    endloop
  endfacet
  facet normal 0 0 -1
    outer loop
      vertex 155.933 59.693 0
      vertex 156.03 61.1098 0
      vertex 157.016 59.1992 0
    endloop
  endfacet
  facet normal 0 -0 -1
    outer loop
      vertex 164.134 70.0829 0
      vertex 177.843 66.8382 0
      vertex 162.146 67.3974 0
    endloop
  endfacet
  facet normal 0 0 -1
    outer loop
      vertex 164.485 81.1674 0
      vertex 164.173 81.4709 0
      vertex 164.469 82.0628 0
    endloop
  endfacet
  facet normal 0 -0 -1
    outer loop
      vertex 165.975 72.6932 0
      vertex 174.84 73.3582 0
      vertex 165.924 72.4796 0
    endloop
  endfacet
  facet normal -0 -0 -1
    outer loop
      vertex 176.533 72.406 0
      vertex 177.787 67.0061 0
      vertex 175.028 73.2149 0
    endloop
  endfacet
  facet normal 0 0 -1
    outer loop
      vertex 178.149 71.2588 0
      vertex 179.212 70.8786 0
      vertex 178.561 69.3529 0
    endloop
  endfacet
  facet normal 0 0 -1
    outer loop
      vertex 178.561 69.3529 0
      vertex 179.212 70.8786 0
      vertex 179.551 70.4029 0
    endloop
  endfacet
  facet normal 0 0 -1
    outer loop
      vertex 179.551 70.4029 0
      vertex 179.212 70.8786 0
      vertex 179.635 70.448 0
    endloop
  endfacet
  facet normal 0 0 -1
    outer loop
      vertex 174.322 75.5969 0
      vertex 174.821 74.967 0
      vertex 174.84 73.3582 0
    endloop
  endfacet
  facet normal 0 -0 -1
    outer loop
      vertex 174.971 79.0715 0
      vertex 175.006 78.9928 0
      vertex 174.158 76.6341 0
    endloop
  endfacet
  facet normal 0 0 -1
    outer loop
      vertex 179.635 70.448 0
      vertex 179.212 70.8786 0
      vertex 179.686 70.4564 0
    endloop
  endfacet
  facet normal 0 0 -1
    outer loop
      vertex 178.527 69.2961 0
      vertex 178.149 71.2588 0
      vertex 178.561 69.3529 0
    endloop
  endfacet
  facet normal -0 -0 -1
    outer loop
      vertex 177.973 71.8771 0
      vertex 178.052 71.3766 0
      vertex 177.273 72.2936 0
    endloop
  endfacet
  facet normal -0 -0 -1
    outer loop
      vertex 178.052 71.3766 0
      vertex 178.527 69.2961 0
      vertex 176.637 72.3506 0
    endloop
  endfacet
  facet normal 0 0 -1
    outer loop
      vertex 176.637 72.3506 0
      vertex 178.527 69.2961 0
      vertex 177.787 67.0061 0
    endloop
  endfacet
  facet normal 0 0 -1
    outer loop
      vertex 176.533 72.406 0
      vertex 176.637 72.3506 0
      vertex 177.787 67.0061 0
    endloop
  endfacet
  facet normal 0 -0 -1
    outer loop
      vertex 175.734 73.4002 0
      vertex 176.533 72.406 0
      vertex 175.028 73.2149 0
    endloop
  endfacet
  facet normal 0 0 -1
    outer loop
      vertex 164.485 81.1674 0
      vertex 165.123 82.3332 0
      vertex 165.062 80.4165 0
    endloop
  endfacet
  facet normal 0 0 -1
    outer loop
      vertex 165.123 82.3332 0
      vertex 164.485 81.1674 0
      vertex 164.469 82.0628 0
    endloop
  endfacet
  facet normal 0 -0 -1
    outer loop
      vertex 171.201 82.981 0
      vertex 173.921 82.004 0
      vertex 170.301 82.291 0
    endloop
  endfacet
  facet normal 0 0 -1
    outer loop
      vertex 168.318 81.6518 0
      vertex 167.325 76.1658 0
      vertex 167.228 76.2451 0
    endloop
  endfacet
  facet normal 0 0 -1
    outer loop
      vertex 167.525 75.7558 0
      vertex 167.325 76.1658 0
      vertex 174.056 76.4469 0
    endloop
  endfacet
  facet normal 0 0 -1
    outer loop
      vertex 174.056 76.4469 0
      vertex 170.232 82.2616 0
      vertex 174.158 76.6341 0
    endloop
  endfacet
  facet normal 0 0 -1
    outer loop
      vertex 170.301 82.291 0
      vertex 174.801 80.4415 0
      vertex 174.971 79.0715 0
    endloop
  endfacet
  facet normal 0 0 -1
    outer loop
      vertex 174.015 81.917 0
      vertex 174.827 80.5454 0
      vertex 174.801 80.4415 0
    endloop
  endfacet
  facet normal 0 0 -1
    outer loop
      vertex 174.015 81.917 0
      vertex 174.745 81.6863 0
      vertex 174.827 80.5454 0
    endloop
  endfacet
  facet normal 0 0 -1
    outer loop
      vertex 175.008 76.783 0
      vertex 175.881 76.5227 0
      vertex 175.418 76.2634 0
    endloop
  endfacet
  facet normal 0 -0 -1
    outer loop
      vertex 175.006 78.9928 0
      vertex 175.715 78.1584 0
      vertex 174.848 76.8341 0
    endloop
  endfacet
  facet normal 0 0 -1
    outer loop
      vertex 175.715 78.1584 0
      vertex 175.008 76.783 0
      vertex 174.848 76.8341 0
    endloop
  endfacet
  facet normal 0 0 -1
    outer loop
      vertex 174.158 76.6341 0
      vertex 175.006 78.9928 0
      vertex 174.848 76.8341 0
    endloop
  endfacet
  facet normal 0 0 -1
    outer loop
      vertex 174.801 80.4415 0
      vertex 173.921 82.004 0
      vertex 174.015 81.917 0
    endloop
  endfacet
  facet normal 0 0 -1
    outer loop
      vertex 171.252 83.0512 0
      vertex 173.221 83.744 0
      vertex 173.921 82.004 0
    endloop
  endfacet
  facet normal 0 0 -1
    outer loop
      vertex 170.301 82.291 0
      vertex 173.921 82.004 0
      vertex 174.801 80.4415 0
    endloop
  endfacet
  facet normal 0 -0 -1
    outer loop
      vertex 156.471 64.7468 0
      vertex 156.85 64.5803 0
      vertex 155.988 64.3739 0
    endloop
  endfacet
  facet normal 0 0 -1
    outer loop
      vertex 174.827 80.5454 0
      vertex 174.745 81.6863 0
      vertex 175.29 81.2147 0
    endloop
  endfacet
  facet normal 0 0 -1
    outer loop
      vertex 171.201 82.981 0
      vertex 171.252 83.0512 0
      vertex 173.921 82.004 0
    endloop
  endfacet
  facet normal 0 0 -1
    outer loop
      vertex 173.221 83.744 0
      vertex 171.252 83.0512 0
      vertex 171.345 83.3212 0
    endloop
  endfacet
  facet normal -0 -0 -1
    outer loop
      vertex 173.211 83.8166 0
      vertex 173.221 83.744 0
      vertex 172.928 84.3167 0
    endloop
  endfacet
  facet normal 0 -0 -1
    outer loop
      vertex 172.928 84.3167 0
      vertex 173.221 83.744 0
      vertex 171.345 83.3212 0
    endloop
  endfacet
  facet normal 0 0 -1
    outer loop
      vertex 173.211 83.8166 0
      vertex 172.928 84.3167 0
      vertex 173.264 84.2919 0
    endloop
  endfacet
  facet normal 0 0 -1
    outer loop
      vertex 170.232 82.2616 0
      vertex 170.301 82.291 0
      vertex 174.971 79.0715 0
    endloop
  endfacet
  facet normal 0 0 -1
    outer loop
      vertex 174.158 76.6341 0
      vertex 170.232 82.2616 0
      vertex 174.971 79.0715 0
    endloop
  endfacet
  facet normal 0 0 -1
    outer loop
      vertex 168.318 81.6518 0
      vertex 169.032 82.086 0
      vertex 170.232 82.2616 0
    endloop
  endfacet
  facet normal 0 0 -1
    outer loop
      vertex 165.927 77.2699 0
      vertex 164.92 79.0557 0
      vertex 165.149 80.2632 0
    endloop
  endfacet
  facet normal 0 0 -1
    outer loop
      vertex 165.062 80.4165 0
      vertex 164.522 81.0106 0
      vertex 164.485 81.1674 0
    endloop
  endfacet
  facet normal 0 -0 -1
    outer loop
      vertex 164.522 81.0106 0
      vertex 165.062 80.4165 0
      vertex 164.417 80.7099 0
    endloop
  endfacet
  facet normal 0 -0 -1
    outer loop
      vertex 165.123 82.3332 0
      vertex 168.207 81.6337 0
      vertex 165.062 80.4165 0
    endloop
  endfacet
  facet normal 0 0 -1
    outer loop
      vertex 165.149 80.2632 0
      vertex 164.92 79.0557 0
      vertex 165.105 80.1731 0
    endloop
  endfacet
  facet normal 0 0 -1
    outer loop
      vertex 164.585 79.6611 0
      vertex 165.105 80.1731 0
      vertex 164.904 79.1947 0
    endloop
  endfacet
  facet normal 0 0 -1
    outer loop
      vertex 165.267 77.7675 0
      vertex 165.212 77.8585 0
      vertex 165.927 77.2699 0
    endloop
  endfacet
  facet normal 0 0 -1
    outer loop
      vertex 168.207 81.6337 0
      vertex 166.07 77.1307 0
      vertex 165.927 77.2699 0
    endloop
  endfacet
  facet normal 0 0 -1
    outer loop
      vertex 165.927 77.2699 0
      vertex 165.212 77.8585 0
      vertex 164.92 79.0557 0
    endloop
  endfacet
  facet normal 0 0 -1
    outer loop
      vertex 166.07 77.1307 0
      vertex 167.228 76.2451 0
      vertex 166.112 76.5378 0
    endloop
  endfacet
  facet normal 0 0 -1
    outer loop
      vertex 164.92 79.0557 0
      vertex 164.904 79.1947 0
      vertex 165.105 80.1731 0
    endloop
  endfacet
  facet normal 0 0 -1
    outer loop
      vertex 165.062 80.4165 0
      vertex 168.207 81.6337 0
      vertex 165.149 80.2632 0
    endloop
  endfacet
  facet normal 0 -0 -1
    outer loop
      vertex 164.92 79.0557 0
      vertex 165.212 77.8585 0
      vertex 164.63 78.3099 0
    endloop
  endfacet
  facet normal 0 0 -1
    outer loop
      vertex 165.356 77.2947 0
      vertex 165.267 77.7675 0
      vertex 165.927 77.2699 0
    endloop
  endfacet
  facet normal 0 0 -1
    outer loop
      vertex 168.207 81.6337 0
      vertex 165.927 77.2699 0
      vertex 165.149 80.2632 0
    endloop
  endfacet
  facet normal 0 0 -1
    outer loop
      vertex 167.468 75.5618 0
      vertex 174.322 75.5969 0
      vertex 174.84 73.3582 0
    endloop
  endfacet
  facet normal 0 0 -1
    outer loop
      vertex 164.448 70.5316 0
      vertex 165.298 72.1232 0
      vertex 165.924 72.4796 0
    endloop
  endfacet
  facet normal 0 -0 -1
    outer loop
      vertex 168.207 81.6337 0
      vertex 168.318 81.6518 0
      vertex 167.228 76.2451 0
    endloop
  endfacet
  facet normal 0 0 -1
    outer loop
      vertex 167.468 75.5618 0
      vertex 174.296 75.6469 0
      vertex 174.322 75.5969 0
    endloop
  endfacet
  facet normal 0 0 -1
    outer loop
      vertex 170.232 82.2616 0
      vertex 167.325 76.1658 0
      vertex 168.318 81.6518 0
    endloop
  endfacet
  facet normal 0 -0 -1
    outer loop
      vertex 174.84 73.3582 0
      vertex 175.028 73.2149 0
      vertex 165.924 72.4796 0
    endloop
  endfacet
  facet normal 0 0 -1
    outer loop
      vertex 168.207 81.6337 0
      vertex 167.228 76.2451 0
      vertex 166.07 77.1307 0
    endloop
  endfacet
  facet normal 0 0 -1
    outer loop
      vertex 167.525 75.7558 0
      vertex 174.056 76.4469 0
      vertex 174.296 75.6469 0
    endloop
  endfacet
  facet normal 0 0 -1
    outer loop
      vertex 165.825 74.5629 0
      vertex 167.468 75.5618 0
      vertex 165.975 72.6932 0
    endloop
  endfacet
  facet normal 0 0 -1
    outer loop
      vertex 167.325 76.1658 0
      vertex 170.232 82.2616 0
      vertex 174.056 76.4469 0
    endloop
  endfacet
  facet normal 0 -0 -1
    outer loop
      vertex 165.825 74.5629 0
      vertex 165.975 72.6932 0
      vertex 165.742 73.0417 0
    endloop
  endfacet
  facet normal 0 -0 -1
    outer loop
      vertex 167.525 75.7558 0
      vertex 174.296 75.6469 0
      vertex 167.468 75.5618 0
    endloop
  endfacet
  facet normal 0 -0 -1
    outer loop
      vertex 167.468 75.5618 0
      vertex 174.84 73.3582 0
      vertex 165.975 72.6932 0
    endloop
  endfacet
  facet normal 0 0 -1
    outer loop
      vertex 164.414 70.4129 0
      vertex 164.448 70.5316 0
      vertex 165.924 72.4796 0
    endloop
  endfacet
  facet normal 0 0 -1
    outer loop
      vertex 177.787 67.0061 0
      vertex 164.414 70.4129 0
      vertex 165.924 72.4796 0
    endloop
  endfacet
  facet normal 0 0 -1
    outer loop
      vertex 164.448 70.5316 0
      vertex 164.378 71.0155 0
      vertex 165.298 72.1232 0
    endloop
  endfacet
  facet normal 0 -0 -1
    outer loop
      vertex 175.028 73.2149 0
      vertex 177.787 67.0061 0
      vertex 165.924 72.4796 0
    endloop
  endfacet
  facet normal 0 -0 -1
    outer loop
      vertex 164.414 70.4129 0
      vertex 177.787 67.0061 0
      vertex 164.134 70.0829 0
    endloop
  endfacet
  facet normal 0 0 -1
    outer loop
      vertex 164.134 70.0829 0
      vertex 177.787 67.0061 0
      vertex 177.843 66.8382 0
    endloop
  endfacet
  facet normal 0 0 -1
    outer loop
      vertex 155.175 55.2305 0
      vertex 156.612 55.7976 0
      vertex 157.053 55.4253 0
    endloop
  endfacet
  facet normal 0 -0 -1
    outer loop
      vertex 164.079 70.0423 0
      vertex 164.134 70.0829 0
      vertex 162.146 67.3974 0
    endloop
  endfacet
  facet normal 0 -0 -1
    outer loop
      vertex 163.182 69.6551 0
      vertex 164.079 70.0423 0
      vertex 162.146 67.3974 0
    endloop
  endfacet
  facet normal 0 -0 -1
    outer loop
      vertex 162.146 67.3974 0
      vertex 177.843 66.8382 0
      vertex 162.083 67.3291 0
    endloop
  endfacet
  facet normal 0 0 -1
    outer loop
      vertex 161.945 50.7381 0
      vertex 161.809 50.8497 0
      vertex 159.843 64.6903 0
    endloop
  endfacet
  facet normal 0 -0 -1
    outer loop
      vertex 160.872 66.6509 0
      vertex 162.083 67.3291 0
      vertex 159.843 64.6903 0
    endloop
  endfacet
  facet normal 0 0 -1
    outer loop
      vertex 158.015 56.7056 0
      vertex 157.15 59.05 0
      vertex 159.748 64.615 0
    endloop
  endfacet
  facet normal 0 0 -1
    outer loop
      vertex 157.016 59.1992 0
      vertex 157.368 63.985 0
      vertex 159.748 64.615 0
    endloop
  endfacet
  facet normal 0 0 -1
    outer loop
      vertex 157.15 59.05 0
      vertex 157.016 59.1992 0
      vertex 159.748 64.615 0
    endloop
  endfacet
  facet normal 0 -0 -1
    outer loop
      vertex 157.205 64.0468 0
      vertex 157.368 63.985 0
      vertex 155.938 61.2585 0
    endloop
  endfacet
  facet normal 0 0 -1
    outer loop
      vertex 155.938 61.2585 0
      vertex 154.676 62.6056 0
      vertex 157.205 64.0468 0
    endloop
  endfacet
  facet normal 0 0 -1
    outer loop
      vertex 157.016 59.1992 0
      vertex 156.223 59.2821 0
      vertex 155.933 59.693 0
    endloop
  endfacet
  facet normal 0 -0 -1
    outer loop
      vertex 155.988 64.3739 0
      vertex 157.205 64.0468 0
      vertex 154.676 62.6056 0
    endloop
  endfacet
  facet normal 0 0 -1
    outer loop
      vertex 155.988 64.3739 0
      vertex 156.85 64.5803 0
      vertex 157.205 64.0468 0
    endloop
  endfacet
  facet normal 0 -0 -1
    outer loop
      vertex 159.748 64.615 0
      vertex 159.843 64.6903 0
      vertex 158.015 56.7056 0
    endloop
  endfacet
  facet normal 0 -0 -1
    outer loop
      vertex 160.324 50.6573 0
      vertex 160.475 50.4218 0
      vertex 159.964 49.8057 0
    endloop
  endfacet
  facet normal 0 0 -1
    outer loop
      vertex 156.03 61.1098 0
      vertex 157.368 63.985 0
      vertex 157.016 59.1992 0
    endloop
  endfacet
  facet normal 0 0 -1
    outer loop
      vertex 155.938 61.2585 0
      vertex 157.368 63.985 0
      vertex 156.03 61.1098 0
    endloop
  endfacet
  facet normal 0 0 -1
    outer loop
      vertex 156.695 47.5099 0
      vertex 159.964 49.8057 0
      vertex 157.812 47.2865 0
    endloop
  endfacet
  facet normal 0 0 -1
    outer loop
      vertex 161.945 50.7381 0
      vertex 159.843 64.6903 0
      vertex 162.083 67.3291 0
    endloop
  endfacet
  facet normal 0 0 -1
    outer loop
      vertex 157.877 56.3465 0
      vertex 158.008 56.5621 0
      vertex 158.019 55.9963 0
    endloop
  endfacet
  facet normal -0 0 -1
    outer loop
      vertex 159.925 48.2374 0
      vertex 157.812 47.2865 0
      vertex 160.006 49.5793 0
    endloop
  endfacet
  facet normal 0 0 -1
    outer loop
      vertex 157.15 59.05 0
      vertex 158.015 56.7056 0
      vertex 157.15 58.4845 0
    endloop
  endfacet
  facet normal 0 0 -1
    outer loop
      vertex 159.925 48.2374 0
      vertex 160.006 49.5793 0
      vertex 160.402 49.038 0
    endloop
  endfacet
  facet normal 0 0 -1
    outer loop
      vertex 161.945 50.7381 0
      vertex 178.623 66.2782 0
      vertex 162.607 49.6007 0
    endloop
  endfacet
  facet normal -0 0 -1
    outer loop
      vertex 155.823 52.56 0
      vertex 155.759 52.547 0
      vertex 155.175 55.2305 0
    endloop
  endfacet
  facet normal 0 0 -1
    outer loop
      vertex 152.938 54.4964 0
      vertex 154.542 55.4819 0
      vertex 155.055 55.2348 0
    endloop
  endfacet
  facet normal 0 0 -1
    outer loop
      vertex 154.795 52.1175 0
      vertex 153.918 52.3206 0
      vertex 155.759 52.547 0
    endloop
  endfacet
  facet normal 0 0 -1
    outer loop
      vertex 152.978 55.5724 0
      vertex 152.946 54.7163 0
      vertex 152.868 54.8573 0
    endloop
  endfacet
  facet normal 0 0 -1
    outer loop
      vertex 169.755 21.1414 0
      vertex 169.754 21.148 0
      vertex 169.902 21.1402 0
    endloop
  endfacet
  facet normal 0 -0 -1
    outer loop
      vertex 152.868 54.8573 0
      vertex 152.946 54.7163 0
      vertex 152.772 54.7435 0
    endloop
  endfacet
  facet normal 0 -0 -1
    outer loop
      vertex 152.978 55.5724 0
      vertex 154.542 55.4819 0
      vertex 152.946 54.7163 0
    endloop
  endfacet
  facet normal 0 0 -1
    outer loop
      vertex 152.751 54.7332 0
      vertex 151.732 54.2106 0
      vertex 151.662 54.5048 0
    endloop
  endfacet
  facet normal -0 0 -1
    outer loop
      vertex 155.759 52.547 0
      vertex 153.918 52.3206 0
      vertex 155.055 55.2348 0
    endloop
  endfacet
  facet normal 0 0 -1
    outer loop
      vertex 161.474 49.588 0
      vertex 161.693 49.9997 0
      vertex 162.455 49.6892 0
    endloop
  endfacet
  facet normal 0 0 -1
    outer loop
      vertex 161.693 49.9997 0
      vertex 161.704 50.1128 0
      vertex 162.455 49.6892 0
    endloop
  endfacet
  facet normal 0 0 -1
    outer loop
      vertex 152.868 54.8573 0
      vertex 152.772 54.7435 0
      vertex 152.751 54.7332 0
    endloop
  endfacet
  facet normal 0 0 -1
    outer loop
      vertex 152.229 53.8847 0
      vertex 152.938 54.4964 0
      vertex 152.643 53.1064 0
    endloop
  endfacet
  facet normal 0 -0 -1
    outer loop
      vertex 152.751 54.7332 0
      vertex 152.772 54.7435 0
      vertex 151.732 54.2106 0
    endloop
  endfacet
  facet normal 0 0 -1
    outer loop
      vertex 152.938 54.4964 0
      vertex 152.946 54.7163 0
      vertex 154.542 55.4819 0
    endloop
  endfacet
  facet normal 0 -0 -1
    outer loop
      vertex 152.938 54.4964 0
      vertex 153.918 52.3206 0
      vertex 152.643 53.1064 0
    endloop
  endfacet
  facet normal 0 0 -1
    outer loop
      vertex 155.759 52.547 0
      vertex 155.055 55.2348 0
      vertex 155.175 55.2305 0
    endloop
  endfacet
  facet normal 0 0 -1
    outer loop
      vertex 155.999 51.3682 0
      vertex 155.734 48.2791 0
      vertex 153.999 50.6782 0
    endloop
  endfacet
  facet normal 0 -0 -1
    outer loop
      vertex 159.964 49.8057 0
      vertex 160.006 49.5793 0
      vertex 157.812 47.2865 0
    endloop
  endfacet
  facet normal 0 0 -1
    outer loop
      vertex 156.245 52.5513 0
      vertex 155.823 52.56 0
      vertex 156.529 52.8614 0
    endloop
  endfacet
  facet normal 0 -0 -1
    outer loop
      vertex 181.804 64.3974 0
      vertex 185.79 40.9425 0
      vertex 162.607 49.6007 0
    endloop
  endfacet
  facet normal -0 0 -1
    outer loop
      vertex 156.529 52.8614 0
      vertex 155.823 52.56 0
      vertex 155.175 55.2305 0
    endloop
  endfacet
  facet normal 0 0 -1
    outer loop
      vertex 157.053 55.4253 0
      vertex 156.529 52.8614 0
      vertex 155.175 55.2305 0
    endloop
  endfacet
  facet normal 0 0 -1
    outer loop
      vertex 157.053 55.4253 0
      vertex 156.702 52.8965 0
      vertex 156.529 52.8614 0
    endloop
  endfacet
  facet normal 0 -0 -1
    outer loop
      vertex 157.053 55.4253 0
      vertex 157.222 55.4084 0
      vertex 156.702 52.8965 0
    endloop
  endfacet
  facet normal 0 0 -1
    outer loop
      vertex 156.771 52.6875 0
      vertex 156.702 52.8965 0
      vertex 157.952 55.8084 0
    endloop
  endfacet
  facet normal 0 0 -1
    outer loop
      vertex 156.702 52.8965 0
      vertex 157.222 55.4084 0
      vertex 157.952 55.8084 0
    endloop
  endfacet
  facet normal 0 0 -1
    outer loop
      vertex 159.964 49.8057 0
      vertex 156.695 47.5099 0
      vertex 155.734 48.2791 0
    endloop
  endfacet
  facet normal 0 -0 -1
    outer loop
      vertex 155.999 51.3682 0
      vertex 156.081 51.4375 0
      vertex 155.734 48.2791 0
    endloop
  endfacet
  facet normal 0 0 -1
    outer loop
      vertex 162.549 49.4126 0
      vertex 161.958 48.0551 0
      vertex 161.933 48.116 0
    endloop
  endfacet
  facet normal 0 0 -1
    outer loop
      vertex 153.45 50.8536 0
      vertex 153.861 50.6994 0
      vertex 155.734 48.2791 0
    endloop
  endfacet
  facet normal 0 0 -1
    outer loop
      vertex 153.45 50.8536 0
      vertex 153.504 50.9632 0
      vertex 153.861 50.6994 0
    endloop
  endfacet
  facet normal -0 -0 -1
    outer loop
      vertex 153.999 50.6782 0
      vertex 155.734 48.2791 0
      vertex 153.861 50.6994 0
    endloop
  endfacet
  facet normal 0 0 -1
    outer loop
      vertex 162.376 43.103 0
      vertex 162.339 43.6532 0
      vertex 178.359 35.4921 0
    endloop
  endfacet
  facet normal 0 0 -1
    outer loop
      vertex 162.252 43.8065 0
      vertex 162.135 46.9328 0
      vertex 162.339 43.6532 0
    endloop
  endfacet
  facet normal 0 -0 -1
    outer loop
      vertex 177.884 31.9435 0
      vertex 177.885 31.8724 0
      vertex 166.688 28.212 0
    endloop
  endfacet
  facet normal 0 0 -1
    outer loop
      vertex 160.006 49.5793 0
      vertex 160.335 49.3937 0
      vertex 160.402 49.038 0
    endloop
  endfacet
  facet normal -0 0 -1
    outer loop
      vertex 178.289 35.4109 0
      vertex 164.116 35.3827 0
      vertex 163.114 37.1353 0
    endloop
  endfacet
  facet normal 0 -0 -1
    outer loop
      vertex 162.083 67.3291 0
      vertex 177.843 66.8382 0
      vertex 161.945 50.7381 0
    endloop
  endfacet
  facet normal 0 -0 -1
    outer loop
      vertex 162.607 49.6007 0
      vertex 180.507 36.8787 0
      vertex 162.135 46.9328 0
    endloop
  endfacet
  facet normal 0 -0 -1
    outer loop
      vertex 160.267 50.8242 0
      vertex 160.324 50.6573 0
      vertex 159.964 49.8057 0
    endloop
  endfacet
  facet normal 0 0 -1
    outer loop
      vertex 155.734 48.2791 0
      vertex 156.081 51.4375 0
      vertex 159.964 49.8057 0
    endloop
  endfacet
  facet normal 0 0 -1
    outer loop
      vertex 160.324 50.6573 0
      vertex 160.506 50.5291 0
      vertex 160.475 50.4218 0
    endloop
  endfacet
  facet normal -0 0 -1
    outer loop
      vertex 160.419 50.9297 0
      vertex 160.267 50.8242 0
      vertex 156.771 52.6875 0
    endloop
  endfacet
  facet normal 0 0 -1
    outer loop
      vertex 157.952 55.8084 0
      vertex 161.809 50.8497 0
      vertex 160.419 50.9297 0
    endloop
  endfacet
  facet normal 0 0 -1
    outer loop
      vertex 160.267 50.8242 0
      vertex 156.081 51.4375 0
      vertex 156.771 52.6875 0
    endloop
  endfacet
  facet normal 0 0 -1
    outer loop
      vertex 159.964 49.8057 0
      vertex 156.081 51.4375 0
      vertex 160.267 50.8242 0
    endloop
  endfacet
  facet normal 0 0 -1
    outer loop
      vertex 160.419 50.9297 0
      vertex 156.771 52.6875 0
      vertex 157.952 55.8084 0
    endloop
  endfacet
  facet normal 0 0 -1
    outer loop
      vertex 161.809 50.8497 0
      vertex 158.019 55.9963 0
      vertex 158.015 56.7056 0
    endloop
  endfacet
  facet normal 0 0 -1
    outer loop
      vertex 157.952 55.8084 0
      vertex 158.019 55.9963 0
      vertex 161.809 50.8497 0
    endloop
  endfacet
  facet normal 0 0 -1
    outer loop
      vertex 161.945 50.7381 0
      vertex 177.843 66.8382 0
      vertex 178.623 66.2782 0
    endloop
  endfacet
  facet normal -0 0 -1
    outer loop
      vertex 185.79 40.9425 0
      vertex 182.939 38.6965 0
      vertex 162.607 49.6007 0
    endloop
  endfacet
  facet normal 0 0 -1
    outer loop
      vertex 162.549 49.4126 0
      vertex 162.135 46.9328 0
      vertex 162.138 46.9951 0
    endloop
  endfacet
  facet normal 0 0 -1
    outer loop
      vertex 161.335 50.2256 0
      vertex 161.364 50.4049 0
      vertex 161.564 50.2199 0
    endloop
  endfacet
  facet normal 0 0 -1
    outer loop
      vertex 161.564 50.2199 0
      vertex 161.364 50.4049 0
      vertex 161.845 50.557 0
    endloop
  endfacet
  facet normal 0 0 -1
    outer loop
      vertex 161.704 50.1128 0
      vertex 161.845 50.557 0
      vertex 162.455 49.6892 0
    endloop
  endfacet
  facet normal 0 0 -1
    outer loop
      vertex 161.704 50.1128 0
      vertex 161.564 50.2199 0
      vertex 161.845 50.557 0
    endloop
  endfacet
  facet normal 0 0 -1
    outer loop
      vertex 162.135 46.9328 0
      vertex 162.549 49.4126 0
      vertex 162.607 49.6007 0
    endloop
  endfacet
  facet normal 0 0 -1
    outer loop
      vertex 180.507 36.8787 0
      vertex 162.607 49.6007 0
      vertex 180.643 36.96 0
    endloop
  endfacet
  facet normal 0 0 -1
    outer loop
      vertex 162.455 49.6892 0
      vertex 161.845 50.557 0
      vertex 161.945 50.7381 0
    endloop
  endfacet
  facet normal 0 0 -1
    outer loop
      vertex 162.607 49.6007 0
      vertex 182.939 38.6965 0
      vertex 180.643 36.96 0
    endloop
  endfacet
  facet normal 0 0 -1
    outer loop
      vertex 162.549 49.4126 0
      vertex 161.736 48.7639 0
      vertex 161.769 48.9268 0
    endloop
  endfacet
  facet normal 0 0 -1
    outer loop
      vertex 161.933 48.116 0
      vertex 161.585 48.6129 0
      vertex 161.736 48.7639 0
    endloop
  endfacet
  facet normal 0 0 -1
    outer loop
      vertex 162.549 49.4126 0
      vertex 161.769 48.9268 0
      vertex 161.768 48.9271 0
    endloop
  endfacet
  facet normal 0 0 -1
    outer loop
      vertex 162.549 49.4126 0
      vertex 161.933 48.116 0
      vertex 161.736 48.7639 0
    endloop
  endfacet
  facet normal 0 0 -1
    outer loop
      vertex 162.138 46.9951 0
      vertex 161.958 48.0551 0
      vertex 162.549 49.4126 0
    endloop
  endfacet
  facet normal 0 0 -1
    outer loop
      vertex 162.252 43.8065 0
      vertex 161.879 43.9763 0
      vertex 161.635 44.979 0
    endloop
  endfacet
  facet normal 0 0 -1
    outer loop
      vertex 180.507 36.8787 0
      vertex 162.339 43.6532 0
      vertex 162.135 46.9328 0
    endloop
  endfacet
  facet normal 0 0 -1
    outer loop
      vertex 178.289 35.4109 0
      vertex 162.373 43.025 0
      vertex 178.359 35.4921 0
    endloop
  endfacet
  facet normal 0 -0 -1
    outer loop
      vertex 162.135 46.9328 0
      vertex 162.252 43.8065 0
      vertex 161.635 44.979 0
    endloop
  endfacet
  facet normal 0 0 -1
    outer loop
      vertex 164.404 34.7274 0
      vertex 164.196 35.1582 0
      vertex 164.116 35.3827 0
    endloop
  endfacet
  facet normal 0 0 -1
    outer loop
      vertex 178.289 35.4109 0
      vertex 163.114 37.1353 0
      vertex 162.373 43.025 0
    endloop
  endfacet
  facet normal 0 0 -1
    outer loop
      vertex 163.114 37.1353 0
      vertex 162.105 42.1717 0
      vertex 162.373 43.025 0
    endloop
  endfacet
  facet normal 0 0 -1
    outer loop
      vertex 177.759 33.9409 0
      vertex 164.404 34.7274 0
      vertex 178.289 35.4109 0
    endloop
  endfacet
  facet normal -0 0 -1
    outer loop
      vertex 177.884 31.9435 0
      vertex 166.688 28.212 0
      vertex 165.434 32.6012 0
    endloop
  endfacet
  facet normal -0 0 -1
    outer loop
      vertex 162.171 43.5212 0
      vertex 162.039 43.4691 0
      vertex 161.944 43.5504 0
    endloop
  endfacet
  facet normal -0 0 -1
    outer loop
      vertex 162.039 43.4691 0
      vertex 161.935 43.3278 0
      vertex 161.944 43.5504 0
    endloop
  endfacet
  facet normal 0 0 -1
    outer loop
      vertex 162.339 43.6532 0
      vertex 162.207 43.5223 0
      vertex 162.171 43.5212 0
    endloop
  endfacet
  facet normal 0 0 -1
    outer loop
      vertex 162.207 43.5223 0
      vertex 162.039 43.4691 0
      vertex 162.171 43.5212 0
    endloop
  endfacet
  facet normal 0 -0 -1
    outer loop
      vertex 162.376 43.103 0
      vertex 178.359 35.4921 0
      vertex 162.373 43.025 0
    endloop
  endfacet
  facet normal 0 0 -1
    outer loop
      vertex 163.84 35.4719 0
      vertex 163.114 37.1353 0
      vertex 164.116 35.3827 0
    endloop
  endfacet
  facet normal 0 0 -1
    outer loop
      vertex 164.29 34.48 0
      vertex 164.418 34.5516 0
      vertex 164.461 33.9652 0
    endloop
  endfacet
  facet normal 0 0 -1
    outer loop
      vertex 164.461 33.9652 0
      vertex 164.418 34.5516 0
      vertex 165.412 32.6478 0
    endloop
  endfacet
  facet normal 0 0 -1
    outer loop
      vertex 164.418 34.5516 0
      vertex 164.404 34.7274 0
      vertex 165.412 32.6478 0
    endloop
  endfacet
  facet normal 0 0 -1
    outer loop
      vertex 166.688 28.212 0
      vertex 177.803 30.6137 0
      vertex 177.819 30.4087 0
    endloop
  endfacet
  facet normal 0 0 -1
    outer loop
      vertex 168.407 25.5003 0
      vertex 166.688 28.212 0
      vertex 177.819 30.4087 0
    endloop
  endfacet
  facet normal 0 0 -1
    outer loop
      vertex 177.885 31.8724 0
      vertex 177.803 30.6137 0
      vertex 166.688 28.212 0
    endloop
  endfacet
  facet normal 0 0 -1
    outer loop
      vertex 177.819 30.4087 0
      vertex 177.327 26.9094 0
      vertex 168.407 25.5003 0
    endloop
  endfacet
  facet normal 0 0 -1
    outer loop
      vertex 168.407 25.5003 0
      vertex 177.314 26.8741 0
      vertex 168.421 25.4708 0
    endloop
  endfacet
  facet normal 0 0 -1
    outer loop
      vertex 164.461 33.9652 0
      vertex 164.231 34.48 0
      vertex 164.29 34.48 0
    endloop
  endfacet
  facet normal 0 0 -1
    outer loop
      vertex 168.407 25.5003 0
      vertex 177.327 26.9094 0
      vertex 177.314 26.8741 0
    endloop
  endfacet
  facet normal 0 0 -1
    outer loop
      vertex 169.451 22.6092 0
      vertex 168.421 25.4708 0
      vertex 176.118 22.9904 0
    endloop
  endfacet
  facet normal 0 0 -1
    outer loop
      vertex 168.421 25.4708 0
      vertex 177.314 26.8741 0
      vertex 176.954 25.3341 0
    endloop
  endfacet
  facet normal 0 0 -1
    outer loop
      vertex 169.804 22.2014 0
      vertex 175.288 21.4304 0
      vertex 174.227 20.4637 0
    endloop
  endfacet
  facet normal 0 0 -1
    outer loop
      vertex 176.118 22.9904 0
      vertex 175.288 21.4304 0
      vertex 169.804 22.2014 0
    endloop
  endfacet
  facet normal 0 0 -1
    outer loop
      vertex 174.167 20.4292 0
      vertex 169.804 22.2014 0
      vertex 174.227 20.4637 0
    endloop
  endfacet
  facet normal -0 0 -1
    outer loop
      vertex 174.167 20.4292 0
      vertex 173.657 19.9492 0
      vertex 170.054 21.3314 0
    endloop
  endfacet
  facet normal 0 0 -1
    outer loop
      vertex 174.167 20.4292 0
      vertex 170.054 21.3314 0
      vertex 169.804 22.2014 0
    endloop
  endfacet
  facet normal 0 0 -1
    outer loop
      vertex 170.054 21.3314 0
      vertex 173.657 19.9492 0
      vertex 173.615 19.877 0
    endloop
  endfacet
  facet normal 0 0 -1
    outer loop
      vertex 169.994 21.1657 0
      vertex 170.054 21.3314 0
      vertex 170.249 19.9399 0
    endloop
  endfacet
  facet normal 0 0 -1
    outer loop
      vertex 170.249 19.9399 0
      vertex 170.054 21.3314 0
      vertex 173.615 19.877 0
    endloop
  endfacet
  facet normal 0 0 -1
    outer loop
      vertex 170.249 19.9399 0
      vertex 169.902 21.1402 0
      vertex 169.994 21.1657 0
    endloop
  endfacet
  facet normal 0 0 -1
    outer loop
      vertex 170.249 19.9399 0
      vertex 169.755 21.1414 0
      vertex 169.902 21.1402 0
    endloop
  endfacet
  facet normal 0 0 -1
    outer loop
      vertex 171.355 18.669 0
      vertex 170.249 19.9399 0
      vertex 173.615 19.877 0
    endloop
  endfacet
  facet normal 0 0 -1
    outer loop
      vertex 172.258 18.1815 0
      vertex 171.355 18.669 0
      vertex 173.34 18.7987 0
    endloop
  endfacet
  facet normal 0 0 1
    outer loop
      vertex 177.29 25.0157 10
      vertex 176.974 25.2191 10
      vertex 176.232 23.0689 10
    endloop
  endfacet
  facet normal 0 0 1
    outer loop
      vertex 171.355 18.669 10
      vertex 173.34 18.7987 10
      vertex 173.615 19.877 10
    endloop
  endfacet
  facet normal 0 0 1
    outer loop
      vertex 176.954 25.3341 10
      vertex 176.118 22.9904 10
      vertex 176.974 25.2191 10
    endloop
  endfacet
  facet normal 0 0 1
    outer loop
      vertex 176.118 22.9904 10
      vertex 169.451 22.6092 10
      vertex 169.77 22.2615 10
    endloop
  endfacet
  facet normal 0 0 1
    outer loop
      vertex 174.227 20.4637 10
      vertex 175.278 21.3118 10
      vertex 175.288 21.4304 10
    endloop
  endfacet
  facet normal 0 0 1
    outer loop
      vertex 177.138 25.1548 10
      vertex 176.974 25.2191 10
      vertex 177.29 25.0157 10
    endloop
  endfacet
  facet normal 0 0 1
    outer loop
      vertex 175.443 20.8265 10
      vertex 175.278 21.3118 10
      vertex 174.227 20.4637 10
    endloop
  endfacet
  facet normal -0 0 1
    outer loop
      vertex 177.138 25.1548 10
      vertex 177.29 25.0157 10
      vertex 177.233 25.1797 10
    endloop
  endfacet
  facet normal -0 0 1
    outer loop
      vertex 169.77 22.2615 10
      vertex 169.804 22.2014 10
      vertex 176.118 22.9904 10
    endloop
  endfacet
  facet normal 0 0 1
    outer loop
      vertex 168.421 25.4708 10
      vertex 176.118 22.9904 10
      vertex 176.954 25.3341 10
    endloop
  endfacet
  facet normal 0 0 1
    outer loop
      vertex 177.819 30.4087 10
      vertex 178.146 28.478 10
      vertex 178.379 29.9035 10
    endloop
  endfacet
  facet normal 0 0 1
    outer loop
      vertex 209.974 57.975 10
      vertex 205.635 57.2321 10
      vertex 207.428 55.2652 10
    endloop
  endfacet
  facet normal 0 -0 1
    outer loop
      vertex 177.271 23.1933 10
      vertex 177.29 25.0157 10
      vertex 176.232 23.0689 10
    endloop
  endfacet
  facet normal -0 0 1
    outer loop
      vertex 162.207 43.5223 10
      vertex 162.306 43.413 10
      vertex 162.339 43.6532 10
    endloop
  endfacet
  facet normal 0 0 1
    outer loop
      vertex 176.974 25.2191 10
      vertex 176.118 22.9904 10
      vertex 176.232 23.0689 10
    endloop
  endfacet
  facet normal 0 0 1
    outer loop
      vertex 177.884 31.9435 10
      vertex 177.753 33.861 10
      vertex 165.434 32.6012 10
    endloop
  endfacet
  facet normal 0 -0 1
    outer loop
      vertex 177.753 33.861 10
      vertex 177.759 33.9409 10
      vertex 165.434 32.6012 10
    endloop
  endfacet
  facet normal 0 0 1
    outer loop
      vertex 177.759 33.9409 10
      vertex 165.412 32.6478 10
      vertex 165.434 32.6012 10
    endloop
  endfacet
  facet normal 0 -0 1
    outer loop
      vertex 165.412 32.6478 10
      vertex 177.759 33.9409 10
      vertex 164.404 34.7274 10
    endloop
  endfacet
  facet normal 0 0 1
    outer loop
      vertex 164.404 34.7274 10
      vertex 164.196 35.1582 10
      vertex 164.127 35.0522 10
    endloop
  endfacet
  facet normal 0 0 1
    outer loop
      vertex 180.643 36.96 10
      vertex 182.872 38.596 10
      vertex 182.939 38.6965 10
    endloop
  endfacet
  facet normal 0 0 1
    outer loop
      vertex 177.327 26.9094 10
      vertex 178.146 28.478 10
      vertex 177.819 30.4087 10
    endloop
  endfacet
  facet normal 0 0 1
    outer loop
      vertex 162.376 43.103 10
      vertex 162.339 43.6532 10
      vertex 162.306 43.413 10
    endloop
  endfacet
  facet normal 0 0 1
    outer loop
      vertex 178.003 30.8637 10
      vertex 177.885 31.8724 10
      vertex 177.803 30.6137 10
    endloop
  endfacet
  facet normal 0 0 1
    outer loop
      vertex 178.289 35.4109 10
      vertex 164.116 35.3827 10
      vertex 164.404 34.7274 10
    endloop
  endfacet
  facet normal 0 -0 1
    outer loop
      vertex 188.261 43.4007 10
      vertex 189.3 44.8551 10
      vertex 183.807 63.5063 10
    endloop
  endfacet
  facet normal 0 0 1
    outer loop
      vertex 195.615 59.673 10
      vertex 193.976 60.6101 10
      vertex 195.638 59.4799 10
    endloop
  endfacet
  facet normal 0 0 1
    outer loop
      vertex 178.137 30.9004 10
      vertex 177.885 31.8724 10
      vertex 178.003 30.8637 10
    endloop
  endfacet
  facet normal 0 0 1
    outer loop
      vertex 180.507 36.8787 10
      vertex 162.339 43.6532 10
      vertex 178.359 35.4921 10
    endloop
  endfacet
  facet normal 0 -0 1
    outer loop
      vertex 177.884 31.9435 10
      vertex 178.017 32.5224 10
      vertex 177.753 33.861 10
    endloop
  endfacet
  facet normal -0 0 1
    outer loop
      vertex 152.938 54.4964 10
      vertex 153.918 52.3206 10
      vertex 155.055 55.2348 10
    endloop
  endfacet
  facet normal 0 -0 1
    outer loop
      vertex 189.3 44.8551 10
      vertex 189.368 44.9318 10
      vertex 183.807 63.5063 10
    endloop
  endfacet
  facet normal -0 0 1
    outer loop
      vertex 154.618 61.807 10
      vertex 155.938 61.2585 10
      vertex 154.676 62.6056 10
    endloop
  endfacet
  facet normal 0 -0 1
    outer loop
      vertex 179.139 35.9121 10
      vertex 180.507 36.8787 10
      vertex 178.359 35.4921 10
    endloop
  endfacet
  facet normal 0 -0 1
    outer loop
      vertex 179.268 35.9184 10
      vertex 180.507 36.8787 10
      vertex 179.139 35.9121 10
    endloop
  endfacet
  facet normal 0 0 1
    outer loop
      vertex 162.607 49.6007 10
      vertex 181.804 64.3974 10
      vertex 178.623 66.2782 10
    endloop
  endfacet
  facet normal 0 -0 1
    outer loop
      vertex 179.88 35.6619 10
      vertex 180.507 36.8787 10
      vertex 179.268 35.9184 10
    endloop
  endfacet
  facet normal 0 -0 1
    outer loop
      vertex 188.287 43.4276 10
      vertex 189.3 44.8551 10
      vertex 188.261 43.4007 10
    endloop
  endfacet
  facet normal 0 0 1
    outer loop
      vertex 185.79 40.9425 10
      vertex 185.831 40.9731 10
      vertex 188.261 43.4007 10
    endloop
  endfacet
  facet normal 0 0 1
    outer loop
      vertex 181.657 36.9406 10
      vertex 182.666 37.4221 10
      vertex 182.872 38.596 10
    endloop
  endfacet
  facet normal 0 -0 1
    outer loop
      vertex 181.657 36.9406 10
      vertex 182.872 38.596 10
      vertex 180.643 36.96 10
    endloop
  endfacet
  facet normal 0 -0 1
    outer loop
      vertex 184.793 39.8763 10
      vertex 185.79 40.9425 10
      vertex 182.939 38.6965 10
    endloop
  endfacet
  facet normal 0 0 1
    outer loop
      vertex 195.546 60.6701 10
      vertex 193.976 60.6101 10
      vertex 195.615 59.673 10
    endloop
  endfacet
  facet normal 0 0 1
    outer loop
      vertex 189.154 44.3569 10
      vertex 189.15 44.4751 10
      vertex 188.287 43.4276 10
    endloop
  endfacet
  facet normal 0 0 1
    outer loop
      vertex 188.287 43.4276 10
      vertex 189.308 44.2711 10
      vertex 189.154 44.3569 10
    endloop
  endfacet
  facet normal 0 0 1
    outer loop
      vertex 189.368 44.9318 10
      vertex 189.938 45.2418 10
      vertex 192.906 48.4076 10
    endloop
  endfacet
  facet normal 0 -0 1
    outer loop
      vertex 186.801 41.4775 10
      vertex 188.261 43.4007 10
      vertex 185.831 40.9731 10
    endloop
  endfacet
  facet normal 0 -0 1
    outer loop
      vertex 189.15 44.4751 10
      vertex 189.3 44.8551 10
      vertex 188.287 43.4276 10
    endloop
  endfacet
  facet normal 0 0 1
    outer loop
      vertex 191.55 45.3977 10
      vertex 191.507 45.2603 10
      vertex 191.594 45.3512 10
    endloop
  endfacet
  facet normal 0 0 1
    outer loop
      vertex 189.36 44.2773 10
      vertex 189.308 44.2711 10
      vertex 188.287 43.4276 10
    endloop
  endfacet
  facet normal 0 0 1
    outer loop
      vertex 189.938 45.2418 10
      vertex 191.529 45.5727 10
      vertex 192.873 48.2801 10
    endloop
  endfacet
  facet normal 0 0 1
    outer loop
      vertex 188.045 62.412 10
      vertex 186.252 63.1548 10
      vertex 188.114 62.3205 10
    endloop
  endfacet
  facet normal 0 0 1
    outer loop
      vertex 190.684 61.2238 10
      vertex 195.471 56.5557 10
      vertex 192.621 60.8082 10
    endloop
  endfacet
  facet normal 0 0 1
    outer loop
      vertex 195.471 56.5557 10
      vertex 193.875 60.6438 10
      vertex 192.729 60.8121 10
    endloop
  endfacet
  facet normal 0 0 1
    outer loop
      vertex 193.875 60.6438 10
      vertex 193.346 61.0763 10
      vertex 192.729 60.8121 10
    endloop
  endfacet
  facet normal 0 -0 1
    outer loop
      vertex 190.16 45.1033 10
      vertex 191.507 45.2603 10
      vertex 190.113 45.2189 10
    endloop
  endfacet
  facet normal 0 0 1
    outer loop
      vertex 192.873 48.2801 10
      vertex 191.713 45.6402 10
      vertex 192.661 46.2153 10
    endloop
  endfacet
  facet normal 0 0 1
    outer loop
      vertex 196.831 50.4474 10
      vertex 196.295 49.6675 10
      vertex 196.712 49.4291 10
    endloop
  endfacet
  facet normal -0 0 1
    outer loop
      vertex 190.146 44.8015 10
      vertex 190.149 44.8014 10
      vertex 190.16 45.1033 10
    endloop
  endfacet
  facet normal 0 0 1
    outer loop
      vertex 190.149 44.8014 10
      vertex 191.507 45.2603 10
      vertex 190.16 45.1033 10
    endloop
  endfacet
  facet normal 0 0 1
    outer loop
      vertex 191.529 45.5727 10
      vertex 191.507 45.2603 10
      vertex 191.55 45.3977 10
    endloop
  endfacet
  facet normal 0 0 1
    outer loop
      vertex 190.113 45.2189 10
      vertex 191.507 45.2603 10
      vertex 191.529 45.5727 10
    endloop
  endfacet
  facet normal 0 0 1
    outer loop
      vertex 193.446 49.0376 10
      vertex 193.518 49.0841 10
      vertex 195.305 51.1124 10
    endloop
  endfacet
  facet normal 0 -0 1
    outer loop
      vertex 190.113 45.2189 10
      vertex 191.529 45.5727 10
      vertex 189.938 45.2418 10
    endloop
  endfacet
  facet normal 0 0 1
    outer loop
      vertex 193.122 47.054 10
      vertex 192.873 48.2801 10
      vertex 192.661 46.2153 10
    endloop
  endfacet
  facet normal 0 -0 1
    outer loop
      vertex 191.919 45.5623 10
      vertex 192.661 46.2153 10
      vertex 191.713 45.6402 10
    endloop
  endfacet
  facet normal 0 0 1
    outer loop
      vertex 191.529 45.5727 10
      vertex 191.713 45.6402 10
      vertex 192.873 48.2801 10
    endloop
  endfacet
  facet normal 0 0 1
    outer loop
      vertex 195.305 51.1124 10
      vertex 195.536 51.1361 10
      vertex 197.02 53.1702 10
    endloop
  endfacet
  facet normal 0 0 1
    outer loop
      vertex 189.938 45.2418 10
      vertex 192.873 48.2801 10
      vertex 192.906 48.4076 10
    endloop
  endfacet
  facet normal 0 0 1
    outer loop
      vertex 193.518 49.0841 10
      vertex 195.313 50.9363 10
      vertex 195.305 51.1124 10
    endloop
  endfacet
  facet normal 0 0 1
    outer loop
      vertex 195.761 56.0584 10
      vertex 196.674 54.204 10
      vertex 195.824 56.011 10
    endloop
  endfacet
  facet normal 0 -0 1
    outer loop
      vertex 197.02 53.1702 10
      vertex 197.047 53.5593 10
      vertex 196.695 54.0868 10
    endloop
  endfacet
  facet normal 0 0 1
    outer loop
      vertex 195.313 50.9363 10
      vertex 195.331 49.8273 10
      vertex 195.725 50.4216 10
    endloop
  endfacet
  facet normal 0 0 1
    outer loop
      vertex 194.775 49.4474 10
      vertex 195.331 49.8273 10
      vertex 195.313 50.9363 10
    endloop
  endfacet
  facet normal 0 -0 1
    outer loop
      vertex 194.775 49.4474 10
      vertex 195.313 50.9363 10
      vertex 193.518 49.0841 10
    endloop
  endfacet
  facet normal 0 0 1
    outer loop
      vertex 197.117 53.0197 10
      vertex 197.304 52.6051 10
      vertex 197.315 52.7055 10
    endloop
  endfacet
  facet normal 0 0 1
    outer loop
      vertex 197.02 53.1702 10
      vertex 196.695 54.0868 10
      vertex 195.305 51.1124 10
    endloop
  endfacet
  facet normal -0 0 1
    outer loop
      vertex 196.096 50.576 10
      vertex 196.831 50.4474 10
      vertex 196.951 50.5771 10
    endloop
  endfacet
  facet normal -0 -0 1
    outer loop
      vertex 196.174 49.7092 10
      vertex 196.295 49.6675 10
      vertex 196.134 50.4282 10
    endloop
  endfacet
  facet normal -0 0 1
    outer loop
      vertex 196.951 50.5771 10
      vertex 197.098 50.5227 10
      vertex 197.739 50.7869 10
    endloop
  endfacet
  facet normal 0 0 1
    outer loop
      vertex 196.043 49.5911 10
      vertex 195.896 49.404 10
      vertex 196.001 49.3931 10
    endloop
  endfacet
  facet normal -0 0 1
    outer loop
      vertex 195.85 49.4468 10
      vertex 195.896 49.404 10
      vertex 196.043 49.5911 10
    endloop
  endfacet
  facet normal 0 0 1
    outer loop
      vertex 195.85 49.4468 10
      vertex 196.043 49.5911 10
      vertex 196.134 50.4282 10
    endloop
  endfacet
  facet normal 0 0 1
    outer loop
      vertex 196.295 49.6675 10
      vertex 196.587 49.3833 10
      vertex 196.712 49.4291 10
    endloop
  endfacet
  facet normal 0 0 1
    outer loop
      vertex 196.043 49.5911 10
      vertex 196.174 49.7092 10
      vertex 196.134 50.4282 10
    endloop
  endfacet
  facet normal 0 0 1
    outer loop
      vertex 197.527 49.9438 10
      vertex 197.528 49.6635 10
      vertex 197.636 49.6086 10
    endloop
  endfacet
  facet normal -0 0 1
    outer loop
      vertex 196.134 50.4282 10
      vertex 196.295 49.6675 10
      vertex 196.831 50.4474 10
    endloop
  endfacet
  facet normal 0 -0 1
    outer loop
      vertex 196.134 50.4282 10
      vertex 196.831 50.4474 10
      vertex 196.096 50.576 10
    endloop
  endfacet
  facet normal 0 0 1
    outer loop
      vertex 196.951 50.5771 10
      vertex 197.739 50.7869 10
      vertex 197.304 52.6051 10
    endloop
  endfacet
  facet normal 0 -0 1
    outer loop
      vertex 196.096 50.576 10
      vertex 196.951 50.5771 10
      vertex 195.536 51.1361 10
    endloop
  endfacet
  facet normal -0 0 1
    outer loop
      vertex 197.318 50.2427 10
      vertex 197.67 50.14 10
      vertex 197.739 50.7869 10
    endloop
  endfacet
  facet normal 0 0 1
    outer loop
      vertex 197.355 49.6168 10
      vertex 197.528 49.6635 10
      vertex 197.527 49.9438 10
    endloop
  endfacet
  facet normal 0 0 1
    outer loop
      vertex 195.638 59.4799 10
      vertex 195.751 57.2557 10
      vertex 195.923 57.3464 10
    endloop
  endfacet
  facet normal -0 0 1
    outer loop
      vertex 202.748 53.9444 10
      vertex 203.309 53.1118 10
      vertex 204.145 54.2379 10
    endloop
  endfacet
  facet normal 0 0 1
    outer loop
      vertex 197.35 50.1515 10
      vertex 197.355 49.6168 10
      vertex 197.527 49.9438 10
    endloop
  endfacet
  facet normal 0 0 1
    outer loop
      vertex 197.35 50.1515 10
      vertex 197.527 49.9438 10
      vertex 197.67 50.14 10
    endloop
  endfacet
  facet normal 0 0 1
    outer loop
      vertex 205.566 57.3995 10
      vertex 209.974 57.975 10
      vertex 210.034 58.225 10
    endloop
  endfacet
  facet normal -0 -0 1
    outer loop
      vertex 197.35 50.1515 10
      vertex 197.67 50.14 10
      vertex 197.318 50.2427 10
    endloop
  endfacet
  facet normal 0 0 1
    outer loop
      vertex 197.67 50.14 10
      vertex 197.699 50.14 10
      vertex 197.739 50.7869 10
    endloop
  endfacet
  facet normal 0 -0 1
    outer loop
      vertex 197.318 50.2427 10
      vertex 197.739 50.7869 10
      vertex 197.098 50.5227 10
    endloop
  endfacet
  facet normal 0 0 1
    outer loop
      vertex 205.405 56.892 10
      vertex 205.063 56.9491 10
      vertex 204.816 55.9248 10
    endloop
  endfacet
  facet normal 0 -0 1
    outer loop
      vertex 196.951 50.5771 10
      vertex 197.304 52.6051 10
      vertex 195.536 51.1361 10
    endloop
  endfacet
  facet normal 0 0 1
    outer loop
      vertex 205.702 64.406 10
      vertex 204.763 63.1497 10
      vertex 204.778 63.0542 10
    endloop
  endfacet
  facet normal 0 0 1
    outer loop
      vertex 195.536 51.1361 10
      vertex 197.304 52.6051 10
      vertex 197.117 53.0197 10
    endloop
  endfacet
  facet normal 0 -0 1
    outer loop
      vertex 197.315 52.7055 10
      vertex 197.413 52.9077 10
      vertex 197.117 53.0197 10
    endloop
  endfacet
  facet normal 0 0 1
    outer loop
      vertex 195.536 51.1361 10
      vertex 197.117 53.0197 10
      vertex 197.02 53.1702 10
    endloop
  endfacet
  facet normal 0 0 1
    outer loop
      vertex 196.695 54.0868 10
      vertex 196.674 54.204 10
      vertex 195.305 51.1124 10
    endloop
  endfacet
  facet normal 0 -0 1
    outer loop
      vertex 196.674 54.204 10
      vertex 196.985 55.5392 10
      vertex 195.824 56.011 10
    endloop
  endfacet
  facet normal 0 0 1
    outer loop
      vertex 195.305 51.1124 10
      vertex 196.674 54.204 10
      vertex 195.761 56.0584 10
    endloop
  endfacet
  facet normal 0 0 1
    outer loop
      vertex 195.305 51.1124 10
      vertex 195.761 56.0584 10
      vertex 195.491 56.4084 10
    endloop
  endfacet
  facet normal 0 -0 1
    outer loop
      vertex 195.305 51.1124 10
      vertex 195.491 56.4084 10
      vertex 193.446 49.0376 10
    endloop
  endfacet
  facet normal 0 0 1
    outer loop
      vertex 193.875 60.6438 10
      vertex 195.471 56.5557 10
      vertex 195.751 57.2557 10
    endloop
  endfacet
  facet normal 0 -0 1
    outer loop
      vertex 195.923 57.3464 10
      vertex 196.432 57.9289 10
      vertex 195.638 59.4799 10
    endloop
  endfacet
  facet normal 0 0 1
    outer loop
      vertex 195.678 60.7601 10
      vertex 195.546 60.6701 10
      vertex 195.615 59.673 10
    endloop
  endfacet
  facet normal 0 0 1
    outer loop
      vertex 195.751 57.2557 10
      vertex 193.976 60.6101 10
      vertex 193.875 60.6438 10
    endloop
  endfacet
  facet normal 0 0 1
    outer loop
      vertex 195.638 59.4799 10
      vertex 193.976 60.6101 10
      vertex 195.751 57.2557 10
    endloop
  endfacet
  facet normal 0 0 1
    outer loop
      vertex 196.568 58.6199 10
      vertex 195.638 59.4799 10
      vertex 196.432 57.9289 10
    endloop
  endfacet
  facet normal 0 0 1
    outer loop
      vertex 196.432 57.9289 10
      vertex 196.576 58.0199 10
      vertex 196.568 58.6199 10
    endloop
  endfacet
  facet normal 0 0 1
    outer loop
      vertex 196.576 58.0199 10
      vertex 197.173 58.4747 10
      vertex 196.64 58.583 10
    endloop
  endfacet
  facet normal 0 -0 1
    outer loop
      vertex 196.161 57.2934 10
      vertex 196.432 57.9289 10
      vertex 195.923 57.3464 10
    endloop
  endfacet
  facet normal 0 0 1
    outer loop
      vertex 197.092 63.5814 10
      vertex 195.675 62.7051 10
      vertex 197.092 62.8945 10
    endloop
  endfacet
  facet normal 0 -0 1
    outer loop
      vertex 197.327 57.9917 10
      vertex 197.457 58.0786 10
      vertex 197.173 58.4747 10
    endloop
  endfacet
  facet normal 0 0 1
    outer loop
      vertex 197.327 57.9917 10
      vertex 197.173 58.4747 10
      vertex 196.576 58.0199 10
    endloop
  endfacet
  facet normal 0 0 1
    outer loop
      vertex 214.666 65.8672 10
      vertex 213.985 65.7521 10
      vertex 215.182 63.9336 10
    endloop
  endfacet
  facet normal 0 -0 1
    outer loop
      vertex 196.576 58.0199 10
      vertex 196.64 58.583 10
      vertex 196.568 58.6199 10
    endloop
  endfacet
  facet normal 0 0 1
    outer loop
      vertex 195.471 56.5557 10
      vertex 190.684 61.2238 10
      vertex 195.491 56.4084 10
    endloop
  endfacet
  facet normal 0 0 1
    outer loop
      vertex 195.675 62.7051 10
      vertex 197.065 62.7239 10
      vertex 197.092 62.8945 10
    endloop
  endfacet
  facet normal 0 0 1
    outer loop
      vertex 195.678 60.7601 10
      vertex 196.366 60.8039 10
      vertex 196.237 61.2261 10
    endloop
  endfacet
  facet normal 0 -0 1
    outer loop
      vertex 197.071 63.6747 10
      vertex 197.18 64.7845 10
      vertex 196.837 64.9287 10
    endloop
  endfacet
  facet normal 0 0 1
    outer loop
      vertex 195.675 62.7051 10
      vertex 197.071 63.6747 10
      vertex 196.003 64.6194 10
    endloop
  endfacet
  facet normal 0 -0 1
    outer loop
      vertex 197.467 60.7539 10
      vertex 197.551 60.9379 10
      vertex 196.471 61.3891 10
    endloop
  endfacet
  facet normal 0 0 1
    outer loop
      vertex 197.451 60.64 10
      vertex 197.504 60.64 10
      vertex 197.467 60.7539 10
    endloop
  endfacet
  facet normal 0 -0 1
    outer loop
      vertex 197.451 60.64 10
      vertex 197.467 60.7539 10
      vertex 196.471 61.3891 10
    endloop
  endfacet
  facet normal 0 0 1
    outer loop
      vertex 198.036 61.7596 10
      vertex 197.761 61.0279 10
      vertex 197.955 60.9557 10
    endloop
  endfacet
  facet normal 0 0 1
    outer loop
      vertex 212.365 67.7961 10
      vertex 213.49 67.179 10
      vertex 213.46 67.589 10
    endloop
  endfacet
  facet normal 0 0 1
    outer loop
      vertex 199.137 60.4691 10
      vertex 198.642 60.03 10
      vertex 198.909 60.03 10
    endloop
  endfacet
  facet normal -0 0 1
    outer loop
      vertex 204.778 63.0542 10
      vertex 204.588 61.9642 10
      vertex 205.761 64.4387 10
    endloop
  endfacet
  facet normal -0 0 1
    outer loop
      vertex 198.306 60.2352 10
      vertex 198.642 60.03 10
      vertex 199.137 60.4691 10
    endloop
  endfacet
  facet normal 0 -0 1
    outer loop
      vertex 198.306 60.2352 10
      vertex 199.137 60.4691 10
      vertex 197.955 60.9557 10
    endloop
  endfacet
  facet normal 0 0 1
    outer loop
      vertex 199.426 61.47 10
      vertex 199.295 60.548 10
      vertex 199.531 61.4691 10
    endloop
  endfacet
  facet normal 0 0 1
    outer loop
      vertex 204.549 57.97 10
      vertex 201.651 61.6304 10
      vertex 200.998 57.9402 10
    endloop
  endfacet
  facet normal 0 0 1
    outer loop
      vertex 204.626 57.9495 10
      vertex 204.451 61.8404 10
      vertex 204.549 57.97 10
    endloop
  endfacet
  facet normal 0 0 1
    outer loop
      vertex 205.566 57.3995 10
      vertex 210.034 58.225 10
      vertex 210.057 58.2753 10
    endloop
  endfacet
  facet normal -0 -0 1
    outer loop
      vertex 199.779 58.2473 10
      vertex 200.998 57.9402 10
      vertex 199.76 59.7219 10
    endloop
  endfacet
  facet normal 0 0 1
    outer loop
      vertex 205.761 64.4387 10
      vertex 205.702 64.406 10
      vertex 204.778 63.0542 10
    endloop
  endfacet
  facet normal 0 -0 1
    outer loop
      vertex 205.635 57.2321 10
      vertex 209.974 57.975 10
      vertex 205.566 57.3995 10
    endloop
  endfacet
  facet normal 0 0 1
    outer loop
      vertex 207.315 55.2497 10
      vertex 205.575 57.0021 10
      vertex 205.405 56.892 10
    endloop
  endfacet
  facet normal 0 0 1
    outer loop
      vertex 207.439 54.1802 10
      vertex 207.243 55.0885 10
      vertex 205.138 54.2262 10
    endloop
  endfacet
  facet normal 0 0 1
    outer loop
      vertex 204.145 54.2379 10
      vertex 203.309 53.1118 10
      vertex 203.76 52.7659 10
    endloop
  endfacet
  facet normal 0 0 1
    outer loop
      vertex 207.315 55.2497 10
      vertex 204.816 55.9248 10
      vertex 207.243 55.0885 10
    endloop
  endfacet
  facet normal 0 0 1
    outer loop
      vertex 215.182 63.9336 10
      vertex 216.147 64.7662 10
      vertex 215.659 65.6498 10
    endloop
  endfacet
  facet normal -0 -0 1
    outer loop
      vertex 203.093 53.1342 10
      vertex 203.309 53.1118 10
      vertex 202.748 53.9444 10
    endloop
  endfacet
  facet normal -0 0 1
    outer loop
      vertex 204.453 55.7132 10
      vertex 204.308 55.3801 10
      vertex 204.725 55.8204 10
    endloop
  endfacet
  facet normal 0 0 1
    outer loop
      vertex 203.093 53.1342 10
      vertex 202.748 53.9444 10
      vertex 203 53.0555 10
    endloop
  endfacet
  facet normal 0 0 1
    outer loop
      vertex 203.153 55.0613 10
      vertex 202.748 53.9444 10
      vertex 204.145 54.2379 10
    endloop
  endfacet
  facet normal 0 0 1
    outer loop
      vertex 203.309 53.1118 10
      vertex 203.636 52.6888 10
      vertex 203.76 52.7659 10
    endloop
  endfacet
  facet normal 0 0 1
    outer loop
      vertex 204.202 55.2935 10
      vertex 203.153 55.0613 10
      vertex 204.145 54.2379 10
    endloop
  endfacet
  facet normal 0 0 1
    outer loop
      vertex 204.202 55.2935 10
      vertex 204.29 54.35 10
      vertex 204.99 54.35 10
    endloop
  endfacet
  facet normal -0 0 1
    outer loop
      vertex 204.202 55.2935 10
      vertex 204.99 54.35 10
      vertex 204.308 55.3801 10
    endloop
  endfacet
  facet normal 0 0 1
    outer loop
      vertex 204.99 54.35 10
      vertex 204.725 55.8204 10
      vertex 204.308 55.3801 10
    endloop
  endfacet
  facet normal 0 0 1
    outer loop
      vertex 204.202 55.2935 10
      vertex 204.145 54.2379 10
      vertex 204.29 54.35 10
    endloop
  endfacet
  facet normal -0 0 1
    outer loop
      vertex 204.725 55.8204 10
      vertex 204.99 54.35 10
      vertex 204.816 55.9248 10
    endloop
  endfacet
  facet normal 0 0 1
    outer loop
      vertex 204.816 55.9248 10
      vertex 204.99 54.35 10
      vertex 205.138 54.2262 10
    endloop
  endfacet
  facet normal 0 0 1
    outer loop
      vertex 205.938 50.5498 10
      vertex 205.138 54.2262 10
      vertex 205.814 50.4105 10
    endloop
  endfacet
  facet normal 0 -0 1
    outer loop
      vertex 206.144 50.5666 10
      vertex 206.691 51.8397 10
      vertex 205.938 50.5498 10
    endloop
  endfacet
  facet normal 0 -0 1
    outer loop
      vertex 206.455 50.3155 10
      vertex 206.842 50.7393 10
      vertex 206.144 50.5666 10
    endloop
  endfacet
  facet normal 0 0 1
    outer loop
      vertex 206.842 50.7393 10
      vertex 206.691 51.8397 10
      vertex 206.144 50.5666 10
    endloop
  endfacet
  facet normal 0 -0 1
    outer loop
      vertex 206.691 51.8397 10
      vertex 206.694 51.8964 10
      vertex 205.938 50.5498 10
    endloop
  endfacet
  facet normal 0 0 1
    outer loop
      vertex 206.694 51.8964 10
      vertex 205.138 54.2262 10
      vertex 205.938 50.5498 10
    endloop
  endfacet
  facet normal 0 0 1
    outer loop
      vertex 206.884 52.6564 10
      vertex 205.138 54.2262 10
      vertex 206.694 51.8964 10
    endloop
  endfacet
  facet normal 0 -0 1
    outer loop
      vertex 215.042 63.3053 10
      vertex 215.142 63.7615 10
      vertex 214.938 63.3283 10
    endloop
  endfacet
  facet normal 0 0 1
    outer loop
      vertex 207.03 52.77 10
      vertex 205.138 54.2262 10
      vertex 206.884 52.6564 10
    endloop
  endfacet
  facet normal 0 -0 1
    outer loop
      vertex 207.261 52.77 10
      vertex 207.333 52.9037 10
      vertex 207.03 52.77 10
    endloop
  endfacet
  facet normal 0 -0 1
    outer loop
      vertex 207.333 52.9037 10
      vertex 207.439 54.1802 10
      vertex 207.03 52.77 10
    endloop
  endfacet
  facet normal 0 0 1
    outer loop
      vertex 207.439 54.1802 10
      vertex 205.138 54.2262 10
      vertex 207.03 52.77 10
    endloop
  endfacet
  facet normal 0 0 1
    outer loop
      vertex 207.243 55.0885 10
      vertex 204.816 55.9248 10
      vertex 205.138 54.2262 10
    endloop
  endfacet
  facet normal 0 0 1
    outer loop
      vertex 207.315 55.2497 10
      vertex 205.405 56.892 10
      vertex 204.816 55.9248 10
    endloop
  endfacet
  facet normal 0 0 1
    outer loop
      vertex 205.635 57.2321 10
      vertex 205.575 57.0021 10
      vertex 207.315 55.2497 10
    endloop
  endfacet
  facet normal 0 0 1
    outer loop
      vertex 205.635 57.2321 10
      vertex 207.315 55.2497 10
      vertex 207.428 55.2652 10
    endloop
  endfacet
  facet normal 0 0 1
    outer loop
      vertex 210.285 57.5062 10
      vertex 210.005 57.8442 10
      vertex 209.085 54.8369 10
    endloop
  endfacet
  facet normal 0 0 1
    outer loop
      vertex 210.005 57.8442 10
      vertex 207.428 55.2652 10
      vertex 209.085 54.8369 10
    endloop
  endfacet
  facet normal 0 0 1
    outer loop
      vertex 209.974 57.975 10
      vertex 207.428 55.2652 10
      vertex 210.005 57.8442 10
    endloop
  endfacet
  facet normal 0 0 1
    outer loop
      vertex 211.074 60.6936 10
      vertex 210.057 58.2753 10
      vertex 211.248 59.9994 10
    endloop
  endfacet
  facet normal -0 0 1
    outer loop
      vertex 205.761 64.4387 10
      vertex 211.256 61.3918 10
      vertex 206.071 64.7187 10
    endloop
  endfacet
  facet normal -0 0 1
    outer loop
      vertex 206.867 65.5995 10
      vertex 211.314 61.4729 10
      vertex 208.392 66.5535 10
    endloop
  endfacet
  facet normal 0 0 1
    outer loop
      vertex 206.867 65.5995 10
      vertex 208.392 66.5535 10
      vertex 207.323 66.317 10
    endloop
  endfacet
  facet normal 0 0 1
    outer loop
      vertex 211.943 67.3346 10
      vertex 210.563 67.6846 10
      vertex 208.452 66.5814 10
    endloop
  endfacet
  facet normal 0 0 1
    outer loop
      vertex 213.827 65.8305 10
      vertex 211.943 67.3346 10
      vertex 213.674 63.1229 10
    endloop
  endfacet
  facet normal 0 0 1
    outer loop
      vertex 213.49 67.179 10
      vertex 212.365 67.7961 10
      vertex 212.106 67.3981 10
    endloop
  endfacet
  facet normal 0 0 1
    outer loop
      vertex 213.985 65.7521 10
      vertex 213.738 63.1483 10
      vertex 215.182 63.9336 10
    endloop
  endfacet
  facet normal 0 0 1
    outer loop
      vertex 214.666 65.8672 10
      vertex 215.182 63.9336 10
      vertex 215.659 65.6498 10
    endloop
  endfacet
  facet normal 0 -0 1
    outer loop
      vertex 215.142 63.7615 10
      vertex 215.182 63.9336 10
      vertex 213.738 63.1483 10
    endloop
  endfacet
  facet normal 0 0 1
    outer loop
      vertex 215.659 65.6498 10
      vertex 216.147 64.7662 10
      vertex 216.123 65.329 10
    endloop
  endfacet
  facet normal 0 0 1
    outer loop
      vertex 213.738 63.1483 10
      vertex 214.938 63.3283 10
      vertex 215.142 63.7615 10
    endloop
  endfacet
  facet normal 0 0 1
    outer loop
      vertex 197.071 63.6747 10
      vertex 196.837 64.9287 10
      vertex 196.003 64.6194 10
    endloop
  endfacet
  facet normal 0 0 1
    outer loop
      vertex 215.448 63.0379 10
      vertex 215.142 63.7615 10
      vertex 215.042 63.3053 10
    endloop
  endfacet
  facet normal 0 0 1
    outer loop
      vertex 213.985 65.7521 10
      vertex 213.827 65.8305 10
      vertex 213.738 63.1483 10
    endloop
  endfacet
  facet normal 0 0 1
    outer loop
      vertex 213.827 65.8305 10
      vertex 213.674 63.1229 10
      vertex 213.738 63.1483 10
    endloop
  endfacet
  facet normal 0 0 1
    outer loop
      vertex 213.84 65.9893 10
      vertex 211.943 67.3346 10
      vertex 213.827 65.8305 10
    endloop
  endfacet
  facet normal 0 0 1
    outer loop
      vertex 213.707 67.0558 10
      vertex 213.533 67.0847 10
      vertex 213.84 65.9893 10
    endloop
  endfacet
  facet normal 0 0 1
    outer loop
      vertex 213.533 67.0847 10
      vertex 213.49 67.179 10
      vertex 212.106 67.3981 10
    endloop
  endfacet
  facet normal 0 0 1
    outer loop
      vertex 214.448 66.8095 10
      vertex 214.226 67.3153 10
      vertex 213.707 67.0558 10
    endloop
  endfacet
  facet normal 0 -0 1
    outer loop
      vertex 213.46 67.589 10
      vertex 213.515 67.7158 10
      vertex 212.365 67.7961 10
    endloop
  endfacet
  facet normal -0 0 1
    outer loop
      vertex 211.943 67.3346 10
      vertex 213.84 65.9893 10
      vertex 212.106 67.3981 10
    endloop
  endfacet
  facet normal 0 0 1
    outer loop
      vertex 210.491 67.7271 10
      vertex 208.452 66.5814 10
      vertex 210.563 67.6846 10
    endloop
  endfacet
  facet normal 0 0 1
    outer loop
      vertex 213.84 65.9893 10
      vertex 213.533 67.0847 10
      vertex 212.106 67.3981 10
    endloop
  endfacet
  facet normal 0 -0 1
    outer loop
      vertex 213.84 65.9893 10
      vertex 214.448 66.8095 10
      vertex 213.707 67.0558 10
    endloop
  endfacet
  facet normal -0 0 1
    outer loop
      vertex 212.365 67.7961 10
      vertex 213.515 67.7158 10
      vertex 213.375 68.3409 10
    endloop
  endfacet
  facet normal -0 0 1
    outer loop
      vertex 208.392 66.5535 10
      vertex 211.314 61.4729 10
      vertex 208.452 66.5814 10
    endloop
  endfacet
  facet normal 0 0 1
    outer loop
      vertex 211.314 61.4729 10
      vertex 206.818 65.5518 10
      vertex 211.256 61.3918 10
    endloop
  endfacet
  facet normal 0 0 1
    outer loop
      vertex 213.515 67.7158 10
      vertex 213.751 67.9101 10
      vertex 213.747 67.9118 10
    endloop
  endfacet
  facet normal 0 -0 1
    outer loop
      vertex 213.515 67.7158 10
      vertex 213.747 67.9118 10
      vertex 213.375 68.3409 10
    endloop
  endfacet
  facet normal 0 -0 1
    outer loop
      vertex 204.763 63.1497 10
      vertex 205.702 64.406 10
      vertex 204.553 63.5497 10
    endloop
  endfacet
  facet normal 0 0 1
    outer loop
      vertex 208.452 66.5814 10
      vertex 210.491 67.7271 10
      vertex 210.254 67.978 10
    endloop
  endfacet
  facet normal -0 0 1
    outer loop
      vertex 208.452 66.5814 10
      vertex 211.314 61.4729 10
      vertex 211.943 67.3346 10
    endloop
  endfacet
  facet normal 0 0 1
    outer loop
      vertex 211.314 61.4729 10
      vertex 213.674 63.1229 10
      vertex 211.943 67.3346 10
    endloop
  endfacet
  facet normal 0 0 1
    outer loop
      vertex 206.818 65.5518 10
      vertex 206.144 65.1419 10
      vertex 206.12 64.8188 10
    endloop
  endfacet
  facet normal 0 0 1
    outer loop
      vertex 210.057 58.2753 10
      vertex 204.588 61.9642 10
      vertex 205.566 57.3995 10
    endloop
  endfacet
  facet normal 0 0 1
    outer loop
      vertex 178.527 69.2961 10
      vertex 178.149 71.2588 10
      vertex 178.052 71.3766 10
    endloop
  endfacet
  facet normal 0 0 1
    outer loop
      vertex 201.591 61.6382 10
      vertex 200.771 61.9209 10
      vertex 199.744 59.7871 10
    endloop
  endfacet
  facet normal 0 0 1
    outer loop
      vertex 211.314 61.4729 10
      vertex 206.867 65.5995 10
      vertex 206.818 65.5518 10
    endloop
  endfacet
  facet normal 0 0 1
    outer loop
      vertex 199.404 60.4671 10
      vertex 200.771 61.9209 10
      vertex 199.531 61.4691 10
    endloop
  endfacet
  facet normal 0 0 1
    outer loop
      vertex 199.76 59.7219 10
      vertex 201.651 61.6304 10
      vertex 201.591 61.6382 10
    endloop
  endfacet
  facet normal 0 0 1
    outer loop
      vertex 206.818 65.5518 10
      vertex 206.12 64.8188 10
      vertex 206.071 64.7187 10
    endloop
  endfacet
  facet normal 0 0 1
    outer loop
      vertex 198.508 61.8238 10
      vertex 197.955 60.9557 10
      vertex 199.137 60.4691 10
    endloop
  endfacet
  facet normal 0 0 1
    outer loop
      vertex 206.818 65.5518 10
      vertex 206.071 64.7187 10
      vertex 211.256 61.3918 10
    endloop
  endfacet
  facet normal 0 0 1
    outer loop
      vertex 203.753 64.088 10
      vertex 203.924 63.6121 10
      vertex 204.376 64.0306 10
    endloop
  endfacet
  facet normal 0 0 1
    outer loop
      vertex 211.256 61.3918 10
      vertex 205.761 64.4387 10
      vertex 211.076 60.7718 10
    endloop
  endfacet
  facet normal 0 0 1
    outer loop
      vertex 211.076 60.7718 10
      vertex 205.761 64.4387 10
      vertex 204.588 61.9642 10
    endloop
  endfacet
  facet normal 0 -0 1
    outer loop
      vertex 204.415 63.6299 10
      vertex 204.432 64.036 10
      vertex 204.376 64.0306 10
    endloop
  endfacet
  facet normal -0 0 1
    outer loop
      vertex 203.703 63.8068 10
      vertex 203.924 63.6121 10
      vertex 203.753 64.088 10
    endloop
  endfacet
  facet normal 0 0 1
    outer loop
      vertex 200.771 61.9209 10
      vertex 199.404 60.4671 10
      vertex 199.744 59.7871 10
    endloop
  endfacet
  facet normal 0 -0 1
    outer loop
      vertex 197.551 60.9379 10
      vertex 197.761 61.0279 10
      vertex 197.386 62.1296 10
    endloop
  endfacet
  facet normal 0 0 1
    outer loop
      vertex 203.924 63.6121 10
      vertex 204.415 63.6299 10
      vertex 204.376 64.0306 10
    endloop
  endfacet
  facet normal 0 0 1
    outer loop
      vertex 204.588 61.9642 10
      vertex 204.626 57.9495 10
      vertex 205.566 57.3995 10
    endloop
  endfacet
  facet normal 0 0 1
    outer loop
      vertex 204.432 64.036 10
      vertex 204.415 63.6299 10
      vertex 204.553 63.5497 10
    endloop
  endfacet
  facet normal -0 0 1
    outer loop
      vertex 204.432 64.036 10
      vertex 204.553 63.5497 10
      vertex 205.702 64.406 10
    endloop
  endfacet
  facet normal 0 0 1
    outer loop
      vertex 211.076 60.7718 10
      vertex 204.588 61.9642 10
      vertex 211.074 60.6936 10
    endloop
  endfacet
  facet normal 0 0 1
    outer loop
      vertex 204.588 61.9642 10
      vertex 210.057 58.2753 10
      vertex 211.074 60.6936 10
    endloop
  endfacet
  facet normal -0 0 1
    outer loop
      vertex 199.76 59.7219 10
      vertex 200.998 57.9402 10
      vertex 201.651 61.6304 10
    endloop
  endfacet
  facet normal -0 0 1
    outer loop
      vertex 204.451 61.8404 10
      vertex 204.626 57.9495 10
      vertex 204.588 61.9642 10
    endloop
  endfacet
  facet normal 0 0 1
    outer loop
      vertex 204.549 57.97 10
      vertex 204.451 61.8404 10
      vertex 201.651 61.6304 10
    endloop
  endfacet
  facet normal 0 0 1
    outer loop
      vertex 201.591 61.6382 10
      vertex 199.744 59.7871 10
      vertex 199.76 59.7219 10
    endloop
  endfacet
  facet normal 0 0 1
    outer loop
      vertex 199.531 61.4691 10
      vertex 199.295 60.548 10
      vertex 199.404 60.4671 10
    endloop
  endfacet
  facet normal 0 0 1
    outer loop
      vertex 198.508 61.8238 10
      vertex 199.137 60.4691 10
      vertex 199.426 61.47 10
    endloop
  endfacet
  facet normal 0 0 1
    outer loop
      vertex 199.426 61.47 10
      vertex 199.137 60.4691 10
      vertex 199.295 60.548 10
    endloop
  endfacet
  facet normal 0 0 1
    outer loop
      vertex 198.508 61.8238 10
      vertex 198.142 61.7435 10
      vertex 197.955 60.9557 10
    endloop
  endfacet
  facet normal 0 0 1
    outer loop
      vertex 197.386 62.1296 10
      vertex 197.761 61.0279 10
      vertex 198.036 61.7596 10
    endloop
  endfacet
  facet normal 0 0 1
    outer loop
      vertex 198.036 61.7596 10
      vertex 197.955 60.9557 10
      vertex 198.142 61.7435 10
    endloop
  endfacet
  facet normal -0 0 1
    outer loop
      vertex 196.471 61.3891 10
      vertex 197.551 60.9379 10
      vertex 197.386 62.1296 10
    endloop
  endfacet
  facet normal 0 0 1
    outer loop
      vertex 196.471 61.3891 10
      vertex 197.386 62.1296 10
      vertex 197.325 62.1939 10
    endloop
  endfacet
  facet normal 0 0 1
    outer loop
      vertex 177.273 72.2936 10
      vertex 176.637 72.3506 10
      vertex 178.052 71.3766 10
    endloop
  endfacet
  facet normal 0 0 1
    outer loop
      vertex 196.05 61.7236 10
      vertex 197.325 62.1939 10
      vertex 197.065 62.7239 10
    endloop
  endfacet
  facet normal 0 -0 1
    outer loop
      vertex 196.471 61.3891 10
      vertex 197.325 62.1939 10
      vertex 196.05 61.7236 10
    endloop
  endfacet
  facet normal 0 0 1
    outer loop
      vertex 197.092 63.5814 10
      vertex 197.071 63.6747 10
      vertex 195.675 62.7051 10
    endloop
  endfacet
  facet normal -0 0 1
    outer loop
      vertex 175.008 76.783 10
      vertex 175.881 76.5227 10
      vertex 175.715 78.1584 10
    endloop
  endfacet
  facet normal 0 0 1
    outer loop
      vertex 197.351 63.1608 10
      vertex 197.092 63.5814 10
      vertex 197.092 62.8945 10
    endloop
  endfacet
  facet normal 0 -0 1
    outer loop
      vertex 196.05 61.7236 10
      vertex 197.065 62.7239 10
      vertex 195.675 62.7051 10
    endloop
  endfacet
  facet normal 0 0 1
    outer loop
      vertex 190.684 61.2238 10
      vertex 193.446 49.0376 10
      vertex 195.491 56.4084 10
    endloop
  endfacet
  facet normal 0 0 1
    outer loop
      vertex 189.463 61.5864 10
      vertex 189.344 61.6005 10
      vertex 190.536 61.272 10
    endloop
  endfacet
  facet normal 0 0 1
    outer loop
      vertex 192.621 60.8082 10
      vertex 191.122 61.3242 10
      vertex 190.684 61.2238 10
    endloop
  endfacet
  facet normal 0 0 1
    outer loop
      vertex 196.048 61.6101 10
      vertex 196.237 61.2261 10
      vertex 196.294 61.3928 10
    endloop
  endfacet
  facet normal 0 0 1
    outer loop
      vertex 196.294 61.3928 10
      vertex 196.05 61.7236 10
      vertex 196.048 61.6101 10
    endloop
  endfacet
  facet normal -0 -0 1
    outer loop
      vertex 196.294 61.3928 10
      vertex 196.471 61.3891 10
      vertex 196.05 61.7236 10
    endloop
  endfacet
  facet normal 0 0 1
    outer loop
      vertex 195.678 60.7601 10
      vertex 196.237 61.2261 10
      vertex 196.048 61.6101 10
    endloop
  endfacet
  facet normal 0 0 1
    outer loop
      vertex 196.366 60.8039 10
      vertex 195.678 60.7601 10
      vertex 195.615 59.673 10
    endloop
  endfacet
  facet normal -0 0 1
    outer loop
      vertex 192.621 60.8082 10
      vertex 195.471 56.5557 10
      vertex 192.729 60.8121 10
    endloop
  endfacet
  facet normal 0 0 1
    outer loop
      vertex 193.446 49.0376 10
      vertex 190.684 61.2238 10
      vertex 190.536 61.272 10
    endloop
  endfacet
  facet normal 0 0 1
    outer loop
      vertex 189.344 61.6005 10
      vertex 193.446 49.0376 10
      vertex 190.536 61.272 10
    endloop
  endfacet
  facet normal 0 0 1
    outer loop
      vertex 190.536 61.272 10
      vertex 190.1 61.7783 10
      vertex 189.463 61.5864 10
    endloop
  endfacet
  facet normal 0 -0 1
    outer loop
      vertex 192.906 48.4076 10
      vertex 193.446 49.0376 10
      vertex 189.344 61.6005 10
    endloop
  endfacet
  facet normal 0 0 1
    outer loop
      vertex 192.906 48.4076 10
      vertex 189.344 61.6005 10
      vertex 189.368 44.9318 10
    endloop
  endfacet
  facet normal -0 0 1
    outer loop
      vertex 185.047 63.1363 10
      vertex 188.114 62.3205 10
      vertex 185.175 63.1563 10
    endloop
  endfacet
  facet normal -0 0 1
    outer loop
      vertex 186.252 63.1548 10
      vertex 188.045 62.412 10
      vertex 186.355 63.1649 10
    endloop
  endfacet
  facet normal 0 0 1
    outer loop
      vertex 185.468 63.3577 10
      vertex 185.175 63.1563 10
      vertex 186.252 63.1548 10
    endloop
  endfacet
  facet normal 0 0 1
    outer loop
      vertex 186.874 63.4156 10
      vertex 186.355 63.1649 10
      vertex 188.045 62.412 10
    endloop
  endfacet
  facet normal 0 0 1
    outer loop
      vertex 185.175 63.1563 10
      vertex 188.114 62.3205 10
      vertex 186.252 63.1548 10
    endloop
  endfacet
  facet normal 0 0 1
    outer loop
      vertex 185.047 63.1363 10
      vertex 189.344 61.6005 10
      vertex 188.114 62.3205 10
    endloop
  endfacet
  facet normal 0 0 1
    outer loop
      vertex 189.368 44.9318 10
      vertex 189.344 61.6005 10
      vertex 185.047 63.1363 10
    endloop
  endfacet
  facet normal 0 0 1
    outer loop
      vertex 186.874 63.4156 10
      vertex 188.045 62.412 10
      vertex 187.894 62.9902 10
    endloop
  endfacet
  facet normal 0 0 1
    outer loop
      vertex 189.368 44.9318 10
      vertex 185.047 63.1363 10
      vertex 183.807 63.5063 10
    endloop
  endfacet
  facet normal 0 0 1
    outer loop
      vertex 188.261 43.4007 10
      vertex 183.807 63.5063 10
      vertex 185.79 40.9425 10
    endloop
  endfacet
  facet normal 0 0 1
    outer loop
      vertex 183.807 63.5063 10
      vertex 183.707 63.6059 10
      vertex 183.154 63.9006 10
    endloop
  endfacet
  facet normal 0 0 1
    outer loop
      vertex 183.707 63.6059 10
      vertex 183.233 63.88 10
      vertex 183.154 63.9006 10
    endloop
  endfacet
  facet normal 0 0 1
    outer loop
      vertex 181.804 64.3974 10
      vertex 183.154 63.9006 10
      vertex 181.946 64.3807 10
    endloop
  endfacet
  facet normal 0 0 1
    outer loop
      vertex 183.807 63.5063 10
      vertex 183.154 63.9006 10
      vertex 181.804 64.3974 10
    endloop
  endfacet
  facet normal 0 0 1
    outer loop
      vertex 182.177 64.4734 10
      vertex 181.946 64.3807 10
      vertex 183.154 63.9006 10
    endloop
  endfacet
  facet normal 0 0 1
    outer loop
      vertex 183.62 63.8878 10
      vertex 183.233 63.88 10
      vertex 183.707 63.6059 10
    endloop
  endfacet
  facet normal 0 0 1
    outer loop
      vertex 183.807 63.5063 10
      vertex 181.804 64.3974 10
      vertex 185.79 40.9425 10
    endloop
  endfacet
  facet normal -0 -0 1
    outer loop
      vertex 162.455 49.6892 10
      vertex 162.607 49.6007 10
      vertex 161.945 50.7381 10
    endloop
  endfacet
  facet normal 0 0 1
    outer loop
      vertex 158.019 55.9963 10
      vertex 158.015 56.7056 10
      vertex 158.008 56.5621 10
    endloop
  endfacet
  facet normal -0 0 1
    outer loop
      vertex 178.749 66.2552 10
      vertex 181.804 64.3974 10
      vertex 179.051 66.3368 10
    endloop
  endfacet
  facet normal 0 0 1
    outer loop
      vertex 178.623 66.2782 10
      vertex 181.804 64.3974 10
      vertex 178.749 66.2552 10
    endloop
  endfacet
  facet normal 0 0 1
    outer loop
      vertex 161.809 50.8497 10
      vertex 159.843 64.6903 10
      vertex 158.015 56.7056 10
    endloop
  endfacet
  facet normal 0 0 1
    outer loop
      vertex 157.016 59.1992 10
      vertex 156.03 61.1098 10
      vertex 155.933 59.693 10
    endloop
  endfacet
  facet normal -0 0 1
    outer loop
      vertex 162.146 67.3974 10
      vertex 177.843 66.8382 10
      vertex 164.134 70.0829 10
    endloop
  endfacet
  facet normal 0 0 1
    outer loop
      vertex 164.469 82.0628 10
      vertex 164.173 81.4709 10
      vertex 164.485 81.1674 10
    endloop
  endfacet
  facet normal 0 0 1
    outer loop
      vertex 165.924 72.4796 10
      vertex 174.84 73.3582 10
      vertex 165.975 72.6932 10
    endloop
  endfacet
  facet normal 0 0 1
    outer loop
      vertex 175.028 73.2149 10
      vertex 177.787 67.0061 10
      vertex 176.533 72.406 10
    endloop
  endfacet
  facet normal 0 -0 1
    outer loop
      vertex 178.561 69.3529 10
      vertex 179.212 70.8786 10
      vertex 178.149 71.2588 10
    endloop
  endfacet
  facet normal 0 0 1
    outer loop
      vertex 179.551 70.4029 10
      vertex 179.212 70.8786 10
      vertex 178.561 69.3529 10
    endloop
  endfacet
  facet normal 0 0 1
    outer loop
      vertex 179.635 70.448 10
      vertex 179.212 70.8786 10
      vertex 179.551 70.4029 10
    endloop
  endfacet
  facet normal 0 0 1
    outer loop
      vertex 174.84 73.3582 10
      vertex 174.821 74.967 10
      vertex 174.322 75.5969 10
    endloop
  endfacet
  facet normal 0 0 1
    outer loop
      vertex 174.158 76.6341 10
      vertex 175.006 78.9928 10
      vertex 174.971 79.0715 10
    endloop
  endfacet
  facet normal 0 0 1
    outer loop
      vertex 179.686 70.4564 10
      vertex 179.212 70.8786 10
      vertex 179.635 70.448 10
    endloop
  endfacet
  facet normal 0 0 1
    outer loop
      vertex 178.561 69.3529 10
      vertex 178.149 71.2588 10
      vertex 178.527 69.2961 10
    endloop
  endfacet
  facet normal 0 0 1
    outer loop
      vertex 177.273 72.2936 10
      vertex 178.052 71.3766 10
      vertex 177.973 71.8771 10
    endloop
  endfacet
  facet normal 0 0 1
    outer loop
      vertex 176.637 72.3506 10
      vertex 178.527 69.2961 10
      vertex 178.052 71.3766 10
    endloop
  endfacet
  facet normal 0 -0 1
    outer loop
      vertex 177.787 67.0061 10
      vertex 178.527 69.2961 10
      vertex 176.637 72.3506 10
    endloop
  endfacet
  facet normal 0 0 1
    outer loop
      vertex 177.787 67.0061 10
      vertex 176.637 72.3506 10
      vertex 176.533 72.406 10
    endloop
  endfacet
  facet normal -0 0 1
    outer loop
      vertex 175.028 73.2149 10
      vertex 176.533 72.406 10
      vertex 175.734 73.4002 10
    endloop
  endfacet
  facet normal 0 -0 1
    outer loop
      vertex 165.062 80.4165 10
      vertex 165.123 82.3332 10
      vertex 164.485 81.1674 10
    endloop
  endfacet
  facet normal -0 0 1
    outer loop
      vertex 164.469 82.0628 10
      vertex 164.485 81.1674 10
      vertex 165.123 82.3332 10
    endloop
  endfacet
  facet normal -0 0 1
    outer loop
      vertex 170.301 82.291 10
      vertex 173.921 82.004 10
      vertex 171.201 82.981 10
    endloop
  endfacet
  facet normal -0 0 1
    outer loop
      vertex 167.228 76.2451 10
      vertex 167.325 76.1658 10
      vertex 168.318 81.6518 10
    endloop
  endfacet
  facet normal 0 0 1
    outer loop
      vertex 174.056 76.4469 10
      vertex 167.325 76.1658 10
      vertex 167.525 75.7558 10
    endloop
  endfacet
  facet normal 0 0 1
    outer loop
      vertex 174.158 76.6341 10
      vertex 170.232 82.2616 10
      vertex 174.056 76.4469 10
    endloop
  endfacet
  facet normal 0 0 1
    outer loop
      vertex 174.971 79.0715 10
      vertex 174.801 80.4415 10
      vertex 170.301 82.291 10
    endloop
  endfacet
  facet normal 0 -0 1
    outer loop
      vertex 174.801 80.4415 10
      vertex 174.827 80.5454 10
      vertex 174.015 81.917 10
    endloop
  endfacet
  facet normal 0 0 1
    outer loop
      vertex 174.827 80.5454 10
      vertex 174.745 81.6863 10
      vertex 174.015 81.917 10
    endloop
  endfacet
  facet normal 0 -0 1
    outer loop
      vertex 175.418 76.2634 10
      vertex 175.881 76.5227 10
      vertex 175.008 76.783 10
    endloop
  endfacet
  facet normal 0 0 1
    outer loop
      vertex 174.848 76.8341 10
      vertex 175.715 78.1584 10
      vertex 175.006 78.9928 10
    endloop
  endfacet
  facet normal -0 0 1
    outer loop
      vertex 174.848 76.8341 10
      vertex 175.008 76.783 10
      vertex 175.715 78.1584 10
    endloop
  endfacet
  facet normal 0 -0 1
    outer loop
      vertex 174.848 76.8341 10
      vertex 175.006 78.9928 10
      vertex 174.158 76.6341 10
    endloop
  endfacet
  facet normal 0 0 1
    outer loop
      vertex 174.015 81.917 10
      vertex 173.921 82.004 10
      vertex 174.801 80.4415 10
    endloop
  endfacet
  facet normal 0 0 1
    outer loop
      vertex 173.921 82.004 10
      vertex 173.221 83.744 10
      vertex 171.252 83.0512 10
    endloop
  endfacet
  facet normal 0 0 1
    outer loop
      vertex 174.801 80.4415 10
      vertex 173.921 82.004 10
      vertex 170.301 82.291 10
    endloop
  endfacet
  facet normal 0 0 1
    outer loop
      vertex 155.988 64.3739 10
      vertex 156.85 64.5803 10
      vertex 156.471 64.7468 10
    endloop
  endfacet
  facet normal 0 0 1
    outer loop
      vertex 175.29 81.2147 10
      vertex 174.745 81.6863 10
      vertex 174.827 80.5454 10
    endloop
  endfacet
  facet normal 0 0 1
    outer loop
      vertex 173.921 82.004 10
      vertex 171.252 83.0512 10
      vertex 171.201 82.981 10
    endloop
  endfacet
  facet normal -0 0 1
    outer loop
      vertex 171.345 83.3212 10
      vertex 171.252 83.0512 10
      vertex 173.221 83.744 10
    endloop
  endfacet
  facet normal 0 0 1
    outer loop
      vertex 172.928 84.3167 10
      vertex 173.221 83.744 10
      vertex 173.211 83.8166 10
    endloop
  endfacet
  facet normal 0 0 1
    outer loop
      vertex 171.345 83.3212 10
      vertex 173.221 83.744 10
      vertex 172.928 84.3167 10
    endloop
  endfacet
  facet normal 0 0 1
    outer loop
      vertex 173.264 84.2919 10
      vertex 172.928 84.3167 10
      vertex 173.211 83.8166 10
    endloop
  endfacet
  facet normal 0 0 1
    outer loop
      vertex 174.971 79.0715 10
      vertex 170.301 82.291 10
      vertex 170.232 82.2616 10
    endloop
  endfacet
  facet normal 0 0 1
    outer loop
      vertex 174.971 79.0715 10
      vertex 170.232 82.2616 10
      vertex 174.158 76.6341 10
    endloop
  endfacet
  facet normal 0 0 1
    outer loop
      vertex 170.232 82.2616 10
      vertex 169.032 82.086 10
      vertex 168.318 81.6518 10
    endloop
  endfacet
  facet normal 0 0 1
    outer loop
      vertex 165.149 80.2632 10
      vertex 164.92 79.0557 10
      vertex 165.927 77.2699 10
    endloop
  endfacet
  facet normal 0 0 1
    outer loop
      vertex 164.485 81.1674 10
      vertex 164.522 81.0106 10
      vertex 165.062 80.4165 10
    endloop
  endfacet
  facet normal -0 0 1
    outer loop
      vertex 164.417 80.7099 10
      vertex 165.062 80.4165 10
      vertex 164.522 81.0106 10
    endloop
  endfacet
  facet normal 0 0 1
    outer loop
      vertex 165.062 80.4165 10
      vertex 168.207 81.6337 10
      vertex 165.123 82.3332 10
    endloop
  endfacet
  facet normal -0 0 1
    outer loop
      vertex 165.105 80.1731 10
      vertex 164.92 79.0557 10
      vertex 165.149 80.2632 10
    endloop
  endfacet
  facet normal 0 -0 1
    outer loop
      vertex 164.904 79.1947 10
      vertex 165.105 80.1731 10
      vertex 164.585 79.6611 10
    endloop
  endfacet
  facet normal 0 0 1
    outer loop
      vertex 165.927 77.2699 10
      vertex 165.212 77.8585 10
      vertex 165.267 77.7675 10
    endloop
  endfacet
  facet normal -0 0 1
    outer loop
      vertex 165.927 77.2699 10
      vertex 166.07 77.1307 10
      vertex 168.207 81.6337 10
    endloop
  endfacet
  facet normal 0 0 1
    outer loop
      vertex 164.92 79.0557 10
      vertex 165.212 77.8585 10
      vertex 165.927 77.2699 10
    endloop
  endfacet
  facet normal -0 -0 1
    outer loop
      vertex 166.112 76.5378 10
      vertex 167.228 76.2451 10
      vertex 166.07 77.1307 10
    endloop
  endfacet
  facet normal 0 0 1
    outer loop
      vertex 165.105 80.1731 10
      vertex 164.904 79.1947 10
      vertex 164.92 79.0557 10
    endloop
  endfacet
  facet normal 0 -0 1
    outer loop
      vertex 165.149 80.2632 10
      vertex 168.207 81.6337 10
      vertex 165.062 80.4165 10
    endloop
  endfacet
  facet normal -0 0 1
    outer loop
      vertex 164.63 78.3099 10
      vertex 165.212 77.8585 10
      vertex 164.92 79.0557 10
    endloop
  endfacet
  facet normal 0 0 1
    outer loop
      vertex 165.927 77.2699 10
      vertex 165.267 77.7675 10
      vertex 165.356 77.2947 10
    endloop
  endfacet
  facet normal -0 0 1
    outer loop
      vertex 165.149 80.2632 10
      vertex 165.927 77.2699 10
      vertex 168.207 81.6337 10
    endloop
  endfacet
  facet normal 0 0 1
    outer loop
      vertex 174.84 73.3582 10
      vertex 174.322 75.5969 10
      vertex 167.468 75.5618 10
    endloop
  endfacet
  facet normal 0 0 1
    outer loop
      vertex 165.924 72.4796 10
      vertex 165.298 72.1232 10
      vertex 164.448 70.5316 10
    endloop
  endfacet
  facet normal 0 0 1
    outer loop
      vertex 167.228 76.2451 10
      vertex 168.318 81.6518 10
      vertex 168.207 81.6337 10
    endloop
  endfacet
  facet normal 0 0 1
    outer loop
      vertex 174.322 75.5969 10
      vertex 174.296 75.6469 10
      vertex 167.468 75.5618 10
    endloop
  endfacet
  facet normal -0 0 1
    outer loop
      vertex 168.318 81.6518 10
      vertex 167.325 76.1658 10
      vertex 170.232 82.2616 10
    endloop
  endfacet
  facet normal 0 0 1
    outer loop
      vertex 165.924 72.4796 10
      vertex 175.028 73.2149 10
      vertex 174.84 73.3582 10
    endloop
  endfacet
  facet normal -0 0 1
    outer loop
      vertex 166.07 77.1307 10
      vertex 167.228 76.2451 10
      vertex 168.207 81.6337 10
    endloop
  endfacet
  facet normal 0 0 1
    outer loop
      vertex 174.296 75.6469 10
      vertex 174.056 76.4469 10
      vertex 167.525 75.7558 10
    endloop
  endfacet
  facet normal 0 -0 1
    outer loop
      vertex 165.975 72.6932 10
      vertex 167.468 75.5618 10
      vertex 165.825 74.5629 10
    endloop
  endfacet
  facet normal 0 0 1
    outer loop
      vertex 174.056 76.4469 10
      vertex 170.232 82.2616 10
      vertex 167.325 76.1658 10
    endloop
  endfacet
  facet normal -0 0 1
    outer loop
      vertex 165.742 73.0417 10
      vertex 165.975 72.6932 10
      vertex 165.825 74.5629 10
    endloop
  endfacet
  facet normal 0 0 1
    outer loop
      vertex 167.468 75.5618 10
      vertex 174.296 75.6469 10
      vertex 167.525 75.7558 10
    endloop
  endfacet
  facet normal 0 0 1
    outer loop
      vertex 165.975 72.6932 10
      vertex 174.84 73.3582 10
      vertex 167.468 75.5618 10
    endloop
  endfacet
  facet normal 0 0 1
    outer loop
      vertex 165.924 72.4796 10
      vertex 164.448 70.5316 10
      vertex 164.414 70.4129 10
    endloop
  endfacet
  facet normal 0 0 1
    outer loop
      vertex 165.924 72.4796 10
      vertex 164.414 70.4129 10
      vertex 177.787 67.0061 10
    endloop
  endfacet
  facet normal 0 0 1
    outer loop
      vertex 165.298 72.1232 10
      vertex 164.378 71.0155 10
      vertex 164.448 70.5316 10
    endloop
  endfacet
  facet normal -0 0 1
    outer loop
      vertex 165.924 72.4796 10
      vertex 177.787 67.0061 10
      vertex 175.028 73.2149 10
    endloop
  endfacet
  facet normal -0 0 1
    outer loop
      vertex 164.134 70.0829 10
      vertex 177.787 67.0061 10
      vertex 164.414 70.4129 10
    endloop
  endfacet
  facet normal 0 0 1
    outer loop
      vertex 177.843 66.8382 10
      vertex 177.787 67.0061 10
      vertex 164.134 70.0829 10
    endloop
  endfacet
  facet normal 0 0 1
    outer loop
      vertex 157.053 55.4253 10
      vertex 156.612 55.7976 10
      vertex 155.175 55.2305 10
    endloop
  endfacet
  facet normal 0 0 1
    outer loop
      vertex 162.146 67.3974 10
      vertex 164.134 70.0829 10
      vertex 164.079 70.0423 10
    endloop
  endfacet
  facet normal 0 0 1
    outer loop
      vertex 162.146 67.3974 10
      vertex 164.079 70.0423 10
      vertex 163.182 69.6551 10
    endloop
  endfacet
  facet normal -0 0 1
    outer loop
      vertex 162.083 67.3291 10
      vertex 177.843 66.8382 10
      vertex 162.146 67.3974 10
    endloop
  endfacet
  facet normal 0 0 1
    outer loop
      vertex 159.843 64.6903 10
      vertex 161.809 50.8497 10
      vertex 161.945 50.7381 10
    endloop
  endfacet
  facet normal 0 0 1
    outer loop
      vertex 159.843 64.6903 10
      vertex 162.083 67.3291 10
      vertex 160.872 66.6509 10
    endloop
  endfacet
  facet normal 0 0 1
    outer loop
      vertex 159.748 64.615 10
      vertex 157.15 59.05 10
      vertex 158.015 56.7056 10
    endloop
  endfacet
  facet normal 0 0 1
    outer loop
      vertex 159.748 64.615 10
      vertex 157.368 63.985 10
      vertex 157.016 59.1992 10
    endloop
  endfacet
  facet normal 0 0 1
    outer loop
      vertex 159.748 64.615 10
      vertex 157.016 59.1992 10
      vertex 157.15 59.05 10
    endloop
  endfacet
  facet normal 0 0 1
    outer loop
      vertex 155.938 61.2585 10
      vertex 157.368 63.985 10
      vertex 157.205 64.0468 10
    endloop
  endfacet
  facet normal 0 0 1
    outer loop
      vertex 157.205 64.0468 10
      vertex 154.676 62.6056 10
      vertex 155.938 61.2585 10
    endloop
  endfacet
  facet normal 0 0 1
    outer loop
      vertex 155.933 59.693 10
      vertex 156.223 59.2821 10
      vertex 157.016 59.1992 10
    endloop
  endfacet
  facet normal 0 0 1
    outer loop
      vertex 154.676 62.6056 10
      vertex 157.205 64.0468 10
      vertex 155.988 64.3739 10
    endloop
  endfacet
  facet normal 0 0 1
    outer loop
      vertex 157.205 64.0468 10
      vertex 156.85 64.5803 10
      vertex 155.988 64.3739 10
    endloop
  endfacet
  facet normal 0 0 1
    outer loop
      vertex 158.015 56.7056 10
      vertex 159.843 64.6903 10
      vertex 159.748 64.615 10
    endloop
  endfacet
  facet normal 0 0 1
    outer loop
      vertex 159.964 49.8057 10
      vertex 160.475 50.4218 10
      vertex 160.324 50.6573 10
    endloop
  endfacet
  facet normal 0 -0 1
    outer loop
      vertex 157.016 59.1992 10
      vertex 157.368 63.985 10
      vertex 156.03 61.1098 10
    endloop
  endfacet
  facet normal 0 -0 1
    outer loop
      vertex 156.03 61.1098 10
      vertex 157.368 63.985 10
      vertex 155.938 61.2585 10
    endloop
  endfacet
  facet normal 0 -0 1
    outer loop
      vertex 157.812 47.2865 10
      vertex 159.964 49.8057 10
      vertex 156.695 47.5099 10
    endloop
  endfacet
  facet normal 0 0 1
    outer loop
      vertex 162.083 67.3291 10
      vertex 159.843 64.6903 10
      vertex 161.945 50.7381 10
    endloop
  endfacet
  facet normal 0 0 1
    outer loop
      vertex 158.019 55.9963 10
      vertex 158.008 56.5621 10
      vertex 157.877 56.3465 10
    endloop
  endfacet
  facet normal 0 0 1
    outer loop
      vertex 160.006 49.5793 10
      vertex 157.812 47.2865 10
      vertex 159.925 48.2374 10
    endloop
  endfacet
  facet normal -0 0 1
    outer loop
      vertex 157.15 58.4845 10
      vertex 158.015 56.7056 10
      vertex 157.15 59.05 10
    endloop
  endfacet
  facet normal 0 0 1
    outer loop
      vertex 160.402 49.038 10
      vertex 160.006 49.5793 10
      vertex 159.925 48.2374 10
    endloop
  endfacet
  facet normal 0 -0 1
    outer loop
      vertex 162.607 49.6007 10
      vertex 178.623 66.2782 10
      vertex 161.945 50.7381 10
    endloop
  endfacet
  facet normal 0 0 1
    outer loop
      vertex 155.175 55.2305 10
      vertex 155.759 52.547 10
      vertex 155.823 52.56 10
    endloop
  endfacet
  facet normal 0 0 1
    outer loop
      vertex 155.055 55.2348 10
      vertex 154.542 55.4819 10
      vertex 152.938 54.4964 10
    endloop
  endfacet
  facet normal 0 0 1
    outer loop
      vertex 155.759 52.547 10
      vertex 153.918 52.3206 10
      vertex 154.795 52.1175 10
    endloop
  endfacet
  facet normal -0 0 1
    outer loop
      vertex 152.868 54.8573 10
      vertex 152.946 54.7163 10
      vertex 152.978 55.5724 10
    endloop
  endfacet
  facet normal 0 0 1
    outer loop
      vertex 169.902 21.1402 10
      vertex 169.754 21.148 10
      vertex 169.755 21.1414 10
    endloop
  endfacet
  facet normal -0 0 1
    outer loop
      vertex 152.772 54.7435 10
      vertex 152.946 54.7163 10
      vertex 152.868 54.8573 10
    endloop
  endfacet
  facet normal 0 0 1
    outer loop
      vertex 152.946 54.7163 10
      vertex 154.542 55.4819 10
      vertex 152.978 55.5724 10
    endloop
  endfacet
  facet normal -0 0 1
    outer loop
      vertex 151.662 54.5048 10
      vertex 151.732 54.2106 10
      vertex 152.751 54.7332 10
    endloop
  endfacet
  facet normal 0 0 1
    outer loop
      vertex 155.055 55.2348 10
      vertex 153.918 52.3206 10
      vertex 155.759 52.547 10
    endloop
  endfacet
  facet normal 0 0 1
    outer loop
      vertex 162.455 49.6892 10
      vertex 161.693 49.9997 10
      vertex 161.474 49.588 10
    endloop
  endfacet
  facet normal 0 0 1
    outer loop
      vertex 162.455 49.6892 10
      vertex 161.704 50.1128 10
      vertex 161.693 49.9997 10
    endloop
  endfacet
  facet normal 0 0 1
    outer loop
      vertex 152.751 54.7332 10
      vertex 152.772 54.7435 10
      vertex 152.868 54.8573 10
    endloop
  endfacet
  facet normal 0 -0 1
    outer loop
      vertex 152.643 53.1064 10
      vertex 152.938 54.4964 10
      vertex 152.229 53.8847 10
    endloop
  endfacet
  facet normal 0 0 1
    outer loop
      vertex 151.732 54.2106 10
      vertex 152.772 54.7435 10
      vertex 152.751 54.7332 10
    endloop
  endfacet
  facet normal 0 0 1
    outer loop
      vertex 154.542 55.4819 10
      vertex 152.946 54.7163 10
      vertex 152.938 54.4964 10
    endloop
  endfacet
  facet normal -0 0 1
    outer loop
      vertex 152.643 53.1064 10
      vertex 153.918 52.3206 10
      vertex 152.938 54.4964 10
    endloop
  endfacet
  facet normal 0 0 1
    outer loop
      vertex 155.175 55.2305 10
      vertex 155.055 55.2348 10
      vertex 155.759 52.547 10
    endloop
  endfacet
  facet normal -0 0 1
    outer loop
      vertex 153.999 50.6782 10
      vertex 155.734 48.2791 10
      vertex 155.999 51.3682 10
    endloop
  endfacet
  facet normal 0 0 1
    outer loop
      vertex 157.812 47.2865 10
      vertex 160.006 49.5793 10
      vertex 159.964 49.8057 10
    endloop
  endfacet
  facet normal 0 0 1
    outer loop
      vertex 156.529 52.8614 10
      vertex 155.823 52.56 10
      vertex 156.245 52.5513 10
    endloop
  endfacet
  facet normal -0 0 1
    outer loop
      vertex 162.607 49.6007 10
      vertex 185.79 40.9425 10
      vertex 181.804 64.3974 10
    endloop
  endfacet
  facet normal 0 0 1
    outer loop
      vertex 155.175 55.2305 10
      vertex 155.823 52.56 10
      vertex 156.529 52.8614 10
    endloop
  endfacet
  facet normal -0 0 1
    outer loop
      vertex 155.175 55.2305 10
      vertex 156.529 52.8614 10
      vertex 157.053 55.4253 10
    endloop
  endfacet
  facet normal 0 0 1
    outer loop
      vertex 156.529 52.8614 10
      vertex 156.702 52.8965 10
      vertex 157.053 55.4253 10
    endloop
  endfacet
  facet normal 0 0 1
    outer loop
      vertex 156.702 52.8965 10
      vertex 157.222 55.4084 10
      vertex 157.053 55.4253 10
    endloop
  endfacet
  facet normal 0 0 1
    outer loop
      vertex 157.952 55.8084 10
      vertex 156.702 52.8965 10
      vertex 156.771 52.6875 10
    endloop
  endfacet
  facet normal 0 0 1
    outer loop
      vertex 157.952 55.8084 10
      vertex 157.222 55.4084 10
      vertex 156.702 52.8965 10
    endloop
  endfacet
  facet normal -0 0 1
    outer loop
      vertex 155.734 48.2791 10
      vertex 156.695 47.5099 10
      vertex 159.964 49.8057 10
    endloop
  endfacet
  facet normal 0 0 1
    outer loop
      vertex 155.734 48.2791 10
      vertex 156.081 51.4375 10
      vertex 155.999 51.3682 10
    endloop
  endfacet
  facet normal -0 0 1
    outer loop
      vertex 161.933 48.116 10
      vertex 161.958 48.0551 10
      vertex 162.549 49.4126 10
    endloop
  endfacet
  facet normal 0 0 1
    outer loop
      vertex 155.734 48.2791 10
      vertex 153.861 50.6994 10
      vertex 153.45 50.8536 10
    endloop
  endfacet
  facet normal 0 0 1
    outer loop
      vertex 153.861 50.6994 10
      vertex 153.504 50.9632 10
      vertex 153.45 50.8536 10
    endloop
  endfacet
  facet normal 0 0 1
    outer loop
      vertex 153.861 50.6994 10
      vertex 155.734 48.2791 10
      vertex 153.999 50.6782 10
    endloop
  endfacet
  facet normal 0 0 1
    outer loop
      vertex 178.359 35.4921 10
      vertex 162.339 43.6532 10
      vertex 162.376 43.103 10
    endloop
  endfacet
  facet normal 0 0 1
    outer loop
      vertex 162.339 43.6532 10
      vertex 162.135 46.9328 10
      vertex 162.252 43.8065 10
    endloop
  endfacet
  facet normal 0 0 1
    outer loop
      vertex 166.688 28.212 10
      vertex 177.885 31.8724 10
      vertex 177.884 31.9435 10
    endloop
  endfacet
  facet normal 0 0 1
    outer loop
      vertex 160.402 49.038 10
      vertex 160.335 49.3937 10
      vertex 160.006 49.5793 10
    endloop
  endfacet
  facet normal 0 0 1
    outer loop
      vertex 163.114 37.1353 10
      vertex 164.116 35.3827 10
      vertex 178.289 35.4109 10
    endloop
  endfacet
  facet normal 0 0 1
    outer loop
      vertex 161.945 50.7381 10
      vertex 177.843 66.8382 10
      vertex 162.083 67.3291 10
    endloop
  endfacet
  facet normal -0 0 1
    outer loop
      vertex 162.135 46.9328 10
      vertex 180.507 36.8787 10
      vertex 162.607 49.6007 10
    endloop
  endfacet
  facet normal 0 0 1
    outer loop
      vertex 159.964 49.8057 10
      vertex 160.324 50.6573 10
      vertex 160.267 50.8242 10
    endloop
  endfacet
  facet normal 0 0 1
    outer loop
      vertex 159.964 49.8057 10
      vertex 156.081 51.4375 10
      vertex 155.734 48.2791 10
    endloop
  endfacet
  facet normal 0 -0 1
    outer loop
      vertex 160.475 50.4218 10
      vertex 160.506 50.5291 10
      vertex 160.324 50.6573 10
    endloop
  endfacet
  facet normal 0 0 1
    outer loop
      vertex 156.771 52.6875 10
      vertex 160.267 50.8242 10
      vertex 160.419 50.9297 10
    endloop
  endfacet
  facet normal -0 -0 1
    outer loop
      vertex 160.419 50.9297 10
      vertex 161.809 50.8497 10
      vertex 157.952 55.8084 10
    endloop
  endfacet
  facet normal 0 0 1
    outer loop
      vertex 156.771 52.6875 10
      vertex 156.081 51.4375 10
      vertex 160.267 50.8242 10
    endloop
  endfacet
  facet normal 0 0 1
    outer loop
      vertex 160.267 50.8242 10
      vertex 156.081 51.4375 10
      vertex 159.964 49.8057 10
    endloop
  endfacet
  facet normal 0 0 1
    outer loop
      vertex 157.952 55.8084 10
      vertex 156.771 52.6875 10
      vertex 160.419 50.9297 10
    endloop
  endfacet
  facet normal 0 0 1
    outer loop
      vertex 158.015 56.7056 10
      vertex 158.019 55.9963 10
      vertex 161.809 50.8497 10
    endloop
  endfacet
  facet normal 0 0 1
    outer loop
      vertex 161.809 50.8497 10
      vertex 158.019 55.9963 10
      vertex 157.952 55.8084 10
    endloop
  endfacet
  facet normal 0 0 1
    outer loop
      vertex 178.623 66.2782 10
      vertex 177.843 66.8382 10
      vertex 161.945 50.7381 10
    endloop
  endfacet
  facet normal 0 0 1
    outer loop
      vertex 162.607 49.6007 10
      vertex 182.939 38.6965 10
      vertex 185.79 40.9425 10
    endloop
  endfacet
  facet normal -0 0 1
    outer loop
      vertex 162.138 46.9951 10
      vertex 162.135 46.9328 10
      vertex 162.549 49.4126 10
    endloop
  endfacet
  facet normal 0 0 1
    outer loop
      vertex 161.564 50.2199 10
      vertex 161.364 50.4049 10
      vertex 161.335 50.2256 10
    endloop
  endfacet
  facet normal 0 0 1
    outer loop
      vertex 161.845 50.557 10
      vertex 161.364 50.4049 10
      vertex 161.564 50.2199 10
    endloop
  endfacet
  facet normal 0 0 1
    outer loop
      vertex 162.455 49.6892 10
      vertex 161.845 50.557 10
      vertex 161.704 50.1128 10
    endloop
  endfacet
  facet normal 0 0 1
    outer loop
      vertex 161.845 50.557 10
      vertex 161.564 50.2199 10
      vertex 161.704 50.1128 10
    endloop
  endfacet
  facet normal 0 0 1
    outer loop
      vertex 162.607 49.6007 10
      vertex 162.549 49.4126 10
      vertex 162.135 46.9328 10
    endloop
  endfacet
  facet normal 0 0 1
    outer loop
      vertex 180.643 36.96 10
      vertex 162.607 49.6007 10
      vertex 180.507 36.8787 10
    endloop
  endfacet
  facet normal 0 0 1
    outer loop
      vertex 161.945 50.7381 10
      vertex 161.845 50.557 10
      vertex 162.455 49.6892 10
    endloop
  endfacet
  facet normal 0 -0 1
    outer loop
      vertex 180.643 36.96 10
      vertex 182.939 38.6965 10
      vertex 162.607 49.6007 10
    endloop
  endfacet
  facet normal -0 0 1
    outer loop
      vertex 161.769 48.9268 10
      vertex 161.736 48.7639 10
      vertex 162.549 49.4126 10
    endloop
  endfacet
  facet normal 0 0 1
    outer loop
      vertex 161.736 48.7639 10
      vertex 161.585 48.6129 10
      vertex 161.933 48.116 10
    endloop
  endfacet
  facet normal -0 0 1
    outer loop
      vertex 161.768 48.9271 10
      vertex 161.769 48.9268 10
      vertex 162.549 49.4126 10
    endloop
  endfacet
  facet normal -0 0 1
    outer loop
      vertex 161.736 48.7639 10
      vertex 161.933 48.116 10
      vertex 162.549 49.4126 10
    endloop
  endfacet
  facet normal 0 0 1
    outer loop
      vertex 162.549 49.4126 10
      vertex 161.958 48.0551 10
      vertex 162.138 46.9951 10
    endloop
  endfacet
  facet normal 0 0 1
    outer loop
      vertex 161.635 44.979 10
      vertex 161.879 43.9763 10
      vertex 162.252 43.8065 10
    endloop
  endfacet
  facet normal 0 0 1
    outer loop
      vertex 162.135 46.9328 10
      vertex 162.339 43.6532 10
      vertex 180.507 36.8787 10
    endloop
  endfacet
  facet normal 0 0 1
    outer loop
      vertex 178.359 35.4921 10
      vertex 162.373 43.025 10
      vertex 178.289 35.4109 10
    endloop
  endfacet
  facet normal -0 0 1
    outer loop
      vertex 161.635 44.979 10
      vertex 162.252 43.8065 10
      vertex 162.135 46.9328 10
    endloop
  endfacet
  facet normal 0 0 1
    outer loop
      vertex 164.116 35.3827 10
      vertex 164.196 35.1582 10
      vertex 164.404 34.7274 10
    endloop
  endfacet
  facet normal 0 0 1
    outer loop
      vertex 162.373 43.025 10
      vertex 163.114 37.1353 10
      vertex 178.289 35.4109 10
    endloop
  endfacet
  facet normal 0 0 1
    outer loop
      vertex 162.373 43.025 10
      vertex 162.105 42.1717 10
      vertex 163.114 37.1353 10
    endloop
  endfacet
  facet normal 0 0 1
    outer loop
      vertex 178.289 35.4109 10
      vertex 164.404 34.7274 10
      vertex 177.759 33.9409 10
    endloop
  endfacet
  facet normal 0 0 1
    outer loop
      vertex 165.434 32.6012 10
      vertex 166.688 28.212 10
      vertex 177.884 31.9435 10
    endloop
  endfacet
  facet normal 0 0 1
    outer loop
      vertex 161.944 43.5504 10
      vertex 162.039 43.4691 10
      vertex 162.171 43.5212 10
    endloop
  endfacet
  facet normal 0 0 1
    outer loop
      vertex 161.944 43.5504 10
      vertex 161.935 43.3278 10
      vertex 162.039 43.4691 10
    endloop
  endfacet
  facet normal 0 0 1
    outer loop
      vertex 162.171 43.5212 10
      vertex 162.207 43.5223 10
      vertex 162.339 43.6532 10
    endloop
  endfacet
  facet normal -0 0 1
    outer loop
      vertex 162.171 43.5212 10
      vertex 162.039 43.4691 10
      vertex 162.207 43.5223 10
    endloop
  endfacet
  facet normal -0 0 1
    outer loop
      vertex 162.373 43.025 10
      vertex 178.359 35.4921 10
      vertex 162.376 43.103 10
    endloop
  endfacet
  facet normal 0 0 1
    outer loop
      vertex 164.116 35.3827 10
      vertex 163.114 37.1353 10
      vertex 163.84 35.4719 10
    endloop
  endfacet
  facet normal 0 0 1
    outer loop
      vertex 164.461 33.9652 10
      vertex 164.418 34.5516 10
      vertex 164.29 34.48 10
    endloop
  endfacet
  facet normal 0 0 1
    outer loop
      vertex 165.412 32.6478 10
      vertex 164.418 34.5516 10
      vertex 164.461 33.9652 10
    endloop
  endfacet
  facet normal 0 0 1
    outer loop
      vertex 165.412 32.6478 10
      vertex 164.404 34.7274 10
      vertex 164.418 34.5516 10
    endloop
  endfacet
  facet normal 0 0 1
    outer loop
      vertex 177.819 30.4087 10
      vertex 177.803 30.6137 10
      vertex 166.688 28.212 10
    endloop
  endfacet
  facet normal 0 0 1
    outer loop
      vertex 177.819 30.4087 10
      vertex 166.688 28.212 10
      vertex 168.407 25.5003 10
    endloop
  endfacet
  facet normal 0 0 1
    outer loop
      vertex 166.688 28.212 10
      vertex 177.803 30.6137 10
      vertex 177.885 31.8724 10
    endloop
  endfacet
  facet normal 0 0 1
    outer loop
      vertex 168.407 25.5003 10
      vertex 177.327 26.9094 10
      vertex 177.819 30.4087 10
    endloop
  endfacet
  facet normal 0 -0 1
    outer loop
      vertex 168.421 25.4708 10
      vertex 177.314 26.8741 10
      vertex 168.407 25.5003 10
    endloop
  endfacet
  facet normal 0 0 1
    outer loop
      vertex 164.29 34.48 10
      vertex 164.231 34.48 10
      vertex 164.461 33.9652 10
    endloop
  endfacet
  facet normal 0 -0 1
    outer loop
      vertex 177.314 26.8741 10
      vertex 177.327 26.9094 10
      vertex 168.407 25.5003 10
    endloop
  endfacet
  facet normal 0 0 1
    outer loop
      vertex 176.118 22.9904 10
      vertex 168.421 25.4708 10
      vertex 169.451 22.6092 10
    endloop
  endfacet
  facet normal 0 -0 1
    outer loop
      vertex 176.954 25.3341 10
      vertex 177.314 26.8741 10
      vertex 168.421 25.4708 10
    endloop
  endfacet
  facet normal 0 -0 1
    outer loop
      vertex 174.227 20.4637 10
      vertex 175.288 21.4304 10
      vertex 169.804 22.2014 10
    endloop
  endfacet
  facet normal -0 0 1
    outer loop
      vertex 169.804 22.2014 10
      vertex 175.288 21.4304 10
      vertex 176.118 22.9904 10
    endloop
  endfacet
  facet normal 0 0 1
    outer loop
      vertex 174.227 20.4637 10
      vertex 169.804 22.2014 10
      vertex 174.167 20.4292 10
    endloop
  endfacet
  facet normal 0 0 1
    outer loop
      vertex 170.054 21.3314 10
      vertex 173.657 19.9492 10
      vertex 174.167 20.4292 10
    endloop
  endfacet
  facet normal 0 0 1
    outer loop
      vertex 169.804 22.2014 10
      vertex 170.054 21.3314 10
      vertex 174.167 20.4292 10
    endloop
  endfacet
  facet normal 0 -0 1
    outer loop
      vertex 173.615 19.877 10
      vertex 173.657 19.9492 10
      vertex 170.054 21.3314 10
    endloop
  endfacet
  facet normal 0 0 1
    outer loop
      vertex 170.249 19.9399 10
      vertex 170.054 21.3314 10
      vertex 169.994 21.1657 10
    endloop
  endfacet
  facet normal 0 0 1
    outer loop
      vertex 173.615 19.877 10
      vertex 170.054 21.3314 10
      vertex 170.249 19.9399 10
    endloop
  endfacet
  facet normal 0 0 1
    outer loop
      vertex 169.994 21.1657 10
      vertex 169.902 21.1402 10
      vertex 170.249 19.9399 10
    endloop
  endfacet
  facet normal 0 0 1
    outer loop
      vertex 169.902 21.1402 10
      vertex 169.755 21.1414 10
      vertex 170.249 19.9399 10
    endloop
  endfacet
  facet normal 0 0 1
    outer loop
      vertex 173.615 19.877 10
      vertex 170.249 19.9399 10
      vertex 171.355 18.669 10
    endloop
  endfacet
  facet normal 0 0 1
    outer loop
      vertex 173.34 18.7987 10
      vertex 171.355 18.669 10
      vertex 172.258 18.1815 10
    endloop
  endfacet
  facet normal 0.968985 -0.247121 0
    outer loop
      vertex 173.615 19.877 0
      vertex 173.34 18.7987 10
      vertex 173.34 18.7987 0
    endloop
  endfacet
  facet normal 0.968985 -0.247121 0
    outer loop
      vertex 173.615 19.877 0
      vertex 173.615 19.877 10
      vertex 173.34 18.7987 10
    endloop
  endfacet
  facet normal 0.864386 -0.502829 0
    outer loop
      vertex 173.657 19.9492 0
      vertex 173.615 19.877 10
      vertex 173.615 19.877 0
    endloop
  endfacet
  facet normal 0.864386 -0.502829 0
    outer loop
      vertex 173.657 19.9492 0
      vertex 173.657 19.9492 10
      vertex 173.615 19.877 10
    endloop
  endfacet
  facet normal 0.685365 -0.7282 0
    outer loop
      vertex 174.167 20.4292 0
      vertex 173.657 19.9492 10
      vertex 173.657 19.9492 0
    endloop
  endfacet
  facet normal 0.685365 -0.7282 0
    outer loop
      vertex 174.167 20.4292 0
      vertex 174.167 20.4292 10
      vertex 173.657 19.9492 10
    endloop
  endfacet
  facet normal 0.498471 -0.866906 0
    outer loop
      vertex 174.227 20.4637 0
      vertex 174.167 20.4292 10
      vertex 174.167 20.4292 0
    endloop
  endfacet
  facet normal 0.498471 -0.866906 0
    outer loop
      vertex 174.227 20.4637 0
      vertex 174.227 20.4637 10
      vertex 174.167 20.4292 10
    endloop
  endfacet
  facet normal 0.285902 -0.958259 0
    outer loop
      vertex 175.443 20.8265 0
      vertex 174.227 20.4637 10
      vertex 174.227 20.4637 0
    endloop
  endfacet
  facet normal 0.285902 -0.958259 0
    outer loop
      vertex 175.443 20.8265 0
      vertex 175.443 20.8265 10
      vertex 174.227 20.4637 10
    endloop
  endfacet
  facet normal 0.946774 0.321899 0
    outer loop
      vertex 175.278 21.3118 0
      vertex 175.443 20.8265 10
      vertex 175.443 20.8265 0
    endloop
  endfacet
  facet normal 0.946774 0.321899 -0
    outer loop
      vertex 175.278 21.3118 0
      vertex 175.278 21.3118 10
      vertex 175.443 20.8265 10
    endloop
  endfacet
  facet normal 0.996464 -0.0840189 0
    outer loop
      vertex 175.288 21.4304 0
      vertex 175.278 21.3118 10
      vertex 175.278 21.3118 0
    endloop
  endfacet
  facet normal 0.996464 -0.0840189 0
    outer loop
      vertex 175.288 21.4304 0
      vertex 175.288 21.4304 10
      vertex 175.278 21.3118 10
    endloop
  endfacet
  facet normal 0.882822 -0.469707 0
    outer loop
      vertex 176.118 22.9904 0
      vertex 175.288 21.4304 10
      vertex 175.288 21.4304 0
    endloop
  endfacet
  facet normal 0.882822 -0.469707 0
    outer loop
      vertex 176.118 22.9904 0
      vertex 176.118 22.9904 10
      vertex 175.288 21.4304 10
    endloop
  endfacet
  facet normal 0.567142 -0.82362 0
    outer loop
      vertex 176.232 23.0689 0
      vertex 176.118 22.9904 10
      vertex 176.118 22.9904 0
    endloop
  endfacet
  facet normal 0.567142 -0.82362 0
    outer loop
      vertex 176.232 23.0689 0
      vertex 176.232 23.0689 10
      vertex 176.118 22.9904 10
    endloop
  endfacet
  facet normal 0.118881 -0.992908 0
    outer loop
      vertex 177.271 23.1933 0
      vertex 176.232 23.0689 10
      vertex 176.232 23.0689 0
    endloop
  endfacet
  facet normal 0.118881 -0.992908 0
    outer loop
      vertex 177.271 23.1933 0
      vertex 177.271 23.1933 10
      vertex 176.232 23.0689 10
    endloop
  endfacet
  facet normal 0.999946 -0.0104252 0
    outer loop
      vertex 177.29 25.0157 0
      vertex 177.271 23.1933 10
      vertex 177.271 23.1933 0
    endloop
  endfacet
  facet normal 0.999946 -0.0104252 0
    outer loop
      vertex 177.29 25.0157 0
      vertex 177.29 25.0157 10
      vertex 177.271 23.1933 10
    endloop
  endfacet
  facet normal 0.944574 0.328297 0
    outer loop
      vertex 177.233 25.1797 0
      vertex 177.29 25.0157 10
      vertex 177.29 25.0157 0
    endloop
  endfacet
  facet normal 0.944574 0.328297 -0
    outer loop
      vertex 177.233 25.1797 0
      vertex 177.233 25.1797 10
      vertex 177.29 25.0157 10
    endloop
  endfacet
  facet normal -0.253541 0.967325 0
    outer loop
      vertex 177.138 25.1548 0
      vertex 177.233 25.1797 10
      vertex 177.233 25.1797 0
    endloop
  endfacet
  facet normal -0.253541 0.967325 0
    outer loop
      vertex 177.138 25.1548 0
      vertex 177.138 25.1548 10
      vertex 177.233 25.1797 10
    endloop
  endfacet
  facet normal 0.36502 0.931 0
    outer loop
      vertex 176.974 25.2191 0
      vertex 177.138 25.1548 10
      vertex 177.138 25.1548 0
    endloop
  endfacet
  facet normal 0.36502 0.931 -0
    outer loop
      vertex 176.974 25.2191 0
      vertex 176.974 25.2191 10
      vertex 177.138 25.1548 10
    endloop
  endfacet
  facet normal 0.985212 0.171341 0
    outer loop
      vertex 176.954 25.3341 0
      vertex 176.974 25.2191 10
      vertex 176.974 25.2191 0
    endloop
  endfacet
  facet normal 0.985212 0.171341 -0
    outer loop
      vertex 176.954 25.3341 0
      vertex 176.954 25.3341 10
      vertex 176.974 25.2191 10
    endloop
  endfacet
  facet normal 0.973748 -0.227629 0
    outer loop
      vertex 177.314 26.8741 0
      vertex 176.954 25.3341 10
      vertex 176.954 25.3341 0
    endloop
  endfacet
  facet normal 0.973748 -0.227629 0
    outer loop
      vertex 177.314 26.8741 0
      vertex 177.314 26.8741 10
      vertex 176.954 25.3341 10
    endloop
  endfacet
  facet normal 0.938388 -0.345582 0
    outer loop
      vertex 177.327 26.9094 0
      vertex 177.314 26.8741 10
      vertex 177.314 26.8741 0
    endloop
  endfacet
  facet normal 0.938388 -0.345582 0
    outer loop
      vertex 177.327 26.9094 0
      vertex 177.327 26.9094 10
      vertex 177.314 26.8741 10
    endloop
  endfacet
  facet normal 0.886446 -0.462833 0
    outer loop
      vertex 178.146 28.478 0
      vertex 177.327 26.9094 10
      vertex 177.327 26.9094 0
    endloop
  endfacet
  facet normal 0.886446 -0.462833 0
    outer loop
      vertex 178.146 28.478 0
      vertex 178.146 28.478 10
      vertex 177.327 26.9094 10
    endloop
  endfacet
  facet normal 0.986904 -0.161311 0
    outer loop
      vertex 178.379 29.9035 0
      vertex 178.146 28.478 10
      vertex 178.146 28.478 0
    endloop
  endfacet
  facet normal 0.986904 -0.161311 0
    outer loop
      vertex 178.379 29.9035 0
      vertex 178.379 29.9035 10
      vertex 178.146 28.478 10
    endloop
  endfacet
  facet normal 0.669843 0.742502 0
    outer loop
      vertex 177.819 30.4087 0
      vertex 178.379 29.9035 10
      vertex 178.379 29.9035 0
    endloop
  endfacet
  facet normal 0.669843 0.742502 -0
    outer loop
      vertex 177.819 30.4087 0
      vertex 177.819 30.4087 10
      vertex 178.379 29.9035 10
    endloop
  endfacet
  facet normal 0.996968 0.0778121 0
    outer loop
      vertex 177.803 30.6137 0
      vertex 177.819 30.4087 10
      vertex 177.819 30.4087 0
    endloop
  endfacet
  facet normal 0.996968 0.0778121 -0
    outer loop
      vertex 177.803 30.6137 0
      vertex 177.803 30.6137 10
      vertex 177.819 30.4087 10
    endloop
  endfacet
  facet normal 0.780869 -0.624695 0
    outer loop
      vertex 178.003 30.8637 0
      vertex 177.803 30.6137 10
      vertex 177.803 30.6137 0
    endloop
  endfacet
  facet normal 0.780869 -0.624695 0
    outer loop
      vertex 178.003 30.8637 0
      vertex 178.003 30.8637 10
      vertex 177.803 30.6137 10
    endloop
  endfacet
  facet normal 0.264153 -0.964481 0
    outer loop
      vertex 178.137 30.9004 0
      vertex 178.003 30.8637 10
      vertex 178.003 30.8637 0
    endloop
  endfacet
  facet normal 0.264153 -0.964481 0
    outer loop
      vertex 178.137 30.9004 0
      vertex 178.137 30.9004 10
      vertex 178.003 30.8637 10
    endloop
  endfacet
  facet normal 0.967997 0.250962 0
    outer loop
      vertex 177.885 31.8724 0
      vertex 178.137 30.9004 10
      vertex 178.137 30.9004 0
    endloop
  endfacet
  facet normal 0.967997 0.250962 -0
    outer loop
      vertex 177.885 31.8724 0
      vertex 177.885 31.8724 10
      vertex 178.137 30.9004 10
    endloop
  endfacet
  facet normal 0.999901 0.0140633 0
    outer loop
      vertex 177.884 31.9435 0
      vertex 177.885 31.8724 10
      vertex 177.885 31.8724 0
    endloop
  endfacet
  facet normal 0.999901 0.0140633 -0
    outer loop
      vertex 177.884 31.9435 0
      vertex 177.884 31.9435 10
      vertex 177.885 31.8724 10
    endloop
  endfacet
  facet normal 0.974609 -0.223913 0
    outer loop
      vertex 178.017 32.5224 0
      vertex 177.884 31.9435 10
      vertex 177.884 31.9435 0
    endloop
  endfacet
  facet normal 0.974609 -0.223913 0
    outer loop
      vertex 178.017 32.5224 0
      vertex 178.017 32.5224 10
      vertex 177.884 31.9435 10
    endloop
  endfacet
  facet normal 0.981101 0.193494 0
    outer loop
      vertex 177.753 33.861 0
      vertex 178.017 32.5224 10
      vertex 178.017 32.5224 0
    endloop
  endfacet
  facet normal 0.981101 0.193494 -0
    outer loop
      vertex 177.753 33.861 0
      vertex 177.753 33.861 10
      vertex 178.017 32.5224 10
    endloop
  endfacet
  facet normal 0.997192 -0.074883 0
    outer loop
      vertex 177.759 33.9409 0
      vertex 177.753 33.861 10
      vertex 177.753 33.861 0
    endloop
  endfacet
  facet normal 0.997192 -0.074883 0
    outer loop
      vertex 177.759 33.9409 0
      vertex 177.759 33.9409 10
      vertex 177.753 33.861 10
    endloop
  endfacet
  facet normal 0.940724 -0.339173 0
    outer loop
      vertex 178.289 35.4109 0
      vertex 177.759 33.9409 10
      vertex 177.759 33.9409 0
    endloop
  endfacet
  facet normal 0.940724 -0.339173 0
    outer loop
      vertex 178.289 35.4109 0
      vertex 178.289 35.4109 10
      vertex 177.759 33.9409 10
    endloop
  endfacet
  facet normal 0.75741 -0.65294 0
    outer loop
      vertex 178.359 35.4921 0
      vertex 178.289 35.4109 10
      vertex 178.289 35.4109 0
    endloop
  endfacet
  facet normal 0.75741 -0.65294 0
    outer loop
      vertex 178.359 35.4921 0
      vertex 178.359 35.4921 10
      vertex 178.289 35.4109 10
    endloop
  endfacet
  facet normal 0.4741 -0.880471 0
    outer loop
      vertex 179.139 35.9121 0
      vertex 178.359 35.4921 10
      vertex 178.359 35.4921 0
    endloop
  endfacet
  facet normal 0.4741 -0.880471 0
    outer loop
      vertex 179.139 35.9121 0
      vertex 179.139 35.9121 10
      vertex 178.359 35.4921 10
    endloop
  endfacet
  facet normal 0.0487791 -0.99881 0
    outer loop
      vertex 179.268 35.9184 0
      vertex 179.139 35.9121 10
      vertex 179.139 35.9121 0
    endloop
  endfacet
  facet normal 0.0487791 -0.99881 0
    outer loop
      vertex 179.268 35.9184 0
      vertex 179.268 35.9184 10
      vertex 179.139 35.9121 10
    endloop
  endfacet
  facet normal -0.386541 -0.922272 0
    outer loop
      vertex 179.88 35.6619 0
      vertex 179.268 35.9184 10
      vertex 179.268 35.9184 0
    endloop
  endfacet
  facet normal -0.386541 -0.922272 0
    outer loop
      vertex 179.88 35.6619 0
      vertex 179.88 35.6619 10
      vertex 179.268 35.9184 10
    endloop
  endfacet
  facet normal 0.888926 -0.458051 0
    outer loop
      vertex 180.507 36.8787 0
      vertex 179.88 35.6619 10
      vertex 179.88 35.6619 0
    endloop
  endfacet
  facet normal 0.888926 -0.458051 0
    outer loop
      vertex 180.507 36.8787 0
      vertex 180.507 36.8787 10
      vertex 179.88 35.6619 10
    endloop
  endfacet
  facet normal 0.513103 -0.858327 0
    outer loop
      vertex 180.643 36.96 0
      vertex 180.507 36.8787 10
      vertex 180.507 36.8787 0
    endloop
  endfacet
  facet normal 0.513103 -0.858327 0
    outer loop
      vertex 180.643 36.96 0
      vertex 180.643 36.96 10
      vertex 180.507 36.8787 10
    endloop
  endfacet
  facet normal -0.0191286 -0.999817 0
    outer loop
      vertex 181.657 36.9406 0
      vertex 180.643 36.96 10
      vertex 180.643 36.96 0
    endloop
  endfacet
  facet normal -0.0191286 -0.999817 0
    outer loop
      vertex 181.657 36.9406 0
      vertex 181.657 36.9406 10
      vertex 180.643 36.96 10
    endloop
  endfacet
  facet normal 0.43068 -0.902505 0
    outer loop
      vertex 182.666 37.4221 0
      vertex 181.657 36.9406 10
      vertex 181.657 36.9406 0
    endloop
  endfacet
  facet normal 0.43068 -0.902505 0
    outer loop
      vertex 182.666 37.4221 0
      vertex 182.666 37.4221 10
      vertex 181.657 36.9406 10
    endloop
  endfacet
  facet normal 0.98495 -0.172842 0
    outer loop
      vertex 182.872 38.596 0
      vertex 182.666 37.4221 10
      vertex 182.666 37.4221 0
    endloop
  endfacet
  facet normal 0.98495 -0.172842 0
    outer loop
      vertex 182.872 38.596 0
      vertex 182.872 38.596 10
      vertex 182.666 37.4221 10
    endloop
  endfacet
  facet normal 0.83205 -0.5547 0
    outer loop
      vertex 182.939 38.6965 0
      vertex 182.872 38.596 10
      vertex 182.872 38.596 0
    endloop
  endfacet
  facet normal 0.83205 -0.5547 0
    outer loop
      vertex 182.939 38.6965 0
      vertex 182.939 38.6965 10
      vertex 182.872 38.596 10
    endloop
  endfacet
  facet normal 0.53687 -0.843665 0
    outer loop
      vertex 184.793 39.8763 0
      vertex 182.939 38.6965 10
      vertex 182.939 38.6965 0
    endloop
  endfacet
  facet normal 0.53687 -0.843665 0
    outer loop
      vertex 184.793 39.8763 0
      vertex 184.793 39.8763 10
      vertex 182.939 38.6965 10
    endloop
  endfacet
  facet normal 0.730413 -0.683006 0
    outer loop
      vertex 185.79 40.9425 0
      vertex 184.793 39.8763 10
      vertex 184.793 39.8763 0
    endloop
  endfacet
  facet normal 0.730413 -0.683006 0
    outer loop
      vertex 185.79 40.9425 0
      vertex 185.79 40.9425 10
      vertex 184.793 39.8763 10
    endloop
  endfacet
  facet normal 0.598122 -0.801405 0
    outer loop
      vertex 185.831 40.9731 0
      vertex 185.79 40.9425 10
      vertex 185.79 40.9425 0
    endloop
  endfacet
  facet normal 0.598122 -0.801405 0
    outer loop
      vertex 185.831 40.9731 0
      vertex 185.831 40.9731 10
      vertex 185.79 40.9425 10
    endloop
  endfacet
  facet normal 0.461353 -0.887217 0
    outer loop
      vertex 186.801 41.4775 0
      vertex 185.831 40.9731 10
      vertex 185.831 40.9731 0
    endloop
  endfacet
  facet normal 0.461353 -0.887217 0
    outer loop
      vertex 186.801 41.4775 0
      vertex 186.801 41.4775 10
      vertex 185.831 40.9731 10
    endloop
  endfacet
  facet normal 0.796488 -0.604655 0
    outer loop
      vertex 188.261 43.4007 0
      vertex 186.801 41.4775 10
      vertex 186.801 41.4775 0
    endloop
  endfacet
  facet normal 0.796488 -0.604655 0
    outer loop
      vertex 188.261 43.4007 0
      vertex 188.261 43.4007 10
      vertex 186.801 41.4775 10
    endloop
  endfacet
  facet normal 0.719033 -0.694976 0
    outer loop
      vertex 188.287 43.4276 0
      vertex 188.261 43.4007 10
      vertex 188.261 43.4007 0
    endloop
  endfacet
  facet normal 0.719033 -0.694976 0
    outer loop
      vertex 188.287 43.4276 0
      vertex 188.287 43.4276 10
      vertex 188.261 43.4007 10
    endloop
  endfacet
  facet normal 0.620811 -0.78396 0
    outer loop
      vertex 189.36 44.2773 0
      vertex 188.287 43.4276 10
      vertex 188.287 43.4276 0
    endloop
  endfacet
  facet normal 0.620811 -0.78396 0
    outer loop
      vertex 189.36 44.2773 0
      vertex 189.36 44.2773 10
      vertex 188.287 43.4276 10
    endloop
  endfacet
  facet normal -0.118392 0.992967 0
    outer loop
      vertex 189.308 44.2711 0
      vertex 189.36 44.2773 10
      vertex 189.36 44.2773 0
    endloop
  endfacet
  facet normal -0.118392 0.992967 0
    outer loop
      vertex 189.308 44.2711 0
      vertex 189.308 44.2711 10
      vertex 189.36 44.2773 10
    endloop
  endfacet
  facet normal 0.486702 0.873568 0
    outer loop
      vertex 189.154 44.3569 0
      vertex 189.308 44.2711 10
      vertex 189.308 44.2711 0
    endloop
  endfacet
  facet normal 0.486702 0.873568 -0
    outer loop
      vertex 189.154 44.3569 0
      vertex 189.154 44.3569 10
      vertex 189.308 44.2711 10
    endloop
  endfacet
  facet normal 0.999428 0.0338216 0
    outer loop
      vertex 189.15 44.4751 0
      vertex 189.154 44.3569 10
      vertex 189.154 44.3569 0
    endloop
  endfacet
  facet normal 0.999428 0.0338216 -0
    outer loop
      vertex 189.15 44.4751 0
      vertex 189.15 44.4751 10
      vertex 189.154 44.3569 10
    endloop
  endfacet
  facet normal 0.930155 -0.367167 0
    outer loop
      vertex 189.3 44.8551 0
      vertex 189.15 44.4751 10
      vertex 189.15 44.4751 0
    endloop
  endfacet
  facet normal 0.930155 -0.367167 0
    outer loop
      vertex 189.3 44.8551 0
      vertex 189.3 44.8551 10
      vertex 189.15 44.4751 10
    endloop
  endfacet
  facet normal 0.74827 -0.663394 0
    outer loop
      vertex 189.368 44.9318 0
      vertex 189.3 44.8551 10
      vertex 189.3 44.8551 0
    endloop
  endfacet
  facet normal 0.74827 -0.663394 0
    outer loop
      vertex 189.368 44.9318 0
      vertex 189.368 44.9318 10
      vertex 189.3 44.8551 10
    endloop
  endfacet
  facet normal 0.477772 -0.878484 0
    outer loop
      vertex 189.938 45.2418 0
      vertex 189.368 44.9318 10
      vertex 189.368 44.9318 0
    endloop
  endfacet
  facet normal 0.477772 -0.878484 0
    outer loop
      vertex 189.938 45.2418 0
      vertex 189.938 45.2418 10
      vertex 189.368 44.9318 10
    endloop
  endfacet
  facet normal -0.129751 -0.991547 0
    outer loop
      vertex 190.113 45.2189 0
      vertex 189.938 45.2418 10
      vertex 189.938 45.2418 0
    endloop
  endfacet
  facet normal -0.129751 -0.991547 0
    outer loop
      vertex 190.113 45.2189 0
      vertex 190.113 45.2189 10
      vertex 189.938 45.2418 10
    endloop
  endfacet
  facet normal -0.926362 -0.376635 0
    outer loop
      vertex 190.16 45.1033 0
      vertex 190.113 45.2189 10
      vertex 190.113 45.2189 0
    endloop
  endfacet
  facet normal -0.926362 -0.376635 0
    outer loop
      vertex 190.16 45.1033 0
      vertex 190.16 45.1033 10
      vertex 190.113 45.2189 10
    endloop
  endfacet
  facet normal -0.998926 0.0463385 0
    outer loop
      vertex 190.146 44.8015 0
      vertex 190.16 45.1033 10
      vertex 190.16 45.1033 0
    endloop
  endfacet
  facet normal -0.998926 0.0463385 0
    outer loop
      vertex 190.146 44.8015 0
      vertex 190.146 44.8015 10
      vertex 190.16 45.1033 10
    endloop
  endfacet
  facet normal -0.0333148 -0.999445 0
    outer loop
      vertex 190.149 44.8014 0
      vertex 190.146 44.8015 10
      vertex 190.146 44.8015 0
    endloop
  endfacet
  facet normal -0.0333148 -0.999445 0
    outer loop
      vertex 190.149 44.8014 0
      vertex 190.149 44.8014 10
      vertex 190.146 44.8015 10
    endloop
  endfacet
  facet normal 0.320139 -0.947371 0
    outer loop
      vertex 191.507 45.2603 0
      vertex 190.149 44.8014 10
      vertex 190.149 44.8014 0
    endloop
  endfacet
  facet normal 0.320139 -0.947371 0
    outer loop
      vertex 191.507 45.2603 0
      vertex 191.507 45.2603 10
      vertex 190.149 44.8014 10
    endloop
  endfacet
  facet normal 0.722435 -0.691439 0
    outer loop
      vertex 191.594 45.3512 0
      vertex 191.507 45.2603 10
      vertex 191.507 45.2603 0
    endloop
  endfacet
  facet normal 0.722435 -0.691439 0
    outer loop
      vertex 191.594 45.3512 0
      vertex 191.594 45.3512 10
      vertex 191.507 45.2603 10
    endloop
  endfacet
  facet normal 0.726363 0.687311 0
    outer loop
      vertex 191.55 45.3977 0
      vertex 191.594 45.3512 10
      vertex 191.594 45.3512 0
    endloop
  endfacet
  facet normal 0.726363 0.687311 -0
    outer loop
      vertex 191.55 45.3977 0
      vertex 191.55 45.3977 10
      vertex 191.594 45.3512 10
    endloop
  endfacet
  facet normal 0.992877 0.119145 0
    outer loop
      vertex 191.529 45.5727 0
      vertex 191.55 45.3977 10
      vertex 191.55 45.3977 0
    endloop
  endfacet
  facet normal 0.992877 0.119145 -0
    outer loop
      vertex 191.529 45.5727 0
      vertex 191.529 45.5727 10
      vertex 191.55 45.3977 10
    endloop
  endfacet
  facet normal 0.344405 -0.938821 0
    outer loop
      vertex 191.713 45.6402 0
      vertex 191.529 45.5727 10
      vertex 191.529 45.5727 0
    endloop
  endfacet
  facet normal 0.344405 -0.938821 0
    outer loop
      vertex 191.713 45.6402 0
      vertex 191.713 45.6402 10
      vertex 191.529 45.5727 10
    endloop
  endfacet
  facet normal -0.35371 -0.935355 0
    outer loop
      vertex 191.919 45.5623 0
      vertex 191.713 45.6402 10
      vertex 191.713 45.6402 0
    endloop
  endfacet
  facet normal -0.35371 -0.935355 0
    outer loop
      vertex 191.919 45.5623 0
      vertex 191.919 45.5623 10
      vertex 191.713 45.6402 10
    endloop
  endfacet
  facet normal 0.660651 -0.750693 0
    outer loop
      vertex 192.661 46.2153 0
      vertex 191.919 45.5623 10
      vertex 191.919 45.5623 0
    endloop
  endfacet
  facet normal 0.660651 -0.750693 0
    outer loop
      vertex 192.661 46.2153 0
      vertex 192.661 46.2153 10
      vertex 191.919 45.5623 10
    endloop
  endfacet
  facet normal 0.876342 -0.48169 0
    outer loop
      vertex 193.122 47.054 0
      vertex 192.661 46.2153 10
      vertex 192.661 46.2153 0
    endloop
  endfacet
  facet normal 0.876342 -0.48169 0
    outer loop
      vertex 193.122 47.054 0
      vertex 193.122 47.054 10
      vertex 192.661 46.2153 10
    endloop
  endfacet
  facet normal 0.979995 0.19902 0
    outer loop
      vertex 192.873 48.2801 0
      vertex 193.122 47.054 10
      vertex 193.122 47.054 0
    endloop
  endfacet
  facet normal 0.979995 0.19902 -0
    outer loop
      vertex 192.873 48.2801 0
      vertex 192.873 48.2801 10
      vertex 193.122 47.054 10
    endloop
  endfacet
  facet normal 0.968099 -0.250567 0
    outer loop
      vertex 192.906 48.4076 0
      vertex 192.873 48.2801 10
      vertex 192.873 48.2801 0
    endloop
  endfacet
  facet normal 0.968099 -0.250567 0
    outer loop
      vertex 192.906 48.4076 0
      vertex 192.906 48.4076 10
      vertex 192.873 48.2801 10
    endloop
  endfacet
  facet normal 0.759257 -0.650791 0
    outer loop
      vertex 193.446 49.0376 0
      vertex 192.906 48.4076 10
      vertex 192.906 48.4076 0
    endloop
  endfacet
  facet normal 0.759257 -0.650791 0
    outer loop
      vertex 193.446 49.0376 0
      vertex 193.446 49.0376 10
      vertex 192.906 48.4076 10
    endloop
  endfacet
  facet normal 0.542525 -0.840039 0
    outer loop
      vertex 193.518 49.0841 0
      vertex 193.446 49.0376 10
      vertex 193.446 49.0376 0
    endloop
  endfacet
  facet normal 0.542525 -0.840039 0
    outer loop
      vertex 193.518 49.0841 0
      vertex 193.518 49.0841 10
      vertex 193.446 49.0376 10
    endloop
  endfacet
  facet normal 0.277657 -0.96068 0
    outer loop
      vertex 194.775 49.4474 0
      vertex 193.518 49.0841 10
      vertex 193.518 49.0841 0
    endloop
  endfacet
  facet normal 0.277657 -0.96068 0
    outer loop
      vertex 194.775 49.4474 0
      vertex 194.775 49.4474 10
      vertex 193.518 49.0841 10
    endloop
  endfacet
  facet normal 0.564157 -0.825668 0
    outer loop
      vertex 195.331 49.8273 0
      vertex 194.775 49.4474 10
      vertex 194.775 49.4474 0
    endloop
  endfacet
  facet normal 0.564157 -0.825668 0
    outer loop
      vertex 195.331 49.8273 0
      vertex 195.331 49.8273 10
      vertex 194.775 49.4474 10
    endloop
  endfacet
  facet normal 0.833472 -0.552562 0
    outer loop
      vertex 195.725 50.4216 0
      vertex 195.331 49.8273 10
      vertex 195.331 49.8273 0
    endloop
  endfacet
  facet normal 0.833472 -0.552562 0
    outer loop
      vertex 195.725 50.4216 0
      vertex 195.725 50.4216 10
      vertex 195.331 49.8273 10
    endloop
  endfacet
  facet normal 0.780691 0.624917 0
    outer loop
      vertex 195.313 50.9363 0
      vertex 195.725 50.4216 10
      vertex 195.725 50.4216 0
    endloop
  endfacet
  facet normal 0.780691 0.624917 -0
    outer loop
      vertex 195.313 50.9363 0
      vertex 195.313 50.9363 10
      vertex 195.725 50.4216 10
    endloop
  endfacet
  facet normal 0.99897 0.0453819 0
    outer loop
      vertex 195.305 51.1124 0
      vertex 195.313 50.9363 10
      vertex 195.313 50.9363 0
    endloop
  endfacet
  facet normal 0.99897 0.0453819 -0
    outer loop
      vertex 195.305 51.1124 0
      vertex 195.305 51.1124 10
      vertex 195.313 50.9363 10
    endloop
  endfacet
  facet normal 0.102062 -0.994778 0
    outer loop
      vertex 195.536 51.1361 0
      vertex 195.305 51.1124 10
      vertex 195.305 51.1124 0
    endloop
  endfacet
  facet normal 0.102062 -0.994778 0
    outer loop
      vertex 195.536 51.1361 0
      vertex 195.536 51.1361 10
      vertex 195.305 51.1124 10
    endloop
  endfacet
  facet normal -0.70717 -0.707044 0
    outer loop
      vertex 196.096 50.576 0
      vertex 195.536 51.1361 10
      vertex 195.536 51.1361 0
    endloop
  endfacet
  facet normal -0.70717 -0.707044 0
    outer loop
      vertex 196.096 50.576 0
      vertex 196.096 50.576 10
      vertex 195.536 51.1361 10
    endloop
  endfacet
  facet normal -0.968502 -0.249006 0
    outer loop
      vertex 196.134 50.4282 0
      vertex 196.096 50.576 10
      vertex 196.096 50.576 0
    endloop
  endfacet
  facet normal -0.968502 -0.249006 0
    outer loop
      vertex 196.134 50.4282 0
      vertex 196.134 50.4282 10
      vertex 196.096 50.576 10
    endloop
  endfacet
  facet normal -0.960588 0.277977 0
    outer loop
      vertex 195.85 49.4468 0
      vertex 196.134 50.4282 10
      vertex 196.134 50.4282 0
    endloop
  endfacet
  facet normal -0.960588 0.277977 0
    outer loop
      vertex 195.85 49.4468 0
      vertex 195.85 49.4468 10
      vertex 196.134 50.4282 10
    endloop
  endfacet
  facet normal -0.681183 -0.732113 0
    outer loop
      vertex 195.896 49.404 0
      vertex 195.85 49.4468 10
      vertex 195.85 49.4468 0
    endloop
  endfacet
  facet normal -0.681183 -0.732113 0
    outer loop
      vertex 195.896 49.404 0
      vertex 195.896 49.404 10
      vertex 195.85 49.4468 10
    endloop
  endfacet
  facet normal -0.103255 -0.994655 0
    outer loop
      vertex 196.001 49.3931 0
      vertex 195.896 49.404 10
      vertex 195.896 49.404 0
    endloop
  endfacet
  facet normal -0.103255 -0.994655 0
    outer loop
      vertex 196.001 49.3931 0
      vertex 196.001 49.3931 10
      vertex 195.896 49.404 10
    endloop
  endfacet
  facet normal 0.978234 -0.207504 0
    outer loop
      vertex 196.043 49.5911 0
      vertex 196.001 49.3931 10
      vertex 196.001 49.3931 0
    endloop
  endfacet
  facet normal 0.978234 -0.207504 0
    outer loop
      vertex 196.043 49.5911 0
      vertex 196.043 49.5911 10
      vertex 196.001 49.3931 10
    endloop
  endfacet
  facet normal 0.669591 -0.74273 0
    outer loop
      vertex 196.174 49.7092 0
      vertex 196.043 49.5911 10
      vertex 196.043 49.5911 0
    endloop
  endfacet
  facet normal 0.669591 -0.74273 0
    outer loop
      vertex 196.174 49.7092 0
      vertex 196.174 49.7092 10
      vertex 196.043 49.5911 10
    endloop
  endfacet
  facet normal -0.325822 -0.945431 0
    outer loop
      vertex 196.295 49.6675 0
      vertex 196.174 49.7092 10
      vertex 196.174 49.7092 0
    endloop
  endfacet
  facet normal -0.325822 -0.945431 0
    outer loop
      vertex 196.295 49.6675 0
      vertex 196.295 49.6675 10
      vertex 196.174 49.7092 10
    endloop
  endfacet
  facet normal -0.697471 -0.716613 0
    outer loop
      vertex 196.587 49.3833 0
      vertex 196.295 49.6675 10
      vertex 196.295 49.6675 0
    endloop
  endfacet
  facet normal -0.697471 -0.716613 0
    outer loop
      vertex 196.587 49.3833 0
      vertex 196.587 49.3833 10
      vertex 196.295 49.6675 10
    endloop
  endfacet
  facet normal 0.344034 -0.938957 0
    outer loop
      vertex 196.712 49.4291 0
      vertex 196.587 49.3833 10
      vertex 196.587 49.3833 0
    endloop
  endfacet
  facet normal 0.344034 -0.938957 0
    outer loop
      vertex 196.712 49.4291 0
      vertex 196.712 49.4291 10
      vertex 196.587 49.3833 10
    endloop
  endfacet
  facet normal 0.993241 -0.116072 0
    outer loop
      vertex 196.831 50.4474 0
      vertex 196.712 49.4291 10
      vertex 196.712 49.4291 0
    endloop
  endfacet
  facet normal 0.993241 -0.116072 0
    outer loop
      vertex 196.831 50.4474 0
      vertex 196.831 50.4474 10
      vertex 196.712 49.4291 10
    endloop
  endfacet
  facet normal 0.734022 -0.679126 0
    outer loop
      vertex 196.951 50.5771 0
      vertex 196.831 50.4474 10
      vertex 196.831 50.4474 0
    endloop
  endfacet
  facet normal 0.734022 -0.679126 0
    outer loop
      vertex 196.951 50.5771 0
      vertex 196.951 50.5771 10
      vertex 196.831 50.4474 10
    endloop
  endfacet
  facet normal -0.347065 -0.937841 0
    outer loop
      vertex 197.098 50.5227 0
      vertex 196.951 50.5771 10
      vertex 196.951 50.5771 0
    endloop
  endfacet
  facet normal -0.347065 -0.937841 0
    outer loop
      vertex 197.098 50.5227 0
      vertex 197.098 50.5227 10
      vertex 196.951 50.5771 10
    endloop
  endfacet
  facet normal -0.786318 -0.617822 0
    outer loop
      vertex 197.318 50.2427 0
      vertex 197.098 50.5227 10
      vertex 197.098 50.5227 0
    endloop
  endfacet
  facet normal -0.786318 -0.617822 0
    outer loop
      vertex 197.318 50.2427 0
      vertex 197.318 50.2427 10
      vertex 197.098 50.5227 10
    endloop
  endfacet
  facet normal -0.9436 -0.331088 0
    outer loop
      vertex 197.35 50.1515 0
      vertex 197.318 50.2427 10
      vertex 197.318 50.2427 0
    endloop
  endfacet
  facet normal -0.9436 -0.331088 0
    outer loop
      vertex 197.35 50.1515 0
      vertex 197.35 50.1515 10
      vertex 197.318 50.2427 10
    endloop
  endfacet
  facet normal -0.999956 -0.00935063 0
    outer loop
      vertex 197.355 49.6168 0
      vertex 197.35 50.1515 10
      vertex 197.35 50.1515 0
    endloop
  endfacet
  facet normal -0.999956 -0.00935063 0
    outer loop
      vertex 197.355 49.6168 0
      vertex 197.355 49.6168 10
      vertex 197.35 50.1515 10
    endloop
  endfacet
  facet normal 0.260614 -0.965443 0
    outer loop
      vertex 197.528 49.6635 0
      vertex 197.355 49.6168 10
      vertex 197.355 49.6168 0
    endloop
  endfacet
  facet normal 0.260614 -0.965443 0
    outer loop
      vertex 197.528 49.6635 0
      vertex 197.528 49.6635 10
      vertex 197.355 49.6168 10
    endloop
  endfacet
  facet normal -0.453147 -0.891436 0
    outer loop
      vertex 197.636 49.6086 0
      vertex 197.528 49.6635 10
      vertex 197.528 49.6635 0
    endloop
  endfacet
  facet normal -0.453147 -0.891436 0
    outer loop
      vertex 197.636 49.6086 0
      vertex 197.636 49.6086 10
      vertex 197.528 49.6635 10
    endloop
  endfacet
  facet normal 0.950984 0.30924 0
    outer loop
      vertex 197.527 49.9438 0
      vertex 197.636 49.6086 10
      vertex 197.636 49.6086 0
    endloop
  endfacet
  facet normal 0.950984 0.30924 -0
    outer loop
      vertex 197.527 49.9438 0
      vertex 197.527 49.9438 10
      vertex 197.636 49.6086 10
    endloop
  endfacet
  facet normal 0.80813 -0.589004 0
    outer loop
      vertex 197.67 50.14 0
      vertex 197.527 49.9438 10
      vertex 197.527 49.9438 0
    endloop
  endfacet
  facet normal 0.80813 -0.589004 0
    outer loop
      vertex 197.67 50.14 0
      vertex 197.67 50.14 10
      vertex 197.527 49.9438 10
    endloop
  endfacet
  facet normal 0 -1 0
    outer loop
      vertex 197.699 50.14 0
      vertex 197.67 50.14 10
      vertex 197.67 50.14 0
    endloop
  endfacet
  facet normal 0 -1 0
    outer loop
      vertex 197.699 50.14 0
      vertex 197.699 50.14 10
      vertex 197.67 50.14 10
    endloop
  endfacet
  facet normal 0.998094 -0.0617155 0
    outer loop
      vertex 197.739 50.7869 0
      vertex 197.699 50.14 10
      vertex 197.699 50.14 0
    endloop
  endfacet
  facet normal 0.998094 -0.0617155 0
    outer loop
      vertex 197.739 50.7869 0
      vertex 197.739 50.7869 10
      vertex 197.699 50.14 10
    endloop
  endfacet
  facet normal 0.972553 0.232681 0
    outer loop
      vertex 197.304 52.6051 0
      vertex 197.739 50.7869 10
      vertex 197.739 50.7869 0
    endloop
  endfacet
  facet normal 0.972553 0.232681 -0
    outer loop
      vertex 197.304 52.6051 0
      vertex 197.304 52.6051 10
      vertex 197.739 50.7869 10
    endloop
  endfacet
  facet normal 0.994052 -0.10891 0
    outer loop
      vertex 197.315 52.7055 0
      vertex 197.304 52.6051 10
      vertex 197.304 52.6051 0
    endloop
  endfacet
  facet normal 0.994052 -0.10891 0
    outer loop
      vertex 197.315 52.7055 0
      vertex 197.315 52.7055 10
      vertex 197.304 52.6051 10
    endloop
  endfacet
  facet normal 0.899878 -0.436142 0
    outer loop
      vertex 197.413 52.9077 0
      vertex 197.315 52.7055 10
      vertex 197.315 52.7055 0
    endloop
  endfacet
  facet normal 0.899878 -0.436142 0
    outer loop
      vertex 197.413 52.9077 0
      vertex 197.413 52.9077 10
      vertex 197.315 52.7055 10
    endloop
  endfacet
  facet normal 0.353892 0.935286 0
    outer loop
      vertex 197.117 53.0197 0
      vertex 197.413 52.9077 10
      vertex 197.413 52.9077 0
    endloop
  endfacet
  facet normal 0.353892 0.935286 -0
    outer loop
      vertex 197.117 53.0197 0
      vertex 197.117 53.0197 10
      vertex 197.413 52.9077 10
    endloop
  endfacet
  facet normal 0.840543 0.541745 0
    outer loop
      vertex 197.02 53.1702 0
      vertex 197.117 53.0197 10
      vertex 197.117 53.0197 0
    endloop
  endfacet
  facet normal 0.840543 0.541745 -0
    outer loop
      vertex 197.02 53.1702 0
      vertex 197.02 53.1702 10
      vertex 197.117 53.0197 10
    endloop
  endfacet
  facet normal 0.997601 -0.0692244 0
    outer loop
      vertex 197.047 53.5593 0
      vertex 197.02 53.1702 10
      vertex 197.02 53.1702 0
    endloop
  endfacet
  facet normal 0.997601 -0.0692244 0
    outer loop
      vertex 197.047 53.5593 0
      vertex 197.047 53.5593 10
      vertex 197.02 53.1702 10
    endloop
  endfacet
  facet normal 0.831808 0.555064 0
    outer loop
      vertex 196.695 54.0868 0
      vertex 197.047 53.5593 10
      vertex 197.047 53.5593 0
    endloop
  endfacet
  facet normal 0.831808 0.555064 -0
    outer loop
      vertex 196.695 54.0868 0
      vertex 196.695 54.0868 10
      vertex 197.047 53.5593 10
    endloop
  endfacet
  facet normal 0.984324 0.176372 0
    outer loop
      vertex 196.674 54.204 0
      vertex 196.695 54.0868 10
      vertex 196.695 54.0868 0
    endloop
  endfacet
  facet normal 0.984324 0.176372 -0
    outer loop
      vertex 196.674 54.204 0
      vertex 196.674 54.204 10
      vertex 196.695 54.0868 10
    endloop
  endfacet
  facet normal 0.973929 -0.226851 0
    outer loop
      vertex 196.985 55.5392 0
      vertex 196.674 54.204 10
      vertex 196.674 54.204 0
    endloop
  endfacet
  facet normal 0.973929 -0.226851 0
    outer loop
      vertex 196.985 55.5392 0
      vertex 196.985 55.5392 10
      vertex 196.674 54.204 10
    endloop
  endfacet
  facet normal 0.376476 0.926427 0
    outer loop
      vertex 195.824 56.011 0
      vertex 196.985 55.5392 10
      vertex 196.985 55.5392 0
    endloop
  endfacet
  facet normal 0.376476 0.926427 -0
    outer loop
      vertex 195.824 56.011 0
      vertex 195.824 56.011 10
      vertex 196.985 55.5392 10
    endloop
  endfacet
  facet normal 0.601217 0.799086 0
    outer loop
      vertex 195.761 56.0584 0
      vertex 195.824 56.011 10
      vertex 195.824 56.011 0
    endloop
  endfacet
  facet normal 0.601217 0.799086 -0
    outer loop
      vertex 195.761 56.0584 0
      vertex 195.761 56.0584 10
      vertex 195.824 56.011 10
    endloop
  endfacet
  facet normal 0.791782 0.610803 0
    outer loop
      vertex 195.491 56.4084 0
      vertex 195.761 56.0584 10
      vertex 195.761 56.0584 0
    endloop
  endfacet
  facet normal 0.791782 0.610803 -0
    outer loop
      vertex 195.491 56.4084 0
      vertex 195.491 56.4084 10
      vertex 195.761 56.0584 10
    endloop
  endfacet
  facet normal 0.990908 0.134543 0
    outer loop
      vertex 195.471 56.5557 0
      vertex 195.491 56.4084 10
      vertex 195.491 56.4084 0
    endloop
  endfacet
  facet normal 0.990908 0.134543 -0
    outer loop
      vertex 195.471 56.5557 0
      vertex 195.471 56.5557 10
      vertex 195.491 56.4084 10
    endloop
  endfacet
  facet normal 0.928477 -0.371391 0
    outer loop
      vertex 195.751 57.2557 0
      vertex 195.471 56.5557 10
      vertex 195.471 56.5557 0
    endloop
  endfacet
  facet normal 0.928477 -0.371391 0
    outer loop
      vertex 195.751 57.2557 0
      vertex 195.751 57.2557 10
      vertex 195.471 56.5557 10
    endloop
  endfacet
  facet normal 0.466446 -0.88455 0
    outer loop
      vertex 195.923 57.3464 0
      vertex 195.751 57.2557 10
      vertex 195.751 57.2557 0
    endloop
  endfacet
  facet normal 0.466446 -0.88455 0
    outer loop
      vertex 195.923 57.3464 0
      vertex 195.923 57.3464 10
      vertex 195.751 57.2557 10
    endloop
  endfacet
  facet normal -0.217365 -0.97609 0
    outer loop
      vertex 196.161 57.2934 0
      vertex 195.923 57.3464 10
      vertex 195.923 57.3464 0
    endloop
  endfacet
  facet normal -0.217365 -0.97609 0
    outer loop
      vertex 196.161 57.2934 0
      vertex 196.161 57.2934 10
      vertex 195.923 57.3464 10
    endloop
  endfacet
  facet normal 0.919855 -0.392259 0
    outer loop
      vertex 196.432 57.9289 0
      vertex 196.161 57.2934 10
      vertex 196.161 57.2934 0
    endloop
  endfacet
  facet normal 0.919855 -0.392259 0
    outer loop
      vertex 196.432 57.9289 0
      vertex 196.432 57.9289 10
      vertex 196.161 57.2934 10
    endloop
  endfacet
  facet normal 0.534214 -0.845349 0
    outer loop
      vertex 196.576 58.0199 0
      vertex 196.432 57.9289 10
      vertex 196.432 57.9289 0
    endloop
  endfacet
  facet normal 0.534214 -0.845349 0
    outer loop
      vertex 196.576 58.0199 0
      vertex 196.576 58.0199 10
      vertex 196.432 57.9289 10
    endloop
  endfacet
  facet normal -0.0375235 -0.999296 0
    outer loop
      vertex 197.327 57.9917 0
      vertex 196.576 58.0199 10
      vertex 196.576 58.0199 0
    endloop
  endfacet
  facet normal -0.0375235 -0.999296 0
    outer loop
      vertex 197.327 57.9917 0
      vertex 197.327 57.9917 10
      vertex 196.576 58.0199 10
    endloop
  endfacet
  facet normal 0.555733 -0.831361 0
    outer loop
      vertex 197.457 58.0786 0
      vertex 197.327 57.9917 10
      vertex 197.327 57.9917 0
    endloop
  endfacet
  facet normal 0.555733 -0.831361 0
    outer loop
      vertex 197.457 58.0786 0
      vertex 197.457 58.0786 10
      vertex 197.327 57.9917 10
    endloop
  endfacet
  facet normal 0.812692 0.582693 0
    outer loop
      vertex 197.173 58.4747 0
      vertex 197.457 58.0786 10
      vertex 197.457 58.0786 0
    endloop
  endfacet
  facet normal 0.812692 0.582693 -0
    outer loop
      vertex 197.173 58.4747 0
      vertex 197.173 58.4747 10
      vertex 197.457 58.0786 10
    endloop
  endfacet
  facet normal 0.199121 0.979975 0
    outer loop
      vertex 196.64 58.583 0
      vertex 197.173 58.4747 10
      vertex 197.173 58.4747 0
    endloop
  endfacet
  facet normal 0.199121 0.979975 -0
    outer loop
      vertex 196.64 58.583 0
      vertex 196.64 58.583 10
      vertex 197.173 58.4747 10
    endloop
  endfacet
  facet normal 0.456091 0.889933 0
    outer loop
      vertex 196.568 58.6199 0
      vertex 196.64 58.583 10
      vertex 196.64 58.583 0
    endloop
  endfacet
  facet normal 0.456091 0.889933 -0
    outer loop
      vertex 196.568 58.6199 0
      vertex 196.568 58.6199 10
      vertex 196.64 58.583 10
    endloop
  endfacet
  facet normal 0.678936 0.734198 0
    outer loop
      vertex 195.638 59.4799 0
      vertex 196.568 58.6199 10
      vertex 196.568 58.6199 0
    endloop
  endfacet
  facet normal 0.678936 0.734198 -0
    outer loop
      vertex 195.638 59.4799 0
      vertex 195.638 59.4799 10
      vertex 196.568 58.6199 10
    endloop
  endfacet
  facet normal 0.992981 0.118273 0
    outer loop
      vertex 195.615 59.673 0
      vertex 195.638 59.4799 10
      vertex 195.638 59.4799 0
    endloop
  endfacet
  facet normal 0.992981 0.118273 -0
    outer loop
      vertex 195.615 59.673 0
      vertex 195.615 59.673 10
      vertex 195.638 59.4799 10
    endloop
  endfacet
  facet normal 0.833046 -0.553203 0
    outer loop
      vertex 196.366 60.8039 0
      vertex 195.615 59.673 10
      vertex 195.615 59.673 0
    endloop
  endfacet
  facet normal 0.833046 -0.553203 0
    outer loop
      vertex 196.366 60.8039 0
      vertex 196.366 60.8039 10
      vertex 195.615 59.673 10
    endloop
  endfacet
  facet normal 0.956355 0.292207 0
    outer loop
      vertex 196.237 61.2261 0
      vertex 196.366 60.8039 10
      vertex 196.366 60.8039 0
    endloop
  endfacet
  facet normal 0.956355 0.292207 -0
    outer loop
      vertex 196.237 61.2261 0
      vertex 196.237 61.2261 10
      vertex 196.366 60.8039 10
    endloop
  endfacet
  facet normal 0.946214 -0.323541 0
    outer loop
      vertex 196.294 61.3928 0
      vertex 196.237 61.2261 10
      vertex 196.237 61.2261 0
    endloop
  endfacet
  facet normal 0.946214 -0.323541 0
    outer loop
      vertex 196.294 61.3928 0
      vertex 196.294 61.3928 10
      vertex 196.237 61.2261 10
    endloop
  endfacet
  facet normal -0.0208994 -0.999782 0
    outer loop
      vertex 196.471 61.3891 0
      vertex 196.294 61.3928 10
      vertex 196.294 61.3928 0
    endloop
  endfacet
  facet normal -0.0208994 -0.999782 0
    outer loop
      vertex 196.471 61.3891 0
      vertex 196.471 61.3891 10
      vertex 196.294 61.3928 10
    endloop
  endfacet
  facet normal -0.607291 -0.79448 0
    outer loop
      vertex 197.451 60.64 0
      vertex 196.471 61.3891 10
      vertex 196.471 61.3891 0
    endloop
  endfacet
  facet normal -0.607291 -0.79448 0
    outer loop
      vertex 197.451 60.64 0
      vertex 197.451 60.64 10
      vertex 196.471 61.3891 10
    endloop
  endfacet
  facet normal 0 -1 0
    outer loop
      vertex 197.504 60.64 0
      vertex 197.451 60.64 10
      vertex 197.451 60.64 0
    endloop
  endfacet
  facet normal 0 -1 0
    outer loop
      vertex 197.504 60.64 0
      vertex 197.504 60.64 10
      vertex 197.451 60.64 10
    endloop
  endfacet
  facet normal 0.951077 0.308954 0
    outer loop
      vertex 197.467 60.7539 0
      vertex 197.504 60.64 10
      vertex 197.504 60.64 0
    endloop
  endfacet
  facet normal 0.951077 0.308954 -0
    outer loop
      vertex 197.467 60.7539 0
      vertex 197.467 60.7539 10
      vertex 197.504 60.64 10
    endloop
  endfacet
  facet normal 0.909688 -0.415292 0
    outer loop
      vertex 197.551 60.9379 0
      vertex 197.467 60.7539 10
      vertex 197.467 60.7539 0
    endloop
  endfacet
  facet normal 0.909688 -0.415292 0
    outer loop
      vertex 197.551 60.9379 0
      vertex 197.551 60.9379 10
      vertex 197.467 60.7539 10
    endloop
  endfacet
  facet normal 0.393919 -0.919145 0
    outer loop
      vertex 197.761 61.0279 0
      vertex 197.551 60.9379 10
      vertex 197.551 60.9379 0
    endloop
  endfacet
  facet normal 0.393919 -0.919145 0
    outer loop
      vertex 197.761 61.0279 0
      vertex 197.761 61.0279 10
      vertex 197.551 60.9379 10
    endloop
  endfacet
  facet normal -0.348793 -0.9372 0
    outer loop
      vertex 197.955 60.9557 0
      vertex 197.761 61.0279 10
      vertex 197.761 61.0279 0
    endloop
  endfacet
  facet normal -0.348793 -0.9372 0
    outer loop
      vertex 197.955 60.9557 0
      vertex 197.955 60.9557 10
      vertex 197.761 61.0279 10
    endloop
  endfacet
  facet normal -0.898996 -0.437956 0
    outer loop
      vertex 198.306 60.2352 0
      vertex 197.955 60.9557 10
      vertex 197.955 60.9557 0
    endloop
  endfacet
  facet normal -0.898996 -0.437956 0
    outer loop
      vertex 198.306 60.2352 0
      vertex 198.306 60.2352 10
      vertex 197.955 60.9557 10
    endloop
  endfacet
  facet normal -0.521203 -0.853432 0
    outer loop
      vertex 198.642 60.03 0
      vertex 198.306 60.2352 10
      vertex 198.306 60.2352 0
    endloop
  endfacet
  facet normal -0.521203 -0.853432 0
    outer loop
      vertex 198.642 60.03 0
      vertex 198.642 60.03 10
      vertex 198.306 60.2352 10
    endloop
  endfacet
  facet normal 0 -1 0
    outer loop
      vertex 198.909 60.03 0
      vertex 198.642 60.03 10
      vertex 198.642 60.03 0
    endloop
  endfacet
  facet normal 0 -1 0
    outer loop
      vertex 198.909 60.03 0
      vertex 198.909 60.03 10
      vertex 198.642 60.03 10
    endloop
  endfacet
  facet normal 0.887491 -0.460824 0
    outer loop
      vertex 199.137 60.4691 0
      vertex 198.909 60.03 10
      vertex 198.909 60.03 0
    endloop
  endfacet
  facet normal 0.887491 -0.460824 0
    outer loop
      vertex 199.137 60.4691 0
      vertex 199.137 60.4691 10
      vertex 198.909 60.03 10
    endloop
  endfacet
  facet normal 0.446761 -0.894654 0
    outer loop
      vertex 199.295 60.548 0
      vertex 199.137 60.4691 10
      vertex 199.137 60.4691 0
    endloop
  endfacet
  facet normal 0.446761 -0.894654 0
    outer loop
      vertex 199.295 60.548 0
      vertex 199.295 60.548 10
      vertex 199.137 60.4691 10
    endloop
  endfacet
  facet normal -0.595985 -0.802996 0
    outer loop
      vertex 199.404 60.4671 0
      vertex 199.295 60.548 10
      vertex 199.295 60.548 0
    endloop
  endfacet
  facet normal -0.595985 -0.802996 0
    outer loop
      vertex 199.404 60.4671 0
      vertex 199.404 60.4671 10
      vertex 199.295 60.548 10
    endloop
  endfacet
  facet normal -0.894427 -0.447214 0
    outer loop
      vertex 199.744 59.7871 0
      vertex 199.404 60.4671 10
      vertex 199.404 60.4671 0
    endloop
  endfacet
  facet normal -0.894427 -0.447214 0
    outer loop
      vertex 199.744 59.7871 0
      vertex 199.744 59.7871 10
      vertex 199.404 60.4671 10
    endloop
  endfacet
  facet normal -0.971185 -0.238328 0
    outer loop
      vertex 199.76 59.7219 0
      vertex 199.744 59.7871 10
      vertex 199.744 59.7871 0
    endloop
  endfacet
  facet normal -0.971185 -0.238328 0
    outer loop
      vertex 199.76 59.7219 0
      vertex 199.76 59.7219 10
      vertex 199.744 59.7871 10
    endloop
  endfacet
  facet normal -0.999917 -0.0128838 0
    outer loop
      vertex 199.779 58.2473 0
      vertex 199.76 59.7219 10
      vertex 199.76 59.7219 0
    endloop
  endfacet
  facet normal -0.999917 -0.0128838 0
    outer loop
      vertex 199.779 58.2473 0
      vertex 199.779 58.2473 10
      vertex 199.76 59.7219 10
    endloop
  endfacet
  facet normal -0.244295 -0.969701 0
    outer loop
      vertex 200.998 57.9402 0
      vertex 199.779 58.2473 10
      vertex 199.779 58.2473 0
    endloop
  endfacet
  facet normal -0.244295 -0.969701 0
    outer loop
      vertex 200.998 57.9402 0
      vertex 200.998 57.9402 10
      vertex 199.779 58.2473 10
    endloop
  endfacet
  facet normal 0.00839171 -0.999965 0
    outer loop
      vertex 204.549 57.97 0
      vertex 200.998 57.9402 10
      vertex 200.998 57.9402 0
    endloop
  endfacet
  facet normal 0.00839171 -0.999965 0
    outer loop
      vertex 204.549 57.97 0
      vertex 204.549 57.97 10
      vertex 200.998 57.9402 10
    endloop
  endfacet
  facet normal -0.257272 -0.966339 0
    outer loop
      vertex 204.626 57.9495 0
      vertex 204.549 57.97 10
      vertex 204.549 57.97 0
    endloop
  endfacet
  facet normal -0.257272 -0.966339 0
    outer loop
      vertex 204.626 57.9495 0
      vertex 204.626 57.9495 10
      vertex 204.549 57.97 10
    endloop
  endfacet
  facet normal -0.505012 -0.863112 0
    outer loop
      vertex 205.566 57.3995 0
      vertex 204.626 57.9495 10
      vertex 204.626 57.9495 0
    endloop
  endfacet
  facet normal -0.505012 -0.863112 0
    outer loop
      vertex 205.566 57.3995 0
      vertex 205.566 57.3995 10
      vertex 204.626 57.9495 10
    endloop
  endfacet
  facet normal -0.924541 -0.381083 0
    outer loop
      vertex 205.635 57.2321 0
      vertex 205.566 57.3995 10
      vertex 205.566 57.3995 0
    endloop
  endfacet
  facet normal -0.924541 -0.381083 0
    outer loop
      vertex 205.635 57.2321 0
      vertex 205.635 57.2321 10
      vertex 205.566 57.3995 10
    endloop
  endfacet
  facet normal -0.967617 0.252422 0
    outer loop
      vertex 205.575 57.0021 0
      vertex 205.635 57.2321 10
      vertex 205.635 57.2321 0
    endloop
  endfacet
  facet normal -0.967617 0.252422 0
    outer loop
      vertex 205.575 57.0021 0
      vertex 205.575 57.0021 10
      vertex 205.635 57.2321 10
    endloop
  endfacet
  facet normal -0.543599 0.839345 0
    outer loop
      vertex 205.405 56.892 0
      vertex 205.575 57.0021 10
      vertex 205.575 57.0021 0
    endloop
  endfacet
  facet normal -0.543599 0.839345 0
    outer loop
      vertex 205.405 56.892 0
      vertex 205.405 56.892 10
      vertex 205.575 57.0021 10
    endloop
  endfacet
  facet normal 0.16468 0.986347 0
    outer loop
      vertex 205.063 56.9491 0
      vertex 205.405 56.892 10
      vertex 205.405 56.892 0
    endloop
  endfacet
  facet normal 0.16468 0.986347 -0
    outer loop
      vertex 205.063 56.9491 0
      vertex 205.063 56.9491 10
      vertex 205.405 56.892 10
    endloop
  endfacet
  facet normal -0.972135 0.234421 0
    outer loop
      vertex 204.816 55.9248 0
      vertex 205.063 56.9491 10
      vertex 205.063 56.9491 0
    endloop
  endfacet
  facet normal -0.972135 0.234421 0
    outer loop
      vertex 204.816 55.9248 0
      vertex 204.816 55.9248 10
      vertex 205.063 56.9491 10
    endloop
  endfacet
  facet normal -0.753828 0.657072 0
    outer loop
      vertex 204.725 55.8204 0
      vertex 204.816 55.9248 10
      vertex 204.816 55.9248 0
    endloop
  endfacet
  facet normal -0.753828 0.657072 0
    outer loop
      vertex 204.725 55.8204 0
      vertex 204.725 55.8204 10
      vertex 204.816 55.9248 10
    endloop
  endfacet
  facet normal -0.366668 0.930352 0
    outer loop
      vertex 204.453 55.7132 0
      vertex 204.725 55.8204 10
      vertex 204.725 55.8204 0
    endloop
  endfacet
  facet normal -0.366668 0.930352 0
    outer loop
      vertex 204.453 55.7132 0
      vertex 204.453 55.7132 10
      vertex 204.725 55.8204 10
    endloop
  endfacet
  facet normal -0.916895 0.399129 0
    outer loop
      vertex 204.308 55.3801 0
      vertex 204.453 55.7132 10
      vertex 204.453 55.7132 0
    endloop
  endfacet
  facet normal -0.916895 0.399129 0
    outer loop
      vertex 204.308 55.3801 0
      vertex 204.308 55.3801 10
      vertex 204.453 55.7132 10
    endloop
  endfacet
  facet normal -0.632681 0.774413 0
    outer loop
      vertex 204.202 55.2935 0
      vertex 204.308 55.3801 10
      vertex 204.308 55.3801 0
    endloop
  endfacet
  facet normal -0.632681 0.774413 0
    outer loop
      vertex 204.202 55.2935 0
      vertex 204.202 55.2935 10
      vertex 204.308 55.3801 10
    endloop
  endfacet
  facet normal -0.216122 0.976366 0
    outer loop
      vertex 203.153 55.0613 0
      vertex 204.202 55.2935 10
      vertex 204.202 55.2935 0
    endloop
  endfacet
  facet normal -0.216122 0.976366 0
    outer loop
      vertex 203.153 55.0613 0
      vertex 203.153 55.0613 10
      vertex 204.202 55.2935 10
    endloop
  endfacet
  facet normal -0.940103 0.340891 0
    outer loop
      vertex 202.748 53.9444 0
      vertex 203.153 55.0613 10
      vertex 203.153 55.0613 0
    endloop
  endfacet
  facet normal -0.940103 0.340891 0
    outer loop
      vertex 202.748 53.9444 0
      vertex 202.748 53.9444 10
      vertex 203.153 55.0613 10
    endloop
  endfacet
  facet normal -0.962086 -0.272748 0
    outer loop
      vertex 203 53.0555 0
      vertex 202.748 53.9444 10
      vertex 202.748 53.9444 0
    endloop
  endfacet
  facet normal -0.962086 -0.272748 0
    outer loop
      vertex 203 53.0555 0
      vertex 203 53.0555 10
      vertex 202.748 53.9444 10
    endloop
  endfacet
  facet normal 0.645979 -0.763355 0
    outer loop
      vertex 203.093 53.1342 0
      vertex 203 53.0555 10
      vertex 203 53.0555 0
    endloop
  endfacet
  facet normal 0.645979 -0.763355 0
    outer loop
      vertex 203.093 53.1342 0
      vertex 203.093 53.1342 10
      vertex 203 53.0555 10
    endloop
  endfacet
  facet normal -0.103151 -0.994666 0
    outer loop
      vertex 203.309 53.1118 0
      vertex 203.093 53.1342 10
      vertex 203.093 53.1342 0
    endloop
  endfacet
  facet normal -0.103151 -0.994666 0
    outer loop
      vertex 203.309 53.1118 0
      vertex 203.309 53.1118 10
      vertex 203.093 53.1342 10
    endloop
  endfacet
  facet normal -0.791162 -0.611607 0
    outer loop
      vertex 203.636 52.6888 0
      vertex 203.309 53.1118 10
      vertex 203.309 53.1118 0
    endloop
  endfacet
  facet normal -0.791162 -0.611607 0
    outer loop
      vertex 203.636 52.6888 0
      vertex 203.636 52.6888 10
      vertex 203.309 53.1118 10
    endloop
  endfacet
  facet normal 0.528028 -0.849227 0
    outer loop
      vertex 203.76 52.7659 0
      vertex 203.636 52.6888 10
      vertex 203.636 52.6888 0
    endloop
  endfacet
  facet normal 0.528028 -0.849227 0
    outer loop
      vertex 203.76 52.7659 0
      vertex 203.76 52.7659 10
      vertex 203.636 52.6888 10
    endloop
  endfacet
  facet normal 0.967457 -0.253037 0
    outer loop
      vertex 204.145 54.2379 0
      vertex 203.76 52.7659 10
      vertex 203.76 52.7659 0
    endloop
  endfacet
  facet normal 0.967457 -0.253037 0
    outer loop
      vertex 204.145 54.2379 0
      vertex 204.145 54.2379 10
      vertex 203.76 52.7659 10
    endloop
  endfacet
  facet normal 0.611634 -0.791141 0
    outer loop
      vertex 204.29 54.35 0
      vertex 204.145 54.2379 10
      vertex 204.145 54.2379 0
    endloop
  endfacet
  facet normal 0.611634 -0.791141 0
    outer loop
      vertex 204.29 54.35 0
      vertex 204.29 54.35 10
      vertex 204.145 54.2379 10
    endloop
  endfacet
  facet normal 0 -1 0
    outer loop
      vertex 204.99 54.35 0
      vertex 204.29 54.35 10
      vertex 204.29 54.35 0
    endloop
  endfacet
  facet normal 0 -1 0
    outer loop
      vertex 204.99 54.35 0
      vertex 204.99 54.35 10
      vertex 204.29 54.35 10
    endloop
  endfacet
  facet normal -0.641611 -0.76703 0
    outer loop
      vertex 205.138 54.2262 0
      vertex 204.99 54.35 10
      vertex 204.99 54.35 0
    endloop
  endfacet
  facet normal -0.641611 -0.76703 0
    outer loop
      vertex 205.138 54.2262 0
      vertex 205.138 54.2262 10
      vertex 204.99 54.35 10
    endloop
  endfacet
  facet normal -0.984667 -0.174446 0
    outer loop
      vertex 205.814 50.4105 0
      vertex 205.138 54.2262 10
      vertex 205.138 54.2262 0
    endloop
  endfacet
  facet normal -0.984667 -0.174446 0
    outer loop
      vertex 205.814 50.4105 0
      vertex 205.814 50.4105 10
      vertex 205.138 54.2262 10
    endloop
  endfacet
  facet normal 0.746936 -0.664896 0
    outer loop
      vertex 205.938 50.5498 0
      vertex 205.814 50.4105 10
      vertex 205.814 50.4105 0
    endloop
  endfacet
  facet normal 0.746936 -0.664896 0
    outer loop
      vertex 205.938 50.5498 0
      vertex 205.938 50.5498 10
      vertex 205.814 50.4105 10
    endloop
  endfacet
  facet normal 0.0812835 -0.996691 0
    outer loop
      vertex 206.144 50.5666 0
      vertex 205.938 50.5498 10
      vertex 205.938 50.5498 0
    endloop
  endfacet
  facet normal 0.0812835 -0.996691 0
    outer loop
      vertex 206.144 50.5666 0
      vertex 206.144 50.5666 10
      vertex 205.938 50.5498 10
    endloop
  endfacet
  facet normal -0.628197 -0.778054 0
    outer loop
      vertex 206.455 50.3155 0
      vertex 206.144 50.5666 10
      vertex 206.144 50.5666 0
    endloop
  endfacet
  facet normal -0.628197 -0.778054 0
    outer loop
      vertex 206.455 50.3155 0
      vertex 206.455 50.3155 10
      vertex 206.144 50.5666 10
    endloop
  endfacet
  facet normal 0.73844 -0.674319 0
    outer loop
      vertex 206.842 50.7393 0
      vertex 206.455 50.3155 10
      vertex 206.455 50.3155 0
    endloop
  endfacet
  facet normal 0.73844 -0.674319 0
    outer loop
      vertex 206.842 50.7393 0
      vertex 206.842 50.7393 10
      vertex 206.455 50.3155 10
    endloop
  endfacet
  facet normal 0.990716 0.135949 0
    outer loop
      vertex 206.691 51.8397 0
      vertex 206.842 50.7393 10
      vertex 206.842 50.7393 0
    endloop
  endfacet
  facet normal 0.990716 0.135949 -0
    outer loop
      vertex 206.691 51.8397 0
      vertex 206.691 51.8397 10
      vertex 206.842 50.7393 10
    endloop
  endfacet
  facet normal 0.998603 -0.0528361 0
    outer loop
      vertex 206.694 51.8964 0
      vertex 206.691 51.8397 10
      vertex 206.691 51.8397 0
    endloop
  endfacet
  facet normal 0.998603 -0.0528361 0
    outer loop
      vertex 206.694 51.8964 0
      vertex 206.694 51.8964 10
      vertex 206.691 51.8397 10
    endloop
  endfacet
  facet normal 0.970143 -0.242536 0
    outer loop
      vertex 206.884 52.6564 0
      vertex 206.694 51.8964 10
      vertex 206.694 51.8964 0
    endloop
  endfacet
  facet normal 0.970143 -0.242536 0
    outer loop
      vertex 206.884 52.6564 0
      vertex 206.884 52.6564 10
      vertex 206.694 51.8964 10
    endloop
  endfacet
  facet normal 0.61409 -0.789236 0
    outer loop
      vertex 207.03 52.77 0
      vertex 206.884 52.6564 10
      vertex 206.884 52.6564 0
    endloop
  endfacet
  facet normal 0.61409 -0.789236 0
    outer loop
      vertex 207.03 52.77 0
      vertex 207.03 52.77 10
      vertex 206.884 52.6564 10
    endloop
  endfacet
  facet normal 0 -1 0
    outer loop
      vertex 207.261 52.77 0
      vertex 207.03 52.77 10
      vertex 207.03 52.77 0
    endloop
  endfacet
  facet normal 0 -1 0
    outer loop
      vertex 207.261 52.77 0
      vertex 207.261 52.77 10
      vertex 207.03 52.77 10
    endloop
  endfacet
  facet normal 0.88045 -0.474139 0
    outer loop
      vertex 207.333 52.9037 0
      vertex 207.261 52.77 10
      vertex 207.261 52.77 0
    endloop
  endfacet
  facet normal 0.88045 -0.474139 0
    outer loop
      vertex 207.333 52.9037 0
      vertex 207.333 52.9037 10
      vertex 207.261 52.77 10
    endloop
  endfacet
  facet normal 0.99657 -0.0827547 0
    outer loop
      vertex 207.439 54.1802 0
      vertex 207.333 52.9037 10
      vertex 207.333 52.9037 0
    endloop
  endfacet
  facet normal 0.99657 -0.0827547 0
    outer loop
      vertex 207.439 54.1802 0
      vertex 207.439 54.1802 10
      vertex 207.333 52.9037 10
    endloop
  endfacet
  facet normal 0.977501 0.210933 0
    outer loop
      vertex 207.243 55.0885 0
      vertex 207.439 54.1802 10
      vertex 207.439 54.1802 0
    endloop
  endfacet
  facet normal 0.977501 0.210933 -0
    outer loop
      vertex 207.243 55.0885 0
      vertex 207.243 55.0885 10
      vertex 207.439 54.1802 10
    endloop
  endfacet
  facet normal 0.913063 -0.40782 0
    outer loop
      vertex 207.315 55.2497 0
      vertex 207.243 55.0885 10
      vertex 207.243 55.0885 0
    endloop
  endfacet
  facet normal 0.913063 -0.40782 0
    outer loop
      vertex 207.315 55.2497 0
      vertex 207.315 55.2497 10
      vertex 207.243 55.0885 10
    endloop
  endfacet
  facet normal 0.135896 -0.990723 0
    outer loop
      vertex 207.428 55.2652 0
      vertex 207.315 55.2497 10
      vertex 207.315 55.2497 0
    endloop
  endfacet
  facet normal 0.135896 -0.990723 0
    outer loop
      vertex 207.428 55.2652 0
      vertex 207.428 55.2652 10
      vertex 207.315 55.2497 10
    endloop
  endfacet
  facet normal -0.250254 -0.96818 0
    outer loop
      vertex 209.085 54.8369 0
      vertex 207.428 55.2652 10
      vertex 207.428 55.2652 0
    endloop
  endfacet
  facet normal -0.250254 -0.96818 0
    outer loop
      vertex 209.085 54.8369 0
      vertex 209.085 54.8369 10
      vertex 207.428 55.2652 10
    endloop
  endfacet
  facet normal 0.912073 -0.410028 0
    outer loop
      vertex 210.285 57.5062 0
      vertex 209.085 54.8369 10
      vertex 209.085 54.8369 0
    endloop
  endfacet
  facet normal 0.912073 -0.410028 0
    outer loop
      vertex 210.285 57.5062 0
      vertex 210.285 57.5062 10
      vertex 209.085 54.8369 10
    endloop
  endfacet
  facet normal 0.770086 0.637941 0
    outer loop
      vertex 210.005 57.8442 0
      vertex 210.285 57.5062 10
      vertex 210.285 57.5062 0
    endloop
  endfacet
  facet normal 0.770086 0.637941 -0
    outer loop
      vertex 210.005 57.8442 0
      vertex 210.005 57.8442 10
      vertex 210.285 57.5062 10
    endloop
  endfacet
  facet normal 0.973045 0.230615 0
    outer loop
      vertex 209.974 57.975 0
      vertex 210.005 57.8442 10
      vertex 210.005 57.8442 0
    endloop
  endfacet
  facet normal 0.973045 0.230615 -0
    outer loop
      vertex 209.974 57.975 0
      vertex 209.974 57.975 10
      vertex 210.005 57.8442 10
    endloop
  endfacet
  facet normal 0.972387 -0.233373 0
    outer loop
      vertex 210.034 58.225 0
      vertex 209.974 57.975 10
      vertex 209.974 57.975 0
    endloop
  endfacet
  facet normal 0.972387 -0.233373 0
    outer loop
      vertex 210.034 58.225 0
      vertex 210.034 58.225 10
      vertex 209.974 57.975 10
    endloop
  endfacet
  facet normal 0.909435 -0.415845 0
    outer loop
      vertex 210.057 58.2753 0
      vertex 210.034 58.225 10
      vertex 210.034 58.225 0
    endloop
  endfacet
  facet normal 0.909435 -0.415845 0
    outer loop
      vertex 210.057 58.2753 0
      vertex 210.057 58.2753 10
      vertex 210.034 58.225 10
    endloop
  endfacet
  facet normal 0.822774 -0.568368 0
    outer loop
      vertex 211.248 59.9994 0
      vertex 210.057 58.2753 10
      vertex 210.057 58.2753 0
    endloop
  endfacet
  facet normal 0.822774 -0.568368 0
    outer loop
      vertex 211.248 59.9994 0
      vertex 211.248 59.9994 10
      vertex 210.057 58.2753 10
    endloop
  endfacet
  facet normal 0.969994 0.243127 0
    outer loop
      vertex 211.074 60.6936 0
      vertex 211.248 59.9994 10
      vertex 211.248 59.9994 0
    endloop
  endfacet
  facet normal 0.969994 0.243127 -0
    outer loop
      vertex 211.074 60.6936 0
      vertex 211.074 60.6936 10
      vertex 211.248 59.9994 10
    endloop
  endfacet
  facet normal 0.999673 -0.0255671 0
    outer loop
      vertex 211.076 60.7718 0
      vertex 211.074 60.6936 10
      vertex 211.074 60.6936 0
    endloop
  endfacet
  facet normal 0.999673 -0.0255671 0
    outer loop
      vertex 211.076 60.7718 0
      vertex 211.076 60.7718 10
      vertex 211.074 60.6936 10
    endloop
  endfacet
  facet normal 0.960346 -0.27881 0
    outer loop
      vertex 211.256 61.3918 0
      vertex 211.076 60.7718 10
      vertex 211.076 60.7718 0
    endloop
  endfacet
  facet normal 0.960346 -0.27881 0
    outer loop
      vertex 211.256 61.3918 0
      vertex 211.256 61.3918 10
      vertex 211.076 60.7718 10
    endloop
  endfacet
  facet normal 0.813394 -0.581712 0
    outer loop
      vertex 211.314 61.4729 0
      vertex 211.256 61.3918 10
      vertex 211.256 61.3918 0
    endloop
  endfacet
  facet normal 0.813394 -0.581712 0
    outer loop
      vertex 211.314 61.4729 0
      vertex 211.314 61.4729 10
      vertex 211.256 61.3918 10
    endloop
  endfacet
  facet normal 0.572996 -0.819558 0
    outer loop
      vertex 213.674 63.1229 0
      vertex 211.314 61.4729 10
      vertex 211.314 61.4729 0
    endloop
  endfacet
  facet normal 0.572996 -0.819558 0
    outer loop
      vertex 213.674 63.1229 0
      vertex 213.674 63.1229 10
      vertex 211.314 61.4729 10
    endloop
  endfacet
  facet normal 0.368885 -0.929475 0
    outer loop
      vertex 213.738 63.1483 0
      vertex 213.674 63.1229 10
      vertex 213.674 63.1229 0
    endloop
  endfacet
  facet normal 0.368885 -0.929475 0
    outer loop
      vertex 213.738 63.1483 0
      vertex 213.738 63.1483 10
      vertex 213.674 63.1229 10
    endloop
  endfacet
  facet normal 0.14834 -0.988936 0
    outer loop
      vertex 214.938 63.3283 0
      vertex 213.738 63.1483 10
      vertex 213.738 63.1483 0
    endloop
  endfacet
  facet normal 0.14834 -0.988936 0
    outer loop
      vertex 214.938 63.3283 0
      vertex 214.938 63.3283 10
      vertex 213.738 63.1483 10
    endloop
  endfacet
  facet normal -0.215936 -0.976407 0
    outer loop
      vertex 215.042 63.3053 0
      vertex 214.938 63.3283 10
      vertex 214.938 63.3283 0
    endloop
  endfacet
  facet normal -0.215936 -0.976407 0
    outer loop
      vertex 215.042 63.3053 0
      vertex 215.042 63.3053 10
      vertex 214.938 63.3283 10
    endloop
  endfacet
  facet normal -0.55004 -0.835139 0
    outer loop
      vertex 215.448 63.0379 0
      vertex 215.042 63.3053 10
      vertex 215.042 63.3053 0
    endloop
  endfacet
  facet normal -0.55004 -0.835139 0
    outer loop
      vertex 215.448 63.0379 0
      vertex 215.448 63.0379 10
      vertex 215.042 63.3053 10
    endloop
  endfacet
  facet normal 0.92103 0.389491 0
    outer loop
      vertex 215.142 63.7615 0
      vertex 215.448 63.0379 10
      vertex 215.448 63.0379 0
    endloop
  endfacet
  facet normal 0.92103 0.389491 -0
    outer loop
      vertex 215.142 63.7615 0
      vertex 215.142 63.7615 10
      vertex 215.448 63.0379 10
    endloop
  endfacet
  facet normal 0.974037 -0.226389 0
    outer loop
      vertex 215.182 63.9336 0
      vertex 215.142 63.7615 10
      vertex 215.142 63.7615 0
    endloop
  endfacet
  facet normal 0.974037 -0.226389 0
    outer loop
      vertex 215.182 63.9336 0
      vertex 215.182 63.9336 10
      vertex 215.142 63.7615 10
    endloop
  endfacet
  facet normal 0.653256 -0.757137 0
    outer loop
      vertex 216.147 64.7662 0
      vertex 215.182 63.9336 10
      vertex 215.182 63.9336 0
    endloop
  endfacet
  facet normal 0.653256 -0.757137 0
    outer loop
      vertex 216.147 64.7662 0
      vertex 216.147 64.7662 10
      vertex 215.182 63.9336 10
    endloop
  endfacet
  facet normal 0.999092 0.0426052 0
    outer loop
      vertex 216.123 65.329 0
      vertex 216.147 64.7662 10
      vertex 216.147 64.7662 0
    endloop
  endfacet
  facet normal 0.999092 0.0426052 -0
    outer loop
      vertex 216.123 65.329 0
      vertex 216.123 65.329 10
      vertex 216.147 64.7662 10
    endloop
  endfacet
  facet normal 0.568694 0.822549 0
    outer loop
      vertex 215.659 65.6498 0
      vertex 216.123 65.329 10
      vertex 216.123 65.329 0
    endloop
  endfacet
  facet normal 0.568694 0.822549 -0
    outer loop
      vertex 215.659 65.6498 0
      vertex 215.659 65.6498 10
      vertex 216.123 65.329 10
    endloop
  endfacet
  facet normal 0.213867 0.976863 0
    outer loop
      vertex 214.666 65.8672 0
      vertex 215.659 65.6498 10
      vertex 215.659 65.6498 0
    endloop
  endfacet
  facet normal 0.213867 0.976863 -0
    outer loop
      vertex 214.666 65.8672 0
      vertex 214.666 65.8672 10
      vertex 215.659 65.6498 10
    endloop
  endfacet
  facet normal -0.166653 0.986016 0
    outer loop
      vertex 213.985 65.7521 0
      vertex 214.666 65.8672 10
      vertex 214.666 65.8672 0
    endloop
  endfacet
  facet normal -0.166653 0.986016 0
    outer loop
      vertex 213.985 65.7521 0
      vertex 213.985 65.7521 10
      vertex 214.666 65.8672 10
    endloop
  endfacet
  facet normal 0.44449 0.895784 0
    outer loop
      vertex 213.827 65.8305 0
      vertex 213.985 65.7521 10
      vertex 213.985 65.7521 0
    endloop
  endfacet
  facet normal 0.44449 0.895784 -0
    outer loop
      vertex 213.827 65.8305 0
      vertex 213.827 65.8305 10
      vertex 213.985 65.7521 10
    endloop
  endfacet
  facet normal 0.996666 -0.081591 0
    outer loop
      vertex 213.84 65.9893 0
      vertex 213.827 65.8305 10
      vertex 213.827 65.8305 0
    endloop
  endfacet
  facet normal 0.996666 -0.081591 0
    outer loop
      vertex 213.84 65.9893 0
      vertex 213.84 65.9893 10
      vertex 213.827 65.8305 10
    endloop
  endfacet
  facet normal 0.803349 -0.595509 0
    outer loop
      vertex 214.448 66.8095 0
      vertex 213.84 65.9893 10
      vertex 213.84 65.9893 0
    endloop
  endfacet
  facet normal 0.803349 -0.595509 0
    outer loop
      vertex 214.448 66.8095 0
      vertex 214.448 66.8095 10
      vertex 213.84 65.9893 10
    endloop
  endfacet
  facet normal 0.915683 0.401901 0
    outer loop
      vertex 214.226 67.3153 0
      vertex 214.448 66.8095 10
      vertex 214.448 66.8095 0
    endloop
  endfacet
  facet normal 0.915683 0.401901 -0
    outer loop
      vertex 214.226 67.3153 0
      vertex 214.226 67.3153 10
      vertex 214.448 66.8095 10
    endloop
  endfacet
  facet normal -0.447214 0.894427 0
    outer loop
      vertex 213.707 67.0558 0
      vertex 214.226 67.3153 10
      vertex 214.226 67.3153 0
    endloop
  endfacet
  facet normal -0.447214 0.894427 0
    outer loop
      vertex 213.707 67.0558 0
      vertex 213.707 67.0558 10
      vertex 214.226 67.3153 10
    endloop
  endfacet
  facet normal 0.163847 0.986486 0
    outer loop
      vertex 213.533 67.0847 0
      vertex 213.707 67.0558 10
      vertex 213.707 67.0558 0
    endloop
  endfacet
  facet normal 0.163847 0.986486 -0
    outer loop
      vertex 213.533 67.0847 0
      vertex 213.533 67.0847 10
      vertex 213.707 67.0558 10
    endloop
  endfacet
  facet normal 0.90987 0.414893 0
    outer loop
      vertex 213.49 67.179 0
      vertex 213.533 67.0847 10
      vertex 213.533 67.0847 0
    endloop
  endfacet
  facet normal 0.90987 0.414893 -0
    outer loop
      vertex 213.49 67.179 0
      vertex 213.49 67.179 10
      vertex 213.533 67.0847 10
    endloop
  endfacet
  facet normal 0.997334 0.0729756 0
    outer loop
      vertex 213.46 67.589 0
      vertex 213.49 67.179 10
      vertex 213.49 67.179 0
    endloop
  endfacet
  facet normal 0.997334 0.0729756 -0
    outer loop
      vertex 213.46 67.589 0
      vertex 213.46 67.589 10
      vertex 213.49 67.179 10
    endloop
  endfacet
  facet normal 0.917415 -0.397932 0
    outer loop
      vertex 213.515 67.7158 0
      vertex 213.46 67.589 10
      vertex 213.46 67.589 0
    endloop
  endfacet
  facet normal 0.917415 -0.397932 0
    outer loop
      vertex 213.515 67.7158 0
      vertex 213.515 67.7158 10
      vertex 213.46 67.589 10
    endloop
  endfacet
  facet normal 0.635604 -0.772015 0
    outer loop
      vertex 213.751 67.9101 0
      vertex 213.515 67.7158 10
      vertex 213.515 67.7158 0
    endloop
  endfacet
  facet normal 0.635604 -0.772015 0
    outer loop
      vertex 213.751 67.9101 0
      vertex 213.751 67.9101 10
      vertex 213.515 67.7158 10
    endloop
  endfacet
  facet normal 0.391141 0.920331 0
    outer loop
      vertex 213.747 67.9118 0
      vertex 213.751 67.9101 10
      vertex 213.751 67.9101 0
    endloop
  endfacet
  facet normal 0.391141 0.920331 -0
    outer loop
      vertex 213.747 67.9118 0
      vertex 213.747 67.9118 10
      vertex 213.751 67.9101 10
    endloop
  endfacet
  facet normal 0.75559 0.655044 0
    outer loop
      vertex 213.375 68.3409 0
      vertex 213.747 67.9118 10
      vertex 213.747 67.9118 0
    endloop
  endfacet
  facet normal 0.75559 0.655044 -0
    outer loop
      vertex 213.375 68.3409 0
      vertex 213.375 68.3409 10
      vertex 213.747 67.9118 10
    endloop
  endfacet
  facet normal -0.474744 0.880124 0
    outer loop
      vertex 212.365 67.7961 0
      vertex 213.375 68.3409 10
      vertex 213.375 68.3409 0
    endloop
  endfacet
  facet normal -0.474744 0.880124 0
    outer loop
      vertex 212.365 67.7961 0
      vertex 212.365 67.7961 10
      vertex 213.375 68.3409 10
    endloop
  endfacet
  facet normal -0.838155 0.545432 0
    outer loop
      vertex 212.106 67.3981 0
      vertex 212.365 67.7961 10
      vertex 212.365 67.7961 0
    endloop
  endfacet
  facet normal -0.838155 0.545432 0
    outer loop
      vertex 212.106 67.3981 0
      vertex 212.106 67.3981 10
      vertex 212.365 67.7961 10
    endloop
  endfacet
  facet normal -0.362998 0.93179 0
    outer loop
      vertex 211.943 67.3346 0
      vertex 212.106 67.3981 10
      vertex 212.106 67.3981 0
    endloop
  endfacet
  facet normal -0.362998 0.93179 0
    outer loop
      vertex 211.943 67.3346 0
      vertex 211.943 67.3346 10
      vertex 212.106 67.3981 10
    endloop
  endfacet
  facet normal 0.24584 0.969311 0
    outer loop
      vertex 210.563 67.6846 0
      vertex 211.943 67.3346 10
      vertex 211.943 67.3346 0
    endloop
  endfacet
  facet normal 0.24584 0.969311 -0
    outer loop
      vertex 210.563 67.6846 0
      vertex 210.563 67.6846 10
      vertex 211.943 67.3346 10
    endloop
  endfacet
  facet normal 0.508326 0.861165 0
    outer loop
      vertex 210.491 67.7271 0
      vertex 210.563 67.6846 10
      vertex 210.563 67.6846 0
    endloop
  endfacet
  facet normal 0.508326 0.861165 -0
    outer loop
      vertex 210.491 67.7271 0
      vertex 210.491 67.7271 10
      vertex 210.563 67.6846 10
    endloop
  endfacet
  facet normal 0.726957 0.686683 0
    outer loop
      vertex 210.254 67.978 0
      vertex 210.491 67.7271 10
      vertex 210.491 67.7271 0
    endloop
  endfacet
  facet normal 0.726957 0.686683 -0
    outer loop
      vertex 210.254 67.978 0
      vertex 210.254 67.978 10
      vertex 210.491 67.7271 10
    endloop
  endfacet
  facet normal -0.612585 0.790404 0
    outer loop
      vertex 208.452 66.5814 0
      vertex 210.254 67.978 10
      vertex 210.254 67.978 0
    endloop
  endfacet
  facet normal -0.612585 0.790404 0
    outer loop
      vertex 208.452 66.5814 0
      vertex 208.452 66.5814 10
      vertex 210.254 67.978 10
    endloop
  endfacet
  facet normal -0.421644 0.906761 0
    outer loop
      vertex 208.392 66.5535 0
      vertex 208.452 66.5814 10
      vertex 208.452 66.5814 0
    endloop
  endfacet
  facet normal -0.421644 0.906761 0
    outer loop
      vertex 208.392 66.5535 0
      vertex 208.392 66.5535 10
      vertex 208.452 66.5814 10
    endloop
  endfacet
  facet normal -0.216012 0.976391 0
    outer loop
      vertex 207.323 66.317 0
      vertex 208.392 66.5535 10
      vertex 208.392 66.5535 0
    endloop
  endfacet
  facet normal -0.216012 0.976391 0
    outer loop
      vertex 207.323 66.317 0
      vertex 207.323 66.317 10
      vertex 208.392 66.5535 10
    endloop
  endfacet
  facet normal -0.843976 0.536381 0
    outer loop
      vertex 206.867 65.5995 0
      vertex 207.323 66.317 10
      vertex 207.323 66.317 0
    endloop
  endfacet
  facet normal -0.843976 0.536381 0
    outer loop
      vertex 206.867 65.5995 0
      vertex 206.867 65.5995 10
      vertex 207.323 66.317 10
    endloop
  endfacet
  facet normal -0.697538 0.716548 0
    outer loop
      vertex 206.818 65.5518 0
      vertex 206.867 65.5995 10
      vertex 206.867 65.5995 0
    endloop
  endfacet
  facet normal -0.697538 0.716548 0
    outer loop
      vertex 206.818 65.5518 0
      vertex 206.818 65.5518 10
      vertex 206.867 65.5995 10
    endloop
  endfacet
  facet normal -0.519613 0.854402 0
    outer loop
      vertex 206.144 65.1419 0
      vertex 206.818 65.5518 10
      vertex 206.818 65.5518 0
    endloop
  endfacet
  facet normal -0.519613 0.854402 0
    outer loop
      vertex 206.144 65.1419 0
      vertex 206.144 65.1419 10
      vertex 206.818 65.5518 10
    endloop
  endfacet
  facet normal -0.997253 0.0740763 0
    outer loop
      vertex 206.12 64.8188 0
      vertex 206.144 65.1419 10
      vertex 206.144 65.1419 0
    endloop
  endfacet
  facet normal -0.997253 0.0740763 0
    outer loop
      vertex 206.12 64.8188 0
      vertex 206.12 64.8188 10
      vertex 206.144 65.1419 10
    endloop
  endfacet
  facet normal -0.898164 0.439661 0
    outer loop
      vertex 206.071 64.7187 0
      vertex 206.12 64.8188 10
      vertex 206.12 64.8188 0
    endloop
  endfacet
  facet normal -0.898164 0.439661 0
    outer loop
      vertex 206.071 64.7187 0
      vertex 206.071 64.7187 10
      vertex 206.12 64.8188 10
    endloop
  endfacet
  facet normal -0.670286 0.742103 0
    outer loop
      vertex 205.761 64.4387 0
      vertex 206.071 64.7187 10
      vertex 206.071 64.7187 0
    endloop
  endfacet
  facet normal -0.670286 0.742103 0
    outer loop
      vertex 205.761 64.4387 0
      vertex 205.761 64.4387 10
      vertex 206.071 64.7187 10
    endloop
  endfacet
  facet normal -0.484762 0.874646 0
    outer loop
      vertex 205.702 64.406 0
      vertex 205.761 64.4387 10
      vertex 205.761 64.4387 0
    endloop
  endfacet
  facet normal -0.484762 0.874646 0
    outer loop
      vertex 205.702 64.406 0
      vertex 205.702 64.406 10
      vertex 205.761 64.4387 10
    endloop
  endfacet
  facet normal -0.27971 0.960085 0
    outer loop
      vertex 204.432 64.036 0
      vertex 205.702 64.406 10
      vertex 205.702 64.406 0
    endloop
  endfacet
  facet normal -0.27971 0.960085 0
    outer loop
      vertex 204.432 64.036 0
      vertex 204.432 64.036 10
      vertex 205.702 64.406 10
    endloop
  endfacet
  facet normal -0.0959834 0.995383 0
    outer loop
      vertex 204.376 64.0306 0
      vertex 204.432 64.036 10
      vertex 204.432 64.036 0
    endloop
  endfacet
  facet normal -0.0959834 0.995383 0
    outer loop
      vertex 204.376 64.0306 0
      vertex 204.376 64.0306 10
      vertex 204.432 64.036 10
    endloop
  endfacet
  facet normal 0.0917462 0.995782 0
    outer loop
      vertex 203.753 64.088 0
      vertex 204.376 64.0306 10
      vertex 204.376 64.0306 0
    endloop
  endfacet
  facet normal 0.0917462 0.995782 -0
    outer loop
      vertex 203.753 64.088 0
      vertex 203.753 64.088 10
      vertex 204.376 64.0306 10
    endloop
  endfacet
  facet normal -0.984557 0.175064 0
    outer loop
      vertex 203.703 63.8068 0
      vertex 203.753 64.088 10
      vertex 203.753 64.088 0
    endloop
  endfacet
  facet normal -0.984557 0.175064 0
    outer loop
      vertex 203.703 63.8068 0
      vertex 203.703 63.8068 10
      vertex 203.753 64.088 10
    endloop
  endfacet
  facet normal -0.661049 -0.750343 0
    outer loop
      vertex 203.924 63.6121 0
      vertex 203.703 63.8068 10
      vertex 203.703 63.8068 0
    endloop
  endfacet
  facet normal -0.661049 -0.750343 0
    outer loop
      vertex 203.924 63.6121 0
      vertex 203.924 63.6121 10
      vertex 203.703 63.8068 10
    endloop
  endfacet
  facet normal 0.0362287 -0.999344 0
    outer loop
      vertex 204.415 63.6299 0
      vertex 203.924 63.6121 10
      vertex 203.924 63.6121 0
    endloop
  endfacet
  facet normal 0.0362287 -0.999344 0
    outer loop
      vertex 204.415 63.6299 0
      vertex 204.415 63.6299 10
      vertex 203.924 63.6121 10
    endloop
  endfacet
  facet normal -0.502468 -0.864596 0
    outer loop
      vertex 204.553 63.5497 0
      vertex 204.415 63.6299 10
      vertex 204.415 63.6299 0
    endloop
  endfacet
  facet normal -0.502468 -0.864596 0
    outer loop
      vertex 204.553 63.5497 0
      vertex 204.553 63.5497 10
      vertex 204.415 63.6299 10
    endloop
  endfacet
  facet normal -0.885398 -0.464834 0
    outer loop
      vertex 204.763 63.1497 0
      vertex 204.553 63.5497 10
      vertex 204.553 63.5497 0
    endloop
  endfacet
  facet normal -0.885398 -0.464834 0
    outer loop
      vertex 204.763 63.1497 0
      vertex 204.763 63.1497 10
      vertex 204.553 63.5497 10
    endloop
  endfacet
  facet normal -0.987888 -0.155166 0
    outer loop
      vertex 204.778 63.0542 0
      vertex 204.763 63.1497 10
      vertex 204.763 63.1497 0
    endloop
  endfacet
  facet normal -0.987888 -0.155166 0
    outer loop
      vertex 204.778 63.0542 0
      vertex 204.778 63.0542 10
      vertex 204.763 63.1497 10
    endloop
  endfacet
  facet normal -0.985145 0.171723 0
    outer loop
      vertex 204.588 61.9642 0
      vertex 204.778 63.0542 10
      vertex 204.778 63.0542 0
    endloop
  endfacet
  facet normal -0.985145 0.171723 0
    outer loop
      vertex 204.588 61.9642 0
      vertex 204.588 61.9642 10
      vertex 204.778 63.0542 10
    endloop
  endfacet
  facet normal -0.670459 0.741946 0
    outer loop
      vertex 204.451 61.8404 0
      vertex 204.588 61.9642 10
      vertex 204.588 61.9642 0
    endloop
  endfacet
  facet normal -0.670459 0.741946 0
    outer loop
      vertex 204.451 61.8404 0
      vertex 204.451 61.8404 10
      vertex 204.588 61.9642 10
    endloop
  endfacet
  facet normal -0.0747899 0.997199 0
    outer loop
      vertex 201.651 61.6304 0
      vertex 204.451 61.8404 10
      vertex 204.451 61.8404 0
    endloop
  endfacet
  facet normal -0.0747899 0.997199 0
    outer loop
      vertex 201.651 61.6304 0
      vertex 201.651 61.6304 10
      vertex 204.451 61.8404 10
    endloop
  endfacet
  facet normal 0.128915 0.991656 0
    outer loop
      vertex 201.591 61.6382 0
      vertex 201.651 61.6304 10
      vertex 201.651 61.6304 0
    endloop
  endfacet
  facet normal 0.128915 0.991656 -0
    outer loop
      vertex 201.591 61.6382 0
      vertex 201.591 61.6382 10
      vertex 201.651 61.6304 10
    endloop
  endfacet
  facet normal 0.32593 0.945394 0
    outer loop
      vertex 200.771 61.9209 0
      vertex 201.591 61.6382 10
      vertex 201.591 61.6382 0
    endloop
  endfacet
  facet normal 0.32593 0.945394 -0
    outer loop
      vertex 200.771 61.9209 0
      vertex 200.771 61.9209 10
      vertex 201.591 61.6382 10
    endloop
  endfacet
  facet normal -0.342339 0.939576 0
    outer loop
      vertex 199.531 61.4691 0
      vertex 200.771 61.9209 10
      vertex 200.771 61.9209 0
    endloop
  endfacet
  facet normal -0.342339 0.939576 0
    outer loop
      vertex 199.531 61.4691 0
      vertex 199.531 61.4691 10
      vertex 200.771 61.9209 10
    endloop
  endfacet
  facet normal 0.00857111 0.999963 0
    outer loop
      vertex 199.426 61.47 0
      vertex 199.531 61.4691 10
      vertex 199.531 61.4691 0
    endloop
  endfacet
  facet normal 0.00857111 0.999963 -0
    outer loop
      vertex 199.426 61.47 0
      vertex 199.426 61.47 10
      vertex 199.531 61.4691 10
    endloop
  endfacet
  facet normal 0.359619 0.933099 0
    outer loop
      vertex 198.508 61.8238 0
      vertex 199.426 61.47 10
      vertex 199.426 61.47 0
    endloop
  endfacet
  facet normal 0.359619 0.933099 -0
    outer loop
      vertex 198.508 61.8238 0
      vertex 198.508 61.8238 10
      vertex 199.426 61.47 10
    endloop
  endfacet
  facet normal -0.214302 0.976768 0
    outer loop
      vertex 198.142 61.7435 0
      vertex 198.508 61.8238 10
      vertex 198.508 61.8238 0
    endloop
  endfacet
  facet normal -0.214302 0.976768 0
    outer loop
      vertex 198.142 61.7435 0
      vertex 198.142 61.7435 10
      vertex 198.508 61.8238 10
    endloop
  endfacet
  facet normal 0.150165 0.988661 0
    outer loop
      vertex 198.036 61.7596 0
      vertex 198.142 61.7435 10
      vertex 198.142 61.7435 0
    endloop
  endfacet
  facet normal 0.150165 0.988661 -0
    outer loop
      vertex 198.036 61.7596 0
      vertex 198.036 61.7596 10
      vertex 198.142 61.7435 10
    endloop
  endfacet
  facet normal 0.494698 0.869065 0
    outer loop
      vertex 197.386 62.1296 0
      vertex 198.036 61.7596 10
      vertex 198.036 61.7596 0
    endloop
  endfacet
  facet normal 0.494698 0.869065 -0
    outer loop
      vertex 197.386 62.1296 0
      vertex 197.386 62.1296 10
      vertex 198.036 61.7596 10
    endloop
  endfacet
  facet normal 0.725478 0.688245 0
    outer loop
      vertex 197.325 62.1939 0
      vertex 197.386 62.1296 10
      vertex 197.386 62.1296 0
    endloop
  endfacet
  facet normal 0.725478 0.688245 -0
    outer loop
      vertex 197.325 62.1939 0
      vertex 197.325 62.1939 10
      vertex 197.386 62.1296 10
    endloop
  endfacet
  facet normal 0.897789 0.440425 0
    outer loop
      vertex 197.065 62.7239 0
      vertex 197.325 62.1939 10
      vertex 197.325 62.1939 0
    endloop
  endfacet
  facet normal 0.897789 0.440425 -0
    outer loop
      vertex 197.065 62.7239 0
      vertex 197.065 62.7239 10
      vertex 197.325 62.1939 10
    endloop
  endfacet
  facet normal 0.987707 -0.156319 0
    outer loop
      vertex 197.092 62.8945 0
      vertex 197.065 62.7239 10
      vertex 197.065 62.7239 0
    endloop
  endfacet
  facet normal 0.987707 -0.156319 0
    outer loop
      vertex 197.092 62.8945 0
      vertex 197.092 62.8945 10
      vertex 197.065 62.7239 10
    endloop
  endfacet
  facet normal 0.716864 -0.697213 0
    outer loop
      vertex 197.351 63.1608 0
      vertex 197.092 62.8945 10
      vertex 197.092 62.8945 0
    endloop
  endfacet
  facet normal 0.716864 -0.697213 0
    outer loop
      vertex 197.351 63.1608 0
      vertex 197.351 63.1608 10
      vertex 197.092 62.8945 10
    endloop
  endfacet
  facet normal 0.851505 0.524346 0
    outer loop
      vertex 197.092 63.5814 0
      vertex 197.351 63.1608 10
      vertex 197.351 63.1608 0
    endloop
  endfacet
  facet normal 0.851505 0.524346 -0
    outer loop
      vertex 197.092 63.5814 0
      vertex 197.092 63.5814 10
      vertex 197.351 63.1608 10
    endloop
  endfacet
  facet normal 0.975593 0.219587 0
    outer loop
      vertex 197.071 63.6747 0
      vertex 197.092 63.5814 10
      vertex 197.092 63.5814 0
    endloop
  endfacet
  facet normal 0.975593 0.219587 -0
    outer loop
      vertex 197.071 63.6747 0
      vertex 197.071 63.6747 10
      vertex 197.092 63.5814 10
    endloop
  endfacet
  facet normal 0.995211 -0.0977456 0
    outer loop
      vertex 197.18 64.7845 0
      vertex 197.071 63.6747 10
      vertex 197.071 63.6747 0
    endloop
  endfacet
  facet normal 0.995211 -0.0977456 0
    outer loop
      vertex 197.18 64.7845 0
      vertex 197.18 64.7845 10
      vertex 197.071 63.6747 10
    endloop
  endfacet
  facet normal 0.387552 0.921848 0
    outer loop
      vertex 196.837 64.9287 0
      vertex 197.18 64.7845 10
      vertex 197.18 64.7845 0
    endloop
  endfacet
  facet normal 0.387552 0.921848 -0
    outer loop
      vertex 196.837 64.9287 0
      vertex 196.837 64.9287 10
      vertex 197.18 64.7845 10
    endloop
  endfacet
  facet normal -0.347721 0.937598 0
    outer loop
      vertex 196.003 64.6194 0
      vertex 196.837 64.9287 10
      vertex 196.837 64.9287 0
    endloop
  endfacet
  facet normal -0.347721 0.937598 0
    outer loop
      vertex 196.003 64.6194 0
      vertex 196.003 64.6194 10
      vertex 196.837 64.9287 10
    endloop
  endfacet
  facet normal -0.985636 0.168881 0
    outer loop
      vertex 195.675 62.7051 0
      vertex 196.003 64.6194 10
      vertex 196.003 64.6194 0
    endloop
  endfacet
  facet normal -0.985636 0.168881 0
    outer loop
      vertex 195.675 62.7051 0
      vertex 195.675 62.7051 10
      vertex 196.003 64.6194 10
    endloop
  endfacet
  facet normal -0.934141 -0.356905 0
    outer loop
      vertex 196.05 61.7236 0
      vertex 195.675 62.7051 10
      vertex 195.675 62.7051 0
    endloop
  endfacet
  facet normal -0.934141 -0.356905 0
    outer loop
      vertex 196.05 61.7236 0
      vertex 196.05 61.7236 10
      vertex 195.675 62.7051 10
    endloop
  endfacet
  facet normal -0.999845 0.0176184 0
    outer loop
      vertex 196.048 61.6101 0
      vertex 196.05 61.7236 10
      vertex 196.05 61.7236 0
    endloop
  endfacet
  facet normal -0.999845 0.0176184 0
    outer loop
      vertex 196.048 61.6101 0
      vertex 196.048 61.6101 10
      vertex 196.05 61.7236 10
    endloop
  endfacet
  facet normal -0.916898 0.399121 0
    outer loop
      vertex 195.678 60.7601 0
      vertex 196.048 61.6101 10
      vertex 196.048 61.6101 0
    endloop
  endfacet
  facet normal -0.916898 0.399121 0
    outer loop
      vertex 195.678 60.7601 0
      vertex 195.678 60.7601 10
      vertex 196.048 61.6101 10
    endloop
  endfacet
  facet normal -0.563337 0.826227 0
    outer loop
      vertex 195.546 60.6701 0
      vertex 195.678 60.7601 10
      vertex 195.678 60.7601 0
    endloop
  endfacet
  facet normal -0.563337 0.826227 0
    outer loop
      vertex 195.546 60.6701 0
      vertex 195.546 60.6701 10
      vertex 195.678 60.7601 10
    endloop
  endfacet
  facet normal -0.0381887 0.999271 0
    outer loop
      vertex 193.976 60.6101 0
      vertex 195.546 60.6701 10
      vertex 195.546 60.6701 0
    endloop
  endfacet
  facet normal -0.0381887 0.999271 0
    outer loop
      vertex 193.976 60.6101 0
      vertex 193.976 60.6101 10
      vertex 195.546 60.6701 10
    endloop
  endfacet
  facet normal 0.31651 0.948589 0
    outer loop
      vertex 193.875 60.6438 0
      vertex 193.976 60.6101 10
      vertex 193.976 60.6101 0
    endloop
  endfacet
  facet normal 0.31651 0.948589 -0
    outer loop
      vertex 193.875 60.6438 0
      vertex 193.875 60.6438 10
      vertex 193.976 60.6101 10
    endloop
  endfacet
  facet normal 0.632959 0.774185 0
    outer loop
      vertex 193.346 61.0763 0
      vertex 193.875 60.6438 10
      vertex 193.875 60.6438 0
    endloop
  endfacet
  facet normal 0.632959 0.774185 -0
    outer loop
      vertex 193.346 61.0763 0
      vertex 193.346 61.0763 10
      vertex 193.875 60.6438 10
    endloop
  endfacet
  facet normal -0.393632 0.919268 0
    outer loop
      vertex 192.729 60.8121 0
      vertex 193.346 61.0763 10
      vertex 193.346 61.0763 0
    endloop
  endfacet
  facet normal -0.393632 0.919268 0
    outer loop
      vertex 192.729 60.8121 0
      vertex 192.729 60.8121 10
      vertex 193.346 61.0763 10
    endloop
  endfacet
  facet normal -0.0360876 0.999349 0
    outer loop
      vertex 192.621 60.8082 0
      vertex 192.729 60.8121 10
      vertex 192.729 60.8121 0
    endloop
  endfacet
  facet normal -0.0360876 0.999349 0
    outer loop
      vertex 192.621 60.8082 0
      vertex 192.621 60.8082 10
      vertex 192.729 60.8121 10
    endloop
  endfacet
  facet normal 0.325485 0.945547 0
    outer loop
      vertex 191.122 61.3242 0
      vertex 192.621 60.8082 10
      vertex 192.621 60.8082 0
    endloop
  endfacet
  facet normal 0.325485 0.945547 -0
    outer loop
      vertex 191.122 61.3242 0
      vertex 191.122 61.3242 10
      vertex 192.621 60.8082 10
    endloop
  endfacet
  facet normal -0.223429 0.97472 0
    outer loop
      vertex 190.684 61.2238 0
      vertex 191.122 61.3242 10
      vertex 191.122 61.3242 0
    endloop
  endfacet
  facet normal -0.223429 0.97472 0
    outer loop
      vertex 190.684 61.2238 0
      vertex 190.684 61.2238 10
      vertex 191.122 61.3242 10
    endloop
  endfacet
  facet normal 0.309667 0.950845 0
    outer loop
      vertex 190.536 61.272 0
      vertex 190.684 61.2238 10
      vertex 190.684 61.2238 0
    endloop
  endfacet
  facet normal 0.309667 0.950845 -0
    outer loop
      vertex 190.536 61.272 0
      vertex 190.536 61.272 10
      vertex 190.684 61.2238 10
    endloop
  endfacet
  facet normal 0.757754 0.65254 0
    outer loop
      vertex 190.1 61.7783 0
      vertex 190.536 61.272 10
      vertex 190.536 61.272 0
    endloop
  endfacet
  facet normal 0.757754 0.65254 -0
    outer loop
      vertex 190.1 61.7783 0
      vertex 190.1 61.7783 10
      vertex 190.536 61.272 10
    endloop
  endfacet
  facet normal -0.288451 0.957495 0
    outer loop
      vertex 189.463 61.5864 0
      vertex 190.1 61.7783 10
      vertex 190.1 61.7783 0
    endloop
  endfacet
  facet normal -0.288451 0.957495 0
    outer loop
      vertex 189.463 61.5864 0
      vertex 189.463 61.5864 10
      vertex 190.1 61.7783 10
    endloop
  endfacet
  facet normal 0.117664 0.993053 0
    outer loop
      vertex 189.344 61.6005 0
      vertex 189.463 61.5864 10
      vertex 189.463 61.5864 0
    endloop
  endfacet
  facet normal 0.117664 0.993053 -0
    outer loop
      vertex 189.344 61.6005 0
      vertex 189.344 61.6005 10
      vertex 189.463 61.5864 10
    endloop
  endfacet
  facet normal 0.505179 0.863014 0
    outer loop
      vertex 188.114 62.3205 0
      vertex 189.344 61.6005 10
      vertex 189.344 61.6005 0
    endloop
  endfacet
  facet normal 0.505179 0.863014 -0
    outer loop
      vertex 188.114 62.3205 0
      vertex 188.114 62.3205 10
      vertex 189.344 61.6005 10
    endloop
  endfacet
  facet normal 0.798427 0.602092 0
    outer loop
      vertex 188.045 62.412 0
      vertex 188.114 62.3205 10
      vertex 188.114 62.3205 0
    endloop
  endfacet
  facet normal 0.798427 0.602092 -0
    outer loop
      vertex 188.045 62.412 0
      vertex 188.045 62.412 10
      vertex 188.114 62.3205 10
    endloop
  endfacet
  facet normal 0.96755 0.252681 0
    outer loop
      vertex 187.894 62.9902 0
      vertex 188.045 62.412 10
      vertex 188.045 62.412 0
    endloop
  endfacet
  facet normal 0.96755 0.252681 -0
    outer loop
      vertex 187.894 62.9902 0
      vertex 187.894 62.9902 10
      vertex 188.045 62.412 10
    endloop
  endfacet
  facet normal 0.384924 0.922948 0
    outer loop
      vertex 186.874 63.4156 0
      vertex 187.894 62.9902 10
      vertex 187.894 62.9902 0
    endloop
  endfacet
  facet normal 0.384924 0.922948 -0
    outer loop
      vertex 186.874 63.4156 0
      vertex 186.874 63.4156 10
      vertex 187.894 62.9902 10
    endloop
  endfacet
  facet normal -0.434958 0.900451 0
    outer loop
      vertex 186.355 63.1649 0
      vertex 186.874 63.4156 10
      vertex 186.874 63.4156 0
    endloop
  endfacet
  facet normal -0.434958 0.900451 0
    outer loop
      vertex 186.355 63.1649 0
      vertex 186.355 63.1649 10
      vertex 186.874 63.4156 10
    endloop
  endfacet
  facet normal -0.0975902 0.995227 0
    outer loop
      vertex 186.252 63.1548 0
      vertex 186.355 63.1649 10
      vertex 186.355 63.1649 0
    endloop
  endfacet
  facet normal -0.0975902 0.995227 0
    outer loop
      vertex 186.252 63.1548 0
      vertex 186.252 63.1548 10
      vertex 186.355 63.1649 10
    endloop
  endfacet
  facet normal 0.250546 0.968105 0
    outer loop
      vertex 185.468 63.3577 0
      vertex 186.252 63.1548 10
      vertex 186.252 63.1548 0
    endloop
  endfacet
  facet normal 0.250546 0.968105 -0
    outer loop
      vertex 185.468 63.3577 0
      vertex 185.468 63.3577 10
      vertex 186.252 63.1548 10
    endloop
  endfacet
  facet normal -0.566457 0.824091 0
    outer loop
      vertex 185.175 63.1563 0
      vertex 185.468 63.3577 10
      vertex 185.468 63.3577 0
    endloop
  endfacet
  facet normal -0.566457 0.824091 0
    outer loop
      vertex 185.175 63.1563 0
      vertex 185.175 63.1563 10
      vertex 185.468 63.3577 10
    endloop
  endfacet
  facet normal -0.154377 0.988012 0
    outer loop
      vertex 185.047 63.1363 0
      vertex 185.175 63.1563 10
      vertex 185.175 63.1563 0
    endloop
  endfacet
  facet normal -0.154377 0.988012 0
    outer loop
      vertex 185.047 63.1363 0
      vertex 185.047 63.1363 10
      vertex 185.175 63.1563 10
    endloop
  endfacet
  facet normal 0.28593 0.958251 0
    outer loop
      vertex 183.807 63.5063 0
      vertex 185.047 63.1363 10
      vertex 185.047 63.1363 0
    endloop
  endfacet
  facet normal 0.28593 0.958251 -0
    outer loop
      vertex 183.807 63.5063 0
      vertex 183.807 63.5063 10
      vertex 185.047 63.1363 10
    endloop
  endfacet
  facet normal 0.705688 0.708522 0
    outer loop
      vertex 183.707 63.6059 0
      vertex 183.807 63.5063 10
      vertex 183.807 63.5063 0
    endloop
  endfacet
  facet normal 0.705688 0.708522 -0
    outer loop
      vertex 183.707 63.6059 0
      vertex 183.707 63.6059 10
      vertex 183.807 63.5063 10
    endloop
  endfacet
  facet normal 0.955529 0.294896 0
    outer loop
      vertex 183.62 63.8878 0
      vertex 183.707 63.6059 10
      vertex 183.707 63.6059 0
    endloop
  endfacet
  facet normal 0.955529 0.294896 -0
    outer loop
      vertex 183.62 63.8878 0
      vertex 183.62 63.8878 10
      vertex 183.707 63.6059 10
    endloop
  endfacet
  facet normal -0.0201509 0.999797 0
    outer loop
      vertex 183.233 63.88 0
      vertex 183.62 63.8878 10
      vertex 183.62 63.8878 0
    endloop
  endfacet
  facet normal -0.0201509 0.999797 0
    outer loop
      vertex 183.233 63.88 0
      vertex 183.233 63.88 10
      vertex 183.62 63.8878 10
    endloop
  endfacet
  facet normal 0.252322 0.967643 0
    outer loop
      vertex 183.154 63.9006 0
      vertex 183.233 63.88 10
      vertex 183.233 63.88 0
    endloop
  endfacet
  facet normal 0.252322 0.967643 -0
    outer loop
      vertex 183.154 63.9006 0
      vertex 183.154 63.9006 10
      vertex 183.233 63.88 10
    endloop
  endfacet
  facet normal 0.505769 0.862669 0
    outer loop
      vertex 182.177 64.4734 0
      vertex 183.154 63.9006 10
      vertex 183.154 63.9006 0
    endloop
  endfacet
  facet normal 0.505769 0.862669 -0
    outer loop
      vertex 182.177 64.4734 0
      vertex 182.177 64.4734 10
      vertex 183.154 63.9006 10
    endloop
  endfacet
  facet normal -0.372429 0.92806 0
    outer loop
      vertex 181.946 64.3807 0
      vertex 182.177 64.4734 10
      vertex 182.177 64.4734 0
    endloop
  endfacet
  facet normal -0.372429 0.92806 0
    outer loop
      vertex 181.946 64.3807 0
      vertex 181.946 64.3807 10
      vertex 182.177 64.4734 10
    endloop
  endfacet
  facet normal 0.116801 0.993155 0
    outer loop
      vertex 181.804 64.3974 0
      vertex 181.946 64.3807 10
      vertex 181.946 64.3807 0
    endloop
  endfacet
  facet normal 0.116801 0.993155 -0
    outer loop
      vertex 181.804 64.3974 0
      vertex 181.804 64.3974 10
      vertex 181.946 64.3807 10
    endloop
  endfacet
  facet normal 0.575911 0.817512 0
    outer loop
      vertex 179.051 66.3368 0
      vertex 181.804 64.3974 10
      vertex 181.804 64.3974 0
    endloop
  endfacet
  facet normal 0.575911 0.817512 -0
    outer loop
      vertex 179.051 66.3368 0
      vertex 179.051 66.3368 10
      vertex 181.804 64.3974 10
    endloop
  endfacet
  facet normal -0.260845 0.965381 0
    outer loop
      vertex 178.749 66.2552 0
      vertex 179.051 66.3368 10
      vertex 179.051 66.3368 0
    endloop
  endfacet
  facet normal -0.260845 0.965381 0
    outer loop
      vertex 178.749 66.2552 0
      vertex 178.749 66.2552 10
      vertex 179.051 66.3368 10
    endloop
  endfacet
  facet normal 0.179572 0.983745 0
    outer loop
      vertex 178.623 66.2782 0
      vertex 178.749 66.2552 10
      vertex 178.749 66.2552 0
    endloop
  endfacet
  facet normal 0.179572 0.983745 -0
    outer loop
      vertex 178.623 66.2782 0
      vertex 178.623 66.2782 10
      vertex 178.749 66.2552 10
    endloop
  endfacet
  facet normal 0.583207 0.812324 0
    outer loop
      vertex 177.843 66.8382 0
      vertex 178.623 66.2782 10
      vertex 178.623 66.2782 0
    endloop
  endfacet
  facet normal 0.583207 0.812324 -0
    outer loop
      vertex 177.843 66.8382 0
      vertex 177.843 66.8382 10
      vertex 178.623 66.2782 10
    endloop
  endfacet
  facet normal 0.948627 0.316397 0
    outer loop
      vertex 177.787 67.0061 0
      vertex 177.843 66.8382 10
      vertex 177.843 66.8382 0
    endloop
  endfacet
  facet normal 0.948627 0.316397 -0
    outer loop
      vertex 177.787 67.0061 0
      vertex 177.787 67.0061 10
      vertex 177.843 66.8382 10
    endloop
  endfacet
  facet normal 0.951552 -0.307488 0
    outer loop
      vertex 178.527 69.2961 0
      vertex 177.787 67.0061 10
      vertex 177.787 67.0061 0
    endloop
  endfacet
  facet normal 0.951552 -0.307488 0
    outer loop
      vertex 178.527 69.2961 0
      vertex 178.527 69.2961 10
      vertex 177.787 67.0061 10
    endloop
  endfacet
  facet normal 0.858026 -0.513607 0
    outer loop
      vertex 178.561 69.3529 0
      vertex 178.527 69.2961 10
      vertex 178.527 69.2961 0
    endloop
  endfacet
  facet normal 0.858026 -0.513607 0
    outer loop
      vertex 178.561 69.3529 0
      vertex 178.561 69.3529 10
      vertex 178.527 69.2961 10
    endloop
  endfacet
  facet normal 0.727589 -0.686013 0
    outer loop
      vertex 179.551 70.4029 0
      vertex 178.561 69.3529 10
      vertex 178.561 69.3529 0
    endloop
  endfacet
  facet normal 0.727589 -0.686013 0
    outer loop
      vertex 179.551 70.4029 0
      vertex 179.551 70.4029 10
      vertex 178.561 69.3529 10
    endloop
  endfacet
  facet normal 0.473036 -0.881043 0
    outer loop
      vertex 179.635 70.448 0
      vertex 179.551 70.4029 10
      vertex 179.551 70.4029 0
    endloop
  endfacet
  facet normal 0.473036 -0.881043 0
    outer loop
      vertex 179.635 70.448 0
      vertex 179.635 70.448 10
      vertex 179.551 70.4029 10
    endloop
  endfacet
  facet normal 0.162516 -0.986706 0
    outer loop
      vertex 179.686 70.4564 0
      vertex 179.635 70.448 10
      vertex 179.635 70.448 0
    endloop
  endfacet
  facet normal 0.162516 -0.986706 0
    outer loop
      vertex 179.686 70.4564 0
      vertex 179.686 70.4564 10
      vertex 179.635 70.448 10
    endloop
  endfacet
  facet normal 0.665126 0.746731 0
    outer loop
      vertex 179.212 70.8786 0
      vertex 179.686 70.4564 10
      vertex 179.686 70.4564 0
    endloop
  endfacet
  facet normal 0.665126 0.746731 -0
    outer loop
      vertex 179.212 70.8786 0
      vertex 179.212 70.8786 10
      vertex 179.686 70.4564 10
    endloop
  endfacet
  facet normal 0.336774 0.941585 0
    outer loop
      vertex 178.149 71.2588 0
      vertex 179.212 70.8786 10
      vertex 179.212 70.8786 0
    endloop
  endfacet
  facet normal 0.336774 0.941585 -0
    outer loop
      vertex 178.149 71.2588 0
      vertex 178.149 71.2588 10
      vertex 179.212 70.8786 10
    endloop
  endfacet
  facet normal 0.771968 0.635661 0
    outer loop
      vertex 178.052 71.3766 0
      vertex 178.149 71.2588 10
      vertex 178.149 71.2588 0
    endloop
  endfacet
  facet normal 0.771968 0.635661 -0
    outer loop
      vertex 178.052 71.3766 0
      vertex 178.052 71.3766 10
      vertex 178.149 71.2588 10
    endloop
  endfacet
  facet normal 0.987771 0.155912 0
    outer loop
      vertex 177.973 71.8771 0
      vertex 178.052 71.3766 10
      vertex 178.052 71.3766 0
    endloop
  endfacet
  facet normal 0.987771 0.155912 -0
    outer loop
      vertex 177.973 71.8771 0
      vertex 177.973 71.8771 10
      vertex 178.052 71.3766 10
    endloop
  endfacet
  facet normal 0.511333 0.859383 0
    outer loop
      vertex 177.273 72.2936 0
      vertex 177.973 71.8771 10
      vertex 177.973 71.8771 0
    endloop
  endfacet
  facet normal 0.511333 0.859383 -0
    outer loop
      vertex 177.273 72.2936 0
      vertex 177.273 72.2936 10
      vertex 177.973 71.8771 10
    endloop
  endfacet
  facet normal 0.0892649 0.996008 0
    outer loop
      vertex 176.637 72.3506 0
      vertex 177.273 72.2936 10
      vertex 177.273 72.2936 0
    endloop
  endfacet
  facet normal 0.0892649 0.996008 -0
    outer loop
      vertex 176.637 72.3506 0
      vertex 176.637 72.3506 10
      vertex 177.273 72.2936 10
    endloop
  endfacet
  facet normal 0.470148 0.882588 0
    outer loop
      vertex 176.533 72.406 0
      vertex 176.637 72.3506 10
      vertex 176.637 72.3506 0
    endloop
  endfacet
  facet normal 0.470148 0.882588 -0
    outer loop
      vertex 176.533 72.406 0
      vertex 176.533 72.406 10
      vertex 176.637 72.3506 10
    endloop
  endfacet
  facet normal 0.779475 0.626434 0
    outer loop
      vertex 175.734 73.4002 0
      vertex 176.533 72.406 10
      vertex 176.533 72.406 0
    endloop
  endfacet
  facet normal 0.779475 0.626434 -0
    outer loop
      vertex 175.734 73.4002 0
      vertex 175.734 73.4002 10
      vertex 176.533 72.406 10
    endloop
  endfacet
  facet normal -0.253866 0.967239 0
    outer loop
      vertex 175.028 73.2149 0
      vertex 175.734 73.4002 10
      vertex 175.734 73.4002 0
    endloop
  endfacet
  facet normal -0.253866 0.967239 0
    outer loop
      vertex 175.028 73.2149 0
      vertex 175.028 73.2149 10
      vertex 175.734 73.4002 10
    endloop
  endfacet
  facet normal 0.606209 0.795305 0
    outer loop
      vertex 174.84 73.3582 0
      vertex 175.028 73.2149 10
      vertex 175.028 73.2149 0
    endloop
  endfacet
  facet normal 0.606209 0.795305 -0
    outer loop
      vertex 174.84 73.3582 0
      vertex 174.84 73.3582 10
      vertex 175.028 73.2149 10
    endloop
  endfacet
  facet normal 0.99993 0.0118092 0
    outer loop
      vertex 174.821 74.967 0
      vertex 174.84 73.3582 10
      vertex 174.84 73.3582 0
    endloop
  endfacet
  facet normal 0.99993 0.0118092 -0
    outer loop
      vertex 174.821 74.967 0
      vertex 174.821 74.967 10
      vertex 174.84 73.3582 10
    endloop
  endfacet
  facet normal 0.783846 0.620955 0
    outer loop
      vertex 174.322 75.5969 0
      vertex 174.821 74.967 10
      vertex 174.821 74.967 0
    endloop
  endfacet
  facet normal 0.783846 0.620955 -0
    outer loop
      vertex 174.322 75.5969 0
      vertex 174.322 75.5969 10
      vertex 174.821 74.967 10
    endloop
  endfacet
  facet normal 0.887217 0.461353 0
    outer loop
      vertex 174.296 75.6469 0
      vertex 174.322 75.5969 10
      vertex 174.322 75.5969 0
    endloop
  endfacet
  facet normal 0.887217 0.461353 -0
    outer loop
      vertex 174.296 75.6469 0
      vertex 174.296 75.6469 10
      vertex 174.322 75.5969 10
    endloop
  endfacet
  facet normal 0.957826 0.287348 0
    outer loop
      vertex 174.056 76.4469 0
      vertex 174.296 75.6469 10
      vertex 174.296 75.6469 0
    endloop
  endfacet
  facet normal 0.957826 0.287348 -0
    outer loop
      vertex 174.056 76.4469 0
      vertex 174.056 76.4469 10
      vertex 174.296 75.6469 10
    endloop
  endfacet
  facet normal 0.878111 -0.478458 0
    outer loop
      vertex 174.158 76.6341 0
      vertex 174.056 76.4469 10
      vertex 174.056 76.4469 0
    endloop
  endfacet
  facet normal 0.878111 -0.478458 0
    outer loop
      vertex 174.158 76.6341 0
      vertex 174.158 76.6341 10
      vertex 174.056 76.4469 10
    endloop
  endfacet
  facet normal 0.278396 -0.960466 0
    outer loop
      vertex 174.848 76.8341 0
      vertex 174.158 76.6341 10
      vertex 174.158 76.6341 0
    endloop
  endfacet
  facet normal 0.278396 -0.960466 0
    outer loop
      vertex 174.848 76.8341 0
      vertex 174.848 76.8341 10
      vertex 174.158 76.6341 10
    endloop
  endfacet
  facet normal -0.304236 -0.952597 0
    outer loop
      vertex 175.008 76.783 0
      vertex 174.848 76.8341 10
      vertex 174.848 76.8341 0
    endloop
  endfacet
  facet normal -0.304236 -0.952597 0
    outer loop
      vertex 175.008 76.783 0
      vertex 175.008 76.783 10
      vertex 174.848 76.8341 10
    endloop
  endfacet
  facet normal -0.785037 -0.619448 0
    outer loop
      vertex 175.418 76.2634 0
      vertex 175.008 76.783 10
      vertex 175.008 76.783 0
    endloop
  endfacet
  facet normal -0.785037 -0.619448 0
    outer loop
      vertex 175.418 76.2634 0
      vertex 175.418 76.2634 10
      vertex 175.008 76.783 10
    endloop
  endfacet
  facet normal 0.488632 -0.87249 0
    outer loop
      vertex 175.881 76.5227 0
      vertex 175.418 76.2634 10
      vertex 175.418 76.2634 0
    endloop
  endfacet
  facet normal 0.488632 -0.87249 0
    outer loop
      vertex 175.881 76.5227 0
      vertex 175.881 76.5227 10
      vertex 175.418 76.2634 10
    endloop
  endfacet
  facet normal 0.99489 0.100967 0
    outer loop
      vertex 175.715 78.1584 0
      vertex 175.881 76.5227 10
      vertex 175.881 76.5227 0
    endloop
  endfacet
  facet normal 0.99489 0.100967 -0
    outer loop
      vertex 175.715 78.1584 0
      vertex 175.715 78.1584 10
      vertex 175.881 76.5227 10
    endloop
  endfacet
  facet normal 0.762047 0.647521 0
    outer loop
      vertex 175.006 78.9928 0
      vertex 175.715 78.1584 10
      vertex 175.715 78.1584 0
    endloop
  endfacet
  facet normal 0.762047 0.647521 -0
    outer loop
      vertex 175.006 78.9928 0
      vertex 175.006 78.9928 10
      vertex 175.715 78.1584 10
    endloop
  endfacet
  facet normal 0.913716 0.406354 0
    outer loop
      vertex 174.971 79.0715 0
      vertex 175.006 78.9928 10
      vertex 175.006 78.9928 0
    endloop
  endfacet
  facet normal 0.913716 0.406354 -0
    outer loop
      vertex 174.971 79.0715 0
      vertex 174.971 79.0715 10
      vertex 175.006 78.9928 10
    endloop
  endfacet
  facet normal 0.992389 0.123143 0
    outer loop
      vertex 174.801 80.4415 0
      vertex 174.971 79.0715 10
      vertex 174.971 79.0715 0
    endloop
  endfacet
  facet normal 0.992389 0.123143 -0
    outer loop
      vertex 174.801 80.4415 0
      vertex 174.801 80.4415 10
      vertex 174.971 79.0715 10
    endloop
  endfacet
  facet normal 0.970088 -0.242755 0
    outer loop
      vertex 174.827 80.5454 0
      vertex 174.801 80.4415 10
      vertex 174.801 80.4415 0
    endloop
  endfacet
  facet normal 0.970088 -0.242755 0
    outer loop
      vertex 174.827 80.5454 0
      vertex 174.827 80.5454 10
      vertex 174.801 80.4415 10
    endloop
  endfacet
  facet normal 0.8224 -0.56891 0
    outer loop
      vertex 175.29 81.2147 0
      vertex 174.827 80.5454 10
      vertex 174.827 80.5454 0
    endloop
  endfacet
  facet normal 0.8224 -0.56891 0
    outer loop
      vertex 175.29 81.2147 0
      vertex 175.29 81.2147 10
      vertex 174.827 80.5454 10
    endloop
  endfacet
  facet normal 0.654349 0.756192 0
    outer loop
      vertex 174.745 81.6863 0
      vertex 175.29 81.2147 10
      vertex 175.29 81.2147 0
    endloop
  endfacet
  facet normal 0.654349 0.756192 -0
    outer loop
      vertex 174.745 81.6863 0
      vertex 174.745 81.6863 10
      vertex 175.29 81.2147 10
    endloop
  endfacet
  facet normal 0.301338 0.953517 0
    outer loop
      vertex 174.015 81.917 0
      vertex 174.745 81.6863 10
      vertex 174.745 81.6863 0
    endloop
  endfacet
  facet normal 0.301338 0.953517 -0
    outer loop
      vertex 174.015 81.917 0
      vertex 174.015 81.917 10
      vertex 174.745 81.6863 10
    endloop
  endfacet
  facet normal 0.679252 0.733905 0
    outer loop
      vertex 173.921 82.004 0
      vertex 174.015 81.917 10
      vertex 174.015 81.917 0
    endloop
  endfacet
  facet normal 0.679252 0.733905 -0
    outer loop
      vertex 173.921 82.004 0
      vertex 173.921 82.004 10
      vertex 174.015 81.917 10
    endloop
  endfacet
  facet normal 0.927739 0.373229 0
    outer loop
      vertex 173.221 83.744 0
      vertex 173.921 82.004 10
      vertex 173.921 82.004 0
    endloop
  endfacet
  facet normal 0.927739 0.373229 -0
    outer loop
      vertex 173.221 83.744 0
      vertex 173.221 83.744 10
      vertex 173.921 82.004 10
    endloop
  endfacet
  facet normal 0.990647 0.136453 0
    outer loop
      vertex 173.211 83.8166 0
      vertex 173.221 83.744 10
      vertex 173.221 83.744 0
    endloop
  endfacet
  facet normal 0.990647 0.136453 -0
    outer loop
      vertex 173.211 83.8166 0
      vertex 173.211 83.8166 10
      vertex 173.221 83.744 10
    endloop
  endfacet
  facet normal 0.99384 -0.110822 0
    outer loop
      vertex 173.264 84.2919 0
      vertex 173.211 83.8166 10
      vertex 173.211 83.8166 0
    endloop
  endfacet
  facet normal 0.99384 -0.110822 0
    outer loop
      vertex 173.264 84.2919 0
      vertex 173.264 84.2919 10
      vertex 173.211 83.8166 10
    endloop
  endfacet
  facet normal 0.0736093 0.997287 0
    outer loop
      vertex 172.928 84.3167 0
      vertex 173.264 84.2919 10
      vertex 173.264 84.2919 0
    endloop
  endfacet
  facet normal 0.0736093 0.997287 -0
    outer loop
      vertex 172.928 84.3167 0
      vertex 172.928 84.3167 10
      vertex 173.264 84.2919 10
    endloop
  endfacet
  facet normal -0.532352 0.846523 0
    outer loop
      vertex 171.345 83.3212 0
      vertex 172.928 84.3167 10
      vertex 172.928 84.3167 0
    endloop
  endfacet
  facet normal -0.532352 0.846523 0
    outer loop
      vertex 171.345 83.3212 0
      vertex 171.345 83.3212 10
      vertex 172.928 84.3167 10
    endloop
  endfacet
  facet normal -0.945485 0.325667 0
    outer loop
      vertex 171.252 83.0512 0
      vertex 171.345 83.3212 10
      vertex 171.345 83.3212 0
    endloop
  endfacet
  facet normal -0.945485 0.325667 0
    outer loop
      vertex 171.252 83.0512 0
      vertex 171.252 83.0512 10
      vertex 171.345 83.3212 10
    endloop
  endfacet
  facet normal -0.809035 0.58776 0
    outer loop
      vertex 171.201 82.981 0
      vertex 171.252 83.0512 10
      vertex 171.252 83.0512 0
    endloop
  endfacet
  facet normal -0.809035 0.58776 0
    outer loop
      vertex 171.201 82.981 0
      vertex 171.201 82.981 10
      vertex 171.252 83.0512 10
    endloop
  endfacet
  facet normal -0.608432 0.793606 0
    outer loop
      vertex 170.301 82.291 0
      vertex 171.201 82.981 10
      vertex 171.201 82.981 0
    endloop
  endfacet
  facet normal -0.608432 0.793606 0
    outer loop
      vertex 170.301 82.291 0
      vertex 170.301 82.291 10
      vertex 171.201 82.981 10
    endloop
  endfacet
  facet normal -0.391987 0.919971 0
    outer loop
      vertex 170.232 82.2616 0
      vertex 170.301 82.291 10
      vertex 170.301 82.291 0
    endloop
  endfacet
  facet normal -0.391987 0.919971 0
    outer loop
      vertex 170.232 82.2616 0
      vertex 170.232 82.2616 10
      vertex 170.301 82.291 10
    endloop
  endfacet
  facet normal -0.144791 0.989462 0
    outer loop
      vertex 169.032 82.086 0
      vertex 170.232 82.2616 10
      vertex 170.232 82.2616 0
    endloop
  endfacet
  facet normal -0.144791 0.989462 0
    outer loop
      vertex 169.032 82.086 0
      vertex 169.032 82.086 10
      vertex 170.232 82.2616 10
    endloop
  endfacet
  facet normal -0.51959 0.854416 0
    outer loop
      vertex 168.318 81.6518 0
      vertex 169.032 82.086 10
      vertex 169.032 82.086 0
    endloop
  endfacet
  facet normal -0.51959 0.854416 0
    outer loop
      vertex 168.318 81.6518 0
      vertex 168.318 81.6518 10
      vertex 169.032 82.086 10
    endloop
  endfacet
  facet normal -0.160937 0.986965 0
    outer loop
      vertex 168.207 81.6337 0
      vertex 168.318 81.6518 10
      vertex 168.318 81.6518 0
    endloop
  endfacet
  facet normal -0.160937 0.986965 0
    outer loop
      vertex 168.207 81.6337 0
      vertex 168.207 81.6337 10
      vertex 168.318 81.6518 10
    endloop
  endfacet
  facet normal 0.221197 0.975229 0
    outer loop
      vertex 165.123 82.3332 0
      vertex 168.207 81.6337 10
      vertex 168.207 81.6337 0
    endloop
  endfacet
  facet normal 0.221197 0.975229 -0
    outer loop
      vertex 165.123 82.3332 0
      vertex 165.123 82.3332 10
      vertex 168.207 81.6337 10
    endloop
  endfacet
  facet normal -0.382086 0.924127 0
    outer loop
      vertex 164.469 82.0628 0
      vertex 165.123 82.3332 10
      vertex 165.123 82.3332 0
    endloop
  endfacet
  facet normal -0.382086 0.924127 0
    outer loop
      vertex 164.469 82.0628 0
      vertex 164.469 82.0628 10
      vertex 165.123 82.3332 10
    endloop
  endfacet
  facet normal -0.894397 0.447274 0
    outer loop
      vertex 164.173 81.4709 0
      vertex 164.469 82.0628 10
      vertex 164.469 82.0628 0
    endloop
  endfacet
  facet normal -0.894397 0.447274 0
    outer loop
      vertex 164.173 81.4709 0
      vertex 164.173 81.4709 10
      vertex 164.469 82.0628 10
    endloop
  endfacet
  facet normal -0.697275 -0.716804 0
    outer loop
      vertex 164.485 81.1674 0
      vertex 164.173 81.4709 10
      vertex 164.173 81.4709 0
    endloop
  endfacet
  facet normal -0.697275 -0.716804 0
    outer loop
      vertex 164.485 81.1674 0
      vertex 164.485 81.1674 10
      vertex 164.173 81.4709 10
    endloop
  endfacet
  facet normal -0.97327 -0.229662 0
    outer loop
      vertex 164.522 81.0106 0
      vertex 164.485 81.1674 10
      vertex 164.485 81.1674 0
    endloop
  endfacet
  facet normal -0.97327 -0.229662 0
    outer loop
      vertex 164.522 81.0106 0
      vertex 164.522 81.0106 10
      vertex 164.485 81.1674 10
    endloop
  endfacet
  facet normal -0.944098 0.329665 0
    outer loop
      vertex 164.417 80.7099 0
      vertex 164.522 81.0106 10
      vertex 164.522 81.0106 0
    endloop
  endfacet
  facet normal -0.944098 0.329665 0
    outer loop
      vertex 164.417 80.7099 0
      vertex 164.417 80.7099 10
      vertex 164.522 81.0106 10
    endloop
  endfacet
  facet normal -0.414058 -0.91025 0
    outer loop
      vertex 165.062 80.4165 0
      vertex 164.417 80.7099 10
      vertex 164.417 80.7099 0
    endloop
  endfacet
  facet normal -0.414058 -0.91025 0
    outer loop
      vertex 165.062 80.4165 0
      vertex 165.062 80.4165 10
      vertex 164.417 80.7099 10
    endloop
  endfacet
  facet normal -0.869706 -0.493571 0
    outer loop
      vertex 165.149 80.2632 0
      vertex 165.062 80.4165 10
      vertex 165.062 80.4165 0
    endloop
  endfacet
  facet normal -0.869706 -0.493571 0
    outer loop
      vertex 165.149 80.2632 0
      vertex 165.149 80.2632 10
      vertex 165.062 80.4165 10
    endloop
  endfacet
  facet normal -0.898577 0.438817 0
    outer loop
      vertex 165.105 80.1731 0
      vertex 165.149 80.2632 10
      vertex 165.149 80.2632 0
    endloop
  endfacet
  facet normal -0.898577 0.438817 0
    outer loop
      vertex 165.105 80.1731 0
      vertex 165.105 80.1731 10
      vertex 165.149 80.2632 10
    endloop
  endfacet
  facet normal -0.701604 0.712567 0
    outer loop
      vertex 164.585 79.6611 0
      vertex 165.105 80.1731 10
      vertex 165.105 80.1731 0
    endloop
  endfacet
  facet normal -0.701604 0.712567 0
    outer loop
      vertex 164.585 79.6611 0
      vertex 164.585 79.6611 10
      vertex 165.105 80.1731 10
    endloop
  endfacet
  facet normal -0.825403 -0.564544 0
    outer loop
      vertex 164.904 79.1947 0
      vertex 164.585 79.6611 10
      vertex 164.585 79.6611 0
    endloop
  endfacet
  facet normal -0.825403 -0.564544 0
    outer loop
      vertex 164.904 79.1947 0
      vertex 164.904 79.1947 10
      vertex 164.585 79.6611 10
    endloop
  endfacet
  facet normal -0.99344 -0.114353 0
    outer loop
      vertex 164.92 79.0557 0
      vertex 164.904 79.1947 10
      vertex 164.904 79.1947 0
    endloop
  endfacet
  facet normal -0.99344 -0.114353 0
    outer loop
      vertex 164.92 79.0557 0
      vertex 164.92 79.0557 10
      vertex 164.904 79.1947 10
    endloop
  endfacet
  facet normal -0.932019 0.36241 0
    outer loop
      vertex 164.63 78.3099 0
      vertex 164.92 79.0557 10
      vertex 164.92 79.0557 0
    endloop
  endfacet
  facet normal -0.932019 0.36241 0
    outer loop
      vertex 164.63 78.3099 0
      vertex 164.63 78.3099 10
      vertex 164.92 79.0557 10
    endloop
  endfacet
  facet normal -0.612869 -0.790185 0
    outer loop
      vertex 165.212 77.8585 0
      vertex 164.63 78.3099 10
      vertex 164.63 78.3099 0
    endloop
  endfacet
  facet normal -0.612869 -0.790185 0
    outer loop
      vertex 165.212 77.8585 0
      vertex 165.212 77.8585 10
      vertex 164.63 78.3099 10
    endloop
  endfacet
  facet normal -0.855829 -0.517259 0
    outer loop
      vertex 165.267 77.7675 0
      vertex 165.212 77.8585 10
      vertex 165.212 77.8585 0
    endloop
  endfacet
  facet normal -0.855829 -0.517259 0
    outer loop
      vertex 165.267 77.7675 0
      vertex 165.267 77.7675 10
      vertex 165.212 77.8585 10
    endloop
  endfacet
  facet normal -0.98274 -0.184991 0
    outer loop
      vertex 165.356 77.2947 0
      vertex 165.267 77.7675 10
      vertex 165.267 77.7675 0
    endloop
  endfacet
  facet normal -0.98274 -0.184991 0
    outer loop
      vertex 165.356 77.2947 0
      vertex 165.356 77.2947 10
      vertex 165.267 77.7675 10
    endloop
  endfacet
  facet normal -0.0433917 -0.999058 0
    outer loop
      vertex 165.927 77.2699 0
      vertex 165.356 77.2947 10
      vertex 165.356 77.2947 0
    endloop
  endfacet
  facet normal -0.0433917 -0.999058 0
    outer loop
      vertex 165.927 77.2699 0
      vertex 165.927 77.2699 10
      vertex 165.356 77.2947 10
    endloop
  endfacet
  facet normal -0.697522 -0.716563 0
    outer loop
      vertex 166.07 77.1307 0
      vertex 165.927 77.2699 10
      vertex 165.927 77.2699 0
    endloop
  endfacet
  facet normal -0.697522 -0.716563 0
    outer loop
      vertex 166.07 77.1307 0
      vertex 166.07 77.1307 10
      vertex 165.927 77.2699 10
    endloop
  endfacet
  facet normal -0.9975 -0.0706612 0
    outer loop
      vertex 166.112 76.5378 0
      vertex 166.07 77.1307 10
      vertex 166.07 77.1307 0
    endloop
  endfacet
  facet normal -0.9975 -0.0706612 0
    outer loop
      vertex 166.112 76.5378 0
      vertex 166.112 76.5378 10
      vertex 166.07 77.1307 10
    endloop
  endfacet
  facet normal -0.253695 -0.967284 0
    outer loop
      vertex 167.228 76.2451 0
      vertex 166.112 76.5378 10
      vertex 166.112 76.5378 0
    endloop
  endfacet
  facet normal -0.253695 -0.967284 0
    outer loop
      vertex 167.228 76.2451 0
      vertex 167.228 76.2451 10
      vertex 166.112 76.5378 10
    endloop
  endfacet
  facet normal -0.632933 -0.774206 0
    outer loop
      vertex 167.325 76.1658 0
      vertex 167.228 76.2451 10
      vertex 167.228 76.2451 0
    endloop
  endfacet
  facet normal -0.632933 -0.774206 0
    outer loop
      vertex 167.325 76.1658 0
      vertex 167.325 76.1658 10
      vertex 167.228 76.2451 10
    endloop
  endfacet
  facet normal -0.898768 -0.438424 0
    outer loop
      vertex 167.525 75.7558 0
      vertex 167.325 76.1658 10
      vertex 167.325 76.1658 0
    endloop
  endfacet
  facet normal -0.898768 -0.438424 0
    outer loop
      vertex 167.525 75.7558 0
      vertex 167.525 75.7558 10
      vertex 167.325 76.1658 10
    endloop
  endfacet
  facet normal -0.959444 0.281899 0
    outer loop
      vertex 167.468 75.5618 0
      vertex 167.525 75.7558 10
      vertex 167.525 75.7558 0
    endloop
  endfacet
  facet normal -0.959444 0.281899 0
    outer loop
      vertex 167.468 75.5618 0
      vertex 167.468 75.5618 10
      vertex 167.525 75.7558 10
    endloop
  endfacet
  facet normal -0.519496 0.854473 0
    outer loop
      vertex 165.825 74.5629 0
      vertex 167.468 75.5618 10
      vertex 167.468 75.5618 0
    endloop
  endfacet
  facet normal -0.519496 0.854473 0
    outer loop
      vertex 165.825 74.5629 0
      vertex 165.825 74.5629 10
      vertex 167.468 75.5618 10
    endloop
  endfacet
  facet normal -0.998515 0.0544812 0
    outer loop
      vertex 165.742 73.0417 0
      vertex 165.825 74.5629 10
      vertex 165.825 74.5629 0
    endloop
  endfacet
  facet normal -0.998515 0.0544812 0
    outer loop
      vertex 165.742 73.0417 0
      vertex 165.742 73.0417 10
      vertex 165.825 74.5629 10
    endloop
  endfacet
  facet normal -0.831316 -0.555801 0
    outer loop
      vertex 165.975 72.6932 0
      vertex 165.742 73.0417 10
      vertex 165.742 73.0417 0
    endloop
  endfacet
  facet normal -0.831316 -0.555801 0
    outer loop
      vertex 165.975 72.6932 0
      vertex 165.975 72.6932 10
      vertex 165.742 73.0417 10
    endloop
  endfacet
  facet normal -0.972659 0.232236 0
    outer loop
      vertex 165.924 72.4796 0
      vertex 165.975 72.6932 10
      vertex 165.975 72.6932 0
    endloop
  endfacet
  facet normal -0.972659 0.232236 0
    outer loop
      vertex 165.924 72.4796 0
      vertex 165.924 72.4796 10
      vertex 165.975 72.6932 10
    endloop
  endfacet
  facet normal -0.494763 0.869028 0
    outer loop
      vertex 165.298 72.1232 0
      vertex 165.924 72.4796 10
      vertex 165.924 72.4796 0
    endloop
  endfacet
  facet normal -0.494763 0.869028 0
    outer loop
      vertex 165.298 72.1232 0
      vertex 165.298 72.1232 10
      vertex 165.924 72.4796 10
    endloop
  endfacet
  facet normal -0.769273 0.63892 0
    outer loop
      vertex 164.378 71.0155 0
      vertex 165.298 72.1232 10
      vertex 165.298 72.1232 0
    endloop
  endfacet
  facet normal -0.769273 0.63892 0
    outer loop
      vertex 164.378 71.0155 0
      vertex 164.378 71.0155 10
      vertex 165.298 72.1232 10
    endloop
  endfacet
  facet normal -0.989698 -0.143168 0
    outer loop
      vertex 164.448 70.5316 0
      vertex 164.378 71.0155 10
      vertex 164.378 71.0155 0
    endloop
  endfacet
  facet normal -0.989698 -0.143168 0
    outer loop
      vertex 164.448 70.5316 0
      vertex 164.448 70.5316 10
      vertex 164.378 71.0155 10
    endloop
  endfacet
  facet normal -0.96134 0.275363 0
    outer loop
      vertex 164.414 70.4129 0
      vertex 164.448 70.5316 10
      vertex 164.448 70.5316 0
    endloop
  endfacet
  facet normal -0.96134 0.275363 0
    outer loop
      vertex 164.414 70.4129 0
      vertex 164.414 70.4129 10
      vertex 164.448 70.5316 10
    endloop
  endfacet
  facet normal -0.762509 0.646977 0
    outer loop
      vertex 164.134 70.0829 0
      vertex 164.414 70.4129 10
      vertex 164.414 70.4129 0
    endloop
  endfacet
  facet normal -0.762509 0.646977 0
    outer loop
      vertex 164.134 70.0829 0
      vertex 164.134 70.0829 10
      vertex 164.414 70.4129 10
    endloop
  endfacet
  facet normal -0.593897 0.804541 0
    outer loop
      vertex 164.079 70.0423 0
      vertex 164.134 70.0829 10
      vertex 164.134 70.0829 0
    endloop
  endfacet
  facet normal -0.593897 0.804541 0
    outer loop
      vertex 164.079 70.0423 0
      vertex 164.079 70.0423 10
      vertex 164.134 70.0829 10
    endloop
  endfacet
  facet normal -0.396314 0.918115 0
    outer loop
      vertex 163.182 69.6551 0
      vertex 164.079 70.0423 10
      vertex 164.079 70.0423 0
    endloop
  endfacet
  facet normal -0.396314 0.918115 0
    outer loop
      vertex 163.182 69.6551 0
      vertex 163.182 69.6551 10
      vertex 164.079 70.0423 10
    endloop
  endfacet
  facet normal -0.908879 0.417061 0
    outer loop
      vertex 162.146 67.3974 0
      vertex 163.182 69.6551 10
      vertex 163.182 69.6551 0
    endloop
  endfacet
  facet normal -0.908879 0.417061 0
    outer loop
      vertex 162.146 67.3974 0
      vertex 162.146 67.3974 10
      vertex 163.182 69.6551 10
    endloop
  endfacet
  facet normal -0.735051 0.678012 0
    outer loop
      vertex 162.083 67.3291 0
      vertex 162.146 67.3974 10
      vertex 162.146 67.3974 0
    endloop
  endfacet
  facet normal -0.735051 0.678012 0
    outer loop
      vertex 162.083 67.3291 0
      vertex 162.083 67.3291 10
      vertex 162.146 67.3974 10
    endloop
  endfacet
  facet normal -0.488625 0.872494 0
    outer loop
      vertex 160.872 66.6509 0
      vertex 162.083 67.3291 10
      vertex 162.083 67.3291 0
    endloop
  endfacet
  facet normal -0.488625 0.872494 0
    outer loop
      vertex 160.872 66.6509 0
      vertex 160.872 66.6509 10
      vertex 162.083 67.3291 10
    endloop
  endfacet
  facet normal -0.885456 0.464722 0
    outer loop
      vertex 159.843 64.6903 0
      vertex 160.872 66.6509 10
      vertex 160.872 66.6509 0
    endloop
  endfacet
  facet normal -0.885456 0.464722 0
    outer loop
      vertex 159.843 64.6903 0
      vertex 159.843 64.6903 10
      vertex 160.872 66.6509 10
    endloop
  endfacet
  facet normal -0.621168 0.783678 0
    outer loop
      vertex 159.748 64.615 0
      vertex 159.843 64.6903 10
      vertex 159.843 64.6903 0
    endloop
  endfacet
  facet normal -0.621168 0.783678 0
    outer loop
      vertex 159.748 64.615 0
      vertex 159.748 64.615 10
      vertex 159.843 64.6903 10
    endloop
  endfacet
  facet normal -0.255893 0.966705 0
    outer loop
      vertex 157.368 63.985 0
      vertex 159.748 64.615 10
      vertex 159.748 64.615 0
    endloop
  endfacet
  facet normal -0.255893 0.966705 0
    outer loop
      vertex 157.368 63.985 0
      vertex 157.368 63.985 10
      vertex 159.748 64.615 10
    endloop
  endfacet
  facet normal 0.354516 0.93505 0
    outer loop
      vertex 157.205 64.0468 0
      vertex 157.368 63.985 10
      vertex 157.368 63.985 0
    endloop
  endfacet
  facet normal 0.354516 0.93505 -0
    outer loop
      vertex 157.205 64.0468 0
      vertex 157.205 64.0468 10
      vertex 157.368 63.985 10
    endloop
  endfacet
  facet normal 0.83253 0.55398 0
    outer loop
      vertex 156.85 64.5803 0
      vertex 157.205 64.0468 10
      vertex 157.205 64.0468 0
    endloop
  endfacet
  facet normal 0.83253 0.55398 -0
    outer loop
      vertex 156.85 64.5803 0
      vertex 156.85 64.5803 10
      vertex 157.205 64.0468 10
    endloop
  endfacet
  facet normal 0.402212 0.915546 0
    outer loop
      vertex 156.471 64.7468 0
      vertex 156.85 64.5803 10
      vertex 156.85 64.5803 0
    endloop
  endfacet
  facet normal 0.402212 0.915546 -0
    outer loop
      vertex 156.471 64.7468 0
      vertex 156.471 64.7468 10
      vertex 156.85 64.5803 10
    endloop
  endfacet
  facet normal -0.611112 0.791544 0
    outer loop
      vertex 155.988 64.3739 0
      vertex 156.471 64.7468 10
      vertex 156.471 64.7468 0
    endloop
  endfacet
  facet normal -0.611112 0.791544 0
    outer loop
      vertex 155.988 64.3739 0
      vertex 155.988 64.3739 10
      vertex 156.471 64.7468 10
    endloop
  endfacet
  facet normal -0.80309 0.595857 0
    outer loop
      vertex 154.676 62.6056 0
      vertex 155.988 64.3739 10
      vertex 155.988 64.3739 0
    endloop
  endfacet
  facet normal -0.80309 0.595857 0
    outer loop
      vertex 154.676 62.6056 0
      vertex 154.676 62.6056 10
      vertex 155.988 64.3739 10
    endloop
  endfacet
  facet normal -0.997373 0.0724363 0
    outer loop
      vertex 154.618 61.807 0
      vertex 154.676 62.6056 10
      vertex 154.676 62.6056 0
    endloop
  endfacet
  facet normal -0.997373 0.0724363 0
    outer loop
      vertex 154.618 61.807 0
      vertex 154.618 61.807 10
      vertex 154.676 62.6056 10
    endloop
  endfacet
  facet normal -0.383721 -0.923449 0
    outer loop
      vertex 155.938 61.2585 0
      vertex 154.618 61.807 10
      vertex 154.618 61.807 0
    endloop
  endfacet
  facet normal -0.383721 -0.923449 0
    outer loop
      vertex 155.938 61.2585 0
      vertex 155.938 61.2585 10
      vertex 154.618 61.807 10
    endloop
  endfacet
  facet normal -0.850399 -0.526138 0
    outer loop
      vertex 156.03 61.1098 0
      vertex 155.938 61.2585 10
      vertex 155.938 61.2585 0
    endloop
  endfacet
  facet normal -0.850399 -0.526138 0
    outer loop
      vertex 156.03 61.1098 0
      vertex 156.03 61.1098 10
      vertex 155.938 61.2585 10
    endloop
  endfacet
  facet normal -0.997665 0.0683042 0
    outer loop
      vertex 155.933 59.693 0
      vertex 156.03 61.1098 10
      vertex 156.03 61.1098 0
    endloop
  endfacet
  facet normal -0.997665 0.0683042 0
    outer loop
      vertex 155.933 59.693 0
      vertex 155.933 59.693 10
      vertex 156.03 61.1098 10
    endloop
  endfacet
  facet normal -0.817012 -0.576621 0
    outer loop
      vertex 156.223 59.2821 0
      vertex 155.933 59.693 10
      vertex 155.933 59.693 0
    endloop
  endfacet
  facet normal -0.817012 -0.576621 0
    outer loop
      vertex 156.223 59.2821 0
      vertex 156.223 59.2821 10
      vertex 155.933 59.693 10
    endloop
  endfacet
  facet normal -0.103973 -0.99458 0
    outer loop
      vertex 157.016 59.1992 0
      vertex 156.223 59.2821 10
      vertex 156.223 59.2821 0
    endloop
  endfacet
  facet normal -0.103973 -0.99458 0
    outer loop
      vertex 157.016 59.1992 0
      vertex 157.016 59.1992 10
      vertex 156.223 59.2821 10
    endloop
  endfacet
  facet normal -0.743988 -0.668193 0
    outer loop
      vertex 157.15 59.05 0
      vertex 157.016 59.1992 10
      vertex 157.016 59.1992 0
    endloop
  endfacet
  facet normal -0.743988 -0.668193 0
    outer loop
      vertex 157.15 59.05 0
      vertex 157.15 59.05 10
      vertex 157.016 59.1992 10
    endloop
  endfacet
  facet normal -1 0 0
    outer loop
      vertex 157.15 58.4845 0
      vertex 157.15 59.05 10
      vertex 157.15 59.05 0
    endloop
  endfacet
  facet normal -1 0 0
    outer loop
      vertex 157.15 58.4845 0
      vertex 157.15 58.4845 10
      vertex 157.15 59.05 10
    endloop
  endfacet
  facet normal -0.899317 -0.437298 0
    outer loop
      vertex 158.015 56.7056 0
      vertex 157.15 58.4845 10
      vertex 157.15 58.4845 0
    endloop
  endfacet
  facet normal -0.899317 -0.437298 0
    outer loop
      vertex 158.015 56.7056 0
      vertex 158.015 56.7056 10
      vertex 157.15 58.4845 10
    endloop
  endfacet
  facet normal -0.998812 0.0487226 0
    outer loop
      vertex 158.008 56.5621 0
      vertex 158.015 56.7056 10
      vertex 158.015 56.7056 0
    endloop
  endfacet
  facet normal -0.998812 0.0487226 0
    outer loop
      vertex 158.008 56.5621 0
      vertex 158.008 56.5621 10
      vertex 158.015 56.7056 10
    endloop
  endfacet
  facet normal -0.854612 0.519268 0
    outer loop
      vertex 157.877 56.3465 0
      vertex 158.008 56.5621 10
      vertex 158.008 56.5621 0
    endloop
  endfacet
  facet normal -0.854612 0.519268 0
    outer loop
      vertex 157.877 56.3465 0
      vertex 157.877 56.3465 10
      vertex 158.008 56.5621 10
    endloop
  endfacet
  facet normal -0.926714 -0.375767 0
    outer loop
      vertex 158.019 55.9963 0
      vertex 157.877 56.3465 10
      vertex 157.877 56.3465 0
    endloop
  endfacet
  facet normal -0.926714 -0.375767 0
    outer loop
      vertex 158.019 55.9963 0
      vertex 158.019 55.9963 10
      vertex 157.877 56.3465 10
    endloop
  endfacet
  facet normal -0.941912 0.33586 0
    outer loop
      vertex 157.952 55.8084 0
      vertex 158.019 55.9963 10
      vertex 158.019 55.9963 0
    endloop
  endfacet
  facet normal -0.941912 0.33586 0
    outer loop
      vertex 157.952 55.8084 0
      vertex 157.952 55.8084 10
      vertex 158.019 55.9963 10
    endloop
  endfacet
  facet normal -0.480535 0.876976 0
    outer loop
      vertex 157.222 55.4084 0
      vertex 157.952 55.8084 10
      vertex 157.952 55.8084 0
    endloop
  endfacet
  facet normal -0.480535 0.876976 0
    outer loop
      vertex 157.222 55.4084 0
      vertex 157.222 55.4084 10
      vertex 157.952 55.8084 10
    endloop
  endfacet
  facet normal 0.0995037 0.995037 0
    outer loop
      vertex 157.053 55.4253 0
      vertex 157.222 55.4084 10
      vertex 157.222 55.4084 0
    endloop
  endfacet
  facet normal 0.0995037 0.995037 -0
    outer loop
      vertex 157.053 55.4253 0
      vertex 157.053 55.4253 10
      vertex 157.222 55.4084 10
    endloop
  endfacet
  facet normal 0.64508 0.764115 0
    outer loop
      vertex 156.612 55.7976 0
      vertex 157.053 55.4253 10
      vertex 157.053 55.4253 0
    endloop
  endfacet
  facet normal 0.64508 0.764115 -0
    outer loop
      vertex 156.612 55.7976 0
      vertex 156.612 55.7976 10
      vertex 157.053 55.4253 10
    endloop
  endfacet
  facet normal -0.36709 0.930185 0
    outer loop
      vertex 155.175 55.2305 0
      vertex 156.612 55.7976 10
      vertex 156.612 55.7976 0
    endloop
  endfacet
  facet normal -0.36709 0.930185 0
    outer loop
      vertex 155.175 55.2305 0
      vertex 155.175 55.2305 10
      vertex 156.612 55.7976 10
    endloop
  endfacet
  facet normal 0.0358103 0.999359 0
    outer loop
      vertex 155.055 55.2348 0
      vertex 155.175 55.2305 10
      vertex 155.175 55.2305 0
    endloop
  endfacet
  facet normal 0.0358103 0.999359 -0
    outer loop
      vertex 155.055 55.2348 0
      vertex 155.055 55.2348 10
      vertex 155.175 55.2305 10
    endloop
  endfacet
  facet normal 0.433958 0.900933 0
    outer loop
      vertex 154.542 55.4819 0
      vertex 155.055 55.2348 10
      vertex 155.055 55.2348 0
    endloop
  endfacet
  facet normal 0.433958 0.900933 -0
    outer loop
      vertex 154.542 55.4819 0
      vertex 154.542 55.4819 10
      vertex 155.055 55.2348 10
    endloop
  endfacet
  facet normal 0.0577678 0.99833 0
    outer loop
      vertex 152.978 55.5724 0
      vertex 154.542 55.4819 10
      vertex 154.542 55.4819 0
    endloop
  endfacet
  facet normal 0.0577678 0.99833 -0
    outer loop
      vertex 152.978 55.5724 0
      vertex 152.978 55.5724 10
      vertex 154.542 55.4819 10
    endloop
  endfacet
  facet normal -0.988375 0.152036 0
    outer loop
      vertex 152.868 54.8573 0
      vertex 152.978 55.5724 10
      vertex 152.978 55.5724 0
    endloop
  endfacet
  facet normal -0.988375 0.152036 0
    outer loop
      vertex 152.868 54.8573 0
      vertex 152.868 54.8573 10
      vertex 152.978 55.5724 10
    endloop
  endfacet
  facet normal -0.727614 0.685986 0
    outer loop
      vertex 152.751 54.7332 0
      vertex 152.868 54.8573 10
      vertex 152.868 54.8573 0
    endloop
  endfacet
  facet normal -0.727614 0.685986 0
    outer loop
      vertex 152.751 54.7332 0
      vertex 152.751 54.7332 10
      vertex 152.868 54.8573 10
    endloop
  endfacet
  facet normal -0.205268 0.978706 0
    outer loop
      vertex 151.662 54.5048 0
      vertex 152.751 54.7332 10
      vertex 152.751 54.7332 0
    endloop
  endfacet
  facet normal -0.205268 0.978706 0
    outer loop
      vertex 151.662 54.5048 0
      vertex 151.662 54.5048 10
      vertex 152.751 54.7332 10
    endloop
  endfacet
  facet normal -0.972842 -0.231472 0
    outer loop
      vertex 151.732 54.2106 0
      vertex 151.662 54.5048 10
      vertex 151.662 54.5048 0
    endloop
  endfacet
  facet normal -0.972842 -0.231472 0
    outer loop
      vertex 151.732 54.2106 0
      vertex 151.732 54.2106 10
      vertex 151.662 54.5048 10
    endloop
  endfacet
  facet normal 0.456023 -0.889968 0
    outer loop
      vertex 152.772 54.7435 0
      vertex 151.732 54.2106 10
      vertex 151.732 54.2106 0
    endloop
  endfacet
  facet normal 0.456023 -0.889968 0
    outer loop
      vertex 152.772 54.7435 0
      vertex 152.772 54.7435 10
      vertex 151.732 54.2106 10
    endloop
  endfacet
  facet normal -0.154446 -0.988001 0
    outer loop
      vertex 152.946 54.7163 0
      vertex 152.772 54.7435 10
      vertex 152.772 54.7435 0
    endloop
  endfacet
  facet normal -0.154446 -0.988001 0
    outer loop
      vertex 152.946 54.7163 0
      vertex 152.946 54.7163 10
      vertex 152.772 54.7435 10
    endloop
  endfacet
  facet normal -0.999339 0.0363561 0
    outer loop
      vertex 152.938 54.4964 0
      vertex 152.946 54.7163 10
      vertex 152.946 54.7163 0
    endloop
  endfacet
  facet normal -0.999339 0.0363561 0
    outer loop
      vertex 152.938 54.4964 0
      vertex 152.938 54.4964 10
      vertex 152.946 54.7163 10
    endloop
  endfacet
  facet normal -0.653242 0.757149 0
    outer loop
      vertex 152.229 53.8847 0
      vertex 152.938 54.4964 10
      vertex 152.938 54.4964 0
    endloop
  endfacet
  facet normal -0.653242 0.757149 0
    outer loop
      vertex 152.229 53.8847 0
      vertex 152.229 53.8847 10
      vertex 152.938 54.4964 10
    endloop
  endfacet
  facet normal -0.882867 -0.469622 0
    outer loop
      vertex 152.643 53.1064 0
      vertex 152.229 53.8847 10
      vertex 152.229 53.8847 0
    endloop
  endfacet
  facet normal -0.882867 -0.469622 0
    outer loop
      vertex 152.643 53.1064 0
      vertex 152.643 53.1064 10
      vertex 152.229 53.8847 10
    endloop
  endfacet
  facet normal -0.524671 -0.851305 0
    outer loop
      vertex 153.918 52.3206 0
      vertex 152.643 53.1064 10
      vertex 152.643 53.1064 0
    endloop
  endfacet
  facet normal -0.524671 -0.851305 0
    outer loop
      vertex 153.918 52.3206 0
      vertex 153.918 52.3206 10
      vertex 152.643 53.1064 10
    endloop
  endfacet
  facet normal -0.225614 -0.974217 0
    outer loop
      vertex 154.795 52.1175 0
      vertex 153.918 52.3206 10
      vertex 153.918 52.3206 0
    endloop
  endfacet
  facet normal -0.225614 -0.974217 0
    outer loop
      vertex 154.795 52.1175 0
      vertex 154.795 52.1175 10
      vertex 153.918 52.3206 10
    endloop
  endfacet
  facet normal 0.406974 -0.91344 0
    outer loop
      vertex 155.759 52.547 0
      vertex 154.795 52.1175 10
      vertex 154.795 52.1175 0
    endloop
  endfacet
  facet normal 0.406974 -0.91344 0
    outer loop
      vertex 155.759 52.547 0
      vertex 155.759 52.547 10
      vertex 154.795 52.1175 10
    endloop
  endfacet
  facet normal 0.19906 -0.979987 0
    outer loop
      vertex 155.823 52.56 0
      vertex 155.759 52.547 10
      vertex 155.759 52.547 0
    endloop
  endfacet
  facet normal 0.19906 -0.979987 0
    outer loop
      vertex 155.823 52.56 0
      vertex 155.823 52.56 10
      vertex 155.759 52.547 10
    endloop
  endfacet
  facet normal -0.0206117 -0.999788 0
    outer loop
      vertex 156.245 52.5513 0
      vertex 155.823 52.56 10
      vertex 155.823 52.56 0
    endloop
  endfacet
  facet normal -0.0206117 -0.999788 0
    outer loop
      vertex 156.245 52.5513 0
      vertex 156.245 52.5513 10
      vertex 155.823 52.56 10
    endloop
  endfacet
  facet normal 0.73746 -0.675391 0
    outer loop
      vertex 156.529 52.8614 0
      vertex 156.245 52.5513 10
      vertex 156.245 52.5513 0
    endloop
  endfacet
  facet normal 0.73746 -0.675391 0
    outer loop
      vertex 156.529 52.8614 0
      vertex 156.529 52.8614 10
      vertex 156.245 52.5513 10
    endloop
  endfacet
  facet normal 0.198839 -0.980032 0
    outer loop
      vertex 156.702 52.8965 0
      vertex 156.529 52.8614 10
      vertex 156.529 52.8614 0
    endloop
  endfacet
  facet normal 0.198839 -0.980032 0
    outer loop
      vertex 156.702 52.8965 0
      vertex 156.702 52.8965 10
      vertex 156.529 52.8614 10
    endloop
  endfacet
  facet normal -0.949588 -0.3135 0
    outer loop
      vertex 156.771 52.6875 0
      vertex 156.702 52.8965 10
      vertex 156.702 52.8965 0
    endloop
  endfacet
  facet normal -0.949588 -0.3135 0
    outer loop
      vertex 156.771 52.6875 0
      vertex 156.771 52.6875 10
      vertex 156.702 52.8965 10
    endloop
  endfacet
  facet normal -0.875476 0.483262 0
    outer loop
      vertex 156.081 51.4375 0
      vertex 156.771 52.6875 10
      vertex 156.771 52.6875 0
    endloop
  endfacet
  facet normal -0.875476 0.483262 0
    outer loop
      vertex 156.081 51.4375 0
      vertex 156.081 51.4375 10
      vertex 156.771 52.6875 10
    endloop
  endfacet
  facet normal -0.645483 0.763775 0
    outer loop
      vertex 155.999 51.3682 0
      vertex 156.081 51.4375 10
      vertex 156.081 51.4375 0
    endloop
  endfacet
  facet normal -0.645483 0.763775 0
    outer loop
      vertex 155.999 51.3682 0
      vertex 155.999 51.3682 10
      vertex 156.081 51.4375 10
    endloop
  endfacet
  facet normal -0.326136 0.945323 0
    outer loop
      vertex 153.999 50.6782 0
      vertex 155.999 51.3682 10
      vertex 155.999 51.3682 0
    endloop
  endfacet
  facet normal -0.326136 0.945323 0
    outer loop
      vertex 153.999 50.6782 0
      vertex 153.999 50.6782 10
      vertex 155.999 51.3682 10
    endloop
  endfacet
  facet normal 0.151842 0.988405 0
    outer loop
      vertex 153.861 50.6994 0
      vertex 153.999 50.6782 10
      vertex 153.999 50.6782 0
    endloop
  endfacet
  facet normal 0.151842 0.988405 -0
    outer loop
      vertex 153.861 50.6994 0
      vertex 153.861 50.6994 10
      vertex 153.999 50.6782 10
    endloop
  endfacet
  facet normal 0.59429 0.804251 0
    outer loop
      vertex 153.504 50.9632 0
      vertex 153.861 50.6994 10
      vertex 153.861 50.6994 0
    endloop
  endfacet
  facet normal 0.59429 0.804251 -0
    outer loop
      vertex 153.504 50.9632 0
      vertex 153.504 50.9632 10
      vertex 153.861 50.6994 10
    endloop
  endfacet
  facet normal -0.897031 0.441968 0
    outer loop
      vertex 153.45 50.8536 0
      vertex 153.504 50.9632 10
      vertex 153.504 50.9632 0
    endloop
  endfacet
  facet normal -0.897031 0.441968 0
    outer loop
      vertex 153.45 50.8536 0
      vertex 153.45 50.8536 10
      vertex 153.504 50.9632 10
    endloop
  endfacet
  facet normal -0.74805 -0.663642 0
    outer loop
      vertex 155.734 48.2791 0
      vertex 153.45 50.8536 10
      vertex 153.45 50.8536 0
    endloop
  endfacet
  facet normal -0.74805 -0.663642 0
    outer loop
      vertex 155.734 48.2791 0
      vertex 155.734 48.2791 10
      vertex 153.45 50.8536 10
    endloop
  endfacet
  facet normal -0.624893 -0.78071 0
    outer loop
      vertex 156.695 47.5099 0
      vertex 155.734 48.2791 10
      vertex 155.734 48.2791 0
    endloop
  endfacet
  facet normal -0.624893 -0.78071 0
    outer loop
      vertex 156.695 47.5099 0
      vertex 156.695 47.5099 10
      vertex 155.734 48.2791 10
    endloop
  endfacet
  facet normal -0.196116 -0.980581 0
    outer loop
      vertex 157.812 47.2865 0
      vertex 156.695 47.5099 10
      vertex 156.695 47.5099 0
    endloop
  endfacet
  facet normal -0.196116 -0.980581 0
    outer loop
      vertex 157.812 47.2865 0
      vertex 157.812 47.2865 10
      vertex 156.695 47.5099 10
    endloop
  endfacet
  facet normal 0.410383 -0.911913 0
    outer loop
      vertex 159.925 48.2374 0
      vertex 157.812 47.2865 10
      vertex 157.812 47.2865 0
    endloop
  endfacet
  facet normal 0.410383 -0.911913 0
    outer loop
      vertex 159.925 48.2374 0
      vertex 159.925 48.2374 10
      vertex 157.812 47.2865 10
    endloop
  endfacet
  facet normal 0.859079 -0.511842 0
    outer loop
      vertex 160.402 49.038 0
      vertex 159.925 48.2374 10
      vertex 159.925 48.2374 0
    endloop
  endfacet
  facet normal 0.859079 -0.511842 0
    outer loop
      vertex 160.402 49.038 0
      vertex 160.402 49.038 10
      vertex 159.925 48.2374 10
    endloop
  endfacet
  facet normal 0.982719 0.185106 0
    outer loop
      vertex 160.335 49.3937 0
      vertex 160.402 49.038 10
      vertex 160.402 49.038 0
    endloop
  endfacet
  facet normal 0.982719 0.185106 -0
    outer loop
      vertex 160.335 49.3937 0
      vertex 160.335 49.3937 10
      vertex 160.402 49.038 10
    endloop
  endfacet
  facet normal 0.491342 0.870967 0
    outer loop
      vertex 160.006 49.5793 0
      vertex 160.335 49.3937 10
      vertex 160.335 49.3937 0
    endloop
  endfacet
  facet normal 0.491342 0.870967 -0
    outer loop
      vertex 160.006 49.5793 0
      vertex 160.006 49.5793 10
      vertex 160.335 49.3937 10
    endloop
  endfacet
  facet normal 0.983224 0.1824 0
    outer loop
      vertex 159.964 49.8057 0
      vertex 160.006 49.5793 10
      vertex 160.006 49.5793 0
    endloop
  endfacet
  facet normal 0.983224 0.1824 -0
    outer loop
      vertex 159.964 49.8057 0
      vertex 159.964 49.8057 10
      vertex 160.006 49.5793 10
    endloop
  endfacet
  facet normal 0.769704 -0.638401 0
    outer loop
      vertex 160.475 50.4218 0
      vertex 159.964 49.8057 10
      vertex 159.964 49.8057 0
    endloop
  endfacet
  facet normal 0.769704 -0.638401 0
    outer loop
      vertex 160.475 50.4218 0
      vertex 160.475 50.4218 10
      vertex 159.964 49.8057 10
    endloop
  endfacet
  facet normal 0.960709 -0.277558 0
    outer loop
      vertex 160.506 50.5291 0
      vertex 160.475 50.4218 10
      vertex 160.475 50.4218 0
    endloop
  endfacet
  facet normal 0.960709 -0.277558 0
    outer loop
      vertex 160.506 50.5291 0
      vertex 160.506 50.5291 10
      vertex 160.475 50.4218 10
    endloop
  endfacet
  facet normal 0.575872 0.81754 0
    outer loop
      vertex 160.324 50.6573 0
      vertex 160.506 50.5291 10
      vertex 160.506 50.5291 0
    endloop
  endfacet
  facet normal 0.575872 0.81754 -0
    outer loop
      vertex 160.324 50.6573 0
      vertex 160.324 50.6573 10
      vertex 160.506 50.5291 10
    endloop
  endfacet
  facet normal 0.946333 0.323193 0
    outer loop
      vertex 160.267 50.8242 0
      vertex 160.324 50.6573 10
      vertex 160.324 50.6573 0
    endloop
  endfacet
  facet normal 0.946333 0.323193 -0
    outer loop
      vertex 160.267 50.8242 0
      vertex 160.267 50.8242 10
      vertex 160.324 50.6573 10
    endloop
  endfacet
  facet normal 0.570193 -0.821511 0
    outer loop
      vertex 160.419 50.9297 0
      vertex 160.267 50.8242 10
      vertex 160.267 50.8242 0
    endloop
  endfacet
  facet normal 0.570193 -0.821511 0
    outer loop
      vertex 160.419 50.9297 0
      vertex 160.419 50.9297 10
      vertex 160.267 50.8242 10
    endloop
  endfacet
  facet normal -0.0574589 -0.998348 0
    outer loop
      vertex 161.809 50.8497 0
      vertex 160.419 50.9297 10
      vertex 160.419 50.9297 0
    endloop
  endfacet
  facet normal -0.0574589 -0.998348 0
    outer loop
      vertex 161.809 50.8497 0
      vertex 161.809 50.8497 10
      vertex 160.419 50.9297 10
    endloop
  endfacet
  facet normal -0.634351 -0.773045 0
    outer loop
      vertex 161.945 50.7381 0
      vertex 161.809 50.8497 10
      vertex 161.809 50.8497 0
    endloop
  endfacet
  facet normal -0.634351 -0.773045 0
    outer loop
      vertex 161.945 50.7381 0
      vertex 161.945 50.7381 10
      vertex 161.809 50.8497 10
    endloop
  endfacet
  facet normal -0.875408 0.483384 0
    outer loop
      vertex 161.845 50.557 0
      vertex 161.945 50.7381 10
      vertex 161.945 50.7381 0
    endloop
  endfacet
  facet normal -0.875408 0.483384 0
    outer loop
      vertex 161.845 50.557 0
      vertex 161.845 50.557 10
      vertex 161.945 50.7381 10
    endloop
  endfacet
  facet normal -0.301501 0.953466 0
    outer loop
      vertex 161.364 50.4049 0
      vertex 161.845 50.557 10
      vertex 161.845 50.557 0
    endloop
  endfacet
  facet normal -0.301501 0.953466 0
    outer loop
      vertex 161.364 50.4049 0
      vertex 161.364 50.4049 10
      vertex 161.845 50.557 10
    endloop
  endfacet
  facet normal -0.987171 0.159665 0
    outer loop
      vertex 161.335 50.2256 0
      vertex 161.364 50.4049 10
      vertex 161.364 50.4049 0
    endloop
  endfacet
  facet normal -0.987171 0.159665 0
    outer loop
      vertex 161.335 50.2256 0
      vertex 161.335 50.2256 10
      vertex 161.364 50.4049 10
    endloop
  endfacet
  facet normal -0.0248831 -0.99969 0
    outer loop
      vertex 161.564 50.2199 0
      vertex 161.335 50.2256 10
      vertex 161.335 50.2256 0
    endloop
  endfacet
  facet normal -0.0248831 -0.99969 0
    outer loop
      vertex 161.564 50.2199 0
      vertex 161.564 50.2199 10
      vertex 161.335 50.2256 10
    endloop
  endfacet
  facet normal -0.607598 -0.794245 0
    outer loop
      vertex 161.704 50.1128 0
      vertex 161.564 50.2199 10
      vertex 161.564 50.2199 0
    endloop
  endfacet
  facet normal -0.607598 -0.794245 0
    outer loop
      vertex 161.704 50.1128 0
      vertex 161.704 50.1128 10
      vertex 161.564 50.2199 10
    endloop
  endfacet
  facet normal -0.995304 0.0968023 0
    outer loop
      vertex 161.693 49.9997 0
      vertex 161.704 50.1128 10
      vertex 161.704 50.1128 0
    endloop
  endfacet
  facet normal -0.995304 0.0968023 0
    outer loop
      vertex 161.693 49.9997 0
      vertex 161.693 49.9997 10
      vertex 161.704 50.1128 10
    endloop
  endfacet
  facet normal -0.882863 0.469631 0
    outer loop
      vertex 161.474 49.588 0
      vertex 161.693 49.9997 10
      vertex 161.693 49.9997 0
    endloop
  endfacet
  facet normal -0.882863 0.469631 0
    outer loop
      vertex 161.474 49.588 0
      vertex 161.474 49.588 10
      vertex 161.693 49.9997 10
    endloop
  endfacet
  facet normal 0.102615 -0.994721 0
    outer loop
      vertex 162.455 49.6892 0
      vertex 161.474 49.588 10
      vertex 161.474 49.588 0
    endloop
  endfacet
  facet normal 0.102615 -0.994721 0
    outer loop
      vertex 162.455 49.6892 0
      vertex 162.455 49.6892 10
      vertex 161.474 49.588 10
    endloop
  endfacet
  facet normal -0.503164 -0.864191 0
    outer loop
      vertex 162.607 49.6007 0
      vertex 162.455 49.6892 10
      vertex 162.455 49.6892 0
    endloop
  endfacet
  facet normal -0.503164 -0.864191 0
    outer loop
      vertex 162.607 49.6007 0
      vertex 162.607 49.6007 10
      vertex 162.455 49.6892 10
    endloop
  endfacet
  facet normal -0.955603 0.294657 0
    outer loop
      vertex 162.549 49.4126 0
      vertex 162.607 49.6007 10
      vertex 162.607 49.6007 0
    endloop
  endfacet
  facet normal -0.955603 0.294657 0
    outer loop
      vertex 162.549 49.4126 0
      vertex 162.549 49.4126 10
      vertex 162.607 49.6007 10
    endloop
  endfacet
  facet normal -0.527945 0.849279 0
    outer loop
      vertex 161.768 48.9271 0
      vertex 162.549 49.4126 10
      vertex 162.549 49.4126 0
    endloop
  endfacet
  facet normal -0.527945 0.849279 0
    outer loop
      vertex 161.768 48.9271 0
      vertex 161.768 48.9271 10
      vertex 162.549 49.4126 10
    endloop
  endfacet
  facet normal -0.287348 -0.957826 0
    outer loop
      vertex 161.769 48.9268 0
      vertex 161.768 48.9271 10
      vertex 161.768 48.9271 0
    endloop
  endfacet
  facet normal -0.287348 -0.957826 0
    outer loop
      vertex 161.769 48.9268 0
      vertex 161.769 48.9268 10
      vertex 161.768 48.9271 10
    endloop
  endfacet
  facet normal -0.980092 0.198545 0
    outer loop
      vertex 161.736 48.7639 0
      vertex 161.769 48.9268 10
      vertex 161.769 48.9268 0
    endloop
  endfacet
  facet normal -0.980092 0.198545 0
    outer loop
      vertex 161.736 48.7639 0
      vertex 161.736 48.7639 10
      vertex 161.769 48.9268 10
    endloop
  endfacet
  facet normal -0.707107 0.707107 0
    outer loop
      vertex 161.585 48.6129 0
      vertex 161.736 48.7639 10
      vertex 161.736 48.7639 0
    endloop
  endfacet
  facet normal -0.707107 0.707107 0
    outer loop
      vertex 161.585 48.6129 0
      vertex 161.585 48.6129 10
      vertex 161.736 48.7639 10
    endloop
  endfacet
  facet normal -0.8191 -0.57365 0
    outer loop
      vertex 161.933 48.116 0
      vertex 161.585 48.6129 10
      vertex 161.585 48.6129 0
    endloop
  endfacet
  facet normal -0.8191 -0.57365 0
    outer loop
      vertex 161.933 48.116 0
      vertex 161.933 48.116 10
      vertex 161.585 48.6129 10
    endloop
  endfacet
  facet normal -0.925087 -0.379756 0
    outer loop
      vertex 161.958 48.0551 0
      vertex 161.933 48.116 10
      vertex 161.933 48.116 0
    endloop
  endfacet
  facet normal -0.925087 -0.379756 0
    outer loop
      vertex 161.958 48.0551 0
      vertex 161.958 48.0551 10
      vertex 161.933 48.116 10
    endloop
  endfacet
  facet normal -0.985887 -0.167415 0
    outer loop
      vertex 162.138 46.9951 0
      vertex 161.958 48.0551 10
      vertex 161.958 48.0551 0
    endloop
  endfacet
  facet normal -0.985887 -0.167415 0
    outer loop
      vertex 162.138 46.9951 0
      vertex 162.138 46.9951 10
      vertex 161.958 48.0551 10
    endloop
  endfacet
  facet normal -0.998843 0.0480984 0
    outer loop
      vertex 162.135 46.9328 0
      vertex 162.138 46.9951 10
      vertex 162.138 46.9951 0
    endloop
  endfacet
  facet normal -0.998843 0.0480984 0
    outer loop
      vertex 162.135 46.9328 0
      vertex 162.135 46.9328 10
      vertex 162.138 46.9951 10
    endloop
  endfacet
  facet normal -0.96878 0.247922 0
    outer loop
      vertex 161.635 44.979 0
      vertex 162.135 46.9328 10
      vertex 162.135 46.9328 0
    endloop
  endfacet
  facet normal -0.96878 0.247922 0
    outer loop
      vertex 161.635 44.979 0
      vertex 161.635 44.979 10
      vertex 162.135 46.9328 10
    endloop
  endfacet
  facet normal -0.971645 -0.236443 0
    outer loop
      vertex 161.879 43.9763 0
      vertex 161.635 44.979 10
      vertex 161.635 44.979 0
    endloop
  endfacet
  facet normal -0.971645 -0.236443 0
    outer loop
      vertex 161.879 43.9763 0
      vertex 161.879 43.9763 10
      vertex 161.635 44.979 10
    endloop
  endfacet
  facet normal -0.414318 -0.910132 0
    outer loop
      vertex 162.252 43.8065 0
      vertex 161.879 43.9763 10
      vertex 161.879 43.9763 0
    endloop
  endfacet
  facet normal -0.414318 -0.910132 0
    outer loop
      vertex 162.252 43.8065 0
      vertex 162.252 43.8065 10
      vertex 161.879 43.9763 10
    endloop
  endfacet
  facet normal -0.869706 -0.493571 0
    outer loop
      vertex 162.339 43.6532 0
      vertex 162.252 43.8065 10
      vertex 162.252 43.8065 0
    endloop
  endfacet
  facet normal -0.869706 -0.493571 0
    outer loop
      vertex 162.339 43.6532 0
      vertex 162.339 43.6532 10
      vertex 162.252 43.8065 10
    endloop
  endfacet
  facet normal -0.617822 0.786318 0
    outer loop
      vertex 162.171 43.5212 0
      vertex 162.339 43.6532 10
      vertex 162.339 43.6532 0
    endloop
  endfacet
  facet normal -0.617822 0.786318 0
    outer loop
      vertex 162.171 43.5212 0
      vertex 162.171 43.5212 10
      vertex 162.339 43.6532 10
    endloop
  endfacet
  facet normal 0.127583 0.991828 0
    outer loop
      vertex 161.944 43.5504 0
      vertex 162.171 43.5212 10
      vertex 162.171 43.5212 0
    endloop
  endfacet
  facet normal 0.127583 0.991828 -0
    outer loop
      vertex 161.944 43.5504 0
      vertex 161.944 43.5504 10
      vertex 162.171 43.5212 10
    endloop
  endfacet
  facet normal -0.999184 0.0403983 0
    outer loop
      vertex 161.935 43.3278 0
      vertex 161.944 43.5504 10
      vertex 161.944 43.5504 0
    endloop
  endfacet
  facet normal -0.999184 0.0403983 0
    outer loop
      vertex 161.935 43.3278 0
      vertex 161.935 43.3278 10
      vertex 161.944 43.5504 10
    endloop
  endfacet
  facet normal 0.805371 -0.592771 0
    outer loop
      vertex 162.039 43.4691 0
      vertex 161.935 43.3278 10
      vertex 161.935 43.3278 0
    endloop
  endfacet
  facet normal 0.805371 -0.592771 0
    outer loop
      vertex 162.039 43.4691 0
      vertex 162.039 43.4691 10
      vertex 161.935 43.3278 10
    endloop
  endfacet
  facet normal 0.301892 -0.953342 0
    outer loop
      vertex 162.207 43.5223 0
      vertex 162.039 43.4691 10
      vertex 162.039 43.4691 0
    endloop
  endfacet
  facet normal 0.301892 -0.953342 0
    outer loop
      vertex 162.207 43.5223 0
      vertex 162.207 43.5223 10
      vertex 162.039 43.4691 10
    endloop
  endfacet
  facet normal -0.741166 -0.671322 0
    outer loop
      vertex 162.306 43.413 0
      vertex 162.207 43.5223 10
      vertex 162.207 43.5223 0
    endloop
  endfacet
  facet normal -0.741166 -0.671322 0
    outer loop
      vertex 162.306 43.413 0
      vertex 162.306 43.413 10
      vertex 162.207 43.5223 10
    endloop
  endfacet
  facet normal -0.975441 -0.220261 0
    outer loop
      vertex 162.376 43.103 0
      vertex 162.306 43.413 10
      vertex 162.306 43.413 0
    endloop
  endfacet
  facet normal -0.975441 -0.220261 0
    outer loop
      vertex 162.376 43.103 0
      vertex 162.376 43.103 10
      vertex 162.306 43.413 10
    endloop
  endfacet
  facet normal -0.999261 0.0384331 0
    outer loop
      vertex 162.373 43.025 0
      vertex 162.376 43.103 10
      vertex 162.376 43.103 0
    endloop
  endfacet
  facet normal -0.999261 0.0384331 0
    outer loop
      vertex 162.373 43.025 0
      vertex 162.373 43.025 10
      vertex 162.376 43.103 10
    endloop
  endfacet
  facet normal -0.954051 0.299643 0
    outer loop
      vertex 162.105 42.1717 0
      vertex 162.373 43.025 10
      vertex 162.373 43.025 0
    endloop
  endfacet
  facet normal -0.954051 0.299643 0
    outer loop
      vertex 162.105 42.1717 0
      vertex 162.105 42.1717 10
      vertex 162.373 43.025 10
    endloop
  endfacet
  facet normal -0.980516 -0.196438 0
    outer loop
      vertex 163.114 37.1353 0
      vertex 162.105 42.1717 10
      vertex 162.105 42.1717 0
    endloop
  endfacet
  facet normal -0.980516 -0.196438 0
    outer loop
      vertex 163.114 37.1353 0
      vertex 163.114 37.1353 10
      vertex 162.105 42.1717 10
    endloop
  endfacet
  facet normal -0.916509 -0.400015 0
    outer loop
      vertex 163.84 35.4719 0
      vertex 163.114 37.1353 10
      vertex 163.114 37.1353 0
    endloop
  endfacet
  facet normal -0.916509 -0.400015 0
    outer loop
      vertex 163.84 35.4719 0
      vertex 163.84 35.4719 10
      vertex 163.114 37.1353 10
    endloop
  endfacet
  facet normal -0.307527 -0.95154 0
    outer loop
      vertex 164.116 35.3827 0
      vertex 163.84 35.4719 10
      vertex 163.84 35.4719 0
    endloop
  endfacet
  facet normal -0.307527 -0.95154 0
    outer loop
      vertex 164.116 35.3827 0
      vertex 164.116 35.3827 10
      vertex 163.84 35.4719 10
    endloop
  endfacet
  facet normal -0.941979 -0.335672 0
    outer loop
      vertex 164.196 35.1582 0
      vertex 164.116 35.3827 10
      vertex 164.116 35.3827 0
    endloop
  endfacet
  facet normal -0.941979 -0.335672 0
    outer loop
      vertex 164.196 35.1582 0
      vertex 164.196 35.1582 10
      vertex 164.116 35.3827 10
    endloop
  endfacet
  facet normal -0.838082 0.545544 0
    outer loop
      vertex 164.127 35.0522 0
      vertex 164.196 35.1582 10
      vertex 164.196 35.1582 0
    endloop
  endfacet
  facet normal -0.838082 0.545544 0
    outer loop
      vertex 164.127 35.0522 0
      vertex 164.127 35.0522 10
      vertex 164.196 35.1582 10
    endloop
  endfacet
  facet normal -0.760875 -0.648899 0
    outer loop
      vertex 164.404 34.7274 0
      vertex 164.127 35.0522 10
      vertex 164.127 35.0522 0
    endloop
  endfacet
  facet normal -0.760875 -0.648899 0
    outer loop
      vertex 164.404 34.7274 0
      vertex 164.404 34.7274 10
      vertex 164.127 35.0522 10
    endloop
  endfacet
  facet normal -0.996844 -0.0793846 0
    outer loop
      vertex 164.418 34.5516 0
      vertex 164.404 34.7274 10
      vertex 164.404 34.7274 0
    endloop
  endfacet
  facet normal -0.996844 -0.0793846 0
    outer loop
      vertex 164.418 34.5516 0
      vertex 164.418 34.5516 10
      vertex 164.404 34.7274 10
    endloop
  endfacet
  facet normal -0.488188 0.872738 0
    outer loop
      vertex 164.29 34.48 0
      vertex 164.418 34.5516 10
      vertex 164.418 34.5516 0
    endloop
  endfacet
  facet normal -0.488188 0.872738 0
    outer loop
      vertex 164.29 34.48 0
      vertex 164.29 34.48 10
      vertex 164.418 34.5516 10
    endloop
  endfacet
  facet normal 0 1 0
    outer loop
      vertex 164.231 34.48 0
      vertex 164.29 34.48 10
      vertex 164.29 34.48 0
    endloop
  endfacet
  facet normal 0 1 0
    outer loop
      vertex 164.231 34.48 0
      vertex 164.231 34.48 10
      vertex 164.29 34.48 10
    endloop
  endfacet
  facet normal -0.91302 -0.407915 0
    outer loop
      vertex 164.461 33.9652 0
      vertex 164.231 34.48 10
      vertex 164.231 34.48 0
    endloop
  endfacet
  facet normal -0.91302 -0.407915 0
    outer loop
      vertex 164.461 33.9652 0
      vertex 164.461 33.9652 10
      vertex 164.231 34.48 10
    endloop
  endfacet
  facet normal -0.810812 -0.585306 0
    outer loop
      vertex 165.412 32.6478 0
      vertex 164.461 33.9652 10
      vertex 164.461 33.9652 0
    endloop
  endfacet
  facet normal -0.810812 -0.585306 0
    outer loop
      vertex 165.412 32.6478 0
      vertex 165.412 32.6478 10
      vertex 164.461 33.9652 10
    endloop
  endfacet
  facet normal -0.90429 -0.426918 0
    outer loop
      vertex 165.434 32.6012 0
      vertex 165.412 32.6478 10
      vertex 165.412 32.6478 0
    endloop
  endfacet
  facet normal -0.90429 -0.426918 0
    outer loop
      vertex 165.434 32.6012 0
      vertex 165.434 32.6012 10
      vertex 165.412 32.6478 10
    endloop
  endfacet
  facet normal -0.961527 -0.27471 0
    outer loop
      vertex 166.688 28.212 0
      vertex 165.434 32.6012 10
      vertex 165.434 32.6012 0
    endloop
  endfacet
  facet normal -0.961527 -0.27471 0
    outer loop
      vertex 166.688 28.212 0
      vertex 166.688 28.212 10
      vertex 165.434 32.6012 10
    endloop
  endfacet
  facet normal -0.844595 -0.535405 0
    outer loop
      vertex 168.407 25.5003 0
      vertex 166.688 28.212 10
      vertex 166.688 28.212 0
    endloop
  endfacet
  facet normal -0.844595 -0.535405 0
    outer loop
      vertex 168.407 25.5003 0
      vertex 168.407 25.5003 10
      vertex 166.688 28.212 10
    endloop
  endfacet
  facet normal -0.903426 -0.428744 0
    outer loop
      vertex 168.421 25.4708 0
      vertex 168.407 25.5003 10
      vertex 168.407 25.5003 0
    endloop
  endfacet
  facet normal -0.903426 -0.428744 0
    outer loop
      vertex 168.421 25.4708 0
      vertex 168.421 25.4708 10
      vertex 168.407 25.5003 10
    endloop
  endfacet
  facet normal -0.940906 -0.338668 0
    outer loop
      vertex 169.451 22.6092 0
      vertex 168.421 25.4708 10
      vertex 168.421 25.4708 0
    endloop
  endfacet
  facet normal -0.940906 -0.338668 0
    outer loop
      vertex 169.451 22.6092 0
      vertex 169.451 22.6092 10
      vertex 168.421 25.4708 10
    endloop
  endfacet
  facet normal -0.736864 -0.676041 0
    outer loop
      vertex 169.77 22.2615 0
      vertex 169.451 22.6092 10
      vertex 169.451 22.6092 0
    endloop
  endfacet
  facet normal -0.736864 -0.676041 0
    outer loop
      vertex 169.77 22.2615 0
      vertex 169.77 22.2615 10
      vertex 169.451 22.6092 10
    endloop
  endfacet
  facet normal -0.870374 -0.492391 0
    outer loop
      vertex 169.804 22.2014 0
      vertex 169.77 22.2615 10
      vertex 169.77 22.2615 0
    endloop
  endfacet
  facet normal -0.870374 -0.492391 0
    outer loop
      vertex 169.804 22.2014 0
      vertex 169.804 22.2014 10
      vertex 169.77 22.2615 10
    endloop
  endfacet
  facet normal -0.961106 -0.27618 0
    outer loop
      vertex 170.054 21.3314 0
      vertex 169.804 22.2014 10
      vertex 169.804 22.2014 0
    endloop
  endfacet
  facet normal -0.961106 -0.27618 0
    outer loop
      vertex 170.054 21.3314 0
      vertex 170.054 21.3314 10
      vertex 169.804 22.2014 10
    endloop
  endfacet
  facet normal -0.940256 0.340467 0
    outer loop
      vertex 169.994 21.1657 0
      vertex 170.054 21.3314 10
      vertex 170.054 21.3314 0
    endloop
  endfacet
  facet normal -0.940256 0.340467 0
    outer loop
      vertex 169.994 21.1657 0
      vertex 169.994 21.1657 10
      vertex 170.054 21.3314 10
    endloop
  endfacet
  facet normal -0.267104 0.963668 0
    outer loop
      vertex 169.902 21.1402 0
      vertex 169.994 21.1657 10
      vertex 169.994 21.1657 0
    endloop
  endfacet
  facet normal -0.267104 0.963668 0
    outer loop
      vertex 169.902 21.1402 0
      vertex 169.902 21.1402 10
      vertex 169.994 21.1657 10
    endloop
  endfacet
  facet normal 0.0526297 0.998614 0
    outer loop
      vertex 169.754 21.148 0
      vertex 169.902 21.1402 10
      vertex 169.902 21.1402 0
    endloop
  endfacet
  facet normal 0.0526297 0.998614 -0
    outer loop
      vertex 169.754 21.148 0
      vertex 169.754 21.148 10
      vertex 169.902 21.1402 10
    endloop
  endfacet
  facet normal -0.988716 -0.149805 0
    outer loop
      vertex 169.755 21.1414 0
      vertex 169.754 21.148 10
      vertex 169.754 21.148 0
    endloop
  endfacet
  facet normal -0.988716 -0.149805 0
    outer loop
      vertex 169.755 21.1414 0
      vertex 169.755 21.1414 10
      vertex 169.754 21.148 10
    endloop
  endfacet
  facet normal -0.924877 -0.380266 0
    outer loop
      vertex 170.249 19.9399 0
      vertex 169.755 21.1414 10
      vertex 169.755 21.1414 0
    endloop
  endfacet
  facet normal -0.924877 -0.380266 0
    outer loop
      vertex 170.249 19.9399 0
      vertex 170.249 19.9399 10
      vertex 169.755 21.1414 10
    endloop
  endfacet
  facet normal -0.75435 -0.656473 0
    outer loop
      vertex 171.355 18.669 0
      vertex 170.249 19.9399 10
      vertex 170.249 19.9399 0
    endloop
  endfacet
  facet normal -0.75435 -0.656473 0
    outer loop
      vertex 171.355 18.669 0
      vertex 171.355 18.669 10
      vertex 170.249 19.9399 10
    endloop
  endfacet
  facet normal -0.475058 -0.879954 0
    outer loop
      vertex 172.258 18.1815 0
      vertex 171.355 18.669 10
      vertex 171.355 18.669 0
    endloop
  endfacet
  facet normal -0.475058 -0.879954 0
    outer loop
      vertex 172.258 18.1815 0
      vertex 172.258 18.1815 10
      vertex 171.355 18.669 10
    endloop
  endfacet
  facet normal 0.495482 -0.868618 0
    outer loop
      vertex 173.34 18.7987 0
      vertex 172.258 18.1815 10
      vertex 172.258 18.1815 0
    endloop
  endfacet
  facet normal 0.495482 -0.868618 0
    outer loop
      vertex 173.34 18.7987 0
      vertex 173.34 18.7987 10
      vertex 172.258 18.1815 10
    endloop
  endfacet
endsolid OpenSCAD_Model
