solid OpenSCAD_Model
  facet normal 0 0 -1
    outer loop
      vertex -208.603 36.2647 0
      vertex -207.863 41.5314 0
      vertex -206.401 41.6203 0
    endloop
  endfacet
  facet normal 0 -0 -1
    outer loop
      vertex -205.027 34.27 0
      vertex -204.773 33.8675 0
      vertex -205.042 32.9641 0
    endloop
  endfacet
  facet normal 0 0 -1
    outer loop
      vertex -210.311 36.9712 0
      vertex -210.773 37.0837 0
      vertex -209.866 40.9166 0
    endloop
  endfacet
  facet normal -0 0 -1
    outer loop
      vertex -203.231 38.8293 0
      vertex -203.991 36.2638 0
      vertex -203.267 39.002 0
    endloop
  endfacet
  facet normal 0 0 -1
    outer loop
      vertex -203.231 38.8293 0
      vertex -203.86 36.34 0
      vertex -203.991 36.2638 0
    endloop
  endfacet
  facet normal 0 0 -1
    outer loop
      vertex -201.085 36.8688 0
      vertex -201.128 36.34 0
      vertex -203.86 36.34 0
    endloop
  endfacet
  facet normal 0 0 -1
    outer loop
      vertex -203.267 39.002 0
      vertex -204.28 41.763 0
      vertex -203.44 41.593 0
    endloop
  endfacet
  facet normal 0 -0 -1
    outer loop
      vertex -203.231 38.8293 0
      vertex -201.085 36.8688 0
      vertex -203.86 36.34 0
    endloop
  endfacet
  facet normal 0 0 -1
    outer loop
      vertex -203.325 41.6165 0
      vertex -202.745 42.0165 0
      vertex -202.2 40.4 0
    endloop
  endfacet
  facet normal 0 0 -1
    outer loop
      vertex -202.35 40.2511 0
      vertex -203.44 41.593 0
      vertex -203.325 41.6165 0
    endloop
  endfacet
  facet normal 0 0 -1
    outer loop
      vertex -202.35 40.2511 0
      vertex -202.359 39.0816 0
      vertex -203.128 39.09 0
    endloop
  endfacet
  facet normal 0 0 -1
    outer loop
      vertex -200.94 45.249 0
      vertex -194.964 44.628 0
      vertex -194.997 44.4584 0
    endloop
  endfacet
  facet normal 0 -0 -1
    outer loop
      vertex -197.454 48.6008 0
      vertex -194.42 45.9269 0
      vertex -197.486 48.5919 0
    endloop
  endfacet
  facet normal 0 0 -1
    outer loop
      vertex -200.978 45.1508 0
      vertex -196.738 41.869 0
      vertex -196.851 41.793 0
    endloop
  endfacet
  facet normal 0 0 -1
    outer loop
      vertex -198.217 40.6379 0
      vertex -198.264 40.3903 0
      vertex -202.2 40.4 0
    endloop
  endfacet
  facet normal -0 0 -1
    outer loop
      vertex -194.997 44.4584 0
      vertex -195.85 42.7049 0
      vertex -200.94 45.249 0
    endloop
  endfacet
  facet normal 0 0 -1
    outer loop
      vertex -200.94 45.249 0
      vertex -199.551 48.2559 0
      vertex -197.486 48.5919 0
    endloop
  endfacet
  facet normal 0 0 -1
    outer loop
      vertex -196.851 41.793 0
      vertex -197.437 40.7425 0
      vertex -198.066 40.7599 0
    endloop
  endfacet
  facet normal -0 0 -1
    outer loop
      vertex -196.302 41.9202 0
      vertex -196.738 41.869 0
      vertex -195.85 42.7049 0
    endloop
  endfacet
  facet normal 0 0 -1
    outer loop
      vertex -195.689 42.7767 0
      vertex -194.756 43.474 0
      vertex -195.57 42.6382 0
    endloop
  endfacet
  facet normal 0 0 -1
    outer loop
      vertex -195.85 42.7049 0
      vertex -194.997 44.4584 0
      vertex -194.95 43.8435 0
    endloop
  endfacet
  facet normal 0 0 -1
    outer loop
      vertex -195.57 42.6382 0
      vertex -194.756 43.474 0
      vertex -195.283 41.6211 0
    endloop
  endfacet
  facet normal 0 0 -1
    outer loop
      vertex -195.283 41.6211 0
      vertex -194.756 43.474 0
      vertex -194.675 43.493 0
    endloop
  endfacet
  facet normal 0 0 -1
    outer loop
      vertex -195.283 41.6211 0
      vertex -195.533 41.9536 0
      vertex -195.57 42.6382 0
    endloop
  endfacet
  facet normal 0 0 -1
    outer loop
      vertex -195.689 42.7767 0
      vertex -194.94 43.6135 0
      vertex -194.756 43.474 0
    endloop
  endfacet
  facet normal -0 0 -1
    outer loop
      vertex -195.689 42.7767 0
      vertex -195.85 42.7049 0
      vertex -194.95 43.8435 0
    endloop
  endfacet
  facet normal 0 0 -1
    outer loop
      vertex -195.689 42.7767 0
      vertex -194.95 43.8435 0
      vertex -194.94 43.6135 0
    endloop
  endfacet
  facet normal 0 0 -1
    outer loop
      vertex -194.95 43.8435 0
      vertex -194.907 44.2584 0
      vertex -194.908 43.954 0
    endloop
  endfacet
  facet normal 0 0 -1
    outer loop
      vertex -194.95 43.8435 0
      vertex -194.997 44.4584 0
      vertex -194.907 44.2584 0
    endloop
  endfacet
  facet normal 0 0 -1
    outer loop
      vertex -194.691 44.1798 0
      vertex -194.908 43.954 0
      vertex -194.749 44.1715 0
    endloop
  endfacet
  facet normal -0 0 -1
    outer loop
      vertex -194.749 44.1715 0
      vertex -194.908 43.954 0
      vertex -194.907 44.2584 0
    endloop
  endfacet
  facet normal 0 0 -1
    outer loop
      vertex -200.94 45.249 0
      vertex -200.93 46.669 0
      vertex -199.551 48.2559 0
    endloop
  endfacet
  facet normal -0 0 -1
    outer loop
      vertex -194.42 45.9269 0
      vertex -194.964 44.628 0
      vertex -197.486 48.5919 0
    endloop
  endfacet
  facet normal 0 0 -1
    outer loop
      vertex -197.454 48.6008 0
      vertex -194.385 46.016 0
      vertex -194.42 45.9269 0
    endloop
  endfacet
  facet normal -0 0 -1
    outer loop
      vertex -194.457 45.1165 0
      vertex -194.964 44.628 0
      vertex -194.42 45.9269 0
    endloop
  endfacet
  facet normal 0 0 -1
    outer loop
      vertex -197.454 48.6008 0
      vertex -196.555 48.9622 0
      vertex -194.385 46.016 0
    endloop
  endfacet
  facet normal 0 -0 -1
    outer loop
      vertex -193.613 49.0411 0
      vertex -193.077 48.6633 0
      vertex -193.62 48.9744 0
    endloop
  endfacet
  facet normal 0 0 -1
    outer loop
      vertex -194.385 46.016 0
      vertex -195.581 49.0387 0
      vertex -193.923 48.6637 0
    endloop
  endfacet
  facet normal 0 -0 -1
    outer loop
      vertex -193.62 48.9744 0
      vertex -193.077 48.6633 0
      vertex -193.76 48.7344 0
    endloop
  endfacet
  facet normal 0 0 -1
    outer loop
      vertex -193.923 48.6637 0
      vertex -193.76 48.7344 0
      vertex -192.985 48.1257 0
    endloop
  endfacet
  facet normal 0 0 -1
    outer loop
      vertex -193.301 47.3173 0
      vertex -193.923 48.6637 0
      vertex -192.985 48.1257 0
    endloop
  endfacet
  facet normal 0 0 -1
    outer loop
      vertex -193.76 48.7344 0
      vertex -193.077 48.6633 0
      vertex -192.985 48.1257 0
    endloop
  endfacet
  facet normal 0 0 -1
    outer loop
      vertex -196.555 48.9622 0
      vertex -195.581 49.0387 0
      vertex -194.385 46.016 0
    endloop
  endfacet
  facet normal -0 0 -1
    outer loop
      vertex -193.301 47.3173 0
      vertex -194.385 46.016 0
      vertex -193.923 48.6637 0
    endloop
  endfacet
  facet normal 0 0 -1
    outer loop
      vertex -200.94 45.249 0
      vertex -197.486 48.5919 0
      vertex -194.964 44.628 0
    endloop
  endfacet
  facet normal 0 0 -1
    outer loop
      vertex -199.551 48.2559 0
      vertex -200.93 46.669 0
      vertex -200.653 47.6679 0
    endloop
  endfacet
  facet normal 0 0 -1
    outer loop
      vertex -196.738 41.869 0
      vertex -200.978 45.1508 0
      vertex -200.94 45.249 0
    endloop
  endfacet
  facet normal 0 0 -1
    outer loop
      vertex -196.738 41.869 0
      vertex -200.94 45.249 0
      vertex -195.85 42.7049 0
    endloop
  endfacet
  facet normal -0 0 -1
    outer loop
      vertex -196.851 41.793 0
      vertex -198.066 40.7599 0
      vertex -201.491 43.8332 0
    endloop
  endfacet
  facet normal 0 0 -1
    outer loop
      vertex -200.978 45.1508 0
      vertex -201.491 43.8332 0
      vertex -201.396 44.6762 0
    endloop
  endfacet
  facet normal 0 0 -1
    outer loop
      vertex -196.851 41.793 0
      vertex -201.491 43.8332 0
      vertex -200.978 45.1508 0
    endloop
  endfacet
  facet normal -0 0 -1
    outer loop
      vertex -198.217 40.6379 0
      vertex -202.2 40.4 0
      vertex -201.554 43.7273 0
    endloop
  endfacet
  facet normal 0 0 -1
    outer loop
      vertex -201.554 43.7273 0
      vertex -202.684 42.1742 0
      vertex -202.834 42.8142 0
    endloop
  endfacet
  facet normal 0 0 -1
    outer loop
      vertex -201.554 43.7273 0
      vertex -198.066 40.7599 0
      vertex -198.217 40.6379 0
    endloop
  endfacet
  facet normal 0 -0 -1
    outer loop
      vertex -201.491 43.8332 0
      vertex -198.066 40.7599 0
      vertex -201.554 43.7273 0
    endloop
  endfacet
  facet normal 0 0 -1
    outer loop
      vertex -201.554 43.7273 0
      vertex -202.2 40.4 0
      vertex -202.684 42.1742 0
    endloop
  endfacet
  facet normal 0 0 -1
    outer loop
      vertex -203.128 39.09 0
      vertex -203.44 41.593 0
      vertex -202.35 40.2511 0
    endloop
  endfacet
  facet normal 0 0 -1
    outer loop
      vertex -201.554 43.7273 0
      vertex -202.834 42.8142 0
      vertex -202.845 42.8192 0
    endloop
  endfacet
  facet normal 0 0 -1
    outer loop
      vertex -202.35 40.2511 0
      vertex -203.325 41.6165 0
      vertex -202.2 40.4 0
    endloop
  endfacet
  facet normal 0 -0 -1
    outer loop
      vertex -202.684 42.1742 0
      vertex -202.2 40.4 0
      vertex -202.745 42.0165 0
    endloop
  endfacet
  facet normal 0 0 -1
    outer loop
      vertex -205.379 42.113 0
      vertex -204.393 41.8645 0
      vertex -204.28 41.763 0
    endloop
  endfacet
  facet normal -0 0 -1
    outer loop
      vertex -203.128 39.09 0
      vertex -203.267 39.002 0
      vertex -203.44 41.593 0
    endloop
  endfacet
  facet normal 0 0 -1
    outer loop
      vertex -206.343 41.6356 0
      vertex -205.379 42.113 0
      vertex -204.28 41.763 0
    endloop
  endfacet
  facet normal 0 0 -1
    outer loop
      vertex -203.267 39.002 0
      vertex -206.343 41.6356 0
      vertex -204.28 41.763 0
    endloop
  endfacet
  facet normal 0 -0 -1
    outer loop
      vertex -204.497 42.1901 0
      vertex -204.393 41.8645 0
      vertex -205.379 42.113 0
    endloop
  endfacet
  facet normal 0 0 -1
    outer loop
      vertex -203.267 39.002 0
      vertex -206.401 41.6203 0
      vertex -206.343 41.6356 0
    endloop
  endfacet
  facet normal 0 0 -1
    outer loop
      vertex -210.141 36.9218 0
      vertex -209.834 36.7876 0
      vertex -210.116 36.7877 0
    endloop
  endfacet
  facet normal -0 0 -1
    outer loop
      vertex -212.562 42.1534 0
      vertex -215.914 35.9593 0
      vertex -213.222 42.4534 0
    endloop
  endfacet
  facet normal 0 0 -1
    outer loop
      vertex -219.365 37.3671 0
      vertex -213.222 42.4534 0
      vertex -217.19 36.0966 0
    endloop
  endfacet
  facet normal 0 0 -1
    outer loop
      vertex -212.362 42.2323 0
      vertex -212.372 42.2762 0
      vertex -211.565 42.1745 0
    endloop
  endfacet
  facet normal 0 0 -1
    outer loop
      vertex -212.562 42.1534 0
      vertex -212.362 42.2323 0
      vertex -211.565 42.1745 0
    endloop
  endfacet
  facet normal 0 0 -1
    outer loop
      vertex -210.752 41.7588 0
      vertex -212.562 42.1534 0
      vertex -211.565 42.1745 0
    endloop
  endfacet
  facet normal 0 -0 -1
    outer loop
      vertex -214.092 43.7298 0
      vertex -213.309 42.6068 0
      vertex -219.365 37.3671 0
    endloop
  endfacet
  facet normal -0 -0 -1
    outer loop
      vertex -210.752 41.7588 0
      vertex -210.021 40.9588 0
      vertex -212.562 42.1534 0
    endloop
  endfacet
  facet normal 0 0 -1
    outer loop
      vertex -219.439 37.4068 0
      vertex -221.484 37.8337 0
      vertex -216.087 46.9859 0
    endloop
  endfacet
  facet normal 0 0 -1
    outer loop
      vertex -259.069 74.8594 0
      vertex -255.513 74.9787 0
      vertex -255.545 74.8053 0
    endloop
  endfacet
  facet normal 0 0 -1
    outer loop
      vertex -216.109 47.0238 0
      vertex -224.04 38.9431 0
      vertex -225.685 39.9777 0
    endloop
  endfacet
  facet normal 0 0 -1
    outer loop
      vertex -214.092 43.7298 0
      vertex -213.179 42.7128 0
      vertex -213.309 42.6068 0
    endloop
  endfacet
  facet normal -0 0 -1
    outer loop
      vertex -250.617 64.3054 0
      vertex -251.419 62.3644 0
      vertex -250.667 64.3908 0
    endloop
  endfacet
  facet normal 0 0 -1
    outer loop
      vertex -251.585 62.3032 0
      vertex -253.402 63.9185 0
      vertex -253.347 64.086 0
    endloop
  endfacet
  facet normal 0 0 -1
    outer loop
      vertex -216.087 46.9859 0
      vertex -214.485 44.9988 0
      vertex -214.124 43.7871 0
    endloop
  endfacet
  facet normal 0 0 -1
    outer loop
      vertex -253.3 65.8758 0
      vertex -251.462 66.1014 0
      vertex -251.38 66.0127 0
    endloop
  endfacet
  facet normal 0 0 -1
    outer loop
      vertex -246.011 55.6889 0
      vertex -248.087 56.4378 0
      vertex -246.06 55.793 0
    endloop
  endfacet
  facet normal 0 0 -1
    outer loop
      vertex -222.992 65.5798 0
      vertex -229.376 67.2659 0
      vertex -223.016 65.6162 0
    endloop
  endfacet
  facet normal 0 0 -1
    outer loop
      vertex -217.369 50.2985 0
      vertex -217.34 50.2608 0
      vertex -217.369 50.1438 0
    endloop
  endfacet
  facet normal 0 0 -1
    outer loop
      vertex -217.397 50.3626 0
      vertex -217.369 50.2985 0
      vertex -217.369 50.1438 0
    endloop
  endfacet
  facet normal 0 -0 -1
    outer loop
      vertex -221.144 62.4218 0
      vertex -220.374 60.9118 0
      vertex -234.984 51.7457 0
    endloop
  endfacet
  facet normal -0 -0 -1
    outer loop
      vertex -221.159 62.4766 0
      vertex -221.144 62.4218 0
      vertex -229.376 67.2659 0
    endloop
  endfacet
  facet normal 0 0 -1
    outer loop
      vertex -234.953 51.7009 0
      vertex -234.984 51.7457 0
      vertex -220.374 60.9118 0
    endloop
  endfacet
  facet normal 0 0 -1
    outer loop
      vertex -220.292 60.8394 0
      vertex -217.189 55.9328 0
      vertex -217.579 51.3728 0
    endloop
  endfacet
  facet normal 0 0 -1
    outer loop
      vertex -220.292 60.8394 0
      vertex -217.184 55.9633 0
      vertex -217.189 55.9328 0
    endloop
  endfacet
  facet normal 0 -0 -1
    outer loop
      vertex -216.442 59.4094 0
      vertex -216.331 59.4123 0
      vertex -217.184 55.9633 0
    endloop
  endfacet
  facet normal 0 -0 -1
    outer loop
      vertex -216.331 59.4123 0
      vertex -216.117 59.5046 0
      vertex -217.184 55.9633 0
    endloop
  endfacet
  facet normal 0 0 -1
    outer loop
      vertex -220.292 60.8394 0
      vertex -216.442 59.4094 0
      vertex -217.184 55.9633 0
    endloop
  endfacet
  facet normal 0 0 -1
    outer loop
      vertex -223.016 65.6162 0
      vertex -228.566 67.8159 0
      vertex -224.025 67.7625 0
    endloop
  endfacet
  facet normal 0 0 -1
    outer loop
      vertex -224.025 67.7625 0
      vertex -228.513 67.8781 0
      vertex -225.49 69.2278 0
    endloop
  endfacet
  facet normal 0 0 -1
    outer loop
      vertex -224.025 67.7625 0
      vertex -228.566 67.8159 0
      vertex -228.513 67.8781 0
    endloop
  endfacet
  facet normal -0 -0 -1
    outer loop
      vertex -222.992 65.5798 0
      vertex -221.159 62.4766 0
      vertex -229.376 67.2659 0
    endloop
  endfacet
  facet normal 0 0 -1
    outer loop
      vertex -222.992 65.5798 0
      vertex -221.265 63.6569 0
      vertex -221.159 62.4766 0
    endloop
  endfacet
  facet normal 0 -0 -1
    outer loop
      vertex -227.241 69.4563 0
      vertex -225.49 69.2278 0
      vertex -228.513 67.8781 0
    endloop
  endfacet
  facet normal 0 -0 -1
    outer loop
      vertex -227.919 69.1924 0
      vertex -227.241 69.4563 0
      vertex -228.513 67.8781 0
    endloop
  endfacet
  facet normal 0 0 -1
    outer loop
      vertex -223.016 65.6162 0
      vertex -229.376 67.2659 0
      vertex -228.566 67.8159 0
    endloop
  endfacet
  facet normal 0 0 -1
    outer loop
      vertex -236.335 53.1068 0
      vertex -229.535 67.2599 0
      vertex -234.984 51.7457 0
    endloop
  endfacet
  facet normal 0 0 -1
    outer loop
      vertex -239.962 57.5428 0
      vertex -240.039 57.7019 0
      vertex -238.876 56.3033 0
    endloop
  endfacet
  facet normal 0 0 -1
    outer loop
      vertex -252.868 62.3694 0
      vertex -251.812 61.9624 0
      vertex -252.387 61.8266 0
    endloop
  endfacet
  facet normal 0 0 -1
    outer loop
      vertex -252.916 62.4057 0
      vertex -253.402 63.9185 0
      vertex -251.585 62.3032 0
    endloop
  endfacet
  facet normal 0 0 -1
    outer loop
      vertex -245.592 64.6674 0
      vertex -240.48 73.22 0
      vertex -245.472 64.4944 0
    endloop
  endfacet
  facet normal 0 0 -1
    outer loop
      vertex -245.592 64.6674 0
      vertex -246.76 73.21 0
      vertex -240.48 73.22 0
    endloop
  endfacet
  facet normal 0 0 -1
    outer loop
      vertex -235.975 73.5742 0
      vertex -240.48 73.22 0
      vertex -240.33 73.3687 0
    endloop
  endfacet
  facet normal 0 -0 -1
    outer loop
      vertex -240.321 74.3988 0
      vertex -236.631 74.3705 0
      vertex -240.33 73.3687 0
    endloop
  endfacet
  facet normal 0 0 -1
    outer loop
      vertex -240.33 73.3687 0
      vertex -236.631 74.3705 0
      vertex -235.996 73.5949 0
    endloop
  endfacet
  facet normal -0 0 -1
    outer loop
      vertex -235.975 73.5742 0
      vertex -240.33 73.3687 0
      vertex -235.996 73.5949 0
    endloop
  endfacet
  facet normal 0 0 -1
    outer loop
      vertex -235.975 73.5742 0
      vertex -233.278 71.3508 0
      vertex -232.631 69.5201 0
    endloop
  endfacet
  facet normal 0 -0 -1
    outer loop
      vertex -235.975 73.5742 0
      vertex -232.631 69.5201 0
      vertex -240.48 73.22 0
    endloop
  endfacet
  facet normal 0 0 -1
    outer loop
      vertex -255.305 68.3766 0
      vertex -255.339 68.4064 0
      vertex -254.663 69.8912 0
    endloop
  endfacet
  facet normal 0 0 -1
    outer loop
      vertex -258.371 73.0695 0
      vertex -257.824 72.1256 0
      vertex -258.299 72.518 0
    endloop
  endfacet
  facet normal 0 -0 -1
    outer loop
      vertex -255.438 72.9432 0
      vertex -255.436 72.8836 0
      vertex -257.824 72.1256 0
    endloop
  endfacet
  facet normal 0 0 -1
    outer loop
      vertex -259.038 74.6532 0
      vertex -255.545 74.8053 0
      vertex -258.402 73.142 0
    endloop
  endfacet
  facet normal 0 0 -1
    outer loop
      vertex -259.069 74.8594 0
      vertex -260.067 76.3994 0
      vertex -255.327 76.5221 0
    endloop
  endfacet
  facet normal 0 0 -1
    outer loop
      vertex -259.215 74.4026 0
      vertex -259.038 74.6532 0
      vertex -259.114 74.0596 0
    endloop
  endfacet
  facet normal 0 0 -1
    outer loop
      vertex -259.114 74.0596 0
      vertex -259.038 74.6532 0
      vertex -258.402 73.142 0
    endloop
  endfacet
  facet normal 0 0 -1
    outer loop
      vertex -259.069 74.8594 0
      vertex -259.539 75.2162 0
      vertex -260.067 76.3994 0
    endloop
  endfacet
  facet normal 0 0 -1
    outer loop
      vertex -255.183 76.8376 0
      vertex -255.327 76.5221 0
      vertex -260.067 76.3994 0
    endloop
  endfacet
  facet normal 0 0 -1
    outer loop
      vertex -255.545 74.8053 0
      vertex -255.245 74.1773 0
      vertex -255.438 72.9432 0
    endloop
  endfacet
  facet normal 0 0 -1
    outer loop
      vertex -258.371 73.0695 0
      vertex -255.438 72.9432 0
      vertex -257.824 72.1256 0
    endloop
  endfacet
  facet normal 0 0 -1
    outer loop
      vertex -255.436 72.8836 0
      vertex -257.772 72.0322 0
      vertex -257.824 72.1256 0
    endloop
  endfacet
  facet normal 0 0 -1
    outer loop
      vertex -257.22 70.7234 0
      vertex -255.436 72.8836 0
      vertex -254.706 69.9636 0
    endloop
  endfacet
  facet normal 0 0 -1
    outer loop
      vertex -257.282 70.8414 0
      vertex -257.631 71.0945 0
      vertex -257.772 72.0322 0
    endloop
  endfacet
  facet normal 0 0 -1
    outer loop
      vertex -257.201 69.8817 0
      vertex -257.22 70.7234 0
      vertex -254.706 69.9636 0
    endloop
  endfacet
  facet normal 0 0 -1
    outer loop
      vertex -255.339 68.4064 0
      vertex -254.706 69.9636 0
      vertex -254.663 69.8912 0
    endloop
  endfacet
  facet normal 0 0 -1
    outer loop
      vertex -256.938 69.4267 0
      vertex -254.706 69.9636 0
      vertex -255.339 68.4064 0
    endloop
  endfacet
  facet normal 0 0 -1
    outer loop
      vertex -257.201 69.8817 0
      vertex -254.706 69.9636 0
      vertex -256.938 69.4267 0
    endloop
  endfacet
  facet normal 0 0 -1
    outer loop
      vertex -251.034 61.4175 0
      vertex -249.451 62.7681 0
      vertex -249.393 62.6947 0
    endloop
  endfacet
  facet normal 0 0 -1
    outer loop
      vertex -253.325 66.0266 0
      vertex -255.305 68.3766 0
      vertex -252.912 68.2289 0
    endloop
  endfacet
  facet normal 0 0 -1
    outer loop
      vertex -253.711 64.814 0
      vertex -253.3 65.8758 0
      vertex -253.671 64.8087 0
    endloop
  endfacet
  facet normal 0 0 -1
    outer loop
      vertex -253.671 64.8087 0
      vertex -253.3 65.8758 0
      vertex -253.547 64.706 0
    endloop
  endfacet
  facet normal 0 0 -1
    outer loop
      vertex -252.868 62.3694 0
      vertex -251.585 62.3032 0
      vertex -251.812 61.9624 0
    endloop
  endfacet
  facet normal 0 0 -1
    outer loop
      vertex -250.667 64.3908 0
      vertex -251.419 62.3644 0
      vertex -253.347 64.086 0
    endloop
  endfacet
  facet normal 0 0 -1
    outer loop
      vertex -253.347 64.086 0
      vertex -251.419 62.3644 0
      vertex -251.585 62.3032 0
    endloop
  endfacet
  facet normal 0 0 -1
    outer loop
      vertex -252.916 62.4057 0
      vertex -254.202 63.0105 0
      vertex -253.402 63.9185 0
    endloop
  endfacet
  facet normal 0 0 -1
    outer loop
      vertex -254.391 63.4852 0
      vertex -253.556 63.9053 0
      vertex -254.202 63.0105 0
    endloop
  endfacet
  facet normal 0 0 -1
    outer loop
      vertex -254.202 63.0105 0
      vertex -253.556 63.9053 0
      vertex -253.402 63.9185 0
    endloop
  endfacet
  facet normal 0 0 -1
    outer loop
      vertex -251.585 62.3032 0
      vertex -252.868 62.3694 0
      vertex -252.916 62.4057 0
    endloop
  endfacet
  facet normal 0 -0 -1
    outer loop
      vertex -254.066 64.1553 0
      vertex -253.556 63.9053 0
      vertex -254.391 63.4852 0
    endloop
  endfacet
  facet normal 0 0 -1
    outer loop
      vertex -248.303 61.1852 0
      vertex -248.903 58.88 0
      vertex -249.593 60.46 0
    endloop
  endfacet
  facet normal 0 0 -1
    outer loop
      vertex -248.903 58.88 0
      vertex -247.455 59.3105 0
      vertex -248.89 58.8192 0
    endloop
  endfacet
  facet normal -0 0 -1
    outer loop
      vertex -254.066 64.1553 0
      vertex -254.44 63.5499 0
      vertex -254.546 64.1699 0
    endloop
  endfacet
  facet normal 0 -0 -1
    outer loop
      vertex -254.546 64.1699 0
      vertex -254.44 63.5499 0
      vertex -254.621 64.1615 0
    endloop
  endfacet
  facet normal 0 0 -1
    outer loop
      vertex -254.546 64.1699 0
      vertex -254.15 64.29 0
      vertex -254.066 64.1553 0
    endloop
  endfacet
  facet normal -0 -0 -1
    outer loop
      vertex -254.621 64.1615 0
      vertex -254.44 63.5499 0
      vertex -255.402 64.2742 0
    endloop
  endfacet
  facet normal 0 0 -1
    outer loop
      vertex -254.546 64.1699 0
      vertex -254.15 64.3219 0
      vertex -254.15 64.29 0
    endloop
  endfacet
  facet normal 0 0 -1
    outer loop
      vertex -254.066 64.1553 0
      vertex -254.391 63.4852 0
      vertex -254.44 63.5499 0
    endloop
  endfacet
  facet normal 0 0 -1
    outer loop
      vertex -246.867 58.6168 0
      vertex -248.087 56.4378 0
      vertex -248.9 57.0734 0
    endloop
  endfacet
  facet normal -0 0 -1
    outer loop
      vertex -248.197 56.4691 0
      vertex -248.386 56.448 0
      vertex -248.9 57.0734 0
    endloop
  endfacet
  facet normal 0 0 -1
    outer loop
      vertex -245.112 54.0682 0
      vertex -245.12 55.1555 0
      vertex -243.322 53.6566 0
    endloop
  endfacet
  facet normal 0 0 -1
    outer loop
      vertex -244.183 62.6112 0
      vertex -245.472 64.4944 0
      vertex -240.48 73.22 0
    endloop
  endfacet
  facet normal 0 0 -1
    outer loop
      vertex -243.455 53.0191 0
      vertex -244.265 52.4564 0
      vertex -244.517 52.654 0
    endloop
  endfacet
  facet normal 0 -0 -1
    outer loop
      vertex -248.136 61.1854 0
      vertex -247.455 59.3105 0
      vertex -248.303 61.1852 0
    endloop
  endfacet
  facet normal 0 0 -1
    outer loop
      vertex -248.087 56.4378 0
      vertex -248.197 56.4691 0
      vertex -248.9 57.0734 0
    endloop
  endfacet
  facet normal 0 0 -1
    outer loop
      vertex -249.649 60.5261 0
      vertex -251.034 61.4175 0
      vertex -249.393 62.6947 0
    endloop
  endfacet
  facet normal 0 0 -1
    outer loop
      vertex -249.747 63.5709 0
      vertex -251.318 62.2674 0
      vertex -251.419 62.3644 0
    endloop
  endfacet
  facet normal 0 0 -1
    outer loop
      vertex -248.723 61.5043 0
      vertex -249.393 62.6947 0
      vertex -249.027 62.4538 0
    endloop
  endfacet
  facet normal -0 0 -1
    outer loop
      vertex -246.867 58.6168 0
      vertex -248.9 57.0734 0
      vertex -248.89 58.8192 0
    endloop
  endfacet
  facet normal -0 0 -1
    outer loop
      vertex -243.455 53.0191 0
      vertex -244.517 52.654 0
      vertex -243.322 53.6566 0
    endloop
  endfacet
  facet normal 0 0 -1
    outer loop
      vertex -240.039 57.7019 0
      vertex -242.347 60.5586 0
      vertex -232.075 68.7199 0
    endloop
  endfacet
  facet normal 0 0 -1
    outer loop
      vertex -229.535 67.2599 0
      vertex -237.538 54.7984 0
      vertex -238.876 56.3033 0
    endloop
  endfacet
  facet normal 0 0 -1
    outer loop
      vertex -237.538 54.7984 0
      vertex -238.771 56.146 0
      vertex -238.876 56.3033 0
    endloop
  endfacet
  facet normal 0 0 -1
    outer loop
      vertex -229.376 67.2659 0
      vertex -234.984 51.7457 0
      vertex -229.535 67.2599 0
    endloop
  endfacet
  facet normal 0 0 -1
    outer loop
      vertex -234.633 50.9809 0
      vertex -220.292 60.8394 0
      vertex -217.579 51.3728 0
    endloop
  endfacet
  facet normal 0 0 -1
    outer loop
      vertex -244.517 52.654 0
      vertex -245.112 54.0682 0
      vertex -243.322 53.6566 0
    endloop
  endfacet
  facet normal 0 0 -1
    outer loop
      vertex -245.12 55.1555 0
      vertex -244.979 55.5173 0
      vertex -243.322 53.6566 0
    endloop
  endfacet
  facet normal 0 0 -1
    outer loop
      vertex -241.617 58.7999 0
      vertex -241.864 59.3159 0
      vertex -240.039 57.7019 0
    endloop
  endfacet
  facet normal 0 0 -1
    outer loop
      vertex -234.63 50.1477 0
      vertex -234.62 50.9182 0
      vertex -233.722 49.0479 0
    endloop
  endfacet
  facet normal 0 0 -1
    outer loop
      vertex -234.62 50.9182 0
      vertex -234.633 50.9809 0
      vertex -233.722 49.0479 0
    endloop
  endfacet
  facet normal 0 0 -1
    outer loop
      vertex -233.65 48.9099 0
      vertex -233.722 49.0479 0
      vertex -217.579 51.3728 0
    endloop
  endfacet
  facet normal 0 -0 -1
    outer loop
      vertex -217.577 51.3326 0
      vertex -217.397 50.3626 0
      vertex -233.65 48.9099 0
    endloop
  endfacet
  facet normal 0 0 -1
    outer loop
      vertex -244.183 62.6112 0
      vertex -243.305 61.7799 0
      vertex -243.804 61.7633 0
    endloop
  endfacet
  facet normal 0 0 -1
    outer loop
      vertex -233.722 49.0479 0
      vertex -234.178 49.3272 0
      vertex -234.63 50.1477 0
    endloop
  endfacet
  facet normal 0 -0 -1
    outer loop
      vertex -246.867 58.6168 0
      vertex -246.118 57.0428 0
      vertex -248.087 56.4378 0
    endloop
  endfacet
  facet normal 0 0 -1
    outer loop
      vertex -244.265 62.6895 0
      vertex -245.472 64.4944 0
      vertex -244.183 62.6112 0
    endloop
  endfacet
  facet normal 0 -0 -1
    outer loop
      vertex -245.12 55.1555 0
      vertex -245.112 54.0682 0
      vertex -245.157 54.1278 0
    endloop
  endfacet
  facet normal 0 0 -1
    outer loop
      vertex -245.269 55.0602 0
      vertex -245.12 55.1555 0
      vertex -245.157 54.1278 0
    endloop
  endfacet
  facet normal 0 0 -1
    outer loop
      vertex -246.011 55.6889 0
      vertex -245.361 55.0989 0
      vertex -245.157 54.1278 0
    endloop
  endfacet
  facet normal 0 0 -1
    outer loop
      vertex -245.361 55.0989 0
      vertex -245.269 55.0602 0
      vertex -245.157 54.1278 0
    endloop
  endfacet
  facet normal 0 0 -1
    outer loop
      vertex -248.087 56.4378 0
      vertex -246.011 55.6889 0
      vertex -245.157 54.1278 0
    endloop
  endfacet
  facet normal 0 -0 -1
    outer loop
      vertex -246.118 57.0428 0
      vertex -246.06 55.793 0
      vertex -248.087 56.4378 0
    endloop
  endfacet
  facet normal 0 0 -1
    outer loop
      vertex -248.89 58.8192 0
      vertex -247.423 59.2511 0
      vertex -246.867 58.6168 0
    endloop
  endfacet
  facet normal 0 0 -1
    outer loop
      vertex -249.314 68.1993 0
      vertex -246.812 73.2192 0
      vertex -246.76 73.21 0
    endloop
  endfacet
  facet normal 0 0 -1
    outer loop
      vertex -248.89 58.8192 0
      vertex -247.455 59.3105 0
      vertex -247.423 59.2511 0
    endloop
  endfacet
  facet normal 0 0 -1
    outer loop
      vertex -248.149 61.6109 0
      vertex -248.063 61.5362 0
      vertex -248.076 61.351 0
    endloop
  endfacet
  facet normal -0 0 -1
    outer loop
      vertex -249.747 63.5709 0
      vertex -251.419 62.3644 0
      vertex -250.617 64.3054 0
    endloop
  endfacet
  facet normal 0 0 -1
    outer loop
      vertex -248.076 61.351 0
      vertex -248.063 61.5362 0
      vertex -247.455 59.3105 0
    endloop
  endfacet
  facet normal 0 -0 -1
    outer loop
      vertex -248.303 61.1852 0
      vertex -247.455 59.3105 0
      vertex -248.903 58.88 0
    endloop
  endfacet
  facet normal 0 0 -1
    outer loop
      vertex -248.136 61.1854 0
      vertex -248.076 61.351 0
      vertex -247.455 59.3105 0
    endloop
  endfacet
  facet normal 0 -0 -1
    outer loop
      vertex -248.663 61.4252 0
      vertex -248.303 61.1852 0
      vertex -249.593 60.46 0
    endloop
  endfacet
  facet normal 0 -0 -1
    outer loop
      vertex -248.723 61.5043 0
      vertex -248.663 61.4252 0
      vertex -249.649 60.5261 0
    endloop
  endfacet
  facet normal 0 0 -1
    outer loop
      vertex -248.663 61.4252 0
      vertex -249.593 60.46 0
      vertex -249.649 60.5261 0
    endloop
  endfacet
  facet normal -0 0 -1
    outer loop
      vertex -248.723 61.5043 0
      vertex -249.649 60.5261 0
      vertex -249.393 62.6947 0
    endloop
  endfacet
  facet normal 0 0 -1
    outer loop
      vertex -249.613 68.3751 0
      vertex -246.812 73.2192 0
      vertex -249.314 68.1993 0
    endloop
  endfacet
  facet normal -0 0 -1
    outer loop
      vertex -249.451 62.7681 0
      vertex -251.318 62.2674 0
      vertex -249.747 63.5709 0
    endloop
  endfacet
  facet normal 0 0 -1
    outer loop
      vertex -251.034 61.4175 0
      vertex -251.318 62.2674 0
      vertex -249.451 62.7681 0
    endloop
  endfacet
  facet normal -0 0 -1
    outer loop
      vertex -250.667 64.3908 0
      vertex -253.347 64.086 0
      vertex -251.38 66.0127 0
    endloop
  endfacet
  facet normal -0 -0 -1
    outer loop
      vertex -250.952 65.8242 0
      vertex -250.667 64.3908 0
      vertex -251.38 66.0127 0
    endloop
  endfacet
  facet normal 0 0 -1
    outer loop
      vertex -251.38 66.0127 0
      vertex -253.347 64.086 0
      vertex -253.547 64.706 0
    endloop
  endfacet
  facet normal 0 -0 -1
    outer loop
      vertex -253.3 65.8758 0
      vertex -251.38 66.0127 0
      vertex -253.547 64.706 0
    endloop
  endfacet
  facet normal 0 0 -1
    outer loop
      vertex -251.838 66.7611 0
      vertex -251.681 66.7423 0
      vertex -251.462 66.1014 0
    endloop
  endfacet
  facet normal 0 0 -1
    outer loop
      vertex -253.3 65.8758 0
      vertex -251.838 66.7611 0
      vertex -251.462 66.1014 0
    endloop
  endfacet
  facet normal 0 0 -1
    outer loop
      vertex -253.325 66.0266 0
      vertex -251.959 66.8529 0
      vertex -251.838 66.7611 0
    endloop
  endfacet
  facet normal 0 0 -1
    outer loop
      vertex -252.192 67.0527 0
      vertex -252.052 67.0796 0
      vertex -251.959 66.8529 0
    endloop
  endfacet
  facet normal 0 0 -1
    outer loop
      vertex -253.325 66.0266 0
      vertex -251.838 66.7611 0
      vertex -253.3 65.8758 0
    endloop
  endfacet
  facet normal 0 0 -1
    outer loop
      vertex -251.162 73.122 0
      vertex -246.812 73.2192 0
      vertex -251.074 72.9161 0
    endloop
  endfacet
  facet normal 0 0 -1
    outer loop
      vertex -253.325 66.0266 0
      vertex -252.354 67.132 0
      vertex -252.192 67.0527 0
    endloop
  endfacet
  facet normal 0 0 -1
    outer loop
      vertex -255.305 68.3766 0
      vertex -254.663 69.8912 0
      vertex -252.912 68.2289 0
    endloop
  endfacet
  facet normal 0 0 -1
    outer loop
      vertex -253.325 66.0266 0
      vertex -252.192 67.0527 0
      vertex -251.959 66.8529 0
    endloop
  endfacet
  facet normal 0 0 -1
    outer loop
      vertex -253.325 66.0266 0
      vertex -252.912 68.2289 0
      vertex -252.354 67.132 0
    endloop
  endfacet
  facet normal 0 -0 -1
    outer loop
      vertex -255.327 76.5221 0
      vertex -255.242 76.3192 0
      vertex -255.513 74.9787 0
    endloop
  endfacet
  facet normal 0 0 -1
    outer loop
      vertex -257.282 70.8414 0
      vertex -255.436 72.8836 0
      vertex -257.22 70.7234 0
    endloop
  endfacet
  facet normal 0 0 -1
    outer loop
      vertex -257.282 70.8414 0
      vertex -257.772 72.0322 0
      vertex -255.436 72.8836 0
    endloop
  endfacet
  facet normal 0 0 -1
    outer loop
      vertex -258.371 73.0695 0
      vertex -258.402 73.142 0
      vertex -255.438 72.9432 0
    endloop
  endfacet
  facet normal 0 0 -1
    outer loop
      vertex -258.402 73.142 0
      vertex -255.545 74.8053 0
      vertex -255.438 72.9432 0
    endloop
  endfacet
  facet normal 0 0 -1
    outer loop
      vertex -255.334 74.9991 0
      vertex -253.358 74.2191 0
      vertex -253.637 73.995 0
    endloop
  endfacet
  facet normal 0 0 -1
    outer loop
      vertex -259.069 74.8594 0
      vertex -255.545 74.8053 0
      vertex -259.038 74.6532 0
    endloop
  endfacet
  facet normal 0 0 -1
    outer loop
      vertex -255.513 74.9787 0
      vertex -255.242 76.3192 0
      vertex -255.334 74.9991 0
    endloop
  endfacet
  facet normal 0 0 -1
    outer loop
      vertex -255.327 76.5221 0
      vertex -255.513 74.9787 0
      vertex -259.069 74.8594 0
    endloop
  endfacet
  facet normal 0 0 -1
    outer loop
      vertex -255.242 76.3192 0
      vertex -252.738 74.1067 0
      vertex -253.158 74.2967 0
    endloop
  endfacet
  facet normal 0 0 -1
    outer loop
      vertex -253.358 74.2191 0
      vertex -253.444 74.0185 0
      vertex -253.637 73.995 0
    endloop
  endfacet
  facet normal 0 -0 -1
    outer loop
      vertex -255.242 76.3192 0
      vertex -253.358 74.2191 0
      vertex -255.334 74.9991 0
    endloop
  endfacet
  facet normal 0 0 -1
    outer loop
      vertex -255.242 76.3192 0
      vertex -253.158 74.2967 0
      vertex -253.358 74.2191 0
    endloop
  endfacet
  facet normal 0 0 -1
    outer loop
      vertex -252.738 74.1067 0
      vertex -255.242 76.3192 0
      vertex -246.812 73.2192 0
    endloop
  endfacet
  facet normal 0 0 -1
    outer loop
      vertex -252.668 74.0418 0
      vertex -252.738 74.1067 0
      vertex -251.162 73.122 0
    endloop
  endfacet
  facet normal 0 0 -1
    outer loop
      vertex -252.396 73.5431 0
      vertex -252.668 74.0418 0
      vertex -251.162 73.122 0
    endloop
  endfacet
  facet normal 0 0 -1
    outer loop
      vertex -251.162 73.122 0
      vertex -252.738 74.1067 0
      vertex -246.812 73.2192 0
    endloop
  endfacet
  facet normal 0 0 -1
    outer loop
      vertex -251.074 72.9161 0
      vertex -251.094 71.6612 0
      vertex -251.216 72.6156 0
    endloop
  endfacet
  facet normal 0 0 -1
    outer loop
      vertex -246.812 73.2192 0
      vertex -251.094 71.6612 0
      vertex -251.074 72.9161 0
    endloop
  endfacet
  facet normal 0 0 -1
    outer loop
      vertex -249.613 68.3751 0
      vertex -251.094 71.6612 0
      vertex -246.812 73.2192 0
    endloop
  endfacet
  facet normal 0 0 -1
    outer loop
      vertex -249.314 68.1993 0
      vertex -246.76 73.21 0
      vertex -249.243 68.1021 0
    endloop
  endfacet
  facet normal 0 0 -1
    outer loop
      vertex -245.592 64.6674 0
      vertex -246.861 64.9077 0
      vertex -249.112 67.4995 0
    endloop
  endfacet
  facet normal 0 0 -1
    outer loop
      vertex -249.243 68.1021 0
      vertex -245.592 64.6674 0
      vertex -249.112 67.4995 0
    endloop
  endfacet
  facet normal 0 0 -1
    outer loop
      vertex -249.243 68.1021 0
      vertex -246.76 73.21 0
      vertex -245.592 64.6674 0
    endloop
  endfacet
  facet normal 0 0 -1
    outer loop
      vertex -245.472 64.4944 0
      vertex -244.265 62.6895 0
      vertex -245.178 63.0511 0
    endloop
  endfacet
  facet normal 0 0 -1
    outer loop
      vertex -245.603 63.7403 0
      vertex -245.472 64.4944 0
      vertex -245.178 63.0511 0
    endloop
  endfacet
  facet normal 0 0 -1
    outer loop
      vertex -244.183 62.6112 0
      vertex -243.196 61.7384 0
      vertex -243.305 61.7799 0
    endloop
  endfacet
  facet normal 0 0 -1
    outer loop
      vertex -242.038 59.3438 0
      vertex -243.014 59.9083 0
      vertex -242.565 60.3662 0
    endloop
  endfacet
  facet normal 0 0 -1
    outer loop
      vertex -244.183 62.6112 0
      vertex -240.48 73.22 0
      vertex -243.196 61.7384 0
    endloop
  endfacet
  facet normal 0 0 -1
    outer loop
      vertex -243.196 61.7384 0
      vertex -240.48 73.22 0
      vertex -232.631 69.5201 0
    endloop
  endfacet
  facet normal 0 0 -1
    outer loop
      vertex -243.196 61.7384 0
      vertex -232.631 69.5201 0
      vertex -232.614 69.4856 0
    endloop
  endfacet
  facet normal 0 0 -1
    outer loop
      vertex -242.736 61.2984 0
      vertex -243.196 61.7384 0
      vertex -232.614 69.4856 0
    endloop
  endfacet
  facet normal -0 0 -1
    outer loop
      vertex -232.124 68.7656 0
      vertex -242.736 61.2984 0
      vertex -232.614 69.4856 0
    endloop
  endfacet
  facet normal 0 0 -1
    outer loop
      vertex -232.124 68.7656 0
      vertex -242.707 61.2586 0
      vertex -242.736 61.2984 0
    endloop
  endfacet
  facet normal 0 0 -1
    outer loop
      vertex -232.124 68.7656 0
      vertex -242.347 60.5586 0
      vertex -242.707 61.2586 0
    endloop
  endfacet
  facet normal 0 -0 -1
    outer loop
      vertex -232.124 68.7656 0
      vertex -232.075 68.7199 0
      vertex -242.347 60.5586 0
    endloop
  endfacet
  facet normal 0 0 -1
    outer loop
      vertex -242.374 60.3843 0
      vertex -241.864 59.3159 0
      vertex -242.038 59.3438 0
    endloop
  endfacet
  facet normal 0 -0 -1
    outer loop
      vertex -242.347 60.5586 0
      vertex -241.864 59.3159 0
      vertex -242.374 60.3843 0
    endloop
  endfacet
  facet normal 0 0 -1
    outer loop
      vertex -242.038 59.3438 0
      vertex -242.641 59.0377 0
      vertex -242.938 59.2783 0
    endloop
  endfacet
  facet normal 0 -0 -1
    outer loop
      vertex -242.374 60.3843 0
      vertex -242.038 59.3438 0
      vertex -242.565 60.3662 0
    endloop
  endfacet
  facet normal -0 0 -1
    outer loop
      vertex -242.565 60.3662 0
      vertex -243.014 59.9083 0
      vertex -242.636 60.4149 0
    endloop
  endfacet
  facet normal 0 0 -1
    outer loop
      vertex -243.014 59.9083 0
      vertex -242.038 59.3438 0
      vertex -242.938 59.2783 0
    endloop
  endfacet
  facet normal 0 0 -1
    outer loop
      vertex -241.788 58.8752 0
      vertex -241.858 59.1103 0
      vertex -241.617 58.7999 0
    endloop
  endfacet
  facet normal 0 0 -1
    outer loop
      vertex -241.864 59.3159 0
      vertex -242.347 60.5586 0
      vertex -240.039 57.7019 0
    endloop
  endfacet
  facet normal 0 0 -1
    outer loop
      vertex -241.617 58.7999 0
      vertex -241.858 59.1103 0
      vertex -241.864 59.3159 0
    endloop
  endfacet
  facet normal 0 0 -1
    outer loop
      vertex -241.438 58.4602 0
      vertex -241.617 58.7999 0
      vertex -240.039 57.7019 0
    endloop
  endfacet
  facet normal 0 -0 -1
    outer loop
      vertex -241.858 59.1103 0
      vertex -241.788 58.8752 0
      vertex -242.151 58.7811 0
    endloop
  endfacet
  facet normal 0 0 -1
    outer loop
      vertex -240.039 57.7019 0
      vertex -232.075 68.7199 0
      vertex -229.535 67.2599 0
    endloop
  endfacet
  facet normal 0 0 -1
    outer loop
      vertex -239.962 57.5428 0
      vertex -238.876 56.3033 0
      vertex -239.793 56.587 0
    endloop
  endfacet
  facet normal 0 0 -1
    outer loop
      vertex -240.039 57.7019 0
      vertex -229.535 67.2599 0
      vertex -238.876 56.3033 0
    endloop
  endfacet
  facet normal 0 0 -1
    outer loop
      vertex -239.793 56.587 0
      vertex -240.333 57.437 0
      vertex -240.122 57.4205 0
    endloop
  endfacet
  facet normal 0 0 -1
    outer loop
      vertex -240.122 57.4205 0
      vertex -239.962 57.5428 0
      vertex -239.793 56.587 0
    endloop
  endfacet
  facet normal 0 0 -1
    outer loop
      vertex -229.535 67.2599 0
      vertex -237.507 54.7666 0
      vertex -237.538 54.7984 0
    endloop
  endfacet
  facet normal 0 0 -1
    outer loop
      vertex -238.801 55.826 0
      vertex -238.771 56.146 0
      vertex -237.538 54.7984 0
    endloop
  endfacet
  facet normal 0 0 -1
    outer loop
      vertex -229.535 67.2599 0
      vertex -236.335 53.1068 0
      vertex -237.507 54.7666 0
    endloop
  endfacet
  facet normal -0 0 -1
    outer loop
      vertex -221.144 62.4218 0
      vertex -234.984 51.7457 0
      vertex -229.376 67.2659 0
    endloop
  endfacet
  facet normal 0 -0 -1
    outer loop
      vertex -238.801 55.826 0
      vertex -237.538 54.7984 0
      vertex -238.824 55.7995 0
    endloop
  endfacet
  facet normal 0 0 -1
    outer loop
      vertex -234.633 50.9809 0
      vertex -234.953 51.7009 0
      vertex -220.374 60.9118 0
    endloop
  endfacet
  facet normal -0 0 -1
    outer loop
      vertex -220.292 60.8394 0
      vertex -234.633 50.9809 0
      vertex -220.374 60.9118 0
    endloop
  endfacet
  facet normal 0 0 -1
    outer loop
      vertex -217.579 51.3728 0
      vertex -233.722 49.0479 0
      vertex -234.633 50.9809 0
    endloop
  endfacet
  facet normal -0 0 -1
    outer loop
      vertex -217.577 51.3326 0
      vertex -233.65 48.9099 0
      vertex -217.579 51.3728 0
    endloop
  endfacet
  facet normal 0 -0 -1
    outer loop
      vertex -217.397 50.3626 0
      vertex -217.369 50.1438 0
      vertex -233.65 48.9099 0
    endloop
  endfacet
  facet normal 0 -0 -1
    outer loop
      vertex -233.65 48.9099 0
      vertex -230.853 42.7544 0
      vertex -233.71 48.0199 0
    endloop
  endfacet
  facet normal 0 0 -1
    outer loop
      vertex -233.71 48.0199 0
      vertex -233.769 46.8015 0
      vertex -233.744 47.9346 0
    endloop
  endfacet
  facet normal 0 0 -1
    outer loop
      vertex -233.744 47.9346 0
      vertex -233.769 46.8015 0
      vertex -233.919 47.2115 0
    endloop
  endfacet
  facet normal 0 0 -1
    outer loop
      vertex -234.015 47.303 0
      vertex -233.744 47.9346 0
      vertex -233.919 47.2115 0
    endloop
  endfacet
  facet normal 0 0 -1
    outer loop
      vertex -234.015 47.303 0
      vertex -234.213 47.3659 0
      vertex -233.744 47.9346 0
    endloop
  endfacet
  facet normal 0 0 -1
    outer loop
      vertex -230.853 42.7544 0
      vertex -233.102 43.8689 0
      vertex -233.769 46.8015 0
    endloop
  endfacet
  facet normal 0 -0 -1
    outer loop
      vertex -233.71 48.0199 0
      vertex -230.853 42.7544 0
      vertex -233.769 46.8015 0
    endloop
  endfacet
  facet normal 0 0 -1
    outer loop
      vertex -233.842 46.6161 0
      vertex -233.769 46.8015 0
      vertex -233.102 43.8689 0
    endloop
  endfacet
  facet normal 0 0 -1
    outer loop
      vertex -230.808 42.7197 0
      vertex -233.65 48.9099 0
      vertex -217.369 50.1438 0
    endloop
  endfacet
  facet normal 0 0 -1
    outer loop
      vertex -233.102 43.8689 0
      vertex -234.27 45.3965 0
      vertex -233.842 46.6161 0
    endloop
  endfacet
  facet normal 0 0 -1
    outer loop
      vertex -230.853 42.7544 0
      vertex -233.65 48.9099 0
      vertex -230.808 42.7197 0
    endloop
  endfacet
  facet normal 0 0 -1
    outer loop
      vertex -229.783 41.5674 0
      vertex -230.808 42.7197 0
      vertex -228.183 40.9663 0
    endloop
  endfacet
  facet normal 0 0 -1
    outer loop
      vertex -233.842 46.6161 0
      vertex -234.27 45.3965 0
      vertex -234.626 46.2199 0
    endloop
  endfacet
  facet normal 0 0 -1
    outer loop
      vertex -228.183 40.9663 0
      vertex -230.808 42.7197 0
      vertex -226.469 40.7286 0
    endloop
  endfacet
  facet normal 0 0 -1
    outer loop
      vertex -226.469 40.7286 0
      vertex -230.808 42.7197 0
      vertex -217.369 50.1438 0
    endloop
  endfacet
  facet normal 0 0 -1
    outer loop
      vertex -226.383 40.6853 0
      vertex -226.469 40.7286 0
      vertex -217.369 50.1438 0
    endloop
  endfacet
  facet normal 0 0 -1
    outer loop
      vertex -216.109 47.0238 0
      vertex -225.685 39.9777 0
      vertex -226.383 40.6853 0
    endloop
  endfacet
  facet normal -0 0 -1
    outer loop
      vertex -216.109 47.0238 0
      vertex -226.383 40.6853 0
      vertex -217.369 50.1438 0
    endloop
  endfacet
  facet normal -0 0 -1
    outer loop
      vertex -216.087 46.9859 0
      vertex -224.04 38.9431 0
      vertex -216.109 47.0238 0
    endloop
  endfacet
  facet normal 0 0 -1
    outer loop
      vertex -216.087 46.9859 0
      vertex -221.484 37.8337 0
      vertex -224.04 38.9431 0
    endloop
  endfacet
  facet normal -0 0 -1
    outer loop
      vertex -214.124 43.7871 0
      vertex -219.439 37.4068 0
      vertex -216.087 46.9859 0
    endloop
  endfacet
  facet normal 0 -0 -1
    outer loop
      vertex -214.124 43.7871 0
      vertex -214.092 43.7298 0
      vertex -219.439 37.4068 0
    endloop
  endfacet
  facet normal 0 0 -1
    outer loop
      vertex -219.365 37.3671 0
      vertex -213.309 42.6068 0
      vertex -213.222 42.4534 0
    endloop
  endfacet
  facet normal 0 0 -1
    outer loop
      vertex -219.439 37.4068 0
      vertex -214.092 43.7298 0
      vertex -219.365 37.3671 0
    endloop
  endfacet
  facet normal 0 0 -1
    outer loop
      vertex -218.844 36.8554 0
      vertex -219.365 37.3671 0
      vertex -217.19 36.0966 0
    endloop
  endfacet
  facet normal 0 0 -1
    outer loop
      vertex -217.19 36.0966 0
      vertex -213.222 42.4534 0
      vertex -215.955 35.9692 0
    endloop
  endfacet
  facet normal 0 0 -1
    outer loop
      vertex -215.955 35.9692 0
      vertex -213.222 42.4534 0
      vertex -215.914 35.9593 0
    endloop
  endfacet
  facet normal 0 0 -1
    outer loop
      vertex -211.005 37.0867 0
      vertex -211.491 36.5661 0
      vertex -212.205 36.1068 0
    endloop
  endfacet
  facet normal 0 -0 -1
    outer loop
      vertex -212.562 42.1534 0
      vertex -212.205 36.1068 0
      vertex -215.914 35.9593 0
    endloop
  endfacet
  facet normal 0 0 -1
    outer loop
      vertex -212.205 36.1068 0
      vertex -214.464 35.3793 0
      vertex -215.914 35.9593 0
    endloop
  endfacet
  facet normal 0 0 -1
    outer loop
      vertex -207.863 41.5314 0
      vertex -209.65 36.8226 0
      vertex -209.866 40.9166 0
    endloop
  endfacet
  facet normal -0 0 -1
    outer loop
      vertex -211.31 36.6702 0
      vertex -211.424 36.5893 0
      vertex -211.275 36.7667 0
    endloop
  endfacet
  facet normal 0 0 -1
    outer loop
      vertex -209.866 40.9166 0
      vertex -210.141 36.9218 0
      vertex -210.311 36.9712 0
    endloop
  endfacet
  facet normal 0 0 -1
    outer loop
      vertex -211.275 36.7667 0
      vertex -211.424 36.5893 0
      vertex -211.491 36.5661 0
    endloop
  endfacet
  facet normal 0 0 -1
    outer loop
      vertex -212.562 42.1534 0
      vertex -211.005 37.0867 0
      vertex -212.205 36.1068 0
    endloop
  endfacet
  facet normal 0 0 -1
    outer loop
      vertex -211.005 37.0867 0
      vertex -210.021 40.9588 0
      vertex -210.773 37.0837 0
    endloop
  endfacet
  facet normal -0 0 -1
    outer loop
      vertex -211.275 36.7667 0
      vertex -211.491 36.5661 0
      vertex -211.005 37.0867 0
    endloop
  endfacet
  facet normal 0 -0 -1
    outer loop
      vertex -211.31 36.6702 0
      vertex -211.262 36.6046 0
      vertex -211.424 36.5893 0
    endloop
  endfacet
  facet normal 0 0 -1
    outer loop
      vertex -211.005 37.0867 0
      vertex -212.562 42.1534 0
      vertex -210.021 40.9588 0
    endloop
  endfacet
  facet normal 0 0 -1
    outer loop
      vertex -210.773 37.0837 0
      vertex -210.021 40.9588 0
      vertex -209.866 40.9166 0
    endloop
  endfacet
  facet normal 0 0 -1
    outer loop
      vertex -210.6 36.8674 0
      vertex -210.773 37.0837 0
      vertex -210.311 36.9712 0
    endloop
  endfacet
  facet normal -0 0 -1
    outer loop
      vertex -209.65 36.8226 0
      vertex -209.834 36.7876 0
      vertex -210.141 36.9218 0
    endloop
  endfacet
  facet normal 0 -0 -1
    outer loop
      vertex -210.116 36.7877 0
      vertex -209.954 36.6476 0
      vertex -210.173 36.5927 0
    endloop
  endfacet
  facet normal 0 0 -1
    outer loop
      vertex -209.65 36.8226 0
      vertex -210.141 36.9218 0
      vertex -209.866 40.9166 0
    endloop
  endfacet
  facet normal -0 0 -1
    outer loop
      vertex -203.991 36.2638 0
      vertex -206.943 34.8647 0
      vertex -208.603 36.2647 0
    endloop
  endfacet
  facet normal 0 -0 -1
    outer loop
      vertex -206.401 41.6203 0
      vertex -203.267 39.002 0
      vertex -208.603 36.2647 0
    endloop
  endfacet
  facet normal 0 0 -1
    outer loop
      vertex -209.929 36.5228 0
      vertex -210.173 36.5927 0
      vertex -209.954 36.6476 0
    endloop
  endfacet
  facet normal -0 0 -1
    outer loop
      vertex -209.834 36.7876 0
      vertex -209.954 36.6476 0
      vertex -210.116 36.7877 0
    endloop
  endfacet
  facet normal 0 0 -1
    outer loop
      vertex -203.991 36.2638 0
      vertex -208.603 36.2647 0
      vertex -203.267 39.002 0
    endloop
  endfacet
  facet normal 0 0 -1
    outer loop
      vertex -207.863 41.5314 0
      vertex -208.63 36.2826 0
      vertex -209.65 36.8226 0
    endloop
  endfacet
  facet normal 0 0 -1
    outer loop
      vertex -207.863 41.5314 0
      vertex -208.603 36.2647 0
      vertex -208.63 36.2826 0
    endloop
  endfacet
  facet normal 0 0 -1
    outer loop
      vertex -203.991 36.2638 0
      vertex -206.934 34.8561 0
      vertex -206.943 34.8647 0
    endloop
  endfacet
  facet normal 0 0 -1
    outer loop
      vertex -203.991 36.2638 0
      vertex -205.031 34.4238 0
      vertex -206.934 34.8561 0
    endloop
  endfacet
  facet normal 0 0 -1
    outer loop
      vertex -205.042 32.9641 0
      vertex -206.934 34.8561 0
      vertex -205.027 34.27 0
    endloop
  endfacet
  facet normal 0 0 -1
    outer loop
      vertex -206.934 34.8561 0
      vertex -205.031 34.4238 0
      vertex -205.027 34.27 0
    endloop
  endfacet
  facet normal 0 0 1
    outer loop
      vertex -206.401 41.6203 10
      vertex -207.863 41.5314 10
      vertex -208.603 36.2647 10
    endloop
  endfacet
  facet normal 0 0 1
    outer loop
      vertex -205.042 32.9641 10
      vertex -204.773 33.8675 10
      vertex -205.027 34.27 10
    endloop
  endfacet
  facet normal 0 0 1
    outer loop
      vertex -209.866 40.9166 10
      vertex -210.773 37.0837 10
      vertex -210.311 36.9712 10
    endloop
  endfacet
  facet normal 0 0 1
    outer loop
      vertex -203.267 39.002 10
      vertex -203.991 36.2638 10
      vertex -203.231 38.8293 10
    endloop
  endfacet
  facet normal 0 0 1
    outer loop
      vertex -203.991 36.2638 10
      vertex -203.86 36.34 10
      vertex -203.231 38.8293 10
    endloop
  endfacet
  facet normal 0 0 1
    outer loop
      vertex -203.86 36.34 10
      vertex -201.128 36.34 10
      vertex -201.085 36.8688 10
    endloop
  endfacet
  facet normal 0 0 1
    outer loop
      vertex -203.44 41.593 10
      vertex -204.28 41.763 10
      vertex -203.267 39.002 10
    endloop
  endfacet
  facet normal 0 0 1
    outer loop
      vertex -203.86 36.34 10
      vertex -201.085 36.8688 10
      vertex -203.231 38.8293 10
    endloop
  endfacet
  facet normal 0 0 1
    outer loop
      vertex -202.2 40.4 10
      vertex -202.745 42.0165 10
      vertex -203.325 41.6165 10
    endloop
  endfacet
  facet normal 0 0 1
    outer loop
      vertex -203.325 41.6165 10
      vertex -203.44 41.593 10
      vertex -202.35 40.2511 10
    endloop
  endfacet
  facet normal -0 0 1
    outer loop
      vertex -203.128 39.09 10
      vertex -202.359 39.0816 10
      vertex -202.35 40.2511 10
    endloop
  endfacet
  facet normal 0 -0 1
    outer loop
      vertex -194.997 44.4584 10
      vertex -194.964 44.628 10
      vertex -200.94 45.249 10
    endloop
  endfacet
  facet normal -0 0 1
    outer loop
      vertex -197.486 48.5919 10
      vertex -194.42 45.9269 10
      vertex -197.454 48.6008 10
    endloop
  endfacet
  facet normal 0 -0 1
    outer loop
      vertex -196.851 41.793 10
      vertex -196.738 41.869 10
      vertex -200.978 45.1508 10
    endloop
  endfacet
  facet normal -0 0 1
    outer loop
      vertex -202.2 40.4 10
      vertex -198.264 40.3903 10
      vertex -198.217 40.6379 10
    endloop
  endfacet
  facet normal 0 0 1
    outer loop
      vertex -200.94 45.249 10
      vertex -195.85 42.7049 10
      vertex -194.997 44.4584 10
    endloop
  endfacet
  facet normal 0 0 1
    outer loop
      vertex -197.486 48.5919 10
      vertex -199.551 48.2559 10
      vertex -200.94 45.249 10
    endloop
  endfacet
  facet normal -0 0 1
    outer loop
      vertex -198.066 40.7599 10
      vertex -197.437 40.7425 10
      vertex -196.851 41.793 10
    endloop
  endfacet
  facet normal 0 0 1
    outer loop
      vertex -195.85 42.7049 10
      vertex -196.738 41.869 10
      vertex -196.302 41.9202 10
    endloop
  endfacet
  facet normal 0 -0 1
    outer loop
      vertex -195.57 42.6382 10
      vertex -194.756 43.474 10
      vertex -195.689 42.7767 10
    endloop
  endfacet
  facet normal 0 0 1
    outer loop
      vertex -194.95 43.8435 10
      vertex -194.997 44.4584 10
      vertex -195.85 42.7049 10
    endloop
  endfacet
  facet normal 0 -0 1
    outer loop
      vertex -195.283 41.6211 10
      vertex -194.756 43.474 10
      vertex -195.57 42.6382 10
    endloop
  endfacet
  facet normal 0 0 1
    outer loop
      vertex -194.675 43.493 10
      vertex -194.756 43.474 10
      vertex -195.283 41.6211 10
    endloop
  endfacet
  facet normal 0 0 1
    outer loop
      vertex -195.57 42.6382 10
      vertex -195.533 41.9536 10
      vertex -195.283 41.6211 10
    endloop
  endfacet
  facet normal 0 0 1
    outer loop
      vertex -194.756 43.474 10
      vertex -194.94 43.6135 10
      vertex -195.689 42.7767 10
    endloop
  endfacet
  facet normal 0 0 1
    outer loop
      vertex -194.95 43.8435 10
      vertex -195.85 42.7049 10
      vertex -195.689 42.7767 10
    endloop
  endfacet
  facet normal 0 0 1
    outer loop
      vertex -194.94 43.6135 10
      vertex -194.95 43.8435 10
      vertex -195.689 42.7767 10
    endloop
  endfacet
  facet normal 0 -0 1
    outer loop
      vertex -194.908 43.954 10
      vertex -194.907 44.2584 10
      vertex -194.95 43.8435 10
    endloop
  endfacet
  facet normal 0 0 1
    outer loop
      vertex -194.907 44.2584 10
      vertex -194.997 44.4584 10
      vertex -194.95 43.8435 10
    endloop
  endfacet
  facet normal -0 0 1
    outer loop
      vertex -194.749 44.1715 10
      vertex -194.908 43.954 10
      vertex -194.691 44.1798 10
    endloop
  endfacet
  facet normal 0 0 1
    outer loop
      vertex -194.907 44.2584 10
      vertex -194.908 43.954 10
      vertex -194.749 44.1715 10
    endloop
  endfacet
  facet normal 0 0 1
    outer loop
      vertex -199.551 48.2559 10
      vertex -200.93 46.669 10
      vertex -200.94 45.249 10
    endloop
  endfacet
  facet normal 0 0 1
    outer loop
      vertex -197.486 48.5919 10
      vertex -194.964 44.628 10
      vertex -194.42 45.9269 10
    endloop
  endfacet
  facet normal 0 -0 1
    outer loop
      vertex -194.42 45.9269 10
      vertex -194.385 46.016 10
      vertex -197.454 48.6008 10
    endloop
  endfacet
  facet normal 0 0 1
    outer loop
      vertex -194.42 45.9269 10
      vertex -194.964 44.628 10
      vertex -194.457 45.1165 10
    endloop
  endfacet
  facet normal 0 0 1
    outer loop
      vertex -194.385 46.016 10
      vertex -196.555 48.9622 10
      vertex -197.454 48.6008 10
    endloop
  endfacet
  facet normal -0 0 1
    outer loop
      vertex -193.62 48.9744 10
      vertex -193.077 48.6633 10
      vertex -193.613 49.0411 10
    endloop
  endfacet
  facet normal 0 0 1
    outer loop
      vertex -193.923 48.6637 10
      vertex -195.581 49.0387 10
      vertex -194.385 46.016 10
    endloop
  endfacet
  facet normal -0 0 1
    outer loop
      vertex -193.76 48.7344 10
      vertex -193.077 48.6633 10
      vertex -193.62 48.9744 10
    endloop
  endfacet
  facet normal 0 0 1
    outer loop
      vertex -192.985 48.1257 10
      vertex -193.76 48.7344 10
      vertex -193.923 48.6637 10
    endloop
  endfacet
  facet normal 0 0 1
    outer loop
      vertex -192.985 48.1257 10
      vertex -193.923 48.6637 10
      vertex -193.301 47.3173 10
    endloop
  endfacet
  facet normal 0 0 1
    outer loop
      vertex -192.985 48.1257 10
      vertex -193.077 48.6633 10
      vertex -193.76 48.7344 10
    endloop
  endfacet
  facet normal 0 0 1
    outer loop
      vertex -194.385 46.016 10
      vertex -195.581 49.0387 10
      vertex -196.555 48.9622 10
    endloop
  endfacet
  facet normal 0 0 1
    outer loop
      vertex -193.923 48.6637 10
      vertex -194.385 46.016 10
      vertex -193.301 47.3173 10
    endloop
  endfacet
  facet normal 0 0 1
    outer loop
      vertex -194.964 44.628 10
      vertex -197.486 48.5919 10
      vertex -200.94 45.249 10
    endloop
  endfacet
  facet normal -0 0 1
    outer loop
      vertex -200.653 47.6679 10
      vertex -200.93 46.669 10
      vertex -199.551 48.2559 10
    endloop
  endfacet
  facet normal 0 0 1
    outer loop
      vertex -200.94 45.249 10
      vertex -200.978 45.1508 10
      vertex -196.738 41.869 10
    endloop
  endfacet
  facet normal 0 0 1
    outer loop
      vertex -195.85 42.7049 10
      vertex -200.94 45.249 10
      vertex -196.738 41.869 10
    endloop
  endfacet
  facet normal 0 0 1
    outer loop
      vertex -201.491 43.8332 10
      vertex -198.066 40.7599 10
      vertex -196.851 41.793 10
    endloop
  endfacet
  facet normal -0 0 1
    outer loop
      vertex -201.396 44.6762 10
      vertex -201.491 43.8332 10
      vertex -200.978 45.1508 10
    endloop
  endfacet
  facet normal 0 0 1
    outer loop
      vertex -200.978 45.1508 10
      vertex -201.491 43.8332 10
      vertex -196.851 41.793 10
    endloop
  endfacet
  facet normal 0 0 1
    outer loop
      vertex -201.554 43.7273 10
      vertex -202.2 40.4 10
      vertex -198.217 40.6379 10
    endloop
  endfacet
  facet normal -0 0 1
    outer loop
      vertex -202.834 42.8142 10
      vertex -202.684 42.1742 10
      vertex -201.554 43.7273 10
    endloop
  endfacet
  facet normal 0 -0 1
    outer loop
      vertex -198.217 40.6379 10
      vertex -198.066 40.7599 10
      vertex -201.554 43.7273 10
    endloop
  endfacet
  facet normal -0 0 1
    outer loop
      vertex -201.554 43.7273 10
      vertex -198.066 40.7599 10
      vertex -201.491 43.8332 10
    endloop
  endfacet
  facet normal -0 0 1
    outer loop
      vertex -202.684 42.1742 10
      vertex -202.2 40.4 10
      vertex -201.554 43.7273 10
    endloop
  endfacet
  facet normal 0 0 1
    outer loop
      vertex -202.35 40.2511 10
      vertex -203.44 41.593 10
      vertex -203.128 39.09 10
    endloop
  endfacet
  facet normal -0 0 1
    outer loop
      vertex -202.845 42.8192 10
      vertex -202.834 42.8142 10
      vertex -201.554 43.7273 10
    endloop
  endfacet
  facet normal 0 0 1
    outer loop
      vertex -202.2 40.4 10
      vertex -203.325 41.6165 10
      vertex -202.35 40.2511 10
    endloop
  endfacet
  facet normal -0 0 1
    outer loop
      vertex -202.745 42.0165 10
      vertex -202.2 40.4 10
      vertex -202.684 42.1742 10
    endloop
  endfacet
  facet normal 0 0 1
    outer loop
      vertex -204.28 41.763 10
      vertex -204.393 41.8645 10
      vertex -205.379 42.113 10
    endloop
  endfacet
  facet normal 0 0 1
    outer loop
      vertex -203.44 41.593 10
      vertex -203.267 39.002 10
      vertex -203.128 39.09 10
    endloop
  endfacet
  facet normal 0 0 1
    outer loop
      vertex -204.28 41.763 10
      vertex -205.379 42.113 10
      vertex -206.343 41.6356 10
    endloop
  endfacet
  facet normal 0 0 1
    outer loop
      vertex -204.28 41.763 10
      vertex -206.343 41.6356 10
      vertex -203.267 39.002 10
    endloop
  endfacet
  facet normal -0 0 1
    outer loop
      vertex -205.379 42.113 10
      vertex -204.393 41.8645 10
      vertex -204.497 42.1901 10
    endloop
  endfacet
  facet normal 0 0 1
    outer loop
      vertex -206.343 41.6356 10
      vertex -206.401 41.6203 10
      vertex -203.267 39.002 10
    endloop
  endfacet
  facet normal -0 -0 1
    outer loop
      vertex -210.116 36.7877 10
      vertex -209.834 36.7876 10
      vertex -210.141 36.9218 10
    endloop
  endfacet
  facet normal 0 0 1
    outer loop
      vertex -213.222 42.4534 10
      vertex -215.914 35.9593 10
      vertex -212.562 42.1534 10
    endloop
  endfacet
  facet normal 0 -0 1
    outer loop
      vertex -217.19 36.0966 10
      vertex -213.222 42.4534 10
      vertex -219.365 37.3671 10
    endloop
  endfacet
  facet normal 0 0 1
    outer loop
      vertex -211.565 42.1745 10
      vertex -212.372 42.2762 10
      vertex -212.362 42.2323 10
    endloop
  endfacet
  facet normal 0 0 1
    outer loop
      vertex -211.565 42.1745 10
      vertex -212.362 42.2323 10
      vertex -212.562 42.1534 10
    endloop
  endfacet
  facet normal 0 0 1
    outer loop
      vertex -211.565 42.1745 10
      vertex -212.562 42.1534 10
      vertex -210.752 41.7588 10
    endloop
  endfacet
  facet normal 0 0 1
    outer loop
      vertex -219.365 37.3671 10
      vertex -213.309 42.6068 10
      vertex -214.092 43.7298 10
    endloop
  endfacet
  facet normal 0 0 1
    outer loop
      vertex -212.562 42.1534 10
      vertex -210.021 40.9588 10
      vertex -210.752 41.7588 10
    endloop
  endfacet
  facet normal 0 0 1
    outer loop
      vertex -216.087 46.9859 10
      vertex -221.484 37.8337 10
      vertex -219.439 37.4068 10
    endloop
  endfacet
  facet normal 0 -0 1
    outer loop
      vertex -255.545 74.8053 10
      vertex -255.513 74.9787 10
      vertex -259.069 74.8594 10
    endloop
  endfacet
  facet normal -0 0 1
    outer loop
      vertex -225.685 39.9777 10
      vertex -224.04 38.9431 10
      vertex -216.109 47.0238 10
    endloop
  endfacet
  facet normal 0 -0 1
    outer loop
      vertex -213.309 42.6068 10
      vertex -213.179 42.7128 10
      vertex -214.092 43.7298 10
    endloop
  endfacet
  facet normal 0 0 1
    outer loop
      vertex -250.667 64.3908 10
      vertex -251.419 62.3644 10
      vertex -250.617 64.3054 10
    endloop
  endfacet
  facet normal 0 0 1
    outer loop
      vertex -253.347 64.086 10
      vertex -253.402 63.9185 10
      vertex -251.585 62.3032 10
    endloop
  endfacet
  facet normal 0 0 1
    outer loop
      vertex -214.124 43.7871 10
      vertex -214.485 44.9988 10
      vertex -216.087 46.9859 10
    endloop
  endfacet
  facet normal 0 0 1
    outer loop
      vertex -251.38 66.0127 10
      vertex -251.462 66.1014 10
      vertex -253.3 65.8758 10
    endloop
  endfacet
  facet normal 0 0 1
    outer loop
      vertex -246.06 55.793 10
      vertex -248.087 56.4378 10
      vertex -246.011 55.6889 10
    endloop
  endfacet
  facet normal 0 0 1
    outer loop
      vertex -223.016 65.6162 10
      vertex -229.376 67.2659 10
      vertex -222.992 65.5798 10
    endloop
  endfacet
  facet normal 0 0 1
    outer loop
      vertex -217.369 50.1438 10
      vertex -217.34 50.2608 10
      vertex -217.369 50.2985 10
    endloop
  endfacet
  facet normal 0 -0 1
    outer loop
      vertex -217.369 50.1438 10
      vertex -217.369 50.2985 10
      vertex -217.397 50.3626 10
    endloop
  endfacet
  facet normal 0 0 1
    outer loop
      vertex -234.984 51.7457 10
      vertex -220.374 60.9118 10
      vertex -221.144 62.4218 10
    endloop
  endfacet
  facet normal 0 0 1
    outer loop
      vertex -229.376 67.2659 10
      vertex -221.144 62.4218 10
      vertex -221.159 62.4766 10
    endloop
  endfacet
  facet normal 0 0 1
    outer loop
      vertex -220.374 60.9118 10
      vertex -234.984 51.7457 10
      vertex -234.953 51.7009 10
    endloop
  endfacet
  facet normal 0 -0 1
    outer loop
      vertex -217.579 51.3728 10
      vertex -217.189 55.9328 10
      vertex -220.292 60.8394 10
    endloop
  endfacet
  facet normal 0 -0 1
    outer loop
      vertex -217.189 55.9328 10
      vertex -217.184 55.9633 10
      vertex -220.292 60.8394 10
    endloop
  endfacet
  facet normal 0 0 1
    outer loop
      vertex -217.184 55.9633 10
      vertex -216.331 59.4123 10
      vertex -216.442 59.4094 10
    endloop
  endfacet
  facet normal 0 0 1
    outer loop
      vertex -217.184 55.9633 10
      vertex -216.117 59.5046 10
      vertex -216.331 59.4123 10
    endloop
  endfacet
  facet normal 0 -0 1
    outer loop
      vertex -217.184 55.9633 10
      vertex -216.442 59.4094 10
      vertex -220.292 60.8394 10
    endloop
  endfacet
  facet normal 0 0 1
    outer loop
      vertex -224.025 67.7625 10
      vertex -228.566 67.8159 10
      vertex -223.016 65.6162 10
    endloop
  endfacet
  facet normal 0 0 1
    outer loop
      vertex -225.49 69.2278 10
      vertex -228.513 67.8781 10
      vertex -224.025 67.7625 10
    endloop
  endfacet
  facet normal 0 0 1
    outer loop
      vertex -228.513 67.8781 10
      vertex -228.566 67.8159 10
      vertex -224.025 67.7625 10
    endloop
  endfacet
  facet normal 0 0 1
    outer loop
      vertex -229.376 67.2659 10
      vertex -221.159 62.4766 10
      vertex -222.992 65.5798 10
    endloop
  endfacet
  facet normal 0 0 1
    outer loop
      vertex -221.159 62.4766 10
      vertex -221.265 63.6569 10
      vertex -222.992 65.5798 10
    endloop
  endfacet
  facet normal 0 0 1
    outer loop
      vertex -228.513 67.8781 10
      vertex -225.49 69.2278 10
      vertex -227.241 69.4563 10
    endloop
  endfacet
  facet normal 0 0 1
    outer loop
      vertex -228.513 67.8781 10
      vertex -227.241 69.4563 10
      vertex -227.919 69.1924 10
    endloop
  endfacet
  facet normal 0 0 1
    outer loop
      vertex -228.566 67.8159 10
      vertex -229.376 67.2659 10
      vertex -223.016 65.6162 10
    endloop
  endfacet
  facet normal 0 -0 1
    outer loop
      vertex -234.984 51.7457 10
      vertex -229.535 67.2599 10
      vertex -236.335 53.1068 10
    endloop
  endfacet
  facet normal 0 0 1
    outer loop
      vertex -238.876 56.3033 10
      vertex -240.039 57.7019 10
      vertex -239.962 57.5428 10
    endloop
  endfacet
  facet normal 0 -0 1
    outer loop
      vertex -252.387 61.8266 10
      vertex -251.812 61.9624 10
      vertex -252.868 62.3694 10
    endloop
  endfacet
  facet normal 0 0 1
    outer loop
      vertex -251.585 62.3032 10
      vertex -253.402 63.9185 10
      vertex -252.916 62.4057 10
    endloop
  endfacet
  facet normal 0 -0 1
    outer loop
      vertex -245.472 64.4944 10
      vertex -240.48 73.22 10
      vertex -245.592 64.6674 10
    endloop
  endfacet
  facet normal 0 0 1
    outer loop
      vertex -240.48 73.22 10
      vertex -246.76 73.21 10
      vertex -245.592 64.6674 10
    endloop
  endfacet
  facet normal -0 0 1
    outer loop
      vertex -240.33 73.3687 10
      vertex -240.48 73.22 10
      vertex -235.975 73.5742 10
    endloop
  endfacet
  facet normal 0 0 1
    outer loop
      vertex -240.33 73.3687 10
      vertex -236.631 74.3705 10
      vertex -240.321 74.3988 10
    endloop
  endfacet
  facet normal 0 0 1
    outer loop
      vertex -235.996 73.5949 10
      vertex -236.631 74.3705 10
      vertex -240.33 73.3687 10
    endloop
  endfacet
  facet normal 0 0 1
    outer loop
      vertex -235.996 73.5949 10
      vertex -240.33 73.3687 10
      vertex -235.975 73.5742 10
    endloop
  endfacet
  facet normal 0 0 1
    outer loop
      vertex -232.631 69.5201 10
      vertex -233.278 71.3508 10
      vertex -235.975 73.5742 10
    endloop
  endfacet
  facet normal -0 0 1
    outer loop
      vertex -240.48 73.22 10
      vertex -232.631 69.5201 10
      vertex -235.975 73.5742 10
    endloop
  endfacet
  facet normal 0 0 1
    outer loop
      vertex -254.663 69.8912 10
      vertex -255.339 68.4064 10
      vertex -255.305 68.3766 10
    endloop
  endfacet
  facet normal -0 -0 1
    outer loop
      vertex -258.299 72.518 10
      vertex -257.824 72.1256 10
      vertex -258.371 73.0695 10
    endloop
  endfacet
  facet normal 0 0 1
    outer loop
      vertex -257.824 72.1256 10
      vertex -255.436 72.8836 10
      vertex -255.438 72.9432 10
    endloop
  endfacet
  facet normal 0 -0 1
    outer loop
      vertex -258.402 73.142 10
      vertex -255.545 74.8053 10
      vertex -259.038 74.6532 10
    endloop
  endfacet
  facet normal 0 0 1
    outer loop
      vertex -255.327 76.5221 10
      vertex -260.067 76.3994 10
      vertex -259.069 74.8594 10
    endloop
  endfacet
  facet normal 0 -0 1
    outer loop
      vertex -259.114 74.0596 10
      vertex -259.038 74.6532 10
      vertex -259.215 74.4026 10
    endloop
  endfacet
  facet normal 0 0 1
    outer loop
      vertex -258.402 73.142 10
      vertex -259.038 74.6532 10
      vertex -259.114 74.0596 10
    endloop
  endfacet
  facet normal 0 0 1
    outer loop
      vertex -260.067 76.3994 10
      vertex -259.539 75.2162 10
      vertex -259.069 74.8594 10
    endloop
  endfacet
  facet normal 0 0 1
    outer loop
      vertex -260.067 76.3994 10
      vertex -255.327 76.5221 10
      vertex -255.183 76.8376 10
    endloop
  endfacet
  facet normal 0 -0 1
    outer loop
      vertex -255.438 72.9432 10
      vertex -255.245 74.1773 10
      vertex -255.545 74.8053 10
    endloop
  endfacet
  facet normal 0 -0 1
    outer loop
      vertex -257.824 72.1256 10
      vertex -255.438 72.9432 10
      vertex -258.371 73.0695 10
    endloop
  endfacet
  facet normal -0 0 1
    outer loop
      vertex -257.824 72.1256 10
      vertex -257.772 72.0322 10
      vertex -255.436 72.8836 10
    endloop
  endfacet
  facet normal 0 0 1
    outer loop
      vertex -254.706 69.9636 10
      vertex -255.436 72.8836 10
      vertex -257.22 70.7234 10
    endloop
  endfacet
  facet normal 0 0 1
    outer loop
      vertex -257.772 72.0322 10
      vertex -257.631 71.0945 10
      vertex -257.282 70.8414 10
    endloop
  endfacet
  facet normal 0 0 1
    outer loop
      vertex -254.706 69.9636 10
      vertex -257.22 70.7234 10
      vertex -257.201 69.8817 10
    endloop
  endfacet
  facet normal 0 0 1
    outer loop
      vertex -254.663 69.8912 10
      vertex -254.706 69.9636 10
      vertex -255.339 68.4064 10
    endloop
  endfacet
  facet normal 0 -0 1
    outer loop
      vertex -255.339 68.4064 10
      vertex -254.706 69.9636 10
      vertex -256.938 69.4267 10
    endloop
  endfacet
  facet normal 0 -0 1
    outer loop
      vertex -256.938 69.4267 10
      vertex -254.706 69.9636 10
      vertex -257.201 69.8817 10
    endloop
  endfacet
  facet normal 0 0 1
    outer loop
      vertex -249.393 62.6947 10
      vertex -249.451 62.7681 10
      vertex -251.034 61.4175 10
    endloop
  endfacet
  facet normal 0 0 1
    outer loop
      vertex -252.912 68.2289 10
      vertex -255.305 68.3766 10
      vertex -253.325 66.0266 10
    endloop
  endfacet
  facet normal 0 -0 1
    outer loop
      vertex -253.671 64.8087 10
      vertex -253.3 65.8758 10
      vertex -253.711 64.814 10
    endloop
  endfacet
  facet normal 0 -0 1
    outer loop
      vertex -253.547 64.706 10
      vertex -253.3 65.8758 10
      vertex -253.671 64.8087 10
    endloop
  endfacet
  facet normal 0 -0 1
    outer loop
      vertex -251.812 61.9624 10
      vertex -251.585 62.3032 10
      vertex -252.868 62.3694 10
    endloop
  endfacet
  facet normal -0 0 1
    outer loop
      vertex -253.347 64.086 10
      vertex -251.419 62.3644 10
      vertex -250.667 64.3908 10
    endloop
  endfacet
  facet normal 0 -0 1
    outer loop
      vertex -251.585 62.3032 10
      vertex -251.419 62.3644 10
      vertex -253.347 64.086 10
    endloop
  endfacet
  facet normal 0 0 1
    outer loop
      vertex -253.402 63.9185 10
      vertex -254.202 63.0105 10
      vertex -252.916 62.4057 10
    endloop
  endfacet
  facet normal 0 -0 1
    outer loop
      vertex -254.202 63.0105 10
      vertex -253.556 63.9053 10
      vertex -254.391 63.4852 10
    endloop
  endfacet
  facet normal 0 0 1
    outer loop
      vertex -253.402 63.9185 10
      vertex -253.556 63.9053 10
      vertex -254.202 63.0105 10
    endloop
  endfacet
  facet normal 0 0 1
    outer loop
      vertex -252.916 62.4057 10
      vertex -252.868 62.3694 10
      vertex -251.585 62.3032 10
    endloop
  endfacet
  facet normal 0 0 1
    outer loop
      vertex -254.391 63.4852 10
      vertex -253.556 63.9053 10
      vertex -254.066 64.1553 10
    endloop
  endfacet
  facet normal -0 0 1
    outer loop
      vertex -249.593 60.46 10
      vertex -248.903 58.88 10
      vertex -248.303 61.1852 10
    endloop
  endfacet
  facet normal 0 -0 1
    outer loop
      vertex -248.89 58.8192 10
      vertex -247.455 59.3105 10
      vertex -248.903 58.88 10
    endloop
  endfacet
  facet normal 0 0 1
    outer loop
      vertex -254.546 64.1699 10
      vertex -254.44 63.5499 10
      vertex -254.066 64.1553 10
    endloop
  endfacet
  facet normal -0 0 1
    outer loop
      vertex -254.621 64.1615 10
      vertex -254.44 63.5499 10
      vertex -254.546 64.1699 10
    endloop
  endfacet
  facet normal 0 0 1
    outer loop
      vertex -254.066 64.1553 10
      vertex -254.15 64.29 10
      vertex -254.546 64.1699 10
    endloop
  endfacet
  facet normal 0 0 1
    outer loop
      vertex -255.402 64.2742 10
      vertex -254.44 63.5499 10
      vertex -254.621 64.1615 10
    endloop
  endfacet
  facet normal 0 -0 1
    outer loop
      vertex -254.15 64.29 10
      vertex -254.15 64.3219 10
      vertex -254.546 64.1699 10
    endloop
  endfacet
  facet normal -0 0 1
    outer loop
      vertex -254.44 63.5499 10
      vertex -254.391 63.4852 10
      vertex -254.066 64.1553 10
    endloop
  endfacet
  facet normal -0 0 1
    outer loop
      vertex -248.9 57.0734 10
      vertex -248.087 56.4378 10
      vertex -246.867 58.6168 10
    endloop
  endfacet
  facet normal 0 0 1
    outer loop
      vertex -248.9 57.0734 10
      vertex -248.386 56.448 10
      vertex -248.197 56.4691 10
    endloop
  endfacet
  facet normal 0 0 1
    outer loop
      vertex -243.322 53.6566 10
      vertex -245.12 55.1555 10
      vertex -245.112 54.0682 10
    endloop
  endfacet
  facet normal 0 0 1
    outer loop
      vertex -240.48 73.22 10
      vertex -245.472 64.4944 10
      vertex -244.183 62.6112 10
    endloop
  endfacet
  facet normal -0 0 1
    outer loop
      vertex -244.517 52.654 10
      vertex -244.265 52.4564 10
      vertex -243.455 53.0191 10
    endloop
  endfacet
  facet normal -0 0 1
    outer loop
      vertex -248.303 61.1852 10
      vertex -247.455 59.3105 10
      vertex -248.136 61.1854 10
    endloop
  endfacet
  facet normal 0 0 1
    outer loop
      vertex -248.9 57.0734 10
      vertex -248.197 56.4691 10
      vertex -248.087 56.4378 10
    endloop
  endfacet
  facet normal 0 0 1
    outer loop
      vertex -249.393 62.6947 10
      vertex -251.034 61.4175 10
      vertex -249.649 60.5261 10
    endloop
  endfacet
  facet normal -0 0 1
    outer loop
      vertex -251.419 62.3644 10
      vertex -251.318 62.2674 10
      vertex -249.747 63.5709 10
    endloop
  endfacet
  facet normal 0 0 1
    outer loop
      vertex -249.027 62.4538 10
      vertex -249.393 62.6947 10
      vertex -248.723 61.5043 10
    endloop
  endfacet
  facet normal 0 0 1
    outer loop
      vertex -248.89 58.8192 10
      vertex -248.9 57.0734 10
      vertex -246.867 58.6168 10
    endloop
  endfacet
  facet normal 0 0 1
    outer loop
      vertex -243.322 53.6566 10
      vertex -244.517 52.654 10
      vertex -243.455 53.0191 10
    endloop
  endfacet
  facet normal 0 0 1
    outer loop
      vertex -232.075 68.7199 10
      vertex -242.347 60.5586 10
      vertex -240.039 57.7019 10
    endloop
  endfacet
  facet normal -0 0 1
    outer loop
      vertex -238.876 56.3033 10
      vertex -237.538 54.7984 10
      vertex -229.535 67.2599 10
    endloop
  endfacet
  facet normal 0 0 1
    outer loop
      vertex -238.876 56.3033 10
      vertex -238.771 56.146 10
      vertex -237.538 54.7984 10
    endloop
  endfacet
  facet normal -0 0 1
    outer loop
      vertex -229.535 67.2599 10
      vertex -234.984 51.7457 10
      vertex -229.376 67.2659 10
    endloop
  endfacet
  facet normal 0 0 1
    outer loop
      vertex -217.579 51.3728 10
      vertex -220.292 60.8394 10
      vertex -234.633 50.9809 10
    endloop
  endfacet
  facet normal 0 0 1
    outer loop
      vertex -243.322 53.6566 10
      vertex -245.112 54.0682 10
      vertex -244.517 52.654 10
    endloop
  endfacet
  facet normal 0 0 1
    outer loop
      vertex -243.322 53.6566 10
      vertex -244.979 55.5173 10
      vertex -245.12 55.1555 10
    endloop
  endfacet
  facet normal 0 0 1
    outer loop
      vertex -240.039 57.7019 10
      vertex -241.864 59.3159 10
      vertex -241.617 58.7999 10
    endloop
  endfacet
  facet normal 0 0 1
    outer loop
      vertex -233.722 49.0479 10
      vertex -234.62 50.9182 10
      vertex -234.63 50.1477 10
    endloop
  endfacet
  facet normal 0 0 1
    outer loop
      vertex -233.722 49.0479 10
      vertex -234.633 50.9809 10
      vertex -234.62 50.9182 10
    endloop
  endfacet
  facet normal 0 0 1
    outer loop
      vertex -217.579 51.3728 10
      vertex -233.722 49.0479 10
      vertex -233.65 48.9099 10
    endloop
  endfacet
  facet normal 0 0 1
    outer loop
      vertex -233.65 48.9099 10
      vertex -217.397 50.3626 10
      vertex -217.577 51.3326 10
    endloop
  endfacet
  facet normal 0 -0 1
    outer loop
      vertex -243.804 61.7633 10
      vertex -243.305 61.7799 10
      vertex -244.183 62.6112 10
    endloop
  endfacet
  facet normal 0 0 1
    outer loop
      vertex -234.63 50.1477 10
      vertex -234.178 49.3272 10
      vertex -233.722 49.0479 10
    endloop
  endfacet
  facet normal 0 0 1
    outer loop
      vertex -248.087 56.4378 10
      vertex -246.118 57.0428 10
      vertex -246.867 58.6168 10
    endloop
  endfacet
  facet normal 0 0 1
    outer loop
      vertex -244.183 62.6112 10
      vertex -245.472 64.4944 10
      vertex -244.265 62.6895 10
    endloop
  endfacet
  facet normal -0 0 1
    outer loop
      vertex -245.157 54.1278 10
      vertex -245.112 54.0682 10
      vertex -245.12 55.1555 10
    endloop
  endfacet
  facet normal 0 -0 1
    outer loop
      vertex -245.157 54.1278 10
      vertex -245.12 55.1555 10
      vertex -245.269 55.0602 10
    endloop
  endfacet
  facet normal 0 0 1
    outer loop
      vertex -245.157 54.1278 10
      vertex -245.361 55.0989 10
      vertex -246.011 55.6889 10
    endloop
  endfacet
  facet normal 0 0 1
    outer loop
      vertex -245.157 54.1278 10
      vertex -245.269 55.0602 10
      vertex -245.361 55.0989 10
    endloop
  endfacet
  facet normal 0 0 1
    outer loop
      vertex -245.157 54.1278 10
      vertex -246.011 55.6889 10
      vertex -248.087 56.4378 10
    endloop
  endfacet
  facet normal -0 0 1
    outer loop
      vertex -248.087 56.4378 10
      vertex -246.06 55.793 10
      vertex -246.118 57.0428 10
    endloop
  endfacet
  facet normal 0 0 1
    outer loop
      vertex -246.867 58.6168 10
      vertex -247.423 59.2511 10
      vertex -248.89 58.8192 10
    endloop
  endfacet
  facet normal 0 0 1
    outer loop
      vertex -246.76 73.21 10
      vertex -246.812 73.2192 10
      vertex -249.314 68.1993 10
    endloop
  endfacet
  facet normal 0 0 1
    outer loop
      vertex -247.423 59.2511 10
      vertex -247.455 59.3105 10
      vertex -248.89 58.8192 10
    endloop
  endfacet
  facet normal 0 -0 1
    outer loop
      vertex -248.076 61.351 10
      vertex -248.063 61.5362 10
      vertex -248.149 61.6109 10
    endloop
  endfacet
  facet normal 0 0 1
    outer loop
      vertex -250.617 64.3054 10
      vertex -251.419 62.3644 10
      vertex -249.747 63.5709 10
    endloop
  endfacet
  facet normal 0 0 1
    outer loop
      vertex -247.455 59.3105 10
      vertex -248.063 61.5362 10
      vertex -248.076 61.351 10
    endloop
  endfacet
  facet normal 0 0 1
    outer loop
      vertex -248.903 58.88 10
      vertex -247.455 59.3105 10
      vertex -248.303 61.1852 10
    endloop
  endfacet
  facet normal 0 0 1
    outer loop
      vertex -247.455 59.3105 10
      vertex -248.076 61.351 10
      vertex -248.136 61.1854 10
    endloop
  endfacet
  facet normal 0 0 1
    outer loop
      vertex -249.593 60.46 10
      vertex -248.303 61.1852 10
      vertex -248.663 61.4252 10
    endloop
  endfacet
  facet normal 0 0 1
    outer loop
      vertex -249.649 60.5261 10
      vertex -248.663 61.4252 10
      vertex -248.723 61.5043 10
    endloop
  endfacet
  facet normal -0 0 1
    outer loop
      vertex -249.649 60.5261 10
      vertex -249.593 60.46 10
      vertex -248.663 61.4252 10
    endloop
  endfacet
  facet normal 0 0 1
    outer loop
      vertex -249.393 62.6947 10
      vertex -249.649 60.5261 10
      vertex -248.723 61.5043 10
    endloop
  endfacet
  facet normal 0 -0 1
    outer loop
      vertex -249.314 68.1993 10
      vertex -246.812 73.2192 10
      vertex -249.613 68.3751 10
    endloop
  endfacet
  facet normal 0 0 1
    outer loop
      vertex -249.747 63.5709 10
      vertex -251.318 62.2674 10
      vertex -249.451 62.7681 10
    endloop
  endfacet
  facet normal 0 0 1
    outer loop
      vertex -249.451 62.7681 10
      vertex -251.318 62.2674 10
      vertex -251.034 61.4175 10
    endloop
  endfacet
  facet normal 0 0 1
    outer loop
      vertex -251.38 66.0127 10
      vertex -253.347 64.086 10
      vertex -250.667 64.3908 10
    endloop
  endfacet
  facet normal 0 0 1
    outer loop
      vertex -251.38 66.0127 10
      vertex -250.667 64.3908 10
      vertex -250.952 65.8242 10
    endloop
  endfacet
  facet normal -0 0 1
    outer loop
      vertex -253.547 64.706 10
      vertex -253.347 64.086 10
      vertex -251.38 66.0127 10
    endloop
  endfacet
  facet normal 0 0 1
    outer loop
      vertex -253.547 64.706 10
      vertex -251.38 66.0127 10
      vertex -253.3 65.8758 10
    endloop
  endfacet
  facet normal 0 0 1
    outer loop
      vertex -251.462 66.1014 10
      vertex -251.681 66.7423 10
      vertex -251.838 66.7611 10
    endloop
  endfacet
  facet normal 0 0 1
    outer loop
      vertex -251.462 66.1014 10
      vertex -251.838 66.7611 10
      vertex -253.3 65.8758 10
    endloop
  endfacet
  facet normal 0 0 1
    outer loop
      vertex -251.838 66.7611 10
      vertex -251.959 66.8529 10
      vertex -253.325 66.0266 10
    endloop
  endfacet
  facet normal 0 0 1
    outer loop
      vertex -251.959 66.8529 10
      vertex -252.052 67.0796 10
      vertex -252.192 67.0527 10
    endloop
  endfacet
  facet normal 0 -0 1
    outer loop
      vertex -253.3 65.8758 10
      vertex -251.838 66.7611 10
      vertex -253.325 66.0266 10
    endloop
  endfacet
  facet normal 0 -0 1
    outer loop
      vertex -251.074 72.9161 10
      vertex -246.812 73.2192 10
      vertex -251.162 73.122 10
    endloop
  endfacet
  facet normal 0 0 1
    outer loop
      vertex -252.192 67.0527 10
      vertex -252.354 67.132 10
      vertex -253.325 66.0266 10
    endloop
  endfacet
  facet normal 0 0 1
    outer loop
      vertex -252.912 68.2289 10
      vertex -254.663 69.8912 10
      vertex -255.305 68.3766 10
    endloop
  endfacet
  facet normal 0 0 1
    outer loop
      vertex -251.959 66.8529 10
      vertex -252.192 67.0527 10
      vertex -253.325 66.0266 10
    endloop
  endfacet
  facet normal 0 0 1
    outer loop
      vertex -252.354 67.132 10
      vertex -252.912 68.2289 10
      vertex -253.325 66.0266 10
    endloop
  endfacet
  facet normal 0 0 1
    outer loop
      vertex -255.513 74.9787 10
      vertex -255.242 76.3192 10
      vertex -255.327 76.5221 10
    endloop
  endfacet
  facet normal 0 -0 1
    outer loop
      vertex -257.22 70.7234 10
      vertex -255.436 72.8836 10
      vertex -257.282 70.8414 10
    endloop
  endfacet
  facet normal 0 0 1
    outer loop
      vertex -255.436 72.8836 10
      vertex -257.772 72.0322 10
      vertex -257.282 70.8414 10
    endloop
  endfacet
  facet normal 0 0 1
    outer loop
      vertex -255.438 72.9432 10
      vertex -258.402 73.142 10
      vertex -258.371 73.0695 10
    endloop
  endfacet
  facet normal 0 0 1
    outer loop
      vertex -255.438 72.9432 10
      vertex -255.545 74.8053 10
      vertex -258.402 73.142 10
    endloop
  endfacet
  facet normal 0 -0 1
    outer loop
      vertex -253.637 73.995 10
      vertex -253.358 74.2191 10
      vertex -255.334 74.9991 10
    endloop
  endfacet
  facet normal 0 -0 1
    outer loop
      vertex -259.038 74.6532 10
      vertex -255.545 74.8053 10
      vertex -259.069 74.8594 10
    endloop
  endfacet
  facet normal 0 -0 1
    outer loop
      vertex -255.334 74.9991 10
      vertex -255.242 76.3192 10
      vertex -255.513 74.9787 10
    endloop
  endfacet
  facet normal 0 0 1
    outer loop
      vertex -259.069 74.8594 10
      vertex -255.513 74.9787 10
      vertex -255.327 76.5221 10
    endloop
  endfacet
  facet normal -0 -0 1
    outer loop
      vertex -253.158 74.2967 10
      vertex -252.738 74.1067 10
      vertex -255.242 76.3192 10
    endloop
  endfacet
  facet normal 0 0 1
    outer loop
      vertex -253.637 73.995 10
      vertex -253.444 74.0185 10
      vertex -253.358 74.2191 10
    endloop
  endfacet
  facet normal -0 0 1
    outer loop
      vertex -255.334 74.9991 10
      vertex -253.358 74.2191 10
      vertex -255.242 76.3192 10
    endloop
  endfacet
  facet normal 0 -0 1
    outer loop
      vertex -253.358 74.2191 10
      vertex -253.158 74.2967 10
      vertex -255.242 76.3192 10
    endloop
  endfacet
  facet normal 0 0 1
    outer loop
      vertex -246.812 73.2192 10
      vertex -255.242 76.3192 10
      vertex -252.738 74.1067 10
    endloop
  endfacet
  facet normal 0 0 1
    outer loop
      vertex -251.162 73.122 10
      vertex -252.738 74.1067 10
      vertex -252.668 74.0418 10
    endloop
  endfacet
  facet normal 0 0 1
    outer loop
      vertex -251.162 73.122 10
      vertex -252.668 74.0418 10
      vertex -252.396 73.5431 10
    endloop
  endfacet
  facet normal 0 0 1
    outer loop
      vertex -246.812 73.2192 10
      vertex -252.738 74.1067 10
      vertex -251.162 73.122 10
    endloop
  endfacet
  facet normal -0 0 1
    outer loop
      vertex -251.216 72.6156 10
      vertex -251.094 71.6612 10
      vertex -251.074 72.9161 10
    endloop
  endfacet
  facet normal -0 0 1
    outer loop
      vertex -251.074 72.9161 10
      vertex -251.094 71.6612 10
      vertex -246.812 73.2192 10
    endloop
  endfacet
  facet normal 0 0 1
    outer loop
      vertex -246.812 73.2192 10
      vertex -251.094 71.6612 10
      vertex -249.613 68.3751 10
    endloop
  endfacet
  facet normal 0 -0 1
    outer loop
      vertex -249.243 68.1021 10
      vertex -246.76 73.21 10
      vertex -249.314 68.1993 10
    endloop
  endfacet
  facet normal 0 0 1
    outer loop
      vertex -249.112 67.4995 10
      vertex -246.861 64.9077 10
      vertex -245.592 64.6674 10
    endloop
  endfacet
  facet normal -0 -0 1
    outer loop
      vertex -249.112 67.4995 10
      vertex -245.592 64.6674 10
      vertex -249.243 68.1021 10
    endloop
  endfacet
  facet normal 0 0 1
    outer loop
      vertex -245.592 64.6674 10
      vertex -246.76 73.21 10
      vertex -249.243 68.1021 10
    endloop
  endfacet
  facet normal -0 -0 1
    outer loop
      vertex -245.178 63.0511 10
      vertex -244.265 62.6895 10
      vertex -245.472 64.4944 10
    endloop
  endfacet
  facet normal 0 0 1
    outer loop
      vertex -245.178 63.0511 10
      vertex -245.472 64.4944 10
      vertex -245.603 63.7403 10
    endloop
  endfacet
  facet normal -0 -0 1
    outer loop
      vertex -243.305 61.7799 10
      vertex -243.196 61.7384 10
      vertex -244.183 62.6112 10
    endloop
  endfacet
  facet normal 0 0 1
    outer loop
      vertex -242.565 60.3662 10
      vertex -243.014 59.9083 10
      vertex -242.038 59.3438 10
    endloop
  endfacet
  facet normal 0 -0 1
    outer loop
      vertex -243.196 61.7384 10
      vertex -240.48 73.22 10
      vertex -244.183 62.6112 10
    endloop
  endfacet
  facet normal 0 0 1
    outer loop
      vertex -232.631 69.5201 10
      vertex -240.48 73.22 10
      vertex -243.196 61.7384 10
    endloop
  endfacet
  facet normal 0 0 1
    outer loop
      vertex -232.614 69.4856 10
      vertex -232.631 69.5201 10
      vertex -243.196 61.7384 10
    endloop
  endfacet
  facet normal 0 0 1
    outer loop
      vertex -232.614 69.4856 10
      vertex -243.196 61.7384 10
      vertex -242.736 61.2984 10
    endloop
  endfacet
  facet normal 0 0 1
    outer loop
      vertex -232.614 69.4856 10
      vertex -242.736 61.2984 10
      vertex -232.124 68.7656 10
    endloop
  endfacet
  facet normal -0 0 1
    outer loop
      vertex -242.736 61.2984 10
      vertex -242.707 61.2586 10
      vertex -232.124 68.7656 10
    endloop
  endfacet
  facet normal -0 0 1
    outer loop
      vertex -242.707 61.2586 10
      vertex -242.347 60.5586 10
      vertex -232.124 68.7656 10
    endloop
  endfacet
  facet normal 0 0 1
    outer loop
      vertex -242.347 60.5586 10
      vertex -232.075 68.7199 10
      vertex -232.124 68.7656 10
    endloop
  endfacet
  facet normal -0 -0 1
    outer loop
      vertex -242.038 59.3438 10
      vertex -241.864 59.3159 10
      vertex -242.374 60.3843 10
    endloop
  endfacet
  facet normal -0 0 1
    outer loop
      vertex -242.374 60.3843 10
      vertex -241.864 59.3159 10
      vertex -242.347 60.5586 10
    endloop
  endfacet
  facet normal -0 0 1
    outer loop
      vertex -242.938 59.2783 10
      vertex -242.641 59.0377 10
      vertex -242.038 59.3438 10
    endloop
  endfacet
  facet normal -0 0 1
    outer loop
      vertex -242.565 60.3662 10
      vertex -242.038 59.3438 10
      vertex -242.374 60.3843 10
    endloop
  endfacet
  facet normal 0 0 1
    outer loop
      vertex -242.636 60.4149 10
      vertex -243.014 59.9083 10
      vertex -242.565 60.3662 10
    endloop
  endfacet
  facet normal 0 -0 1
    outer loop
      vertex -242.938 59.2783 10
      vertex -242.038 59.3438 10
      vertex -243.014 59.9083 10
    endloop
  endfacet
  facet normal 0 0 1
    outer loop
      vertex -241.617 58.7999 10
      vertex -241.858 59.1103 10
      vertex -241.788 58.8752 10
    endloop
  endfacet
  facet normal 0 0 1
    outer loop
      vertex -240.039 57.7019 10
      vertex -242.347 60.5586 10
      vertex -241.864 59.3159 10
    endloop
  endfacet
  facet normal 0 0 1
    outer loop
      vertex -241.864 59.3159 10
      vertex -241.858 59.1103 10
      vertex -241.617 58.7999 10
    endloop
  endfacet
  facet normal 0 0 1
    outer loop
      vertex -240.039 57.7019 10
      vertex -241.617 58.7999 10
      vertex -241.438 58.4602 10
    endloop
  endfacet
  facet normal 0 0 1
    outer loop
      vertex -242.151 58.7811 10
      vertex -241.788 58.8752 10
      vertex -241.858 59.1103 10
    endloop
  endfacet
  facet normal 0 0 1
    outer loop
      vertex -229.535 67.2599 10
      vertex -232.075 68.7199 10
      vertex -240.039 57.7019 10
    endloop
  endfacet
  facet normal -0 -0 1
    outer loop
      vertex -239.793 56.587 10
      vertex -238.876 56.3033 10
      vertex -239.962 57.5428 10
    endloop
  endfacet
  facet normal 0 -0 1
    outer loop
      vertex -238.876 56.3033 10
      vertex -229.535 67.2599 10
      vertex -240.039 57.7019 10
    endloop
  endfacet
  facet normal 0 0 1
    outer loop
      vertex -240.122 57.4205 10
      vertex -240.333 57.437 10
      vertex -239.793 56.587 10
    endloop
  endfacet
  facet normal 0 0 1
    outer loop
      vertex -239.793 56.587 10
      vertex -239.962 57.5428 10
      vertex -240.122 57.4205 10
    endloop
  endfacet
  facet normal -0 0 1
    outer loop
      vertex -237.538 54.7984 10
      vertex -237.507 54.7666 10
      vertex -229.535 67.2599 10
    endloop
  endfacet
  facet normal 0 0 1
    outer loop
      vertex -237.538 54.7984 10
      vertex -238.771 56.146 10
      vertex -238.801 55.826 10
    endloop
  endfacet
  facet normal -0 0 1
    outer loop
      vertex -237.507 54.7666 10
      vertex -236.335 53.1068 10
      vertex -229.535 67.2599 10
    endloop
  endfacet
  facet normal 0 0 1
    outer loop
      vertex -229.376 67.2659 10
      vertex -234.984 51.7457 10
      vertex -221.144 62.4218 10
    endloop
  endfacet
  facet normal -0 0 1
    outer loop
      vertex -238.824 55.7995 10
      vertex -237.538 54.7984 10
      vertex -238.801 55.826 10
    endloop
  endfacet
  facet normal 0 0 1
    outer loop
      vertex -220.374 60.9118 10
      vertex -234.953 51.7009 10
      vertex -234.633 50.9809 10
    endloop
  endfacet
  facet normal 0 0 1
    outer loop
      vertex -220.374 60.9118 10
      vertex -234.633 50.9809 10
      vertex -220.292 60.8394 10
    endloop
  endfacet
  facet normal -0 0 1
    outer loop
      vertex -234.633 50.9809 10
      vertex -233.722 49.0479 10
      vertex -217.579 51.3728 10
    endloop
  endfacet
  facet normal 0 0 1
    outer loop
      vertex -217.579 51.3728 10
      vertex -233.65 48.9099 10
      vertex -217.577 51.3326 10
    endloop
  endfacet
  facet normal 0 0 1
    outer loop
      vertex -233.65 48.9099 10
      vertex -217.369 50.1438 10
      vertex -217.397 50.3626 10
    endloop
  endfacet
  facet normal -0 0 1
    outer loop
      vertex -233.71 48.0199 10
      vertex -230.853 42.7544 10
      vertex -233.65 48.9099 10
    endloop
  endfacet
  facet normal -0 0 1
    outer loop
      vertex -233.744 47.9346 10
      vertex -233.769 46.8015 10
      vertex -233.71 48.0199 10
    endloop
  endfacet
  facet normal -0 0 1
    outer loop
      vertex -233.919 47.2115 10
      vertex -233.769 46.8015 10
      vertex -233.744 47.9346 10
    endloop
  endfacet
  facet normal 0 -0 1
    outer loop
      vertex -233.919 47.2115 10
      vertex -233.744 47.9346 10
      vertex -234.015 47.303 10
    endloop
  endfacet
  facet normal 0 0 1
    outer loop
      vertex -233.744 47.9346 10
      vertex -234.213 47.3659 10
      vertex -234.015 47.303 10
    endloop
  endfacet
  facet normal 0 0 1
    outer loop
      vertex -233.769 46.8015 10
      vertex -233.102 43.8689 10
      vertex -230.853 42.7544 10
    endloop
  endfacet
  facet normal -0 0 1
    outer loop
      vertex -233.769 46.8015 10
      vertex -230.853 42.7544 10
      vertex -233.71 48.0199 10
    endloop
  endfacet
  facet normal 0 0 1
    outer loop
      vertex -233.102 43.8689 10
      vertex -233.769 46.8015 10
      vertex -233.842 46.6161 10
    endloop
  endfacet
  facet normal 0 0 1
    outer loop
      vertex -217.369 50.1438 10
      vertex -233.65 48.9099 10
      vertex -230.808 42.7197 10
    endloop
  endfacet
  facet normal 0 0 1
    outer loop
      vertex -233.842 46.6161 10
      vertex -234.27 45.3965 10
      vertex -233.102 43.8689 10
    endloop
  endfacet
  facet normal 0 0 1
    outer loop
      vertex -230.808 42.7197 10
      vertex -233.65 48.9099 10
      vertex -230.853 42.7544 10
    endloop
  endfacet
  facet normal 0 0 1
    outer loop
      vertex -228.183 40.9663 10
      vertex -230.808 42.7197 10
      vertex -229.783 41.5674 10
    endloop
  endfacet
  facet normal -0 0 1
    outer loop
      vertex -234.626 46.2199 10
      vertex -234.27 45.3965 10
      vertex -233.842 46.6161 10
    endloop
  endfacet
  facet normal 0 0 1
    outer loop
      vertex -226.469 40.7286 10
      vertex -230.808 42.7197 10
      vertex -228.183 40.9663 10
    endloop
  endfacet
  facet normal 0 0 1
    outer loop
      vertex -217.369 50.1438 10
      vertex -230.808 42.7197 10
      vertex -226.469 40.7286 10
    endloop
  endfacet
  facet normal 0 0 1
    outer loop
      vertex -217.369 50.1438 10
      vertex -226.469 40.7286 10
      vertex -226.383 40.6853 10
    endloop
  endfacet
  facet normal -0 0 1
    outer loop
      vertex -226.383 40.6853 10
      vertex -225.685 39.9777 10
      vertex -216.109 47.0238 10
    endloop
  endfacet
  facet normal 0 0 1
    outer loop
      vertex -217.369 50.1438 10
      vertex -226.383 40.6853 10
      vertex -216.109 47.0238 10
    endloop
  endfacet
  facet normal 0 0 1
    outer loop
      vertex -216.109 47.0238 10
      vertex -224.04 38.9431 10
      vertex -216.087 46.9859 10
    endloop
  endfacet
  facet normal -0 0 1
    outer loop
      vertex -224.04 38.9431 10
      vertex -221.484 37.8337 10
      vertex -216.087 46.9859 10
    endloop
  endfacet
  facet normal 0 0 1
    outer loop
      vertex -216.087 46.9859 10
      vertex -219.439 37.4068 10
      vertex -214.124 43.7871 10
    endloop
  endfacet
  facet normal 0 0 1
    outer loop
      vertex -219.439 37.4068 10
      vertex -214.092 43.7298 10
      vertex -214.124 43.7871 10
    endloop
  endfacet
  facet normal 0 0 1
    outer loop
      vertex -213.222 42.4534 10
      vertex -213.309 42.6068 10
      vertex -219.365 37.3671 10
    endloop
  endfacet
  facet normal 0 -0 1
    outer loop
      vertex -219.365 37.3671 10
      vertex -214.092 43.7298 10
      vertex -219.439 37.4068 10
    endloop
  endfacet
  facet normal 0 0 1
    outer loop
      vertex -217.19 36.0966 10
      vertex -219.365 37.3671 10
      vertex -218.844 36.8554 10
    endloop
  endfacet
  facet normal 0 -0 1
    outer loop
      vertex -215.955 35.9692 10
      vertex -213.222 42.4534 10
      vertex -217.19 36.0966 10
    endloop
  endfacet
  facet normal 0 -0 1
    outer loop
      vertex -215.914 35.9593 10
      vertex -213.222 42.4534 10
      vertex -215.955 35.9692 10
    endloop
  endfacet
  facet normal 0 0 1
    outer loop
      vertex -212.205 36.1068 10
      vertex -211.491 36.5661 10
      vertex -211.005 37.0867 10
    endloop
  endfacet
  facet normal 0 0 1
    outer loop
      vertex -215.914 35.9593 10
      vertex -212.205 36.1068 10
      vertex -212.562 42.1534 10
    endloop
  endfacet
  facet normal -0 0 1
    outer loop
      vertex -215.914 35.9593 10
      vertex -214.464 35.3793 10
      vertex -212.205 36.1068 10
    endloop
  endfacet
  facet normal -0 0 1
    outer loop
      vertex -209.866 40.9166 10
      vertex -209.65 36.8226 10
      vertex -207.863 41.5314 10
    endloop
  endfacet
  facet normal 0 0 1
    outer loop
      vertex -211.275 36.7667 10
      vertex -211.424 36.5893 10
      vertex -211.31 36.6702 10
    endloop
  endfacet
  facet normal -0 0 1
    outer loop
      vertex -210.311 36.9712 10
      vertex -210.141 36.9218 10
      vertex -209.866 40.9166 10
    endloop
  endfacet
  facet normal 0 0 1
    outer loop
      vertex -211.491 36.5661 10
      vertex -211.424 36.5893 10
      vertex -211.275 36.7667 10
    endloop
  endfacet
  facet normal 0 -0 1
    outer loop
      vertex -212.205 36.1068 10
      vertex -211.005 37.0867 10
      vertex -212.562 42.1534 10
    endloop
  endfacet
  facet normal 0 -0 1
    outer loop
      vertex -210.773 37.0837 10
      vertex -210.021 40.9588 10
      vertex -211.005 37.0867 10
    endloop
  endfacet
  facet normal 0 0 1
    outer loop
      vertex -211.005 37.0867 10
      vertex -211.491 36.5661 10
      vertex -211.275 36.7667 10
    endloop
  endfacet
  facet normal 0 0 1
    outer loop
      vertex -211.424 36.5893 10
      vertex -211.262 36.6046 10
      vertex -211.31 36.6702 10
    endloop
  endfacet
  facet normal 0 0 1
    outer loop
      vertex -210.021 40.9588 10
      vertex -212.562 42.1534 10
      vertex -211.005 37.0867 10
    endloop
  endfacet
  facet normal 0 0 1
    outer loop
      vertex -209.866 40.9166 10
      vertex -210.021 40.9588 10
      vertex -210.773 37.0837 10
    endloop
  endfacet
  facet normal 0 0 1
    outer loop
      vertex -210.311 36.9712 10
      vertex -210.773 37.0837 10
      vertex -210.6 36.8674 10
    endloop
  endfacet
  facet normal 0 0 1
    outer loop
      vertex -210.141 36.9218 10
      vertex -209.834 36.7876 10
      vertex -209.65 36.8226 10
    endloop
  endfacet
  facet normal 0 0 1
    outer loop
      vertex -210.173 36.5927 10
      vertex -209.954 36.6476 10
      vertex -210.116 36.7877 10
    endloop
  endfacet
  facet normal 0 0 1
    outer loop
      vertex -209.866 40.9166 10
      vertex -210.141 36.9218 10
      vertex -209.65 36.8226 10
    endloop
  endfacet
  facet normal 0 0 1
    outer loop
      vertex -208.603 36.2647 10
      vertex -206.943 34.8647 10
      vertex -203.991 36.2638 10
    endloop
  endfacet
  facet normal 0 0 1
    outer loop
      vertex -208.603 36.2647 10
      vertex -203.267 39.002 10
      vertex -206.401 41.6203 10
    endloop
  endfacet
  facet normal 0 0 1
    outer loop
      vertex -209.954 36.6476 10
      vertex -210.173 36.5927 10
      vertex -209.929 36.5228 10
    endloop
  endfacet
  facet normal 0 0 1
    outer loop
      vertex -210.116 36.7877 10
      vertex -209.954 36.6476 10
      vertex -209.834 36.7876 10
    endloop
  endfacet
  facet normal 0 0 1
    outer loop
      vertex -203.267 39.002 10
      vertex -208.603 36.2647 10
      vertex -203.991 36.2638 10
    endloop
  endfacet
  facet normal -0 0 1
    outer loop
      vertex -209.65 36.8226 10
      vertex -208.63 36.2826 10
      vertex -207.863 41.5314 10
    endloop
  endfacet
  facet normal -0 0 1
    outer loop
      vertex -208.63 36.2826 10
      vertex -208.603 36.2647 10
      vertex -207.863 41.5314 10
    endloop
  endfacet
  facet normal -0 0 1
    outer loop
      vertex -206.943 34.8647 10
      vertex -206.934 34.8561 10
      vertex -203.991 36.2638 10
    endloop
  endfacet
  facet normal -0 0 1
    outer loop
      vertex -206.934 34.8561 10
      vertex -205.031 34.4238 10
      vertex -203.991 36.2638 10
    endloop
  endfacet
  facet normal 0 0 1
    outer loop
      vertex -205.027 34.27 10
      vertex -206.934 34.8561 10
      vertex -205.042 32.9641 10
    endloop
  endfacet
  facet normal 0 0 1
    outer loop
      vertex -205.027 34.27 10
      vertex -205.031 34.4238 10
      vertex -206.934 34.8561 10
    endloop
  endfacet
  facet normal 0.845689 0.533677 0
    outer loop
      vertex -205.027 34.27 0
      vertex -204.773 33.8675 10
      vertex -204.773 33.8675 0
    endloop
  endfacet
  facet normal 0.845689 0.533677 -0
    outer loop
      vertex -205.027 34.27 0
      vertex -205.027 34.27 10
      vertex -204.773 33.8675 10
    endloop
  endfacet
  facet normal 0.999662 0.025999 0
    outer loop
      vertex -205.031 34.4238 0
      vertex -205.027 34.27 10
      vertex -205.027 34.27 0
    endloop
  endfacet
  facet normal 0.999662 0.025999 -0
    outer loop
      vertex -205.031 34.4238 0
      vertex -205.031 34.4238 10
      vertex -205.027 34.27 10
    endloop
  endfacet
  facet normal 0.870563 -0.492057 0
    outer loop
      vertex -203.991 36.2638 0
      vertex -205.031 34.4238 10
      vertex -205.031 34.4238 0
    endloop
  endfacet
  facet normal 0.870563 -0.492057 0
    outer loop
      vertex -203.991 36.2638 0
      vertex -203.991 36.2638 10
      vertex -205.031 34.4238 10
    endloop
  endfacet
  facet normal 0.502804 -0.8644 0
    outer loop
      vertex -203.86 36.34 0
      vertex -203.991 36.2638 10
      vertex -203.991 36.2638 0
    endloop
  endfacet
  facet normal 0.502804 -0.8644 0
    outer loop
      vertex -203.86 36.34 0
      vertex -203.86 36.34 10
      vertex -203.991 36.2638 10
    endloop
  endfacet
  facet normal 0 -1 0
    outer loop
      vertex -201.128 36.34 0
      vertex -203.86 36.34 10
      vertex -203.86 36.34 0
    endloop
  endfacet
  facet normal 0 -1 0
    outer loop
      vertex -201.128 36.34 0
      vertex -201.128 36.34 10
      vertex -203.86 36.34 10
    endloop
  endfacet
  facet normal 0.99671 -0.0810487 0
    outer loop
      vertex -201.085 36.8688 0
      vertex -201.128 36.34 10
      vertex -201.128 36.34 0
    endloop
  endfacet
  facet normal 0.99671 -0.0810487 0
    outer loop
      vertex -201.085 36.8688 0
      vertex -201.085 36.8688 10
      vertex -201.128 36.34 10
    endloop
  endfacet
  facet normal 0.674477 0.738296 0
    outer loop
      vertex -203.231 38.8293 0
      vertex -201.085 36.8688 10
      vertex -201.085 36.8688 0
    endloop
  endfacet
  facet normal 0.674477 0.738296 -0
    outer loop
      vertex -203.231 38.8293 0
      vertex -203.231 38.8293 10
      vertex -201.085 36.8688 10
    endloop
  endfacet
  facet normal 0.978957 0.204067 0
    outer loop
      vertex -203.267 39.002 0
      vertex -203.231 38.8293 10
      vertex -203.231 38.8293 0
    endloop
  endfacet
  facet normal 0.978957 0.204067 -0
    outer loop
      vertex -203.267 39.002 0
      vertex -203.267 39.002 10
      vertex -203.231 38.8293 10
    endloop
  endfacet
  facet normal 0.534907 -0.844911 0
    outer loop
      vertex -203.128 39.09 0
      vertex -203.267 39.002 10
      vertex -203.267 39.002 0
    endloop
  endfacet
  facet normal 0.534907 -0.844911 0
    outer loop
      vertex -203.128 39.09 0
      vertex -203.128 39.09 10
      vertex -203.267 39.002 10
    endloop
  endfacet
  facet normal -0.0109226 -0.99994 0
    outer loop
      vertex -202.359 39.0816 0
      vertex -203.128 39.09 10
      vertex -203.128 39.09 0
    endloop
  endfacet
  facet normal -0.0109226 -0.99994 0
    outer loop
      vertex -202.359 39.0816 0
      vertex -202.359 39.0816 10
      vertex -203.128 39.09 10
    endloop
  endfacet
  facet normal 0.99997 -0.00769537 0
    outer loop
      vertex -202.35 40.2511 0
      vertex -202.359 39.0816 10
      vertex -202.359 39.0816 0
    endloop
  endfacet
  facet normal 0.99997 -0.00769537 0
    outer loop
      vertex -202.35 40.2511 0
      vertex -202.35 40.2511 10
      vertex -202.359 39.0816 10
    endloop
  endfacet
  facet normal 0.7045 -0.709704 0
    outer loop
      vertex -202.2 40.4 0
      vertex -202.35 40.2511 10
      vertex -202.35 40.2511 0
    endloop
  endfacet
  facet normal 0.7045 -0.709704 0
    outer loop
      vertex -202.2 40.4 0
      vertex -202.2 40.4 10
      vertex -202.35 40.2511 10
    endloop
  endfacet
  facet normal -0.00246442 -0.999997 0
    outer loop
      vertex -198.264 40.3903 0
      vertex -202.2 40.4 10
      vertex -202.2 40.4 0
    endloop
  endfacet
  facet normal -0.00246442 -0.999997 0
    outer loop
      vertex -198.264 40.3903 0
      vertex -198.264 40.3903 10
      vertex -202.2 40.4 10
    endloop
  endfacet
  facet normal 0.982456 -0.186492 0
    outer loop
      vertex -198.217 40.6379 0
      vertex -198.264 40.3903 10
      vertex -198.264 40.3903 0
    endloop
  endfacet
  facet normal 0.982456 -0.186492 0
    outer loop
      vertex -198.217 40.6379 0
      vertex -198.217 40.6379 10
      vertex -198.264 40.3903 10
    endloop
  endfacet
  facet normal 0.628457 -0.777844 0
    outer loop
      vertex -198.066 40.7599 0
      vertex -198.217 40.6379 10
      vertex -198.217 40.6379 0
    endloop
  endfacet
  facet normal 0.628457 -0.777844 0
    outer loop
      vertex -198.066 40.7599 0
      vertex -198.066 40.7599 10
      vertex -198.217 40.6379 10
    endloop
  endfacet
  facet normal -0.0276524 -0.999618 0
    outer loop
      vertex -197.437 40.7425 0
      vertex -198.066 40.7599 10
      vertex -198.066 40.7599 0
    endloop
  endfacet
  facet normal -0.0276524 -0.999618 0
    outer loop
      vertex -197.437 40.7425 0
      vertex -197.437 40.7425 10
      vertex -198.066 40.7599 10
    endloop
  endfacet
  facet normal 0.873313 -0.48716 0
    outer loop
      vertex -196.851 41.793 0
      vertex -197.437 40.7425 10
      vertex -197.437 40.7425 0
    endloop
  endfacet
  facet normal 0.873313 -0.48716 0
    outer loop
      vertex -196.851 41.793 0
      vertex -196.851 41.793 10
      vertex -197.437 40.7425 10
    endloop
  endfacet
  facet normal 0.558085 -0.829784 0
    outer loop
      vertex -196.738 41.869 0
      vertex -196.851 41.793 10
      vertex -196.851 41.793 0
    endloop
  endfacet
  facet normal 0.558085 -0.829784 0
    outer loop
      vertex -196.738 41.869 0
      vertex -196.738 41.869 10
      vertex -196.851 41.793 10
    endloop
  endfacet
  facet normal 0.11663 -0.993175 0
    outer loop
      vertex -196.302 41.9202 0
      vertex -196.738 41.869 10
      vertex -196.738 41.869 0
    endloop
  endfacet
  facet normal 0.11663 -0.993175 0
    outer loop
      vertex -196.302 41.9202 0
      vertex -196.302 41.9202 10
      vertex -196.738 41.869 10
    endloop
  endfacet
  facet normal 0.866525 -0.499133 0
    outer loop
      vertex -195.85 42.7049 0
      vertex -196.302 41.9202 10
      vertex -196.302 41.9202 0
    endloop
  endfacet
  facet normal 0.866525 -0.499133 0
    outer loop
      vertex -195.85 42.7049 0
      vertex -195.85 42.7049 10
      vertex -196.302 41.9202 10
    endloop
  endfacet
  facet normal 0.407296 -0.913296 0
    outer loop
      vertex -195.689 42.7767 0
      vertex -195.85 42.7049 10
      vertex -195.85 42.7049 0
    endloop
  endfacet
  facet normal 0.407296 -0.913296 0
    outer loop
      vertex -195.689 42.7767 0
      vertex -195.689 42.7767 10
      vertex -195.85 42.7049 10
    endloop
  endfacet
  facet normal -0.758483 -0.651693 0
    outer loop
      vertex -195.57 42.6382 0
      vertex -195.689 42.7767 10
      vertex -195.689 42.7767 0
    endloop
  endfacet
  facet normal -0.758483 -0.651693 0
    outer loop
      vertex -195.57 42.6382 0
      vertex -195.57 42.6382 10
      vertex -195.689 42.7767 10
    endloop
  endfacet
  facet normal -0.998543 -0.0539674 0
    outer loop
      vertex -195.533 41.9536 0
      vertex -195.57 42.6382 10
      vertex -195.57 42.6382 0
    endloop
  endfacet
  facet normal -0.998543 -0.0539674 0
    outer loop
      vertex -195.533 41.9536 0
      vertex -195.533 41.9536 10
      vertex -195.57 42.6382 10
    endloop
  endfacet
  facet normal -0.799278 -0.600961 0
    outer loop
      vertex -195.283 41.6211 0
      vertex -195.533 41.9536 10
      vertex -195.533 41.9536 0
    endloop
  endfacet
  facet normal -0.799278 -0.600961 0
    outer loop
      vertex -195.283 41.6211 0
      vertex -195.283 41.6211 10
      vertex -195.533 41.9536 10
    endloop
  endfacet
  facet normal 0.951089 -0.308917 0
    outer loop
      vertex -194.675 43.493 0
      vertex -195.283 41.6211 10
      vertex -195.283 41.6211 0
    endloop
  endfacet
  facet normal 0.951089 -0.308917 0
    outer loop
      vertex -194.675 43.493 0
      vertex -194.675 43.493 10
      vertex -195.283 41.6211 10
    endloop
  endfacet
  facet normal -0.228369 0.973575 0
    outer loop
      vertex -194.756 43.474 0
      vertex -194.675 43.493 10
      vertex -194.675 43.493 0
    endloop
  endfacet
  facet normal -0.228369 0.973575 0
    outer loop
      vertex -194.756 43.474 0
      vertex -194.756 43.474 10
      vertex -194.675 43.493 10
    endloop
  endfacet
  facet normal 0.604149 0.796871 0
    outer loop
      vertex -194.94 43.6135 0
      vertex -194.756 43.474 10
      vertex -194.756 43.474 0
    endloop
  endfacet
  facet normal 0.604149 0.796871 -0
    outer loop
      vertex -194.94 43.6135 0
      vertex -194.94 43.6135 10
      vertex -194.756 43.474 10
    endloop
  endfacet
  facet normal 0.999056 0.0434372 0
    outer loop
      vertex -194.95 43.8435 0
      vertex -194.94 43.6135 10
      vertex -194.94 43.6135 0
    endloop
  endfacet
  facet normal 0.999056 0.0434372 -0
    outer loop
      vertex -194.95 43.8435 0
      vertex -194.95 43.8435 10
      vertex -194.94 43.6135 10
    endloop
  endfacet
  facet normal 0.934755 -0.355292 0
    outer loop
      vertex -194.908 43.954 0
      vertex -194.95 43.8435 10
      vertex -194.95 43.8435 0
    endloop
  endfacet
  facet normal 0.934755 -0.355292 0
    outer loop
      vertex -194.908 43.954 0
      vertex -194.908 43.954 10
      vertex -194.95 43.8435 10
    endloop
  endfacet
  facet normal 0.721017 -0.692917 0
    outer loop
      vertex -194.691 44.1798 0
      vertex -194.908 43.954 10
      vertex -194.908 43.954 0
    endloop
  endfacet
  facet normal 0.721017 -0.692917 0
    outer loop
      vertex -194.691 44.1798 0
      vertex -194.691 44.1798 10
      vertex -194.908 43.954 10
    endloop
  endfacet
  facet normal -0.14166 0.989915 0
    outer loop
      vertex -194.749 44.1715 0
      vertex -194.691 44.1798 10
      vertex -194.691 44.1798 0
    endloop
  endfacet
  facet normal -0.14166 0.989915 0
    outer loop
      vertex -194.749 44.1715 0
      vertex -194.749 44.1715 10
      vertex -194.691 44.1798 10
    endloop
  endfacet
  facet normal 0.481919 0.876216 0
    outer loop
      vertex -194.907 44.2584 0
      vertex -194.749 44.1715 10
      vertex -194.749 44.1715 0
    endloop
  endfacet
  facet normal 0.481919 0.876216 -0
    outer loop
      vertex -194.907 44.2584 0
      vertex -194.907 44.2584 10
      vertex -194.749 44.1715 10
    endloop
  endfacet
  facet normal 0.911922 0.410365 0
    outer loop
      vertex -194.997 44.4584 0
      vertex -194.907 44.2584 10
      vertex -194.907 44.2584 0
    endloop
  endfacet
  facet normal 0.911922 0.410365 -0
    outer loop
      vertex -194.997 44.4584 0
      vertex -194.997 44.4584 10
      vertex -194.907 44.2584 10
    endloop
  endfacet
  facet normal 0.981591 -0.190994 0
    outer loop
      vertex -194.964 44.628 0
      vertex -194.997 44.4584 10
      vertex -194.997 44.4584 0
    endloop
  endfacet
  facet normal 0.981591 -0.190994 0
    outer loop
      vertex -194.964 44.628 0
      vertex -194.964 44.628 10
      vertex -194.997 44.4584 10
    endloop
  endfacet
  facet normal 0.693846 -0.720123 0
    outer loop
      vertex -194.457 45.1165 0
      vertex -194.964 44.628 10
      vertex -194.964 44.628 0
    endloop
  endfacet
  facet normal 0.693846 -0.720123 0
    outer loop
      vertex -194.457 45.1165 0
      vertex -194.457 45.1165 10
      vertex -194.964 44.628 10
    endloop
  endfacet
  facet normal 0.998959 -0.045609 0
    outer loop
      vertex -194.42 45.9269 0
      vertex -194.457 45.1165 10
      vertex -194.457 45.1165 0
    endloop
  endfacet
  facet normal 0.998959 -0.045609 0
    outer loop
      vertex -194.42 45.9269 0
      vertex -194.42 45.9269 10
      vertex -194.457 45.1165 10
    endloop
  endfacet
  facet normal 0.930764 -0.36562 0
    outer loop
      vertex -194.385 46.016 0
      vertex -194.42 45.9269 10
      vertex -194.42 45.9269 0
    endloop
  endfacet
  facet normal 0.930764 -0.36562 0
    outer loop
      vertex -194.385 46.016 0
      vertex -194.385 46.016 10
      vertex -194.42 45.9269 10
    endloop
  endfacet
  facet normal 0.768342 -0.640039 0
    outer loop
      vertex -193.301 47.3173 0
      vertex -194.385 46.016 10
      vertex -194.385 46.016 0
    endloop
  endfacet
  facet normal 0.768342 -0.640039 0
    outer loop
      vertex -193.301 47.3173 0
      vertex -193.301 47.3173 10
      vertex -194.385 46.016 10
    endloop
  endfacet
  facet normal 0.931372 -0.364069 0
    outer loop
      vertex -192.985 48.1257 0
      vertex -193.301 47.3173 10
      vertex -193.301 47.3173 0
    endloop
  endfacet
  facet normal 0.931372 -0.364069 0
    outer loop
      vertex -192.985 48.1257 0
      vertex -192.985 48.1257 10
      vertex -193.301 47.3173 10
    endloop
  endfacet
  facet normal 0.985671 0.168679 0
    outer loop
      vertex -193.077 48.6633 0
      vertex -192.985 48.1257 10
      vertex -192.985 48.1257 0
    endloop
  endfacet
  facet normal 0.985671 0.168679 -0
    outer loop
      vertex -193.077 48.6633 0
      vertex -193.077 48.6633 10
      vertex -192.985 48.1257 10
    endloop
  endfacet
  facet normal 0.57612 0.817365 0
    outer loop
      vertex -193.613 49.0411 0
      vertex -193.077 48.6633 10
      vertex -193.077 48.6633 0
    endloop
  endfacet
  facet normal 0.57612 0.817365 -0
    outer loop
      vertex -193.613 49.0411 0
      vertex -193.613 49.0411 10
      vertex -193.077 48.6633 10
    endloop
  endfacet
  facet normal -0.994538 0.104374 0
    outer loop
      vertex -193.62 48.9744 0
      vertex -193.613 49.0411 10
      vertex -193.613 49.0411 0
    endloop
  endfacet
  facet normal -0.994538 0.104374 0
    outer loop
      vertex -193.62 48.9744 0
      vertex -193.62 48.9744 10
      vertex -193.613 49.0411 10
    endloop
  endfacet
  facet normal -0.863779 0.503871 0
    outer loop
      vertex -193.76 48.7344 0
      vertex -193.62 48.9744 10
      vertex -193.62 48.9744 0
    endloop
  endfacet
  facet normal -0.863779 0.503871 0
    outer loop
      vertex -193.76 48.7344 0
      vertex -193.76 48.7344 10
      vertex -193.62 48.9744 10
    endloop
  endfacet
  facet normal -0.397923 0.917419 0
    outer loop
      vertex -193.923 48.6637 0
      vertex -193.76 48.7344 10
      vertex -193.76 48.7344 0
    endloop
  endfacet
  facet normal -0.397923 0.917419 0
    outer loop
      vertex -193.923 48.6637 0
      vertex -193.923 48.6637 10
      vertex -193.76 48.7344 10
    endloop
  endfacet
  facet normal 0.220604 0.975363 0
    outer loop
      vertex -195.581 49.0387 0
      vertex -193.923 48.6637 10
      vertex -193.923 48.6637 0
    endloop
  endfacet
  facet normal 0.220604 0.975363 -0
    outer loop
      vertex -195.581 49.0387 0
      vertex -195.581 49.0387 10
      vertex -193.923 48.6637 10
    endloop
  endfacet
  facet normal -0.078301 0.99693 0
    outer loop
      vertex -196.555 48.9622 0
      vertex -195.581 49.0387 10
      vertex -195.581 49.0387 0
    endloop
  endfacet
  facet normal -0.078301 0.99693 0
    outer loop
      vertex -196.555 48.9622 0
      vertex -196.555 48.9622 10
      vertex -195.581 49.0387 10
    endloop
  endfacet
  facet normal -0.372992 0.927835 0
    outer loop
      vertex -197.454 48.6008 0
      vertex -196.555 48.9622 10
      vertex -196.555 48.9622 0
    endloop
  endfacet
  facet normal -0.372992 0.927835 0
    outer loop
      vertex -197.454 48.6008 0
      vertex -197.454 48.6008 10
      vertex -196.555 48.9622 10
    endloop
  endfacet
  facet normal -0.267954 0.963432 0
    outer loop
      vertex -197.486 48.5919 0
      vertex -197.454 48.6008 10
      vertex -197.454 48.6008 0
    endloop
  endfacet
  facet normal -0.267954 0.963432 0
    outer loop
      vertex -197.486 48.5919 0
      vertex -197.486 48.5919 10
      vertex -197.454 48.6008 10
    endloop
  endfacet
  facet normal -0.1606 0.98702 0
    outer loop
      vertex -199.551 48.2559 0
      vertex -197.486 48.5919 10
      vertex -197.486 48.5919 0
    endloop
  endfacet
  facet normal -0.1606 0.98702 0
    outer loop
      vertex -199.551 48.2559 0
      vertex -199.551 48.2559 10
      vertex -197.486 48.5919 10
    endloop
  endfacet
  facet normal -0.470754 0.882264 0
    outer loop
      vertex -200.653 47.6679 0
      vertex -199.551 48.2559 10
      vertex -199.551 48.2559 0
    endloop
  endfacet
  facet normal -0.470754 0.882264 0
    outer loop
      vertex -200.653 47.6679 0
      vertex -200.653 47.6679 10
      vertex -199.551 48.2559 10
    endloop
  endfacet
  facet normal -0.963635 0.267221 0
    outer loop
      vertex -200.93 46.669 0
      vertex -200.653 47.6679 10
      vertex -200.653 47.6679 0
    endloop
  endfacet
  facet normal -0.963635 0.267221 0
    outer loop
      vertex -200.93 46.669 0
      vertex -200.93 46.669 10
      vertex -200.653 47.6679 10
    endloop
  endfacet
  facet normal -0.999975 0.00704208 0
    outer loop
      vertex -200.94 45.249 0
      vertex -200.93 46.669 10
      vertex -200.93 46.669 0
    endloop
  endfacet
  facet normal -0.999975 0.00704208 0
    outer loop
      vertex -200.94 45.249 0
      vertex -200.94 45.249 10
      vertex -200.93 46.669 10
    endloop
  endfacet
  facet normal -0.932609 0.360888 0
    outer loop
      vertex -200.978 45.1508 0
      vertex -200.94 45.249 10
      vertex -200.94 45.249 0
    endloop
  endfacet
  facet normal -0.932609 0.360888 0
    outer loop
      vertex -200.978 45.1508 0
      vertex -200.978 45.1508 10
      vertex -200.94 45.249 10
    endloop
  endfacet
  facet normal -0.750437 0.660942 0
    outer loop
      vertex -201.396 44.6762 0
      vertex -200.978 45.1508 10
      vertex -200.978 45.1508 0
    endloop
  endfacet
  facet normal -0.750437 0.660942 0
    outer loop
      vertex -201.396 44.6762 0
      vertex -201.396 44.6762 10
      vertex -200.978 45.1508 10
    endloop
  endfacet
  facet normal -0.99371 0.111984 0
    outer loop
      vertex -201.491 43.8332 0
      vertex -201.396 44.6762 10
      vertex -201.396 44.6762 0
    endloop
  endfacet
  facet normal -0.99371 0.111984 0
    outer loop
      vertex -201.491 43.8332 0
      vertex -201.491 43.8332 10
      vertex -201.396 44.6762 10
    endloop
  endfacet
  facet normal -0.85942 0.51127 0
    outer loop
      vertex -201.554 43.7273 0
      vertex -201.491 43.8332 10
      vertex -201.491 43.8332 0
    endloop
  endfacet
  facet normal -0.85942 0.51127 0
    outer loop
      vertex -201.554 43.7273 0
      vertex -201.554 43.7273 10
      vertex -201.491 43.8332 10
    endloop
  endfacet
  facet normal -0.575332 0.81792 0
    outer loop
      vertex -202.845 42.8192 0
      vertex -201.554 43.7273 10
      vertex -201.554 43.7273 0
    endloop
  endfacet
  facet normal -0.575332 0.81792 0
    outer loop
      vertex -202.845 42.8192 0
      vertex -202.845 42.8192 10
      vertex -201.554 43.7273 10
    endloop
  endfacet
  facet normal -0.413803 -0.910366 0
    outer loop
      vertex -202.834 42.8142 0
      vertex -202.845 42.8192 10
      vertex -202.845 42.8192 0
    endloop
  endfacet
  facet normal -0.413803 -0.910366 0
    outer loop
      vertex -202.834 42.8142 0
      vertex -202.834 42.8142 10
      vertex -202.845 42.8192 10
    endloop
  endfacet
  facet normal -0.973616 -0.228191 0
    outer loop
      vertex -202.684 42.1742 0
      vertex -202.834 42.8142 10
      vertex -202.834 42.8142 0
    endloop
  endfacet
  facet normal -0.973616 -0.228191 0
    outer loop
      vertex -202.684 42.1742 0
      vertex -202.684 42.1742 10
      vertex -202.834 42.8142 10
    endloop
  endfacet
  facet normal -0.932658 0.360762 0
    outer loop
      vertex -202.745 42.0165 0
      vertex -202.684 42.1742 10
      vertex -202.684 42.1742 0
    endloop
  endfacet
  facet normal -0.932658 0.360762 0
    outer loop
      vertex -202.745 42.0165 0
      vertex -202.745 42.0165 10
      vertex -202.684 42.1742 10
    endloop
  endfacet
  facet normal -0.567733 0.823213 0
    outer loop
      vertex -203.325 41.6165 0
      vertex -202.745 42.0165 10
      vertex -202.745 42.0165 0
    endloop
  endfacet
  facet normal -0.567733 0.823213 0
    outer loop
      vertex -203.325 41.6165 0
      vertex -203.325 41.6165 10
      vertex -202.745 42.0165 10
    endloop
  endfacet
  facet normal -0.20021 0.979753 0
    outer loop
      vertex -203.44 41.593 0
      vertex -203.325 41.6165 10
      vertex -203.325 41.6165 0
    endloop
  endfacet
  facet normal -0.20021 0.979753 0
    outer loop
      vertex -203.44 41.593 0
      vertex -203.44 41.593 10
      vertex -203.325 41.6165 10
    endloop
  endfacet
  facet normal 0.19836 0.980129 0
    outer loop
      vertex -204.28 41.763 0
      vertex -203.44 41.593 10
      vertex -203.44 41.593 0
    endloop
  endfacet
  facet normal 0.19836 0.980129 -0
    outer loop
      vertex -204.28 41.763 0
      vertex -204.28 41.763 10
      vertex -203.44 41.593 10
    endloop
  endfacet
  facet normal 0.668237 0.743949 0
    outer loop
      vertex -204.393 41.8645 0
      vertex -204.28 41.763 10
      vertex -204.28 41.763 0
    endloop
  endfacet
  facet normal 0.668237 0.743949 -0
    outer loop
      vertex -204.393 41.8645 0
      vertex -204.393 41.8645 10
      vertex -204.28 41.763 10
    endloop
  endfacet
  facet normal 0.952587 0.304266 0
    outer loop
      vertex -204.497 42.1901 0
      vertex -204.393 41.8645 10
      vertex -204.393 41.8645 0
    endloop
  endfacet
  facet normal 0.952587 0.304266 -0
    outer loop
      vertex -204.497 42.1901 0
      vertex -204.497 42.1901 10
      vertex -204.393 41.8645 10
    endloop
  endfacet
  facet normal -0.0870829 0.996201 0
    outer loop
      vertex -205.379 42.113 0
      vertex -204.497 42.1901 10
      vertex -204.497 42.1901 0
    endloop
  endfacet
  facet normal -0.0870829 0.996201 0
    outer loop
      vertex -205.379 42.113 0
      vertex -205.379 42.113 10
      vertex -204.497 42.1901 10
    endloop
  endfacet
  facet normal -0.443789 0.896131 0
    outer loop
      vertex -206.343 41.6356 0
      vertex -205.379 42.113 10
      vertex -205.379 42.113 0
    endloop
  endfacet
  facet normal -0.443789 0.896131 0
    outer loop
      vertex -206.343 41.6356 0
      vertex -206.343 41.6356 10
      vertex -205.379 42.113 10
    endloop
  endfacet
  facet normal -0.255068 0.966923 0
    outer loop
      vertex -206.401 41.6203 0
      vertex -206.343 41.6356 10
      vertex -206.343 41.6356 0
    endloop
  endfacet
  facet normal -0.255068 0.966923 0
    outer loop
      vertex -206.401 41.6203 0
      vertex -206.401 41.6203 10
      vertex -206.343 41.6356 10
    endloop
  endfacet
  facet normal -0.060695 0.998156 0
    outer loop
      vertex -207.863 41.5314 0
      vertex -206.401 41.6203 10
      vertex -206.401 41.6203 0
    endloop
  endfacet
  facet normal -0.060695 0.998156 0
    outer loop
      vertex -207.863 41.5314 0
      vertex -207.863 41.5314 10
      vertex -206.401 41.6203 10
    endloop
  endfacet
  facet normal -0.293428 0.955981 0
    outer loop
      vertex -209.866 40.9166 0
      vertex -207.863 41.5314 10
      vertex -207.863 41.5314 0
    endloop
  endfacet
  facet normal -0.293428 0.955981 0
    outer loop
      vertex -209.866 40.9166 0
      vertex -209.866 40.9166 10
      vertex -207.863 41.5314 10
    endloop
  endfacet
  facet normal 0.262696 0.964879 0
    outer loop
      vertex -210.021 40.9588 0
      vertex -209.866 40.9166 10
      vertex -209.866 40.9166 0
    endloop
  endfacet
  facet normal 0.262696 0.964879 -0
    outer loop
      vertex -210.021 40.9588 0
      vertex -210.021 40.9588 10
      vertex -209.866 40.9166 10
    endloop
  endfacet
  facet normal 0.738226 0.674554 0
    outer loop
      vertex -210.752 41.7588 0
      vertex -210.021 40.9588 10
      vertex -210.021 40.9588 0
    endloop
  endfacet
  facet normal 0.738226 0.674554 -0
    outer loop
      vertex -210.752 41.7588 0
      vertex -210.752 41.7588 10
      vertex -210.021 40.9588 10
    endloop
  endfacet
  facet normal 0.455256 0.890361 0
    outer loop
      vertex -211.565 42.1745 0
      vertex -210.752 41.7588 10
      vertex -210.752 41.7588 0
    endloop
  endfacet
  facet normal 0.455256 0.890361 -0
    outer loop
      vertex -211.565 42.1745 0
      vertex -211.565 42.1745 10
      vertex -210.752 41.7588 10
    endloop
  endfacet
  facet normal 0.125033 0.992153 0
    outer loop
      vertex -212.372 42.2762 0
      vertex -211.565 42.1745 10
      vertex -211.565 42.1745 0
    endloop
  endfacet
  facet normal 0.125033 0.992153 -0
    outer loop
      vertex -212.372 42.2762 0
      vertex -212.372 42.2762 10
      vertex -211.565 42.1745 10
    endloop
  endfacet
  facet normal -0.975024 -0.222101 0
    outer loop
      vertex -212.362 42.2323 0
      vertex -212.372 42.2762 10
      vertex -212.372 42.2762 0
    endloop
  endfacet
  facet normal -0.975024 -0.222101 0
    outer loop
      vertex -212.362 42.2323 0
      vertex -212.362 42.2323 10
      vertex -212.372 42.2762 10
    endloop
  endfacet
  facet normal -0.366976 0.93023 0
    outer loop
      vertex -212.562 42.1534 0
      vertex -212.362 42.2323 10
      vertex -212.362 42.2323 0
    endloop
  endfacet
  facet normal -0.366976 0.93023 0
    outer loop
      vertex -212.562 42.1534 0
      vertex -212.562 42.1534 10
      vertex -212.362 42.2323 10
    endloop
  endfacet
  facet normal 0.413803 0.910366 0
    outer loop
      vertex -213.222 42.4534 0
      vertex -212.562 42.1534 10
      vertex -212.562 42.1534 0
    endloop
  endfacet
  facet normal 0.413803 0.910366 -0
    outer loop
      vertex -213.222 42.4534 0
      vertex -213.222 42.4534 10
      vertex -212.562 42.1534 10
    endloop
  endfacet
  facet normal 0.869844 0.493327 0
    outer loop
      vertex -213.309 42.6068 0
      vertex -213.222 42.4534 10
      vertex -213.222 42.4534 0
    endloop
  endfacet
  facet normal 0.869844 0.493327 -0
    outer loop
      vertex -213.309 42.6068 0
      vertex -213.309 42.6068 10
      vertex -213.222 42.4534 10
    endloop
  endfacet
  facet normal 0.631938 -0.775019 0
    outer loop
      vertex -213.179 42.7128 0
      vertex -213.309 42.6068 10
      vertex -213.309 42.6068 0
    endloop
  endfacet
  facet normal 0.631938 -0.775019 0
    outer loop
      vertex -213.179 42.7128 0
      vertex -213.179 42.7128 10
      vertex -213.309 42.6068 10
    endloop
  endfacet
  facet normal 0.74413 0.668034 0
    outer loop
      vertex -214.092 43.7298 0
      vertex -213.179 42.7128 10
      vertex -213.179 42.7128 0
    endloop
  endfacet
  facet normal 0.74413 0.668034 -0
    outer loop
      vertex -214.092 43.7298 0
      vertex -214.092 43.7298 10
      vertex -213.179 42.7128 10
    endloop
  endfacet
  facet normal 0.873077 0.487582 0
    outer loop
      vertex -214.124 43.7871 0
      vertex -214.092 43.7298 10
      vertex -214.092 43.7298 0
    endloop
  endfacet
  facet normal 0.873077 0.487582 -0
    outer loop
      vertex -214.124 43.7871 0
      vertex -214.124 43.7871 10
      vertex -214.092 43.7298 10
    endloop
  endfacet
  facet normal 0.958371 0.285526 0
    outer loop
      vertex -214.485 44.9988 0
      vertex -214.124 43.7871 10
      vertex -214.124 43.7871 0
    endloop
  endfacet
  facet normal 0.958371 0.285526 -0
    outer loop
      vertex -214.485 44.9988 0
      vertex -214.485 44.9988 10
      vertex -214.124 43.7871 10
    endloop
  endfacet
  facet normal 0.778509 0.627634 0
    outer loop
      vertex -216.087 46.9859 0
      vertex -214.485 44.9988 10
      vertex -214.485 44.9988 0
    endloop
  endfacet
  facet normal 0.778509 0.627634 -0
    outer loop
      vertex -216.087 46.9859 0
      vertex -216.087 46.9859 10
      vertex -214.485 44.9988 10
    endloop
  endfacet
  facet normal 0.864853 0.502025 0
    outer loop
      vertex -216.109 47.0238 0
      vertex -216.087 46.9859 10
      vertex -216.087 46.9859 0
    endloop
  endfacet
  facet normal 0.864853 0.502025 -0
    outer loop
      vertex -216.109 47.0238 0
      vertex -216.109 47.0238 10
      vertex -216.087 46.9859 10
    endloop
  endfacet
  facet normal 0.927242 0.374463 0
    outer loop
      vertex -217.369 50.1438 0
      vertex -216.109 47.0238 10
      vertex -216.109 47.0238 0
    endloop
  endfacet
  facet normal 0.927242 0.374463 -0
    outer loop
      vertex -217.369 50.1438 0
      vertex -217.369 50.1438 10
      vertex -216.109 47.0238 10
    endloop
  endfacet
  facet normal 0.970629 -0.240583 0
    outer loop
      vertex -217.34 50.2608 0
      vertex -217.369 50.1438 10
      vertex -217.369 50.1438 0
    endloop
  endfacet
  facet normal 0.970629 -0.240583 0
    outer loop
      vertex -217.34 50.2608 0
      vertex -217.34 50.2608 10
      vertex -217.369 50.1438 10
    endloop
  endfacet
  facet normal 0.792624 0.609711 0
    outer loop
      vertex -217.369 50.2985 0
      vertex -217.34 50.2608 10
      vertex -217.34 50.2608 0
    endloop
  endfacet
  facet normal 0.792624 0.609711 -0
    outer loop
      vertex -217.369 50.2985 0
      vertex -217.369 50.2985 10
      vertex -217.34 50.2608 10
    endloop
  endfacet
  facet normal 0.916387 0.400294 0
    outer loop
      vertex -217.397 50.3626 0
      vertex -217.369 50.2985 10
      vertex -217.369 50.2985 0
    endloop
  endfacet
  facet normal 0.916387 0.400294 -0
    outer loop
      vertex -217.397 50.3626 0
      vertex -217.397 50.3626 10
      vertex -217.369 50.2985 10
    endloop
  endfacet
  facet normal 0.983215 0.182452 0
    outer loop
      vertex -217.577 51.3326 0
      vertex -217.397 50.3626 10
      vertex -217.397 50.3626 0
    endloop
  endfacet
  facet normal 0.983215 0.182452 -0
    outer loop
      vertex -217.577 51.3326 0
      vertex -217.577 51.3326 10
      vertex -217.397 50.3626 10
    endloop
  endfacet
  facet normal 0.998765 0.0496898 0
    outer loop
      vertex -217.579 51.3728 0
      vertex -217.577 51.3326 10
      vertex -217.577 51.3326 0
    endloop
  endfacet
  facet normal 0.998765 0.0496898 -0
    outer loop
      vertex -217.579 51.3728 0
      vertex -217.579 51.3728 10
      vertex -217.577 51.3326 10
    endloop
  endfacet
  facet normal 0.996363 -0.0852152 0
    outer loop
      vertex -217.189 55.9328 0
      vertex -217.579 51.3728 10
      vertex -217.579 51.3728 0
    endloop
  endfacet
  facet normal 0.996363 -0.0852152 0
    outer loop
      vertex -217.189 55.9328 0
      vertex -217.189 55.9328 10
      vertex -217.579 51.3728 10
    endloop
  endfacet
  facet normal 0.986828 -0.161775 0
    outer loop
      vertex -217.184 55.9633 0
      vertex -217.189 55.9328 10
      vertex -217.189 55.9328 0
    endloop
  endfacet
  facet normal 0.986828 -0.161775 0
    outer loop
      vertex -217.184 55.9633 0
      vertex -217.184 55.9633 10
      vertex -217.189 55.9328 10
    endloop
  endfacet
  facet normal 0.957483 -0.288491 0
    outer loop
      vertex -216.117 59.5046 0
      vertex -217.184 55.9633 10
      vertex -217.184 55.9633 0
    endloop
  endfacet
  facet normal 0.957483 -0.288491 0
    outer loop
      vertex -216.117 59.5046 0
      vertex -216.117 59.5046 10
      vertex -217.184 55.9633 10
    endloop
  endfacet
  facet normal -0.396041 0.918233 0
    outer loop
      vertex -216.331 59.4123 0
      vertex -216.117 59.5046 10
      vertex -216.117 59.5046 0
    endloop
  endfacet
  facet normal -0.396041 0.918233 0
    outer loop
      vertex -216.331 59.4123 0
      vertex -216.331 59.4123 10
      vertex -216.117 59.5046 10
    endloop
  endfacet
  facet normal -0.0261172 0.999659 0
    outer loop
      vertex -216.442 59.4094 0
      vertex -216.331 59.4123 10
      vertex -216.331 59.4123 0
    endloop
  endfacet
  facet normal -0.0261172 0.999659 0
    outer loop
      vertex -216.442 59.4094 0
      vertex -216.442 59.4094 10
      vertex -216.331 59.4123 10
    endloop
  endfacet
  facet normal 0.348187 0.937425 0
    outer loop
      vertex -220.292 60.8394 0
      vertex -216.442 59.4094 10
      vertex -216.442 59.4094 0
    endloop
  endfacet
  facet normal 0.348187 0.937425 -0
    outer loop
      vertex -220.292 60.8394 0
      vertex -220.292 60.8394 10
      vertex -216.442 59.4094 10
    endloop
  endfacet
  facet normal 0.661863 0.749624 0
    outer loop
      vertex -220.374 60.9118 0
      vertex -220.292 60.8394 10
      vertex -220.292 60.8394 0
    endloop
  endfacet
  facet normal 0.661863 0.749624 -0
    outer loop
      vertex -220.374 60.9118 0
      vertex -220.374 60.9118 10
      vertex -220.292 60.8394 10
    endloop
  endfacet
  facet normal 0.890859 0.454279 0
    outer loop
      vertex -221.144 62.4218 0
      vertex -220.374 60.9118 10
      vertex -220.374 60.9118 0
    endloop
  endfacet
  facet normal 0.890859 0.454279 -0
    outer loop
      vertex -221.144 62.4218 0
      vertex -221.144 62.4218 10
      vertex -220.374 60.9118 10
    endloop
  endfacet
  facet normal 0.96452 0.264011 0
    outer loop
      vertex -221.159 62.4766 0
      vertex -221.144 62.4218 10
      vertex -221.144 62.4218 0
    endloop
  endfacet
  facet normal 0.96452 0.264011 -0
    outer loop
      vertex -221.159 62.4766 0
      vertex -221.159 62.4766 10
      vertex -221.144 62.4218 10
    endloop
  endfacet
  facet normal 0.995992 0.0894477 0
    outer loop
      vertex -221.265 63.6569 0
      vertex -221.159 62.4766 10
      vertex -221.159 62.4766 0
    endloop
  endfacet
  facet normal 0.995992 0.0894477 -0
    outer loop
      vertex -221.265 63.6569 0
      vertex -221.265 63.6569 10
      vertex -221.159 62.4766 10
    endloop
  endfacet
  facet normal 0.743988 0.668193 0
    outer loop
      vertex -222.992 65.5798 0
      vertex -221.265 63.6569 10
      vertex -221.265 63.6569 0
    endloop
  endfacet
  facet normal 0.743988 0.668193 -0
    outer loop
      vertex -222.992 65.5798 0
      vertex -222.992 65.5798 10
      vertex -221.265 63.6569 10
    endloop
  endfacet
  facet normal 0.834862 0.550459 0
    outer loop
      vertex -223.016 65.6162 0
      vertex -222.992 65.5798 10
      vertex -222.992 65.5798 0
    endloop
  endfacet
  facet normal 0.834862 0.550459 -0
    outer loop
      vertex -223.016 65.6162 0
      vertex -223.016 65.6162 10
      vertex -222.992 65.5798 10
    endloop
  endfacet
  facet normal 0.904985 0.425444 0
    outer loop
      vertex -224.025 67.7625 0
      vertex -223.016 65.6162 10
      vertex -223.016 65.6162 0
    endloop
  endfacet
  facet normal 0.904985 0.425444 -0
    outer loop
      vertex -224.025 67.7625 0
      vertex -224.025 67.7625 10
      vertex -223.016 65.6162 10
    endloop
  endfacet
  facet normal 0.707179 0.707034 0
    outer loop
      vertex -225.49 69.2278 0
      vertex -224.025 67.7625 10
      vertex -224.025 67.7625 0
    endloop
  endfacet
  facet normal 0.707179 0.707034 -0
    outer loop
      vertex -225.49 69.2278 0
      vertex -225.49 69.2278 10
      vertex -224.025 67.7625 10
    endloop
  endfacet
  facet normal 0.1294 0.991593 0
    outer loop
      vertex -227.241 69.4563 0
      vertex -225.49 69.2278 10
      vertex -225.49 69.2278 0
    endloop
  endfacet
  facet normal 0.1294 0.991593 -0
    outer loop
      vertex -227.241 69.4563 0
      vertex -227.241 69.4563 10
      vertex -225.49 69.2278 10
    endloop
  endfacet
  facet normal -0.362725 0.931896 0
    outer loop
      vertex -227.919 69.1924 0
      vertex -227.241 69.4563 10
      vertex -227.241 69.4563 0
    endloop
  endfacet
  facet normal -0.362725 0.931896 0
    outer loop
      vertex -227.919 69.1924 0
      vertex -227.919 69.1924 10
      vertex -227.241 69.4563 10
    endloop
  endfacet
  facet normal -0.911255 0.411843 0
    outer loop
      vertex -228.513 67.8781 0
      vertex -227.919 69.1924 10
      vertex -227.919 69.1924 0
    endloop
  endfacet
  facet normal -0.911255 0.411843 0
    outer loop
      vertex -228.513 67.8781 0
      vertex -228.513 67.8781 10
      vertex -227.919 69.1924 10
    endloop
  endfacet
  facet normal -0.761154 0.648572 0
    outer loop
      vertex -228.566 67.8159 0
      vertex -228.513 67.8781 10
      vertex -228.513 67.8781 0
    endloop
  endfacet
  facet normal -0.761154 0.648572 0
    outer loop
      vertex -228.566 67.8159 0
      vertex -228.566 67.8159 10
      vertex -228.513 67.8781 10
    endloop
  endfacet
  facet normal -0.561751 0.827306 0
    outer loop
      vertex -229.376 67.2659 0
      vertex -228.566 67.8159 10
      vertex -228.566 67.8159 0
    endloop
  endfacet
  facet normal -0.561751 0.827306 0
    outer loop
      vertex -229.376 67.2659 0
      vertex -229.376 67.2659 10
      vertex -228.566 67.8159 10
    endloop
  endfacet
  facet normal -0.037709 0.999289 0
    outer loop
      vertex -229.535 67.2599 0
      vertex -229.376 67.2659 10
      vertex -229.376 67.2659 0
    endloop
  endfacet
  facet normal -0.037709 0.999289 0
    outer loop
      vertex -229.535 67.2599 0
      vertex -229.535 67.2599 10
      vertex -229.376 67.2659 10
    endloop
  endfacet
  facet normal 0.498343 0.86698 0
    outer loop
      vertex -232.075 68.7199 0
      vertex -229.535 67.2599 10
      vertex -229.535 67.2599 0
    endloop
  endfacet
  facet normal 0.498343 0.86698 -0
    outer loop
      vertex -232.075 68.7199 0
      vertex -232.075 68.7199 10
      vertex -229.535 67.2599 10
    endloop
  endfacet
  facet normal 0.682052 0.731303 0
    outer loop
      vertex -232.124 68.7656 0
      vertex -232.075 68.7199 10
      vertex -232.075 68.7199 0
    endloop
  endfacet
  facet normal 0.682052 0.731303 -0
    outer loop
      vertex -232.124 68.7656 0
      vertex -232.124 68.7656 10
      vertex -232.075 68.7199 10
    endloop
  endfacet
  facet normal 0.826713 0.562624 0
    outer loop
      vertex -232.614 69.4856 0
      vertex -232.124 68.7656 10
      vertex -232.124 68.7656 0
    endloop
  endfacet
  facet normal 0.826713 0.562624 -0
    outer loop
      vertex -232.614 69.4856 0
      vertex -232.614 69.4856 10
      vertex -232.124 68.7656 10
    endloop
  endfacet
  facet normal 0.897012 0.442006 0
    outer loop
      vertex -232.631 69.5201 0
      vertex -232.614 69.4856 10
      vertex -232.614 69.4856 0
    endloop
  endfacet
  facet normal 0.897012 0.442006 -0
    outer loop
      vertex -232.631 69.5201 0
      vertex -232.631 69.5201 10
      vertex -232.614 69.4856 10
    endloop
  endfacet
  facet normal 0.94285 0.333219 0
    outer loop
      vertex -233.278 71.3508 0
      vertex -232.631 69.5201 10
      vertex -232.631 69.5201 0
    endloop
  endfacet
  facet normal 0.94285 0.333219 -0
    outer loop
      vertex -233.278 71.3508 0
      vertex -233.278 71.3508 10
      vertex -232.631 69.5201 10
    endloop
  endfacet
  facet normal 0.636106 0.771601 0
    outer loop
      vertex -235.975 73.5742 0
      vertex -233.278 71.3508 10
      vertex -233.278 71.3508 0
    endloop
  endfacet
  facet normal 0.636106 0.771601 -0
    outer loop
      vertex -235.975 73.5742 0
      vertex -235.975 73.5742 10
      vertex -233.278 71.3508 10
    endloop
  endfacet
  facet normal 0.702002 0.712175 0
    outer loop
      vertex -235.996 73.5949 0
      vertex -235.975 73.5742 10
      vertex -235.975 73.5742 0
    endloop
  endfacet
  facet normal 0.702002 0.712175 -0
    outer loop
      vertex -235.996 73.5949 0
      vertex -235.996 73.5949 10
      vertex -235.975 73.5742 10
    endloop
  endfacet
  facet normal 0.773753 0.633488 0
    outer loop
      vertex -236.631 74.3705 0
      vertex -235.996 73.5949 10
      vertex -235.996 73.5949 0
    endloop
  endfacet
  facet normal 0.773753 0.633488 -0
    outer loop
      vertex -236.631 74.3705 0
      vertex -236.631 74.3705 10
      vertex -235.996 73.5949 10
    endloop
  endfacet
  facet normal 0.00766915 0.999971 0
    outer loop
      vertex -240.321 74.3988 0
      vertex -236.631 74.3705 10
      vertex -236.631 74.3705 0
    endloop
  endfacet
  facet normal 0.00766915 0.999971 -0
    outer loop
      vertex -240.321 74.3988 0
      vertex -240.321 74.3988 10
      vertex -236.631 74.3705 10
    endloop
  endfacet
  facet normal -0.999962 0.00873668 0
    outer loop
      vertex -240.33 73.3687 0
      vertex -240.321 74.3988 10
      vertex -240.321 74.3988 0
    endloop
  endfacet
  facet normal -0.999962 0.00873668 0
    outer loop
      vertex -240.33 73.3687 0
      vertex -240.33 73.3687 10
      vertex -240.321 74.3988 10
    endloop
  endfacet
  facet normal -0.704023 0.710178 0
    outer loop
      vertex -240.48 73.22 0
      vertex -240.33 73.3687 10
      vertex -240.33 73.3687 0
    endloop
  endfacet
  facet normal -0.704023 0.710178 0
    outer loop
      vertex -240.48 73.22 0
      vertex -240.48 73.22 10
      vertex -240.33 73.3687 10
    endloop
  endfacet
  facet normal -0.00159235 0.999999 0
    outer loop
      vertex -246.76 73.21 0
      vertex -240.48 73.22 10
      vertex -240.48 73.22 0
    endloop
  endfacet
  facet normal -0.00159235 0.999999 0
    outer loop
      vertex -246.76 73.21 0
      vertex -246.76 73.21 10
      vertex -240.48 73.22 10
    endloop
  endfacet
  facet normal 0.174217 0.984707 0
    outer loop
      vertex -246.812 73.2192 0
      vertex -246.76 73.21 10
      vertex -246.76 73.21 0
    endloop
  endfacet
  facet normal 0.174217 0.984707 -0
    outer loop
      vertex -246.812 73.2192 0
      vertex -246.812 73.2192 10
      vertex -246.76 73.21 10
    endloop
  endfacet
  facet normal 0.345138 0.938552 0
    outer loop
      vertex -255.242 76.3192 0
      vertex -246.812 73.2192 10
      vertex -246.812 73.2192 0
    endloop
  endfacet
  facet normal 0.345138 0.938552 -0
    outer loop
      vertex -255.242 76.3192 0
      vertex -255.242 76.3192 10
      vertex -246.812 73.2192 10
    endloop
  endfacet
  facet normal 0.922336 0.38639 0
    outer loop
      vertex -255.327 76.5221 0
      vertex -255.242 76.3192 10
      vertex -255.242 76.3192 0
    endloop
  endfacet
  facet normal 0.922336 0.38639 -0
    outer loop
      vertex -255.327 76.5221 0
      vertex -255.327 76.5221 10
      vertex -255.242 76.3192 10
    endloop
  endfacet
  facet normal 0.909724 -0.415215 0
    outer loop
      vertex -255.183 76.8376 0
      vertex -255.327 76.5221 10
      vertex -255.327 76.5221 0
    endloop
  endfacet
  facet normal 0.909724 -0.415215 0
    outer loop
      vertex -255.183 76.8376 0
      vertex -255.183 76.8376 10
      vertex -255.327 76.5221 10
    endloop
  endfacet
  facet normal -0.0893626 0.995999 0
    outer loop
      vertex -260.067 76.3994 0
      vertex -255.183 76.8376 10
      vertex -255.183 76.8376 0
    endloop
  endfacet
  facet normal -0.0893626 0.995999 0
    outer loop
      vertex -260.067 76.3994 0
      vertex -260.067 76.3994 10
      vertex -255.183 76.8376 10
    endloop
  endfacet
  facet normal -0.913199 -0.407513 0
    outer loop
      vertex -259.539 75.2162 0
      vertex -260.067 76.3994 10
      vertex -260.067 76.3994 0
    endloop
  endfacet
  facet normal -0.913199 -0.407513 0
    outer loop
      vertex -259.539 75.2162 0
      vertex -259.539 75.2162 10
      vertex -260.067 76.3994 10
    endloop
  endfacet
  facet normal -0.604653 -0.796489 0
    outer loop
      vertex -259.069 74.8594 0
      vertex -259.539 75.2162 10
      vertex -259.539 75.2162 0
    endloop
  endfacet
  facet normal -0.604653 -0.796489 0
    outer loop
      vertex -259.069 74.8594 0
      vertex -259.069 74.8594 10
      vertex -259.539 75.2162 10
    endloop
  endfacet
  facet normal -0.988887 -0.148669 0
    outer loop
      vertex -259.038 74.6532 0
      vertex -259.069 74.8594 10
      vertex -259.069 74.8594 0
    endloop
  endfacet
  facet normal -0.988887 -0.148669 0
    outer loop
      vertex -259.038 74.6532 0
      vertex -259.038 74.6532 10
      vertex -259.069 74.8594 10
    endloop
  endfacet
  facet normal -0.816805 0.576914 0
    outer loop
      vertex -259.215 74.4026 0
      vertex -259.038 74.6532 10
      vertex -259.038 74.6532 0
    endloop
  endfacet
  facet normal -0.816805 0.576914 0
    outer loop
      vertex -259.215 74.4026 0
      vertex -259.215 74.4026 10
      vertex -259.038 74.6532 10
    endloop
  endfacet
  facet normal -0.959276 -0.282469 0
    outer loop
      vertex -259.114 74.0596 0
      vertex -259.215 74.4026 10
      vertex -259.215 74.4026 0
    endloop
  endfacet
  facet normal -0.959276 -0.282469 0
    outer loop
      vertex -259.114 74.0596 0
      vertex -259.114 74.0596 10
      vertex -259.215 74.4026 10
    endloop
  endfacet
  facet normal -0.790056 -0.613034 0
    outer loop
      vertex -258.402 73.142 0
      vertex -259.114 74.0596 10
      vertex -259.114 74.0596 0
    endloop
  endfacet
  facet normal -0.790056 -0.613034 0
    outer loop
      vertex -258.402 73.142 0
      vertex -258.402 73.142 10
      vertex -259.114 74.0596 10
    endloop
  endfacet
  facet normal -0.919473 -0.393154 0
    outer loop
      vertex -258.371 73.0695 0
      vertex -258.402 73.142 10
      vertex -258.402 73.142 0
    endloop
  endfacet
  facet normal -0.919473 -0.393154 0
    outer loop
      vertex -258.371 73.0695 0
      vertex -258.371 73.0695 10
      vertex -258.402 73.142 10
    endloop
  endfacet
  facet normal -0.991585 -0.129454 0
    outer loop
      vertex -258.299 72.518 0
      vertex -258.371 73.0695 10
      vertex -258.371 73.0695 0
    endloop
  endfacet
  facet normal -0.991585 -0.129454 0
    outer loop
      vertex -258.299 72.518 0
      vertex -258.299 72.518 10
      vertex -258.371 73.0695 10
    endloop
  endfacet
  facet normal -0.63689 -0.770955 0
    outer loop
      vertex -257.824 72.1256 0
      vertex -258.299 72.518 10
      vertex -258.299 72.518 0
    endloop
  endfacet
  facet normal -0.63689 -0.770955 0
    outer loop
      vertex -257.824 72.1256 0
      vertex -257.824 72.1256 10
      vertex -258.299 72.518 10
    endloop
  endfacet
  facet normal -0.873716 -0.486437 0
    outer loop
      vertex -257.772 72.0322 0
      vertex -257.824 72.1256 10
      vertex -257.824 72.1256 0
    endloop
  endfacet
  facet normal -0.873716 -0.486437 0
    outer loop
      vertex -257.772 72.0322 0
      vertex -257.772 72.0322 10
      vertex -257.824 72.1256 10
    endloop
  endfacet
  facet normal -0.988883 -0.148696 0
    outer loop
      vertex -257.631 71.0945 0
      vertex -257.772 72.0322 10
      vertex -257.772 72.0322 0
    endloop
  endfacet
  facet normal -0.988883 -0.148696 0
    outer loop
      vertex -257.631 71.0945 0
      vertex -257.631 71.0945 10
      vertex -257.772 72.0322 10
    endloop
  endfacet
  facet normal -0.587082 -0.809528 0
    outer loop
      vertex -257.282 70.8414 0
      vertex -257.631 71.0945 10
      vertex -257.631 71.0945 0
    endloop
  endfacet
  facet normal -0.587082 -0.809528 0
    outer loop
      vertex -257.282 70.8414 0
      vertex -257.282 70.8414 10
      vertex -257.631 71.0945 10
    endloop
  endfacet
  facet normal -0.885243 -0.465128 0
    outer loop
      vertex -257.22 70.7234 0
      vertex -257.282 70.8414 10
      vertex -257.282 70.8414 0
    endloop
  endfacet
  facet normal -0.885243 -0.465128 0
    outer loop
      vertex -257.22 70.7234 0
      vertex -257.22 70.7234 10
      vertex -257.282 70.8414 10
    endloop
  endfacet
  facet normal -0.999745 -0.0225676 0
    outer loop
      vertex -257.201 69.8817 0
      vertex -257.22 70.7234 10
      vertex -257.22 70.7234 0
    endloop
  endfacet
  facet normal -0.999745 -0.0225676 0
    outer loop
      vertex -257.201 69.8817 0
      vertex -257.201 69.8817 10
      vertex -257.22 70.7234 10
    endloop
  endfacet
  facet normal -0.865773 -0.500436 0
    outer loop
      vertex -256.938 69.4267 0
      vertex -257.201 69.8817 10
      vertex -257.201 69.8817 0
    endloop
  endfacet
  facet normal -0.865773 -0.500436 0
    outer loop
      vertex -256.938 69.4267 0
      vertex -256.938 69.4267 10
      vertex -257.201 69.8817 10
    endloop
  endfacet
  facet normal -0.537909 -0.843003 0
    outer loop
      vertex -255.339 68.4064 0
      vertex -256.938 69.4267 10
      vertex -256.938 69.4267 0
    endloop
  endfacet
  facet normal -0.537909 -0.843003 0
    outer loop
      vertex -255.339 68.4064 0
      vertex -255.339 68.4064 10
      vertex -256.938 69.4267 10
    endloop
  endfacet
  facet normal -0.659131 -0.752028 0
    outer loop
      vertex -255.305 68.3766 0
      vertex -255.339 68.4064 10
      vertex -255.339 68.4064 0
    endloop
  endfacet
  facet normal -0.659131 -0.752028 0
    outer loop
      vertex -255.305 68.3766 0
      vertex -255.305 68.3766 10
      vertex -255.339 68.4064 10
    endloop
  endfacet
  facet normal -0.764742 -0.644336 0
    outer loop
      vertex -253.325 66.0266 0
      vertex -255.305 68.3766 10
      vertex -255.305 68.3766 0
    endloop
  endfacet
  facet normal -0.764742 -0.644336 0
    outer loop
      vertex -253.325 66.0266 0
      vertex -253.325 66.0266 10
      vertex -255.305 68.3766 10
    endloop
  endfacet
  facet normal -0.986535 -0.16355 0
    outer loop
      vertex -253.3 65.8758 0
      vertex -253.325 66.0266 10
      vertex -253.325 66.0266 0
    endloop
  endfacet
  facet normal -0.986535 -0.16355 0
    outer loop
      vertex -253.3 65.8758 0
      vertex -253.3 65.8758 10
      vertex -253.325 66.0266 10
    endloop
  endfacet
  facet normal -0.932574 0.360979 0
    outer loop
      vertex -253.711 64.814 0
      vertex -253.3 65.8758 10
      vertex -253.3 65.8758 0
    endloop
  endfacet
  facet normal -0.932574 0.360979 0
    outer loop
      vertex -253.711 64.814 0
      vertex -253.711 64.814 10
      vertex -253.3 65.8758 10
    endloop
  endfacet
  facet normal -0.131352 -0.991336 0
    outer loop
      vertex -253.671 64.8087 0
      vertex -253.711 64.814 10
      vertex -253.711 64.814 0
    endloop
  endfacet
  facet normal -0.131352 -0.991336 0
    outer loop
      vertex -253.671 64.8087 0
      vertex -253.671 64.8087 10
      vertex -253.711 64.814 10
    endloop
  endfacet
  facet normal -0.63786 -0.770152 0
    outer loop
      vertex -253.547 64.706 0
      vertex -253.671 64.8087 10
      vertex -253.671 64.8087 0
    endloop
  endfacet
  facet normal -0.63786 -0.770152 0
    outer loop
      vertex -253.547 64.706 0
      vertex -253.547 64.706 10
      vertex -253.671 64.8087 10
    endloop
  endfacet
  facet normal -0.951709 -0.307003 0
    outer loop
      vertex -253.347 64.086 0
      vertex -253.547 64.706 10
      vertex -253.547 64.706 0
    endloop
  endfacet
  facet normal -0.951709 -0.307003 0
    outer loop
      vertex -253.347 64.086 0
      vertex -253.347 64.086 10
      vertex -253.547 64.706 10
    endloop
  endfacet
  facet normal -0.950092 0.31197 0
    outer loop
      vertex -253.402 63.9185 0
      vertex -253.347 64.086 10
      vertex -253.347 64.086 0
    endloop
  endfacet
  facet normal -0.950092 0.31197 0
    outer loop
      vertex -253.402 63.9185 0
      vertex -253.402 63.9185 10
      vertex -253.347 64.086 10
    endloop
  endfacet
  facet normal -0.0854011 0.996347 0
    outer loop
      vertex -253.556 63.9053 0
      vertex -253.402 63.9185 10
      vertex -253.402 63.9185 0
    endloop
  endfacet
  facet normal -0.0854011 0.996347 0
    outer loop
      vertex -253.556 63.9053 0
      vertex -253.556 63.9053 10
      vertex -253.402 63.9185 10
    endloop
  endfacet
  facet normal 0.440157 0.897921 0
    outer loop
      vertex -254.066 64.1553 0
      vertex -253.556 63.9053 10
      vertex -253.556 63.9053 0
    endloop
  endfacet
  facet normal 0.440157 0.897921 -0
    outer loop
      vertex -254.066 64.1553 0
      vertex -254.066 64.1553 10
      vertex -253.556 63.9053 10
    endloop
  endfacet
  facet normal 0.848529 0.529149 0
    outer loop
      vertex -254.15 64.29 0
      vertex -254.066 64.1553 10
      vertex -254.066 64.1553 0
    endloop
  endfacet
  facet normal 0.848529 0.529149 -0
    outer loop
      vertex -254.15 64.29 0
      vertex -254.15 64.29 10
      vertex -254.066 64.1553 10
    endloop
  endfacet
  facet normal 1 0 0
    outer loop
      vertex -254.15 64.3219 0
      vertex -254.15 64.29 10
      vertex -254.15 64.29 0
    endloop
  endfacet
  facet normal 1 0 -0
    outer loop
      vertex -254.15 64.3219 0
      vertex -254.15 64.3219 10
      vertex -254.15 64.29 10
    endloop
  endfacet
  facet normal -0.358347 0.933588 0
    outer loop
      vertex -254.546 64.1699 0
      vertex -254.15 64.3219 10
      vertex -254.15 64.3219 0
    endloop
  endfacet
  facet normal -0.358347 0.933588 0
    outer loop
      vertex -254.546 64.1699 0
      vertex -254.546 64.1699 10
      vertex -254.15 64.3219 10
    endloop
  endfacet
  facet normal -0.111304 0.993786 0
    outer loop
      vertex -254.621 64.1615 0
      vertex -254.546 64.1699 10
      vertex -254.546 64.1699 0
    endloop
  endfacet
  facet normal -0.111304 0.993786 0
    outer loop
      vertex -254.621 64.1615 0
      vertex -254.621 64.1615 10
      vertex -254.546 64.1699 10
    endloop
  endfacet
  facet normal 0.142823 0.989748 0
    outer loop
      vertex -255.402 64.2742 0
      vertex -254.621 64.1615 10
      vertex -254.621 64.1615 0
    endloop
  endfacet
  facet normal 0.142823 0.989748 -0
    outer loop
      vertex -255.402 64.2742 0
      vertex -255.402 64.2742 10
      vertex -254.621 64.1615 10
    endloop
  endfacet
  facet normal -0.601487 -0.798883 0
    outer loop
      vertex -254.44 63.5499 0
      vertex -255.402 64.2742 10
      vertex -255.402 64.2742 0
    endloop
  endfacet
  facet normal -0.601487 -0.798883 0
    outer loop
      vertex -254.44 63.5499 0
      vertex -254.44 63.5499 10
      vertex -255.402 64.2742 10
    endloop
  endfacet
  facet normal -0.797182 -0.603739 0
    outer loop
      vertex -254.391 63.4852 0
      vertex -254.44 63.5499 10
      vertex -254.44 63.5499 0
    endloop
  endfacet
  facet normal -0.797182 -0.603739 0
    outer loop
      vertex -254.391 63.4852 0
      vertex -254.391 63.4852 10
      vertex -254.44 63.5499 10
    endloop
  endfacet
  facet normal -0.929069 -0.369905 0
    outer loop
      vertex -254.202 63.0105 0
      vertex -254.391 63.4852 10
      vertex -254.391 63.4852 0
    endloop
  endfacet
  facet normal -0.929069 -0.369905 0
    outer loop
      vertex -254.202 63.0105 0
      vertex -254.202 63.0105 10
      vertex -254.391 63.4852 10
    endloop
  endfacet
  facet normal -0.42558 -0.904921 0
    outer loop
      vertex -252.916 62.4057 0
      vertex -254.202 63.0105 10
      vertex -254.202 63.0105 0
    endloop
  endfacet
  facet normal -0.42558 -0.904921 0
    outer loop
      vertex -252.916 62.4057 0
      vertex -252.916 62.4057 10
      vertex -254.202 63.0105 10
    endloop
  endfacet
  facet normal -0.603186 -0.797601 0
    outer loop
      vertex -252.868 62.3694 0
      vertex -252.916 62.4057 10
      vertex -252.916 62.4057 0
    endloop
  endfacet
  facet normal -0.603186 -0.797601 0
    outer loop
      vertex -252.868 62.3694 0
      vertex -252.868 62.3694 10
      vertex -252.916 62.4057 10
    endloop
  endfacet
  facet normal -0.748428 -0.663216 0
    outer loop
      vertex -252.387 61.8266 0
      vertex -252.868 62.3694 10
      vertex -252.868 62.3694 0
    endloop
  endfacet
  facet normal -0.748428 -0.663216 0
    outer loop
      vertex -252.387 61.8266 0
      vertex -252.387 61.8266 10
      vertex -252.868 62.3694 10
    endloop
  endfacet
  facet normal 0.229851 -0.973226 0
    outer loop
      vertex -251.812 61.9624 0
      vertex -252.387 61.8266 10
      vertex -252.387 61.8266 0
    endloop
  endfacet
  facet normal 0.229851 -0.973226 0
    outer loop
      vertex -251.812 61.9624 0
      vertex -251.812 61.9624 10
      vertex -252.387 61.8266 10
    endloop
  endfacet
  facet normal 0.832276 -0.554362 0
    outer loop
      vertex -251.585 62.3032 0
      vertex -251.812 61.9624 10
      vertex -251.812 61.9624 0
    endloop
  endfacet
  facet normal 0.832276 -0.554362 0
    outer loop
      vertex -251.585 62.3032 0
      vertex -251.585 62.3032 10
      vertex -251.812 61.9624 10
    endloop
  endfacet
  facet normal 0.345915 -0.938266 0
    outer loop
      vertex -251.419 62.3644 0
      vertex -251.585 62.3032 10
      vertex -251.585 62.3032 0
    endloop
  endfacet
  facet normal 0.345915 -0.938266 0
    outer loop
      vertex -251.419 62.3644 0
      vertex -251.419 62.3644 10
      vertex -251.585 62.3032 10
    endloop
  endfacet
  facet normal -0.69268 -0.721245 0
    outer loop
      vertex -251.318 62.2674 0
      vertex -251.419 62.3644 10
      vertex -251.419 62.3644 0
    endloop
  endfacet
  facet normal -0.69268 -0.721245 0
    outer loop
      vertex -251.318 62.2674 0
      vertex -251.318 62.2674 10
      vertex -251.419 62.3644 10
    endloop
  endfacet
  facet normal -0.948449 -0.316931 0
    outer loop
      vertex -251.034 61.4175 0
      vertex -251.318 62.2674 10
      vertex -251.318 62.2674 0
    endloop
  endfacet
  facet normal -0.948449 -0.316931 0
    outer loop
      vertex -251.034 61.4175 0
      vertex -251.034 61.4175 10
      vertex -251.318 62.2674 10
    endloop
  endfacet
  facet normal -0.541206 -0.84089 0
    outer loop
      vertex -249.649 60.5261 0
      vertex -251.034 61.4175 10
      vertex -251.034 61.4175 0
    endloop
  endfacet
  facet normal -0.541206 -0.84089 0
    outer loop
      vertex -249.649 60.5261 0
      vertex -249.649 60.5261 10
      vertex -251.034 61.4175 10
    endloop
  endfacet
  facet normal -0.762992 -0.646408 0
    outer loop
      vertex -249.593 60.46 0
      vertex -249.649 60.5261 10
      vertex -249.649 60.5261 0
    endloop
  endfacet
  facet normal -0.762992 -0.646408 0
    outer loop
      vertex -249.593 60.46 0
      vertex -249.593 60.46 10
      vertex -249.649 60.5261 10
    endloop
  endfacet
  facet normal -0.916423 -0.40021 0
    outer loop
      vertex -248.903 58.88 0
      vertex -249.593 60.46 10
      vertex -249.593 60.46 0
    endloop
  endfacet
  facet normal -0.916423 -0.40021 0
    outer loop
      vertex -248.903 58.88 0
      vertex -248.903 58.88 10
      vertex -249.593 60.46 10
    endloop
  endfacet
  facet normal -0.977896 -0.20909 0
    outer loop
      vertex -248.89 58.8192 0
      vertex -248.903 58.88 10
      vertex -248.903 58.88 0
    endloop
  endfacet
  facet normal -0.977896 -0.20909 0
    outer loop
      vertex -248.89 58.8192 0
      vertex -248.89 58.8192 10
      vertex -248.903 58.88 10
    endloop
  endfacet
  facet normal -0.999984 0.00572794 0
    outer loop
      vertex -248.9 57.0734 0
      vertex -248.89 58.8192 10
      vertex -248.89 58.8192 0
    endloop
  endfacet
  facet normal -0.999984 0.00572794 0
    outer loop
      vertex -248.9 57.0734 0
      vertex -248.9 57.0734 10
      vertex -248.89 58.8192 10
    endloop
  endfacet
  facet normal -0.772557 -0.634945 0
    outer loop
      vertex -248.386 56.448 0
      vertex -248.9 57.0734 10
      vertex -248.9 57.0734 0
    endloop
  endfacet
  facet normal -0.772557 -0.634945 0
    outer loop
      vertex -248.386 56.448 0
      vertex -248.386 56.448 10
      vertex -248.9 57.0734 10
    endloop
  endfacet
  facet normal 0.110951 -0.993826 0
    outer loop
      vertex -248.197 56.4691 0
      vertex -248.386 56.448 10
      vertex -248.386 56.448 0
    endloop
  endfacet
  facet normal 0.110951 -0.993826 0
    outer loop
      vertex -248.197 56.4691 0
      vertex -248.197 56.4691 10
      vertex -248.386 56.448 10
    endloop
  endfacet
  facet normal -0.273682 -0.96182 0
    outer loop
      vertex -248.087 56.4378 0
      vertex -248.197 56.4691 10
      vertex -248.197 56.4691 0
    endloop
  endfacet
  facet normal -0.273682 -0.96182 0
    outer loop
      vertex -248.087 56.4378 0
      vertex -248.087 56.4378 10
      vertex -248.197 56.4691 10
    endloop
  endfacet
  facet normal -0.619123 -0.785294 0
    outer loop
      vertex -245.157 54.1278 0
      vertex -248.087 56.4378 10
      vertex -248.087 56.4378 0
    endloop
  endfacet
  facet normal -0.619123 -0.785294 0
    outer loop
      vertex -245.157 54.1278 0
      vertex -245.157 54.1278 10
      vertex -248.087 56.4378 10
    endloop
  endfacet
  facet normal -0.798068 -0.602568 0
    outer loop
      vertex -245.112 54.0682 0
      vertex -245.157 54.1278 10
      vertex -245.157 54.1278 0
    endloop
  endfacet
  facet normal -0.798068 -0.602568 0
    outer loop
      vertex -245.112 54.0682 0
      vertex -245.112 54.0682 10
      vertex -245.157 54.1278 10
    endloop
  endfacet
  facet normal -0.921741 -0.387806 0
    outer loop
      vertex -244.517 52.654 0
      vertex -245.112 54.0682 10
      vertex -245.112 54.0682 0
    endloop
  endfacet
  facet normal -0.921741 -0.387806 0
    outer loop
      vertex -244.517 52.654 0
      vertex -244.517 52.654 10
      vertex -245.112 54.0682 10
    endloop
  endfacet
  facet normal -0.617049 -0.786925 0
    outer loop
      vertex -244.265 52.4564 0
      vertex -244.517 52.654 10
      vertex -244.517 52.654 0
    endloop
  endfacet
  facet normal -0.617049 -0.786925 0
    outer loop
      vertex -244.265 52.4564 0
      vertex -244.265 52.4564 10
      vertex -244.517 52.654 10
    endloop
  endfacet
  facet normal 0.570533 -0.821275 0
    outer loop
      vertex -243.455 53.0191 0
      vertex -244.265 52.4564 10
      vertex -244.265 52.4564 0
    endloop
  endfacet
  facet normal 0.570533 -0.821275 0
    outer loop
      vertex -243.455 53.0191 0
      vertex -243.455 53.0191 10
      vertex -244.265 52.4564 10
    endloop
  endfacet
  facet normal 0.978923 -0.20423 0
    outer loop
      vertex -243.322 53.6566 0
      vertex -243.455 53.0191 10
      vertex -243.455 53.0191 0
    endloop
  endfacet
  facet normal 0.978923 -0.20423 0
    outer loop
      vertex -243.322 53.6566 0
      vertex -243.322 53.6566 10
      vertex -243.455 53.0191 10
    endloop
  endfacet
  facet normal 0.746802 0.665046 0
    outer loop
      vertex -244.979 55.5173 0
      vertex -243.322 53.6566 10
      vertex -243.322 53.6566 0
    endloop
  endfacet
  facet normal 0.746802 0.665046 -0
    outer loop
      vertex -244.979 55.5173 0
      vertex -244.979 55.5173 10
      vertex -243.322 53.6566 10
    endloop
  endfacet
  facet normal -0.931743 0.363117 0
    outer loop
      vertex -245.12 55.1555 0
      vertex -244.979 55.5173 10
      vertex -244.979 55.5173 0
    endloop
  endfacet
  facet normal -0.931743 0.363117 0
    outer loop
      vertex -245.12 55.1555 0
      vertex -245.12 55.1555 10
      vertex -244.979 55.5173 10
    endloop
  endfacet
  facet normal -0.538813 0.842425 0
    outer loop
      vertex -245.269 55.0602 0
      vertex -245.12 55.1555 10
      vertex -245.12 55.1555 0
    endloop
  endfacet
  facet normal -0.538813 0.842425 0
    outer loop
      vertex -245.269 55.0602 0
      vertex -245.269 55.0602 10
      vertex -245.12 55.1555 10
    endloop
  endfacet
  facet normal 0.387743 0.921767 0
    outer loop
      vertex -245.361 55.0989 0
      vertex -245.269 55.0602 10
      vertex -245.269 55.0602 0
    endloop
  endfacet
  facet normal 0.387743 0.921767 -0
    outer loop
      vertex -245.361 55.0989 0
      vertex -245.361 55.0989 10
      vertex -245.269 55.0602 10
    endloop
  endfacet
  facet normal 0.672106 0.740455 0
    outer loop
      vertex -246.011 55.6889 0
      vertex -245.361 55.0989 10
      vertex -245.361 55.0989 0
    endloop
  endfacet
  facet normal 0.672106 0.740455 -0
    outer loop
      vertex -246.011 55.6889 0
      vertex -246.011 55.6889 10
      vertex -245.361 55.0989 10
    endloop
  endfacet
  facet normal 0.904779 0.425881 0
    outer loop
      vertex -246.06 55.793 0
      vertex -246.011 55.6889 10
      vertex -246.011 55.6889 0
    endloop
  endfacet
  facet normal 0.904779 0.425881 -0
    outer loop
      vertex -246.06 55.793 0
      vertex -246.06 55.793 10
      vertex -246.011 55.6889 10
    endloop
  endfacet
  facet normal 0.998925 0.0463575 0
    outer loop
      vertex -246.118 57.0428 0
      vertex -246.06 55.793 10
      vertex -246.06 55.793 0
    endloop
  endfacet
  facet normal 0.998925 0.0463575 -0
    outer loop
      vertex -246.118 57.0428 0
      vertex -246.118 57.0428 10
      vertex -246.06 55.793 10
    endloop
  endfacet
  facet normal 0.902977 0.429689 0
    outer loop
      vertex -246.867 58.6168 0
      vertex -246.118 57.0428 10
      vertex -246.118 57.0428 0
    endloop
  endfacet
  facet normal 0.902977 0.429689 -0
    outer loop
      vertex -246.867 58.6168 0
      vertex -246.867 58.6168 10
      vertex -246.118 57.0428 10
    endloop
  endfacet
  facet normal 0.751996 0.659167 0
    outer loop
      vertex -247.423 59.2511 0
      vertex -246.867 58.6168 10
      vertex -246.867 58.6168 0
    endloop
  endfacet
  facet normal 0.751996 0.659167 -0
    outer loop
      vertex -247.423 59.2511 0
      vertex -247.423 59.2511 10
      vertex -246.867 58.6168 10
    endloop
  endfacet
  facet normal 0.880376 0.474277 0
    outer loop
      vertex -247.455 59.3105 0
      vertex -247.423 59.2511 10
      vertex -247.423 59.2511 0
    endloop
  endfacet
  facet normal 0.880376 0.474277 -0
    outer loop
      vertex -247.455 59.3105 0
      vertex -247.455 59.3105 10
      vertex -247.423 59.2511 10
    endloop
  endfacet
  facet normal 0.964655 0.263517 0
    outer loop
      vertex -248.063 61.5362 0
      vertex -247.455 59.3105 10
      vertex -247.455 59.3105 0
    endloop
  endfacet
  facet normal 0.964655 0.263517 -0
    outer loop
      vertex -248.063 61.5362 0
      vertex -248.063 61.5362 10
      vertex -247.455 59.3105 10
    endloop
  endfacet
  facet normal 0.655766 0.754964 0
    outer loop
      vertex -248.149 61.6109 0
      vertex -248.063 61.5362 10
      vertex -248.063 61.5362 0
    endloop
  endfacet
  facet normal 0.655766 0.754964 -0
    outer loop
      vertex -248.149 61.6109 0
      vertex -248.149 61.6109 10
      vertex -248.063 61.5362 10
    endloop
  endfacet
  facet normal -0.962744 -0.270413 0
    outer loop
      vertex -248.076 61.351 0
      vertex -248.149 61.6109 10
      vertex -248.149 61.6109 0
    endloop
  endfacet
  facet normal -0.962744 -0.270413 0
    outer loop
      vertex -248.076 61.351 0
      vertex -248.076 61.351 10
      vertex -248.149 61.6109 10
    endloop
  endfacet
  facet normal -0.940191 0.340649 0
    outer loop
      vertex -248.136 61.1854 0
      vertex -248.076 61.351 10
      vertex -248.076 61.351 0
    endloop
  endfacet
  facet normal -0.940191 0.340649 0
    outer loop
      vertex -248.136 61.1854 0
      vertex -248.136 61.1854 10
      vertex -248.076 61.351 10
    endloop
  endfacet
  facet normal -0.0011976 0.999999 0
    outer loop
      vertex -248.303 61.1852 0
      vertex -248.136 61.1854 10
      vertex -248.136 61.1854 0
    endloop
  endfacet
  facet normal -0.0011976 0.999999 0
    outer loop
      vertex -248.303 61.1852 0
      vertex -248.303 61.1852 10
      vertex -248.136 61.1854 10
    endloop
  endfacet
  facet normal 0.5547 0.83205 0
    outer loop
      vertex -248.663 61.4252 0
      vertex -248.303 61.1852 10
      vertex -248.303 61.1852 0
    endloop
  endfacet
  facet normal 0.5547 0.83205 -0
    outer loop
      vertex -248.663 61.4252 0
      vertex -248.663 61.4252 10
      vertex -248.303 61.1852 10
    endloop
  endfacet
  facet normal 0.796725 0.604342 0
    outer loop
      vertex -248.723 61.5043 0
      vertex -248.663 61.4252 10
      vertex -248.663 61.4252 0
    endloop
  endfacet
  facet normal 0.796725 0.604342 -0
    outer loop
      vertex -248.723 61.5043 0
      vertex -248.723 61.5043 10
      vertex -248.663 61.4252 10
    endloop
  endfacet
  facet normal 0.952378 0.304921 0
    outer loop
      vertex -249.027 62.4538 0
      vertex -248.723 61.5043 10
      vertex -248.723 61.5043 0
    endloop
  endfacet
  facet normal 0.952378 0.304921 -0
    outer loop
      vertex -249.027 62.4538 0
      vertex -249.027 62.4538 10
      vertex -248.723 61.5043 10
    endloop
  endfacet
  facet normal 0.549793 0.835301 0
    outer loop
      vertex -249.393 62.6947 0
      vertex -249.027 62.4538 10
      vertex -249.027 62.4538 0
    endloop
  endfacet
  facet normal 0.549793 0.835301 -0
    outer loop
      vertex -249.393 62.6947 0
      vertex -249.393 62.6947 10
      vertex -249.027 62.4538 10
    endloop
  endfacet
  facet normal 0.784609 0.619991 0
    outer loop
      vertex -249.451 62.7681 0
      vertex -249.393 62.6947 10
      vertex -249.393 62.6947 0
    endloop
  endfacet
  facet normal 0.784609 0.619991 -0
    outer loop
      vertex -249.451 62.7681 0
      vertex -249.451 62.7681 10
      vertex -249.393 62.6947 10
    endloop
  endfacet
  facet normal 0.938255 0.345944 0
    outer loop
      vertex -249.747 63.5709 0
      vertex -249.451 62.7681 10
      vertex -249.451 62.7681 0
    endloop
  endfacet
  facet normal 0.938255 0.345944 -0
    outer loop
      vertex -249.747 63.5709 0
      vertex -249.747 63.5709 10
      vertex -249.451 62.7681 10
    endloop
  endfacet
  facet normal 0.645095 0.764102 0
    outer loop
      vertex -250.617 64.3054 0
      vertex -249.747 63.5709 10
      vertex -249.747 63.5709 0
    endloop
  endfacet
  facet normal 0.645095 0.764102 -0
    outer loop
      vertex -250.617 64.3054 0
      vertex -250.617 64.3054 10
      vertex -249.747 63.5709 10
    endloop
  endfacet
  facet normal 0.862971 0.505253 0
    outer loop
      vertex -250.667 64.3908 0
      vertex -250.617 64.3054 10
      vertex -250.617 64.3054 0
    endloop
  endfacet
  facet normal 0.862971 0.505253 -0
    outer loop
      vertex -250.667 64.3908 0
      vertex -250.667 64.3908 10
      vertex -250.617 64.3054 10
    endloop
  endfacet
  facet normal 0.980801 0.195011 0
    outer loop
      vertex -250.952 65.8242 0
      vertex -250.667 64.3908 10
      vertex -250.667 64.3908 0
    endloop
  endfacet
  facet normal 0.980801 0.195011 -0
    outer loop
      vertex -250.952 65.8242 0
      vertex -250.952 65.8242 10
      vertex -250.667 64.3908 10
    endloop
  endfacet
  facet normal 0.403061 0.915173 0
    outer loop
      vertex -251.38 66.0127 0
      vertex -250.952 65.8242 10
      vertex -250.952 65.8242 0
    endloop
  endfacet
  facet normal 0.403061 0.915173 -0
    outer loop
      vertex -251.38 66.0127 0
      vertex -251.38 66.0127 10
      vertex -250.952 65.8242 10
    endloop
  endfacet
  facet normal 0.734295 0.67883 0
    outer loop
      vertex -251.462 66.1014 0
      vertex -251.38 66.0127 10
      vertex -251.38 66.0127 0
    endloop
  endfacet
  facet normal 0.734295 0.67883 -0
    outer loop
      vertex -251.462 66.1014 0
      vertex -251.462 66.1014 10
      vertex -251.38 66.0127 10
    endloop
  endfacet
  facet normal 0.946279 0.32335 0
    outer loop
      vertex -251.681 66.7423 0
      vertex -251.462 66.1014 10
      vertex -251.462 66.1014 0
    endloop
  endfacet
  facet normal 0.946279 0.32335 -0
    outer loop
      vertex -251.681 66.7423 0
      vertex -251.681 66.7423 10
      vertex -251.462 66.1014 10
    endloop
  endfacet
  facet normal 0.118896 0.992907 0
    outer loop
      vertex -251.838 66.7611 0
      vertex -251.681 66.7423 10
      vertex -251.681 66.7423 0
    endloop
  endfacet
  facet normal 0.118896 0.992907 -0
    outer loop
      vertex -251.838 66.7611 0
      vertex -251.838 66.7611 10
      vertex -251.681 66.7423 10
    endloop
  endfacet
  facet normal 0.604415 0.796669 0
    outer loop
      vertex -251.959 66.8529 0
      vertex -251.838 66.7611 10
      vertex -251.838 66.7611 0
    endloop
  endfacet
  facet normal 0.604415 0.796669 -0
    outer loop
      vertex -251.959 66.8529 0
      vertex -251.959 66.8529 10
      vertex -251.838 66.7611 10
    endloop
  endfacet
  facet normal 0.925176 0.379538 0
    outer loop
      vertex -252.052 67.0796 0
      vertex -251.959 66.8529 10
      vertex -251.959 66.8529 0
    endloop
  endfacet
  facet normal 0.925176 0.379538 -0
    outer loop
      vertex -252.052 67.0796 0
      vertex -252.052 67.0796 10
      vertex -251.959 66.8529 10
    endloop
  endfacet
  facet normal -0.188691 0.982036 0
    outer loop
      vertex -252.192 67.0527 0
      vertex -252.052 67.0796 10
      vertex -252.052 67.0796 0
    endloop
  endfacet
  facet normal -0.188691 0.982036 0
    outer loop
      vertex -252.192 67.0527 0
      vertex -252.192 67.0527 10
      vertex -252.052 67.0796 10
    endloop
  endfacet
  facet normal 0.439658 0.898165 0
    outer loop
      vertex -252.354 67.132 0
      vertex -252.192 67.0527 10
      vertex -252.192 67.0527 0
    endloop
  endfacet
  facet normal 0.439658 0.898165 -0
    outer loop
      vertex -252.354 67.132 0
      vertex -252.354 67.132 10
      vertex -252.192 67.0527 10
    endloop
  endfacet
  facet normal 0.891302 0.453411 0
    outer loop
      vertex -252.912 68.2289 0
      vertex -252.354 67.132 10
      vertex -252.354 67.132 0
    endloop
  endfacet
  facet normal 0.891302 0.453411 -0
    outer loop
      vertex -252.912 68.2289 0
      vertex -252.912 68.2289 10
      vertex -252.354 67.132 10
    endloop
  endfacet
  facet normal 0.688499 0.725237 0
    outer loop
      vertex -254.663 69.8912 0
      vertex -252.912 68.2289 10
      vertex -252.912 68.2289 0
    endloop
  endfacet
  facet normal 0.688499 0.725237 -0
    outer loop
      vertex -254.663 69.8912 0
      vertex -254.663 69.8912 10
      vertex -252.912 68.2289 10
    endloop
  endfacet
  facet normal 0.85979 0.510649 0
    outer loop
      vertex -254.706 69.9636 0
      vertex -254.663 69.8912 10
      vertex -254.663 69.8912 0
    endloop
  endfacet
  facet normal 0.85979 0.510649 -0
    outer loop
      vertex -254.706 69.9636 0
      vertex -254.706 69.9636 10
      vertex -254.663 69.8912 10
    endloop
  endfacet
  facet normal 0.970143 0.242536 0
    outer loop
      vertex -255.436 72.8836 0
      vertex -254.706 69.9636 10
      vertex -254.706 69.9636 0
    endloop
  endfacet
  facet normal 0.970143 0.242536 -0
    outer loop
      vertex -255.436 72.8836 0
      vertex -255.436 72.8836 10
      vertex -254.706 69.9636 10
    endloop
  endfacet
  facet normal 0.999437 0.0335382 0
    outer loop
      vertex -255.438 72.9432 0
      vertex -255.436 72.8836 10
      vertex -255.436 72.8836 0
    endloop
  endfacet
  facet normal 0.999437 0.0335382 -0
    outer loop
      vertex -255.438 72.9432 0
      vertex -255.438 72.9432 10
      vertex -255.436 72.8836 10
    endloop
  endfacet
  facet normal 0.987991 -0.154511 0
    outer loop
      vertex -255.245 74.1773 0
      vertex -255.438 72.9432 10
      vertex -255.438 72.9432 0
    endloop
  endfacet
  facet normal 0.987991 -0.154511 0
    outer loop
      vertex -255.245 74.1773 0
      vertex -255.245 74.1773 10
      vertex -255.438 72.9432 10
    endloop
  endfacet
  facet normal 0.902329 0.431049 0
    outer loop
      vertex -255.545 74.8053 0
      vertex -255.245 74.1773 10
      vertex -255.245 74.1773 0
    endloop
  endfacet
  facet normal 0.902329 0.431049 -0
    outer loop
      vertex -255.545 74.8053 0
      vertex -255.545 74.8053 10
      vertex -255.245 74.1773 10
    endloop
  endfacet
  facet normal 0.983395 -0.18148 0
    outer loop
      vertex -255.513 74.9787 0
      vertex -255.545 74.8053 10
      vertex -255.545 74.8053 0
    endloop
  endfacet
  facet normal 0.983395 -0.18148 0
    outer loop
      vertex -255.513 74.9787 0
      vertex -255.513 74.9787 10
      vertex -255.545 74.8053 10
    endloop
  endfacet
  facet normal 0.113233 -0.993568 0
    outer loop
      vertex -255.334 74.9991 0
      vertex -255.513 74.9787 10
      vertex -255.513 74.9787 0
    endloop
  endfacet
  facet normal 0.113233 -0.993568 0
    outer loop
      vertex -255.334 74.9991 0
      vertex -255.334 74.9991 10
      vertex -255.513 74.9787 10
    endloop
  endfacet
  facet normal -0.509228 -0.860632 0
    outer loop
      vertex -253.637 73.995 0
      vertex -255.334 74.9991 10
      vertex -255.334 74.9991 0
    endloop
  endfacet
  facet normal -0.509228 -0.860632 0
    outer loop
      vertex -253.637 73.995 0
      vertex -253.637 73.995 10
      vertex -255.334 74.9991 10
    endloop
  endfacet
  facet normal 0.120869 -0.992668 0
    outer loop
      vertex -253.444 74.0185 0
      vertex -253.637 73.995 10
      vertex -253.637 73.995 0
    endloop
  endfacet
  facet normal 0.120869 -0.992668 0
    outer loop
      vertex -253.444 74.0185 0
      vertex -253.444 74.0185 10
      vertex -253.637 73.995 10
    endloop
  endfacet
  facet normal 0.919098 -0.39403 0
    outer loop
      vertex -253.358 74.2191 0
      vertex -253.444 74.0185 10
      vertex -253.444 74.0185 0
    endloop
  endfacet
  facet normal 0.919098 -0.39403 0
    outer loop
      vertex -253.358 74.2191 0
      vertex -253.358 74.2191 10
      vertex -253.444 74.0185 10
    endloop
  endfacet
  facet normal 0.361726 -0.932284 0
    outer loop
      vertex -253.158 74.2967 0
      vertex -253.358 74.2191 10
      vertex -253.358 74.2191 0
    endloop
  endfacet
  facet normal 0.361726 -0.932284 0
    outer loop
      vertex -253.158 74.2967 0
      vertex -253.158 74.2967 10
      vertex -253.358 74.2191 10
    endloop
  endfacet
  facet normal -0.412168 -0.911108 0
    outer loop
      vertex -252.738 74.1067 0
      vertex -253.158 74.2967 10
      vertex -253.158 74.2967 0
    endloop
  endfacet
  facet normal -0.412168 -0.911108 0
    outer loop
      vertex -252.738 74.1067 0
      vertex -252.738 74.1067 10
      vertex -253.158 74.2967 10
    endloop
  endfacet
  facet normal -0.679888 -0.733316 0
    outer loop
      vertex -252.668 74.0418 0
      vertex -252.738 74.1067 10
      vertex -252.738 74.1067 0
    endloop
  endfacet
  facet normal -0.679888 -0.733316 0
    outer loop
      vertex -252.668 74.0418 0
      vertex -252.668 74.0418 10
      vertex -252.738 74.1067 10
    endloop
  endfacet
  facet normal -0.877909 -0.478827 0
    outer loop
      vertex -252.396 73.5431 0
      vertex -252.668 74.0418 10
      vertex -252.668 74.0418 0
    endloop
  endfacet
  facet normal -0.877909 -0.478827 0
    outer loop
      vertex -252.396 73.5431 0
      vertex -252.396 73.5431 10
      vertex -252.668 74.0418 10
    endloop
  endfacet
  facet normal -0.322961 -0.946412 0
    outer loop
      vertex -251.162 73.122 0
      vertex -252.396 73.5431 10
      vertex -252.396 73.5431 0
    endloop
  endfacet
  facet normal -0.322961 -0.946412 0
    outer loop
      vertex -251.162 73.122 0
      vertex -251.162 73.122 10
      vertex -252.396 73.5431 10
    endloop
  endfacet
  facet normal -0.919537 -0.393003 0
    outer loop
      vertex -251.074 72.9161 0
      vertex -251.162 73.122 10
      vertex -251.162 73.122 0
    endloop
  endfacet
  facet normal -0.919537 -0.393003 0
    outer loop
      vertex -251.074 72.9161 0
      vertex -251.074 72.9161 10
      vertex -251.162 73.122 10
    endloop
  endfacet
  facet normal -0.904136 0.427245 0
    outer loop
      vertex -251.216 72.6156 0
      vertex -251.074 72.9161 10
      vertex -251.074 72.9161 0
    endloop
  endfacet
  facet normal -0.904136 0.427245 0
    outer loop
      vertex -251.216 72.6156 0
      vertex -251.216 72.6156 10
      vertex -251.074 72.9161 10
    endloop
  endfacet
  facet normal -0.991929 -0.126797 0
    outer loop
      vertex -251.094 71.6612 0
      vertex -251.216 72.6156 10
      vertex -251.216 72.6156 0
    endloop
  endfacet
  facet normal -0.991929 -0.126797 0
    outer loop
      vertex -251.094 71.6612 0
      vertex -251.094 71.6612 10
      vertex -251.216 72.6156 10
    endloop
  endfacet
  facet normal -0.911687 -0.410885 0
    outer loop
      vertex -249.613 68.3751 0
      vertex -251.094 71.6612 10
      vertex -251.094 71.6612 0
    endloop
  endfacet
  facet normal -0.911687 -0.410885 0
    outer loop
      vertex -249.613 68.3751 0
      vertex -249.613 68.3751 10
      vertex -251.094 71.6612 10
    endloop
  endfacet
  facet normal -0.506844 -0.862038 0
    outer loop
      vertex -249.314 68.1993 0
      vertex -249.613 68.3751 10
      vertex -249.613 68.3751 0
    endloop
  endfacet
  facet normal -0.506844 -0.862038 0
    outer loop
      vertex -249.314 68.1993 0
      vertex -249.314 68.1993 10
      vertex -249.613 68.3751 10
    endloop
  endfacet
  facet normal -0.807513 -0.58985 0
    outer loop
      vertex -249.243 68.1021 0
      vertex -249.314 68.1993 10
      vertex -249.314 68.1993 0
    endloop
  endfacet
  facet normal -0.807513 -0.58985 0
    outer loop
      vertex -249.243 68.1021 0
      vertex -249.243 68.1021 10
      vertex -249.314 68.1993 10
    endloop
  endfacet
  facet normal -0.977176 -0.21243 0
    outer loop
      vertex -249.112 67.4995 0
      vertex -249.243 68.1021 10
      vertex -249.243 68.1021 0
    endloop
  endfacet
  facet normal -0.977176 -0.21243 0
    outer loop
      vertex -249.112 67.4995 0
      vertex -249.112 67.4995 10
      vertex -249.243 68.1021 10
    endloop
  endfacet
  facet normal -0.755 -0.655724 0
    outer loop
      vertex -246.861 64.9077 0
      vertex -249.112 67.4995 10
      vertex -249.112 67.4995 0
    endloop
  endfacet
  facet normal -0.755 -0.655724 0
    outer loop
      vertex -246.861 64.9077 0
      vertex -246.861 64.9077 10
      vertex -249.112 67.4995 10
    endloop
  endfacet
  facet normal -0.186055 -0.982539 0
    outer loop
      vertex -245.592 64.6674 0
      vertex -246.861 64.9077 10
      vertex -246.861 64.9077 0
    endloop
  endfacet
  facet normal -0.186055 -0.982539 0
    outer loop
      vertex -245.592 64.6674 0
      vertex -245.592 64.6674 10
      vertex -246.861 64.9077 10
    endloop
  endfacet
  facet normal -0.821679 -0.569951 0
    outer loop
      vertex -245.472 64.4944 0
      vertex -245.592 64.6674 10
      vertex -245.592 64.6674 0
    endloop
  endfacet
  facet normal -0.821679 -0.569951 0
    outer loop
      vertex -245.472 64.4944 0
      vertex -245.472 64.4944 10
      vertex -245.592 64.6674 10
    endloop
  endfacet
  facet normal -0.985244 0.171154 0
    outer loop
      vertex -245.603 63.7403 0
      vertex -245.472 64.4944 10
      vertex -245.472 64.4944 0
    endloop
  endfacet
  facet normal -0.985244 0.171154 0
    outer loop
      vertex -245.603 63.7403 0
      vertex -245.603 63.7403 10
      vertex -245.472 64.4944 10
    endloop
  endfacet
  facet normal -0.851175 -0.524883 0
    outer loop
      vertex -245.178 63.0511 0
      vertex -245.603 63.7403 10
      vertex -245.603 63.7403 0
    endloop
  endfacet
  facet normal -0.851175 -0.524883 0
    outer loop
      vertex -245.178 63.0511 0
      vertex -245.178 63.0511 10
      vertex -245.603 63.7403 10
    endloop
  endfacet
  facet normal -0.368228 -0.929735 0
    outer loop
      vertex -244.265 62.6895 0
      vertex -245.178 63.0511 10
      vertex -245.178 63.0511 0
    endloop
  endfacet
  facet normal -0.368228 -0.929735 0
    outer loop
      vertex -244.265 62.6895 0
      vertex -244.265 62.6895 10
      vertex -245.178 63.0511 10
    endloop
  endfacet
  facet normal -0.690602 -0.723235 0
    outer loop
      vertex -244.183 62.6112 0
      vertex -244.265 62.6895 10
      vertex -244.265 62.6895 0
    endloop
  endfacet
  facet normal -0.690602 -0.723235 0
    outer loop
      vertex -244.183 62.6112 0
      vertex -244.183 62.6112 10
      vertex -244.265 62.6895 10
    endloop
  endfacet
  facet normal -0.912948 -0.408076 0
    outer loop
      vertex -243.804 61.7633 0
      vertex -244.183 62.6112 10
      vertex -244.183 62.6112 0
    endloop
  endfacet
  facet normal -0.912948 -0.408076 0
    outer loop
      vertex -243.804 61.7633 0
      vertex -243.804 61.7633 10
      vertex -244.183 62.6112 10
    endloop
  endfacet
  facet normal 0.0332481 -0.999447 0
    outer loop
      vertex -243.305 61.7799 0
      vertex -243.804 61.7633 10
      vertex -243.804 61.7633 0
    endloop
  endfacet
  facet normal 0.0332481 -0.999447 0
    outer loop
      vertex -243.305 61.7799 0
      vertex -243.305 61.7799 10
      vertex -243.804 61.7633 10
    endloop
  endfacet
  facet normal -0.355817 -0.934556 0
    outer loop
      vertex -243.196 61.7384 0
      vertex -243.305 61.7799 10
      vertex -243.305 61.7799 0
    endloop
  endfacet
  facet normal -0.355817 -0.934556 0
    outer loop
      vertex -243.196 61.7384 0
      vertex -243.196 61.7384 10
      vertex -243.305 61.7799 10
    endloop
  endfacet
  facet normal -0.691223 -0.722642 0
    outer loop
      vertex -242.736 61.2984 0
      vertex -243.196 61.7384 10
      vertex -243.196 61.7384 0
    endloop
  endfacet
  facet normal -0.691223 -0.722642 0
    outer loop
      vertex -242.736 61.2984 0
      vertex -242.736 61.2984 10
      vertex -243.196 61.7384 10
    endloop
  endfacet
  facet normal -0.808209 -0.588896 0
    outer loop
      vertex -242.707 61.2586 0
      vertex -242.736 61.2984 10
      vertex -242.736 61.2984 0
    endloop
  endfacet
  facet normal -0.808209 -0.588896 0
    outer loop
      vertex -242.707 61.2586 0
      vertex -242.707 61.2586 10
      vertex -242.736 61.2984 10
    endloop
  endfacet
  facet normal -0.889288 -0.457348 0
    outer loop
      vertex -242.347 60.5586 0
      vertex -242.707 61.2586 10
      vertex -242.707 61.2586 0
    endloop
  endfacet
  facet normal -0.889288 -0.457348 0
    outer loop
      vertex -242.347 60.5586 0
      vertex -242.347 60.5586 10
      vertex -242.707 61.2586 10
    endloop
  endfacet
  facet normal -0.988214 0.15308 0
    outer loop
      vertex -242.374 60.3843 0
      vertex -242.347 60.5586 10
      vertex -242.347 60.5586 0
    endloop
  endfacet
  facet normal -0.988214 0.15308 0
    outer loop
      vertex -242.374 60.3843 0
      vertex -242.374 60.3843 10
      vertex -242.347 60.5586 10
    endloop
  endfacet
  facet normal -0.0943417 0.99554 0
    outer loop
      vertex -242.565 60.3662 0
      vertex -242.374 60.3843 10
      vertex -242.374 60.3843 0
    endloop
  endfacet
  facet normal -0.0943417 0.99554 0
    outer loop
      vertex -242.565 60.3662 0
      vertex -242.565 60.3662 10
      vertex -242.374 60.3843 10
    endloop
  endfacet
  facet normal 0.565641 0.824651 0
    outer loop
      vertex -242.636 60.4149 0
      vertex -242.565 60.3662 10
      vertex -242.565 60.3662 0
    endloop
  endfacet
  facet normal 0.565641 0.824651 -0
    outer loop
      vertex -242.636 60.4149 0
      vertex -242.636 60.4149 10
      vertex -242.565 60.3662 10
    endloop
  endfacet
  facet normal -0.801478 0.598024 0
    outer loop
      vertex -243.014 59.9083 0
      vertex -242.636 60.4149 10
      vertex -242.636 60.4149 0
    endloop
  endfacet
  facet normal -0.801478 0.598024 0
    outer loop
      vertex -243.014 59.9083 0
      vertex -243.014 59.9083 10
      vertex -242.636 60.4149 10
    endloop
  endfacet
  facet normal -0.992802 -0.119767 0
    outer loop
      vertex -242.938 59.2783 0
      vertex -243.014 59.9083 10
      vertex -243.014 59.9083 0
    endloop
  endfacet
  facet normal -0.992802 -0.119767 0
    outer loop
      vertex -242.938 59.2783 0
      vertex -242.938 59.2783 10
      vertex -243.014 59.9083 10
    endloop
  endfacet
  facet normal -0.629469 -0.777025 0
    outer loop
      vertex -242.641 59.0377 0
      vertex -242.938 59.2783 10
      vertex -242.938 59.2783 0
    endloop
  endfacet
  facet normal -0.629469 -0.777025 0
    outer loop
      vertex -242.641 59.0377 0
      vertex -242.641 59.0377 10
      vertex -242.938 59.2783 10
    endloop
  endfacet
  facet normal 0.452647 -0.89169 0
    outer loop
      vertex -242.038 59.3438 0
      vertex -242.641 59.0377 10
      vertex -242.641 59.0377 0
    endloop
  endfacet
  facet normal 0.452647 -0.89169 0
    outer loop
      vertex -242.038 59.3438 0
      vertex -242.038 59.3438 10
      vertex -242.641 59.0377 10
    endloop
  endfacet
  facet normal -0.158322 -0.987387 0
    outer loop
      vertex -241.864 59.3159 0
      vertex -242.038 59.3438 10
      vertex -242.038 59.3438 0
    endloop
  endfacet
  facet normal -0.158322 -0.987387 0
    outer loop
      vertex -241.864 59.3159 0
      vertex -241.864 59.3159 10
      vertex -242.038 59.3438 10
    endloop
  endfacet
  facet normal -0.999574 -0.0291705 0
    outer loop
      vertex -241.858 59.1103 0
      vertex -241.864 59.3159 10
      vertex -241.864 59.3159 0
    endloop
  endfacet
  facet normal -0.999574 -0.0291705 0
    outer loop
      vertex -241.858 59.1103 0
      vertex -241.858 59.1103 10
      vertex -241.864 59.3159 10
    endloop
  endfacet
  facet normal -0.746984 0.664843 0
    outer loop
      vertex -242.151 58.7811 0
      vertex -241.858 59.1103 10
      vertex -241.858 59.1103 0
    endloop
  endfacet
  facet normal -0.746984 0.664843 0
    outer loop
      vertex -242.151 58.7811 0
      vertex -242.151 58.7811 10
      vertex -241.858 59.1103 10
    endloop
  endfacet
  facet normal 0.250934 -0.968004 0
    outer loop
      vertex -241.788 58.8752 0
      vertex -242.151 58.7811 10
      vertex -242.151 58.7811 0
    endloop
  endfacet
  facet normal 0.250934 -0.968004 0
    outer loop
      vertex -241.788 58.8752 0
      vertex -241.788 58.8752 10
      vertex -242.151 58.7811 10
    endloop
  endfacet
  facet normal -0.403008 -0.915197 0
    outer loop
      vertex -241.617 58.7999 0
      vertex -241.788 58.8752 10
      vertex -241.788 58.8752 0
    endloop
  endfacet
  facet normal -0.403008 -0.915197 0
    outer loop
      vertex -241.617 58.7999 0
      vertex -241.617 58.7999 10
      vertex -241.788 58.8752 10
    endloop
  endfacet
  facet normal -0.884692 -0.466176 0
    outer loop
      vertex -241.438 58.4602 0
      vertex -241.617 58.7999 10
      vertex -241.617 58.7999 0
    endloop
  endfacet
  facet normal -0.884692 -0.466176 0
    outer loop
      vertex -241.438 58.4602 0
      vertex -241.438 58.4602 10
      vertex -241.617 58.7999 10
    endloop
  endfacet
  facet normal -0.47653 -0.879158 0
    outer loop
      vertex -240.039 57.7019 0
      vertex -241.438 58.4602 10
      vertex -241.438 58.4602 0
    endloop
  endfacet
  facet normal -0.47653 -0.879158 0
    outer loop
      vertex -240.039 57.7019 0
      vertex -240.039 57.7019 10
      vertex -241.438 58.4602 10
    endloop
  endfacet
  facet normal -0.900123 -0.435635 0
    outer loop
      vertex -239.962 57.5428 0
      vertex -240.039 57.7019 10
      vertex -240.039 57.7019 0
    endloop
  endfacet
  facet normal -0.900123 -0.435635 0
    outer loop
      vertex -239.962 57.5428 0
      vertex -239.962 57.5428 10
      vertex -240.039 57.7019 10
    endloop
  endfacet
  facet normal -0.607284 0.794485 0
    outer loop
      vertex -240.122 57.4205 0
      vertex -239.962 57.5428 10
      vertex -239.962 57.5428 0
    endloop
  endfacet
  facet normal -0.607284 0.794485 0
    outer loop
      vertex -240.122 57.4205 0
      vertex -240.122 57.4205 10
      vertex -239.962 57.5428 10
    endloop
  endfacet
  facet normal 0.077961 0.996956 0
    outer loop
      vertex -240.333 57.437 0
      vertex -240.122 57.4205 10
      vertex -240.122 57.4205 0
    endloop
  endfacet
  facet normal 0.077961 0.996956 -0
    outer loop
      vertex -240.333 57.437 0
      vertex -240.333 57.437 10
      vertex -240.122 57.4205 10
    endloop
  endfacet
  facet normal -0.84407 -0.536233 0
    outer loop
      vertex -239.793 56.587 0
      vertex -240.333 57.437 10
      vertex -240.333 57.437 0
    endloop
  endfacet
  facet normal -0.84407 -0.536233 0
    outer loop
      vertex -239.793 56.587 0
      vertex -239.793 56.587 10
      vertex -240.333 57.437 10
    endloop
  endfacet
  facet normal -0.295557 -0.955325 0
    outer loop
      vertex -238.876 56.3033 0
      vertex -239.793 56.587 10
      vertex -239.793 56.587 0
    endloop
  endfacet
  facet normal -0.295557 -0.955325 0
    outer loop
      vertex -238.876 56.3033 0
      vertex -238.876 56.3033 10
      vertex -239.793 56.587 10
    endloop
  endfacet
  facet normal -0.831725 -0.555188 0
    outer loop
      vertex -238.771 56.146 0
      vertex -238.876 56.3033 10
      vertex -238.876 56.3033 0
    endloop
  endfacet
  facet normal -0.831725 -0.555188 0
    outer loop
      vertex -238.771 56.146 0
      vertex -238.771 56.146 10
      vertex -238.876 56.3033 10
    endloop
  endfacet
  facet normal -0.995634 0.0933407 0
    outer loop
      vertex -238.801 55.826 0
      vertex -238.771 56.146 10
      vertex -238.771 56.146 0
    endloop
  endfacet
  facet normal -0.995634 0.0933407 0
    outer loop
      vertex -238.801 55.826 0
      vertex -238.801 55.826 10
      vertex -238.771 56.146 10
    endloop
  endfacet
  facet normal -0.755219 0.655473 0
    outer loop
      vertex -238.824 55.7995 0
      vertex -238.801 55.826 10
      vertex -238.801 55.826 0
    endloop
  endfacet
  facet normal -0.755219 0.655473 0
    outer loop
      vertex -238.824 55.7995 0
      vertex -238.824 55.7995 10
      vertex -238.801 55.826 10
    endloop
  endfacet
  facet normal -0.614276 -0.789091 0
    outer loop
      vertex -237.538 54.7984 0
      vertex -238.824 55.7995 10
      vertex -238.824 55.7995 0
    endloop
  endfacet
  facet normal -0.614276 -0.789091 0
    outer loop
      vertex -237.538 54.7984 0
      vertex -237.538 54.7984 10
      vertex -238.824 55.7995 10
    endloop
  endfacet
  facet normal -0.716056 -0.698042 0
    outer loop
      vertex -237.507 54.7666 0
      vertex -237.538 54.7984 10
      vertex -237.538 54.7984 0
    endloop
  endfacet
  facet normal -0.716056 -0.698042 0
    outer loop
      vertex -237.507 54.7666 0
      vertex -237.507 54.7666 10
      vertex -237.538 54.7984 10
    endloop
  endfacet
  facet normal -0.816881 -0.576807 0
    outer loop
      vertex -236.335 53.1068 0
      vertex -237.507 54.7666 10
      vertex -237.507 54.7666 0
    endloop
  endfacet
  facet normal -0.816881 -0.576807 0
    outer loop
      vertex -236.335 53.1068 0
      vertex -236.335 53.1068 10
      vertex -237.507 54.7666 10
    endloop
  endfacet
  facet normal -0.709735 -0.704469 0
    outer loop
      vertex -234.984 51.7457 0
      vertex -236.335 53.1068 10
      vertex -236.335 53.1068 0
    endloop
  endfacet
  facet normal -0.709735 -0.704469 0
    outer loop
      vertex -234.984 51.7457 0
      vertex -234.984 51.7457 10
      vertex -236.335 53.1068 10
    endloop
  endfacet
  facet normal -0.822324 -0.569019 0
    outer loop
      vertex -234.953 51.7009 0
      vertex -234.984 51.7457 10
      vertex -234.984 51.7457 0
    endloop
  endfacet
  facet normal -0.822324 -0.569019 0
    outer loop
      vertex -234.953 51.7009 0
      vertex -234.953 51.7009 10
      vertex -234.984 51.7457 10
    endloop
  endfacet
  facet normal -0.913812 -0.406138 0
    outer loop
      vertex -234.633 50.9809 0
      vertex -234.953 51.7009 10
      vertex -234.953 51.7009 0
    endloop
  endfacet
  facet normal -0.913812 -0.406138 0
    outer loop
      vertex -234.633 50.9809 0
      vertex -234.633 50.9809 10
      vertex -234.953 51.7009 10
    endloop
  endfacet
  facet normal -0.979175 -0.203019 0
    outer loop
      vertex -234.62 50.9182 0
      vertex -234.633 50.9809 10
      vertex -234.633 50.9809 0
    endloop
  endfacet
  facet normal -0.979175 -0.203019 0
    outer loop
      vertex -234.62 50.9182 0
      vertex -234.62 50.9182 10
      vertex -234.633 50.9809 10
    endloop
  endfacet
  facet normal -0.999916 0.0129775 0
    outer loop
      vertex -234.63 50.1477 0
      vertex -234.62 50.9182 10
      vertex -234.62 50.9182 0
    endloop
  endfacet
  facet normal -0.999916 0.0129775 0
    outer loop
      vertex -234.63 50.1477 0
      vertex -234.63 50.1477 10
      vertex -234.62 50.9182 10
    endloop
  endfacet
  facet normal -0.875889 -0.482513 0
    outer loop
      vertex -234.178 49.3272 0
      vertex -234.63 50.1477 10
      vertex -234.63 50.1477 0
    endloop
  endfacet
  facet normal -0.875889 -0.482513 0
    outer loop
      vertex -234.178 49.3272 0
      vertex -234.178 49.3272 10
      vertex -234.63 50.1477 10
    endloop
  endfacet
  facet normal -0.522312 -0.852754 0
    outer loop
      vertex -233.722 49.0479 0
      vertex -234.178 49.3272 10
      vertex -234.178 49.3272 0
    endloop
  endfacet
  facet normal -0.522312 -0.852754 0
    outer loop
      vertex -233.722 49.0479 0
      vertex -233.722 49.0479 10
      vertex -234.178 49.3272 10
    endloop
  endfacet
  facet normal -0.886585 -0.462566 0
    outer loop
      vertex -233.65 48.9099 0
      vertex -233.722 49.0479 10
      vertex -233.722 49.0479 0
    endloop
  endfacet
  facet normal -0.886585 -0.462566 0
    outer loop
      vertex -233.65 48.9099 0
      vertex -233.65 48.9099 10
      vertex -233.722 49.0479 10
    endloop
  endfacet
  facet normal -0.997735 0.0672631 0
    outer loop
      vertex -233.71 48.0199 0
      vertex -233.65 48.9099 10
      vertex -233.65 48.9099 0
    endloop
  endfacet
  facet normal -0.997735 0.0672631 0
    outer loop
      vertex -233.71 48.0199 0
      vertex -233.71 48.0199 10
      vertex -233.65 48.9099 10
    endloop
  endfacet
  facet normal -0.928927 0.370264 0
    outer loop
      vertex -233.744 47.9346 0
      vertex -233.71 48.0199 10
      vertex -233.71 48.0199 0
    endloop
  endfacet
  facet normal -0.928927 0.370264 0
    outer loop
      vertex -233.744 47.9346 0
      vertex -233.744 47.9346 10
      vertex -233.71 48.0199 10
    endloop
  endfacet
  facet normal -0.771491 0.63624 0
    outer loop
      vertex -234.213 47.3659 0
      vertex -233.744 47.9346 10
      vertex -233.744 47.9346 0
    endloop
  endfacet
  facet normal -0.771491 0.63624 0
    outer loop
      vertex -234.213 47.3659 0
      vertex -234.213 47.3659 10
      vertex -233.744 47.9346 10
    endloop
  endfacet
  facet normal -0.302767 -0.953065 0
    outer loop
      vertex -234.015 47.303 0
      vertex -234.213 47.3659 10
      vertex -234.213 47.3659 0
    endloop
  endfacet
  facet normal -0.302767 -0.953065 0
    outer loop
      vertex -234.015 47.303 0
      vertex -234.015 47.303 10
      vertex -234.213 47.3659 10
    endloop
  endfacet
  facet normal -0.689938 -0.723869 0
    outer loop
      vertex -233.919 47.2115 0
      vertex -234.015 47.303 10
      vertex -234.015 47.303 0
    endloop
  endfacet
  facet normal -0.689938 -0.723869 0
    outer loop
      vertex -233.919 47.2115 0
      vertex -233.919 47.2115 10
      vertex -234.015 47.303 10
    endloop
  endfacet
  facet normal -0.939123 -0.343582 0
    outer loop
      vertex -233.769 46.8015 0
      vertex -233.919 47.2115 10
      vertex -233.919 47.2115 0
    endloop
  endfacet
  facet normal -0.939123 -0.343582 0
    outer loop
      vertex -233.769 46.8015 0
      vertex -233.769 46.8015 10
      vertex -233.919 47.2115 10
    endloop
  endfacet
  facet normal -0.930471 0.366367 0
    outer loop
      vertex -233.842 46.6161 0
      vertex -233.769 46.8015 10
      vertex -233.769 46.8015 0
    endloop
  endfacet
  facet normal -0.930471 0.366367 0
    outer loop
      vertex -233.842 46.6161 0
      vertex -233.842 46.6161 10
      vertex -233.769 46.8015 10
    endloop
  endfacet
  facet normal -0.451035 0.892506 0
    outer loop
      vertex -234.626 46.2199 0
      vertex -233.842 46.6161 10
      vertex -233.842 46.6161 0
    endloop
  endfacet
  facet normal -0.451035 0.892506 0
    outer loop
      vertex -234.626 46.2199 0
      vertex -234.626 46.2199 10
      vertex -233.842 46.6161 10
    endloop
  endfacet
  facet normal -0.917883 -0.39685 0
    outer loop
      vertex -234.27 45.3965 0
      vertex -234.626 46.2199 10
      vertex -234.626 46.2199 0
    endloop
  endfacet
  facet normal -0.917883 -0.39685 0
    outer loop
      vertex -234.27 45.3965 0
      vertex -234.27 45.3965 10
      vertex -234.626 46.2199 10
    endloop
  endfacet
  facet normal -0.794399 -0.607396 0
    outer loop
      vertex -233.102 43.8689 0
      vertex -234.27 45.3965 10
      vertex -234.27 45.3965 0
    endloop
  endfacet
  facet normal -0.794399 -0.607396 0
    outer loop
      vertex -233.102 43.8689 0
      vertex -233.102 43.8689 10
      vertex -234.27 45.3965 10
    endloop
  endfacet
  facet normal -0.444024 -0.896015 0
    outer loop
      vertex -230.853 42.7544 0
      vertex -233.102 43.8689 10
      vertex -233.102 43.8689 0
    endloop
  endfacet
  facet normal -0.444024 -0.896015 0
    outer loop
      vertex -230.853 42.7544 0
      vertex -230.853 42.7544 10
      vertex -233.102 43.8689 10
    endloop
  endfacet
  facet normal -0.610646 -0.791904 0
    outer loop
      vertex -230.808 42.7197 0
      vertex -230.853 42.7544 10
      vertex -230.853 42.7544 0
    endloop
  endfacet
  facet normal -0.610646 -0.791904 0
    outer loop
      vertex -230.808 42.7197 0
      vertex -230.808 42.7197 10
      vertex -230.853 42.7544 10
    endloop
  endfacet
  facet normal -0.747173 -0.664629 0
    outer loop
      vertex -229.783 41.5674 0
      vertex -230.808 42.7197 10
      vertex -230.808 42.7197 0
    endloop
  endfacet
  facet normal -0.747173 -0.664629 0
    outer loop
      vertex -229.783 41.5674 0
      vertex -229.783 41.5674 10
      vertex -230.808 42.7197 10
    endloop
  endfacet
  facet normal -0.351688 -0.936117 0
    outer loop
      vertex -228.183 40.9663 0
      vertex -229.783 41.5674 10
      vertex -229.783 41.5674 0
    endloop
  endfacet
  facet normal -0.351688 -0.936117 0
    outer loop
      vertex -228.183 40.9663 0
      vertex -228.183 40.9663 10
      vertex -229.783 41.5674 10
    endloop
  endfacet
  facet normal -0.137367 -0.99052 0
    outer loop
      vertex -226.469 40.7286 0
      vertex -228.183 40.9663 10
      vertex -228.183 40.9663 0
    endloop
  endfacet
  facet normal -0.137367 -0.99052 0
    outer loop
      vertex -226.469 40.7286 0
      vertex -226.469 40.7286 10
      vertex -228.183 40.9663 10
    endloop
  endfacet
  facet normal -0.449704 -0.893177 0
    outer loop
      vertex -226.383 40.6853 0
      vertex -226.469 40.7286 10
      vertex -226.469 40.7286 0
    endloop
  endfacet
  facet normal -0.449704 -0.893177 0
    outer loop
      vertex -226.383 40.6853 0
      vertex -226.383 40.6853 10
      vertex -226.469 40.7286 10
    endloop
  endfacet
  facet normal -0.71192 -0.702261 0
    outer loop
      vertex -225.685 39.9777 0
      vertex -226.383 40.6853 10
      vertex -226.383 40.6853 0
    endloop
  endfacet
  facet normal -0.71192 -0.702261 0
    outer loop
      vertex -225.685 39.9777 0
      vertex -225.685 39.9777 10
      vertex -226.383 40.6853 10
    endloop
  endfacet
  facet normal -0.532393 -0.846497 0
    outer loop
      vertex -224.04 38.9431 0
      vertex -225.685 39.9777 10
      vertex -225.685 39.9777 0
    endloop
  endfacet
  facet normal -0.532393 -0.846497 0
    outer loop
      vertex -224.04 38.9431 0
      vertex -224.04 38.9431 10
      vertex -225.685 39.9777 10
    endloop
  endfacet
  facet normal -0.398151 -0.91732 0
    outer loop
      vertex -221.484 37.8337 0
      vertex -224.04 38.9431 10
      vertex -224.04 38.9431 0
    endloop
  endfacet
  facet normal -0.398151 -0.91732 0
    outer loop
      vertex -221.484 37.8337 0
      vertex -221.484 37.8337 10
      vertex -224.04 38.9431 10
    endloop
  endfacet
  facet normal -0.204348 -0.978898 0
    outer loop
      vertex -219.439 37.4068 0
      vertex -221.484 37.8337 10
      vertex -221.484 37.8337 0
    endloop
  endfacet
  facet normal -0.204348 -0.978898 0
    outer loop
      vertex -219.439 37.4068 0
      vertex -219.439 37.4068 10
      vertex -221.484 37.8337 10
    endloop
  endfacet
  facet normal -0.47275 -0.881197 0
    outer loop
      vertex -219.365 37.3671 0
      vertex -219.439 37.4068 10
      vertex -219.439 37.4068 0
    endloop
  endfacet
  facet normal -0.47275 -0.881197 0
    outer loop
      vertex -219.365 37.3671 0
      vertex -219.365 37.3671 10
      vertex -219.439 37.4068 10
    endloop
  endfacet
  facet normal -0.700711 -0.713446 0
    outer loop
      vertex -218.844 36.8554 0
      vertex -219.365 37.3671 10
      vertex -219.365 37.3671 0
    endloop
  endfacet
  facet normal -0.700711 -0.713446 0
    outer loop
      vertex -218.844 36.8554 0
      vertex -218.844 36.8554 10
      vertex -219.365 37.3671 10
    endloop
  endfacet
  facet normal -0.41698 -0.908916 0
    outer loop
      vertex -217.19 36.0966 0
      vertex -218.844 36.8554 10
      vertex -218.844 36.8554 0
    endloop
  endfacet
  facet normal -0.41698 -0.908916 0
    outer loop
      vertex -217.19 36.0966 0
      vertex -217.19 36.0966 10
      vertex -218.844 36.8554 10
    endloop
  endfacet
  facet normal -0.102613 -0.994721 0
    outer loop
      vertex -215.955 35.9692 0
      vertex -217.19 36.0966 10
      vertex -217.19 36.0966 0
    endloop
  endfacet
  facet normal -0.102613 -0.994721 0
    outer loop
      vertex -215.955 35.9692 0
      vertex -215.955 35.9692 10
      vertex -217.19 36.0966 10
    endloop
  endfacet
  facet normal -0.234718 -0.972064 0
    outer loop
      vertex -215.914 35.9593 0
      vertex -215.955 35.9692 10
      vertex -215.955 35.9692 0
    endloop
  endfacet
  facet normal -0.234718 -0.972064 0
    outer loop
      vertex -215.914 35.9593 0
      vertex -215.914 35.9593 10
      vertex -215.955 35.9692 10
    endloop
  endfacet
  facet normal -0.371391 -0.928477 0
    outer loop
      vertex -214.464 35.3793 0
      vertex -215.914 35.9593 10
      vertex -215.914 35.9593 0
    endloop
  endfacet
  facet normal -0.371391 -0.928477 0
    outer loop
      vertex -214.464 35.3793 0
      vertex -214.464 35.3793 10
      vertex -215.914 35.9593 10
    endloop
  endfacet
  facet normal 0.306541 -0.951857 0
    outer loop
      vertex -212.205 36.1068 0
      vertex -214.464 35.3793 10
      vertex -214.464 35.3793 0
    endloop
  endfacet
  facet normal 0.306541 -0.951857 0
    outer loop
      vertex -212.205 36.1068 0
      vertex -212.205 36.1068 10
      vertex -214.464 35.3793 10
    endloop
  endfacet
  facet normal 0.541008 -0.841018 0
    outer loop
      vertex -211.491 36.5661 0
      vertex -212.205 36.1068 10
      vertex -212.205 36.1068 0
    endloop
  endfacet
  facet normal 0.541008 -0.841018 0
    outer loop
      vertex -211.491 36.5661 0
      vertex -211.491 36.5661 10
      vertex -212.205 36.1068 10
    endloop
  endfacet
  facet normal 0.327207 -0.944953 0
    outer loop
      vertex -211.424 36.5893 0
      vertex -211.491 36.5661 10
      vertex -211.491 36.5661 0
    endloop
  endfacet
  facet normal 0.327207 -0.944953 0
    outer loop
      vertex -211.424 36.5893 0
      vertex -211.424 36.5893 10
      vertex -211.491 36.5661 10
    endloop
  endfacet
  facet normal 0.094026 -0.99557 0
    outer loop
      vertex -211.262 36.6046 0
      vertex -211.424 36.5893 10
      vertex -211.424 36.5893 0
    endloop
  endfacet
  facet normal 0.094026 -0.99557 0
    outer loop
      vertex -211.262 36.6046 0
      vertex -211.262 36.6046 10
      vertex -211.424 36.5893 10
    endloop
  endfacet
  facet normal 0.80703 0.59051 0
    outer loop
      vertex -211.31 36.6702 0
      vertex -211.262 36.6046 10
      vertex -211.262 36.6046 0
    endloop
  endfacet
  facet normal 0.80703 0.59051 -0
    outer loop
      vertex -211.31 36.6702 0
      vertex -211.31 36.6702 10
      vertex -211.262 36.6046 10
    endloop
  endfacet
  facet normal 0.940078 -0.340961 0
    outer loop
      vertex -211.275 36.7667 0
      vertex -211.31 36.6702 10
      vertex -211.31 36.6702 0
    endloop
  endfacet
  facet normal 0.940078 -0.340961 0
    outer loop
      vertex -211.275 36.7667 0
      vertex -211.275 36.7667 10
      vertex -211.31 36.6702 10
    endloop
  endfacet
  facet normal 0.764291 -0.644871 0
    outer loop
      vertex -211.005 37.0867 0
      vertex -211.275 36.7667 10
      vertex -211.275 36.7667 0
    endloop
  endfacet
  facet normal 0.764291 -0.644871 0
    outer loop
      vertex -211.005 37.0867 0
      vertex -211.005 37.0867 10
      vertex -211.275 36.7667 10
    endloop
  endfacet
  facet normal -0.01293 -0.999916 0
    outer loop
      vertex -210.773 37.0837 0
      vertex -211.005 37.0867 10
      vertex -211.005 37.0867 0
    endloop
  endfacet
  facet normal -0.01293 -0.999916 0
    outer loop
      vertex -210.773 37.0837 0
      vertex -210.773 37.0837 10
      vertex -211.005 37.0867 10
    endloop
  endfacet
  facet normal -0.780939 -0.624607 0
    outer loop
      vertex -210.6 36.8674 0
      vertex -210.773 37.0837 10
      vertex -210.773 37.0837 0
    endloop
  endfacet
  facet normal -0.780939 -0.624607 0
    outer loop
      vertex -210.6 36.8674 0
      vertex -210.6 36.8674 10
      vertex -210.773 37.0837 10
    endloop
  endfacet
  facet normal 0.338027 -0.941136 0
    outer loop
      vertex -210.311 36.9712 0
      vertex -210.6 36.8674 10
      vertex -210.6 36.8674 0
    endloop
  endfacet
  facet normal 0.338027 -0.941136 0
    outer loop
      vertex -210.311 36.9712 0
      vertex -210.311 36.9712 10
      vertex -210.6 36.8674 10
    endloop
  endfacet
  facet normal -0.279045 -0.960278 0
    outer loop
      vertex -210.141 36.9218 0
      vertex -210.311 36.9712 10
      vertex -210.311 36.9712 0
    endloop
  endfacet
  facet normal -0.279045 -0.960278 0
    outer loop
      vertex -210.141 36.9218 0
      vertex -210.141 36.9218 10
      vertex -210.311 36.9712 10
    endloop
  endfacet
  facet normal -0.983063 -0.18327 0
    outer loop
      vertex -210.116 36.7877 0
      vertex -210.141 36.9218 10
      vertex -210.141 36.9218 0
    endloop
  endfacet
  facet normal -0.983063 -0.18327 0
    outer loop
      vertex -210.116 36.7877 0
      vertex -210.116 36.7877 10
      vertex -210.141 36.9218 10
    endloop
  endfacet
  facet normal -0.959834 0.280567 0
    outer loop
      vertex -210.173 36.5927 0
      vertex -210.116 36.7877 10
      vertex -210.116 36.7877 0
    endloop
  endfacet
  facet normal -0.959834 0.280567 0
    outer loop
      vertex -210.173 36.5927 0
      vertex -210.173 36.5927 10
      vertex -210.116 36.7877 10
    endloop
  endfacet
  facet normal -0.275398 -0.96133 0
    outer loop
      vertex -209.929 36.5228 0
      vertex -210.173 36.5927 10
      vertex -210.173 36.5927 0
    endloop
  endfacet
  facet normal -0.275398 -0.96133 0
    outer loop
      vertex -209.929 36.5228 0
      vertex -209.929 36.5228 10
      vertex -210.173 36.5927 10
    endloop
  endfacet
  facet normal 0.98052 0.196418 0
    outer loop
      vertex -209.954 36.6476 0
      vertex -209.929 36.5228 10
      vertex -209.929 36.5228 0
    endloop
  endfacet
  facet normal 0.98052 0.196418 -0
    outer loop
      vertex -209.954 36.6476 0
      vertex -209.954 36.6476 10
      vertex -209.929 36.5228 10
    endloop
  endfacet
  facet normal 0.759257 -0.650791 0
    outer loop
      vertex -209.834 36.7876 0
      vertex -209.954 36.6476 10
      vertex -209.954 36.6476 0
    endloop
  endfacet
  facet normal 0.759257 -0.650791 0
    outer loop
      vertex -209.834 36.7876 0
      vertex -209.834 36.7876 10
      vertex -209.954 36.6476 10
    endloop
  endfacet
  facet normal 0.186867 -0.982385 0
    outer loop
      vertex -209.65 36.8226 0
      vertex -209.834 36.7876 10
      vertex -209.834 36.7876 0
    endloop
  endfacet
  facet normal 0.186867 -0.982385 0
    outer loop
      vertex -209.65 36.8226 0
      vertex -209.65 36.8226 10
      vertex -209.834 36.7876 10
    endloop
  endfacet
  facet normal -0.467888 -0.883788 0
    outer loop
      vertex -208.63 36.2826 0
      vertex -209.65 36.8226 10
      vertex -209.65 36.8226 0
    endloop
  endfacet
  facet normal -0.467888 -0.883788 0
    outer loop
      vertex -208.63 36.2826 0
      vertex -208.63 36.2826 10
      vertex -209.65 36.8226 10
    endloop
  endfacet
  facet normal -0.552561 -0.833472 0
    outer loop
      vertex -208.603 36.2647 0
      vertex -208.63 36.2826 10
      vertex -208.63 36.2826 0
    endloop
  endfacet
  facet normal -0.552561 -0.833472 0
    outer loop
      vertex -208.603 36.2647 0
      vertex -208.603 36.2647 10
      vertex -208.63 36.2826 10
    endloop
  endfacet
  facet normal -0.644703 -0.764433 0
    outer loop
      vertex -206.943 34.8647 0
      vertex -208.603 36.2647 10
      vertex -208.603 36.2647 0
    endloop
  endfacet
  facet normal -0.644703 -0.764433 0
    outer loop
      vertex -206.943 34.8647 0
      vertex -206.943 34.8647 10
      vertex -208.603 36.2647 10
    endloop
  endfacet
  facet normal -0.690858 -0.722991 0
    outer loop
      vertex -206.934 34.8561 0
      vertex -206.943 34.8647 10
      vertex -206.943 34.8647 0
    endloop
  endfacet
  facet normal -0.690858 -0.722991 0
    outer loop
      vertex -206.934 34.8561 0
      vertex -206.934 34.8561 10
      vertex -206.943 34.8647 10
    endloop
  endfacet
  facet normal -0.707107 -0.707107 0
    outer loop
      vertex -205.042 32.9641 0
      vertex -206.934 34.8561 10
      vertex -206.934 34.8561 0
    endloop
  endfacet
  facet normal -0.707107 -0.707107 0
    outer loop
      vertex -205.042 32.9641 0
      vertex -205.042 32.9641 10
      vertex -206.934 34.8561 10
    endloop
  endfacet
  facet normal 0.958414 -0.285381 0
    outer loop
      vertex -204.773 33.8675 0
      vertex -205.042 32.9641 10
      vertex -205.042 32.9641 0
    endloop
  endfacet
  facet normal 0.958414 -0.285381 0
    outer loop
      vertex -204.773 33.8675 0
      vertex -204.773 33.8675 10
      vertex -205.042 32.9641 10
    endloop
  endfacet
endsolid OpenSCAD_Model
