solid OpenSCAD_Model
  facet normal 0 0 -1
    outer loop
      vertex 21.148 163.908 0
      vertex 23.4004 166.652 0
      vertex 23.017 165.678 0
    endloop
  endfacet
  facet normal -0 0 -1
    outer loop
      vertex 20.6025 162.315 0
      vertex 18.0691 159.791 0
      vertex 20.5765 162.592 0
    endloop
  endfacet
  facet normal 0 -0 -1
    outer loop
      vertex 14.3428 165.641 0
      vertex 20.6095 162.817 0
      vertex 14.2575 163.403 0
    endloop
  endfacet
  facet normal 0 0 -1
    outer loop
      vertex 20.6025 162.315 0
      vertex 20.5765 162.592 0
      vertex 20.6933 162.457 0
    endloop
  endfacet
  facet normal 0 0 -1
    outer loop
      vertex 23.4004 166.652 0
      vertex 15.6341 169.846 0
      vertex 15.6658 170.065 0
    endloop
  endfacet
  facet normal 0 0 -1
    outer loop
      vertex 20.6095 162.817 0
      vertex 21.148 163.908 0
      vertex 21.0989 163.739 0
    endloop
  endfacet
  facet normal -0 0 -1
    outer loop
      vertex 21.2782 163.242 0
      vertex 20.6095 162.817 0
      vertex 21.0989 163.739 0
    endloop
  endfacet
  facet normal 0 -0 -1
    outer loop
      vertex 11.9884 174.363 0
      vertex 12.1318 172.818 0
      vertex 11.908 174.298 0
    endloop
  endfacet
  facet normal 0 0 -1
    outer loop
      vertex 20.4745 183.846 0
      vertex 19.2849 180.993 0
      vertex 19.239 183.208 0
    endloop
  endfacet
  facet normal 0 0 -1
    outer loop
      vertex 21.3493 163.893 0
      vertex 22.9603 165.55 0
      vertex 23.0277 164.539 0
    endloop
  endfacet
  facet normal 0 0 -1
    outer loop
      vertex 21.9162 163.29 0
      vertex 21.3493 163.893 0
      vertex 22.5136 163.465 0
    endloop
  endfacet
  facet normal 0 0 -1
    outer loop
      vertex 25.8128 165.851 0
      vertex 24.187 164.225 0
      vertex 23.8078 165.028 0
    endloop
  endfacet
  facet normal 0 0 -1
    outer loop
      vertex 21.3493 163.893 0
      vertex 23.0277 164.539 0
      vertex 22.5136 163.465 0
    endloop
  endfacet
  facet normal 0 0 -1
    outer loop
      vertex 26.0667 164.562 0
      vertex 25.4047 163.79 0
      vertex 25.3026 163.894 0
    endloop
  endfacet
  facet normal 0 0 -1
    outer loop
      vertex 21.148 163.908 0
      vertex 22.9603 165.55 0
      vertex 21.3493 163.893 0
    endloop
  endfacet
  facet normal -0 0 -1
    outer loop
      vertex 27.2792 172.354 0
      vertex 27.1748 172.172 0
      vertex 26.9005 175.437 0
    endloop
  endfacet
  facet normal 0 0 -1
    outer loop
      vertex 21.148 163.908 0
      vertex 23.017 165.678 0
      vertex 22.9603 165.55 0
    endloop
  endfacet
  facet normal 0 0 -1
    outer loop
      vertex 25.3026 163.894 0
      vertex 24.187 164.225 0
      vertex 26.0667 164.562 0
    endloop
  endfacet
  facet normal 0 0 -1
    outer loop
      vertex 23.017 165.678 0
      vertex 23.4004 166.652 0
      vertex 23.3455 165.937 0
    endloop
  endfacet
  facet normal -0 0 -1
    outer loop
      vertex 25.8241 165.943 0
      vertex 25.8128 165.851 0
      vertex 23.6997 166.65 0
    endloop
  endfacet
  facet normal 0 0 -1
    outer loop
      vertex 18.0242 180.214 0
      vertex 17.1732 179.525 0
      vertex 17.24 179.649 0
    endloop
  endfacet
  facet normal -0 0 -1
    outer loop
      vertex 26.0667 164.562 0
      vertex 24.187 164.225 0
      vertex 25.8128 165.851 0
    endloop
  endfacet
  facet normal 0 0 -1
    outer loop
      vertex 27.6074 168.222 0
      vertex 26.9481 167.415 0
      vertex 26.4638 167.219 0
    endloop
  endfacet
  facet normal 0 0 -1
    outer loop
      vertex 25.4047 163.79 0
      vertex 25.745 163.109 0
      vertex 25.5983 163.082 0
    endloop
  endfacet
  facet normal 0 0 -1
    outer loop
      vertex 25.4047 163.79 0
      vertex 26.0667 164.562 0
      vertex 25.745 163.109 0
    endloop
  endfacet
  facet normal 0 -0 -1
    outer loop
      vertex 55.5017 221.647 0
      vertex 55.5811 221.537 0
      vertex 52.0474 220.878 0
    endloop
  endfacet
  facet normal 0 0 -1
    outer loop
      vertex 23.6997 166.65 0
      vertex 25.8128 165.851 0
      vertex 23.8078 165.028 0
    endloop
  endfacet
  facet normal 0 0 -1
    outer loop
      vertex 24.0593 183.955 0
      vertex 26.5345 183.164 0
      vertex 26.5278 183.052 0
    endloop
  endfacet
  facet normal 0 0 -1
    outer loop
      vertex 26.3841 167.143 0
      vertex 25.8241 165.943 0
      vertex 23.6997 166.65 0
    endloop
  endfacet
  facet normal 0 0 -1
    outer loop
      vertex 23.5147 166.786 0
      vertex 26.3841 167.143 0
      vertex 23.6997 166.65 0
    endloop
  endfacet
  facet normal 0 0 -1
    outer loop
      vertex 23.5147 166.786 0
      vertex 26.4638 167.219 0
      vertex 26.3841 167.143 0
    endloop
  endfacet
  facet normal 0 0 -1
    outer loop
      vertex 27.8172 169.692 0
      vertex 27.6074 168.222 0
      vertex 26.4638 167.219 0
    endloop
  endfacet
  facet normal 0 0 -1
    outer loop
      vertex 23.5147 166.786 0
      vertex 27.8172 169.692 0
      vertex 26.4638 167.219 0
    endloop
  endfacet
  facet normal 0 0 -1
    outer loop
      vertex 40.21 211.718 0
      vertex 39.1378 211.022 0
      vertex 39.1241 211.197 0
    endloop
  endfacet
  facet normal 0 0 -1
    outer loop
      vertex 23.5147 166.786 0
      vertex 27.1748 172.172 0
      vertex 27.8172 169.692 0
    endloop
  endfacet
  facet normal 0 0 -1
    outer loop
      vertex 17.1374 179.792 0
      vertex 18.0242 180.214 0
      vertex 17.24 179.649 0
    endloop
  endfacet
  facet normal 0 0 -1
    outer loop
      vertex 27.2792 172.354 0
      vertex 28.4527 173.779 0
      vertex 28.1183 172.591 0
    endloop
  endfacet
  facet normal 0 0 -1
    outer loop
      vertex 27.2792 172.354 0
      vertex 26.9005 175.437 0
      vertex 28.4527 173.779 0
    endloop
  endfacet
  facet normal 0 0 -1
    outer loop
      vertex 30.1953 189.686 0
      vertex 25.9481 190.717 0
      vertex 27.823 192.182 0
    endloop
  endfacet
  facet normal 0 0 -1
    outer loop
      vertex 19.2776 180.817 0
      vertex 26.77 179.679 0
      vertex 26.7758 179.639 0
    endloop
  endfacet
  facet normal 0 0 -1
    outer loop
      vertex 26.76 181.269 0
      vertex 23.9035 183.79 0
      vertex 26.7814 181.347 0
    endloop
  endfacet
  facet normal 0 0 -1
    outer loop
      vertex 21.8501 185.184 0
      vertex 24.1925 185.599 0
      vertex 22.3046 184.356 0
    endloop
  endfacet
  facet normal 0 0 -1
    outer loop
      vertex 21.8501 185.184 0
      vertex 24.1311 186.159 0
      vertex 24.1925 185.599 0
    endloop
  endfacet
  facet normal 0 0 -1
    outer loop
      vertex 26.5278 183.052 0
      vertex 23.9035 183.79 0
      vertex 24.0593 183.955 0
    endloop
  endfacet
  facet normal 0 0 -1
    outer loop
      vertex 29.2832 198.607 0
      vertex 29.192 199.527 0
      vertex 31.1632 198.948 0
    endloop
  endfacet
  facet normal 0 0 -1
    outer loop
      vertex 26.7814 181.347 0
      vertex 26.5278 183.052 0
      vertex 26.9858 181.688 0
    endloop
  endfacet
  facet normal 0 0 -1
    outer loop
      vertex 36.3979 207.875 0
      vertex 37.1922 208.034 0
      vertex 37.1559 207.972 0
    endloop
  endfacet
  facet normal -0 0 -1
    outer loop
      vertex 28.3722 186.788 0
      vertex 25.5458 186.783 0
      vertex 25.9481 190.717 0
    endloop
  endfacet
  facet normal 0 0 -1
    outer loop
      vertex 26.5345 183.164 0
      vertex 26.9117 184.587 0
      vertex 26.9847 184.113 0
    endloop
  endfacet
  facet normal 0 0 -1
    outer loop
      vertex 30.1953 189.686 0
      vertex 29.2822 187.168 0
      vertex 28.3722 186.788 0
    endloop
  endfacet
  facet normal 0 0 -1
    outer loop
      vertex 30.2499 189.493 0
      vertex 29.3672 187.178 0
      vertex 29.2822 187.168 0
    endloop
  endfacet
  facet normal -0 -0 -1
    outer loop
      vertex 31.142 188.93 0
      vertex 31.2874 187.975 0
      vertex 30.2499 189.493 0
    endloop
  endfacet
  facet normal 0 0 -1
    outer loop
      vertex 29.3672 187.178 0
      vertex 31.1085 187.184 0
      vertex 30.9417 186.887 0
    endloop
  endfacet
  facet normal 0 0 -1
    outer loop
      vertex 29.3672 187.178 0
      vertex 31.2874 187.975 0
      vertex 31.1085 187.184 0
    endloop
  endfacet
  facet normal 0 -0 -1
    outer loop
      vertex 30.2499 189.493 0
      vertex 31.2874 187.975 0
      vertex 29.3672 187.178 0
    endloop
  endfacet
  facet normal 0 -0 -1
    outer loop
      vertex 30.1953 189.686 0
      vertex 30.2499 189.493 0
      vertex 29.2822 187.168 0
    endloop
  endfacet
  facet normal 0 0 -1
    outer loop
      vertex 32.0344 193.444 0
      vertex 28.8291 193.524 0
      vertex 28.7872 193.722 0
    endloop
  endfacet
  facet normal 0 0 -1
    outer loop
      vertex 34.1463 199.955 0
      vertex 31.1561 201.517 0
      vertex 32.8539 203.701 0
    endloop
  endfacet
  facet normal 0 0 -1
    outer loop
      vertex 32.8539 203.701 0
      vertex 31.1561 201.517 0
      vertex 31.1219 201.69 0
    endloop
  endfacet
  facet normal 0 -0 -1
    outer loop
      vertex 34.1485 207.938 0
      vertex 34.2691 207.928 0
      vertex 34.1093 207.272 0
    endloop
  endfacet
  facet normal 0 0 -1
    outer loop
      vertex 34.7996 204.751 0
      vertex 34.7629 205.255 0
      vertex 35.7026 205.12 0
    endloop
  endfacet
  facet normal 0 -0 -1
    outer loop
      vertex 34.1214 199.85 0
      vertex 34.2495 198.916 0
      vertex 33.3569 198.231 0
    endloop
  endfacet
  facet normal 0 0 -1
    outer loop
      vertex 31.1561 201.517 0
      vertex 34.1214 199.85 0
      vertex 31.3221 198.871 0
    endloop
  endfacet
  facet normal 0 0 -1
    outer loop
      vertex 38.7611 213.269 0
      vertex 38.7119 211.59 0
      vertex 38.1811 212.629 0
    endloop
  endfacet
  facet normal 0 -0 -1
    outer loop
      vertex 30.9698 202.465 0
      vertex 31.1219 201.69 0
      vertex 30.9226 202.415 0
    endloop
  endfacet
  facet normal 0 0 -1
    outer loop
      vertex 35.7026 205.12 0
      vertex 34.7629 205.255 0
      vertex 35.6974 205.226 0
    endloop
  endfacet
  facet normal 0 0 -1
    outer loop
      vertex 40.2849 215.45 0
      vertex 41.8975 216.431 0
      vertex 42.3733 211.646 0
    endloop
  endfacet
  facet normal 0 -0 -1
    outer loop
      vertex 33.6714 208.197 0
      vertex 33.9338 207.289 0
      vertex 33.0375 207.366 0
    endloop
  endfacet
  facet normal 0 0 -1
    outer loop
      vertex 37.1156 212.208 0
      vertex 36.9603 211.496 0
      vertex 36.8649 211.74 0
    endloop
  endfacet
  facet normal 0 -0 -1
    outer loop
      vertex 35.4873 209.682 0
      vertex 36.1076 207.803 0
      vertex 34.8288 208.499 0
    endloop
  endfacet
  facet normal 0 0 -1
    outer loop
      vertex 38.3922 209.274 0
      vertex 36.5605 209.016 0
      vertex 36.5394 209.193 0
    endloop
  endfacet
  facet normal 0 0 -1
    outer loop
      vertex 39.4575 215.125 0
      vertex 40.2849 215.45 0
      vertex 40.7033 212.026 0
    endloop
  endfacet
  facet normal 0 0 -1
    outer loop
      vertex 37.1922 208.034 0
      vertex 36.2868 208.532 0
      vertex 36.5605 209.016 0
    endloop
  endfacet
  facet normal 0 0 -1
    outer loop
      vertex 42.3733 211.646 0
      vertex 41.8975 216.431 0
      vertex 44.5653 214.674 0
    endloop
  endfacet
  facet normal 0 -0 -1
    outer loop
      vertex 47.0102 220.091 0
      vertex 48.6263 219.662 0
      vertex 46.2284 217.938 0
    endloop
  endfacet
  facet normal 0 -0 -1
    outer loop
      vertex 44.2982 211.674 0
      vertex 44.3339 210.86 0
      vertex 42.3959 211.639 0
    endloop
  endfacet
  facet normal 0 0 -1
    outer loop
      vertex 38.5803 209.297 0
      vertex 40.2395 209.769 0
      vertex 39.7397 208.562 0
    endloop
  endfacet
  facet normal 0 -0 -1
    outer loop
      vertex 38.1811 212.629 0
      vertex 38.7119 211.59 0
      vertex 38.0836 212.581 0
    endloop
  endfacet
  facet normal 0 0 -1
    outer loop
      vertex 44.5956 214.848 0
      vertex 44.5989 216.624 0
      vertex 44.6868 214.889 0
    endloop
  endfacet
  facet normal 0 0 -1
    outer loop
      vertex 42.1461 216.604 0
      vertex 43.5001 217.276 0
      vertex 43.6565 217.12 0
    endloop
  endfacet
  facet normal 0 0 -1
    outer loop
      vertex 42.3959 211.639 0
      vertex 42.3733 211.646 0
      vertex 44.5653 214.674 0
    endloop
  endfacet
  facet normal -0 0 -1
    outer loop
      vertex 44.2982 211.674 0
      vertex 42.3959 211.639 0
      vertex 44.26 211.89 0
    endloop
  endfacet
  facet normal 0 0 -1
    outer loop
      vertex 44.2982 211.674 0
      vertex 44.7576 211.376 0
      vertex 44.3339 210.86 0
    endloop
  endfacet
  facet normal -0 0 -1
    outer loop
      vertex 44.26 211.89 0
      vertex 42.3959 211.639 0
      vertex 44.8406 212.664 0
    endloop
  endfacet
  facet normal 0 0 -1
    outer loop
      vertex 46.7147 216.066 0
      vertex 46.1878 217.766 0
      vertex 47.1647 216.436 0
    endloop
  endfacet
  facet normal 0 0 -1
    outer loop
      vertex 44.8406 212.664 0
      vertex 44.5653 214.674 0
      vertex 45.0621 213.661 0
    endloop
  endfacet
  facet normal -0 0 -1
    outer loop
      vertex 44.8406 212.664 0
      vertex 42.3959 211.639 0
      vertex 44.5653 214.674 0
    endloop
  endfacet
  facet normal 0 0 -1
    outer loop
      vertex 44.5653 214.674 0
      vertex 42.0161 216.474 0
      vertex 44.5956 214.848 0
    endloop
  endfacet
  facet normal 0 0 -1
    outer loop
      vertex 44.5956 214.848 0
      vertex 43.6565 217.12 0
      vertex 44.4589 216.714 0
    endloop
  endfacet
  facet normal 0 0 -1
    outer loop
      vertex 46.0536 217.734 0
      vertex 46.1878 217.766 0
      vertex 46.7147 216.066 0
    endloop
  endfacet
  facet normal 0 0 -1
    outer loop
      vertex 48.8633 219.675 0
      vertex 48.1184 216.398 0
      vertex 47.99 216.47 0
    endloop
  endfacet
  facet normal 0 0 -1
    outer loop
      vertex 46.66 215.95 0
      vertex 44.8046 216.667 0
      vertex 46.7147 216.066 0
    endloop
  endfacet
  facet normal 0 0 -1
    outer loop
      vertex 44.6868 214.889 0
      vertex 45.8214 215.117 0
      vertex 45.7407 214.983 0
    endloop
  endfacet
  facet normal 0 0 -1
    outer loop
      vertex 61.3839 228.07 0
      vertex 61.3322 226.377 0
      vertex 60.7089 227.253 0
    endloop
  endfacet
  facet normal 0 0 -1
    outer loop
      vertex 45.9791 215.187 0
      vertex 46.66 215.95 0
      vertex 46.66 215.053 0
    endloop
  endfacet
  facet normal 0 0 -1
    outer loop
      vertex 66.4916 221.742 0
      vertex 65.9728 225.125 0
      vertex 67.1173 224.392 0
    endloop
  endfacet
  facet normal 0 0 -1
    outer loop
      vertex 48.1184 216.398 0
      vertex 48.8633 219.675 0
      vertex 51.9721 220.718 0
    endloop
  endfacet
  facet normal 0 0 -1
    outer loop
      vertex 48.5954 221.427 0
      vertex 48.5435 221.507 0
      vertex 49.5827 222.541 0
    endloop
  endfacet
  facet normal 0 0 -1
    outer loop
      vertex 55.4077 212.292 0
      vertex 53.081 213.542 0
      vertex 55.9673 213.556 0
    endloop
  endfacet
  facet normal 0 0 -1
    outer loop
      vertex 51.8121 212.607 0
      vertex 49.7041 213.762 0
      vertex 52.8808 213.486 0
    endloop
  endfacet
  facet normal -0 0 -1
    outer loop
      vertex 52.5743 212.966 0
      vertex 51.8121 212.607 0
      vertex 52.8808 213.486 0
    endloop
  endfacet
  facet normal -0 0 -1
    outer loop
      vertex 55.6196 212.484 0
      vertex 55.4077 212.292 0
      vertex 55.9673 213.556 0
    endloop
  endfacet
  facet normal 0 0 -1
    outer loop
      vertex 67.0354 225.02 0
      vertex 66.1492 225.097 0
      vertex 66.7618 225.416 0
    endloop
  endfacet
  facet normal 0 0 -1
    outer loop
      vertex 49.7041 213.762 0
      vertex 51.8121 212.607 0
      vertex 49.9192 213.018 0
    endloop
  endfacet
  facet normal 0 0 -1
    outer loop
      vertex 52.8808 213.486 0
      vertex 49.7041 213.762 0
      vertex 49.6884 213.798 0
    endloop
  endfacet
  facet normal 0 0 -1
    outer loop
      vertex 48.1184 216.398 0
      vertex 52.8808 213.486 0
      vertex 49.6884 213.798 0
    endloop
  endfacet
  facet normal -0 0 -1
    outer loop
      vertex 57.1149 216.418 0
      vertex 53.081 213.542 0
      vertex 51.9721 220.718 0
    endloop
  endfacet
  facet normal 0 0 -1
    outer loop
      vertex 65.9728 225.125 0
      vertex 66.9907 224.554 0
      vertex 67.1173 224.392 0
    endloop
  endfacet
  facet normal -0 0 -1
    outer loop
      vertex 55.9673 213.556 0
      vertex 53.081 213.542 0
      vertex 56.0358 213.64 0
    endloop
  endfacet
  facet normal 0 0 -1
    outer loop
      vertex 56.0358 213.64 0
      vertex 57.0709 214.594 0
      vertex 56.7226 214.031 0
    endloop
  endfacet
  facet normal 0 0 -1
    outer loop
      vertex 56.0358 213.64 0
      vertex 57.11 216.383 0
      vertex 57.0709 214.594 0
    endloop
  endfacet
  facet normal -0 0 -1
    outer loop
      vertex 56.0358 213.64 0
      vertex 53.081 213.542 0
      vertex 57.11 216.383 0
    endloop
  endfacet
  facet normal -0 0 -1
    outer loop
      vertex 57.11 216.383 0
      vertex 53.081 213.542 0
      vertex 57.1149 216.418 0
    endloop
  endfacet
  facet normal 0 0 -1
    outer loop
      vertex 57.1149 216.418 0
      vertex 55.5811 221.537 0
      vertex 57.7949 219.008 0
    endloop
  endfacet
  facet normal -0 0 -1
    outer loop
      vertex 67.0354 225.02 0
      vertex 66.9907 224.554 0
      vertex 66.1492 225.097 0
    endloop
  endfacet
  facet normal 0 0 -1
    outer loop
      vertex 57.7949 219.008 0
      vertex 55.5811 221.537 0
      vertex 55.7554 221.563 0
    endloop
  endfacet
  facet normal 0 0 -1
    outer loop
      vertex 56.5954 222.393 0
      vertex 56.6381 222.476 0
      vertex 58.8272 220.496 0
    endloop
  endfacet
  facet normal 0 0 -1
    outer loop
      vertex 56.6381 222.476 0
      vertex 58.9932 223.528 0
      vertex 58.9568 220.56 0
    endloop
  endfacet
  facet normal -0 0 -1
    outer loop
      vertex 61.8734 225.36 0
      vertex 60.1246 224.28 0
      vertex 60.5477 225.815 0
    endloop
  endfacet
  facet normal 0 0 -1
    outer loop
      vertex 63.9787 222.059 0
      vertex 63.7178 225.925 0
      vertex 65.9728 225.125 0
    endloop
  endfacet
  facet normal -0 0 -1
    outer loop
      vertex 62.5003 222.59 0
      vertex 61.5703 221.5 0
      vertex 60.0696 224.2 0
    endloop
  endfacet
  facet normal -0 0 -1
    outer loop
      vertex 63.8615 221.539 0
      vertex 62.1001 221.45 0
      vertex 63.8115 221.889 0
    endloop
  endfacet
  facet normal 0 0 -1
    outer loop
      vertex 67.7651 219.132 0
      vertex 67.8533 219.47 0
      vertex 68.4684 219.42 0
    endloop
  endfacet
  facet normal 0 0 -1
    outer loop
      vertex 66.8712 218.599 0
      vertex 65.9612 219.163 0
      vertex 66.8312 218.993 0
    endloop
  endfacet
  facet normal -0 0 -1
    outer loop
      vertex 66.8712 218.599 0
      vertex 65.332 217.628 0
      vertex 65.9612 219.163 0
    endloop
  endfacet
  facet normal 0 0 -1
    outer loop
      vertex 66.8712 218.599 0
      vertex 66.7208 217.415 0
      vertex 65.332 217.628 0
    endloop
  endfacet
  facet normal -0 0 -1
    outer loop
      vertex 66.7208 217.415 0
      vertex 65.2379 216.602 0
      vertex 65.3196 217.504 0
    endloop
  endfacet
  facet normal 0 0 -1
    outer loop
      vertex 68.566 218.737 0
      vertex 67.6288 219.02 0
      vertex 67.7651 219.132 0
    endloop
  endfacet
  facet normal -0 0 -1
    outer loop
      vertex 64.7799 215.306 0
      vertex 64.4502 215.019 0
      vertex 64.2616 215.689 0
    endloop
  endfacet
  facet normal 0 0 -1
    outer loop
      vertex 65.1671 216.516 0
      vertex 64.7799 215.306 0
      vertex 64.2616 215.689 0
    endloop
  endfacet
  facet normal 0 0 -1
    outer loop
      vertex 65.3196 217.504 0
      vertex 65.1671 216.516 0
      vertex 64.2616 215.689 0
    endloop
  endfacet
  facet normal 0 0 -1
    outer loop
      vertex 65.3196 217.504 0
      vertex 65.2379 216.602 0
      vertex 65.1671 216.516 0
    endloop
  endfacet
  facet normal 0 -0 -1
    outer loop
      vertex 65.332 217.628 0
      vertex 66.7208 217.415 0
      vertex 65.3196 217.504 0
    endloop
  endfacet
  facet normal 0 0 -1
    outer loop
      vertex 67.0013 219.09 0
      vertex 67.2105 219.679 0
      vertex 67.4846 219.105 0
    endloop
  endfacet
  facet normal -0 0 -1
    outer loop
      vertex 67.6017 222.354 0
      vertex 66.4916 221.742 0
      vertex 67.1173 224.392 0
    endloop
  endfacet
  facet normal 0 0 -1
    outer loop
      vertex 67.0013 219.09 0
      vertex 67.4846 219.105 0
      vertex 67.0832 218.716 0
    endloop
  endfacet
  facet normal 0 0 -1
    outer loop
      vertex 64.8371 218.969 0
      vertex 65.8414 219.289 0
      vertex 64.902 218.888 0
    endloop
  endfacet
  facet normal -0 0 -1
    outer loop
      vertex 65.6432 220.705 0
      vertex 63.2424 219.924 0
      vertex 63.9515 221.422 0
    endloop
  endfacet
  facet normal 0 0 -1
    outer loop
      vertex 64.902 218.888 0
      vertex 65.9612 219.163 0
      vertex 65.332 217.628 0
    endloop
  endfacet
  facet normal 0 0 -1
    outer loop
      vertex 67.7651 219.132 0
      vertex 68.4684 219.42 0
      vertex 68.566 218.737 0
    endloop
  endfacet
  facet normal 0 0 -1
    outer loop
      vertex 67.0832 218.716 0
      vertex 67.6288 219.02 0
      vertex 68.337 218.134 0
    endloop
  endfacet
  facet normal 0 0 -1
    outer loop
      vertex 67.6288 219.02 0
      vertex 68.566 218.737 0
      vertex 68.337 218.134 0
    endloop
  endfacet
  facet normal 0 0 -1
    outer loop
      vertex 67.0832 218.716 0
      vertex 67.4846 219.105 0
      vertex 67.6288 219.02 0
    endloop
  endfacet
  facet normal 0 0 -1
    outer loop
      vertex 64.8371 218.969 0
      vertex 63.2424 219.924 0
      vertex 65.6432 220.705 0
    endloop
  endfacet
  facet normal 0 0 -1
    outer loop
      vertex 66.8312 218.993 0
      vertex 67.0013 219.09 0
      vertex 67.0832 218.716 0
    endloop
  endfacet
  facet normal 0 0 -1
    outer loop
      vertex 64.902 218.888 0
      vertex 65.8414 219.289 0
      vertex 65.9612 219.163 0
    endloop
  endfacet
  facet normal 0 0 -1
    outer loop
      vertex 66.8712 218.599 0
      vertex 66.8312 218.993 0
      vertex 67.0832 218.716 0
    endloop
  endfacet
  facet normal 0 0 -1
    outer loop
      vertex 64.8371 218.969 0
      vertex 65.6432 220.705 0
      vertex 65.8414 219.289 0
    endloop
  endfacet
  facet normal -0 0 -1
    outer loop
      vertex 63.9515 221.422 0
      vertex 63.2424 219.924 0
      vertex 63.8615 221.539 0
    endloop
  endfacet
  facet normal 0 0 -1
    outer loop
      vertex 67.6017 222.354 0
      vertex 67.1721 221.906 0
      vertex 66.4916 221.742 0
    endloop
  endfacet
  facet normal 0 0 -1
    outer loop
      vertex 63.8615 221.539 0
      vertex 63.2424 219.924 0
      vertex 62.1001 221.45 0
    endloop
  endfacet
  facet normal 0 0 -1
    outer loop
      vertex 63.8115 221.889 0
      vertex 62.6572 222.43 0
      vertex 62.7947 222.541 0
    endloop
  endfacet
  facet normal -0 0 -1
    outer loop
      vertex 63.9787 222.059 0
      vertex 63.8115 221.889 0
      vertex 62.7947 222.541 0
    endloop
  endfacet
  facet normal 0 0 -1
    outer loop
      vertex 65.9728 225.125 0
      vertex 63.7178 225.925 0
      vertex 64.6049 226.522 0
    endloop
  endfacet
  facet normal 0 -0 -1
    outer loop
      vertex 68.582 223.53 0
      vertex 68.6066 222.843 0
      vertex 67.6455 222.385 0
    endloop
  endfacet
  facet normal 0 -0 -1
    outer loop
      vertex 19.1452 184.512 0
      vertex 19.2467 183.801 0
      vertex 19.1288 183.917 0
    endloop
  endfacet
  facet normal -0 0 -1
    outer loop
      vertex 67.6455 222.385 0
      vertex 67.6017 222.354 0
      vertex 67.1173 224.392 0
    endloop
  endfacet
  facet normal -0 0 -1
    outer loop
      vertex 68.582 223.53 0
      vertex 67.6455 222.385 0
      vertex 67.9144 224.27 0
    endloop
  endfacet
  facet normal -0 0 -1
    outer loop
      vertex 67.9144 224.27 0
      vertex 67.6455 222.385 0
      vertex 67.1173 224.392 0
    endloop
  endfacet
  facet normal 0 0 -1
    outer loop
      vertex 65.9728 225.125 0
      vertex 66.1492 225.097 0
      vertex 66.9907 224.554 0
    endloop
  endfacet
  facet normal 0 0 -1
    outer loop
      vertex 66.4916 221.742 0
      vertex 63.9787 222.059 0
      vertex 65.9728 225.125 0
    endloop
  endfacet
  facet normal 0 0 -1
    outer loop
      vertex 63.7178 225.925 0
      vertex 64.1462 226.537 0
      vertex 64.6049 226.522 0
    endloop
  endfacet
  facet normal 0 0 -1
    outer loop
      vertex 61.9893 221.51 0
      vertex 62.6572 222.43 0
      vertex 62.1001 221.45 0
    endloop
  endfacet
  facet normal 0 0 -1
    outer loop
      vertex 62.6776 225.338 0
      vertex 62.5003 222.59 0
      vertex 62.0374 225.295 0
    endloop
  endfacet
  facet normal -0 0 -1
    outer loop
      vertex 62.0374 225.295 0
      vertex 60.1246 224.28 0
      vertex 61.8734 225.36 0
    endloop
  endfacet
  facet normal 0 0 -1
    outer loop
      vertex 61.8918 225.544 0
      vertex 61.2129 226.14 0
      vertex 61.3305 226.201 0
    endloop
  endfacet
  facet normal -0 0 -1
    outer loop
      vertex 62.6776 225.338 0
      vertex 62.0374 225.295 0
      vertex 62.6219 225.445 0
    endloop
  endfacet
  facet normal 0 0 -1
    outer loop
      vertex 61.9893 221.51 0
      vertex 62.5003 222.59 0
      vertex 62.6572 222.43 0
    endloop
  endfacet
  facet normal 0 -0 -1
    outer loop
      vertex 62.6572 222.43 0
      vertex 63.8115 221.889 0
      vertex 62.1001 221.45 0
    endloop
  endfacet
  facet normal 0 0 -1
    outer loop
      vertex 62.7947 222.541 0
      vertex 63.7178 225.925 0
      vertex 63.9787 222.059 0
    endloop
  endfacet
  facet normal 0 0 -1
    outer loop
      vertex 62.5003 222.59 0
      vertex 61.9893 221.51 0
      vertex 61.6693 221.53 0
    endloop
  endfacet
  facet normal 0 0 -1
    outer loop
      vertex 61.5703 221.5 0
      vertex 62.5003 222.59 0
      vertex 61.6693 221.53 0
    endloop
  endfacet
  facet normal 0 -0 -1
    outer loop
      vertex 61.2129 226.14 0
      vertex 61.8734 225.36 0
      vertex 60.5477 225.815 0
    endloop
  endfacet
  facet normal 0 0 -1
    outer loop
      vertex 62.808 226.499 0
      vertex 61.3305 226.201 0
      vertex 61.3322 226.377 0
    endloop
  endfacet
  facet normal 0 0 -1
    outer loop
      vertex 62.808 226.499 0
      vertex 61.8918 225.544 0
      vertex 61.3305 226.201 0
    endloop
  endfacet
  facet normal 0 -0 -1
    outer loop
      vertex 61.3839 228.07 0
      vertex 62.4689 227.774 0
      vertex 61.3322 226.377 0
    endloop
  endfacet
  facet normal 0 0 -1
    outer loop
      vertex 62.808 226.499 0
      vertex 62.4689 227.774 0
      vertex 62.9301 227.388 0
    endloop
  endfacet
  facet normal 0 0 -1
    outer loop
      vertex 58.9932 223.528 0
      vertex 56.6381 222.476 0
      vertex 56.7438 223.139 0
    endloop
  endfacet
  facet normal 0 -0 -1
    outer loop
      vertex 58.4123 226.052 0
      vertex 58.9065 225.282 0
      vertex 56.7438 223.139 0
    endloop
  endfacet
  facet normal 0 -0 -1
    outer loop
      vertex 54.4084 225.658 0
      vertex 56.033 226.445 0
      vertex 54.3994 225.524 0
    endloop
  endfacet
  facet normal 0 0 -1
    outer loop
      vertex 60.1246 224.28 0
      vertex 62.0374 225.295 0
      vertex 62.5003 222.59 0
    endloop
  endfacet
  facet normal -0 0 -1
    outer loop
      vertex 62.808 226.499 0
      vertex 61.3322 226.377 0
      vertex 62.4689 227.774 0
    endloop
  endfacet
  facet normal 0 0 -1
    outer loop
      vertex 60.5477 225.815 0
      vertex 60.7691 226.131 0
      vertex 61.2129 226.14 0
    endloop
  endfacet
  facet normal -0 0 -1
    outer loop
      vertex 61.8918 225.544 0
      vertex 61.8734 225.36 0
      vertex 61.2129 226.14 0
    endloop
  endfacet
  facet normal 0 0 -1
    outer loop
      vertex 59.1696 223.53 0
      vertex 61.5703 221.5 0
      vertex 60.2332 220.502 0
    endloop
  endfacet
  facet normal -0 0 -1
    outer loop
      vertex 58.9568 220.56 0
      vertex 58.8272 220.496 0
      vertex 56.6381 222.476 0
    endloop
  endfacet
  facet normal 0 -0 -1
    outer loop
      vertex 60.0696 224.2 0
      vertex 61.5703 221.5 0
      vertex 59.1696 223.53 0
    endloop
  endfacet
  facet normal 0 -0 -1
    outer loop
      vertex 60.1246 224.28 0
      vertex 62.5003 222.59 0
      vertex 60.0696 224.2 0
    endloop
  endfacet
  facet normal 0 0 -1
    outer loop
      vertex 60.2332 220.502 0
      vertex 58.9568 220.56 0
      vertex 59.1696 223.53 0
    endloop
  endfacet
  facet normal -0 0 -1
    outer loop
      vertex 58.9932 223.528 0
      vertex 56.7438 223.139 0
      vertex 58.9305 223.663 0
    endloop
  endfacet
  facet normal 0 0 -1
    outer loop
      vertex 59.1696 223.53 0
      vertex 58.9568 220.56 0
      vertex 58.9932 223.528 0
    endloop
  endfacet
  facet normal 0 0 -1
    outer loop
      vertex 58.9065 225.282 0
      vertex 59.0551 225.11 0
      vertex 58.9305 223.663 0
    endloop
  endfacet
  facet normal -0 -0 -1
    outer loop
      vertex 58.8769 225.425 0
      vertex 58.9065 225.282 0
      vertex 58.4123 226.052 0
    endloop
  endfacet
  facet normal 0 -0 -1
    outer loop
      vertex 58.9065 225.282 0
      vertex 58.9305 223.663 0
      vertex 56.7438 223.139 0
    endloop
  endfacet
  facet normal -0 0 -1
    outer loop
      vertex 59.2537 226.623 0
      vertex 58.4123 226.052 0
      vertex 59.1774 226.904 0
    endloop
  endfacet
  facet normal 0 0 -1
    outer loop
      vertex 57.06 226.558 0
      vertex 55.8863 224.248 0
      vertex 56.2567 226.456 0
    endloop
  endfacet
  facet normal 0 0 -1
    outer loop
      vertex 51.903 221.638 0
      vertex 52.0912 222.523 0
      vertex 55.5017 221.647 0
    endloop
  endfacet
  facet normal 0 0 -1
    outer loop
      vertex 58.4123 226.052 0
      vertex 59.2537 226.623 0
      vertex 58.8769 225.425 0
    endloop
  endfacet
  facet normal 0 0 -1
    outer loop
      vertex 51.903 221.638 0
      vertex 55.5017 221.647 0
      vertex 52.0474 220.878 0
    endloop
  endfacet
  facet normal 0 -0 -1
    outer loop
      vertex 56.5954 222.393 0
      vertex 58.8272 220.496 0
      vertex 55.7554 221.563 0
    endloop
  endfacet
  facet normal 0 0 -1
    outer loop
      vertex 55.3917 222.367 0
      vertex 52.6902 223.473 0
      vertex 55.3951 222.429 0
    endloop
  endfacet
  facet normal 0 0 -1
    outer loop
      vertex 55.7554 221.563 0
      vertex 58.8272 220.496 0
      vertex 57.8172 219.056 0
    endloop
  endfacet
  facet normal 0 0 -1
    outer loop
      vertex 57.7949 219.008 0
      vertex 55.7554 221.563 0
      vertex 57.8172 219.056 0
    endloop
  endfacet
  facet normal 0 0 -1
    outer loop
      vertex 55.3951 222.429 0
      vertex 52.6902 223.473 0
      vertex 53.5042 224.026 0
    endloop
  endfacet
  facet normal 0 -0 -1
    outer loop
      vertex 54.3994 225.524 0
      vertex 55.8751 224.219 0
      vertex 53.5494 224.074 0
    endloop
  endfacet
  facet normal 0 0 -1
    outer loop
      vertex 56.033 226.445 0
      vertex 54.4084 225.658 0
      vertex 54.0912 226.419 0
    endloop
  endfacet
  facet normal 0 0 -1
    outer loop
      vertex 56.2567 226.456 0
      vertex 56.5583 226.829 0
      vertex 57.06 226.558 0
    endloop
  endfacet
  facet normal -0 0 -1
    outer loop
      vertex 56.033 226.445 0
      vertex 54.0912 226.419 0
      vertex 54.887 227.495 0
    endloop
  endfacet
  facet normal 0 0 -1
    outer loop
      vertex 55.8751 224.219 0
      vertex 54.3994 225.524 0
      vertex 55.8863 224.248 0
    endloop
  endfacet
  facet normal 0 0 -1
    outer loop
      vertex 55.3951 222.429 0
      vertex 53.5494 224.074 0
      vertex 55.8751 224.219 0
    endloop
  endfacet
  facet normal 0 0 -1
    outer loop
      vertex 56.033 226.445 0
      vertex 54.887 227.495 0
      vertex 54.981 227.516 0
    endloop
  endfacet
  facet normal 0 0 -1
    outer loop
      vertex 56.2567 226.456 0
      vertex 55.8863 224.248 0
      vertex 56.033 226.445 0
    endloop
  endfacet
  facet normal 0 0 -1
    outer loop
      vertex 52.8808 213.486 0
      vertex 48.1184 216.398 0
      vertex 51.9721 220.718 0
    endloop
  endfacet
  facet normal 0 0 -1
    outer loop
      vertex 48.8633 219.675 0
      vertex 48.9533 219.805 0
      vertex 51.7883 220.75 0
    endloop
  endfacet
  facet normal 0 0 -1
    outer loop
      vertex 48.5435 221.507 0
      vertex 49.4805 222.599 0
      vertex 49.5827 222.541 0
    endloop
  endfacet
  facet normal 0 -0 -1
    outer loop
      vertex 50.8417 222.879 0
      vertex 51.0621 221.595 0
      vertex 49.7363 222.627 0
    endloop
  endfacet
  facet normal 0 0 -1
    outer loop
      vertex 54.3994 225.524 0
      vertex 56.033 226.445 0
      vertex 55.8863 224.248 0
    endloop
  endfacet
  facet normal -0 0 -1
    outer loop
      vertex 51.9721 220.718 0
      vertex 48.8633 219.675 0
      vertex 51.7883 220.75 0
    endloop
  endfacet
  facet normal 0 0 -1
    outer loop
      vertex 55.3951 222.429 0
      vertex 53.5042 224.026 0
      vertex 53.5494 224.074 0
    endloop
  endfacet
  facet normal 0 0 -1
    outer loop
      vertex 52.0912 222.523 0
      vertex 52.6902 223.473 0
      vertex 55.3917 222.367 0
    endloop
  endfacet
  facet normal 0 0 -1
    outer loop
      vertex 51.0621 221.595 0
      vertex 49.5827 222.541 0
      vertex 49.7363 222.627 0
    endloop
  endfacet
  facet normal 0 0 -1
    outer loop
      vertex 50.8417 222.879 0
      vertex 49.9321 223.055 0
      vertex 50.3857 223.247 0
    endloop
  endfacet
  facet normal 0 0 -1
    outer loop
      vertex 55.5017 221.647 0
      vertex 52.0912 222.523 0
      vertex 55.3917 222.367 0
    endloop
  endfacet
  facet normal 0 0 -1
    outer loop
      vertex 51.9721 220.718 0
      vertex 55.5811 221.537 0
      vertex 57.1149 216.418 0
    endloop
  endfacet
  facet normal 0 -0 -1
    outer loop
      vertex 52.0474 220.878 0
      vertex 55.5811 221.537 0
      vertex 51.9721 220.718 0
    endloop
  endfacet
  facet normal 0 0 -1
    outer loop
      vertex 52.8808 213.486 0
      vertex 51.9721 220.718 0
      vertex 53.081 213.542 0
    endloop
  endfacet
  facet normal -0 0 -1
    outer loop
      vertex 51.0983 221.52 0
      vertex 48.5954 221.427 0
      vertex 51.0621 221.595 0
    endloop
  endfacet
  facet normal -0 0 -1
    outer loop
      vertex 50.8417 222.879 0
      vertex 49.7363 222.627 0
      vertex 49.9321 223.055 0
    endloop
  endfacet
  facet normal 0 -0 -1
    outer loop
      vertex 49.3376 222.788 0
      vertex 49.4805 222.599 0
      vertex 48.4703 222.327 0
    endloop
  endfacet
  facet normal 0 0 -1
    outer loop
      vertex 47.6924 222.186 0
      vertex 48.3526 222.318 0
      vertex 48.5435 221.507 0
    endloop
  endfacet
  facet normal 0 0 -1
    outer loop
      vertex 48.5435 221.507 0
      vertex 48.4703 222.327 0
      vertex 49.4805 222.599 0
    endloop
  endfacet
  facet normal 0 0 -1
    outer loop
      vertex 47.8647 222.48 0
      vertex 47.6924 222.186 0
      vertex 47.6388 222.39 0
    endloop
  endfacet
  facet normal 0 -0 -1
    outer loop
      vertex 48.6263 219.662 0
      vertex 48.8633 219.675 0
      vertex 47.99 216.47 0
    endloop
  endfacet
  facet normal 0 0 -1
    outer loop
      vertex 47.1748 220.201 0
      vertex 47.3499 220.849 0
      vertex 47.5719 220.888 0
    endloop
  endfacet
  facet normal 0 0 -1
    outer loop
      vertex 45.7843 219 0
      vertex 47.0102 220.091 0
      vertex 46.2284 217.938 0
    endloop
  endfacet
  facet normal 0 0 -1
    outer loop
      vertex 47.1647 216.436 0
      vertex 46.1878 217.766 0
      vertex 47.26 216.47 0
    endloop
  endfacet
  facet normal 0 0 -1
    outer loop
      vertex 45.9791 215.187 0
      vertex 44.8046 216.667 0
      vertex 46.66 215.95 0
    endloop
  endfacet
  facet normal -0 -0 -1
    outer loop
      vertex 44.4007 216.896 0
      vertex 44.4589 216.714 0
      vertex 43.6565 217.12 0
    endloop
  endfacet
  facet normal 0 0 -1
    outer loop
      vertex 47.6924 222.186 0
      vertex 47.8647 222.48 0
      vertex 48.3526 222.318 0
    endloop
  endfacet
  facet normal 0 0 -1
    outer loop
      vertex 48.5954 221.427 0
      vertex 49.5827 222.541 0
      vertex 51.0621 221.595 0
    endloop
  endfacet
  facet normal 0 0 -1
    outer loop
      vertex 48.5435 221.507 0
      vertex 48.3526 222.318 0
      vertex 48.4703 222.327 0
    endloop
  endfacet
  facet normal 0 0 -1
    outer loop
      vertex 48.9754 219.927 0
      vertex 48.5954 221.427 0
      vertex 51.0983 221.52 0
    endloop
  endfacet
  facet normal -0 0 -1
    outer loop
      vertex 51.7883 220.75 0
      vertex 48.9754 219.927 0
      vertex 51.0983 221.52 0
    endloop
  endfacet
  facet normal 0 0 -1
    outer loop
      vertex 51.7883 220.75 0
      vertex 48.9533 219.805 0
      vertex 48.9754 219.927 0
    endloop
  endfacet
  facet normal 0 0 -1
    outer loop
      vertex 48.6263 219.662 0
      vertex 47.99 216.47 0
      vertex 46.2284 217.938 0
    endloop
  endfacet
  facet normal 0 -0 -1
    outer loop
      vertex 47.5719 220.888 0
      vertex 48.6263 219.662 0
      vertex 47.1748 220.201 0
    endloop
  endfacet
  facet normal 0 0 -1
    outer loop
      vertex 47.0102 220.091 0
      vertex 47.1748 220.201 0
      vertex 48.6263 219.662 0
    endloop
  endfacet
  facet normal 0 0 -1
    outer loop
      vertex 46.2284 217.938 0
      vertex 47.99 216.47 0
      vertex 47.26 216.47 0
    endloop
  endfacet
  facet normal 0 0 -1
    outer loop
      vertex 45.7843 219 0
      vertex 45.9577 220.232 0
      vertex 47.0102 220.091 0
    endloop
  endfacet
  facet normal 0 0 -1
    outer loop
      vertex 44.4589 216.714 0
      vertex 44.5989 216.624 0
      vertex 44.5956 214.848 0
    endloop
  endfacet
  facet normal -0 0 -1
    outer loop
      vertex 45.0494 218.517 0
      vertex 43.7945 217.23 0
      vertex 44.4937 219.751 0
    endloop
  endfacet
  facet normal 0 0 -1
    outer loop
      vertex 44.8046 216.667 0
      vertex 46.0536 217.734 0
      vertex 46.7147 216.066 0
    endloop
  endfacet
  facet normal 0 0 -1
    outer loop
      vertex 46.1878 217.766 0
      vertex 46.2284 217.938 0
      vertex 47.26 216.47 0
    endloop
  endfacet
  facet normal 0 0 -1
    outer loop
      vertex 44.8046 216.667 0
      vertex 45.9791 215.187 0
      vertex 45.8214 215.117 0
    endloop
  endfacet
  facet normal 0 0 -1
    outer loop
      vertex 44.8046 216.667 0
      vertex 45.596 217.849 0
      vertex 46.0536 217.734 0
    endloop
  endfacet
  facet normal 0 0 -1
    outer loop
      vertex 44.6868 214.889 0
      vertex 44.8046 216.667 0
      vertex 45.8214 215.117 0
    endloop
  endfacet
  facet normal 0 0 -1
    outer loop
      vertex 44.5989 216.624 0
      vertex 44.8046 216.667 0
      vertex 44.6868 214.889 0
    endloop
  endfacet
  facet normal 0 -0 -1
    outer loop
      vertex 43.7945 217.23 0
      vertex 44.4007 216.896 0
      vertex 43.6565 217.12 0
    endloop
  endfacet
  facet normal 0 0 -1
    outer loop
      vertex 42.1461 216.604 0
      vertex 42.1435 216.819 0
      vertex 43.5001 217.276 0
    endloop
  endfacet
  facet normal -0 0 -1
    outer loop
      vertex 43.5001 217.276 0
      vertex 42.1435 216.819 0
      vertex 42.2715 218.008 0
    endloop
  endfacet
  facet normal 0 0 -1
    outer loop
      vertex 45.0494 218.517 0
      vertex 44.4937 219.751 0
      vertex 45.0166 220.261 0
    endloop
  endfacet
  facet normal 0 0 -1
    outer loop
      vertex 42.2715 218.008 0
      vertex 42.1435 216.819 0
      vertex 41.5365 217.398 0
    endloop
  endfacet
  facet normal 0 0 -1
    outer loop
      vertex 43.5911 219.488 0
      vertex 43.5001 217.276 0
      vertex 42.7746 219.21 0
    endloop
  endfacet
  facet normal 0 0 -1
    outer loop
      vertex 44.4007 216.896 0
      vertex 43.7945 217.23 0
      vertex 45.0494 218.517 0
    endloop
  endfacet
  facet normal 0 -0 -1
    outer loop
      vertex 42.3399 218.086 0
      vertex 43.5001 217.276 0
      vertex 42.2715 218.008 0
    endloop
  endfacet
  facet normal 0 0 -1
    outer loop
      vertex 42.3399 218.086 0
      vertex 42.7746 219.21 0
      vertex 43.5001 217.276 0
    endloop
  endfacet
  facet normal 0 0 -1
    outer loop
      vertex 41.525 217.603 0
      vertex 42.2715 218.008 0
      vertex 41.5365 217.398 0
    endloop
  endfacet
  facet normal 0 0 -1
    outer loop
      vertex 40.6012 212.013 0
      vertex 38.7907 213.318 0
      vertex 40.7033 212.026 0
    endloop
  endfacet
  facet normal -0 0 -1
    outer loop
      vertex 41.8975 216.431 0
      vertex 40.3798 215.598 0
      vertex 41.4175 216.471 0
    endloop
  endfacet
  facet normal 0 -0 -1
    outer loop
      vertex 40.6225 217.289 0
      vertex 41.3187 216.519 0
      vertex 40.3218 216.622 0
    endloop
  endfacet
  facet normal -0 0 -1
    outer loop
      vertex 40.6012 212.013 0
      vertex 40.2912 211.853 0
      vertex 38.7907 213.318 0
    endloop
  endfacet
  facet normal 0 0 -1
    outer loop
      vertex 44.5956 214.848 0
      vertex 42.1461 216.604 0
      vertex 43.6565 217.12 0
    endloop
  endfacet
  facet normal 0 0 -1
    outer loop
      vertex 44.5956 214.848 0
      vertex 42.0161 216.474 0
      vertex 42.1461 216.604 0
    endloop
  endfacet
  facet normal 0 0 -1
    outer loop
      vertex 44.5653 214.674 0
      vertex 41.8975 216.431 0
      vertex 42.0161 216.474 0
    endloop
  endfacet
  facet normal 0 0 -1
    outer loop
      vertex 40.2849 215.45 0
      vertex 40.3798 215.598 0
      vertex 41.8975 216.431 0
    endloop
  endfacet
  facet normal 0 0 -1
    outer loop
      vertex 40.3798 215.598 0
      vertex 41.3187 216.519 0
      vertex 41.4175 216.471 0
    endloop
  endfacet
  facet normal 0 0 -1
    outer loop
      vertex 40.3798 215.598 0
      vertex 40.3218 216.622 0
      vertex 41.3187 216.519 0
    endloop
  endfacet
  facet normal 0 0 -1
    outer loop
      vertex 40.7033 212.026 0
      vertex 38.7907 213.318 0
      vertex 39.4575 215.125 0
    endloop
  endfacet
  facet normal 0 -0 -1
    outer loop
      vertex 38.7611 213.269 0
      vertex 38.8341 211.537 0
      vertex 38.7119 211.59 0
    endloop
  endfacet
  facet normal 0 0 -1
    outer loop
      vertex 40.2395 209.769 0
      vertex 39.0558 210.957 0
      vertex 39.1378 211.022 0
    endloop
  endfacet
  facet normal 0 0 -1
    outer loop
      vertex 40.2849 215.45 0
      vertex 42.3733 211.646 0
      vertex 40.7033 212.026 0
    endloop
  endfacet
  facet normal 0 -0 -1
    outer loop
      vertex 38.7907 213.318 0
      vertex 40.2912 211.853 0
      vertex 38.7611 213.269 0
    endloop
  endfacet
  facet normal -0 0 -1
    outer loop
      vertex 38.7119 211.59 0
      vertex 36.9603 211.496 0
      vertex 37.1156 212.208 0
    endloop
  endfacet
  facet normal 0 0 -1
    outer loop
      vertex 38.7119 211.59 0
      vertex 37.1156 212.208 0
      vertex 37.5739 212.534 0
    endloop
  endfacet
  facet normal 0 0 -1
    outer loop
      vertex 38.5803 209.297 0
      vertex 39.0558 210.957 0
      vertex 40.2395 209.769 0
    endloop
  endfacet
  facet normal 0 0 -1
    outer loop
      vertex 36.9141 210.824 0
      vertex 36.167 210.388 0
      vertex 36.4966 210.742 0
    endloop
  endfacet
  facet normal 0 0 -1
    outer loop
      vertex 36.6992 206.398 0
      vertex 36.1076 207.803 0
      vertex 36.3195 207.717 0
    endloop
  endfacet
  facet normal -0 -0 -1
    outer loop
      vertex 37.7158 210.527 0
      vertex 38.3922 209.274 0
      vertex 37.612 210.532 0
    endloop
  endfacet
  facet normal 0 0 -1
    outer loop
      vertex 38.8341 211.537 0
      vertex 38.7611 213.269 0
      vertex 40.2912 211.853 0
    endloop
  endfacet
  facet normal 0 0 -1
    outer loop
      vertex 38.7119 211.59 0
      vertex 37.5739 212.534 0
      vertex 38.0836 212.581 0
    endloop
  endfacet
  facet normal -0 0 -1
    outer loop
      vertex 40.21 211.718 0
      vertex 38.8341 211.537 0
      vertex 40.2912 211.853 0
    endloop
  endfacet
  facet normal 0 0 -1
    outer loop
      vertex 40.21 211.718 0
      vertex 39.1241 211.197 0
      vertex 38.8341 211.537 0
    endloop
  endfacet
  facet normal 0 0 -1
    outer loop
      vertex 40.2395 209.769 0
      vertex 39.1378 211.022 0
      vertex 40.21 211.718 0
    endloop
  endfacet
  facet normal 0 0 -1
    outer loop
      vertex 39.0558 210.957 0
      vertex 38.5803 209.297 0
      vertex 37.7158 210.527 0
    endloop
  endfacet
  facet normal 0 0 -1
    outer loop
      vertex 37.7158 210.527 0
      vertex 38.5803 209.297 0
      vertex 38.3922 209.274 0
    endloop
  endfacet
  facet normal 0 0 -1
    outer loop
      vertex 37.612 210.532 0
      vertex 36.5394 209.193 0
      vertex 36.2733 209.477 0
    endloop
  endfacet
  facet normal -0 0 -1
    outer loop
      vertex 37.612 210.532 0
      vertex 36.2733 209.477 0
      vertex 36.9141 210.824 0
    endloop
  endfacet
  facet normal 0 0 -1
    outer loop
      vertex 36.2733 209.477 0
      vertex 36.167 210.388 0
      vertex 36.9141 210.824 0
    endloop
  endfacet
  facet normal 0 0 -1
    outer loop
      vertex 34.1485 207.938 0
      vertex 34.1093 207.272 0
      vertex 33.9338 207.289 0
    endloop
  endfacet
  facet normal 0 0 -1
    outer loop
      vertex 34.7592 208.098 0
      vertex 34.8588 208.259 0
      vertex 36.1076 207.803 0
    endloop
  endfacet
  facet normal -0 0 -1
    outer loop
      vertex 34.8567 205.889 0
      vertex 34.4748 205.855 0
      vertex 34.0482 206.266 0
    endloop
  endfacet
  facet normal 0 0 -1
    outer loop
      vertex 36.5605 209.016 0
      vertex 38.3922 209.274 0
      vertex 37.1922 208.034 0
    endloop
  endfacet
  facet normal 0 0 -1
    outer loop
      vertex 34.2103 208.889 0
      vertex 34.7042 208.628 0
      vertex 34.2535 208.702 0
    endloop
  endfacet
  facet normal -0 0 -1
    outer loop
      vertex 38.3922 209.274 0
      vertex 36.5394 209.193 0
      vertex 37.612 210.532 0
    endloop
  endfacet
  facet normal 0 0 -1
    outer loop
      vertex 36.6992 206.398 0
      vertex 36.3195 207.717 0
      vertex 37.1559 207.972 0
    endloop
  endfacet
  facet normal -0 0 -1
    outer loop
      vertex 37.1922 208.034 0
      vertex 36.3979 207.875 0
      vertex 36.2868 208.532 0
    endloop
  endfacet
  facet normal 0 0 -1
    outer loop
      vertex 36.3195 207.717 0
      vertex 36.3979 207.875 0
      vertex 37.1559 207.972 0
    endloop
  endfacet
  facet normal 0 0 -1
    outer loop
      vertex 35.8965 205.757 0
      vertex 36.1076 207.803 0
      vertex 36.6992 206.398 0
    endloop
  endfacet
  facet normal 0 0 -1
    outer loop
      vertex 31.4496 203.293 0
      vertex 31.1219 201.69 0
      vertex 30.9698 202.465 0
    endloop
  endfacet
  facet normal 0 0 -1
    outer loop
      vertex 33.0058 206.742 0
      vertex 33.0375 207.366 0
      vertex 33.9338 207.289 0
    endloop
  endfacet
  facet normal 0 0 -1
    outer loop
      vertex 34.8288 208.499 0
      vertex 34.7042 208.628 0
      vertex 35.4873 209.682 0
    endloop
  endfacet
  facet normal 0 0 -1
    outer loop
      vertex 34.7042 208.628 0
      vertex 34.2103 208.889 0
      vertex 35.4873 209.682 0
    endloop
  endfacet
  facet normal 0 0 -1
    outer loop
      vertex 34.8288 208.499 0
      vertex 36.1076 207.803 0
      vertex 34.8588 208.259 0
    endloop
  endfacet
  facet normal 0 0 -1
    outer loop
      vertex 34.7592 208.098 0
      vertex 34.1588 207.141 0
      vertex 34.1093 207.272 0
    endloop
  endfacet
  facet normal -0 0 -1
    outer loop
      vertex 36.1076 207.803 0
      vertex 34.1588 207.141 0
      vertex 34.7592 208.098 0
    endloop
  endfacet
  facet normal 0 0 -1
    outer loop
      vertex 33.9338 207.289 0
      vertex 33.6714 208.197 0
      vertex 34.1485 207.938 0
    endloop
  endfacet
  facet normal 0 -0 -1
    outer loop
      vertex 31.4496 203.293 0
      vertex 32.8539 203.701 0
      vertex 31.1219 201.69 0
    endloop
  endfacet
  facet normal 0 0 -1
    outer loop
      vertex 31.3221 198.871 0
      vertex 31.1632 198.948 0
      vertex 31.1561 201.517 0
    endloop
  endfacet
  facet normal -0 0 -1
    outer loop
      vertex 34.1292 205.351 0
      vertex 34.0063 204.36 0
      vertex 33.2964 205.848 0
    endloop
  endfacet
  facet normal 0 0 -1
    outer loop
      vertex 34.7066 204.601 0
      vertex 34.7996 204.751 0
      vertex 35.7026 205.12 0
    endloop
  endfacet
  facet normal 0 0 -1
    outer loop
      vertex 36.1076 207.803 0
      vertex 34.8567 205.889 0
      vertex 34.1588 207.141 0
    endloop
  endfacet
  facet normal 0 0 -1
    outer loop
      vertex 34.7592 208.098 0
      vertex 34.1093 207.272 0
      vertex 34.2691 207.928 0
    endloop
  endfacet
  facet normal 0 0 -1
    outer loop
      vertex 35.8965 205.757 0
      vertex 35.008 205.799 0
      vertex 34.8567 205.889 0
    endloop
  endfacet
  facet normal 0 0 -1
    outer loop
      vertex 34.9999 205.665 0
      vertex 35.8474 205.686 0
      vertex 35.6974 205.226 0
    endloop
  endfacet
  facet normal 0 0 -1
    outer loop
      vertex 35.8965 205.757 0
      vertex 34.8567 205.889 0
      vertex 36.1076 207.803 0
    endloop
  endfacet
  facet normal 0 0 -1
    outer loop
      vertex 34.8567 205.889 0
      vertex 34.0482 206.266 0
      vertex 34.1588 207.141 0
    endloop
  endfacet
  facet normal 0 0 -1
    outer loop
      vertex 34.9999 205.665 0
      vertex 35.008 205.799 0
      vertex 35.8474 205.686 0
    endloop
  endfacet
  facet normal 0 0 -1
    outer loop
      vertex 35.008 205.799 0
      vertex 35.8965 205.757 0
      vertex 35.8474 205.686 0
    endloop
  endfacet
  facet normal 0 0 -1
    outer loop
      vertex 34.7629 205.255 0
      vertex 34.9999 205.665 0
      vertex 35.6974 205.226 0
    endloop
  endfacet
  facet normal 0 0 -1
    outer loop
      vertex 36.3661 203.607 0
      vertex 34.7066 204.601 0
      vertex 35.7026 205.12 0
    endloop
  endfacet
  facet normal 0 0 -1
    outer loop
      vertex 34.4481 204.126 0
      vertex 34.3294 204.297 0
      vertex 34.7066 204.601 0
    endloop
  endfacet
  facet normal 0 0 -1
    outer loop
      vertex 36.3661 203.607 0
      vertex 34.4481 204.126 0
      vertex 34.7066 204.601 0
    endloop
  endfacet
  facet normal 0 0 -1
    outer loop
      vertex 34.0063 204.36 0
      vertex 32.3611 204.429 0
      vertex 33.2964 205.848 0
    endloop
  endfacet
  facet normal 0 0 -1
    outer loop
      vertex 34.5197 204.666 0
      vertex 34.0294 204.357 0
      vertex 34.0063 204.36 0
    endloop
  endfacet
  facet normal 0 -0 -1
    outer loop
      vertex 34.1292 205.351 0
      vertex 34.5197 204.666 0
      vertex 34.0063 204.36 0
    endloop
  endfacet
  facet normal 0 0 -1
    outer loop
      vertex 30.5822 202.19 0
      vertex 30.9226 202.415 0
      vertex 31.1219 201.69 0
    endloop
  endfacet
  facet normal 0 0 -1
    outer loop
      vertex 36.3661 203.607 0
      vertex 34.4081 203.876 0
      vertex 34.4481 204.126 0
    endloop
  endfacet
  facet normal 0 0 -1
    outer loop
      vertex 34.3294 204.297 0
      vertex 34.0294 204.357 0
      vertex 34.5197 204.666 0
    endloop
  endfacet
  facet normal 0 0 -1
    outer loop
      vertex 36.3055 203.104 0
      vertex 34.2652 203.75 0
      vertex 34.4081 203.876 0
    endloop
  endfacet
  facet normal -0 0 -1
    outer loop
      vertex 34.7066 204.601 0
      vertex 34.3294 204.297 0
      vertex 34.5197 204.666 0
    endloop
  endfacet
  facet normal -0 0 -1
    outer loop
      vertex 36.3661 203.607 0
      vertex 36.3055 203.104 0
      vertex 34.4081 203.876 0
    endloop
  endfacet
  facet normal 0 -0 -1
    outer loop
      vertex 34.2652 203.75 0
      vertex 36.3055 203.104 0
      vertex 34.1463 199.955 0
    endloop
  endfacet
  facet normal 0 0 -1
    outer loop
      vertex 32.8539 203.701 0
      vertex 34.2652 203.75 0
      vertex 34.1463 199.955 0
    endloop
  endfacet
  facet normal 0 0 -1
    outer loop
      vertex 31.1632 198.948 0
      vertex 29.192 199.527 0
      vertex 29.4937 200.63 0
    endloop
  endfacet
  facet normal 0 0 -1
    outer loop
      vertex 12.4139 178.224 0
      vertex 13.1182 178.648 0
      vertex 13.4267 178.403 0
    endloop
  endfacet
  facet normal 0 0 -1
    outer loop
      vertex 31.2846 198.684 0
      vertex 31.3221 198.871 0
      vertex 32.2919 198.027 0
    endloop
  endfacet
  facet normal -0 -0 -1
    outer loop
      vertex 32.1709 197.864 0
      vertex 32.3689 196.041 0
      vertex 30.4846 198.034 0
    endloop
  endfacet
  facet normal 0 -0 -1
    outer loop
      vertex 30.4846 198.034 0
      vertex 32.3689 196.041 0
      vertex 30.3853 198 0
    endloop
  endfacet
  facet normal -0 0 -1
    outer loop
      vertex 34.1463 199.955 0
      vertex 34.1214 199.85 0
      vertex 31.1561 201.517 0
    endloop
  endfacet
  facet normal 0 -0 -1
    outer loop
      vertex 31.1561 201.517 0
      vertex 31.1632 198.948 0
      vertex 31.02 201.43 0
    endloop
  endfacet
  facet normal -0 0 -1
    outer loop
      vertex 31.02 201.43 0
      vertex 29.4937 200.63 0
      vertex 30.3302 201.43 0
    endloop
  endfacet
  facet normal -0 0 -1
    outer loop
      vertex 28.6109 193.721 0
      vertex 27.0914 193.702 0
      vertex 28.3262 196.544 0
    endloop
  endfacet
  facet normal 0 0 -1
    outer loop
      vertex 30.3853 198 0
      vertex 29.0795 196.839 0
      vertex 29.0831 197.016 0
    endloop
  endfacet
  facet normal 0 0 -1
    outer loop
      vertex 31.1632 198.948 0
      vertex 29.4937 200.63 0
      vertex 31.02 201.43 0
    endloop
  endfacet
  facet normal 0 0 -1
    outer loop
      vertex 32.2919 198.027 0
      vertex 31.3221 198.871 0
      vertex 33.3569 198.231 0
    endloop
  endfacet
  facet normal 0 0 -1
    outer loop
      vertex 31.3221 198.871 0
      vertex 34.1214 199.85 0
      vertex 33.3569 198.231 0
    endloop
  endfacet
  facet normal 0 0 -1
    outer loop
      vertex 32.1709 197.864 0
      vertex 31.2846 198.684 0
      vertex 32.2919 198.027 0
    endloop
  endfacet
  facet normal 0 0 -1
    outer loop
      vertex 32.1709 197.864 0
      vertex 30.4846 198.034 0
      vertex 31.2846 198.684 0
    endloop
  endfacet
  facet normal 0 0 -1
    outer loop
      vertex 29.0831 197.016 0
      vertex 29.7722 198.019 0
      vertex 30.3853 198 0
    endloop
  endfacet
  facet normal 0 0 -1
    outer loop
      vertex 29.0831 197.016 0
      vertex 28.6474 197.641 0
      vertex 29.7722 198.019 0
    endloop
  endfacet
  facet normal 0 0 -1
    outer loop
      vertex 27.823 192.182 0
      vertex 25.9481 190.717 0
      vertex 27.373 192.112 0
    endloop
  endfacet
  facet normal 0 -0 -1
    outer loop
      vertex 28.4251 192.844 0
      vertex 30.1953 189.686 0
      vertex 27.9151 192.234 0
    endloop
  endfacet
  facet normal 0 0 -1
    outer loop
      vertex 29.0795 196.839 0
      vertex 28.7872 193.722 0
      vertex 28.9662 196.78 0
    endloop
  endfacet
  facet normal 0 -0 -1
    outer loop
      vertex 30.3853 198 0
      vertex 32.3689 196.041 0
      vertex 29.0795 196.839 0
    endloop
  endfacet
  facet normal 0 0 -1
    outer loop
      vertex 28.9662 196.78 0
      vertex 28.3262 196.544 0
      vertex 28.5447 196.763 0
    endloop
  endfacet
  facet normal 0 0 -1
    outer loop
      vertex 28.7872 193.722 0
      vertex 28.3262 196.544 0
      vertex 28.9662 196.78 0
    endloop
  endfacet
  facet normal 0 0 -1
    outer loop
      vertex 27.5933 192.969 0
      vertex 27.0914 193.702 0
      vertex 28.6109 193.721 0
    endloop
  endfacet
  facet normal 0 0 -1
    outer loop
      vertex 27.5933 192.969 0
      vertex 27.1068 193.355 0
      vertex 27.0914 193.702 0
    endloop
  endfacet
  facet normal -0 0 -1
    outer loop
      vertex 27.2256 192.176 0
      vertex 25.6328 191.569 0
      vertex 26.9819 192.538 0
    endloop
  endfacet
  facet normal 0 0 -1
    outer loop
      vertex 25.9481 190.717 0
      vertex 25.9641 190.927 0
      vertex 27.373 192.112 0
    endloop
  endfacet
  facet normal -0 0 -1
    outer loop
      vertex 25.7927 190.969 0
      vertex 25.2882 190.76 0
      vertex 25.362 191.246 0
    endloop
  endfacet
  facet normal 0 0 -1
    outer loop
      vertex 28.6109 193.721 0
      vertex 28.3262 196.544 0
      vertex 28.7872 193.722 0
    endloop
  endfacet
  facet normal 0 0 -1
    outer loop
      vertex 32.0344 193.444 0
      vertex 28.7872 193.722 0
      vertex 32.3689 196.041 0
    endloop
  endfacet
  facet normal 0 0 -1
    outer loop
      vertex 28.7872 193.722 0
      vertex 29.0795 196.839 0
      vertex 32.3689 196.041 0
    endloop
  endfacet
  facet normal 0 0 -1
    outer loop
      vertex 28.4391 192.864 0
      vertex 28.8291 193.524 0
      vertex 32.0344 193.444 0
    endloop
  endfacet
  facet normal 0 0 -1
    outer loop
      vertex 30.1953 189.686 0
      vertex 28.4391 192.864 0
      vertex 32.0344 193.444 0
    endloop
  endfacet
  facet normal 0 0 -1
    outer loop
      vertex 30.1953 189.686 0
      vertex 28.4251 192.844 0
      vertex 28.4391 192.864 0
    endloop
  endfacet
  facet normal 0 -0 -1
    outer loop
      vertex 27.9151 192.234 0
      vertex 30.1953 189.686 0
      vertex 27.823 192.182 0
    endloop
  endfacet
  facet normal 0 0 -1
    outer loop
      vertex 25.6328 191.569 0
      vertex 25.9641 190.927 0
      vertex 25.7927 190.969 0
    endloop
  endfacet
  facet normal 0 -0 -1
    outer loop
      vertex 25.6328 191.569 0
      vertex 25.7927 190.969 0
      vertex 25.362 191.246 0
    endloop
  endfacet
  facet normal 0 0 -1
    outer loop
      vertex 23.5912 188.678 0
      vertex 25.2158 187.013 0
      vertex 25.0418 187.011 0
    endloop
  endfacet
  facet normal -0 0 -1
    outer loop
      vertex 30.1953 189.686 0
      vertex 28.3722 186.788 0
      vertex 25.9481 190.717 0
    endloop
  endfacet
  facet normal 0 0 -1
    outer loop
      vertex 24.1311 186.159 0
      vertex 24.3651 185.854 0
      vertex 24.1925 185.599 0
    endloop
  endfacet
  facet normal 0 0 -1
    outer loop
      vertex 21.72 185.28 0
      vertex 22.3682 186.991 0
      vertex 21.8501 185.184 0
    endloop
  endfacet
  facet normal 0 0 -1
    outer loop
      vertex 25.9641 190.927 0
      vertex 25.6328 191.569 0
      vertex 27.2256 192.176 0
    endloop
  endfacet
  facet normal 0 0 -1
    outer loop
      vertex 25.5458 186.783 0
      vertex 25.2158 187.013 0
      vertex 25.9481 190.717 0
    endloop
  endfacet
  facet normal -0 0 -1
    outer loop
      vertex 27.373 192.112 0
      vertex 25.9641 190.927 0
      vertex 27.2256 192.176 0
    endloop
  endfacet
  facet normal 0 0 -1
    outer loop
      vertex 19.239 183.208 0
      vertex 19.3367 183.381 0
      vertex 20.2385 183.83 0
    endloop
  endfacet
  facet normal 0 0 -1
    outer loop
      vertex 20.4745 183.846 0
      vertex 20.8156 184.353 0
      vertex 22.1425 183.511 0
    endloop
  endfacet
  facet normal 0 0 -1
    outer loop
      vertex 20.4745 183.846 0
      vertex 19.239 183.208 0
      vertex 20.2385 183.83 0
    endloop
  endfacet
  facet normal 0 0 -1
    outer loop
      vertex 21.8501 185.184 0
      vertex 22.3046 184.356 0
      vertex 22.1584 184.376 0
    endloop
  endfacet
  facet normal 0 0 -1
    outer loop
      vertex 21.72 185.28 0
      vertex 21.4976 185.294 0
      vertex 22.3682 186.991 0
    endloop
  endfacet
  facet normal 0 0 -1
    outer loop
      vertex 26.5345 183.164 0
      vertex 24.0593 183.955 0
      vertex 25.3495 185.533 0
    endloop
  endfacet
  facet normal 0 0 -1
    outer loop
      vertex 22.3422 183.459 0
      vertex 19.2776 180.817 0
      vertex 19.2849 180.993 0
    endloop
  endfacet
  facet normal -0 -0 -1
    outer loop
      vertex 26.76 181.269 0
      vertex 26.77 179.679 0
      vertex 22.3422 183.459 0
    endloop
  endfacet
  facet normal 0 0 -1
    outer loop
      vertex 25.3495 185.533 0
      vertex 26.9355 184.694 0
      vertex 26.9117 184.587 0
    endloop
  endfacet
  facet normal 0 -0 -1
    outer loop
      vertex 25.5565 186.545 0
      vertex 26.9355 184.694 0
      vertex 25.3795 185.762 0
    endloop
  endfacet
  facet normal 0 0 -1
    outer loop
      vertex 28.3722 186.788 0
      vertex 28.3055 186.734 0
      vertex 25.5458 186.783 0
    endloop
  endfacet
  facet normal 0 0 -1
    outer loop
      vertex 26.9355 184.694 0
      vertex 25.3495 185.533 0
      vertex 25.3795 185.762 0
    endloop
  endfacet
  facet normal -0 0 -1
    outer loop
      vertex 24.1618 186.371 0
      vertex 24.1311 186.159 0
      vertex 22.3682 186.991 0
    endloop
  endfacet
  facet normal -0 0 -1
    outer loop
      vertex 24.1311 186.159 0
      vertex 21.8501 185.184 0
      vertex 22.3682 186.991 0
    endloop
  endfacet
  facet normal 0 -0 -1
    outer loop
      vertex 23.5912 188.678 0
      vertex 24.1618 186.371 0
      vertex 22.3682 186.991 0
    endloop
  endfacet
  facet normal 0 0 -1
    outer loop
      vertex 23.5912 188.678 0
      vertex 25.0418 187.011 0
      vertex 24.1618 186.371 0
    endloop
  endfacet
  facet normal 0 0 -1
    outer loop
      vertex 25.9481 190.717 0
      vertex 25.2158 187.013 0
      vertex 23.5912 188.678 0
    endloop
  endfacet
  facet normal 0 0 -1
    outer loop
      vertex 25.5458 186.783 0
      vertex 28.3055 186.734 0
      vertex 25.5565 186.545 0
    endloop
  endfacet
  facet normal 0 0 -1
    outer loop
      vertex 26.9355 184.694 0
      vertex 25.5565 186.545 0
      vertex 28.3055 186.734 0
    endloop
  endfacet
  facet normal 0 0 -1
    outer loop
      vertex 25.3795 185.762 0
      vertex 25.0476 186.117 0
      vertex 25.5565 186.545 0
    endloop
  endfacet
  facet normal -0 0 -1
    outer loop
      vertex 26.9117 184.587 0
      vertex 26.5345 183.164 0
      vertex 25.3495 185.533 0
    endloop
  endfacet
  facet normal 0 0 -1
    outer loop
      vertex 23.9883 184.682 0
      vertex 25.3495 185.533 0
      vertex 24.0593 183.955 0
    endloop
  endfacet
  facet normal -0 -0 -1
    outer loop
      vertex 26.5278 183.052 0
      vertex 26.7814 181.347 0
      vertex 23.9035 183.79 0
    endloop
  endfacet
  facet normal 0 -0 -1
    outer loop
      vertex 23.9035 183.79 0
      vertex 26.76 181.269 0
      vertex 22.3422 183.459 0
    endloop
  endfacet
  facet normal 0 0 -1
    outer loop
      vertex 22.3422 183.459 0
      vertex 23.0155 183.828 0
      vertex 23.9035 183.79 0
    endloop
  endfacet
  facet normal -0 0 -1
    outer loop
      vertex 22.1425 183.511 0
      vertex 19.2849 180.993 0
      vertex 20.4745 183.846 0
    endloop
  endfacet
  facet normal 0 -0 -1
    outer loop
      vertex 21.4846 184.571 0
      vertex 22.1425 183.511 0
      vertex 20.8156 184.353 0
    endloop
  endfacet
  facet normal 0 0 -1
    outer loop
      vertex 19.2467 183.801 0
      vertex 19.1452 184.512 0
      vertex 20.0254 184.17 0
    endloop
  endfacet
  facet normal -0 0 -1
    outer loop
      vertex 20.0585 184.03 0
      vertex 19.2467 183.801 0
      vertex 20.0254 184.17 0
    endloop
  endfacet
  facet normal 0 0 -1
    outer loop
      vertex 18.7436 184.085 0
      vertex 19.1452 184.512 0
      vertex 19.1288 183.917 0
    endloop
  endfacet
  facet normal 0 0 -1
    outer loop
      vertex 18.7651 183.988 0
      vertex 18.7436 184.085 0
      vertex 19.1288 183.917 0
    endloop
  endfacet
  facet normal 0 0 -1
    outer loop
      vertex 19.2849 180.993 0
      vertex 18.299 182.477 0
      vertex 19.239 183.208 0
    endloop
  endfacet
  facet normal 0 -0 -1
    outer loop
      vertex 19.6481 184.699 0
      vertex 20.0254 184.17 0
      vertex 19.1452 184.512 0
    endloop
  endfacet
  facet normal 0 0 -1
    outer loop
      vertex 20.0254 184.17 0
      vertex 19.6481 184.699 0
      vertex 20.1196 184.511 0
    endloop
  endfacet
  facet normal -0 0 -1
    outer loop
      vertex 22.3422 183.459 0
      vertex 19.2849 180.993 0
      vertex 22.1425 183.511 0
    endloop
  endfacet
  facet normal 0 0 -1
    outer loop
      vertex 26.77 179.679 0
      vertex 19.2776 180.817 0
      vertex 22.3422 183.459 0
    endloop
  endfacet
  facet normal 0 0 -1
    outer loop
      vertex 20.0585 184.03 0
      vertex 19.3367 183.381 0
      vertex 19.2467 183.801 0
    endloop
  endfacet
  facet normal 0 -0 -1
    outer loop
      vertex 20.0585 184.03 0
      vertex 20.2385 183.83 0
      vertex 19.3367 183.381 0
    endloop
  endfacet
  facet normal 0 0 -1
    outer loop
      vertex 18.299 182.477 0
      vertex 18.4931 182.95 0
      vertex 19.239 183.208 0
    endloop
  endfacet
  facet normal 0 0 -1
    outer loop
      vertex 18.0242 180.214 0
      vertex 18.1198 180.435 0
      vertex 19.0521 180.806 0
    endloop
  endfacet
  facet normal 0 0 -1
    outer loop
      vertex 18.0098 180.625 0
      vertex 19.0521 180.806 0
      vertex 18.1198 180.435 0
    endloop
  endfacet
  facet normal 0 0 -1
    outer loop
      vertex 19.2776 180.817 0
      vertex 27.1874 178.198 0
      vertex 26.8611 175.558 0
    endloop
  endfacet
  facet normal -0 -0 -1
    outer loop
      vertex 26.7758 179.639 0
      vertex 27.1874 178.198 0
      vertex 19.2776 180.817 0
    endloop
  endfacet
  facet normal -0 0 -1
    outer loop
      vertex 16.0688 180.608 0
      vertex 15.2163 180.487 0
      vertex 15.5377 181.215 0
    endloop
  endfacet
  facet normal 0 0 -1
    outer loop
      vertex 16.8685 181.999 0
      vertex 16.1613 180.592 0
      vertex 15.5377 181.215 0
    endloop
  endfacet
  facet normal 0 0 -1
    outer loop
      vertex 16.8874 179.876 0
      vertex 16.8923 179.949 0
      vertex 17.1374 179.792 0
    endloop
  endfacet
  facet normal 0 0 -1
    outer loop
      vertex 16.1764 174.008 0
      vertex 16.1414 173.93 0
      vertex 14.7106 173.674 0
    endloop
  endfacet
  facet normal -0 0 -1
    outer loop
      vertex 16.7793 179.326 0
      vertex 14.9836 178.982 0
      vertex 15.4536 179.699 0
    endloop
  endfacet
  facet normal 0 0 -1
    outer loop
      vertex 16.1613 180.592 0
      vertex 16.8685 181.999 0
      vertex 16.4834 180.418 0
    endloop
  endfacet
  facet normal 0 0 -1
    outer loop
      vertex 16.0688 180.608 0
      vertex 15.5377 181.215 0
      vertex 16.1613 180.592 0
    endloop
  endfacet
  facet normal 0 -0 -1
    outer loop
      vertex 16.8685 181.999 0
      vertex 17.85 180.697 0
      vertex 16.4834 180.418 0
    endloop
  endfacet
  facet normal 0 0 -1
    outer loop
      vertex 16.8685 181.999 0
      vertex 17.9343 181.962 0
      vertex 17.85 180.697 0
    endloop
  endfacet
  facet normal 0 0 -1
    outer loop
      vertex 17.85 180.697 0
      vertex 17.9343 181.962 0
      vertex 18.0098 180.625 0
    endloop
  endfacet
  facet normal 0 0 -1
    outer loop
      vertex 18.0098 180.625 0
      vertex 17.9343 181.962 0
      vertex 19.0521 180.806 0
    endloop
  endfacet
  facet normal 0 -0 -1
    outer loop
      vertex 15.0992 176.296 0
      vertex 16.598 174.338 0
      vertex 14.9957 176.094 0
    endloop
  endfacet
  facet normal 0 -0 -1
    outer loop
      vertex 19.0521 180.806 0
      vertex 19.2776 180.817 0
      vertex 18.0242 180.214 0
    endloop
  endfacet
  facet normal 0 0 -1
    outer loop
      vertex 14.9957 176.094 0
      vertex 16.598 174.338 0
      vertex 16.4264 174.298 0
    endloop
  endfacet
  facet normal 0 -0 -1
    outer loop
      vertex 14.9957 176.094 0
      vertex 16.1764 174.008 0
      vertex 14.7106 173.674 0
    endloop
  endfacet
  facet normal 0 0 -1
    outer loop
      vertex 15.9292 173.113 0
      vertex 16.1414 173.93 0
      vertex 16.0344 173.146 0
    endloop
  endfacet
  facet normal 0 0 -1
    outer loop
      vertex 18.0242 180.214 0
      vertex 17.1374 179.792 0
      vertex 16.8923 179.949 0
    endloop
  endfacet
  facet normal 0 0 -1
    outer loop
      vertex 15.0992 176.296 0
      vertex 16.7793 179.326 0
      vertex 16.9032 179.345 0
    endloop
  endfacet
  facet normal 0 0 -1
    outer loop
      vertex 14.9499 176.39 0
      vertex 14.7336 178.692 0
      vertex 15.0992 176.296 0
    endloop
  endfacet
  facet normal 0 0 -1
    outer loop
      vertex 13.5557 178.374 0
      vertex 14.6557 178.644 0
      vertex 14.9499 176.39 0
    endloop
  endfacet
  facet normal -0 0 -1
    outer loop
      vertex 14.8356 179.226 0
      vertex 13.9142 179.009 0
      vertex 14.2162 179.625 0
    endloop
  endfacet
  facet normal 0 0 -1
    outer loop
      vertex 15.4536 179.699 0
      vertex 14.9982 179.158 0
      vertex 14.8356 179.226 0
    endloop
  endfacet
  facet normal 0 0 -1
    outer loop
      vertex 16.7793 179.326 0
      vertex 14.7336 178.692 0
      vertex 14.9836 178.982 0
    endloop
  endfacet
  facet normal 0 0 -1
    outer loop
      vertex 11.7805 176.686 0
      vertex 12.0434 177.502 0
      vertex 13.6305 176.301 0
    endloop
  endfacet
  facet normal 0 0 -1
    outer loop
      vertex 11.6193 166.523 0
      vertex 12.1914 167.841 0
      vertex 12.2831 167.859 0
    endloop
  endfacet
  facet normal 0 0 -1
    outer loop
      vertex 15.4536 179.699 0
      vertex 14.8356 179.226 0
      vertex 14.2162 179.625 0
    endloop
  endfacet
  facet normal 0 0 -1
    outer loop
      vertex 15.4536 179.699 0
      vertex 14.9836 178.982 0
      vertex 14.9982 179.158 0
    endloop
  endfacet
  facet normal 0 -0 -1
    outer loop
      vertex 14.7336 178.692 0
      vertex 14.9499 176.39 0
      vertex 14.6557 178.644 0
    endloop
  endfacet
  facet normal 0 0 -1
    outer loop
      vertex 16.7793 179.326 0
      vertex 15.0992 176.296 0
      vertex 14.7336 178.692 0
    endloop
  endfacet
  facet normal 0 0 -1
    outer loop
      vertex 12.0434 177.502 0
      vertex 11.7805 176.686 0
      vertex 11.8246 177.447 0
    endloop
  endfacet
  facet normal 0 -0 -1
    outer loop
      vertex 13.4267 178.403 0
      vertex 13.6305 176.301 0
      vertex 12.0434 177.502 0
    endloop
  endfacet
  facet normal 0 -0 -1
    outer loop
      vertex 12.4139 178.224 0
      vertex 13.4267 178.403 0
      vertex 12.0434 177.502 0
    endloop
  endfacet
  facet normal 0 0 -1
    outer loop
      vertex 13.6305 176.301 0
      vertex 13.4267 178.403 0
      vertex 13.5557 178.374 0
    endloop
  endfacet
  facet normal 0 0 -1
    outer loop
      vertex 11.8246 177.447 0
      vertex 11.7805 176.686 0
      vertex 11.489 177.025 0
    endloop
  endfacet
  facet normal 0 0 -1
    outer loop
      vertex 13.4057 175.704 0
      vertex 14.7106 173.674 0
      vertex 14.5452 173.613 0
    endloop
  endfacet
  facet normal 0 0 -1
    outer loop
      vertex 11.5676 177.52 0
      vertex 11.6465 177.57 0
      vertex 11.8246 177.447 0
    endloop
  endfacet
  facet normal 0 0 -1
    outer loop
      vertex 11.489 177.025 0
      vertex 11.5676 177.52 0
      vertex 11.8246 177.447 0
    endloop
  endfacet
  facet normal -0 0 -1
    outer loop
      vertex 13.4057 175.704 0
      vertex 11.9884 174.363 0
      vertex 13.3121 175.712 0
    endloop
  endfacet
  facet normal -0 0 -1
    outer loop
      vertex 14.9499 176.39 0
      vertex 13.6305 176.301 0
      vertex 13.5557 178.374 0
    endloop
  endfacet
  facet normal 0 0 -1
    outer loop
      vertex 11.9884 174.363 0
      vertex 13.4888 173.107 0
      vertex 12.1318 172.818 0
    endloop
  endfacet
  facet normal 0 0 -1
    outer loop
      vertex 14.8134 173.574 0
      vertex 15.9292 173.113 0
      vertex 14.9058 173.274 0
    endloop
  endfacet
  facet normal 0 0 -1
    outer loop
      vertex 14.7106 173.674 0
      vertex 13.4057 175.704 0
      vertex 14.9957 176.094 0
    endloop
  endfacet
  facet normal -0 0 -1
    outer loop
      vertex 26.8611 175.558 0
      vertex 16.6821 174.152 0
      vertex 19.2776 180.817 0
    endloop
  endfacet
  facet normal 0 0 -1
    outer loop
      vertex 11.9733 174.538 0
      vertex 12.1248 176.208 0
      vertex 13.3121 175.712 0
    endloop
  endfacet
  facet normal 0 0 -1
    outer loop
      vertex 11.1007 175.545 0
      vertex 11.1082 176.14 0
      vertex 12.1248 176.208 0
    endloop
  endfacet
  facet normal 0 0 -1
    outer loop
      vertex 11.1007 175.545 0
      vertex 12.1248 176.208 0
      vertex 11.9733 174.538 0
    endloop
  endfacet
  facet normal 0 0 -1
    outer loop
      vertex 12.1318 172.818 0
      vertex 11.4828 173.16 0
      vertex 11.908 174.298 0
    endloop
  endfacet
  facet normal 0 0 -1
    outer loop
      vertex 11.9733 174.538 0
      vertex 13.3121 175.712 0
      vertex 11.9884 174.363 0
    endloop
  endfacet
  facet normal 0 0 -1
    outer loop
      vertex 11.908 174.298 0
      vertex 11.4828 173.16 0
      vertex 11.2934 174.09 0
    endloop
  endfacet
  facet normal 0 -0 -1
    outer loop
      vertex 15.79 171.98 0
      vertex 16.96 173.023 0
      vertex 15.6658 170.065 0
    endloop
  endfacet
  facet normal 0 -0 -1
    outer loop
      vertex 15.6864 171.837 0
      vertex 15.79 171.98 0
      vertex 15.6658 170.065 0
    endloop
  endfacet
  facet normal 0 0 -1
    outer loop
      vertex 23.4004 166.652 0
      vertex 15.6658 170.065 0
      vertex 23.5147 166.786 0
    endloop
  endfacet
  facet normal 0 0 -1
    outer loop
      vertex 13.4888 173.107 0
      vertex 11.9884 174.363 0
      vertex 13.4057 175.704 0
    endloop
  endfacet
  facet normal 0 0 -1
    outer loop
      vertex 13.5528 173.106 0
      vertex 13.4888 173.107 0
      vertex 14.5452 173.613 0
    endloop
  endfacet
  facet normal 0 0 -1
    outer loop
      vertex 12.6546 170.663 0
      vertex 12.6485 170.883 0
      vertex 15.495 170.11 0
    endloop
  endfacet
  facet normal 0 0 -1
    outer loop
      vertex 13.5528 173.106 0
      vertex 14.5452 173.613 0
      vertex 14.1223 172.979 0
    endloop
  endfacet
  facet normal 0 0 -1
    outer loop
      vertex 13.4888 173.107 0
      vertex 13.4057 175.704 0
      vertex 14.5452 173.613 0
    endloop
  endfacet
  facet normal 0 0 -1
    outer loop
      vertex 14.8134 173.574 0
      vertex 16.1414 173.93 0
      vertex 15.9292 173.113 0
    endloop
  endfacet
  facet normal 0 0 -1
    outer loop
      vertex 14.8134 173.574 0
      vertex 14.7106 173.674 0
      vertex 16.1414 173.93 0
    endloop
  endfacet
  facet normal 0 0 -1
    outer loop
      vertex 16.6821 174.152 0
      vertex 26.8611 175.558 0
      vertex 17.0475 173.187 0
    endloop
  endfacet
  facet normal -0 0 -1
    outer loop
      vertex 27.1748 172.172 0
      vertex 23.5147 166.786 0
      vertex 17.0475 173.187 0
    endloop
  endfacet
  facet normal 0 0 -1
    outer loop
      vertex 16.6821 174.152 0
      vertex 17.0475 173.187 0
      vertex 16.9198 173.309 0
    endloop
  endfacet
  facet normal 0 0 -1
    outer loop
      vertex 16.598 174.338 0
      vertex 15.0992 176.296 0
      vertex 16.9032 179.345 0
    endloop
  endfacet
  facet normal 0 0 -1
    outer loop
      vertex 14.9957 176.094 0
      vertex 16.4264 174.298 0
      vertex 16.1764 174.008 0
    endloop
  endfacet
  facet normal 0 0 -1
    outer loop
      vertex 17.1732 179.525 0
      vertex 16.598 174.338 0
      vertex 16.9032 179.345 0
    endloop
  endfacet
  facet normal 0 -0 -1
    outer loop
      vertex 17.1732 179.525 0
      vertex 18.0242 180.214 0
      vertex 16.598 174.338 0
    endloop
  endfacet
  facet normal 0 0 -1
    outer loop
      vertex 16.6821 174.152 0
      vertex 16.598 174.338 0
      vertex 19.2776 180.817 0
    endloop
  endfacet
  facet normal 0 0 -1
    outer loop
      vertex 16.598 174.338 0
      vertex 18.0242 180.214 0
      vertex 19.2776 180.817 0
    endloop
  endfacet
  facet normal 0 0 -1
    outer loop
      vertex 16.9198 173.309 0
      vertex 16.5627 173.356 0
      vertex 16.4882 173.58 0
    endloop
  endfacet
  facet normal 0 -0 -1
    outer loop
      vertex 16.6821 174.152 0
      vertex 16.9198 173.309 0
      vertex 16.4882 173.58 0
    endloop
  endfacet
  facet normal 0 -0 -1
    outer loop
      vertex 17.0475 173.187 0
      vertex 23.5147 166.786 0
      vertex 16.96 173.023 0
    endloop
  endfacet
  facet normal 0 0 -1
    outer loop
      vertex 17.0475 173.187 0
      vertex 26.8611 175.558 0
      vertex 26.9005 175.437 0
    endloop
  endfacet
  facet normal 0 0 -1
    outer loop
      vertex 27.1748 172.172 0
      vertex 17.0475 173.187 0
      vertex 26.9005 175.437 0
    endloop
  endfacet
  facet normal 0 0 -1
    outer loop
      vertex 15.6658 170.065 0
      vertex 15.495 170.11 0
      vertex 15.6864 171.837 0
    endloop
  endfacet
  facet normal 0 0 -1
    outer loop
      vertex 15.79 172.512 0
      vertex 16.96 173.023 0
      vertex 15.79 171.98 0
    endloop
  endfacet
  facet normal 0 0 -1
    outer loop
      vertex 13.6151 169.37 0
      vertex 12.6546 170.663 0
      vertex 15.495 170.11 0
    endloop
  endfacet
  facet normal 0 0 -1
    outer loop
      vertex 13.3007 172.578 0
      vertex 12.6485 170.883 0
      vertex 12.4728 170.899 0
    endloop
  endfacet
  facet normal 0 -0 -1
    outer loop
      vertex 14.999 172.671 0
      vertex 15.5152 171.897 0
      vertex 14.308 172.438 0
    endloop
  endfacet
  facet normal 0 0 -1
    outer loop
      vertex 11.2975 172.246 0
      vertex 12.4728 170.899 0
      vertex 11.5125 170.597 0
    endloop
  endfacet
  facet normal 0 -0 -1
    outer loop
      vertex 14.308 172.438 0
      vertex 15.495 170.11 0
      vertex 14.2368 172.432 0
    endloop
  endfacet
  facet normal 0 0 -1
    outer loop
      vertex 11.5125 170.597 0
      vertex 12.4728 170.899 0
      vertex 11.6769 170.421 0
    endloop
  endfacet
  facet normal 0 0 -1
    outer loop
      vertex 13.3007 172.578 0
      vertex 12.4728 170.899 0
      vertex 11.2975 172.246 0
    endloop
  endfacet
  facet normal 0 0 -1
    outer loop
      vertex 12.6976 168.368 0
      vertex 11.8726 168.711 0
      vertex 13.5354 169.296 0
    endloop
  endfacet
  facet normal 0 0 -1
    outer loop
      vertex 11.8726 168.711 0
      vertex 11.5904 169.627 0
      vertex 13.5354 169.296 0
    endloop
  endfacet
  facet normal 0 -0 -1
    outer loop
      vertex 13.3007 172.578 0
      vertex 14.2368 172.432 0
      vertex 12.6485 170.883 0
    endloop
  endfacet
  facet normal -0 0 -1
    outer loop
      vertex 13.6151 169.37 0
      vertex 13.5354 169.296 0
      vertex 12.6546 170.663 0
    endloop
  endfacet
  facet normal 0 0 -1
    outer loop
      vertex 12.6976 168.368 0
      vertex 13.5354 169.296 0
      vertex 12.7895 168.218 0
    endloop
  endfacet
  facet normal 0 0 -1
    outer loop
      vertex 13.5354 169.296 0
      vertex 12.9336 168.073 0
      vertex 12.7895 168.218 0
    endloop
  endfacet
  facet normal 0 0 -1
    outer loop
      vertex 14.6411 168.309 0
      vertex 15.0545 169.453 0
      vertex 15.6341 169.846 0
    endloop
  endfacet
  facet normal 0 0 -1
    outer loop
      vertex 13.9455 166.944 0
      vertex 13.7907 167.029 0
      vertex 14.4951 168.21 0
    endloop
  endfacet
  facet normal 0 0 -1
    outer loop
      vertex 11.6193 166.523 0
      vertex 12.2831 167.859 0
      vertex 12.9336 168.073 0
    endloop
  endfacet
  facet normal 0 0 -1
    outer loop
      vertex 11.6193 166.523 0
      vertex 11.7093 167.901 0
      vertex 12.1914 167.841 0
    endloop
  endfacet
  facet normal 0 0 -1
    outer loop
      vertex 13.7907 167.029 0
      vertex 12.9194 167.069 0
      vertex 13.6085 167.958 0
    endloop
  endfacet
  facet normal 0 -0 -1
    outer loop
      vertex 12.7895 168.218 0
      vertex 12.9336 168.073 0
      vertex 12.7131 168.099 0
    endloop
  endfacet
  facet normal -0 0 -1
    outer loop
      vertex 12.9336 168.073 0
      vertex 12.2831 167.859 0
      vertex 12.7131 168.099 0
    endloop
  endfacet
  facet normal 0 0 -1
    outer loop
      vertex 12.6485 170.883 0
      vertex 14.2368 172.432 0
      vertex 15.495 170.11 0
    endloop
  endfacet
  facet normal 0 0 -1
    outer loop
      vertex 13.5354 169.296 0
      vertex 11.5904 169.627 0
      vertex 12.6546 170.663 0
    endloop
  endfacet
  facet normal 0 0 -1
    outer loop
      vertex 15.495 170.11 0
      vertex 14.308 172.438 0
      vertex 15.5152 171.897 0
    endloop
  endfacet
  facet normal 0 0 -1
    outer loop
      vertex 13.6359 168.015 0
      vertex 13.7855 168.641 0
      vertex 14.35 168.357 0
    endloop
  endfacet
  facet normal -0 0 -1
    outer loop
      vertex 15.6864 171.837 0
      vertex 15.495 170.11 0
      vertex 15.5152 171.897 0
    endloop
  endfacet
  facet normal 0 0 -1
    outer loop
      vertex 15.6658 170.065 0
      vertex 16.96 173.023 0
      vertex 23.5147 166.786 0
    endloop
  endfacet
  facet normal 0 0 -1
    outer loop
      vertex 21.148 163.908 0
      vertex 15.6341 169.846 0
      vertex 23.4004 166.652 0
    endloop
  endfacet
  facet normal 0 0 -1
    outer loop
      vertex 14.6411 168.309 0
      vertex 15.6341 169.846 0
      vertex 21.148 163.908 0
    endloop
  endfacet
  facet normal 0 -0 -1
    outer loop
      vertex 14.4951 168.21 0
      vertex 14.6411 168.309 0
      vertex 13.9455 166.944 0
    endloop
  endfacet
  facet normal 0 0 -1
    outer loop
      vertex 13.0265 166.93 0
      vertex 12.9194 167.069 0
      vertex 13.7907 167.029 0
    endloop
  endfacet
  facet normal 0 0 -1
    outer loop
      vertex 14.35 168.357 0
      vertex 13.7855 168.641 0
      vertex 14.336 169.159 0
    endloop
  endfacet
  facet normal 0 0 -1
    outer loop
      vertex 13.6359 168.015 0
      vertex 14.35 168.357 0
      vertex 14.4951 168.21 0
    endloop
  endfacet
  facet normal 0 0 -1
    outer loop
      vertex 13.6085 167.958 0
      vertex 13.6359 168.015 0
      vertex 14.4951 168.21 0
    endloop
  endfacet
  facet normal 0 0 -1
    outer loop
      vertex 14.3428 165.641 0
      vertex 14.3259 165.855 0
      vertex 21.148 163.908 0
    endloop
  endfacet
  facet normal 0 -0 -1
    outer loop
      vertex 14.6411 168.309 0
      vertex 21.148 163.908 0
      vertex 14.3259 165.855 0
    endloop
  endfacet
  facet normal 0 0 -1
    outer loop
      vertex 13.6085 167.958 0
      vertex 14.4951 168.21 0
      vertex 13.7907 167.029 0
    endloop
  endfacet
  facet normal 0 0 -1
    outer loop
      vertex 14.3259 165.855 0
      vertex 13.8972 166.758 0
      vertex 13.9455 166.944 0
    endloop
  endfacet
  facet normal 0 0 -1
    outer loop
      vertex 14.3259 165.855 0
      vertex 14.1499 165.867 0
      vertex 13.8972 166.758 0
    endloop
  endfacet
  facet normal 0 0 -1
    outer loop
      vertex 20.6095 162.817 0
      vertex 14.3428 165.641 0
      vertex 21.148 163.908 0
    endloop
  endfacet
  facet normal 0 0 -1
    outer loop
      vertex 12.2799 164.687 0
      vertex 11.9259 166.018 0
      vertex 12.7813 166.038 0
    endloop
  endfacet
  facet normal -0 0 -1
    outer loop
      vertex 11.846 164.167 0
      vertex 11.6039 164.155 0
      vertex 11.5556 164.29 0
    endloop
  endfacet
  facet normal 0 -0 -1
    outer loop
      vertex 12.1914 166.241 0
      vertex 12.7813 166.038 0
      vertex 11.9259 166.018 0
    endloop
  endfacet
  facet normal 0 0 -1
    outer loop
      vertex 11.5556 164.29 0
      vertex 12.2437 164.655 0
      vertex 11.846 164.167 0
    endloop
  endfacet
  facet normal 0 -0 -1
    outer loop
      vertex 11.9259 166.018 0
      vertex 12.2437 164.655 0
      vertex 11.5556 164.29 0
    endloop
  endfacet
  facet normal 0 0 -1
    outer loop
      vertex 11.9259 166.018 0
      vertex 12.2799 164.687 0
      vertex 12.2437 164.655 0
    endloop
  endfacet
  facet normal 0 0 -1
    outer loop
      vertex 14.3428 165.641 0
      vertex 14.2575 163.403 0
      vertex 13.3713 164.534 0
    endloop
  endfacet
  facet normal 0 -0 -1
    outer loop
      vertex 12.7813 166.038 0
      vertex 12.9172 166.058 0
      vertex 12.2799 164.687 0
    endloop
  endfacet
  facet normal -0 0 -1
    outer loop
      vertex 14.1499 165.867 0
      vertex 12.2799 164.687 0
      vertex 12.9172 166.058 0
    endloop
  endfacet
  facet normal 0 -0 -1
    outer loop
      vertex 13.8972 166.758 0
      vertex 14.1499 165.867 0
      vertex 12.9172 166.058 0
    endloop
  endfacet
  facet normal 0 0 -1
    outer loop
      vertex 13.2479 163.758 0
      vertex 14.0876 163.451 0
      vertex 13.6041 163.27 0
    endloop
  endfacet
  facet normal 0 0 -1
    outer loop
      vertex 14.6411 168.309 0
      vertex 14.3259 165.855 0
      vertex 13.9455 166.944 0
    endloop
  endfacet
  facet normal 0 -0 -1
    outer loop
      vertex 13.3713 164.534 0
      vertex 14.0876 163.451 0
      vertex 13.2479 163.758 0
    endloop
  endfacet
  facet normal -0 0 -1
    outer loop
      vertex 20.6095 162.817 0
      vertex 20.5765 162.592 0
      vertex 14.2575 163.403 0
    endloop
  endfacet
  facet normal 0 0 -1
    outer loop
      vertex 14.2442 163.202 0
      vertex 20.5765 162.592 0
      vertex 18.0691 159.791 0
    endloop
  endfacet
  facet normal 0 0 -1
    outer loop
      vertex 14.2575 163.403 0
      vertex 14.0876 163.451 0
      vertex 13.3713 164.534 0
    endloop
  endfacet
  facet normal 0 0 -1
    outer loop
      vertex 18.0691 159.791 0
      vertex 14.8075 160.3 0
      vertex 14.2442 163.202 0
    endloop
  endfacet
  facet normal 0 -0 -1
    outer loop
      vertex 14.2575 163.403 0
      vertex 20.5765 162.592 0
      vertex 14.2442 163.202 0
    endloop
  endfacet
  facet normal 0 0 -1
    outer loop
      vertex 13.5365 160.753 0
      vertex 13.6542 162.632 0
      vertex 14.245 160.328 0
    endloop
  endfacet
  facet normal 0 0 -1
    outer loop
      vertex 12.4159 162.152 0
      vertex 13.4753 162.61 0
      vertex 12.8007 161.355 0
    endloop
  endfacet
  facet normal 0 0 -1
    outer loop
      vertex 12.4159 162.152 0
      vertex 12.5817 163.123 0
      vertex 13.4753 162.61 0
    endloop
  endfacet
  facet normal 0 0 -1
    outer loop
      vertex 12.8007 161.355 0
      vertex 13.4753 162.61 0
      vertex 13.6542 162.632 0
    endloop
  endfacet
  facet normal 0 0 -1
    outer loop
      vertex 13.5365 160.753 0
      vertex 12.8007 161.355 0
      vertex 13.6542 162.632 0
    endloop
  endfacet
  facet normal 0 0 -1
    outer loop
      vertex 14.245 160.328 0
      vertex 13.6542 162.632 0
      vertex 14.8075 160.3 0
    endloop
  endfacet
  facet normal 0 0 -1
    outer loop
      vertex 14.9466 160.118 0
      vertex 14.8075 160.3 0
      vertex 15.3421 159.817 0
    endloop
  endfacet
  facet normal 0 0 -1
    outer loop
      vertex 14.8075 160.3 0
      vertex 13.6542 162.632 0
      vertex 14.2442 163.202 0
    endloop
  endfacet
  facet normal 0 0 -1
    outer loop
      vertex 15.3421 159.817 0
      vertex 14.8075 160.3 0
      vertex 18.0691 159.791 0
    endloop
  endfacet
  facet normal 0 0 -1
    outer loop
      vertex 14.9206 159.509 0
      vertex 14.8231 159.55 0
      vertex 15.1693 159.781 0
    endloop
  endfacet
  facet normal -0 0 -1
    outer loop
      vertex 15.1693 159.781 0
      vertex 14.8231 159.55 0
      vertex 14.9466 160.118 0
    endloop
  endfacet
  facet normal 0 0 -1
    outer loop
      vertex 16.5664 159.29 0
      vertex 15.3421 159.817 0
      vertex 18.0691 159.791 0
    endloop
  endfacet
  facet normal -0 0 -1
    outer loop
      vertex 15.3421 159.817 0
      vertex 15.1693 159.781 0
      vertex 14.9466 160.118 0
    endloop
  endfacet
  facet normal 0 0 -1
    outer loop
      vertex 16.5664 159.29 0
      vertex 15.4116 159.752 0
      vertex 15.3421 159.817 0
    endloop
  endfacet
  facet normal 0 0 -1
    outer loop
      vertex 16.5664 159.29 0
      vertex 15.6594 159.299 0
      vertex 15.4116 159.752 0
    endloop
  endfacet
  facet normal 0 -0 1
    outer loop
      vertex 23.017 165.678 10
      vertex 23.4004 166.652 10
      vertex 21.148 163.908 10
    endloop
  endfacet
  facet normal 0 0 1
    outer loop
      vertex 20.5765 162.592 10
      vertex 18.0691 159.791 10
      vertex 20.6025 162.315 10
    endloop
  endfacet
  facet normal -0 0 1
    outer loop
      vertex 14.2575 163.403 10
      vertex 20.6095 162.817 10
      vertex 14.3428 165.641 10
    endloop
  endfacet
  facet normal 0 0 1
    outer loop
      vertex 20.6933 162.457 10
      vertex 20.5765 162.592 10
      vertex 20.6025 162.315 10
    endloop
  endfacet
  facet normal 0 0 1
    outer loop
      vertex 15.6658 170.065 10
      vertex 15.6341 169.846 10
      vertex 23.4004 166.652 10
    endloop
  endfacet
  facet normal 0 -0 1
    outer loop
      vertex 21.0989 163.739 10
      vertex 21.148 163.908 10
      vertex 20.6095 162.817 10
    endloop
  endfacet
  facet normal 0 0 1
    outer loop
      vertex 21.0989 163.739 10
      vertex 20.6095 162.817 10
      vertex 21.2782 163.242 10
    endloop
  endfacet
  facet normal -0 0 1
    outer loop
      vertex 11.908 174.298 10
      vertex 12.1318 172.818 10
      vertex 11.9884 174.363 10
    endloop
  endfacet
  facet normal -0 0 1
    outer loop
      vertex 19.239 183.208 10
      vertex 19.2849 180.993 10
      vertex 20.4745 183.846 10
    endloop
  endfacet
  facet normal 0 0 1
    outer loop
      vertex 23.0277 164.539 10
      vertex 22.9603 165.55 10
      vertex 21.3493 163.893 10
    endloop
  endfacet
  facet normal 0 0 1
    outer loop
      vertex 22.5136 163.465 10
      vertex 21.3493 163.893 10
      vertex 21.9162 163.29 10
    endloop
  endfacet
  facet normal -0 0 1
    outer loop
      vertex 23.8078 165.028 10
      vertex 24.187 164.225 10
      vertex 25.8128 165.851 10
    endloop
  endfacet
  facet normal 0 -0 1
    outer loop
      vertex 22.5136 163.465 10
      vertex 23.0277 164.539 10
      vertex 21.3493 163.893 10
    endloop
  endfacet
  facet normal -0 0 1
    outer loop
      vertex 25.3026 163.894 10
      vertex 25.4047 163.79 10
      vertex 26.0667 164.562 10
    endloop
  endfacet
  facet normal 0 -0 1
    outer loop
      vertex 21.3493 163.893 10
      vertex 22.9603 165.55 10
      vertex 21.148 163.908 10
    endloop
  endfacet
  facet normal 0 0 1
    outer loop
      vertex 26.9005 175.437 10
      vertex 27.1748 172.172 10
      vertex 27.2792 172.354 10
    endloop
  endfacet
  facet normal 0 -0 1
    outer loop
      vertex 22.9603 165.55 10
      vertex 23.017 165.678 10
      vertex 21.148 163.908 10
    endloop
  endfacet
  facet normal 0 0 1
    outer loop
      vertex 26.0667 164.562 10
      vertex 24.187 164.225 10
      vertex 25.3026 163.894 10
    endloop
  endfacet
  facet normal 0 -0 1
    outer loop
      vertex 23.3455 165.937 10
      vertex 23.4004 166.652 10
      vertex 23.017 165.678 10
    endloop
  endfacet
  facet normal 0 0 1
    outer loop
      vertex 23.6997 166.65 10
      vertex 25.8128 165.851 10
      vertex 25.8241 165.943 10
    endloop
  endfacet
  facet normal -0 0 1
    outer loop
      vertex 17.24 179.649 10
      vertex 17.1732 179.525 10
      vertex 18.0242 180.214 10
    endloop
  endfacet
  facet normal 0 0 1
    outer loop
      vertex 25.8128 165.851 10
      vertex 24.187 164.225 10
      vertex 26.0667 164.562 10
    endloop
  endfacet
  facet normal 0 0 1
    outer loop
      vertex 26.4638 167.219 10
      vertex 26.9481 167.415 10
      vertex 27.6074 168.222 10
    endloop
  endfacet
  facet normal 0 -0 1
    outer loop
      vertex 25.5983 163.082 10
      vertex 25.745 163.109 10
      vertex 25.4047 163.79 10
    endloop
  endfacet
  facet normal 0 -0 1
    outer loop
      vertex 25.745 163.109 10
      vertex 26.0667 164.562 10
      vertex 25.4047 163.79 10
    endloop
  endfacet
  facet normal 0 0 1
    outer loop
      vertex 52.0474 220.878 10
      vertex 55.5811 221.537 10
      vertex 55.5017 221.647 10
    endloop
  endfacet
  facet normal 0 -0 1
    outer loop
      vertex 23.8078 165.028 10
      vertex 25.8128 165.851 10
      vertex 23.6997 166.65 10
    endloop
  endfacet
  facet normal 0 -0 1
    outer loop
      vertex 26.5278 183.052 10
      vertex 26.5345 183.164 10
      vertex 24.0593 183.955 10
    endloop
  endfacet
  facet normal -0 0 1
    outer loop
      vertex 23.6997 166.65 10
      vertex 25.8241 165.943 10
      vertex 26.3841 167.143 10
    endloop
  endfacet
  facet normal 0 -0 1
    outer loop
      vertex 23.6997 166.65 10
      vertex 26.3841 167.143 10
      vertex 23.5147 166.786 10
    endloop
  endfacet
  facet normal 0 -0 1
    outer loop
      vertex 26.3841 167.143 10
      vertex 26.4638 167.219 10
      vertex 23.5147 166.786 10
    endloop
  endfacet
  facet normal 0 0 1
    outer loop
      vertex 26.4638 167.219 10
      vertex 27.6074 168.222 10
      vertex 27.8172 169.692 10
    endloop
  endfacet
  facet normal 0 -0 1
    outer loop
      vertex 26.4638 167.219 10
      vertex 27.8172 169.692 10
      vertex 23.5147 166.786 10
    endloop
  endfacet
  facet normal -0 0 1
    outer loop
      vertex 39.1241 211.197 10
      vertex 39.1378 211.022 10
      vertex 40.21 211.718 10
    endloop
  endfacet
  facet normal 0 0 1
    outer loop
      vertex 27.8172 169.692 10
      vertex 27.1748 172.172 10
      vertex 23.5147 166.786 10
    endloop
  endfacet
  facet normal 0 -0 1
    outer loop
      vertex 17.24 179.649 10
      vertex 18.0242 180.214 10
      vertex 17.1374 179.792 10
    endloop
  endfacet
  facet normal 0 -0 1
    outer loop
      vertex 28.1183 172.591 10
      vertex 28.4527 173.779 10
      vertex 27.2792 172.354 10
    endloop
  endfacet
  facet normal 0 0 1
    outer loop
      vertex 28.4527 173.779 10
      vertex 26.9005 175.437 10
      vertex 27.2792 172.354 10
    endloop
  endfacet
  facet normal 0 0 1
    outer loop
      vertex 27.823 192.182 10
      vertex 25.9481 190.717 10
      vertex 30.1953 189.686 10
    endloop
  endfacet
  facet normal 0 0 1
    outer loop
      vertex 26.7758 179.639 10
      vertex 26.77 179.679 10
      vertex 19.2776 180.817 10
    endloop
  endfacet
  facet normal 0 0 1
    outer loop
      vertex 26.7814 181.347 10
      vertex 23.9035 183.79 10
      vertex 26.76 181.269 10
    endloop
  endfacet
  facet normal 0 -0 1
    outer loop
      vertex 22.3046 184.356 10
      vertex 24.1925 185.599 10
      vertex 21.8501 185.184 10
    endloop
  endfacet
  facet normal 0 0 1
    outer loop
      vertex 24.1925 185.599 10
      vertex 24.1311 186.159 10
      vertex 21.8501 185.184 10
    endloop
  endfacet
  facet normal 0 0 1
    outer loop
      vertex 24.0593 183.955 10
      vertex 23.9035 183.79 10
      vertex 26.5278 183.052 10
    endloop
  endfacet
  facet normal 0 0 1
    outer loop
      vertex 31.1632 198.948 10
      vertex 29.192 199.527 10
      vertex 29.2832 198.607 10
    endloop
  endfacet
  facet normal 0 0 1
    outer loop
      vertex 26.9858 181.688 10
      vertex 26.5278 183.052 10
      vertex 26.7814 181.347 10
    endloop
  endfacet
  facet normal 0 -0 1
    outer loop
      vertex 37.1559 207.972 10
      vertex 37.1922 208.034 10
      vertex 36.3979 207.875 10
    endloop
  endfacet
  facet normal 0 0 1
    outer loop
      vertex 25.9481 190.717 10
      vertex 25.5458 186.783 10
      vertex 28.3722 186.788 10
    endloop
  endfacet
  facet normal 0 0 1
    outer loop
      vertex 26.9847 184.113 10
      vertex 26.9117 184.587 10
      vertex 26.5345 183.164 10
    endloop
  endfacet
  facet normal 0 0 1
    outer loop
      vertex 28.3722 186.788 10
      vertex 29.2822 187.168 10
      vertex 30.1953 189.686 10
    endloop
  endfacet
  facet normal 0 0 1
    outer loop
      vertex 29.2822 187.168 10
      vertex 29.3672 187.178 10
      vertex 30.2499 189.493 10
    endloop
  endfacet
  facet normal 0 0 1
    outer loop
      vertex 30.2499 189.493 10
      vertex 31.2874 187.975 10
      vertex 31.142 188.93 10
    endloop
  endfacet
  facet normal 0 -0 1
    outer loop
      vertex 30.9417 186.887 10
      vertex 31.1085 187.184 10
      vertex 29.3672 187.178 10
    endloop
  endfacet
  facet normal 0 -0 1
    outer loop
      vertex 31.1085 187.184 10
      vertex 31.2874 187.975 10
      vertex 29.3672 187.178 10
    endloop
  endfacet
  facet normal 0 0 1
    outer loop
      vertex 29.3672 187.178 10
      vertex 31.2874 187.975 10
      vertex 30.2499 189.493 10
    endloop
  endfacet
  facet normal 0 0 1
    outer loop
      vertex 29.2822 187.168 10
      vertex 30.2499 189.493 10
      vertex 30.1953 189.686 10
    endloop
  endfacet
  facet normal 0 0 1
    outer loop
      vertex 28.7872 193.722 10
      vertex 28.8291 193.524 10
      vertex 32.0344 193.444 10
    endloop
  endfacet
  facet normal 0 0 1
    outer loop
      vertex 32.8539 203.701 10
      vertex 31.1561 201.517 10
      vertex 34.1463 199.955 10
    endloop
  endfacet
  facet normal -0 0 1
    outer loop
      vertex 31.1219 201.69 10
      vertex 31.1561 201.517 10
      vertex 32.8539 203.701 10
    endloop
  endfacet
  facet normal 0 0 1
    outer loop
      vertex 34.1093 207.272 10
      vertex 34.2691 207.928 10
      vertex 34.1485 207.938 10
    endloop
  endfacet
  facet normal 0 0 1
    outer loop
      vertex 35.7026 205.12 10
      vertex 34.7629 205.255 10
      vertex 34.7996 204.751 10
    endloop
  endfacet
  facet normal 0 0 1
    outer loop
      vertex 33.3569 198.231 10
      vertex 34.2495 198.916 10
      vertex 34.1214 199.85 10
    endloop
  endfacet
  facet normal 0 -0 1
    outer loop
      vertex 31.3221 198.871 10
      vertex 34.1214 199.85 10
      vertex 31.1561 201.517 10
    endloop
  endfacet
  facet normal -0 0 1
    outer loop
      vertex 38.1811 212.629 10
      vertex 38.7119 211.59 10
      vertex 38.7611 213.269 10
    endloop
  endfacet
  facet normal -0 0 1
    outer loop
      vertex 30.9226 202.415 10
      vertex 31.1219 201.69 10
      vertex 30.9698 202.465 10
    endloop
  endfacet
  facet normal 0 0 1
    outer loop
      vertex 35.6974 205.226 10
      vertex 34.7629 205.255 10
      vertex 35.7026 205.12 10
    endloop
  endfacet
  facet normal 0 0 1
    outer loop
      vertex 42.3733 211.646 10
      vertex 41.8975 216.431 10
      vertex 40.2849 215.45 10
    endloop
  endfacet
  facet normal -0 0 1
    outer loop
      vertex 33.0375 207.366 10
      vertex 33.9338 207.289 10
      vertex 33.6714 208.197 10
    endloop
  endfacet
  facet normal -0 0 1
    outer loop
      vertex 36.8649 211.74 10
      vertex 36.9603 211.496 10
      vertex 37.1156 212.208 10
    endloop
  endfacet
  facet normal -0 0 1
    outer loop
      vertex 34.8288 208.499 10
      vertex 36.1076 207.803 10
      vertex 35.4873 209.682 10
    endloop
  endfacet
  facet normal -0 0 1
    outer loop
      vertex 36.5394 209.193 10
      vertex 36.5605 209.016 10
      vertex 38.3922 209.274 10
    endloop
  endfacet
  facet normal 0 0 1
    outer loop
      vertex 40.7033 212.026 10
      vertex 40.2849 215.45 10
      vertex 39.4575 215.125 10
    endloop
  endfacet
  facet normal 0 0 1
    outer loop
      vertex 36.5605 209.016 10
      vertex 36.2868 208.532 10
      vertex 37.1922 208.034 10
    endloop
  endfacet
  facet normal 0 0 1
    outer loop
      vertex 44.5653 214.674 10
      vertex 41.8975 216.431 10
      vertex 42.3733 211.646 10
    endloop
  endfacet
  facet normal 0 0 1
    outer loop
      vertex 46.2284 217.938 10
      vertex 48.6263 219.662 10
      vertex 47.0102 220.091 10
    endloop
  endfacet
  facet normal -0 0 1
    outer loop
      vertex 42.3959 211.639 10
      vertex 44.3339 210.86 10
      vertex 44.2982 211.674 10
    endloop
  endfacet
  facet normal 0 -0 1
    outer loop
      vertex 39.7397 208.562 10
      vertex 40.2395 209.769 10
      vertex 38.5803 209.297 10
    endloop
  endfacet
  facet normal -0 0 1
    outer loop
      vertex 38.0836 212.581 10
      vertex 38.7119 211.59 10
      vertex 38.1811 212.629 10
    endloop
  endfacet
  facet normal 0 0 1
    outer loop
      vertex 44.6868 214.889 10
      vertex 44.5989 216.624 10
      vertex 44.5956 214.848 10
    endloop
  endfacet
  facet normal 0 0 1
    outer loop
      vertex 43.6565 217.12 10
      vertex 43.5001 217.276 10
      vertex 42.1461 216.604 10
    endloop
  endfacet
  facet normal 0 0 1
    outer loop
      vertex 44.5653 214.674 10
      vertex 42.3733 211.646 10
      vertex 42.3959 211.639 10
    endloop
  endfacet
  facet normal 0 0 1
    outer loop
      vertex 44.26 211.89 10
      vertex 42.3959 211.639 10
      vertex 44.2982 211.674 10
    endloop
  endfacet
  facet normal 0 -0 1
    outer loop
      vertex 44.3339 210.86 10
      vertex 44.7576 211.376 10
      vertex 44.2982 211.674 10
    endloop
  endfacet
  facet normal 0 0 1
    outer loop
      vertex 44.8406 212.664 10
      vertex 42.3959 211.639 10
      vertex 44.26 211.89 10
    endloop
  endfacet
  facet normal 0 0 1
    outer loop
      vertex 47.1647 216.436 10
      vertex 46.1878 217.766 10
      vertex 46.7147 216.066 10
    endloop
  endfacet
  facet normal 0 0 1
    outer loop
      vertex 45.0621 213.661 10
      vertex 44.5653 214.674 10
      vertex 44.8406 212.664 10
    endloop
  endfacet
  facet normal 0 0 1
    outer loop
      vertex 44.5653 214.674 10
      vertex 42.3959 211.639 10
      vertex 44.8406 212.664 10
    endloop
  endfacet
  facet normal 0 0 1
    outer loop
      vertex 44.5956 214.848 10
      vertex 42.0161 216.474 10
      vertex 44.5653 214.674 10
    endloop
  endfacet
  facet normal 0 0 1
    outer loop
      vertex 44.4589 216.714 10
      vertex 43.6565 217.12 10
      vertex 44.5956 214.848 10
    endloop
  endfacet
  facet normal 0 0 1
    outer loop
      vertex 46.7147 216.066 10
      vertex 46.1878 217.766 10
      vertex 46.0536 217.734 10
    endloop
  endfacet
  facet normal -0 0 1
    outer loop
      vertex 47.99 216.47 10
      vertex 48.1184 216.398 10
      vertex 48.8633 219.675 10
    endloop
  endfacet
  facet normal 0 0 1
    outer loop
      vertex 46.7147 216.066 10
      vertex 44.8046 216.667 10
      vertex 46.66 215.95 10
    endloop
  endfacet
  facet normal 0 -0 1
    outer loop
      vertex 45.7407 214.983 10
      vertex 45.8214 215.117 10
      vertex 44.6868 214.889 10
    endloop
  endfacet
  facet normal -0 0 1
    outer loop
      vertex 60.7089 227.253 10
      vertex 61.3322 226.377 10
      vertex 61.3839 228.07 10
    endloop
  endfacet
  facet normal 0 -0 1
    outer loop
      vertex 46.66 215.053 10
      vertex 46.66 215.95 10
      vertex 45.9791 215.187 10
    endloop
  endfacet
  facet normal 0 0 1
    outer loop
      vertex 67.1173 224.392 10
      vertex 65.9728 225.125 10
      vertex 66.4916 221.742 10
    endloop
  endfacet
  facet normal 0 0 1
    outer loop
      vertex 51.9721 220.718 10
      vertex 48.8633 219.675 10
      vertex 48.1184 216.398 10
    endloop
  endfacet
  facet normal 0 0 1
    outer loop
      vertex 49.5827 222.541 10
      vertex 48.5435 221.507 10
      vertex 48.5954 221.427 10
    endloop
  endfacet
  facet normal 0 0 1
    outer loop
      vertex 55.9673 213.556 10
      vertex 53.081 213.542 10
      vertex 55.4077 212.292 10
    endloop
  endfacet
  facet normal 0 0 1
    outer loop
      vertex 52.8808 213.486 10
      vertex 49.7041 213.762 10
      vertex 51.8121 212.607 10
    endloop
  endfacet
  facet normal 0 0 1
    outer loop
      vertex 52.8808 213.486 10
      vertex 51.8121 212.607 10
      vertex 52.5743 212.966 10
    endloop
  endfacet
  facet normal 0 0 1
    outer loop
      vertex 55.9673 213.556 10
      vertex 55.4077 212.292 10
      vertex 55.6196 212.484 10
    endloop
  endfacet
  facet normal 0 0 1
    outer loop
      vertex 66.7618 225.416 10
      vertex 66.1492 225.097 10
      vertex 67.0354 225.02 10
    endloop
  endfacet
  facet normal -0 -0 1
    outer loop
      vertex 49.9192 213.018 10
      vertex 51.8121 212.607 10
      vertex 49.7041 213.762 10
    endloop
  endfacet
  facet normal 0 0 1
    outer loop
      vertex 49.6884 213.798 10
      vertex 49.7041 213.762 10
      vertex 52.8808 213.486 10
    endloop
  endfacet
  facet normal -0 -0 1
    outer loop
      vertex 49.6884 213.798 10
      vertex 52.8808 213.486 10
      vertex 48.1184 216.398 10
    endloop
  endfacet
  facet normal 0 0 1
    outer loop
      vertex 51.9721 220.718 10
      vertex 53.081 213.542 10
      vertex 57.1149 216.418 10
    endloop
  endfacet
  facet normal 0 0 1
    outer loop
      vertex 67.1173 224.392 10
      vertex 66.9907 224.554 10
      vertex 65.9728 225.125 10
    endloop
  endfacet
  facet normal 0 0 1
    outer loop
      vertex 56.0358 213.64 10
      vertex 53.081 213.542 10
      vertex 55.9673 213.556 10
    endloop
  endfacet
  facet normal 0 -0 1
    outer loop
      vertex 56.7226 214.031 10
      vertex 57.0709 214.594 10
      vertex 56.0358 213.64 10
    endloop
  endfacet
  facet normal 0 -0 1
    outer loop
      vertex 57.0709 214.594 10
      vertex 57.11 216.383 10
      vertex 56.0358 213.64 10
    endloop
  endfacet
  facet normal 0 0 1
    outer loop
      vertex 57.11 216.383 10
      vertex 53.081 213.542 10
      vertex 56.0358 213.64 10
    endloop
  endfacet
  facet normal 0 0 1
    outer loop
      vertex 57.1149 216.418 10
      vertex 53.081 213.542 10
      vertex 57.11 216.383 10
    endloop
  endfacet
  facet normal 0 0 1
    outer loop
      vertex 57.7949 219.008 10
      vertex 55.5811 221.537 10
      vertex 57.1149 216.418 10
    endloop
  endfacet
  facet normal 0 0 1
    outer loop
      vertex 66.1492 225.097 10
      vertex 66.9907 224.554 10
      vertex 67.0354 225.02 10
    endloop
  endfacet
  facet normal 0 0 1
    outer loop
      vertex 55.7554 221.563 10
      vertex 55.5811 221.537 10
      vertex 57.7949 219.008 10
    endloop
  endfacet
  facet normal 0 0 1
    outer loop
      vertex 58.8272 220.496 10
      vertex 56.6381 222.476 10
      vertex 56.5954 222.393 10
    endloop
  endfacet
  facet normal 0 -0 1
    outer loop
      vertex 58.9568 220.56 10
      vertex 58.9932 223.528 10
      vertex 56.6381 222.476 10
    endloop
  endfacet
  facet normal 0 0 1
    outer loop
      vertex 60.5477 225.815 10
      vertex 60.1246 224.28 10
      vertex 61.8734 225.36 10
    endloop
  endfacet
  facet normal 0 0 1
    outer loop
      vertex 65.9728 225.125 10
      vertex 63.7178 225.925 10
      vertex 63.9787 222.059 10
    endloop
  endfacet
  facet normal 0 0 1
    outer loop
      vertex 60.0696 224.2 10
      vertex 61.5703 221.5 10
      vertex 62.5003 222.59 10
    endloop
  endfacet
  facet normal 0 0 1
    outer loop
      vertex 63.8115 221.889 10
      vertex 62.1001 221.45 10
      vertex 63.8615 221.539 10
    endloop
  endfacet
  facet normal 0 0 1
    outer loop
      vertex 68.4684 219.42 10
      vertex 67.8533 219.47 10
      vertex 67.7651 219.132 10
    endloop
  endfacet
  facet normal 0 0 1
    outer loop
      vertex 66.8312 218.993 10
      vertex 65.9612 219.163 10
      vertex 66.8712 218.599 10
    endloop
  endfacet
  facet normal 0 0 1
    outer loop
      vertex 65.9612 219.163 10
      vertex 65.332 217.628 10
      vertex 66.8712 218.599 10
    endloop
  endfacet
  facet normal -0 0 1
    outer loop
      vertex 65.332 217.628 10
      vertex 66.7208 217.415 10
      vertex 66.8712 218.599 10
    endloop
  endfacet
  facet normal 0 0 1
    outer loop
      vertex 65.3196 217.504 10
      vertex 65.2379 216.602 10
      vertex 66.7208 217.415 10
    endloop
  endfacet
  facet normal 0 0 1
    outer loop
      vertex 67.7651 219.132 10
      vertex 67.6288 219.02 10
      vertex 68.566 218.737 10
    endloop
  endfacet
  facet normal 0 0 1
    outer loop
      vertex 64.2616 215.689 10
      vertex 64.4502 215.019 10
      vertex 64.7799 215.306 10
    endloop
  endfacet
  facet normal -0 0 1
    outer loop
      vertex 64.2616 215.689 10
      vertex 64.7799 215.306 10
      vertex 65.1671 216.516 10
    endloop
  endfacet
  facet normal 0 0 1
    outer loop
      vertex 64.2616 215.689 10
      vertex 65.1671 216.516 10
      vertex 65.3196 217.504 10
    endloop
  endfacet
  facet normal 0 0 1
    outer loop
      vertex 65.1671 216.516 10
      vertex 65.2379 216.602 10
      vertex 65.3196 217.504 10
    endloop
  endfacet
  facet normal -0 0 1
    outer loop
      vertex 65.3196 217.504 10
      vertex 66.7208 217.415 10
      vertex 65.332 217.628 10
    endloop
  endfacet
  facet normal 0 0 1
    outer loop
      vertex 67.4846 219.105 10
      vertex 67.2105 219.679 10
      vertex 67.0013 219.09 10
    endloop
  endfacet
  facet normal 0 0 1
    outer loop
      vertex 67.1173 224.392 10
      vertex 66.4916 221.742 10
      vertex 67.6017 222.354 10
    endloop
  endfacet
  facet normal 0 -0 1
    outer loop
      vertex 67.0832 218.716 10
      vertex 67.4846 219.105 10
      vertex 67.0013 219.09 10
    endloop
  endfacet
  facet normal 0 -0 1
    outer loop
      vertex 64.902 218.888 10
      vertex 65.8414 219.289 10
      vertex 64.8371 218.969 10
    endloop
  endfacet
  facet normal 0 0 1
    outer loop
      vertex 63.9515 221.422 10
      vertex 63.2424 219.924 10
      vertex 65.6432 220.705 10
    endloop
  endfacet
  facet normal 0 -0 1
    outer loop
      vertex 65.332 217.628 10
      vertex 65.9612 219.163 10
      vertex 64.902 218.888 10
    endloop
  endfacet
  facet normal 0 0 1
    outer loop
      vertex 68.566 218.737 10
      vertex 68.4684 219.42 10
      vertex 67.7651 219.132 10
    endloop
  endfacet
  facet normal 0 0 1
    outer loop
      vertex 68.337 218.134 10
      vertex 67.6288 219.02 10
      vertex 67.0832 218.716 10
    endloop
  endfacet
  facet normal 0 -0 1
    outer loop
      vertex 68.337 218.134 10
      vertex 68.566 218.737 10
      vertex 67.6288 219.02 10
    endloop
  endfacet
  facet normal 0 0 1
    outer loop
      vertex 67.6288 219.02 10
      vertex 67.4846 219.105 10
      vertex 67.0832 218.716 10
    endloop
  endfacet
  facet normal 0 0 1
    outer loop
      vertex 65.6432 220.705 10
      vertex 63.2424 219.924 10
      vertex 64.8371 218.969 10
    endloop
  endfacet
  facet normal 0 0 1
    outer loop
      vertex 67.0832 218.716 10
      vertex 67.0013 219.09 10
      vertex 66.8312 218.993 10
    endloop
  endfacet
  facet normal 0 0 1
    outer loop
      vertex 65.9612 219.163 10
      vertex 65.8414 219.289 10
      vertex 64.902 218.888 10
    endloop
  endfacet
  facet normal 0 0 1
    outer loop
      vertex 67.0832 218.716 10
      vertex 66.8312 218.993 10
      vertex 66.8712 218.599 10
    endloop
  endfacet
  facet normal 0 0 1
    outer loop
      vertex 65.8414 219.289 10
      vertex 65.6432 220.705 10
      vertex 64.8371 218.969 10
    endloop
  endfacet
  facet normal 0 0 1
    outer loop
      vertex 63.8615 221.539 10
      vertex 63.2424 219.924 10
      vertex 63.9515 221.422 10
    endloop
  endfacet
  facet normal 0 0 1
    outer loop
      vertex 66.4916 221.742 10
      vertex 67.1721 221.906 10
      vertex 67.6017 222.354 10
    endloop
  endfacet
  facet normal -0 0 1
    outer loop
      vertex 62.1001 221.45 10
      vertex 63.2424 219.924 10
      vertex 63.8615 221.539 10
    endloop
  endfacet
  facet normal 0 0 1
    outer loop
      vertex 62.7947 222.541 10
      vertex 62.6572 222.43 10
      vertex 63.8115 221.889 10
    endloop
  endfacet
  facet normal 0 0 1
    outer loop
      vertex 62.7947 222.541 10
      vertex 63.8115 221.889 10
      vertex 63.9787 222.059 10
    endloop
  endfacet
  facet normal 0 0 1
    outer loop
      vertex 64.6049 226.522 10
      vertex 63.7178 225.925 10
      vertex 65.9728 225.125 10
    endloop
  endfacet
  facet normal 0 0 1
    outer loop
      vertex 67.6455 222.385 10
      vertex 68.6066 222.843 10
      vertex 68.582 223.53 10
    endloop
  endfacet
  facet normal -0 0 1
    outer loop
      vertex 19.1288 183.917 10
      vertex 19.2467 183.801 10
      vertex 19.1452 184.512 10
    endloop
  endfacet
  facet normal 0 0 1
    outer loop
      vertex 67.1173 224.392 10
      vertex 67.6017 222.354 10
      vertex 67.6455 222.385 10
    endloop
  endfacet
  facet normal 0 0 1
    outer loop
      vertex 67.9144 224.27 10
      vertex 67.6455 222.385 10
      vertex 68.582 223.53 10
    endloop
  endfacet
  facet normal 0 0 1
    outer loop
      vertex 67.1173 224.392 10
      vertex 67.6455 222.385 10
      vertex 67.9144 224.27 10
    endloop
  endfacet
  facet normal 0 0 1
    outer loop
      vertex 66.9907 224.554 10
      vertex 66.1492 225.097 10
      vertex 65.9728 225.125 10
    endloop
  endfacet
  facet normal 0 0 1
    outer loop
      vertex 65.9728 225.125 10
      vertex 63.9787 222.059 10
      vertex 66.4916 221.742 10
    endloop
  endfacet
  facet normal 0 0 1
    outer loop
      vertex 64.6049 226.522 10
      vertex 64.1462 226.537 10
      vertex 63.7178 225.925 10
    endloop
  endfacet
  facet normal 0 -0 1
    outer loop
      vertex 62.1001 221.45 10
      vertex 62.6572 222.43 10
      vertex 61.9893 221.51 10
    endloop
  endfacet
  facet normal -0 0 1
    outer loop
      vertex 62.0374 225.295 10
      vertex 62.5003 222.59 10
      vertex 62.6776 225.338 10
    endloop
  endfacet
  facet normal 0 0 1
    outer loop
      vertex 61.8734 225.36 10
      vertex 60.1246 224.28 10
      vertex 62.0374 225.295 10
    endloop
  endfacet
  facet normal 0 0 1
    outer loop
      vertex 61.3305 226.201 10
      vertex 61.2129 226.14 10
      vertex 61.8918 225.544 10
    endloop
  endfacet
  facet normal 0 0 1
    outer loop
      vertex 62.6219 225.445 10
      vertex 62.0374 225.295 10
      vertex 62.6776 225.338 10
    endloop
  endfacet
  facet normal 0 0 1
    outer loop
      vertex 62.6572 222.43 10
      vertex 62.5003 222.59 10
      vertex 61.9893 221.51 10
    endloop
  endfacet
  facet normal 0 0 1
    outer loop
      vertex 62.1001 221.45 10
      vertex 63.8115 221.889 10
      vertex 62.6572 222.43 10
    endloop
  endfacet
  facet normal 0 0 1
    outer loop
      vertex 63.9787 222.059 10
      vertex 63.7178 225.925 10
      vertex 62.7947 222.541 10
    endloop
  endfacet
  facet normal -0 0 1
    outer loop
      vertex 61.6693 221.53 10
      vertex 61.9893 221.51 10
      vertex 62.5003 222.59 10
    endloop
  endfacet
  facet normal 0 -0 1
    outer loop
      vertex 61.6693 221.53 10
      vertex 62.5003 222.59 10
      vertex 61.5703 221.5 10
    endloop
  endfacet
  facet normal -0 0 1
    outer loop
      vertex 60.5477 225.815 10
      vertex 61.8734 225.36 10
      vertex 61.2129 226.14 10
    endloop
  endfacet
  facet normal -0 0 1
    outer loop
      vertex 61.3322 226.377 10
      vertex 61.3305 226.201 10
      vertex 62.808 226.499 10
    endloop
  endfacet
  facet normal -0 0 1
    outer loop
      vertex 61.3305 226.201 10
      vertex 61.8918 225.544 10
      vertex 62.808 226.499 10
    endloop
  endfacet
  facet normal 0 0 1
    outer loop
      vertex 61.3322 226.377 10
      vertex 62.4689 227.774 10
      vertex 61.3839 228.07 10
    endloop
  endfacet
  facet normal 0 0 1
    outer loop
      vertex 62.9301 227.388 10
      vertex 62.4689 227.774 10
      vertex 62.808 226.499 10
    endloop
  endfacet
  facet normal -0 0 1
    outer loop
      vertex 56.7438 223.139 10
      vertex 56.6381 222.476 10
      vertex 58.9932 223.528 10
    endloop
  endfacet
  facet normal 0 0 1
    outer loop
      vertex 56.7438 223.139 10
      vertex 58.9065 225.282 10
      vertex 58.4123 226.052 10
    endloop
  endfacet
  facet normal 0 0 1
    outer loop
      vertex 54.3994 225.524 10
      vertex 56.033 226.445 10
      vertex 54.4084 225.658 10
    endloop
  endfacet
  facet normal 0 0 1
    outer loop
      vertex 62.5003 222.59 10
      vertex 62.0374 225.295 10
      vertex 60.1246 224.28 10
    endloop
  endfacet
  facet normal 0 0 1
    outer loop
      vertex 62.4689 227.774 10
      vertex 61.3322 226.377 10
      vertex 62.808 226.499 10
    endloop
  endfacet
  facet normal 0 0 1
    outer loop
      vertex 61.2129 226.14 10
      vertex 60.7691 226.131 10
      vertex 60.5477 225.815 10
    endloop
  endfacet
  facet normal 0 0 1
    outer loop
      vertex 61.2129 226.14 10
      vertex 61.8734 225.36 10
      vertex 61.8918 225.544 10
    endloop
  endfacet
  facet normal 0 -0 1
    outer loop
      vertex 60.2332 220.502 10
      vertex 61.5703 221.5 10
      vertex 59.1696 223.53 10
    endloop
  endfacet
  facet normal 0 0 1
    outer loop
      vertex 56.6381 222.476 10
      vertex 58.8272 220.496 10
      vertex 58.9568 220.56 10
    endloop
  endfacet
  facet normal -0 0 1
    outer loop
      vertex 59.1696 223.53 10
      vertex 61.5703 221.5 10
      vertex 60.0696 224.2 10
    endloop
  endfacet
  facet normal -0 0 1
    outer loop
      vertex 60.0696 224.2 10
      vertex 62.5003 222.59 10
      vertex 60.1246 224.28 10
    endloop
  endfacet
  facet normal 0 0 1
    outer loop
      vertex 59.1696 223.53 10
      vertex 58.9568 220.56 10
      vertex 60.2332 220.502 10
    endloop
  endfacet
  facet normal 0 0 1
    outer loop
      vertex 58.9305 223.663 10
      vertex 56.7438 223.139 10
      vertex 58.9932 223.528 10
    endloop
  endfacet
  facet normal -0 0 1
    outer loop
      vertex 58.9932 223.528 10
      vertex 58.9568 220.56 10
      vertex 59.1696 223.53 10
    endloop
  endfacet
  facet normal 0 -0 1
    outer loop
      vertex 58.9305 223.663 10
      vertex 59.0551 225.11 10
      vertex 58.9065 225.282 10
    endloop
  endfacet
  facet normal 0 0 1
    outer loop
      vertex 58.4123 226.052 10
      vertex 58.9065 225.282 10
      vertex 58.8769 225.425 10
    endloop
  endfacet
  facet normal 0 0 1
    outer loop
      vertex 56.7438 223.139 10
      vertex 58.9305 223.663 10
      vertex 58.9065 225.282 10
    endloop
  endfacet
  facet normal 0 0 1
    outer loop
      vertex 59.1774 226.904 10
      vertex 58.4123 226.052 10
      vertex 59.2537 226.623 10
    endloop
  endfacet
  facet normal -0 0 1
    outer loop
      vertex 56.2567 226.456 10
      vertex 55.8863 224.248 10
      vertex 57.06 226.558 10
    endloop
  endfacet
  facet normal 0 0 1
    outer loop
      vertex 55.5017 221.647 10
      vertex 52.0912 222.523 10
      vertex 51.903 221.638 10
    endloop
  endfacet
  facet normal 0 -0 1
    outer loop
      vertex 58.8769 225.425 10
      vertex 59.2537 226.623 10
      vertex 58.4123 226.052 10
    endloop
  endfacet
  facet normal 0 -0 1
    outer loop
      vertex 52.0474 220.878 10
      vertex 55.5017 221.647 10
      vertex 51.903 221.638 10
    endloop
  endfacet
  facet normal -0 0 1
    outer loop
      vertex 55.7554 221.563 10
      vertex 58.8272 220.496 10
      vertex 56.5954 222.393 10
    endloop
  endfacet
  facet normal 0 0 1
    outer loop
      vertex 55.3951 222.429 10
      vertex 52.6902 223.473 10
      vertex 55.3917 222.367 10
    endloop
  endfacet
  facet normal 0 -0 1
    outer loop
      vertex 57.8172 219.056 10
      vertex 58.8272 220.496 10
      vertex 55.7554 221.563 10
    endloop
  endfacet
  facet normal 0 0 1
    outer loop
      vertex 57.8172 219.056 10
      vertex 55.7554 221.563 10
      vertex 57.7949 219.008 10
    endloop
  endfacet
  facet normal 0 0 1
    outer loop
      vertex 53.5042 224.026 10
      vertex 52.6902 223.473 10
      vertex 55.3951 222.429 10
    endloop
  endfacet
  facet normal 0 0 1
    outer loop
      vertex 53.5494 224.074 10
      vertex 55.8751 224.219 10
      vertex 54.3994 225.524 10
    endloop
  endfacet
  facet normal -0 0 1
    outer loop
      vertex 54.0912 226.419 10
      vertex 54.4084 225.658 10
      vertex 56.033 226.445 10
    endloop
  endfacet
  facet normal 0 0 1
    outer loop
      vertex 57.06 226.558 10
      vertex 56.5583 226.829 10
      vertex 56.2567 226.456 10
    endloop
  endfacet
  facet normal 0 0 1
    outer loop
      vertex 54.887 227.495 10
      vertex 54.0912 226.419 10
      vertex 56.033 226.445 10
    endloop
  endfacet
  facet normal 0 0 1
    outer loop
      vertex 55.8863 224.248 10
      vertex 54.3994 225.524 10
      vertex 55.8751 224.219 10
    endloop
  endfacet
  facet normal 0 0 1
    outer loop
      vertex 55.8751 224.219 10
      vertex 53.5494 224.074 10
      vertex 55.3951 222.429 10
    endloop
  endfacet
  facet normal 0 0 1
    outer loop
      vertex 54.981 227.516 10
      vertex 54.887 227.495 10
      vertex 56.033 226.445 10
    endloop
  endfacet
  facet normal -0 0 1
    outer loop
      vertex 56.033 226.445 10
      vertex 55.8863 224.248 10
      vertex 56.2567 226.456 10
    endloop
  endfacet
  facet normal 0 0 1
    outer loop
      vertex 51.9721 220.718 10
      vertex 48.1184 216.398 10
      vertex 52.8808 213.486 10
    endloop
  endfacet
  facet normal 0 0 1
    outer loop
      vertex 51.7883 220.75 10
      vertex 48.9533 219.805 10
      vertex 48.8633 219.675 10
    endloop
  endfacet
  facet normal 0 0 1
    outer loop
      vertex 49.5827 222.541 10
      vertex 49.4805 222.599 10
      vertex 48.5435 221.507 10
    endloop
  endfacet
  facet normal -0 0 1
    outer loop
      vertex 49.7363 222.627 10
      vertex 51.0621 221.595 10
      vertex 50.8417 222.879 10
    endloop
  endfacet
  facet normal 0 -0 1
    outer loop
      vertex 55.8863 224.248 10
      vertex 56.033 226.445 10
      vertex 54.3994 225.524 10
    endloop
  endfacet
  facet normal 0 0 1
    outer loop
      vertex 51.7883 220.75 10
      vertex 48.8633 219.675 10
      vertex 51.9721 220.718 10
    endloop
  endfacet
  facet normal 0 0 1
    outer loop
      vertex 53.5494 224.074 10
      vertex 53.5042 224.026 10
      vertex 55.3951 222.429 10
    endloop
  endfacet
  facet normal 0 0 1
    outer loop
      vertex 55.3917 222.367 10
      vertex 52.6902 223.473 10
      vertex 52.0912 222.523 10
    endloop
  endfacet
  facet normal 0 0 1
    outer loop
      vertex 49.7363 222.627 10
      vertex 49.5827 222.541 10
      vertex 51.0621 221.595 10
    endloop
  endfacet
  facet normal 0 0 1
    outer loop
      vertex 50.3857 223.247 10
      vertex 49.9321 223.055 10
      vertex 50.8417 222.879 10
    endloop
  endfacet
  facet normal 0 0 1
    outer loop
      vertex 55.3917 222.367 10
      vertex 52.0912 222.523 10
      vertex 55.5017 221.647 10
    endloop
  endfacet
  facet normal 0 0 1
    outer loop
      vertex 57.1149 216.418 10
      vertex 55.5811 221.537 10
      vertex 51.9721 220.718 10
    endloop
  endfacet
  facet normal 0 0 1
    outer loop
      vertex 51.9721 220.718 10
      vertex 55.5811 221.537 10
      vertex 52.0474 220.878 10
    endloop
  endfacet
  facet normal 0 0 1
    outer loop
      vertex 53.081 213.542 10
      vertex 51.9721 220.718 10
      vertex 52.8808 213.486 10
    endloop
  endfacet
  facet normal 0 0 1
    outer loop
      vertex 51.0621 221.595 10
      vertex 48.5954 221.427 10
      vertex 51.0983 221.52 10
    endloop
  endfacet
  facet normal 0 0 1
    outer loop
      vertex 49.9321 223.055 10
      vertex 49.7363 222.627 10
      vertex 50.8417 222.879 10
    endloop
  endfacet
  facet normal 0 0 1
    outer loop
      vertex 48.4703 222.327 10
      vertex 49.4805 222.599 10
      vertex 49.3376 222.788 10
    endloop
  endfacet
  facet normal 0 0 1
    outer loop
      vertex 48.5435 221.507 10
      vertex 48.3526 222.318 10
      vertex 47.6924 222.186 10
    endloop
  endfacet
  facet normal 0 0 1
    outer loop
      vertex 49.4805 222.599 10
      vertex 48.4703 222.327 10
      vertex 48.5435 221.507 10
    endloop
  endfacet
  facet normal -0 0 1
    outer loop
      vertex 47.6388 222.39 10
      vertex 47.6924 222.186 10
      vertex 47.8647 222.48 10
    endloop
  endfacet
  facet normal 0 0 1
    outer loop
      vertex 47.99 216.47 10
      vertex 48.8633 219.675 10
      vertex 48.6263 219.662 10
    endloop
  endfacet
  facet normal 0 0 1
    outer loop
      vertex 47.5719 220.888 10
      vertex 47.3499 220.849 10
      vertex 47.1748 220.201 10
    endloop
  endfacet
  facet normal 0 -0 1
    outer loop
      vertex 46.2284 217.938 10
      vertex 47.0102 220.091 10
      vertex 45.7843 219 10
    endloop
  endfacet
  facet normal 0 0 1
    outer loop
      vertex 47.26 216.47 10
      vertex 46.1878 217.766 10
      vertex 47.1647 216.436 10
    endloop
  endfacet
  facet normal 0 0 1
    outer loop
      vertex 46.66 215.95 10
      vertex 44.8046 216.667 10
      vertex 45.9791 215.187 10
    endloop
  endfacet
  facet normal 0 0 1
    outer loop
      vertex 43.6565 217.12 10
      vertex 44.4589 216.714 10
      vertex 44.4007 216.896 10
    endloop
  endfacet
  facet normal 0 0 1
    outer loop
      vertex 48.3526 222.318 10
      vertex 47.8647 222.48 10
      vertex 47.6924 222.186 10
    endloop
  endfacet
  facet normal 0 0 1
    outer loop
      vertex 51.0621 221.595 10
      vertex 49.5827 222.541 10
      vertex 48.5954 221.427 10
    endloop
  endfacet
  facet normal 0 0 1
    outer loop
      vertex 48.4703 222.327 10
      vertex 48.3526 222.318 10
      vertex 48.5435 221.507 10
    endloop
  endfacet
  facet normal 0 0 1
    outer loop
      vertex 51.0983 221.52 10
      vertex 48.5954 221.427 10
      vertex 48.9754 219.927 10
    endloop
  endfacet
  facet normal 0 0 1
    outer loop
      vertex 51.0983 221.52 10
      vertex 48.9754 219.927 10
      vertex 51.7883 220.75 10
    endloop
  endfacet
  facet normal -0 0 1
    outer loop
      vertex 48.9754 219.927 10
      vertex 48.9533 219.805 10
      vertex 51.7883 220.75 10
    endloop
  endfacet
  facet normal -0 0 1
    outer loop
      vertex 46.2284 217.938 10
      vertex 47.99 216.47 10
      vertex 48.6263 219.662 10
    endloop
  endfacet
  facet normal -0 0 1
    outer loop
      vertex 47.1748 220.201 10
      vertex 48.6263 219.662 10
      vertex 47.5719 220.888 10
    endloop
  endfacet
  facet normal 0 0 1
    outer loop
      vertex 48.6263 219.662 10
      vertex 47.1748 220.201 10
      vertex 47.0102 220.091 10
    endloop
  endfacet
  facet normal 0 -0 1
    outer loop
      vertex 47.26 216.47 10
      vertex 47.99 216.47 10
      vertex 46.2284 217.938 10
    endloop
  endfacet
  facet normal 0 0 1
    outer loop
      vertex 47.0102 220.091 10
      vertex 45.9577 220.232 10
      vertex 45.7843 219 10
    endloop
  endfacet
  facet normal 0 -0 1
    outer loop
      vertex 44.5956 214.848 10
      vertex 44.5989 216.624 10
      vertex 44.4589 216.714 10
    endloop
  endfacet
  facet normal 0 0 1
    outer loop
      vertex 44.4937 219.751 10
      vertex 43.7945 217.23 10
      vertex 45.0494 218.517 10
    endloop
  endfacet
  facet normal 0 0 1
    outer loop
      vertex 46.7147 216.066 10
      vertex 46.0536 217.734 10
      vertex 44.8046 216.667 10
    endloop
  endfacet
  facet normal 0 0 1
    outer loop
      vertex 47.26 216.47 10
      vertex 46.2284 217.938 10
      vertex 46.1878 217.766 10
    endloop
  endfacet
  facet normal 0 -0 1
    outer loop
      vertex 45.8214 215.117 10
      vertex 45.9791 215.187 10
      vertex 44.8046 216.667 10
    endloop
  endfacet
  facet normal 0 0 1
    outer loop
      vertex 46.0536 217.734 10
      vertex 45.596 217.849 10
      vertex 44.8046 216.667 10
    endloop
  endfacet
  facet normal 0 0 1
    outer loop
      vertex 45.8214 215.117 10
      vertex 44.8046 216.667 10
      vertex 44.6868 214.889 10
    endloop
  endfacet
  facet normal 0 -0 1
    outer loop
      vertex 44.6868 214.889 10
      vertex 44.8046 216.667 10
      vertex 44.5989 216.624 10
    endloop
  endfacet
  facet normal -0 0 1
    outer loop
      vertex 43.6565 217.12 10
      vertex 44.4007 216.896 10
      vertex 43.7945 217.23 10
    endloop
  endfacet
  facet normal 0 0 1
    outer loop
      vertex 43.5001 217.276 10
      vertex 42.1435 216.819 10
      vertex 42.1461 216.604 10
    endloop
  endfacet
  facet normal 0 0 1
    outer loop
      vertex 42.2715 218.008 10
      vertex 42.1435 216.819 10
      vertex 43.5001 217.276 10
    endloop
  endfacet
  facet normal 0 0 1
    outer loop
      vertex 45.0166 220.261 10
      vertex 44.4937 219.751 10
      vertex 45.0494 218.517 10
    endloop
  endfacet
  facet normal -0 0 1
    outer loop
      vertex 41.5365 217.398 10
      vertex 42.1435 216.819 10
      vertex 42.2715 218.008 10
    endloop
  endfacet
  facet normal -0 0 1
    outer loop
      vertex 42.7746 219.21 10
      vertex 43.5001 217.276 10
      vertex 43.5911 219.488 10
    endloop
  endfacet
  facet normal 0 0 1
    outer loop
      vertex 45.0494 218.517 10
      vertex 43.7945 217.23 10
      vertex 44.4007 216.896 10
    endloop
  endfacet
  facet normal -0 0 1
    outer loop
      vertex 42.2715 218.008 10
      vertex 43.5001 217.276 10
      vertex 42.3399 218.086 10
    endloop
  endfacet
  facet normal 0 0 1
    outer loop
      vertex 43.5001 217.276 10
      vertex 42.7746 219.21 10
      vertex 42.3399 218.086 10
    endloop
  endfacet
  facet normal 0 -0 1
    outer loop
      vertex 41.5365 217.398 10
      vertex 42.2715 218.008 10
      vertex 41.525 217.603 10
    endloop
  endfacet
  facet normal 0 0 1
    outer loop
      vertex 40.7033 212.026 10
      vertex 38.7907 213.318 10
      vertex 40.6012 212.013 10
    endloop
  endfacet
  facet normal 0 0 1
    outer loop
      vertex 41.4175 216.471 10
      vertex 40.3798 215.598 10
      vertex 41.8975 216.431 10
    endloop
  endfacet
  facet normal -0 0 1
    outer loop
      vertex 40.3218 216.622 10
      vertex 41.3187 216.519 10
      vertex 40.6225 217.289 10
    endloop
  endfacet
  facet normal 0 0 1
    outer loop
      vertex 38.7907 213.318 10
      vertex 40.2912 211.853 10
      vertex 40.6012 212.013 10
    endloop
  endfacet
  facet normal 0 0 1
    outer loop
      vertex 43.6565 217.12 10
      vertex 42.1461 216.604 10
      vertex 44.5956 214.848 10
    endloop
  endfacet
  facet normal 0 0 1
    outer loop
      vertex 42.1461 216.604 10
      vertex 42.0161 216.474 10
      vertex 44.5956 214.848 10
    endloop
  endfacet
  facet normal 0 0 1
    outer loop
      vertex 42.0161 216.474 10
      vertex 41.8975 216.431 10
      vertex 44.5653 214.674 10
    endloop
  endfacet
  facet normal 0 0 1
    outer loop
      vertex 41.8975 216.431 10
      vertex 40.3798 215.598 10
      vertex 40.2849 215.45 10
    endloop
  endfacet
  facet normal 0 0 1
    outer loop
      vertex 41.4175 216.471 10
      vertex 41.3187 216.519 10
      vertex 40.3798 215.598 10
    endloop
  endfacet
  facet normal 0 0 1
    outer loop
      vertex 41.3187 216.519 10
      vertex 40.3218 216.622 10
      vertex 40.3798 215.598 10
    endloop
  endfacet
  facet normal 0 0 1
    outer loop
      vertex 39.4575 215.125 10
      vertex 38.7907 213.318 10
      vertex 40.7033 212.026 10
    endloop
  endfacet
  facet normal -0 0 1
    outer loop
      vertex 38.7119 211.59 10
      vertex 38.8341 211.537 10
      vertex 38.7611 213.269 10
    endloop
  endfacet
  facet normal 0 0 1
    outer loop
      vertex 39.1378 211.022 10
      vertex 39.0558 210.957 10
      vertex 40.2395 209.769 10
    endloop
  endfacet
  facet normal -0 -0 1
    outer loop
      vertex 40.7033 212.026 10
      vertex 42.3733 211.646 10
      vertex 40.2849 215.45 10
    endloop
  endfacet
  facet normal -0 0 1
    outer loop
      vertex 38.7611 213.269 10
      vertex 40.2912 211.853 10
      vertex 38.7907 213.318 10
    endloop
  endfacet
  facet normal 0 0 1
    outer loop
      vertex 37.1156 212.208 10
      vertex 36.9603 211.496 10
      vertex 38.7119 211.59 10
    endloop
  endfacet
  facet normal 0 0 1
    outer loop
      vertex 37.5739 212.534 10
      vertex 37.1156 212.208 10
      vertex 38.7119 211.59 10
    endloop
  endfacet
  facet normal 0 0 1
    outer loop
      vertex 40.2395 209.769 10
      vertex 39.0558 210.957 10
      vertex 38.5803 209.297 10
    endloop
  endfacet
  facet normal -0 0 1
    outer loop
      vertex 36.4966 210.742 10
      vertex 36.167 210.388 10
      vertex 36.9141 210.824 10
    endloop
  endfacet
  facet normal 0 0 1
    outer loop
      vertex 36.3195 207.717 10
      vertex 36.1076 207.803 10
      vertex 36.6992 206.398 10
    endloop
  endfacet
  facet normal 0 0 1
    outer loop
      vertex 37.612 210.532 10
      vertex 38.3922 209.274 10
      vertex 37.7158 210.527 10
    endloop
  endfacet
  facet normal 0 0 1
    outer loop
      vertex 40.2912 211.853 10
      vertex 38.7611 213.269 10
      vertex 38.8341 211.537 10
    endloop
  endfacet
  facet normal 0 0 1
    outer loop
      vertex 38.0836 212.581 10
      vertex 37.5739 212.534 10
      vertex 38.7119 211.59 10
    endloop
  endfacet
  facet normal 0 0 1
    outer loop
      vertex 40.2912 211.853 10
      vertex 38.8341 211.537 10
      vertex 40.21 211.718 10
    endloop
  endfacet
  facet normal -0 0 1
    outer loop
      vertex 38.8341 211.537 10
      vertex 39.1241 211.197 10
      vertex 40.21 211.718 10
    endloop
  endfacet
  facet normal 0 0 1
    outer loop
      vertex 40.21 211.718 10
      vertex 39.1378 211.022 10
      vertex 40.2395 209.769 10
    endloop
  endfacet
  facet normal -0 0 1
    outer loop
      vertex 37.7158 210.527 10
      vertex 38.5803 209.297 10
      vertex 39.0558 210.957 10
    endloop
  endfacet
  facet normal 0 -0 1
    outer loop
      vertex 38.3922 209.274 10
      vertex 38.5803 209.297 10
      vertex 37.7158 210.527 10
    endloop
  endfacet
  facet normal -0 0 1
    outer loop
      vertex 36.2733 209.477 10
      vertex 36.5394 209.193 10
      vertex 37.612 210.532 10
    endloop
  endfacet
  facet normal 0 0 1
    outer loop
      vertex 36.9141 210.824 10
      vertex 36.2733 209.477 10
      vertex 37.612 210.532 10
    endloop
  endfacet
  facet normal 0 0 1
    outer loop
      vertex 36.9141 210.824 10
      vertex 36.167 210.388 10
      vertex 36.2733 209.477 10
    endloop
  endfacet
  facet normal -0 0 1
    outer loop
      vertex 33.9338 207.289 10
      vertex 34.1093 207.272 10
      vertex 34.1485 207.938 10
    endloop
  endfacet
  facet normal 0 0 1
    outer loop
      vertex 36.1076 207.803 10
      vertex 34.8588 208.259 10
      vertex 34.7592 208.098 10
    endloop
  endfacet
  facet normal 0 0 1
    outer loop
      vertex 34.0482 206.266 10
      vertex 34.4748 205.855 10
      vertex 34.8567 205.889 10
    endloop
  endfacet
  facet normal 0 -0 1
    outer loop
      vertex 37.1922 208.034 10
      vertex 38.3922 209.274 10
      vertex 36.5605 209.016 10
    endloop
  endfacet
  facet normal -0 -0 1
    outer loop
      vertex 34.2535 208.702 10
      vertex 34.7042 208.628 10
      vertex 34.2103 208.889 10
    endloop
  endfacet
  facet normal 0 0 1
    outer loop
      vertex 37.612 210.532 10
      vertex 36.5394 209.193 10
      vertex 38.3922 209.274 10
    endloop
  endfacet
  facet normal 0 0 1
    outer loop
      vertex 37.1559 207.972 10
      vertex 36.3195 207.717 10
      vertex 36.6992 206.398 10
    endloop
  endfacet
  facet normal 0 0 1
    outer loop
      vertex 36.2868 208.532 10
      vertex 36.3979 207.875 10
      vertex 37.1922 208.034 10
    endloop
  endfacet
  facet normal 0 0 1
    outer loop
      vertex 37.1559 207.972 10
      vertex 36.3979 207.875 10
      vertex 36.3195 207.717 10
    endloop
  endfacet
  facet normal 0 0 1
    outer loop
      vertex 36.6992 206.398 10
      vertex 36.1076 207.803 10
      vertex 35.8965 205.757 10
    endloop
  endfacet
  facet normal -0 0 1
    outer loop
      vertex 30.9698 202.465 10
      vertex 31.1219 201.69 10
      vertex 31.4496 203.293 10
    endloop
  endfacet
  facet normal 0 0 1
    outer loop
      vertex 33.9338 207.289 10
      vertex 33.0375 207.366 10
      vertex 33.0058 206.742 10
    endloop
  endfacet
  facet normal 0 0 1
    outer loop
      vertex 35.4873 209.682 10
      vertex 34.7042 208.628 10
      vertex 34.8288 208.499 10
    endloop
  endfacet
  facet normal 0 0 1
    outer loop
      vertex 35.4873 209.682 10
      vertex 34.2103 208.889 10
      vertex 34.7042 208.628 10
    endloop
  endfacet
  facet normal -0 -0 1
    outer loop
      vertex 34.8588 208.259 10
      vertex 36.1076 207.803 10
      vertex 34.8288 208.499 10
    endloop
  endfacet
  facet normal -0 0 1
    outer loop
      vertex 34.1093 207.272 10
      vertex 34.1588 207.141 10
      vertex 34.7592 208.098 10
    endloop
  endfacet
  facet normal 0 0 1
    outer loop
      vertex 34.7592 208.098 10
      vertex 34.1588 207.141 10
      vertex 36.1076 207.803 10
    endloop
  endfacet
  facet normal 0 0 1
    outer loop
      vertex 34.1485 207.938 10
      vertex 33.6714 208.197 10
      vertex 33.9338 207.289 10
    endloop
  endfacet
  facet normal 0 0 1
    outer loop
      vertex 31.1219 201.69 10
      vertex 32.8539 203.701 10
      vertex 31.4496 203.293 10
    endloop
  endfacet
  facet normal 0 0 1
    outer loop
      vertex 31.1561 201.517 10
      vertex 31.1632 198.948 10
      vertex 31.3221 198.871 10
    endloop
  endfacet
  facet normal 0 0 1
    outer loop
      vertex 33.2964 205.848 10
      vertex 34.0063 204.36 10
      vertex 34.1292 205.351 10
    endloop
  endfacet
  facet normal 0 0 1
    outer loop
      vertex 35.7026 205.12 10
      vertex 34.7996 204.751 10
      vertex 34.7066 204.601 10
    endloop
  endfacet
  facet normal -0 0 1
    outer loop
      vertex 34.1588 207.141 10
      vertex 34.8567 205.889 10
      vertex 36.1076 207.803 10
    endloop
  endfacet
  facet normal -0 0 1
    outer loop
      vertex 34.2691 207.928 10
      vertex 34.1093 207.272 10
      vertex 34.7592 208.098 10
    endloop
  endfacet
  facet normal 0 0 1
    outer loop
      vertex 34.8567 205.889 10
      vertex 35.008 205.799 10
      vertex 35.8965 205.757 10
    endloop
  endfacet
  facet normal 0 -0 1
    outer loop
      vertex 35.6974 205.226 10
      vertex 35.8474 205.686 10
      vertex 34.9999 205.665 10
    endloop
  endfacet
  facet normal 0 0 1
    outer loop
      vertex 36.1076 207.803 10
      vertex 34.8567 205.889 10
      vertex 35.8965 205.757 10
    endloop
  endfacet
  facet normal 0 0 1
    outer loop
      vertex 34.1588 207.141 10
      vertex 34.0482 206.266 10
      vertex 34.8567 205.889 10
    endloop
  endfacet
  facet normal 0 0 1
    outer loop
      vertex 35.8474 205.686 10
      vertex 35.008 205.799 10
      vertex 34.9999 205.665 10
    endloop
  endfacet
  facet normal 0 -0 1
    outer loop
      vertex 35.8474 205.686 10
      vertex 35.8965 205.757 10
      vertex 35.008 205.799 10
    endloop
  endfacet
  facet normal 0 0 1
    outer loop
      vertex 35.6974 205.226 10
      vertex 34.9999 205.665 10
      vertex 34.7629 205.255 10
    endloop
  endfacet
  facet normal 0 0 1
    outer loop
      vertex 35.7026 205.12 10
      vertex 34.7066 204.601 10
      vertex 36.3661 203.607 10
    endloop
  endfacet
  facet normal 0 0 1
    outer loop
      vertex 34.7066 204.601 10
      vertex 34.3294 204.297 10
      vertex 34.4481 204.126 10
    endloop
  endfacet
  facet normal 0 0 1
    outer loop
      vertex 34.7066 204.601 10
      vertex 34.4481 204.126 10
      vertex 36.3661 203.607 10
    endloop
  endfacet
  facet normal 0 0 1
    outer loop
      vertex 33.2964 205.848 10
      vertex 32.3611 204.429 10
      vertex 34.0063 204.36 10
    endloop
  endfacet
  facet normal -0 0 1
    outer loop
      vertex 34.0063 204.36 10
      vertex 34.0294 204.357 10
      vertex 34.5197 204.666 10
    endloop
  endfacet
  facet normal 0 0 1
    outer loop
      vertex 34.0063 204.36 10
      vertex 34.5197 204.666 10
      vertex 34.1292 205.351 10
    endloop
  endfacet
  facet normal 0 0 1
    outer loop
      vertex 31.1219 201.69 10
      vertex 30.9226 202.415 10
      vertex 30.5822 202.19 10
    endloop
  endfacet
  facet normal 0 0 1
    outer loop
      vertex 34.4481 204.126 10
      vertex 34.4081 203.876 10
      vertex 36.3661 203.607 10
    endloop
  endfacet
  facet normal 0 0 1
    outer loop
      vertex 34.5197 204.666 10
      vertex 34.0294 204.357 10
      vertex 34.3294 204.297 10
    endloop
  endfacet
  facet normal 0 0 1
    outer loop
      vertex 34.4081 203.876 10
      vertex 34.2652 203.75 10
      vertex 36.3055 203.104 10
    endloop
  endfacet
  facet normal 0 0 1
    outer loop
      vertex 34.5197 204.666 10
      vertex 34.3294 204.297 10
      vertex 34.7066 204.601 10
    endloop
  endfacet
  facet normal 0 0 1
    outer loop
      vertex 34.4081 203.876 10
      vertex 36.3055 203.104 10
      vertex 36.3661 203.607 10
    endloop
  endfacet
  facet normal 0 0 1
    outer loop
      vertex 34.1463 199.955 10
      vertex 36.3055 203.104 10
      vertex 34.2652 203.75 10
    endloop
  endfacet
  facet normal 0 -0 1
    outer loop
      vertex 34.1463 199.955 10
      vertex 34.2652 203.75 10
      vertex 32.8539 203.701 10
    endloop
  endfacet
  facet normal 0 0 1
    outer loop
      vertex 29.4937 200.63 10
      vertex 29.192 199.527 10
      vertex 31.1632 198.948 10
    endloop
  endfacet
  facet normal 0 0 1
    outer loop
      vertex 13.4267 178.403 10
      vertex 13.1182 178.648 10
      vertex 12.4139 178.224 10
    endloop
  endfacet
  facet normal 0 0 1
    outer loop
      vertex 32.2919 198.027 10
      vertex 31.3221 198.871 10
      vertex 31.2846 198.684 10
    endloop
  endfacet
  facet normal 0 0 1
    outer loop
      vertex 30.4846 198.034 10
      vertex 32.3689 196.041 10
      vertex 32.1709 197.864 10
    endloop
  endfacet
  facet normal -0 0 1
    outer loop
      vertex 30.3853 198 10
      vertex 32.3689 196.041 10
      vertex 30.4846 198.034 10
    endloop
  endfacet
  facet normal 0 0 1
    outer loop
      vertex 31.1561 201.517 10
      vertex 34.1214 199.85 10
      vertex 34.1463 199.955 10
    endloop
  endfacet
  facet normal -0 0 1
    outer loop
      vertex 31.02 201.43 10
      vertex 31.1632 198.948 10
      vertex 31.1561 201.517 10
    endloop
  endfacet
  facet normal -0 0 1
    outer loop
      vertex 30.3302 201.43 10
      vertex 29.4937 200.63 10
      vertex 31.02 201.43 10
    endloop
  endfacet
  facet normal 0 0 1
    outer loop
      vertex 28.3262 196.544 10
      vertex 27.0914 193.702 10
      vertex 28.6109 193.721 10
    endloop
  endfacet
  facet normal -0 0 1
    outer loop
      vertex 29.0831 197.016 10
      vertex 29.0795 196.839 10
      vertex 30.3853 198 10
    endloop
  endfacet
  facet normal 0 0 1
    outer loop
      vertex 31.02 201.43 10
      vertex 29.4937 200.63 10
      vertex 31.1632 198.948 10
    endloop
  endfacet
  facet normal 0 0 1
    outer loop
      vertex 33.3569 198.231 10
      vertex 31.3221 198.871 10
      vertex 32.2919 198.027 10
    endloop
  endfacet
  facet normal 0 -0 1
    outer loop
      vertex 33.3569 198.231 10
      vertex 34.1214 199.85 10
      vertex 31.3221 198.871 10
    endloop
  endfacet
  facet normal 0 0 1
    outer loop
      vertex 32.2919 198.027 10
      vertex 31.2846 198.684 10
      vertex 32.1709 197.864 10
    endloop
  endfacet
  facet normal 0 0 1
    outer loop
      vertex 31.2846 198.684 10
      vertex 30.4846 198.034 10
      vertex 32.1709 197.864 10
    endloop
  endfacet
  facet normal 0 0 1
    outer loop
      vertex 30.3853 198 10
      vertex 29.7722 198.019 10
      vertex 29.0831 197.016 10
    endloop
  endfacet
  facet normal 0 0 1
    outer loop
      vertex 29.7722 198.019 10
      vertex 28.6474 197.641 10
      vertex 29.0831 197.016 10
    endloop
  endfacet
  facet normal -0 0 1
    outer loop
      vertex 27.373 192.112 10
      vertex 25.9481 190.717 10
      vertex 27.823 192.182 10
    endloop
  endfacet
  facet normal -0 0 1
    outer loop
      vertex 27.9151 192.234 10
      vertex 30.1953 189.686 10
      vertex 28.4251 192.844 10
    endloop
  endfacet
  facet normal -0 0 1
    outer loop
      vertex 28.9662 196.78 10
      vertex 28.7872 193.722 10
      vertex 29.0795 196.839 10
    endloop
  endfacet
  facet normal -0 0 1
    outer loop
      vertex 29.0795 196.839 10
      vertex 32.3689 196.041 10
      vertex 30.3853 198 10
    endloop
  endfacet
  facet normal -0 0 1
    outer loop
      vertex 28.5447 196.763 10
      vertex 28.3262 196.544 10
      vertex 28.9662 196.78 10
    endloop
  endfacet
  facet normal 0 0 1
    outer loop
      vertex 28.9662 196.78 10
      vertex 28.3262 196.544 10
      vertex 28.7872 193.722 10
    endloop
  endfacet
  facet normal 0 0 1
    outer loop
      vertex 28.6109 193.721 10
      vertex 27.0914 193.702 10
      vertex 27.5933 192.969 10
    endloop
  endfacet
  facet normal 0 0 1
    outer loop
      vertex 27.0914 193.702 10
      vertex 27.1068 193.355 10
      vertex 27.5933 192.969 10
    endloop
  endfacet
  facet normal 0 0 1
    outer loop
      vertex 26.9819 192.538 10
      vertex 25.6328 191.569 10
      vertex 27.2256 192.176 10
    endloop
  endfacet
  facet normal 0 0 1
    outer loop
      vertex 27.373 192.112 10
      vertex 25.9641 190.927 10
      vertex 25.9481 190.717 10
    endloop
  endfacet
  facet normal 0 0 1
    outer loop
      vertex 25.362 191.246 10
      vertex 25.2882 190.76 10
      vertex 25.7927 190.969 10
    endloop
  endfacet
  facet normal 0 0 1
    outer loop
      vertex 28.7872 193.722 10
      vertex 28.3262 196.544 10
      vertex 28.6109 193.721 10
    endloop
  endfacet
  facet normal 0 0 1
    outer loop
      vertex 32.3689 196.041 10
      vertex 28.7872 193.722 10
      vertex 32.0344 193.444 10
    endloop
  endfacet
  facet normal 0 0 1
    outer loop
      vertex 32.3689 196.041 10
      vertex 29.0795 196.839 10
      vertex 28.7872 193.722 10
    endloop
  endfacet
  facet normal 0 0 1
    outer loop
      vertex 32.0344 193.444 10
      vertex 28.8291 193.524 10
      vertex 28.4391 192.864 10
    endloop
  endfacet
  facet normal 0 0 1
    outer loop
      vertex 32.0344 193.444 10
      vertex 28.4391 192.864 10
      vertex 30.1953 189.686 10
    endloop
  endfacet
  facet normal 0 0 1
    outer loop
      vertex 28.4391 192.864 10
      vertex 28.4251 192.844 10
      vertex 30.1953 189.686 10
    endloop
  endfacet
  facet normal -0 0 1
    outer loop
      vertex 27.823 192.182 10
      vertex 30.1953 189.686 10
      vertex 27.9151 192.234 10
    endloop
  endfacet
  facet normal -0 -0 1
    outer loop
      vertex 25.7927 190.969 10
      vertex 25.9641 190.927 10
      vertex 25.6328 191.569 10
    endloop
  endfacet
  facet normal -0 0 1
    outer loop
      vertex 25.362 191.246 10
      vertex 25.7927 190.969 10
      vertex 25.6328 191.569 10
    endloop
  endfacet
  facet normal 0 -0 1
    outer loop
      vertex 25.0418 187.011 10
      vertex 25.2158 187.013 10
      vertex 23.5912 188.678 10
    endloop
  endfacet
  facet normal 0 0 1
    outer loop
      vertex 25.9481 190.717 10
      vertex 28.3722 186.788 10
      vertex 30.1953 189.686 10
    endloop
  endfacet
  facet normal 0 -0 1
    outer loop
      vertex 24.1925 185.599 10
      vertex 24.3651 185.854 10
      vertex 24.1311 186.159 10
    endloop
  endfacet
  facet normal 0 -0 1
    outer loop
      vertex 21.8501 185.184 10
      vertex 22.3682 186.991 10
      vertex 21.72 185.28 10
    endloop
  endfacet
  facet normal 0 0 1
    outer loop
      vertex 27.2256 192.176 10
      vertex 25.6328 191.569 10
      vertex 25.9641 190.927 10
    endloop
  endfacet
  facet normal 0 0 1
    outer loop
      vertex 25.9481 190.717 10
      vertex 25.2158 187.013 10
      vertex 25.5458 186.783 10
    endloop
  endfacet
  facet normal 0 0 1
    outer loop
      vertex 27.2256 192.176 10
      vertex 25.9641 190.927 10
      vertex 27.373 192.112 10
    endloop
  endfacet
  facet normal 0 0 1
    outer loop
      vertex 20.2385 183.83 10
      vertex 19.3367 183.381 10
      vertex 19.239 183.208 10
    endloop
  endfacet
  facet normal 0 0 1
    outer loop
      vertex 22.1425 183.511 10
      vertex 20.8156 184.353 10
      vertex 20.4745 183.846 10
    endloop
  endfacet
  facet normal -0 0 1
    outer loop
      vertex 20.2385 183.83 10
      vertex 19.239 183.208 10
      vertex 20.4745 183.846 10
    endloop
  endfacet
  facet normal -0 -0 1
    outer loop
      vertex 22.1584 184.376 10
      vertex 22.3046 184.356 10
      vertex 21.8501 185.184 10
    endloop
  endfacet
  facet normal 0 0 1
    outer loop
      vertex 22.3682 186.991 10
      vertex 21.4976 185.294 10
      vertex 21.72 185.28 10
    endloop
  endfacet
  facet normal 0 0 1
    outer loop
      vertex 25.3495 185.533 10
      vertex 24.0593 183.955 10
      vertex 26.5345 183.164 10
    endloop
  endfacet
  facet normal -0 0 1
    outer loop
      vertex 19.2849 180.993 10
      vertex 19.2776 180.817 10
      vertex 22.3422 183.459 10
    endloop
  endfacet
  facet normal 0 0 1
    outer loop
      vertex 22.3422 183.459 10
      vertex 26.77 179.679 10
      vertex 26.76 181.269 10
    endloop
  endfacet
  facet normal 0 -0 1
    outer loop
      vertex 26.9117 184.587 10
      vertex 26.9355 184.694 10
      vertex 25.3495 185.533 10
    endloop
  endfacet
  facet normal -0 0 1
    outer loop
      vertex 25.3795 185.762 10
      vertex 26.9355 184.694 10
      vertex 25.5565 186.545 10
    endloop
  endfacet
  facet normal -0 0 1
    outer loop
      vertex 25.5458 186.783 10
      vertex 28.3055 186.734 10
      vertex 28.3722 186.788 10
    endloop
  endfacet
  facet normal 0 0 1
    outer loop
      vertex 25.3795 185.762 10
      vertex 25.3495 185.533 10
      vertex 26.9355 184.694 10
    endloop
  endfacet
  facet normal 0 0 1
    outer loop
      vertex 22.3682 186.991 10
      vertex 24.1311 186.159 10
      vertex 24.1618 186.371 10
    endloop
  endfacet
  facet normal 0 0 1
    outer loop
      vertex 22.3682 186.991 10
      vertex 21.8501 185.184 10
      vertex 24.1311 186.159 10
    endloop
  endfacet
  facet normal -0 0 1
    outer loop
      vertex 22.3682 186.991 10
      vertex 24.1618 186.371 10
      vertex 23.5912 188.678 10
    endloop
  endfacet
  facet normal 0 -0 1
    outer loop
      vertex 24.1618 186.371 10
      vertex 25.0418 187.011 10
      vertex 23.5912 188.678 10
    endloop
  endfacet
  facet normal -0 0 1
    outer loop
      vertex 23.5912 188.678 10
      vertex 25.2158 187.013 10
      vertex 25.9481 190.717 10
    endloop
  endfacet
  facet normal 0 -0 1
    outer loop
      vertex 25.5565 186.545 10
      vertex 28.3055 186.734 10
      vertex 25.5458 186.783 10
    endloop
  endfacet
  facet normal 0 0 1
    outer loop
      vertex 28.3055 186.734 10
      vertex 25.5565 186.545 10
      vertex 26.9355 184.694 10
    endloop
  endfacet
  facet normal 0 0 1
    outer loop
      vertex 25.5565 186.545 10
      vertex 25.0476 186.117 10
      vertex 25.3795 185.762 10
    endloop
  endfacet
  facet normal 0 0 1
    outer loop
      vertex 25.3495 185.533 10
      vertex 26.5345 183.164 10
      vertex 26.9117 184.587 10
    endloop
  endfacet
  facet normal 0 -0 1
    outer loop
      vertex 24.0593 183.955 10
      vertex 25.3495 185.533 10
      vertex 23.9883 184.682 10
    endloop
  endfacet
  facet normal 0 0 1
    outer loop
      vertex 23.9035 183.79 10
      vertex 26.7814 181.347 10
      vertex 26.5278 183.052 10
    endloop
  endfacet
  facet normal -0 0 1
    outer loop
      vertex 22.3422 183.459 10
      vertex 26.76 181.269 10
      vertex 23.9035 183.79 10
    endloop
  endfacet
  facet normal 0 0 1
    outer loop
      vertex 23.9035 183.79 10
      vertex 23.0155 183.828 10
      vertex 22.3422 183.459 10
    endloop
  endfacet
  facet normal 0 0 1
    outer loop
      vertex 20.4745 183.846 10
      vertex 19.2849 180.993 10
      vertex 22.1425 183.511 10
    endloop
  endfacet
  facet normal -0 0 1
    outer loop
      vertex 20.8156 184.353 10
      vertex 22.1425 183.511 10
      vertex 21.4846 184.571 10
    endloop
  endfacet
  facet normal 0 0 1
    outer loop
      vertex 20.0254 184.17 10
      vertex 19.1452 184.512 10
      vertex 19.2467 183.801 10
    endloop
  endfacet
  facet normal 0 0 1
    outer loop
      vertex 20.0254 184.17 10
      vertex 19.2467 183.801 10
      vertex 20.0585 184.03 10
    endloop
  endfacet
  facet normal 0 -0 1
    outer loop
      vertex 19.1288 183.917 10
      vertex 19.1452 184.512 10
      vertex 18.7436 184.085 10
    endloop
  endfacet
  facet normal 0 0 1
    outer loop
      vertex 19.1288 183.917 10
      vertex 18.7436 184.085 10
      vertex 18.7651 183.988 10
    endloop
  endfacet
  facet normal 0 0 1
    outer loop
      vertex 19.239 183.208 10
      vertex 18.299 182.477 10
      vertex 19.2849 180.993 10
    endloop
  endfacet
  facet normal -0 0 1
    outer loop
      vertex 19.1452 184.512 10
      vertex 20.0254 184.17 10
      vertex 19.6481 184.699 10
    endloop
  endfacet
  facet normal 0 0 1
    outer loop
      vertex 20.1196 184.511 10
      vertex 19.6481 184.699 10
      vertex 20.0254 184.17 10
    endloop
  endfacet
  facet normal 0 0 1
    outer loop
      vertex 22.1425 183.511 10
      vertex 19.2849 180.993 10
      vertex 22.3422 183.459 10
    endloop
  endfacet
  facet normal 0 0 1
    outer loop
      vertex 22.3422 183.459 10
      vertex 19.2776 180.817 10
      vertex 26.77 179.679 10
    endloop
  endfacet
  facet normal -0 0 1
    outer loop
      vertex 19.2467 183.801 10
      vertex 19.3367 183.381 10
      vertex 20.0585 184.03 10
    endloop
  endfacet
  facet normal 0 0 1
    outer loop
      vertex 19.3367 183.381 10
      vertex 20.2385 183.83 10
      vertex 20.0585 184.03 10
    endloop
  endfacet
  facet normal 0 0 1
    outer loop
      vertex 19.239 183.208 10
      vertex 18.4931 182.95 10
      vertex 18.299 182.477 10
    endloop
  endfacet
  facet normal 0 0 1
    outer loop
      vertex 19.0521 180.806 10
      vertex 18.1198 180.435 10
      vertex 18.0242 180.214 10
    endloop
  endfacet
  facet normal 0 -0 1
    outer loop
      vertex 18.1198 180.435 10
      vertex 19.0521 180.806 10
      vertex 18.0098 180.625 10
    endloop
  endfacet
  facet normal 0 -0 1
    outer loop
      vertex 26.8611 175.558 10
      vertex 27.1874 178.198 10
      vertex 19.2776 180.817 10
    endloop
  endfacet
  facet normal 0 0 1
    outer loop
      vertex 19.2776 180.817 10
      vertex 27.1874 178.198 10
      vertex 26.7758 179.639 10
    endloop
  endfacet
  facet normal 0 0 1
    outer loop
      vertex 15.5377 181.215 10
      vertex 15.2163 180.487 10
      vertex 16.0688 180.608 10
    endloop
  endfacet
  facet normal -0 0 1
    outer loop
      vertex 15.5377 181.215 10
      vertex 16.1613 180.592 10
      vertex 16.8685 181.999 10
    endloop
  endfacet
  facet normal 0 0 1
    outer loop
      vertex 17.1374 179.792 10
      vertex 16.8923 179.949 10
      vertex 16.8874 179.876 10
    endloop
  endfacet
  facet normal 0 0 1
    outer loop
      vertex 14.7106 173.674 10
      vertex 16.1414 173.93 10
      vertex 16.1764 174.008 10
    endloop
  endfacet
  facet normal 0 0 1
    outer loop
      vertex 15.4536 179.699 10
      vertex 14.9836 178.982 10
      vertex 16.7793 179.326 10
    endloop
  endfacet
  facet normal 0 -0 1
    outer loop
      vertex 16.4834 180.418 10
      vertex 16.8685 181.999 10
      vertex 16.1613 180.592 10
    endloop
  endfacet
  facet normal 0 0 1
    outer loop
      vertex 16.1613 180.592 10
      vertex 15.5377 181.215 10
      vertex 16.0688 180.608 10
    endloop
  endfacet
  facet normal 0 0 1
    outer loop
      vertex 16.4834 180.418 10
      vertex 17.85 180.697 10
      vertex 16.8685 181.999 10
    endloop
  endfacet
  facet normal 0 -0 1
    outer loop
      vertex 17.85 180.697 10
      vertex 17.9343 181.962 10
      vertex 16.8685 181.999 10
    endloop
  endfacet
  facet normal 0 0 1
    outer loop
      vertex 18.0098 180.625 10
      vertex 17.9343 181.962 10
      vertex 17.85 180.697 10
    endloop
  endfacet
  facet normal 0 0 1
    outer loop
      vertex 19.0521 180.806 10
      vertex 17.9343 181.962 10
      vertex 18.0098 180.625 10
    endloop
  endfacet
  facet normal -0 0 1
    outer loop
      vertex 14.9957 176.094 10
      vertex 16.598 174.338 10
      vertex 15.0992 176.296 10
    endloop
  endfacet
  facet normal 0 0 1
    outer loop
      vertex 18.0242 180.214 10
      vertex 19.2776 180.817 10
      vertex 19.0521 180.806 10
    endloop
  endfacet
  facet normal 0 -0 1
    outer loop
      vertex 16.4264 174.298 10
      vertex 16.598 174.338 10
      vertex 14.9957 176.094 10
    endloop
  endfacet
  facet normal 0 0 1
    outer loop
      vertex 14.7106 173.674 10
      vertex 16.1764 174.008 10
      vertex 14.9957 176.094 10
    endloop
  endfacet
  facet normal 0 -0 1
    outer loop
      vertex 16.0344 173.146 10
      vertex 16.1414 173.93 10
      vertex 15.9292 173.113 10
    endloop
  endfacet
  facet normal -0 0 1
    outer loop
      vertex 16.8923 179.949 10
      vertex 17.1374 179.792 10
      vertex 18.0242 180.214 10
    endloop
  endfacet
  facet normal 0 0 1
    outer loop
      vertex 16.9032 179.345 10
      vertex 16.7793 179.326 10
      vertex 15.0992 176.296 10
    endloop
  endfacet
  facet normal 0 0 1
    outer loop
      vertex 15.0992 176.296 10
      vertex 14.7336 178.692 10
      vertex 14.9499 176.39 10
    endloop
  endfacet
  facet normal 0 0 1
    outer loop
      vertex 14.9499 176.39 10
      vertex 14.6557 178.644 10
      vertex 13.5557 178.374 10
    endloop
  endfacet
  facet normal 0 0 1
    outer loop
      vertex 14.2162 179.625 10
      vertex 13.9142 179.009 10
      vertex 14.8356 179.226 10
    endloop
  endfacet
  facet normal -0 0 1
    outer loop
      vertex 14.8356 179.226 10
      vertex 14.9982 179.158 10
      vertex 15.4536 179.699 10
    endloop
  endfacet
  facet normal -0 0 1
    outer loop
      vertex 14.9836 178.982 10
      vertex 14.7336 178.692 10
      vertex 16.7793 179.326 10
    endloop
  endfacet
  facet normal 0 0 1
    outer loop
      vertex 13.6305 176.301 10
      vertex 12.0434 177.502 10
      vertex 11.7805 176.686 10
    endloop
  endfacet
  facet normal 0 0 1
    outer loop
      vertex 12.2831 167.859 10
      vertex 12.1914 167.841 10
      vertex 11.6193 166.523 10
    endloop
  endfacet
  facet normal -0 0 1
    outer loop
      vertex 14.2162 179.625 10
      vertex 14.8356 179.226 10
      vertex 15.4536 179.699 10
    endloop
  endfacet
  facet normal -0 0 1
    outer loop
      vertex 14.9982 179.158 10
      vertex 14.9836 178.982 10
      vertex 15.4536 179.699 10
    endloop
  endfacet
  facet normal -0 0 1
    outer loop
      vertex 14.6557 178.644 10
      vertex 14.9499 176.39 10
      vertex 14.7336 178.692 10
    endloop
  endfacet
  facet normal -0 0 1
    outer loop
      vertex 14.7336 178.692 10
      vertex 15.0992 176.296 10
      vertex 16.7793 179.326 10
    endloop
  endfacet
  facet normal -0 0 1
    outer loop
      vertex 11.8246 177.447 10
      vertex 11.7805 176.686 10
      vertex 12.0434 177.502 10
    endloop
  endfacet
  facet normal -0 0 1
    outer loop
      vertex 12.0434 177.502 10
      vertex 13.6305 176.301 10
      vertex 13.4267 178.403 10
    endloop
  endfacet
  facet normal 0 0 1
    outer loop
      vertex 12.0434 177.502 10
      vertex 13.4267 178.403 10
      vertex 12.4139 178.224 10
    endloop
  endfacet
  facet normal 0 0 1
    outer loop
      vertex 13.5557 178.374 10
      vertex 13.4267 178.403 10
      vertex 13.6305 176.301 10
    endloop
  endfacet
  facet normal -0 0 1
    outer loop
      vertex 11.489 177.025 10
      vertex 11.7805 176.686 10
      vertex 11.8246 177.447 10
    endloop
  endfacet
  facet normal 0 -0 1
    outer loop
      vertex 14.5452 173.613 10
      vertex 14.7106 173.674 10
      vertex 13.4057 175.704 10
    endloop
  endfacet
  facet normal 0 0 1
    outer loop
      vertex 11.8246 177.447 10
      vertex 11.6465 177.57 10
      vertex 11.5676 177.52 10
    endloop
  endfacet
  facet normal 0 0 1
    outer loop
      vertex 11.8246 177.447 10
      vertex 11.5676 177.52 10
      vertex 11.489 177.025 10
    endloop
  endfacet
  facet normal 0 0 1
    outer loop
      vertex 13.3121 175.712 10
      vertex 11.9884 174.363 10
      vertex 13.4057 175.704 10
    endloop
  endfacet
  facet normal 0 0 1
    outer loop
      vertex 13.5557 178.374 10
      vertex 13.6305 176.301 10
      vertex 14.9499 176.39 10
    endloop
  endfacet
  facet normal 0 -0 1
    outer loop
      vertex 12.1318 172.818 10
      vertex 13.4888 173.107 10
      vertex 11.9884 174.363 10
    endloop
  endfacet
  facet normal -0 -0 1
    outer loop
      vertex 14.9058 173.274 10
      vertex 15.9292 173.113 10
      vertex 14.8134 173.574 10
    endloop
  endfacet
  facet normal 0 0 1
    outer loop
      vertex 14.9957 176.094 10
      vertex 13.4057 175.704 10
      vertex 14.7106 173.674 10
    endloop
  endfacet
  facet normal 0 0 1
    outer loop
      vertex 19.2776 180.817 10
      vertex 16.6821 174.152 10
      vertex 26.8611 175.558 10
    endloop
  endfacet
  facet normal 0 0 1
    outer loop
      vertex 13.3121 175.712 10
      vertex 12.1248 176.208 10
      vertex 11.9733 174.538 10
    endloop
  endfacet
  facet normal 0 0 1
    outer loop
      vertex 12.1248 176.208 10
      vertex 11.1082 176.14 10
      vertex 11.1007 175.545 10
    endloop
  endfacet
  facet normal 0 -0 1
    outer loop
      vertex 11.9733 174.538 10
      vertex 12.1248 176.208 10
      vertex 11.1007 175.545 10
    endloop
  endfacet
  facet normal 0 0 1
    outer loop
      vertex 11.908 174.298 10
      vertex 11.4828 173.16 10
      vertex 12.1318 172.818 10
    endloop
  endfacet
  facet normal 0 -0 1
    outer loop
      vertex 11.9884 174.363 10
      vertex 13.3121 175.712 10
      vertex 11.9733 174.538 10
    endloop
  endfacet
  facet normal -0 0 1
    outer loop
      vertex 11.2934 174.09 10
      vertex 11.4828 173.16 10
      vertex 11.908 174.298 10
    endloop
  endfacet
  facet normal 0 0 1
    outer loop
      vertex 15.6658 170.065 10
      vertex 16.96 173.023 10
      vertex 15.79 171.98 10
    endloop
  endfacet
  facet normal 0 0 1
    outer loop
      vertex 15.6658 170.065 10
      vertex 15.79 171.98 10
      vertex 15.6864 171.837 10
    endloop
  endfacet
  facet normal 0 0 1
    outer loop
      vertex 23.5147 166.786 10
      vertex 15.6658 170.065 10
      vertex 23.4004 166.652 10
    endloop
  endfacet
  facet normal 0 0 1
    outer loop
      vertex 13.4057 175.704 10
      vertex 11.9884 174.363 10
      vertex 13.4888 173.107 10
    endloop
  endfacet
  facet normal 0 0 1
    outer loop
      vertex 14.5452 173.613 10
      vertex 13.4888 173.107 10
      vertex 13.5528 173.106 10
    endloop
  endfacet
  facet normal 0 0 1
    outer loop
      vertex 15.495 170.11 10
      vertex 12.6485 170.883 10
      vertex 12.6546 170.663 10
    endloop
  endfacet
  facet normal 0 -0 1
    outer loop
      vertex 14.1223 172.979 10
      vertex 14.5452 173.613 10
      vertex 13.5528 173.106 10
    endloop
  endfacet
  facet normal 0 0 1
    outer loop
      vertex 14.5452 173.613 10
      vertex 13.4057 175.704 10
      vertex 13.4888 173.107 10
    endloop
  endfacet
  facet normal 0 -0 1
    outer loop
      vertex 15.9292 173.113 10
      vertex 16.1414 173.93 10
      vertex 14.8134 173.574 10
    endloop
  endfacet
  facet normal 0 0 1
    outer loop
      vertex 16.1414 173.93 10
      vertex 14.7106 173.674 10
      vertex 14.8134 173.574 10
    endloop
  endfacet
  facet normal 0 -0 1
    outer loop
      vertex 17.0475 173.187 10
      vertex 26.8611 175.558 10
      vertex 16.6821 174.152 10
    endloop
  endfacet
  facet normal 0 0 1
    outer loop
      vertex 17.0475 173.187 10
      vertex 23.5147 166.786 10
      vertex 27.1748 172.172 10
    endloop
  endfacet
  facet normal -0 -0 1
    outer loop
      vertex 16.9198 173.309 10
      vertex 17.0475 173.187 10
      vertex 16.6821 174.152 10
    endloop
  endfacet
  facet normal 0 0 1
    outer loop
      vertex 16.9032 179.345 10
      vertex 15.0992 176.296 10
      vertex 16.598 174.338 10
    endloop
  endfacet
  facet normal 0 -0 1
    outer loop
      vertex 16.1764 174.008 10
      vertex 16.4264 174.298 10
      vertex 14.9957 176.094 10
    endloop
  endfacet
  facet normal -0 0 1
    outer loop
      vertex 16.9032 179.345 10
      vertex 16.598 174.338 10
      vertex 17.1732 179.525 10
    endloop
  endfacet
  facet normal 0 0 1
    outer loop
      vertex 16.598 174.338 10
      vertex 18.0242 180.214 10
      vertex 17.1732 179.525 10
    endloop
  endfacet
  facet normal 0 0 1
    outer loop
      vertex 19.2776 180.817 10
      vertex 16.598 174.338 10
      vertex 16.6821 174.152 10
    endloop
  endfacet
  facet normal 0 0 1
    outer loop
      vertex 19.2776 180.817 10
      vertex 18.0242 180.214 10
      vertex 16.598 174.338 10
    endloop
  endfacet
  facet normal 0 0 1
    outer loop
      vertex 16.4882 173.58 10
      vertex 16.5627 173.356 10
      vertex 16.9198 173.309 10
    endloop
  endfacet
  facet normal -0 0 1
    outer loop
      vertex 16.4882 173.58 10
      vertex 16.9198 173.309 10
      vertex 16.6821 174.152 10
    endloop
  endfacet
  facet normal -0 0 1
    outer loop
      vertex 16.96 173.023 10
      vertex 23.5147 166.786 10
      vertex 17.0475 173.187 10
    endloop
  endfacet
  facet normal 0 0 1
    outer loop
      vertex 26.9005 175.437 10
      vertex 26.8611 175.558 10
      vertex 17.0475 173.187 10
    endloop
  endfacet
  facet normal 0 0 1
    outer loop
      vertex 26.9005 175.437 10
      vertex 17.0475 173.187 10
      vertex 27.1748 172.172 10
    endloop
  endfacet
  facet normal 0 0 1
    outer loop
      vertex 15.6864 171.837 10
      vertex 15.495 170.11 10
      vertex 15.6658 170.065 10
    endloop
  endfacet
  facet normal 0 0 1
    outer loop
      vertex 15.79 171.98 10
      vertex 16.96 173.023 10
      vertex 15.79 172.512 10
    endloop
  endfacet
  facet normal 0 0 1
    outer loop
      vertex 15.495 170.11 10
      vertex 12.6546 170.663 10
      vertex 13.6151 169.37 10
    endloop
  endfacet
  facet normal -0 0 1
    outer loop
      vertex 12.4728 170.899 10
      vertex 12.6485 170.883 10
      vertex 13.3007 172.578 10
    endloop
  endfacet
  facet normal -0 0 1
    outer loop
      vertex 14.308 172.438 10
      vertex 15.5152 171.897 10
      vertex 14.999 172.671 10
    endloop
  endfacet
  facet normal 0 -0 1
    outer loop
      vertex 11.5125 170.597 10
      vertex 12.4728 170.899 10
      vertex 11.2975 172.246 10
    endloop
  endfacet
  facet normal -0 0 1
    outer loop
      vertex 14.2368 172.432 10
      vertex 15.495 170.11 10
      vertex 14.308 172.438 10
    endloop
  endfacet
  facet normal 0 -0 1
    outer loop
      vertex 11.6769 170.421 10
      vertex 12.4728 170.899 10
      vertex 11.5125 170.597 10
    endloop
  endfacet
  facet normal -0 0 1
    outer loop
      vertex 11.2975 172.246 10
      vertex 12.4728 170.899 10
      vertex 13.3007 172.578 10
    endloop
  endfacet
  facet normal 0 0 1
    outer loop
      vertex 13.5354 169.296 10
      vertex 11.8726 168.711 10
      vertex 12.6976 168.368 10
    endloop
  endfacet
  facet normal 0 0 1
    outer loop
      vertex 13.5354 169.296 10
      vertex 11.5904 169.627 10
      vertex 11.8726 168.711 10
    endloop
  endfacet
  facet normal 0 0 1
    outer loop
      vertex 12.6485 170.883 10
      vertex 14.2368 172.432 10
      vertex 13.3007 172.578 10
    endloop
  endfacet
  facet normal 0 0 1
    outer loop
      vertex 12.6546 170.663 10
      vertex 13.5354 169.296 10
      vertex 13.6151 169.37 10
    endloop
  endfacet
  facet normal 0 -0 1
    outer loop
      vertex 12.7895 168.218 10
      vertex 13.5354 169.296 10
      vertex 12.6976 168.368 10
    endloop
  endfacet
  facet normal -0 0 1
    outer loop
      vertex 12.7895 168.218 10
      vertex 12.9336 168.073 10
      vertex 13.5354 169.296 10
    endloop
  endfacet
  facet normal 0 0 1
    outer loop
      vertex 15.6341 169.846 10
      vertex 15.0545 169.453 10
      vertex 14.6411 168.309 10
    endloop
  endfacet
  facet normal 0 0 1
    outer loop
      vertex 14.4951 168.21 10
      vertex 13.7907 167.029 10
      vertex 13.9455 166.944 10
    endloop
  endfacet
  facet normal 0 0 1
    outer loop
      vertex 12.9336 168.073 10
      vertex 12.2831 167.859 10
      vertex 11.6193 166.523 10
    endloop
  endfacet
  facet normal 0 0 1
    outer loop
      vertex 12.1914 167.841 10
      vertex 11.7093 167.901 10
      vertex 11.6193 166.523 10
    endloop
  endfacet
  facet normal 0 0 1
    outer loop
      vertex 13.6085 167.958 10
      vertex 12.9194 167.069 10
      vertex 13.7907 167.029 10
    endloop
  endfacet
  facet normal -0 0 1
    outer loop
      vertex 12.7131 168.099 10
      vertex 12.9336 168.073 10
      vertex 12.7895 168.218 10
    endloop
  endfacet
  facet normal 0 0 1
    outer loop
      vertex 12.7131 168.099 10
      vertex 12.2831 167.859 10
      vertex 12.9336 168.073 10
    endloop
  endfacet
  facet normal 0 0 1
    outer loop
      vertex 15.495 170.11 10
      vertex 14.2368 172.432 10
      vertex 12.6485 170.883 10
    endloop
  endfacet
  facet normal 0 0 1
    outer loop
      vertex 12.6546 170.663 10
      vertex 11.5904 169.627 10
      vertex 13.5354 169.296 10
    endloop
  endfacet
  facet normal 0 0 1
    outer loop
      vertex 15.5152 171.897 10
      vertex 14.308 172.438 10
      vertex 15.495 170.11 10
    endloop
  endfacet
  facet normal 0 0 1
    outer loop
      vertex 14.35 168.357 10
      vertex 13.7855 168.641 10
      vertex 13.6359 168.015 10
    endloop
  endfacet
  facet normal 0 0 1
    outer loop
      vertex 15.5152 171.897 10
      vertex 15.495 170.11 10
      vertex 15.6864 171.837 10
    endloop
  endfacet
  facet normal 0 0 1
    outer loop
      vertex 23.5147 166.786 10
      vertex 16.96 173.023 10
      vertex 15.6658 170.065 10
    endloop
  endfacet
  facet normal 0 0 1
    outer loop
      vertex 23.4004 166.652 10
      vertex 15.6341 169.846 10
      vertex 21.148 163.908 10
    endloop
  endfacet
  facet normal 0 0 1
    outer loop
      vertex 21.148 163.908 10
      vertex 15.6341 169.846 10
      vertex 14.6411 168.309 10
    endloop
  endfacet
  facet normal 0 0 1
    outer loop
      vertex 13.9455 166.944 10
      vertex 14.6411 168.309 10
      vertex 14.4951 168.21 10
    endloop
  endfacet
  facet normal 0 0 1
    outer loop
      vertex 13.7907 167.029 10
      vertex 12.9194 167.069 10
      vertex 13.0265 166.93 10
    endloop
  endfacet
  facet normal 0 0 1
    outer loop
      vertex 14.336 169.159 10
      vertex 13.7855 168.641 10
      vertex 14.35 168.357 10
    endloop
  endfacet
  facet normal 0 0 1
    outer loop
      vertex 14.4951 168.21 10
      vertex 14.35 168.357 10
      vertex 13.6359 168.015 10
    endloop
  endfacet
  facet normal 0 0 1
    outer loop
      vertex 14.4951 168.21 10
      vertex 13.6359 168.015 10
      vertex 13.6085 167.958 10
    endloop
  endfacet
  facet normal 0 0 1
    outer loop
      vertex 21.148 163.908 10
      vertex 14.3259 165.855 10
      vertex 14.3428 165.641 10
    endloop
  endfacet
  facet normal -0 0 1
    outer loop
      vertex 14.3259 165.855 10
      vertex 21.148 163.908 10
      vertex 14.6411 168.309 10
    endloop
  endfacet
  facet normal 0 -0 1
    outer loop
      vertex 13.7907 167.029 10
      vertex 14.4951 168.21 10
      vertex 13.6085 167.958 10
    endloop
  endfacet
  facet normal 0 0 1
    outer loop
      vertex 13.9455 166.944 10
      vertex 13.8972 166.758 10
      vertex 14.3259 165.855 10
    endloop
  endfacet
  facet normal 0 0 1
    outer loop
      vertex 13.8972 166.758 10
      vertex 14.1499 165.867 10
      vertex 14.3259 165.855 10
    endloop
  endfacet
  facet normal 0 0 1
    outer loop
      vertex 21.148 163.908 10
      vertex 14.3428 165.641 10
      vertex 20.6095 162.817 10
    endloop
  endfacet
  facet normal 0 0 1
    outer loop
      vertex 12.7813 166.038 10
      vertex 11.9259 166.018 10
      vertex 12.2799 164.687 10
    endloop
  endfacet
  facet normal 0 0 1
    outer loop
      vertex 11.5556 164.29 10
      vertex 11.6039 164.155 10
      vertex 11.846 164.167 10
    endloop
  endfacet
  facet normal 0 0 1
    outer loop
      vertex 11.9259 166.018 10
      vertex 12.7813 166.038 10
      vertex 12.1914 166.241 10
    endloop
  endfacet
  facet normal 0 -0 1
    outer loop
      vertex 11.846 164.167 10
      vertex 12.2437 164.655 10
      vertex 11.5556 164.29 10
    endloop
  endfacet
  facet normal 0 0 1
    outer loop
      vertex 11.5556 164.29 10
      vertex 12.2437 164.655 10
      vertex 11.9259 166.018 10
    endloop
  endfacet
  facet normal 0 -0 1
    outer loop
      vertex 12.2437 164.655 10
      vertex 12.2799 164.687 10
      vertex 11.9259 166.018 10
    endloop
  endfacet
  facet normal -0 0 1
    outer loop
      vertex 13.3713 164.534 10
      vertex 14.2575 163.403 10
      vertex 14.3428 165.641 10
    endloop
  endfacet
  facet normal 0 0 1
    outer loop
      vertex 12.2799 164.687 10
      vertex 12.9172 166.058 10
      vertex 12.7813 166.038 10
    endloop
  endfacet
  facet normal 0 0 1
    outer loop
      vertex 12.9172 166.058 10
      vertex 12.2799 164.687 10
      vertex 14.1499 165.867 10
    endloop
  endfacet
  facet normal -0 0 1
    outer loop
      vertex 12.9172 166.058 10
      vertex 14.1499 165.867 10
      vertex 13.8972 166.758 10
    endloop
  endfacet
  facet normal 0 -0 1
    outer loop
      vertex 13.6041 163.27 10
      vertex 14.0876 163.451 10
      vertex 13.2479 163.758 10
    endloop
  endfacet
  facet normal -0 0 1
    outer loop
      vertex 13.9455 166.944 10
      vertex 14.3259 165.855 10
      vertex 14.6411 168.309 10
    endloop
  endfacet
  facet normal -0 0 1
    outer loop
      vertex 13.2479 163.758 10
      vertex 14.0876 163.451 10
      vertex 13.3713 164.534 10
    endloop
  endfacet
  facet normal 0 0 1
    outer loop
      vertex 14.2575 163.403 10
      vertex 20.5765 162.592 10
      vertex 20.6095 162.817 10
    endloop
  endfacet
  facet normal 0 -0 1
    outer loop
      vertex 18.0691 159.791 10
      vertex 20.5765 162.592 10
      vertex 14.2442 163.202 10
    endloop
  endfacet
  facet normal 0 0 1
    outer loop
      vertex 13.3713 164.534 10
      vertex 14.0876 163.451 10
      vertex 14.2575 163.403 10
    endloop
  endfacet
  facet normal 0 0 1
    outer loop
      vertex 14.2442 163.202 10
      vertex 14.8075 160.3 10
      vertex 18.0691 159.791 10
    endloop
  endfacet
  facet normal -0 0 1
    outer loop
      vertex 14.2442 163.202 10
      vertex 20.5765 162.592 10
      vertex 14.2575 163.403 10
    endloop
  endfacet
  facet normal 0 0 1
    outer loop
      vertex 14.245 160.328 10
      vertex 13.6542 162.632 10
      vertex 13.5365 160.753 10
    endloop
  endfacet
  facet normal 0 -0 1
    outer loop
      vertex 12.8007 161.355 10
      vertex 13.4753 162.61 10
      vertex 12.4159 162.152 10
    endloop
  endfacet
  facet normal 0 0 1
    outer loop
      vertex 13.4753 162.61 10
      vertex 12.5817 163.123 10
      vertex 12.4159 162.152 10
    endloop
  endfacet
  facet normal 0 0 1
    outer loop
      vertex 13.6542 162.632 10
      vertex 13.4753 162.61 10
      vertex 12.8007 161.355 10
    endloop
  endfacet
  facet normal 0 0 1
    outer loop
      vertex 13.6542 162.632 10
      vertex 12.8007 161.355 10
      vertex 13.5365 160.753 10
    endloop
  endfacet
  facet normal 0 0 1
    outer loop
      vertex 14.8075 160.3 10
      vertex 13.6542 162.632 10
      vertex 14.245 160.328 10
    endloop
  endfacet
  facet normal 0 0 1
    outer loop
      vertex 15.3421 159.817 10
      vertex 14.8075 160.3 10
      vertex 14.9466 160.118 10
    endloop
  endfacet
  facet normal 0 0 1
    outer loop
      vertex 14.2442 163.202 10
      vertex 13.6542 162.632 10
      vertex 14.8075 160.3 10
    endloop
  endfacet
  facet normal 0 0 1
    outer loop
      vertex 18.0691 159.791 10
      vertex 14.8075 160.3 10
      vertex 15.3421 159.817 10
    endloop
  endfacet
  facet normal 0 0 1
    outer loop
      vertex 15.1693 159.781 10
      vertex 14.8231 159.55 10
      vertex 14.9206 159.509 10
    endloop
  endfacet
  facet normal 0 0 1
    outer loop
      vertex 14.9466 160.118 10
      vertex 14.8231 159.55 10
      vertex 15.1693 159.781 10
    endloop
  endfacet
  facet normal 0 0 1
    outer loop
      vertex 18.0691 159.791 10
      vertex 15.3421 159.817 10
      vertex 16.5664 159.29 10
    endloop
  endfacet
  facet normal 0 0 1
    outer loop
      vertex 14.9466 160.118 10
      vertex 15.1693 159.781 10
      vertex 15.3421 159.817 10
    endloop
  endfacet
  facet normal 0 0 1
    outer loop
      vertex 15.3421 159.817 10
      vertex 15.4116 159.752 10
      vertex 16.5664 159.29 10
    endloop
  endfacet
  facet normal 0 0 1
    outer loop
      vertex 15.4116 159.752 10
      vertex 15.6594 159.299 10
      vertex 16.5664 159.29 10
    endloop
  endfacet
  facet normal 0.705791 -0.70842 0
    outer loop
      vertex 20.6025 162.315 0
      vertex 18.0691 159.791 10
      vertex 18.0691 159.791 0
    endloop
  endfacet
  facet normal 0.705791 -0.70842 0
    outer loop
      vertex 20.6025 162.315 0
      vertex 20.6025 162.315 10
      vertex 18.0691 159.791 10
    endloop
  endfacet
  facet normal 0.842487 -0.538717 0
    outer loop
      vertex 20.6933 162.457 0
      vertex 20.6025 162.315 10
      vertex 20.6025 162.315 0
    endloop
  endfacet
  facet normal 0.842487 -0.538717 0
    outer loop
      vertex 20.6933 162.457 0
      vertex 20.6933 162.457 10
      vertex 20.6025 162.315 10
    endloop
  endfacet
  facet normal 0.756243 0.654291 0
    outer loop
      vertex 20.5765 162.592 0
      vertex 20.6933 162.457 10
      vertex 20.6933 162.457 0
    endloop
  endfacet
  facet normal 0.756243 0.654291 -0
    outer loop
      vertex 20.5765 162.592 0
      vertex 20.5765 162.592 10
      vertex 20.6933 162.457 10
    endloop
  endfacet
  facet normal 0.989415 -0.145114 0
    outer loop
      vertex 20.6095 162.817 0
      vertex 20.5765 162.592 10
      vertex 20.5765 162.592 0
    endloop
  endfacet
  facet normal 0.989415 -0.145114 0
    outer loop
      vertex 20.6095 162.817 0
      vertex 20.6095 162.817 10
      vertex 20.5765 162.592 10
    endloop
  endfacet
  facet normal 0.536394 -0.843968 0
    outer loop
      vertex 21.2782 163.242 0
      vertex 20.6095 162.817 10
      vertex 20.6095 162.817 0
    endloop
  endfacet
  facet normal 0.536394 -0.843968 0
    outer loop
      vertex 21.2782 163.242 0
      vertex 21.2782 163.242 10
      vertex 20.6095 162.817 10
    endloop
  endfacet
  facet normal 0.940658 0.339356 0
    outer loop
      vertex 21.0989 163.739 0
      vertex 21.2782 163.242 10
      vertex 21.2782 163.242 0
    endloop
  endfacet
  facet normal 0.940658 0.339356 -0
    outer loop
      vertex 21.0989 163.739 0
      vertex 21.0989 163.739 10
      vertex 21.2782 163.242 10
    endloop
  endfacet
  facet normal 0.960292 -0.278996 0
    outer loop
      vertex 21.148 163.908 0
      vertex 21.0989 163.739 10
      vertex 21.0989 163.739 0
    endloop
  endfacet
  facet normal 0.960292 -0.278996 0
    outer loop
      vertex 21.148 163.908 0
      vertex 21.148 163.908 10
      vertex 21.0989 163.739 10
    endloop
  endfacet
  facet normal -0.0743096 -0.997235 0
    outer loop
      vertex 21.3493 163.893 0
      vertex 21.148 163.908 10
      vertex 21.148 163.908 0
    endloop
  endfacet
  facet normal -0.0743096 -0.997235 0
    outer loop
      vertex 21.3493 163.893 0
      vertex 21.3493 163.893 10
      vertex 21.148 163.908 10
    endloop
  endfacet
  facet normal -0.728579 -0.684961 0
    outer loop
      vertex 21.9162 163.29 0
      vertex 21.3493 163.893 10
      vertex 21.3493 163.893 0
    endloop
  endfacet
  facet normal -0.728579 -0.684961 0
    outer loop
      vertex 21.9162 163.29 0
      vertex 21.9162 163.29 10
      vertex 21.3493 163.893 10
    endloop
  endfacet
  facet normal 0.281122 -0.959672 0
    outer loop
      vertex 22.5136 163.465 0
      vertex 21.9162 163.29 10
      vertex 21.9162 163.29 0
    endloop
  endfacet
  facet normal 0.281122 -0.959672 0
    outer loop
      vertex 22.5136 163.465 0
      vertex 22.5136 163.465 10
      vertex 21.9162 163.29 10
    endloop
  endfacet
  facet normal 0.901988 -0.431762 0
    outer loop
      vertex 23.0277 164.539 0
      vertex 22.5136 163.465 10
      vertex 22.5136 163.465 0
    endloop
  endfacet
  facet normal 0.901988 -0.431762 0
    outer loop
      vertex 23.0277 164.539 0
      vertex 23.0277 164.539 10
      vertex 22.5136 163.465 10
    endloop
  endfacet
  facet normal 0.997785 0.066519 0
    outer loop
      vertex 22.9603 165.55 0
      vertex 23.0277 164.539 10
      vertex 23.0277 164.539 0
    endloop
  endfacet
  facet normal 0.997785 0.066519 -0
    outer loop
      vertex 22.9603 165.55 0
      vertex 22.9603 165.55 10
      vertex 23.0277 164.539 10
    endloop
  endfacet
  facet normal 0.914312 -0.405011 0
    outer loop
      vertex 23.017 165.678 0
      vertex 22.9603 165.55 10
      vertex 22.9603 165.55 0
    endloop
  endfacet
  facet normal 0.914312 -0.405011 0
    outer loop
      vertex 23.017 165.678 0
      vertex 23.017 165.678 10
      vertex 22.9603 165.55 10
    endloop
  endfacet
  facet normal 0.61914 -0.78528 0
    outer loop
      vertex 23.3455 165.937 0
      vertex 23.017 165.678 10
      vertex 23.017 165.678 0
    endloop
  endfacet
  facet normal 0.61914 -0.78528 0
    outer loop
      vertex 23.3455 165.937 0
      vertex 23.3455 165.937 10
      vertex 23.017 165.678 10
    endloop
  endfacet
  facet normal 0.997065 -0.0765579 0
    outer loop
      vertex 23.4004 166.652 0
      vertex 23.3455 165.937 10
      vertex 23.3455 165.937 0
    endloop
  endfacet
  facet normal 0.997065 -0.0765579 0
    outer loop
      vertex 23.4004 166.652 0
      vertex 23.4004 166.652 10
      vertex 23.3455 165.937 10
    endloop
  endfacet
  facet normal 0.760817 -0.648966 0
    outer loop
      vertex 23.5147 166.786 0
      vertex 23.4004 166.652 10
      vertex 23.4004 166.652 0
    endloop
  endfacet
  facet normal 0.760817 -0.648966 0
    outer loop
      vertex 23.5147 166.786 0
      vertex 23.5147 166.786 10
      vertex 23.4004 166.652 10
    endloop
  endfacet
  facet normal -0.592307 -0.805712 0
    outer loop
      vertex 23.6997 166.65 0
      vertex 23.5147 166.786 10
      vertex 23.5147 166.786 0
    endloop
  endfacet
  facet normal -0.592307 -0.805712 0
    outer loop
      vertex 23.6997 166.65 0
      vertex 23.6997 166.65 10
      vertex 23.5147 166.786 10
    endloop
  endfacet
  facet normal -0.997787 -0.0664986 0
    outer loop
      vertex 23.8078 165.028 0
      vertex 23.6997 166.65 10
      vertex 23.6997 166.65 0
    endloop
  endfacet
  facet normal -0.997787 -0.0664986 0
    outer loop
      vertex 23.8078 165.028 0
      vertex 23.8078 165.028 10
      vertex 23.6997 166.65 10
    endloop
  endfacet
  facet normal -0.904246 -0.427011 0
    outer loop
      vertex 24.187 164.225 0
      vertex 23.8078 165.028 10
      vertex 23.8078 165.028 0
    endloop
  endfacet
  facet normal -0.904246 -0.427011 0
    outer loop
      vertex 24.187 164.225 0
      vertex 24.187 164.225 10
      vertex 23.8078 165.028 10
    endloop
  endfacet
  facet normal -0.284445 -0.958692 0
    outer loop
      vertex 25.3026 163.894 0
      vertex 24.187 164.225 10
      vertex 24.187 164.225 0
    endloop
  endfacet
  facet normal -0.284445 -0.958692 0
    outer loop
      vertex 25.3026 163.894 0
      vertex 25.3026 163.894 10
      vertex 24.187 164.225 10
    endloop
  endfacet
  facet normal -0.713595 -0.700558 0
    outer loop
      vertex 25.4047 163.79 0
      vertex 25.3026 163.894 10
      vertex 25.3026 163.894 0
    endloop
  endfacet
  facet normal -0.713595 -0.700558 0
    outer loop
      vertex 25.4047 163.79 0
      vertex 25.4047 163.79 10
      vertex 25.3026 163.894 10
    endloop
  endfacet
  facet normal -0.964588 -0.263763 0
    outer loop
      vertex 25.5983 163.082 0
      vertex 25.4047 163.79 10
      vertex 25.4047 163.79 0
    endloop
  endfacet
  facet normal -0.964588 -0.263763 0
    outer loop
      vertex 25.5983 163.082 0
      vertex 25.5983 163.082 10
      vertex 25.4047 163.79 10
    endloop
  endfacet
  facet normal 0.181009 -0.983481 0
    outer loop
      vertex 25.745 163.109 0
      vertex 25.5983 163.082 10
      vertex 25.5983 163.082 0
    endloop
  endfacet
  facet normal 0.181009 -0.983481 0
    outer loop
      vertex 25.745 163.109 0
      vertex 25.745 163.109 10
      vertex 25.5983 163.082 10
    endloop
  endfacet
  facet normal 0.976356 -0.216169 0
    outer loop
      vertex 26.0667 164.562 0
      vertex 25.745 163.109 10
      vertex 25.745 163.109 0
    endloop
  endfacet
  facet normal 0.976356 -0.216169 0
    outer loop
      vertex 26.0667 164.562 0
      vertex 26.0667 164.562 10
      vertex 25.745 163.109 10
    endloop
  endfacet
  facet normal 0.981147 0.193261 0
    outer loop
      vertex 25.8128 165.851 0
      vertex 26.0667 164.562 10
      vertex 26.0667 164.562 0
    endloop
  endfacet
  facet normal 0.981147 0.193261 -0
    outer loop
      vertex 25.8128 165.851 0
      vertex 25.8128 165.851 10
      vertex 26.0667 164.562 10
    endloop
  endfacet
  facet normal 0.992541 -0.12191 0
    outer loop
      vertex 25.8241 165.943 0
      vertex 25.8128 165.851 10
      vertex 25.8128 165.851 0
    endloop
  endfacet
  facet normal 0.992541 -0.12191 0
    outer loop
      vertex 25.8241 165.943 0
      vertex 25.8241 165.943 10
      vertex 25.8128 165.851 10
    endloop
  endfacet
  facet normal 0.906183 -0.422885 0
    outer loop
      vertex 26.3841 167.143 0
      vertex 25.8241 165.943 10
      vertex 25.8241 165.943 0
    endloop
  endfacet
  facet normal 0.906183 -0.422885 0
    outer loop
      vertex 26.3841 167.143 0
      vertex 26.3841 167.143 10
      vertex 25.8241 165.943 10
    endloop
  endfacet
  facet normal 0.690109 -0.723706 0
    outer loop
      vertex 26.4638 167.219 0
      vertex 26.3841 167.143 10
      vertex 26.3841 167.143 0
    endloop
  endfacet
  facet normal 0.690109 -0.723706 0
    outer loop
      vertex 26.4638 167.219 0
      vertex 26.4638 167.219 10
      vertex 26.3841 167.143 10
    endloop
  endfacet
  facet normal 0.37515 -0.926964 0
    outer loop
      vertex 26.9481 167.415 0
      vertex 26.4638 167.219 10
      vertex 26.4638 167.219 0
    endloop
  endfacet
  facet normal 0.37515 -0.926964 0
    outer loop
      vertex 26.9481 167.415 0
      vertex 26.9481 167.415 10
      vertex 26.4638 167.219 10
    endloop
  endfacet
  facet normal 0.774415 -0.632678 0
    outer loop
      vertex 27.6074 168.222 0
      vertex 26.9481 167.415 10
      vertex 26.9481 167.415 0
    endloop
  endfacet
  facet normal 0.774415 -0.632678 0
    outer loop
      vertex 27.6074 168.222 0
      vertex 27.6074 168.222 10
      vertex 26.9481 167.415 10
    endloop
  endfacet
  facet normal 0.989968 -0.141289 0
    outer loop
      vertex 27.8172 169.692 0
      vertex 27.6074 168.222 10
      vertex 27.6074 168.222 0
    endloop
  endfacet
  facet normal 0.989968 -0.141289 0
    outer loop
      vertex 27.8172 169.692 0
      vertex 27.8172 169.692 10
      vertex 27.6074 168.222 10
    endloop
  endfacet
  facet normal 0.96805 0.250756 0
    outer loop
      vertex 27.1748 172.172 0
      vertex 27.8172 169.692 10
      vertex 27.8172 169.692 0
    endloop
  endfacet
  facet normal 0.96805 0.250756 -0
    outer loop
      vertex 27.1748 172.172 0
      vertex 27.1748 172.172 10
      vertex 27.8172 169.692 10
    endloop
  endfacet
  facet normal 0.867421 -0.497575 0
    outer loop
      vertex 27.2792 172.354 0
      vertex 27.1748 172.172 10
      vertex 27.1748 172.172 0
    endloop
  endfacet
  facet normal 0.867421 -0.497575 0
    outer loop
      vertex 27.2792 172.354 0
      vertex 27.2792 172.354 10
      vertex 27.1748 172.172 10
    endloop
  endfacet
  facet normal 0.271812 -0.96235 0
    outer loop
      vertex 28.1183 172.591 0
      vertex 27.2792 172.354 10
      vertex 27.2792 172.354 0
    endloop
  endfacet
  facet normal 0.271812 -0.96235 0
    outer loop
      vertex 28.1183 172.591 0
      vertex 28.1183 172.591 10
      vertex 27.2792 172.354 10
    endloop
  endfacet
  facet normal 0.962593 -0.270952 0
    outer loop
      vertex 28.4527 173.779 0
      vertex 28.1183 172.591 10
      vertex 28.1183 172.591 0
    endloop
  endfacet
  facet normal 0.962593 -0.270952 0
    outer loop
      vertex 28.4527 173.779 0
      vertex 28.4527 173.779 10
      vertex 28.1183 172.591 10
    endloop
  endfacet
  facet normal 0.730015 0.683431 0
    outer loop
      vertex 26.9005 175.437 0
      vertex 28.4527 173.779 10
      vertex 28.4527 173.779 0
    endloop
  endfacet
  facet normal 0.730015 0.683431 -0
    outer loop
      vertex 26.9005 175.437 0
      vertex 26.9005 175.437 10
      vertex 28.4527 173.779 10
    endloop
  endfacet
  facet normal 0.950861 0.309619 0
    outer loop
      vertex 26.8611 175.558 0
      vertex 26.9005 175.437 10
      vertex 26.9005 175.437 0
    endloop
  endfacet
  facet normal 0.950861 0.309619 -0
    outer loop
      vertex 26.8611 175.558 0
      vertex 26.8611 175.558 10
      vertex 26.9005 175.437 10
    endloop
  endfacet
  facet normal 0.992448 -0.122665 0
    outer loop
      vertex 27.1874 178.198 0
      vertex 26.8611 175.558 10
      vertex 26.8611 175.558 0
    endloop
  endfacet
  facet normal 0.992448 -0.122665 0
    outer loop
      vertex 27.1874 178.198 0
      vertex 27.1874 178.198 10
      vertex 26.8611 175.558 10
    endloop
  endfacet
  facet normal 0.961544 0.274651 0
    outer loop
      vertex 26.7758 179.639 0
      vertex 27.1874 178.198 10
      vertex 27.1874 178.198 0
    endloop
  endfacet
  facet normal 0.961544 0.274651 -0
    outer loop
      vertex 26.7758 179.639 0
      vertex 26.7758 179.639 10
      vertex 27.1874 178.198 10
    endloop
  endfacet
  facet normal 0.98965 0.143499 0
    outer loop
      vertex 26.77 179.679 0
      vertex 26.7758 179.639 10
      vertex 26.7758 179.639 0
    endloop
  endfacet
  facet normal 0.98965 0.143499 -0
    outer loop
      vertex 26.77 179.679 0
      vertex 26.77 179.679 10
      vertex 26.7758 179.639 10
    endloop
  endfacet
  facet normal 0.99998 0.00628918 0
    outer loop
      vertex 26.76 181.269 0
      vertex 26.77 179.679 10
      vertex 26.77 179.679 0
    endloop
  endfacet
  facet normal 0.99998 0.00628918 -0
    outer loop
      vertex 26.76 181.269 0
      vertex 26.76 181.269 10
      vertex 26.77 179.679 10
    endloop
  endfacet
  facet normal 0.964363 -0.264582 0
    outer loop
      vertex 26.7814 181.347 0
      vertex 26.76 181.269 10
      vertex 26.76 181.269 0
    endloop
  endfacet
  facet normal 0.964363 -0.264582 0
    outer loop
      vertex 26.7814 181.347 0
      vertex 26.7814 181.347 10
      vertex 26.76 181.269 10
    endloop
  endfacet
  facet normal 0.857715 -0.514126 0
    outer loop
      vertex 26.9858 181.688 0
      vertex 26.7814 181.347 10
      vertex 26.7814 181.347 0
    endloop
  endfacet
  facet normal 0.857715 -0.514126 0
    outer loop
      vertex 26.9858 181.688 0
      vertex 26.9858 181.688 10
      vertex 26.7814 181.347 10
    endloop
  endfacet
  facet normal 0.947986 0.318312 0
    outer loop
      vertex 26.5278 183.052 0
      vertex 26.9858 181.688 10
      vertex 26.9858 181.688 0
    endloop
  endfacet
  facet normal 0.947986 0.318312 -0
    outer loop
      vertex 26.5278 183.052 0
      vertex 26.5278 183.052 10
      vertex 26.9858 181.688 10
    endloop
  endfacet
  facet normal 0.998215 -0.0597147 0
    outer loop
      vertex 26.5345 183.164 0
      vertex 26.5278 183.052 10
      vertex 26.5278 183.052 0
    endloop
  endfacet
  facet normal 0.998215 -0.0597147 0
    outer loop
      vertex 26.5345 183.164 0
      vertex 26.5345 183.164 10
      vertex 26.5278 183.052 10
    endloop
  endfacet
  facet normal 0.90349 -0.42861 0
    outer loop
      vertex 26.9847 184.113 0
      vertex 26.5345 183.164 10
      vertex 26.5345 183.164 0
    endloop
  endfacet
  facet normal 0.90349 -0.42861 0
    outer loop
      vertex 26.9847 184.113 0
      vertex 26.9847 184.113 10
      vertex 26.5345 183.164 10
    endloop
  endfacet
  facet normal 0.988348 0.152214 0
    outer loop
      vertex 26.9117 184.587 0
      vertex 26.9847 184.113 10
      vertex 26.9847 184.113 0
    endloop
  endfacet
  facet normal 0.988348 0.152214 -0
    outer loop
      vertex 26.9117 184.587 0
      vertex 26.9117 184.587 10
      vertex 26.9847 184.113 10
    endloop
  endfacet
  facet normal 0.976144 -0.217124 0
    outer loop
      vertex 26.9355 184.694 0
      vertex 26.9117 184.587 10
      vertex 26.9117 184.587 0
    endloop
  endfacet
  facet normal 0.976144 -0.217124 0
    outer loop
      vertex 26.9355 184.694 0
      vertex 26.9355 184.694 10
      vertex 26.9117 184.587 10
    endloop
  endfacet
  facet normal 0.830167 -0.557514 0
    outer loop
      vertex 28.3055 186.734 0
      vertex 26.9355 184.694 10
      vertex 26.9355 184.694 0
    endloop
  endfacet
  facet normal 0.830167 -0.557514 0
    outer loop
      vertex 28.3055 186.734 0
      vertex 28.3055 186.734 10
      vertex 26.9355 184.694 10
    endloop
  endfacet
  facet normal 0.629232 -0.777218 0
    outer loop
      vertex 28.3722 186.788 0
      vertex 28.3055 186.734 10
      vertex 28.3055 186.734 0
    endloop
  endfacet
  facet normal 0.629232 -0.777218 0
    outer loop
      vertex 28.3722 186.788 0
      vertex 28.3722 186.788 10
      vertex 28.3055 186.734 10
    endloop
  endfacet
  facet normal 0.385335 -0.922777 0
    outer loop
      vertex 29.2822 187.168 0
      vertex 28.3722 186.788 10
      vertex 28.3722 186.788 0
    endloop
  endfacet
  facet normal 0.385335 -0.922777 0
    outer loop
      vertex 29.2822 187.168 0
      vertex 29.2822 187.168 10
      vertex 28.3722 186.788 10
    endloop
  endfacet
  facet normal 0.116841 -0.993151 0
    outer loop
      vertex 29.3672 187.178 0
      vertex 29.2822 187.168 10
      vertex 29.2822 187.168 0
    endloop
  endfacet
  facet normal 0.116841 -0.993151 0
    outer loop
      vertex 29.3672 187.178 0
      vertex 29.3672 187.178 10
      vertex 29.2822 187.168 10
    endloop
  endfacet
  facet normal -0.181743 -0.983346 0
    outer loop
      vertex 30.9417 186.887 0
      vertex 29.3672 187.178 10
      vertex 29.3672 187.178 0
    endloop
  endfacet
  facet normal -0.181743 -0.983346 0
    outer loop
      vertex 30.9417 186.887 0
      vertex 30.9417 186.887 10
      vertex 29.3672 187.178 10
    endloop
  endfacet
  facet normal 0.871905 -0.489676 0
    outer loop
      vertex 31.1085 187.184 0
      vertex 30.9417 186.887 10
      vertex 30.9417 186.887 0
    endloop
  endfacet
  facet normal 0.871905 -0.489676 0
    outer loop
      vertex 31.1085 187.184 0
      vertex 31.1085 187.184 10
      vertex 30.9417 186.887 10
    endloop
  endfacet
  facet normal 0.975365 -0.220598 0
    outer loop
      vertex 31.2874 187.975 0
      vertex 31.1085 187.184 10
      vertex 31.1085 187.184 0
    endloop
  endfacet
  facet normal 0.975365 -0.220598 0
    outer loop
      vertex 31.2874 187.975 0
      vertex 31.2874 187.975 10
      vertex 31.1085 187.184 10
    endloop
  endfacet
  facet normal 0.988607 0.150517 0
    outer loop
      vertex 31.142 188.93 0
      vertex 31.2874 187.975 10
      vertex 31.2874 187.975 0
    endloop
  endfacet
  facet normal 0.988607 0.150517 -0
    outer loop
      vertex 31.142 188.93 0
      vertex 31.142 188.93 10
      vertex 31.2874 187.975 10
    endloop
  endfacet
  facet normal 0.533701 0.845674 0
    outer loop
      vertex 30.2499 189.493 0
      vertex 31.142 188.93 10
      vertex 31.142 188.93 0
    endloop
  endfacet
  facet normal 0.533701 0.845674 -0
    outer loop
      vertex 30.2499 189.493 0
      vertex 30.2499 189.493 10
      vertex 31.142 188.93 10
    endloop
  endfacet
  facet normal 0.962236 0.272218 0
    outer loop
      vertex 30.1953 189.686 0
      vertex 30.2499 189.493 10
      vertex 30.2499 189.493 0
    endloop
  endfacet
  facet normal 0.962236 0.272218 -0
    outer loop
      vertex 30.1953 189.686 0
      vertex 30.1953 189.686 10
      vertex 30.2499 189.493 10
    endloop
  endfacet
  facet normal 0.898209 -0.439568 0
    outer loop
      vertex 32.0344 193.444 0
      vertex 30.1953 189.686 10
      vertex 30.1953 189.686 0
    endloop
  endfacet
  facet normal 0.898209 -0.439568 0
    outer loop
      vertex 32.0344 193.444 0
      vertex 32.0344 193.444 10
      vertex 30.1953 189.686 10
    endloop
  endfacet
  facet normal 0.991807 -0.127747 0
    outer loop
      vertex 32.3689 196.041 0
      vertex 32.0344 193.444 10
      vertex 32.0344 193.444 0
    endloop
  endfacet
  facet normal 0.991807 -0.127747 0
    outer loop
      vertex 32.3689 196.041 0
      vertex 32.3689 196.041 10
      vertex 32.0344 193.444 10
    endloop
  endfacet
  facet normal 0.994153 0.107977 0
    outer loop
      vertex 32.1709 197.864 0
      vertex 32.3689 196.041 10
      vertex 32.3689 196.041 0
    endloop
  endfacet
  facet normal 0.994153 0.107977 -0
    outer loop
      vertex 32.1709 197.864 0
      vertex 32.1709 197.864 10
      vertex 32.3689 196.041 10
    endloop
  endfacet
  facet normal 0.802946 -0.596052 0
    outer loop
      vertex 32.2919 198.027 0
      vertex 32.1709 197.864 10
      vertex 32.1709 197.864 0
    endloop
  endfacet
  facet normal 0.802946 -0.596052 0
    outer loop
      vertex 32.2919 198.027 0
      vertex 32.2919 198.027 10
      vertex 32.1709 197.864 10
    endloop
  endfacet
  facet normal 0.188129 -0.982144 0
    outer loop
      vertex 33.3569 198.231 0
      vertex 32.2919 198.027 10
      vertex 32.2919 198.027 0
    endloop
  endfacet
  facet normal 0.188129 -0.982144 0
    outer loop
      vertex 33.3569 198.231 0
      vertex 33.3569 198.231 10
      vertex 32.2919 198.027 10
    endloop
  endfacet
  facet normal 0.608808 -0.793317 0
    outer loop
      vertex 34.2495 198.916 0
      vertex 33.3569 198.231 10
      vertex 33.3569 198.231 0
    endloop
  endfacet
  facet normal 0.608808 -0.793317 0
    outer loop
      vertex 34.2495 198.916 0
      vertex 34.2495 198.916 10
      vertex 33.3569 198.231 10
    endloop
  endfacet
  facet normal 0.990725 0.13588 0
    outer loop
      vertex 34.1214 199.85 0
      vertex 34.2495 198.916 10
      vertex 34.2495 198.916 0
    endloop
  endfacet
  facet normal 0.990725 0.13588 -0
    outer loop
      vertex 34.1214 199.85 0
      vertex 34.1214 199.85 10
      vertex 34.2495 198.916 10
    endloop
  endfacet
  facet normal 0.973015 -0.230743 0
    outer loop
      vertex 34.1463 199.955 0
      vertex 34.1214 199.85 10
      vertex 34.1214 199.85 0
    endloop
  endfacet
  facet normal 0.973015 -0.230743 0
    outer loop
      vertex 34.1463 199.955 0
      vertex 34.1463 199.955 10
      vertex 34.1214 199.85 10
    endloop
  endfacet
  facet normal 0.824743 -0.565508 0
    outer loop
      vertex 36.3055 203.104 0
      vertex 34.1463 199.955 10
      vertex 34.1463 199.955 0
    endloop
  endfacet
  facet normal 0.824743 -0.565508 0
    outer loop
      vertex 36.3055 203.104 0
      vertex 36.3055 203.104 10
      vertex 34.1463 199.955 10
    endloop
  endfacet
  facet normal 0.992821 -0.119612 0
    outer loop
      vertex 36.3661 203.607 0
      vertex 36.3055 203.104 10
      vertex 36.3055 203.104 0
    endloop
  endfacet
  facet normal 0.992821 -0.119612 0
    outer loop
      vertex 36.3661 203.607 0
      vertex 36.3661 203.607 10
      vertex 36.3055 203.104 10
    endloop
  endfacet
  facet normal 0.91581 0.401613 0
    outer loop
      vertex 35.7026 205.12 0
      vertex 36.3661 203.607 10
      vertex 36.3661 203.607 0
    endloop
  endfacet
  facet normal 0.91581 0.401613 -0
    outer loop
      vertex 35.7026 205.12 0
      vertex 35.7026 205.12 10
      vertex 36.3661 203.607 10
    endloop
  endfacet
  facet normal 0.998799 0.0489977 0
    outer loop
      vertex 35.6974 205.226 0
      vertex 35.7026 205.12 10
      vertex 35.7026 205.12 0
    endloop
  endfacet
  facet normal 0.998799 0.0489977 -0
    outer loop
      vertex 35.6974 205.226 0
      vertex 35.6974 205.226 10
      vertex 35.7026 205.12 10
    endloop
  endfacet
  facet normal 0.95073 -0.310021 0
    outer loop
      vertex 35.8474 205.686 0
      vertex 35.6974 205.226 10
      vertex 35.6974 205.226 0
    endloop
  endfacet
  facet normal 0.95073 -0.310021 0
    outer loop
      vertex 35.8474 205.686 0
      vertex 35.8474 205.686 10
      vertex 35.6974 205.226 10
    endloop
  endfacet
  facet normal 0.822484 -0.568788 0
    outer loop
      vertex 35.8965 205.757 0
      vertex 35.8474 205.686 10
      vertex 35.8474 205.686 0
    endloop
  endfacet
  facet normal 0.822484 -0.568788 0
    outer loop
      vertex 35.8965 205.757 0
      vertex 35.8965 205.757 10
      vertex 35.8474 205.686 10
    endloop
  endfacet
  facet normal 0.624006 -0.781419 0
    outer loop
      vertex 36.6992 206.398 0
      vertex 35.8965 205.757 10
      vertex 35.8965 205.757 0
    endloop
  endfacet
  facet normal 0.624006 -0.781419 0
    outer loop
      vertex 36.6992 206.398 0
      vertex 36.6992 206.398 10
      vertex 35.8965 205.757 10
    endloop
  endfacet
  facet normal 0.96039 -0.27866 0
    outer loop
      vertex 37.1559 207.972 0
      vertex 36.6992 206.398 10
      vertex 36.6992 206.398 0
    endloop
  endfacet
  facet normal 0.96039 -0.27866 0
    outer loop
      vertex 37.1559 207.972 0
      vertex 37.1559 207.972 10
      vertex 36.6992 206.398 10
    endloop
  endfacet
  facet normal 0.86297 -0.505255 0
    outer loop
      vertex 37.1922 208.034 0
      vertex 37.1559 207.972 10
      vertex 37.1559 207.972 0
    endloop
  endfacet
  facet normal 0.86297 -0.505255 0
    outer loop
      vertex 37.1922 208.034 0
      vertex 37.1922 208.034 10
      vertex 37.1559 207.972 10
    endloop
  endfacet
  facet normal 0.718602 -0.695421 0
    outer loop
      vertex 38.3922 209.274 0
      vertex 37.1922 208.034 10
      vertex 37.1922 208.034 0
    endloop
  endfacet
  facet normal 0.718602 -0.695421 0
    outer loop
      vertex 38.3922 209.274 0
      vertex 38.3922 209.274 10
      vertex 37.1922 208.034 10
    endloop
  endfacet
  facet normal 0.121371 -0.992607 0
    outer loop
      vertex 38.5803 209.297 0
      vertex 38.3922 209.274 10
      vertex 38.3922 209.274 0
    endloop
  endfacet
  facet normal 0.121371 -0.992607 0
    outer loop
      vertex 38.5803 209.297 0
      vertex 38.5803 209.297 10
      vertex 38.3922 209.274 10
    endloop
  endfacet
  facet normal -0.535423 -0.844584 0
    outer loop
      vertex 39.7397 208.562 0
      vertex 38.5803 209.297 10
      vertex 38.5803 209.297 0
    endloop
  endfacet
  facet normal -0.535423 -0.844584 0
    outer loop
      vertex 39.7397 208.562 0
      vertex 39.7397 208.562 10
      vertex 38.5803 209.297 10
    endloop
  endfacet
  facet normal 0.923922 -0.382582 0
    outer loop
      vertex 40.2395 209.769 0
      vertex 39.7397 208.562 10
      vertex 39.7397 208.562 0
    endloop
  endfacet
  facet normal 0.923922 -0.382582 0
    outer loop
      vertex 40.2395 209.769 0
      vertex 40.2395 209.769 10
      vertex 39.7397 208.562 10
    endloop
  endfacet
  facet normal 0.999885 0.0151342 0
    outer loop
      vertex 40.21 211.718 0
      vertex 40.2395 209.769 10
      vertex 40.2395 209.769 0
    endloop
  endfacet
  facet normal 0.999885 0.0151342 -0
    outer loop
      vertex 40.21 211.718 0
      vertex 40.21 211.718 10
      vertex 40.2395 209.769 10
    endloop
  endfacet
  facet normal 0.856932 -0.515429 0
    outer loop
      vertex 40.2912 211.853 0
      vertex 40.21 211.718 10
      vertex 40.21 211.718 0
    endloop
  endfacet
  facet normal 0.856932 -0.515429 0
    outer loop
      vertex 40.2912 211.853 0
      vertex 40.2912 211.853 10
      vertex 40.21 211.718 10
    endloop
  endfacet
  facet normal 0.458643 -0.888621 0
    outer loop
      vertex 40.6012 212.013 0
      vertex 40.2912 211.853 10
      vertex 40.2912 211.853 0
    endloop
  endfacet
  facet normal 0.458643 -0.888621 0
    outer loop
      vertex 40.6012 212.013 0
      vertex 40.6012 212.013 10
      vertex 40.2912 211.853 10
    endloop
  endfacet
  facet normal 0.126306 -0.991991 0
    outer loop
      vertex 40.7033 212.026 0
      vertex 40.6012 212.013 10
      vertex 40.6012 212.013 0
    endloop
  endfacet
  facet normal 0.126306 -0.991991 0
    outer loop
      vertex 40.7033 212.026 0
      vertex 40.7033 212.026 10
      vertex 40.6012 212.013 10
    endloop
  endfacet
  facet normal -0.221873 -0.975075 0
    outer loop
      vertex 42.3733 211.646 0
      vertex 40.7033 212.026 10
      vertex 40.7033 212.026 0
    endloop
  endfacet
  facet normal -0.221873 -0.975075 0
    outer loop
      vertex 42.3733 211.646 0
      vertex 42.3733 211.646 10
      vertex 40.7033 212.026 10
    endloop
  endfacet
  facet normal -0.295867 -0.955229 0
    outer loop
      vertex 42.3959 211.639 0
      vertex 42.3733 211.646 10
      vertex 42.3733 211.646 0
    endloop
  endfacet
  facet normal -0.295867 -0.955229 0
    outer loop
      vertex 42.3959 211.639 0
      vertex 42.3959 211.639 10
      vertex 42.3733 211.646 10
    endloop
  endfacet
  facet normal -0.372959 -0.927848 0
    outer loop
      vertex 44.3339 210.86 0
      vertex 42.3959 211.639 10
      vertex 42.3959 211.639 0
    endloop
  endfacet
  facet normal -0.372959 -0.927848 0
    outer loop
      vertex 44.3339 210.86 0
      vertex 44.3339 210.86 10
      vertex 42.3959 211.639 10
    endloop
  endfacet
  facet normal 0.772842 -0.634599 0
    outer loop
      vertex 44.7576 211.376 0
      vertex 44.3339 210.86 10
      vertex 44.3339 210.86 0
    endloop
  endfacet
  facet normal 0.772842 -0.634599 0
    outer loop
      vertex 44.7576 211.376 0
      vertex 44.7576 211.376 10
      vertex 44.3339 210.86 10
    endloop
  endfacet
  facet normal 0.544205 0.838952 0
    outer loop
      vertex 44.2982 211.674 0
      vertex 44.7576 211.376 10
      vertex 44.7576 211.376 0
    endloop
  endfacet
  facet normal 0.544205 0.838952 -0
    outer loop
      vertex 44.2982 211.674 0
      vertex 44.2982 211.674 10
      vertex 44.7576 211.376 10
    endloop
  endfacet
  facet normal 0.984719 0.174149 0
    outer loop
      vertex 44.26 211.89 0
      vertex 44.2982 211.674 10
      vertex 44.2982 211.674 0
    endloop
  endfacet
  facet normal 0.984719 0.174149 -0
    outer loop
      vertex 44.26 211.89 0
      vertex 44.26 211.89 10
      vertex 44.2982 211.674 10
    endloop
  endfacet
  facet normal 0.79995 -0.600066 0
    outer loop
      vertex 44.8406 212.664 0
      vertex 44.26 211.89 10
      vertex 44.26 211.89 0
    endloop
  endfacet
  facet normal 0.79995 -0.600066 0
    outer loop
      vertex 44.8406 212.664 0
      vertex 44.8406 212.664 10
      vertex 44.26 211.89 10
    endloop
  endfacet
  facet normal 0.976199 -0.216879 0
    outer loop
      vertex 45.0621 213.661 0
      vertex 44.8406 212.664 10
      vertex 44.8406 212.664 0
    endloop
  endfacet
  facet normal 0.976199 -0.216879 0
    outer loop
      vertex 45.0621 213.661 0
      vertex 45.0621 213.661 10
      vertex 44.8406 212.664 10
    endloop
  endfacet
  facet normal 0.89784 0.440323 0
    outer loop
      vertex 44.5653 214.674 0
      vertex 45.0621 213.661 10
      vertex 45.0621 213.661 0
    endloop
  endfacet
  facet normal 0.89784 0.440323 -0
    outer loop
      vertex 44.5653 214.674 0
      vertex 44.5653 214.674 10
      vertex 45.0621 213.661 10
    endloop
  endfacet
  facet normal 0.985174 -0.171556 0
    outer loop
      vertex 44.5956 214.848 0
      vertex 44.5653 214.674 10
      vertex 44.5653 214.674 0
    endloop
  endfacet
  facet normal 0.985174 -0.171556 0
    outer loop
      vertex 44.5956 214.848 0
      vertex 44.5956 214.848 10
      vertex 44.5653 214.674 10
    endloop
  endfacet
  facet normal 0.410032 -0.912071 0
    outer loop
      vertex 44.6868 214.889 0
      vertex 44.5956 214.848 10
      vertex 44.5956 214.848 0
    endloop
  endfacet
  facet normal 0.410032 -0.912071 0
    outer loop
      vertex 44.6868 214.889 0
      vertex 44.6868 214.889 10
      vertex 44.5956 214.848 10
    endloop
  endfacet
  facet normal 0.0888398 -0.996046 0
    outer loop
      vertex 45.7407 214.983 0
      vertex 44.6868 214.889 10
      vertex 44.6868 214.889 0
    endloop
  endfacet
  facet normal 0.0888398 -0.996046 0
    outer loop
      vertex 45.7407 214.983 0
      vertex 45.7407 214.983 10
      vertex 44.6868 214.889 10
    endloop
  endfacet
  facet normal 0.856646 -0.515905 0
    outer loop
      vertex 45.8214 215.117 0
      vertex 45.7407 214.983 10
      vertex 45.7407 214.983 0
    endloop
  endfacet
  facet normal 0.856646 -0.515905 0
    outer loop
      vertex 45.8214 215.117 0
      vertex 45.8214 215.117 10
      vertex 45.7407 214.983 10
    endloop
  endfacet
  facet normal 0.405708 -0.914003 0
    outer loop
      vertex 45.9791 215.187 0
      vertex 45.8214 215.117 10
      vertex 45.8214 215.117 0
    endloop
  endfacet
  facet normal 0.405708 -0.914003 0
    outer loop
      vertex 45.9791 215.187 0
      vertex 45.9791 215.187 10
      vertex 45.8214 215.117 10
    endloop
  endfacet
  facet normal -0.193095 -0.98118 0
    outer loop
      vertex 46.66 215.053 0
      vertex 45.9791 215.187 10
      vertex 45.9791 215.187 0
    endloop
  endfacet
  facet normal -0.193095 -0.98118 0
    outer loop
      vertex 46.66 215.053 0
      vertex 46.66 215.053 10
      vertex 45.9791 215.187 10
    endloop
  endfacet
  facet normal 1 0 0
    outer loop
      vertex 46.66 215.95 0
      vertex 46.66 215.053 10
      vertex 46.66 215.053 0
    endloop
  endfacet
  facet normal 1 0 -0
    outer loop
      vertex 46.66 215.95 0
      vertex 46.66 215.95 10
      vertex 46.66 215.053 10
    endloop
  endfacet
  facet normal 0.904483 -0.42651 0
    outer loop
      vertex 46.7147 216.066 0
      vertex 46.66 215.95 10
      vertex 46.66 215.95 0
    endloop
  endfacet
  facet normal 0.904483 -0.42651 0
    outer loop
      vertex 46.7147 216.066 0
      vertex 46.7147 216.066 10
      vertex 46.66 215.95 10
    endloop
  endfacet
  facet normal 0.635105 -0.772425 0
    outer loop
      vertex 47.1647 216.436 0
      vertex 46.7147 216.066 10
      vertex 46.7147 216.066 0
    endloop
  endfacet
  facet normal 0.635105 -0.772425 0
    outer loop
      vertex 47.1647 216.436 0
      vertex 47.1647 216.436 10
      vertex 46.7147 216.066 10
    endloop
  endfacet
  facet normal 0.336023 -0.941854 0
    outer loop
      vertex 47.26 216.47 0
      vertex 47.1647 216.436 10
      vertex 47.1647 216.436 0
    endloop
  endfacet
  facet normal 0.336023 -0.941854 0
    outer loop
      vertex 47.26 216.47 0
      vertex 47.26 216.47 10
      vertex 47.1647 216.436 10
    endloop
  endfacet
  facet normal 0 -1 0
    outer loop
      vertex 47.99 216.47 0
      vertex 47.26 216.47 10
      vertex 47.26 216.47 0
    endloop
  endfacet
  facet normal 0 -1 0
    outer loop
      vertex 47.99 216.47 0
      vertex 47.99 216.47 10
      vertex 47.26 216.47 10
    endloop
  endfacet
  facet normal -0.4891 -0.872228 0
    outer loop
      vertex 48.1184 216.398 0
      vertex 47.99 216.47 10
      vertex 47.99 216.47 0
    endloop
  endfacet
  facet normal -0.4891 -0.872228 0
    outer loop
      vertex 48.1184 216.398 0
      vertex 48.1184 216.398 10
      vertex 47.99 216.47 10
    endloop
  endfacet
  facet normal -0.856037 -0.516915 0
    outer loop
      vertex 49.6884 213.798 0
      vertex 48.1184 216.398 10
      vertex 48.1184 216.398 0
    endloop
  endfacet
  facet normal -0.856037 -0.516915 0
    outer loop
      vertex 49.6884 213.798 0
      vertex 49.6884 213.798 10
      vertex 48.1184 216.398 10
    endloop
  endfacet
  facet normal -0.916624 -0.39975 0
    outer loop
      vertex 49.7041 213.762 0
      vertex 49.6884 213.798 10
      vertex 49.6884 213.798 0
    endloop
  endfacet
  facet normal -0.916624 -0.39975 0
    outer loop
      vertex 49.7041 213.762 0
      vertex 49.7041 213.762 10
      vertex 49.6884 213.798 10
    endloop
  endfacet
  facet normal -0.960657 -0.277738 0
    outer loop
      vertex 49.9192 213.018 0
      vertex 49.7041 213.762 10
      vertex 49.7041 213.762 0
    endloop
  endfacet
  facet normal -0.960657 -0.277738 0
    outer loop
      vertex 49.9192 213.018 0
      vertex 49.9192 213.018 10
      vertex 49.7041 213.762 10
    endloop
  endfacet
  facet normal -0.212183 -0.97723 0
    outer loop
      vertex 51.8121 212.607 0
      vertex 49.9192 213.018 10
      vertex 49.9192 213.018 0
    endloop
  endfacet
  facet normal -0.212183 -0.97723 0
    outer loop
      vertex 51.8121 212.607 0
      vertex 51.8121 212.607 10
      vertex 49.9192 213.018 10
    endloop
  endfacet
  facet normal 0.426106 -0.904673 0
    outer loop
      vertex 52.5743 212.966 0
      vertex 51.8121 212.607 10
      vertex 51.8121 212.607 0
    endloop
  endfacet
  facet normal 0.426106 -0.904673 0
    outer loop
      vertex 52.5743 212.966 0
      vertex 52.5743 212.966 10
      vertex 51.8121 212.607 10
    endloop
  endfacet
  facet normal 0.861487 -0.50778 0
    outer loop
      vertex 52.8808 213.486 0
      vertex 52.5743 212.966 10
      vertex 52.5743 212.966 0
    endloop
  endfacet
  facet normal 0.861487 -0.50778 0
    outer loop
      vertex 52.8808 213.486 0
      vertex 52.8808 213.486 10
      vertex 52.5743 212.966 10
    endloop
  endfacet
  facet normal 0.26938 -0.963034 0
    outer loop
      vertex 53.081 213.542 0
      vertex 52.8808 213.486 10
      vertex 52.8808 213.486 0
    endloop
  endfacet
  facet normal 0.26938 -0.963034 0
    outer loop
      vertex 53.081 213.542 0
      vertex 53.081 213.542 10
      vertex 52.8808 213.486 10
    endloop
  endfacet
  facet normal -0.473266 -0.880919 0
    outer loop
      vertex 55.4077 212.292 0
      vertex 53.081 213.542 10
      vertex 53.081 213.542 0
    endloop
  endfacet
  facet normal -0.473266 -0.880919 0
    outer loop
      vertex 55.4077 212.292 0
      vertex 55.4077 212.292 10
      vertex 53.081 213.542 10
    endloop
  endfacet
  facet normal 0.671453 -0.741047 0
    outer loop
      vertex 55.6196 212.484 0
      vertex 55.4077 212.292 10
      vertex 55.4077 212.292 0
    endloop
  endfacet
  facet normal 0.671453 -0.741047 0
    outer loop
      vertex 55.6196 212.484 0
      vertex 55.6196 212.484 10
      vertex 55.4077 212.292 10
    endloop
  endfacet
  facet normal 0.951216 -0.308524 0
    outer loop
      vertex 55.9673 213.556 0
      vertex 55.6196 212.484 10
      vertex 55.6196 212.484 0
    endloop
  endfacet
  facet normal 0.951216 -0.308524 0
    outer loop
      vertex 55.9673 213.556 0
      vertex 55.9673 213.556 10
      vertex 55.6196 212.484 10
    endloop
  endfacet
  facet normal 0.774984 -0.631981 0
    outer loop
      vertex 56.0358 213.64 0
      vertex 55.9673 213.556 10
      vertex 55.9673 213.556 0
    endloop
  endfacet
  facet normal 0.774984 -0.631981 0
    outer loop
      vertex 56.0358 213.64 0
      vertex 56.0358 213.64 10
      vertex 55.9673 213.556 10
    endloop
  endfacet
  facet normal 0.494748 -0.869036 0
    outer loop
      vertex 56.7226 214.031 0
      vertex 56.0358 213.64 10
      vertex 56.0358 213.64 0
    endloop
  endfacet
  facet normal 0.494748 -0.869036 0
    outer loop
      vertex 56.7226 214.031 0
      vertex 56.7226 214.031 10
      vertex 56.0358 213.64 10
    endloop
  endfacet
  facet normal 0.850416 -0.52611 0
    outer loop
      vertex 57.0709 214.594 0
      vertex 56.7226 214.031 10
      vertex 56.7226 214.031 0
    endloop
  endfacet
  facet normal 0.850416 -0.52611 0
    outer loop
      vertex 57.0709 214.594 0
      vertex 57.0709 214.594 10
      vertex 56.7226 214.031 10
    endloop
  endfacet
  facet normal 0.999761 -0.0218506 0
    outer loop
      vertex 57.11 216.383 0
      vertex 57.0709 214.594 10
      vertex 57.0709 214.594 0
    endloop
  endfacet
  facet normal 0.999761 -0.0218506 0
    outer loop
      vertex 57.11 216.383 0
      vertex 57.11 216.383 10
      vertex 57.0709 214.594 10
    endloop
  endfacet
  facet normal 0.990342 -0.138648 0
    outer loop
      vertex 57.1149 216.418 0
      vertex 57.11 216.383 10
      vertex 57.11 216.383 0
    endloop
  endfacet
  facet normal 0.990342 -0.138648 0
    outer loop
      vertex 57.1149 216.418 0
      vertex 57.1149 216.418 10
      vertex 57.11 216.383 10
    endloop
  endfacet
  facet normal 0.96722 -0.253942 0
    outer loop
      vertex 57.7949 219.008 0
      vertex 57.1149 216.418 10
      vertex 57.1149 216.418 0
    endloop
  endfacet
  facet normal 0.96722 -0.253942 0
    outer loop
      vertex 57.7949 219.008 0
      vertex 57.7949 219.008 10
      vertex 57.1149 216.418 10
    endloop
  endfacet
  facet normal 0.906906 -0.421333 0
    outer loop
      vertex 57.8172 219.056 0
      vertex 57.7949 219.008 10
      vertex 57.7949 219.008 0
    endloop
  endfacet
  facet normal 0.906906 -0.421333 0
    outer loop
      vertex 57.8172 219.056 0
      vertex 57.8172 219.056 10
      vertex 57.7949 219.008 10
    endloop
  endfacet
  facet normal 0.818697 -0.574225 0
    outer loop
      vertex 58.8272 220.496 0
      vertex 57.8172 219.056 10
      vertex 57.8172 219.056 0
    endloop
  endfacet
  facet normal 0.818697 -0.574225 0
    outer loop
      vertex 58.8272 220.496 0
      vertex 58.8272 220.496 10
      vertex 57.8172 219.056 10
    endloop
  endfacet
  facet normal 0.44278 -0.89663 0
    outer loop
      vertex 58.9568 220.56 0
      vertex 58.8272 220.496 10
      vertex 58.8272 220.496 0
    endloop
  endfacet
  facet normal 0.44278 -0.89663 0
    outer loop
      vertex 58.9568 220.56 0
      vertex 58.9568 220.56 10
      vertex 58.8272 220.496 10
    endloop
  endfacet
  facet normal -0.0453935 -0.998969 0
    outer loop
      vertex 60.2332 220.502 0
      vertex 58.9568 220.56 10
      vertex 58.9568 220.56 0
    endloop
  endfacet
  facet normal -0.0453935 -0.998969 0
    outer loop
      vertex 60.2332 220.502 0
      vertex 60.2332 220.502 10
      vertex 58.9568 220.56 10
    endloop
  endfacet
  facet normal 0.598148 -0.801386 0
    outer loop
      vertex 61.5703 221.5 0
      vertex 60.2332 220.502 10
      vertex 60.2332 220.502 0
    endloop
  endfacet
  facet normal 0.598148 -0.801386 0
    outer loop
      vertex 61.5703 221.5 0
      vertex 61.5703 221.5 10
      vertex 60.2332 220.502 10
    endloop
  endfacet
  facet normal 0.290007 -0.957024 0
    outer loop
      vertex 61.6693 221.53 0
      vertex 61.5703 221.5 10
      vertex 61.5703 221.5 0
    endloop
  endfacet
  facet normal 0.290007 -0.957024 0
    outer loop
      vertex 61.6693 221.53 0
      vertex 61.6693 221.53 10
      vertex 61.5703 221.5 10
    endloop
  endfacet
  facet normal -0.0623783 -0.998053 0
    outer loop
      vertex 61.9893 221.51 0
      vertex 61.6693 221.53 10
      vertex 61.6693 221.53 0
    endloop
  endfacet
  facet normal -0.0623783 -0.998053 0
    outer loop
      vertex 61.9893 221.51 0
      vertex 61.9893 221.51 10
      vertex 61.6693 221.53 10
    endloop
  endfacet
  facet normal -0.476181 -0.879347 0
    outer loop
      vertex 62.1001 221.45 0
      vertex 61.9893 221.51 10
      vertex 61.9893 221.51 0
    endloop
  endfacet
  facet normal -0.476181 -0.879347 0
    outer loop
      vertex 62.1001 221.45 0
      vertex 62.1001 221.45 10
      vertex 61.9893 221.51 10
    endloop
  endfacet
  facet normal -0.800554 -0.599261 0
    outer loop
      vertex 63.2424 219.924 0
      vertex 62.1001 221.45 10
      vertex 62.1001 221.45 0
    endloop
  endfacet
  facet normal -0.800554 -0.599261 0
    outer loop
      vertex 63.2424 219.924 0
      vertex 63.2424 219.924 10
      vertex 62.1001 221.45 10
    endloop
  endfacet
  facet normal -0.513776 -0.857925 0
    outer loop
      vertex 64.8371 218.969 0
      vertex 63.2424 219.924 10
      vertex 63.2424 219.924 0
    endloop
  endfacet
  facet normal -0.513776 -0.857925 0
    outer loop
      vertex 64.8371 218.969 0
      vertex 64.8371 218.969 10
      vertex 63.2424 219.924 10
    endloop
  endfacet
  facet normal -0.780399 -0.625282 0
    outer loop
      vertex 64.902 218.888 0
      vertex 64.8371 218.969 10
      vertex 64.8371 218.969 0
    endloop
  endfacet
  facet normal -0.780399 -0.625282 0
    outer loop
      vertex 64.902 218.888 0
      vertex 64.902 218.888 10
      vertex 64.8371 218.969 10
    endloop
  endfacet
  facet normal -0.946406 -0.32298 0
    outer loop
      vertex 65.332 217.628 0
      vertex 64.902 218.888 10
      vertex 64.902 218.888 0
    endloop
  endfacet
  facet normal -0.946406 -0.32298 0
    outer loop
      vertex 65.332 217.628 0
      vertex 65.332 217.628 10
      vertex 64.902 218.888 10
    endloop
  endfacet
  facet normal -0.995037 0.0995037 0
    outer loop
      vertex 65.3196 217.504 0
      vertex 65.332 217.628 10
      vertex 65.332 217.628 0
    endloop
  endfacet
  facet normal -0.995037 0.0995037 0
    outer loop
      vertex 65.3196 217.504 0
      vertex 65.3196 217.504 10
      vertex 65.332 217.628 10
    endloop
  endfacet
  facet normal -0.863934 0.503605 0
    outer loop
      vertex 64.2616 215.689 0
      vertex 65.3196 217.504 10
      vertex 65.3196 217.504 0
    endloop
  endfacet
  facet normal -0.863934 0.503605 0
    outer loop
      vertex 64.2616 215.689 0
      vertex 64.2616 215.689 10
      vertex 65.3196 217.504 10
    endloop
  endfacet
  facet normal -0.96259 -0.270962 0
    outer loop
      vertex 64.4502 215.019 0
      vertex 64.2616 215.689 10
      vertex 64.2616 215.689 0
    endloop
  endfacet
  facet normal -0.96259 -0.270962 0
    outer loop
      vertex 64.4502 215.019 0
      vertex 64.4502 215.019 10
      vertex 64.2616 215.689 10
    endloop
  endfacet
  facet normal 0.656575 -0.754261 0
    outer loop
      vertex 64.7799 215.306 0
      vertex 64.4502 215.019 10
      vertex 64.4502 215.019 0
    endloop
  endfacet
  facet normal 0.656575 -0.754261 0
    outer loop
      vertex 64.7799 215.306 0
      vertex 64.7799 215.306 10
      vertex 64.4502 215.019 10
    endloop
  endfacet
  facet normal 0.952424 -0.304776 0
    outer loop
      vertex 65.1671 216.516 0
      vertex 64.7799 215.306 10
      vertex 64.7799 215.306 0
    endloop
  endfacet
  facet normal 0.952424 -0.304776 0
    outer loop
      vertex 65.1671 216.516 0
      vertex 65.1671 216.516 10
      vertex 64.7799 215.306 10
    endloop
  endfacet
  facet normal 0.772034 -0.635581 0
    outer loop
      vertex 65.2379 216.602 0
      vertex 65.1671 216.516 10
      vertex 65.1671 216.516 0
    endloop
  endfacet
  facet normal 0.772034 -0.635581 0
    outer loop
      vertex 65.2379 216.602 0
      vertex 65.2379 216.602 10
      vertex 65.1671 216.516 10
    endloop
  endfacet
  facet normal 0.48074 -0.876863 0
    outer loop
      vertex 66.7208 217.415 0
      vertex 65.2379 216.602 10
      vertex 65.2379 216.602 0
    endloop
  endfacet
  facet normal 0.48074 -0.876863 0
    outer loop
      vertex 66.7208 217.415 0
      vertex 66.7208 217.415 10
      vertex 65.2379 216.602 10
    endloop
  endfacet
  facet normal 0.992028 -0.126014 0
    outer loop
      vertex 66.8712 218.599 0
      vertex 66.7208 217.415 10
      vertex 66.7208 217.415 0
    endloop
  endfacet
  facet normal 0.992028 -0.126014 0
    outer loop
      vertex 66.8712 218.599 0
      vertex 66.8712 218.599 10
      vertex 66.7208 217.415 10
    endloop
  endfacet
  facet normal 0.483187 -0.875517 0
    outer loop
      vertex 67.0832 218.716 0
      vertex 66.8712 218.599 10
      vertex 66.8712 218.599 0
    endloop
  endfacet
  facet normal 0.483187 -0.875517 0
    outer loop
      vertex 67.0832 218.716 0
      vertex 67.0832 218.716 10
      vertex 66.8712 218.599 10
    endloop
  endfacet
  facet normal -0.421039 -0.907043 0
    outer loop
      vertex 68.337 218.134 0
      vertex 67.0832 218.716 10
      vertex 67.0832 218.716 0
    endloop
  endfacet
  facet normal -0.421039 -0.907043 0
    outer loop
      vertex 68.337 218.134 0
      vertex 68.337 218.134 10
      vertex 67.0832 218.716 10
    endloop
  endfacet
  facet normal 0.934856 -0.355028 0
    outer loop
      vertex 68.566 218.737 0
      vertex 68.337 218.134 10
      vertex 68.337 218.134 0
    endloop
  endfacet
  facet normal 0.934856 -0.355028 0
    outer loop
      vertex 68.566 218.737 0
      vertex 68.566 218.737 10
      vertex 68.337 218.134 10
    endloop
  endfacet
  facet normal 0.989944 0.141462 0
    outer loop
      vertex 68.4684 219.42 0
      vertex 68.566 218.737 10
      vertex 68.566 218.737 0
    endloop
  endfacet
  facet normal 0.989944 0.141462 -0
    outer loop
      vertex 68.4684 219.42 0
      vertex 68.4684 219.42 10
      vertex 68.566 218.737 10
    endloop
  endfacet
  facet normal 0.0810204 0.996712 0
    outer loop
      vertex 67.8533 219.47 0
      vertex 68.4684 219.42 10
      vertex 68.4684 219.42 0
    endloop
  endfacet
  facet normal 0.0810204 0.996712 -0
    outer loop
      vertex 67.8533 219.47 0
      vertex 67.8533 219.47 10
      vertex 68.4684 219.42 10
    endloop
  endfacet
  facet normal -0.967599 0.252492 0
    outer loop
      vertex 67.7651 219.132 0
      vertex 67.8533 219.47 10
      vertex 67.8533 219.47 0
    endloop
  endfacet
  facet normal -0.967599 0.252492 0
    outer loop
      vertex 67.7651 219.132 0
      vertex 67.7651 219.132 10
      vertex 67.8533 219.47 10
    endloop
  endfacet
  facet normal -0.634872 0.772617 0
    outer loop
      vertex 67.6288 219.02 0
      vertex 67.7651 219.132 10
      vertex 67.7651 219.132 0
    endloop
  endfacet
  facet normal -0.634872 0.772617 0
    outer loop
      vertex 67.6288 219.02 0
      vertex 67.6288 219.02 10
      vertex 67.7651 219.132 10
    endloop
  endfacet
  facet normal 0.507803 0.861473 0
    outer loop
      vertex 67.4846 219.105 0
      vertex 67.6288 219.02 10
      vertex 67.6288 219.02 0
    endloop
  endfacet
  facet normal 0.507803 0.861473 -0
    outer loop
      vertex 67.4846 219.105 0
      vertex 67.4846 219.105 10
      vertex 67.6288 219.02 10
    endloop
  endfacet
  facet normal 0.902392 0.430916 0
    outer loop
      vertex 67.2105 219.679 0
      vertex 67.4846 219.105 10
      vertex 67.4846 219.105 0
    endloop
  endfacet
  facet normal 0.902392 0.430916 -0
    outer loop
      vertex 67.2105 219.679 0
      vertex 67.2105 219.679 10
      vertex 67.4846 219.105 10
    endloop
  endfacet
  facet normal -0.942327 0.334694 0
    outer loop
      vertex 67.0013 219.09 0
      vertex 67.2105 219.679 10
      vertex 67.2105 219.679 0
    endloop
  endfacet
  facet normal -0.942327 0.334694 0
    outer loop
      vertex 67.0013 219.09 0
      vertex 67.0013 219.09 10
      vertex 67.2105 219.679 10
    endloop
  endfacet
  facet normal -0.495369 0.868683 0
    outer loop
      vertex 66.8312 218.993 0
      vertex 67.0013 219.09 10
      vertex 67.0013 219.09 0
    endloop
  endfacet
  facet normal -0.495369 0.868683 0
    outer loop
      vertex 66.8312 218.993 0
      vertex 66.8312 218.993 10
      vertex 67.0013 219.09 10
    endloop
  endfacet
  facet normal 0.191775 0.981439 0
    outer loop
      vertex 65.9612 219.163 0
      vertex 66.8312 218.993 10
      vertex 66.8312 218.993 0
    endloop
  endfacet
  facet normal 0.191775 0.981439 -0
    outer loop
      vertex 65.9612 219.163 0
      vertex 65.9612 219.163 10
      vertex 66.8312 218.993 10
    endloop
  endfacet
  facet normal 0.724712 0.689052 0
    outer loop
      vertex 65.8414 219.289 0
      vertex 65.9612 219.163 10
      vertex 65.9612 219.163 0
    endloop
  endfacet
  facet normal 0.724712 0.689052 -0
    outer loop
      vertex 65.8414 219.289 0
      vertex 65.8414 219.289 10
      vertex 65.9612 219.163 10
    endloop
  endfacet
  facet normal 0.990346 0.13862 0
    outer loop
      vertex 65.6432 220.705 0
      vertex 65.8414 219.289 10
      vertex 65.8414 219.289 0
    endloop
  endfacet
  facet normal 0.990346 0.13862 -0
    outer loop
      vertex 65.6432 220.705 0
      vertex 65.6432 220.705 10
      vertex 65.8414 219.289 10
    endloop
  endfacet
  facet normal 0.390231 0.920717 0
    outer loop
      vertex 63.9515 221.422 0
      vertex 65.6432 220.705 10
      vertex 65.6432 220.705 0
    endloop
  endfacet
  facet normal 0.390231 0.920717 -0
    outer loop
      vertex 63.9515 221.422 0
      vertex 63.9515 221.422 10
      vertex 65.6432 220.705 10
    endloop
  endfacet
  facet normal 0.792624 0.609711 0
    outer loop
      vertex 63.8615 221.539 0
      vertex 63.9515 221.422 10
      vertex 63.9515 221.422 0
    endloop
  endfacet
  facet normal 0.792624 0.609711 -0
    outer loop
      vertex 63.8615 221.539 0
      vertex 63.8615 221.539 10
      vertex 63.9515 221.422 10
    endloop
  endfacet
  facet normal 0.989949 0.141421 0
    outer loop
      vertex 63.8115 221.889 0
      vertex 63.8615 221.539 10
      vertex 63.8615 221.539 0
    endloop
  endfacet
  facet normal 0.989949 0.141421 -0
    outer loop
      vertex 63.8115 221.889 0
      vertex 63.8115 221.889 10
      vertex 63.8615 221.539 10
    endloop
  endfacet
  facet normal 0.712954 -0.701211 0
    outer loop
      vertex 63.9787 222.059 0
      vertex 63.8115 221.889 10
      vertex 63.8115 221.889 0
    endloop
  endfacet
  facet normal 0.712954 -0.701211 0
    outer loop
      vertex 63.9787 222.059 0
      vertex 63.9787 222.059 10
      vertex 63.8115 221.889 10
    endloop
  endfacet
  facet normal -0.125157 -0.992137 0
    outer loop
      vertex 66.4916 221.742 0
      vertex 63.9787 222.059 10
      vertex 63.9787 222.059 0
    endloop
  endfacet
  facet normal -0.125157 -0.992137 0
    outer loop
      vertex 66.4916 221.742 0
      vertex 66.4916 221.742 10
      vertex 63.9787 222.059 10
    endloop
  endfacet
  facet normal 0.234291 -0.972166 0
    outer loop
      vertex 67.1721 221.906 0
      vertex 66.4916 221.742 10
      vertex 66.4916 221.742 0
    endloop
  endfacet
  facet normal 0.234291 -0.972166 0
    outer loop
      vertex 67.1721 221.906 0
      vertex 67.1721 221.906 10
      vertex 66.4916 221.742 10
    endloop
  endfacet
  facet normal 0.721774 -0.692129 0
    outer loop
      vertex 67.6017 222.354 0
      vertex 67.1721 221.906 10
      vertex 67.1721 221.906 0
    endloop
  endfacet
  facet normal 0.721774 -0.692129 0
    outer loop
      vertex 67.6017 222.354 0
      vertex 67.6017 222.354 10
      vertex 67.1721 221.906 10
    endloop
  endfacet
  facet normal 0.577707 -0.816244 0
    outer loop
      vertex 67.6455 222.385 0
      vertex 67.6017 222.354 10
      vertex 67.6017 222.354 0
    endloop
  endfacet
  facet normal 0.577707 -0.816244 0
    outer loop
      vertex 67.6455 222.385 0
      vertex 67.6455 222.385 10
      vertex 67.6017 222.354 10
    endloop
  endfacet
  facet normal 0.430189 -0.902739 0
    outer loop
      vertex 68.6066 222.843 0
      vertex 67.6455 222.385 10
      vertex 67.6455 222.385 0
    endloop
  endfacet
  facet normal 0.430189 -0.902739 0
    outer loop
      vertex 68.6066 222.843 0
      vertex 68.6066 222.843 10
      vertex 67.6455 222.385 10
    endloop
  endfacet
  facet normal 0.99936 0.0357849 0
    outer loop
      vertex 68.582 223.53 0
      vertex 68.6066 222.843 10
      vertex 68.6066 222.843 0
    endloop
  endfacet
  facet normal 0.99936 0.0357849 -0
    outer loop
      vertex 68.582 223.53 0
      vertex 68.582 223.53 10
      vertex 68.6066 222.843 10
    endloop
  endfacet
  facet normal 0.742495 0.669851 0
    outer loop
      vertex 67.9144 224.27 0
      vertex 68.582 223.53 10
      vertex 68.582 223.53 0
    endloop
  endfacet
  facet normal 0.742495 0.669851 -0
    outer loop
      vertex 67.9144 224.27 0
      vertex 67.9144 224.27 10
      vertex 68.582 223.53 10
    endloop
  endfacet
  facet normal 0.151293 0.988489 0
    outer loop
      vertex 67.1173 224.392 0
      vertex 67.9144 224.27 10
      vertex 67.9144 224.27 0
    endloop
  endfacet
  facet normal 0.151293 0.988489 -0
    outer loop
      vertex 67.1173 224.392 0
      vertex 67.1173 224.392 10
      vertex 67.9144 224.27 10
    endloop
  endfacet
  facet normal 0.787936 0.615757 0
    outer loop
      vertex 66.9907 224.554 0
      vertex 67.1173 224.392 10
      vertex 67.1173 224.392 0
    endloop
  endfacet
  facet normal 0.787936 0.615757 -0
    outer loop
      vertex 66.9907 224.554 0
      vertex 66.9907 224.554 10
      vertex 67.1173 224.392 10
    endloop
  endfacet
  facet normal 0.995431 -0.0954845 0
    outer loop
      vertex 67.0354 225.02 0
      vertex 66.9907 224.554 10
      vertex 66.9907 224.554 0
    endloop
  endfacet
  facet normal 0.995431 -0.0954845 0
    outer loop
      vertex 67.0354 225.02 0
      vertex 67.0354 225.02 10
      vertex 66.9907 224.554 10
    endloop
  endfacet
  facet normal 0.82273 0.568432 0
    outer loop
      vertex 66.7618 225.416 0
      vertex 67.0354 225.02 10
      vertex 67.0354 225.02 0
    endloop
  endfacet
  facet normal 0.82273 0.568432 -0
    outer loop
      vertex 66.7618 225.416 0
      vertex 66.7618 225.416 10
      vertex 67.0354 225.02 10
    endloop
  endfacet
  facet normal -0.461863 0.886951 0
    outer loop
      vertex 66.1492 225.097 0
      vertex 66.7618 225.416 10
      vertex 66.7618 225.416 0
    endloop
  endfacet
  facet normal -0.461863 0.886951 0
    outer loop
      vertex 66.1492 225.097 0
      vertex 66.1492 225.097 10
      vertex 66.7618 225.416 10
    endloop
  endfacet
  facet normal 0.156768 0.987636 0
    outer loop
      vertex 65.9728 225.125 0
      vertex 66.1492 225.097 10
      vertex 66.1492 225.097 0
    endloop
  endfacet
  facet normal 0.156768 0.987636 -0
    outer loop
      vertex 65.9728 225.125 0
      vertex 65.9728 225.125 10
      vertex 66.1492 225.097 10
    endloop
  endfacet
  facet normal 0.714509 0.699626 0
    outer loop
      vertex 64.6049 226.522 0
      vertex 65.9728 225.125 10
      vertex 65.9728 225.125 0
    endloop
  endfacet
  facet normal 0.714509 0.699626 -0
    outer loop
      vertex 64.6049 226.522 0
      vertex 64.6049 226.522 10
      vertex 65.9728 225.125 10
    endloop
  endfacet
  facet normal 0.0326836 0.999466 0
    outer loop
      vertex 64.1462 226.537 0
      vertex 64.6049 226.522 10
      vertex 64.6049 226.522 0
    endloop
  endfacet
  facet normal 0.0326836 0.999466 -0
    outer loop
      vertex 64.1462 226.537 0
      vertex 64.1462 226.537 10
      vertex 64.6049 226.522 10
    endloop
  endfacet
  facet normal -0.819232 0.573462 0
    outer loop
      vertex 63.7178 225.925 0
      vertex 64.1462 226.537 10
      vertex 64.1462 226.537 0
    endloop
  endfacet
  facet normal -0.819232 0.573462 0
    outer loop
      vertex 63.7178 225.925 0
      vertex 63.7178 225.925 10
      vertex 64.1462 226.537 10
    endloop
  endfacet
  facet normal -0.96475 0.263168 0
    outer loop
      vertex 62.7947 222.541 0
      vertex 63.7178 225.925 10
      vertex 63.7178 225.925 0
    endloop
  endfacet
  facet normal -0.96475 0.263168 0
    outer loop
      vertex 62.7947 222.541 0
      vertex 62.7947 222.541 10
      vertex 63.7178 225.925 10
    endloop
  endfacet
  facet normal -0.62814 0.778101 0
    outer loop
      vertex 62.6572 222.43 0
      vertex 62.7947 222.541 10
      vertex 62.7947 222.541 0
    endloop
  endfacet
  facet normal -0.62814 0.778101 0
    outer loop
      vertex 62.6572 222.43 0
      vertex 62.6572 222.43 10
      vertex 62.7947 222.541 10
    endloop
  endfacet
  facet normal 0.71399 0.700156 0
    outer loop
      vertex 62.5003 222.59 0
      vertex 62.6572 222.43 10
      vertex 62.6572 222.43 0
    endloop
  endfacet
  facet normal 0.71399 0.700156 -0
    outer loop
      vertex 62.5003 222.59 0
      vertex 62.5003 222.59 10
      vertex 62.6572 222.43 10
    endloop
  endfacet
  facet normal 0.997925 -0.0643858 0
    outer loop
      vertex 62.6776 225.338 0
      vertex 62.5003 222.59 10
      vertex 62.5003 222.59 0
    endloop
  endfacet
  facet normal 0.997925 -0.0643858 0
    outer loop
      vertex 62.6776 225.338 0
      vertex 62.6776 225.338 10
      vertex 62.5003 222.59 10
    endloop
  endfacet
  facet normal 0.887013 0.461744 0
    outer loop
      vertex 62.6219 225.445 0
      vertex 62.6776 225.338 10
      vertex 62.6776 225.338 0
    endloop
  endfacet
  facet normal 0.887013 0.461744 -0
    outer loop
      vertex 62.6219 225.445 0
      vertex 62.6219 225.445 10
      vertex 62.6776 225.338 10
    endloop
  endfacet
  facet normal -0.248575 0.968613 0
    outer loop
      vertex 62.0374 225.295 0
      vertex 62.6219 225.445 10
      vertex 62.6219 225.445 0
    endloop
  endfacet
  facet normal -0.248575 0.968613 0
    outer loop
      vertex 62.0374 225.295 0
      vertex 62.0374 225.295 10
      vertex 62.6219 225.445 10
    endloop
  endfacet
  facet normal 0.368457 0.929645 0
    outer loop
      vertex 61.8734 225.36 0
      vertex 62.0374 225.295 10
      vertex 62.0374 225.295 0
    endloop
  endfacet
  facet normal 0.368457 0.929645 -0
    outer loop
      vertex 61.8734 225.36 0
      vertex 61.8734 225.36 10
      vertex 62.0374 225.295 10
    endloop
  endfacet
  facet normal 0.995037 -0.0995037 0
    outer loop
      vertex 61.8918 225.544 0
      vertex 61.8734 225.36 10
      vertex 61.8734 225.36 0
    endloop
  endfacet
  facet normal 0.995037 -0.0995037 0
    outer loop
      vertex 61.8918 225.544 0
      vertex 61.8918 225.544 10
      vertex 61.8734 225.36 10
    endloop
  endfacet
  facet normal 0.721614 -0.692296 0
    outer loop
      vertex 62.808 226.499 0
      vertex 61.8918 225.544 10
      vertex 61.8918 225.544 0
    endloop
  endfacet
  facet normal 0.721614 -0.692296 0
    outer loop
      vertex 62.808 226.499 0
      vertex 62.808 226.499 10
      vertex 61.8918 225.544 10
    endloop
  endfacet
  facet normal 0.9907 -0.136068 0
    outer loop
      vertex 62.9301 227.388 0
      vertex 62.808 226.499 10
      vertex 62.808 226.499 0
    endloop
  endfacet
  facet normal 0.9907 -0.136068 0
    outer loop
      vertex 62.9301 227.388 0
      vertex 62.9301 227.388 10
      vertex 62.808 226.499 10
    endloop
  endfacet
  facet normal 0.641818 0.766857 0
    outer loop
      vertex 62.4689 227.774 0
      vertex 62.9301 227.388 10
      vertex 62.9301 227.388 0
    endloop
  endfacet
  facet normal 0.641818 0.766857 -0
    outer loop
      vertex 62.4689 227.774 0
      vertex 62.4689 227.774 10
      vertex 62.9301 227.388 10
    endloop
  endfacet
  facet normal 0.263193 0.964743 0
    outer loop
      vertex 61.3839 228.07 0
      vertex 62.4689 227.774 10
      vertex 62.4689 227.774 0
    endloop
  endfacet
  facet normal 0.263193 0.964743 -0
    outer loop
      vertex 61.3839 228.07 0
      vertex 61.3839 228.07 10
      vertex 62.4689 227.774 10
    endloop
  endfacet
  facet normal -0.770921 0.63693 0
    outer loop
      vertex 60.7089 227.253 0
      vertex 61.3839 228.07 10
      vertex 61.3839 228.07 0
    endloop
  endfacet
  facet normal -0.770921 0.63693 0
    outer loop
      vertex 60.7089 227.253 0
      vertex 60.7089 227.253 10
      vertex 61.3839 228.07 10
    endloop
  endfacet
  facet normal -0.814794 -0.57975 0
    outer loop
      vertex 61.3322 226.377 0
      vertex 60.7089 227.253 10
      vertex 60.7089 227.253 0
    endloop
  endfacet
  facet normal -0.814794 -0.57975 0
    outer loop
      vertex 61.3322 226.377 0
      vertex 61.3322 226.377 10
      vertex 60.7089 227.253 10
    endloop
  endfacet
  facet normal -0.999953 0.00965864 0
    outer loop
      vertex 61.3305 226.201 0
      vertex 61.3322 226.377 10
      vertex 61.3322 226.377 0
    endloop
  endfacet
  facet normal -0.999953 0.00965864 0
    outer loop
      vertex 61.3305 226.201 0
      vertex 61.3305 226.201 10
      vertex 61.3322 226.377 10
    endloop
  endfacet
  facet normal -0.460449 0.887686 0
    outer loop
      vertex 61.2129 226.14 0
      vertex 61.3305 226.201 10
      vertex 61.3305 226.201 0
    endloop
  endfacet
  facet normal -0.460449 0.887686 0
    outer loop
      vertex 61.2129 226.14 0
      vertex 61.2129 226.14 10
      vertex 61.3305 226.201 10
    endloop
  endfacet
  facet normal -0.0202752 0.999794 0
    outer loop
      vertex 60.7691 226.131 0
      vertex 61.2129 226.14 10
      vertex 61.2129 226.14 0
    endloop
  endfacet
  facet normal -0.0202752 0.999794 0
    outer loop
      vertex 60.7691 226.131 0
      vertex 60.7691 226.131 10
      vertex 61.2129 226.14 10
    endloop
  endfacet
  facet normal -0.818988 0.57381 0
    outer loop
      vertex 60.5477 225.815 0
      vertex 60.7691 226.131 10
      vertex 60.7691 226.131 0
    endloop
  endfacet
  facet normal -0.818988 0.57381 0
    outer loop
      vertex 60.5477 225.815 0
      vertex 60.5477 225.815 10
      vertex 60.7691 226.131 10
    endloop
  endfacet
  facet normal -0.964049 0.265726 0
    outer loop
      vertex 60.1246 224.28 0
      vertex 60.5477 225.815 10
      vertex 60.5477 225.815 0
    endloop
  endfacet
  facet normal -0.964049 0.265726 0
    outer loop
      vertex 60.1246 224.28 0
      vertex 60.1246 224.28 10
      vertex 60.5477 225.815 10
    endloop
  endfacet
  facet normal -0.824042 0.566529 0
    outer loop
      vertex 60.0696 224.2 0
      vertex 60.1246 224.28 10
      vertex 60.1246 224.28 0
    endloop
  endfacet
  facet normal -0.824042 0.566529 0
    outer loop
      vertex 60.0696 224.2 0
      vertex 60.0696 224.2 10
      vertex 60.1246 224.28 10
    endloop
  endfacet
  facet normal -0.597144 0.802134 0
    outer loop
      vertex 59.1696 223.53 0
      vertex 60.0696 224.2 10
      vertex 60.0696 224.2 0
    endloop
  endfacet
  facet normal -0.597144 0.802134 0
    outer loop
      vertex 59.1696 223.53 0
      vertex 59.1696 223.53 10
      vertex 60.0696 224.2 10
    endloop
  endfacet
  facet normal -0.0113371 0.999936 0
    outer loop
      vertex 58.9932 223.528 0
      vertex 59.1696 223.53 10
      vertex 59.1696 223.53 0
    endloop
  endfacet
  facet normal -0.0113371 0.999936 0
    outer loop
      vertex 58.9932 223.528 0
      vertex 58.9932 223.528 10
      vertex 59.1696 223.53 10
    endloop
  endfacet
  facet normal 0.906954 0.42123 0
    outer loop
      vertex 58.9305 223.663 0
      vertex 58.9932 223.528 10
      vertex 58.9932 223.528 0
    endloop
  endfacet
  facet normal 0.906954 0.42123 -0
    outer loop
      vertex 58.9305 223.663 0
      vertex 58.9305 223.663 10
      vertex 58.9932 223.528 10
    endloop
  endfacet
  facet normal 0.996313 -0.0857917 0
    outer loop
      vertex 59.0551 225.11 0
      vertex 58.9305 223.663 10
      vertex 58.9305 223.663 0
    endloop
  endfacet
  facet normal 0.996313 -0.0857917 0
    outer loop
      vertex 59.0551 225.11 0
      vertex 59.0551 225.11 10
      vertex 58.9305 223.663 10
    endloop
  endfacet
  facet normal 0.756704 0.653757 0
    outer loop
      vertex 58.9065 225.282 0
      vertex 59.0551 225.11 10
      vertex 59.0551 225.11 0
    endloop
  endfacet
  facet normal 0.756704 0.653757 -0
    outer loop
      vertex 58.9065 225.282 0
      vertex 58.9065 225.282 10
      vertex 59.0551 225.11 10
    endloop
  endfacet
  facet normal 0.979242 0.202696 0
    outer loop
      vertex 58.8769 225.425 0
      vertex 58.9065 225.282 10
      vertex 58.9065 225.282 0
    endloop
  endfacet
  facet normal 0.979242 0.202696 -0
    outer loop
      vertex 58.8769 225.425 0
      vertex 58.8769 225.425 10
      vertex 58.9065 225.282 10
    endloop
  endfacet
  facet normal 0.953929 -0.300034 0
    outer loop
      vertex 59.2537 226.623 0
      vertex 58.8769 225.425 10
      vertex 58.8769 225.425 0
    endloop
  endfacet
  facet normal 0.953929 -0.300034 0
    outer loop
      vertex 59.2537 226.623 0
      vertex 59.2537 226.623 10
      vertex 58.8769 225.425 10
    endloop
  endfacet
  facet normal 0.965056 0.262042 0
    outer loop
      vertex 59.1774 226.904 0
      vertex 59.2537 226.623 10
      vertex 59.2537 226.623 0
    endloop
  endfacet
  facet normal 0.965056 0.262042 -0
    outer loop
      vertex 59.1774 226.904 0
      vertex 59.1774 226.904 10
      vertex 59.2537 226.623 10
    endloop
  endfacet
  facet normal -0.744032 0.668144 0
    outer loop
      vertex 58.4123 226.052 0
      vertex 59.1774 226.904 10
      vertex 59.1774 226.904 0
    endloop
  endfacet
  facet normal -0.744032 0.668144 0
    outer loop
      vertex 58.4123 226.052 0
      vertex 58.4123 226.052 10
      vertex 59.1774 226.904 10
    endloop
  endfacet
  facet normal -0.867739 0.497021 0
    outer loop
      vertex 56.7438 223.139 0
      vertex 58.4123 226.052 10
      vertex 58.4123 226.052 0
    endloop
  endfacet
  facet normal -0.867739 0.497021 0
    outer loop
      vertex 56.7438 223.139 0
      vertex 56.7438 223.139 10
      vertex 58.4123 226.052 10
    endloop
  endfacet
  facet normal -0.987529 0.157439 0
    outer loop
      vertex 56.6381 222.476 0
      vertex 56.7438 223.139 10
      vertex 56.7438 223.139 0
    endloop
  endfacet
  facet normal -0.987529 0.157439 0
    outer loop
      vertex 56.6381 222.476 0
      vertex 56.6381 222.476 10
      vertex 56.7438 223.139 10
    endloop
  endfacet
  facet normal -0.889226 0.457469 0
    outer loop
      vertex 56.5954 222.393 0
      vertex 56.6381 222.476 10
      vertex 56.6381 222.476 0
    endloop
  endfacet
  facet normal -0.889226 0.457469 0
    outer loop
      vertex 56.5954 222.393 0
      vertex 56.5954 222.393 10
      vertex 56.6381 222.476 10
    endloop
  endfacet
  facet normal -0.70286 0.711328 0
    outer loop
      vertex 55.7554 221.563 0
      vertex 56.5954 222.393 10
      vertex 56.5954 222.393 0
    endloop
  endfacet
  facet normal -0.70286 0.711328 0
    outer loop
      vertex 55.7554 221.563 0
      vertex 55.7554 221.563 10
      vertex 56.5954 222.393 10
    endloop
  endfacet
  facet normal -0.147536 0.989057 0
    outer loop
      vertex 55.5811 221.537 0
      vertex 55.7554 221.563 10
      vertex 55.7554 221.563 0
    endloop
  endfacet
  facet normal -0.147536 0.989057 0
    outer loop
      vertex 55.5811 221.537 0
      vertex 55.5811 221.537 10
      vertex 55.7554 221.563 10
    endloop
  endfacet
  facet normal 0.810835 0.585275 0
    outer loop
      vertex 55.5017 221.647 0
      vertex 55.5811 221.537 10
      vertex 55.5811 221.537 0
    endloop
  endfacet
  facet normal 0.810835 0.585275 -0
    outer loop
      vertex 55.5017 221.647 0
      vertex 55.5017 221.647 10
      vertex 55.5811 221.537 10
    endloop
  endfacet
  facet normal 0.98853 0.151025 0
    outer loop
      vertex 55.3917 222.367 0
      vertex 55.5017 221.647 10
      vertex 55.5017 221.647 0
    endloop
  endfacet
  facet normal 0.98853 0.151025 -0
    outer loop
      vertex 55.3917 222.367 0
      vertex 55.3917 222.367 10
      vertex 55.5017 221.647 10
    endloop
  endfacet
  facet normal 0.9985 -0.0547564 0
    outer loop
      vertex 55.3951 222.429 0
      vertex 55.3917 222.367 10
      vertex 55.3917 222.367 0
    endloop
  endfacet
  facet normal 0.9985 -0.0547564 0
    outer loop
      vertex 55.3951 222.429 0
      vertex 55.3951 222.429 10
      vertex 55.3917 222.367 10
    endloop
  endfacet
  facet normal 0.965876 -0.259006 0
    outer loop
      vertex 55.8751 224.219 0
      vertex 55.3951 222.429 10
      vertex 55.3951 222.429 0
    endloop
  endfacet
  facet normal 0.965876 -0.259006 0
    outer loop
      vertex 55.8751 224.219 0
      vertex 55.8751 224.219 10
      vertex 55.3951 222.429 10
    endloop
  endfacet
  facet normal 0.932847 -0.360272 0
    outer loop
      vertex 55.8863 224.248 0
      vertex 55.8751 224.219 10
      vertex 55.8751 224.219 0
    endloop
  endfacet
  facet normal 0.932847 -0.360272 0
    outer loop
      vertex 55.8863 224.248 0
      vertex 55.8863 224.248 10
      vertex 55.8751 224.219 10
    endloop
  endfacet
  facet normal 0.891522 -0.452978 0
    outer loop
      vertex 57.06 226.558 0
      vertex 55.8863 224.248 10
      vertex 55.8863 224.248 0
    endloop
  endfacet
  facet normal 0.891522 -0.452978 0
    outer loop
      vertex 57.06 226.558 0
      vertex 57.06 226.558 10
      vertex 55.8863 224.248 10
    endloop
  endfacet
  facet normal 0.47526 0.879845 0
    outer loop
      vertex 56.5583 226.829 0
      vertex 57.06 226.558 10
      vertex 57.06 226.558 0
    endloop
  endfacet
  facet normal 0.47526 0.879845 -0
    outer loop
      vertex 56.5583 226.829 0
      vertex 56.5583 226.829 10
      vertex 57.06 226.558 10
    endloop
  endfacet
  facet normal -0.777604 0.628754 0
    outer loop
      vertex 56.2567 226.456 0
      vertex 56.5583 226.829 10
      vertex 56.5583 226.829 0
    endloop
  endfacet
  facet normal -0.777604 0.628754 0
    outer loop
      vertex 56.2567 226.456 0
      vertex 56.2567 226.456 10
      vertex 56.5583 226.829 10
    endloop
  endfacet
  facet normal -0.0491137 0.998793 0
    outer loop
      vertex 56.033 226.445 0
      vertex 56.2567 226.456 10
      vertex 56.2567 226.456 0
    endloop
  endfacet
  facet normal -0.0491137 0.998793 0
    outer loop
      vertex 56.033 226.445 0
      vertex 56.033 226.445 10
      vertex 56.2567 226.456 10
    endloop
  endfacet
  facet normal 0.713407 0.70075 0
    outer loop
      vertex 54.981 227.516 0
      vertex 56.033 226.445 10
      vertex 56.033 226.445 0
    endloop
  endfacet
  facet normal 0.713407 0.70075 -0
    outer loop
      vertex 54.981 227.516 0
      vertex 54.981 227.516 10
      vertex 56.033 226.445 10
    endloop
  endfacet
  facet normal -0.21803 0.975942 0
    outer loop
      vertex 54.887 227.495 0
      vertex 54.981 227.516 10
      vertex 54.981 227.516 0
    endloop
  endfacet
  facet normal -0.21803 0.975942 0
    outer loop
      vertex 54.887 227.495 0
      vertex 54.887 227.495 10
      vertex 54.981 227.516 10
    endloop
  endfacet
  facet normal -0.803999 0.594631 0
    outer loop
      vertex 54.0912 226.419 0
      vertex 54.887 227.495 10
      vertex 54.887 227.495 0
    endloop
  endfacet
  facet normal -0.803999 0.594631 0
    outer loop
      vertex 54.0912 226.419 0
      vertex 54.0912 226.419 10
      vertex 54.887 227.495 10
    endloop
  endfacet
  facet normal -0.923027 -0.384736 0
    outer loop
      vertex 54.4084 225.658 0
      vertex 54.0912 226.419 10
      vertex 54.0912 226.419 0
    endloop
  endfacet
  facet normal -0.923027 -0.384736 0
    outer loop
      vertex 54.4084 225.658 0
      vertex 54.4084 225.658 10
      vertex 54.0912 226.419 10
    endloop
  endfacet
  facet normal -0.997752 0.0670132 0
    outer loop
      vertex 54.3994 225.524 0
      vertex 54.4084 225.658 10
      vertex 54.4084 225.658 0
    endloop
  endfacet
  facet normal -0.997752 0.0670132 0
    outer loop
      vertex 54.3994 225.524 0
      vertex 54.3994 225.524 10
      vertex 54.4084 225.658 10
    endloop
  endfacet
  facet normal -0.862698 0.505719 0
    outer loop
      vertex 53.5494 224.074 0
      vertex 54.3994 225.524 10
      vertex 54.3994 225.524 0
    endloop
  endfacet
  facet normal -0.862698 0.505719 0
    outer loop
      vertex 53.5494 224.074 0
      vertex 53.5494 224.074 10
      vertex 54.3994 225.524 10
    endloop
  endfacet
  facet normal -0.728022 0.685554 0
    outer loop
      vertex 53.5042 224.026 0
      vertex 53.5494 224.074 10
      vertex 53.5494 224.074 0
    endloop
  endfacet
  facet normal -0.728022 0.685554 0
    outer loop
      vertex 53.5042 224.026 0
      vertex 53.5042 224.026 10
      vertex 53.5494 224.074 10
    endloop
  endfacet
  facet normal -0.561949 0.827172 0
    outer loop
      vertex 52.6902 223.473 0
      vertex 53.5042 224.026 10
      vertex 53.5042 224.026 0
    endloop
  endfacet
  facet normal -0.561949 0.827172 0
    outer loop
      vertex 52.6902 223.473 0
      vertex 52.6902 223.473 10
      vertex 53.5042 224.026 10
    endloop
  endfacet
  facet normal -0.845891 0.533356 0
    outer loop
      vertex 52.0912 222.523 0
      vertex 52.6902 223.473 10
      vertex 52.6902 223.473 0
    endloop
  endfacet
  facet normal -0.845891 0.533356 0
    outer loop
      vertex 52.0912 222.523 0
      vertex 52.0912 222.523 10
      vertex 52.6902 223.473 10
    endloop
  endfacet
  facet normal -0.978128 0.208004 0
    outer loop
      vertex 51.903 221.638 0
      vertex 52.0912 222.523 10
      vertex 52.0912 222.523 0
    endloop
  endfacet
  facet normal -0.978128 0.208004 0
    outer loop
      vertex 51.903 221.638 0
      vertex 51.903 221.638 10
      vertex 52.0912 222.523 10
    endloop
  endfacet
  facet normal -0.982424 -0.186661 0
    outer loop
      vertex 52.0474 220.878 0
      vertex 51.903 221.638 10
      vertex 51.903 221.638 0
    endloop
  endfacet
  facet normal -0.982424 -0.186661 0
    outer loop
      vertex 52.0474 220.878 0
      vertex 52.0474 220.878 10
      vertex 51.903 221.638 10
    endloop
  endfacet
  facet normal -0.904806 0.425824 0
    outer loop
      vertex 51.9721 220.718 0
      vertex 52.0474 220.878 10
      vertex 52.0474 220.878 0
    endloop
  endfacet
  facet normal -0.904806 0.425824 0
    outer loop
      vertex 51.9721 220.718 0
      vertex 51.9721 220.718 10
      vertex 52.0474 220.878 10
    endloop
  endfacet
  facet normal 0.171522 0.98518 0
    outer loop
      vertex 51.7883 220.75 0
      vertex 51.9721 220.718 10
      vertex 51.9721 220.718 0
    endloop
  endfacet
  facet normal 0.171522 0.98518 -0
    outer loop
      vertex 51.7883 220.75 0
      vertex 51.7883 220.75 10
      vertex 51.9721 220.718 10
    endloop
  endfacet
  facet normal 0.744735 0.66736 0
    outer loop
      vertex 51.0983 221.52 0
      vertex 51.7883 220.75 10
      vertex 51.7883 220.75 0
    endloop
  endfacet
  facet normal 0.744735 0.66736 -0
    outer loop
      vertex 51.0983 221.52 0
      vertex 51.0983 221.52 10
      vertex 51.7883 220.75 10
    endloop
  endfacet
  facet normal 0.900584 0.434682 0
    outer loop
      vertex 51.0621 221.595 0
      vertex 51.0983 221.52 10
      vertex 51.0983 221.52 0
    endloop
  endfacet
  facet normal 0.900584 0.434682 -0
    outer loop
      vertex 51.0621 221.595 0
      vertex 51.0621 221.595 10
      vertex 51.0983 221.52 10
    endloop
  endfacet
  facet normal 0.985586 0.169177 0
    outer loop
      vertex 50.8417 222.879 0
      vertex 51.0621 221.595 10
      vertex 51.0621 221.595 0
    endloop
  endfacet
  facet normal 0.985586 0.169177 -0
    outer loop
      vertex 50.8417 222.879 0
      vertex 50.8417 222.879 10
      vertex 51.0621 221.595 10
    endloop
  endfacet
  facet normal 0.628019 0.778198 0
    outer loop
      vertex 50.3857 223.247 0
      vertex 50.8417 222.879 10
      vertex 50.8417 222.879 0
    endloop
  endfacet
  facet normal 0.628019 0.778198 -0
    outer loop
      vertex 50.3857 223.247 0
      vertex 50.3857 223.247 10
      vertex 50.8417 222.879 10
    endloop
  endfacet
  facet normal -0.389799 0.9209 0
    outer loop
      vertex 49.9321 223.055 0
      vertex 50.3857 223.247 10
      vertex 50.3857 223.247 0
    endloop
  endfacet
  facet normal -0.389799 0.9209 0
    outer loop
      vertex 49.9321 223.055 0
      vertex 49.9321 223.055 10
      vertex 50.3857 223.247 10
    endloop
  endfacet
  facet normal -0.90936 0.416011 0
    outer loop
      vertex 49.7363 222.627 0
      vertex 49.9321 223.055 10
      vertex 49.9321 223.055 0
    endloop
  endfacet
  facet normal -0.90936 0.416011 0
    outer loop
      vertex 49.7363 222.627 0
      vertex 49.7363 222.627 10
      vertex 49.9321 223.055 10
    endloop
  endfacet
  facet normal -0.488534 0.872545 0
    outer loop
      vertex 49.5827 222.541 0
      vertex 49.7363 222.627 10
      vertex 49.7363 222.627 0
    endloop
  endfacet
  facet normal -0.488534 0.872545 0
    outer loop
      vertex 49.5827 222.541 0
      vertex 49.5827 222.541 10
      vertex 49.7363 222.627 10
    endloop
  endfacet
  facet normal 0.493571 0.869706 0
    outer loop
      vertex 49.4805 222.599 0
      vertex 49.5827 222.541 10
      vertex 49.5827 222.541 0
    endloop
  endfacet
  facet normal 0.493571 0.869706 -0
    outer loop
      vertex 49.4805 222.599 0
      vertex 49.4805 222.599 10
      vertex 49.5827 222.541 10
    endloop
  endfacet
  facet normal 0.797664 0.603102 0
    outer loop
      vertex 49.3376 222.788 0
      vertex 49.4805 222.599 10
      vertex 49.4805 222.599 0
    endloop
  endfacet
  facet normal 0.797664 0.603102 -0
    outer loop
      vertex 49.3376 222.788 0
      vertex 49.3376 222.788 10
      vertex 49.4805 222.599 10
    endloop
  endfacet
  facet normal -0.469351 0.883012 0
    outer loop
      vertex 48.4703 222.327 0
      vertex 49.3376 222.788 10
      vertex 49.3376 222.788 0
    endloop
  endfacet
  facet normal -0.469351 0.883012 0
    outer loop
      vertex 48.4703 222.327 0
      vertex 48.4703 222.327 10
      vertex 49.3376 222.788 10
    endloop
  endfacet
  facet normal -0.076243 0.997089 0
    outer loop
      vertex 48.3526 222.318 0
      vertex 48.4703 222.327 10
      vertex 48.4703 222.327 0
    endloop
  endfacet
  facet normal -0.076243 0.997089 0
    outer loop
      vertex 48.3526 222.318 0
      vertex 48.3526 222.318 10
      vertex 48.4703 222.327 10
    endloop
  endfacet
  facet normal 0.315119 0.949052 0
    outer loop
      vertex 47.8647 222.48 0
      vertex 48.3526 222.318 10
      vertex 48.3526 222.318 0
    endloop
  endfacet
  facet normal 0.315119 0.949052 -0
    outer loop
      vertex 47.8647 222.48 0
      vertex 47.8647 222.48 10
      vertex 48.3526 222.318 10
    endloop
  endfacet
  facet normal -0.370114 0.928986 0
    outer loop
      vertex 47.6388 222.39 0
      vertex 47.8647 222.48 10
      vertex 47.8647 222.48 0
    endloop
  endfacet
  facet normal -0.370114 0.928986 0
    outer loop
      vertex 47.6388 222.39 0
      vertex 47.6388 222.39 10
      vertex 47.8647 222.48 10
    endloop
  endfacet
  facet normal -0.967173 -0.25412 0
    outer loop
      vertex 47.6924 222.186 0
      vertex 47.6388 222.39 10
      vertex 47.6388 222.39 0
    endloop
  endfacet
  facet normal -0.967173 -0.25412 0
    outer loop
      vertex 47.6924 222.186 0
      vertex 47.6924 222.186 10
      vertex 47.6388 222.39 10
    endloop
  endfacet
  facet normal -0.623642 -0.78171 0
    outer loop
      vertex 48.5435 221.507 0
      vertex 47.6924 222.186 10
      vertex 47.6924 222.186 0
    endloop
  endfacet
  facet normal -0.623642 -0.78171 0
    outer loop
      vertex 48.5435 221.507 0
      vertex 48.5435 221.507 10
      vertex 47.6924 222.186 10
    endloop
  endfacet
  facet normal -0.838922 -0.544251 0
    outer loop
      vertex 48.5954 221.427 0
      vertex 48.5435 221.507 10
      vertex 48.5435 221.507 0
    endloop
  endfacet
  facet normal -0.838922 -0.544251 0
    outer loop
      vertex 48.5954 221.427 0
      vertex 48.5954 221.427 10
      vertex 48.5435 221.507 10
    endloop
  endfacet
  facet normal -0.969377 -0.245576 0
    outer loop
      vertex 48.9754 219.927 0
      vertex 48.5954 221.427 10
      vertex 48.5954 221.427 0
    endloop
  endfacet
  facet normal -0.969377 -0.245576 0
    outer loop
      vertex 48.9754 219.927 0
      vertex 48.9754 219.927 10
      vertex 48.5954 221.427 10
    endloop
  endfacet
  facet normal -0.983986 0.178247 0
    outer loop
      vertex 48.9533 219.805 0
      vertex 48.9754 219.927 10
      vertex 48.9754 219.927 0
    endloop
  endfacet
  facet normal -0.983986 0.178247 0
    outer loop
      vertex 48.9533 219.805 0
      vertex 48.9533 219.805 10
      vertex 48.9754 219.927 10
    endloop
  endfacet
  facet normal -0.822192 0.56921 0
    outer loop
      vertex 48.8633 219.675 0
      vertex 48.9533 219.805 10
      vertex 48.9533 219.805 0
    endloop
  endfacet
  facet normal -0.822192 0.56921 0
    outer loop
      vertex 48.8633 219.675 0
      vertex 48.8633 219.675 10
      vertex 48.9533 219.805 10
    endloop
  endfacet
  facet normal -0.05477 0.998499 0
    outer loop
      vertex 48.6263 219.662 0
      vertex 48.8633 219.675 10
      vertex 48.8633 219.675 0
    endloop
  endfacet
  facet normal -0.05477 0.998499 0
    outer loop
      vertex 48.6263 219.662 0
      vertex 48.6263 219.662 10
      vertex 48.8633 219.675 10
    endloop
  endfacet
  facet normal 0.758173 0.652053 0
    outer loop
      vertex 47.5719 220.888 0
      vertex 48.6263 219.662 10
      vertex 48.6263 219.662 0
    endloop
  endfacet
  facet normal 0.758173 0.652053 -0
    outer loop
      vertex 47.5719 220.888 0
      vertex 47.5719 220.888 10
      vertex 48.6263 219.662 10
    endloop
  endfacet
  facet normal -0.173026 0.984917 0
    outer loop
      vertex 47.3499 220.849 0
      vertex 47.5719 220.888 10
      vertex 47.5719 220.888 0
    endloop
  endfacet
  facet normal -0.173026 0.984917 0
    outer loop
      vertex 47.3499 220.849 0
      vertex 47.3499 220.849 10
      vertex 47.5719 220.888 10
    endloop
  endfacet
  facet normal -0.965377 0.26086 0
    outer loop
      vertex 47.1748 220.201 0
      vertex 47.3499 220.849 10
      vertex 47.3499 220.849 0
    endloop
  endfacet
  facet normal -0.965377 0.26086 0
    outer loop
      vertex 47.1748 220.201 0
      vertex 47.1748 220.201 10
      vertex 47.3499 220.849 10
    endloop
  endfacet
  facet normal -0.555632 0.831428 0
    outer loop
      vertex 47.0102 220.091 0
      vertex 47.1748 220.201 10
      vertex 47.1748 220.201 0
    endloop
  endfacet
  facet normal -0.555632 0.831428 0
    outer loop
      vertex 47.0102 220.091 0
      vertex 47.0102 220.091 10
      vertex 47.1748 220.201 10
    endloop
  endfacet
  facet normal 0.132781 0.991145 0
    outer loop
      vertex 45.9577 220.232 0
      vertex 47.0102 220.091 10
      vertex 47.0102 220.091 0
    endloop
  endfacet
  facet normal 0.132781 0.991145 -0
    outer loop
      vertex 45.9577 220.232 0
      vertex 45.9577 220.232 10
      vertex 47.0102 220.091 10
    endloop
  endfacet
  facet normal -0.99024 0.139373 0
    outer loop
      vertex 45.7843 219 0
      vertex 45.9577 220.232 10
      vertex 45.9577 220.232 0
    endloop
  endfacet
  facet normal -0.99024 0.139373 0
    outer loop
      vertex 45.7843 219 0
      vertex 45.7843 219 10
      vertex 45.9577 220.232 10
    endloop
  endfacet
  facet normal -0.922583 -0.385799 0
    outer loop
      vertex 46.2284 217.938 0
      vertex 45.7843 219 10
      vertex 45.7843 219 0
    endloop
  endfacet
  facet normal -0.922583 -0.385799 0
    outer loop
      vertex 46.2284 217.938 0
      vertex 46.2284 217.938 10
      vertex 45.7843 219 10
    endloop
  endfacet
  facet normal -0.973254 0.229733 0
    outer loop
      vertex 46.1878 217.766 0
      vertex 46.2284 217.938 10
      vertex 46.2284 217.938 0
    endloop
  endfacet
  facet normal -0.973254 0.229733 0
    outer loop
      vertex 46.1878 217.766 0
      vertex 46.1878 217.766 10
      vertex 46.2284 217.938 10
    endloop
  endfacet
  facet normal -0.231947 0.972728 0
    outer loop
      vertex 46.0536 217.734 0
      vertex 46.1878 217.766 10
      vertex 46.1878 217.766 0
    endloop
  endfacet
  facet normal -0.231947 0.972728 0
    outer loop
      vertex 46.0536 217.734 0
      vertex 46.0536 217.734 10
      vertex 46.1878 217.766 10
    endloop
  endfacet
  facet normal 0.243732 0.969843 0
    outer loop
      vertex 45.596 217.849 0
      vertex 46.0536 217.734 10
      vertex 46.0536 217.734 0
    endloop
  endfacet
  facet normal 0.243732 0.969843 -0
    outer loop
      vertex 45.596 217.849 0
      vertex 45.596 217.849 10
      vertex 46.0536 217.734 10
    endloop
  endfacet
  facet normal -0.830945 0.556354 0
    outer loop
      vertex 44.8046 216.667 0
      vertex 45.596 217.849 10
      vertex 45.596 217.849 0
    endloop
  endfacet
  facet normal -0.830945 0.556354 0
    outer loop
      vertex 44.8046 216.667 0
      vertex 44.8046 216.667 10
      vertex 45.596 217.849 10
    endloop
  endfacet
  facet normal -0.204619 0.978842 0
    outer loop
      vertex 44.5989 216.624 0
      vertex 44.8046 216.667 10
      vertex 44.8046 216.667 0
    endloop
  endfacet
  facet normal -0.204619 0.978842 0
    outer loop
      vertex 44.5989 216.624 0
      vertex 44.5989 216.624 10
      vertex 44.8046 216.667 10
    endloop
  endfacet
  facet normal 0.540758 0.841178 0
    outer loop
      vertex 44.4589 216.714 0
      vertex 44.5989 216.624 10
      vertex 44.5989 216.624 0
    endloop
  endfacet
  facet normal 0.540758 0.841178 -0
    outer loop
      vertex 44.4589 216.714 0
      vertex 44.4589 216.714 10
      vertex 44.5989 216.624 10
    endloop
  endfacet
  facet normal 0.952485 0.304586 0
    outer loop
      vertex 44.4007 216.896 0
      vertex 44.4589 216.714 10
      vertex 44.4589 216.714 0
    endloop
  endfacet
  facet normal 0.952485 0.304586 -0
    outer loop
      vertex 44.4007 216.896 0
      vertex 44.4007 216.896 10
      vertex 44.4589 216.714 10
    endloop
  endfacet
  facet normal 0.928417 -0.371539 0
    outer loop
      vertex 45.0494 218.517 0
      vertex 44.4007 216.896 10
      vertex 44.4007 216.896 0
    endloop
  endfacet
  facet normal 0.928417 -0.371539 0
    outer loop
      vertex 45.0494 218.517 0
      vertex 45.0494 218.517 10
      vertex 44.4007 216.896 10
    endloop
  endfacet
  facet normal 0.999823 0.018804 0
    outer loop
      vertex 45.0166 220.261 0
      vertex 45.0494 218.517 10
      vertex 45.0494 218.517 0
    endloop
  endfacet
  facet normal 0.999823 0.018804 -0
    outer loop
      vertex 45.0166 220.261 0
      vertex 45.0166 220.261 10
      vertex 45.0494 218.517 10
    endloop
  endfacet
  facet normal -0.698221 0.715882 0
    outer loop
      vertex 44.4937 219.751 0
      vertex 45.0166 220.261 10
      vertex 45.0166 220.261 0
    endloop
  endfacet
  facet normal -0.698221 0.715882 0
    outer loop
      vertex 44.4937 219.751 0
      vertex 44.4937 219.751 10
      vertex 45.0166 220.261 10
    endloop
  endfacet
  facet normal -0.963624 0.267261 0
    outer loop
      vertex 43.7945 217.23 0
      vertex 44.4937 219.751 10
      vertex 44.4937 219.751 0
    endloop
  endfacet
  facet normal -0.963624 0.267261 0
    outer loop
      vertex 43.7945 217.23 0
      vertex 43.7945 217.23 10
      vertex 44.4937 219.751 10
    endloop
  endfacet
  facet normal -0.623312 0.781973 0
    outer loop
      vertex 43.6565 217.12 0
      vertex 43.7945 217.23 10
      vertex 43.7945 217.23 0
    endloop
  endfacet
  facet normal -0.623312 0.781973 0
    outer loop
      vertex 43.6565 217.12 0
      vertex 43.6565 217.12 10
      vertex 43.7945 217.23 10
    endloop
  endfacet
  facet normal 0.706201 0.708012 0
    outer loop
      vertex 43.5001 217.276 0
      vertex 43.6565 217.12 10
      vertex 43.6565 217.12 0
    endloop
  endfacet
  facet normal 0.706201 0.708012 -0
    outer loop
      vertex 43.5001 217.276 0
      vertex 43.5001 217.276 10
      vertex 43.6565 217.12 10
    endloop
  endfacet
  facet normal 0.999155 -0.0411045 0
    outer loop
      vertex 43.5911 219.488 0
      vertex 43.5001 217.276 10
      vertex 43.5001 217.276 0
    endloop
  endfacet
  facet normal 0.999155 -0.0411045 0
    outer loop
      vertex 43.5911 219.488 0
      vertex 43.5911 219.488 10
      vertex 43.5001 217.276 10
    endloop
  endfacet
  facet normal -0.322308 0.946635 0
    outer loop
      vertex 42.7746 219.21 0
      vertex 43.5911 219.488 10
      vertex 43.5911 219.488 0
    endloop
  endfacet
  facet normal -0.322308 0.946635 0
    outer loop
      vertex 42.7746 219.21 0
      vertex 42.7746 219.21 10
      vertex 43.5911 219.488 10
    endloop
  endfacet
  facet normal -0.932679 0.360708 0
    outer loop
      vertex 42.3399 218.086 0
      vertex 42.7746 219.21 10
      vertex 42.7746 219.21 0
    endloop
  endfacet
  facet normal -0.932679 0.360708 0
    outer loop
      vertex 42.3399 218.086 0
      vertex 42.3399 218.086 10
      vertex 42.7746 219.21 10
    endloop
  endfacet
  facet normal -0.75186 0.659323 0
    outer loop
      vertex 42.2715 218.008 0
      vertex 42.3399 218.086 10
      vertex 42.3399 218.086 0
    endloop
  endfacet
  facet normal -0.75186 0.659323 0
    outer loop
      vertex 42.2715 218.008 0
      vertex 42.2715 218.008 10
      vertex 42.3399 218.086 10
    endloop
  endfacet
  facet normal -0.476871 0.878973 0
    outer loop
      vertex 41.525 217.603 0
      vertex 42.2715 218.008 10
      vertex 42.2715 218.008 0
    endloop
  endfacet
  facet normal -0.476871 0.878973 0
    outer loop
      vertex 41.525 217.603 0
      vertex 41.525 217.603 10
      vertex 42.2715 218.008 10
    endloop
  endfacet
  facet normal -0.99843 -0.0560095 0
    outer loop
      vertex 41.5365 217.398 0
      vertex 41.525 217.603 10
      vertex 41.525 217.603 0
    endloop
  endfacet
  facet normal -0.99843 -0.0560095 0
    outer loop
      vertex 41.5365 217.398 0
      vertex 41.5365 217.398 10
      vertex 41.525 217.603 10
    endloop
  endfacet
  facet normal -0.690221 -0.723599 0
    outer loop
      vertex 42.1435 216.819 0
      vertex 41.5365 217.398 10
      vertex 41.5365 217.398 0
    endloop
  endfacet
  facet normal -0.690221 -0.723599 0
    outer loop
      vertex 42.1435 216.819 0
      vertex 42.1435 216.819 10
      vertex 41.5365 217.398 10
    endloop
  endfacet
  facet normal -0.999927 -0.0120921 0
    outer loop
      vertex 42.1461 216.604 0
      vertex 42.1435 216.819 10
      vertex 42.1435 216.819 0
    endloop
  endfacet
  facet normal -0.999927 -0.0120921 0
    outer loop
      vertex 42.1461 216.604 0
      vertex 42.1461 216.604 10
      vertex 42.1435 216.819 10
    endloop
  endfacet
  facet normal -0.707107 0.707107 0
    outer loop
      vertex 42.0161 216.474 0
      vertex 42.1461 216.604 10
      vertex 42.1461 216.604 0
    endloop
  endfacet
  facet normal -0.707107 0.707107 0
    outer loop
      vertex 42.0161 216.474 0
      vertex 42.0161 216.474 10
      vertex 42.1461 216.604 10
    endloop
  endfacet
  facet normal -0.340852 0.940117 0
    outer loop
      vertex 41.8975 216.431 0
      vertex 42.0161 216.474 10
      vertex 42.0161 216.474 0
    endloop
  endfacet
  facet normal -0.340852 0.940117 0
    outer loop
      vertex 41.8975 216.431 0
      vertex 41.8975 216.431 10
      vertex 42.0161 216.474 10
    endloop
  endfacet
  facet normal 0.0830455 0.996546 0
    outer loop
      vertex 41.4175 216.471 0
      vertex 41.8975 216.431 10
      vertex 41.8975 216.431 0
    endloop
  endfacet
  facet normal 0.0830455 0.996546 -0
    outer loop
      vertex 41.4175 216.471 0
      vertex 41.4175 216.471 10
      vertex 41.8975 216.431 10
    endloop
  endfacet
  facet normal 0.436988 0.899467 0
    outer loop
      vertex 41.3187 216.519 0
      vertex 41.4175 216.471 10
      vertex 41.4175 216.471 0
    endloop
  endfacet
  facet normal 0.436988 0.899467 -0
    outer loop
      vertex 41.3187 216.519 0
      vertex 41.3187 216.519 10
      vertex 41.4175 216.471 10
    endloop
  endfacet
  facet normal 0.741759 0.670666 0
    outer loop
      vertex 40.6225 217.289 0
      vertex 41.3187 216.519 10
      vertex 41.3187 216.519 0
    endloop
  endfacet
  facet normal 0.741759 0.670666 -0
    outer loop
      vertex 40.6225 217.289 0
      vertex 40.6225 217.289 10
      vertex 41.3187 216.519 10
    endloop
  endfacet
  facet normal -0.91164 0.41099 0
    outer loop
      vertex 40.3218 216.622 0
      vertex 40.6225 217.289 10
      vertex 40.6225 217.289 0
    endloop
  endfacet
  facet normal -0.91164 0.41099 0
    outer loop
      vertex 40.3218 216.622 0
      vertex 40.3218 216.622 10
      vertex 40.6225 217.289 10
    endloop
  endfacet
  facet normal -0.9984 -0.05655 0
    outer loop
      vertex 40.3798 215.598 0
      vertex 40.3218 216.622 10
      vertex 40.3218 216.622 0
    endloop
  endfacet
  facet normal -0.9984 -0.05655 0
    outer loop
      vertex 40.3798 215.598 0
      vertex 40.3798 215.598 10
      vertex 40.3218 216.622 10
    endloop
  endfacet
  facet normal -0.841806 0.53978 0
    outer loop
      vertex 40.2849 215.45 0
      vertex 40.3798 215.598 10
      vertex 40.3798 215.598 0
    endloop
  endfacet
  facet normal -0.841806 0.53978 0
    outer loop
      vertex 40.2849 215.45 0
      vertex 40.2849 215.45 10
      vertex 40.3798 215.598 10
    endloop
  endfacet
  facet normal -0.365604 0.930771 0
    outer loop
      vertex 39.4575 215.125 0
      vertex 40.2849 215.45 10
      vertex 40.2849 215.45 0
    endloop
  endfacet
  facet normal -0.365604 0.930771 0
    outer loop
      vertex 39.4575 215.125 0
      vertex 39.4575 215.125 10
      vertex 40.2849 215.45 10
    endloop
  endfacet
  facet normal -0.938164 0.346191 0
    outer loop
      vertex 38.7907 213.318 0
      vertex 39.4575 215.125 10
      vertex 39.4575 215.125 0
    endloop
  endfacet
  facet normal -0.938164 0.346191 0
    outer loop
      vertex 38.7907 213.318 0
      vertex 38.7907 213.318 10
      vertex 39.4575 215.125 10
    endloop
  endfacet
  facet normal -0.855948 0.517062 0
    outer loop
      vertex 38.7611 213.269 0
      vertex 38.7907 213.318 10
      vertex 38.7907 213.318 0
    endloop
  endfacet
  facet normal -0.855948 0.517062 0
    outer loop
      vertex 38.7611 213.269 0
      vertex 38.7611 213.269 10
      vertex 38.7907 213.318 10
    endloop
  endfacet
  facet normal -0.740987 0.671519 0
    outer loop
      vertex 38.1811 212.629 0
      vertex 38.7611 213.269 10
      vertex 38.7611 213.269 0
    endloop
  endfacet
  facet normal -0.740987 0.671519 0
    outer loop
      vertex 38.1811 212.629 0
      vertex 38.1811 212.629 10
      vertex 38.7611 213.269 10
    endloop
  endfacet
  facet normal -0.441684 0.897171 0
    outer loop
      vertex 38.0836 212.581 0
      vertex 38.1811 212.629 10
      vertex 38.1811 212.629 0
    endloop
  endfacet
  facet normal -0.441684 0.897171 0
    outer loop
      vertex 38.0836 212.581 0
      vertex 38.0836 212.581 10
      vertex 38.1811 212.629 10
    endloop
  endfacet
  facet normal -0.0918216 0.995775 0
    outer loop
      vertex 37.5739 212.534 0
      vertex 38.0836 212.581 10
      vertex 38.0836 212.581 0
    endloop
  endfacet
  facet normal -0.0918216 0.995775 0
    outer loop
      vertex 37.5739 212.534 0
      vertex 37.5739 212.534 10
      vertex 38.0836 212.581 10
    endloop
  endfacet
  facet normal -0.579639 0.814873 0
    outer loop
      vertex 37.1156 212.208 0
      vertex 37.5739 212.534 10
      vertex 37.5739 212.534 0
    endloop
  endfacet
  facet normal -0.579639 0.814873 0
    outer loop
      vertex 37.1156 212.208 0
      vertex 37.1156 212.208 10
      vertex 37.5739 212.534 10
    endloop
  endfacet
  facet normal -0.881491 0.472201 0
    outer loop
      vertex 36.8649 211.74 0
      vertex 37.1156 212.208 10
      vertex 37.1156 212.208 0
    endloop
  endfacet
  facet normal -0.881491 0.472201 0
    outer loop
      vertex 36.8649 211.74 0
      vertex 36.8649 211.74 10
      vertex 37.1156 212.208 10
    endloop
  endfacet
  facet normal -0.931344 -0.36414 0
    outer loop
      vertex 36.9603 211.496 0
      vertex 36.8649 211.74 10
      vertex 36.8649 211.74 0
    endloop
  endfacet
  facet normal -0.931344 -0.36414 0
    outer loop
      vertex 36.9603 211.496 0
      vertex 36.9603 211.496 10
      vertex 36.8649 211.74 10
    endloop
  endfacet
  facet normal 0.0535881 -0.998563 0
    outer loop
      vertex 38.7119 211.59 0
      vertex 36.9603 211.496 10
      vertex 36.9603 211.496 0
    endloop
  endfacet
  facet normal 0.0535881 -0.998563 0
    outer loop
      vertex 38.7119 211.59 0
      vertex 38.7119 211.59 10
      vertex 36.9603 211.496 10
    endloop
  endfacet
  facet normal -0.397902 -0.917428 0
    outer loop
      vertex 38.8341 211.537 0
      vertex 38.7119 211.59 10
      vertex 38.7119 211.59 0
    endloop
  endfacet
  facet normal -0.397902 -0.917428 0
    outer loop
      vertex 38.8341 211.537 0
      vertex 38.8341 211.537 10
      vertex 38.7119 211.59 10
    endloop
  endfacet
  facet normal -0.760834 -0.648947 0
    outer loop
      vertex 39.1241 211.197 0
      vertex 38.8341 211.537 10
      vertex 38.8341 211.537 0
    endloop
  endfacet
  facet normal -0.760834 -0.648947 0
    outer loop
      vertex 39.1241 211.197 0
      vertex 39.1241 211.197 10
      vertex 38.8341 211.537 10
    endloop
  endfacet
  facet normal -0.99695 -0.0780469 0
    outer loop
      vertex 39.1378 211.022 0
      vertex 39.1241 211.197 10
      vertex 39.1241 211.197 0
    endloop
  endfacet
  facet normal -0.99695 -0.0780469 0
    outer loop
      vertex 39.1378 211.022 0
      vertex 39.1378 211.022 10
      vertex 39.1241 211.197 10
    endloop
  endfacet
  facet normal -0.621192 0.783658 0
    outer loop
      vertex 39.0558 210.957 0
      vertex 39.1378 211.022 10
      vertex 39.1378 211.022 0
    endloop
  endfacet
  facet normal -0.621192 0.783658 0
    outer loop
      vertex 39.0558 210.957 0
      vertex 39.0558 210.957 10
      vertex 39.1378 211.022 10
    endloop
  endfacet
  facet normal -0.305549 0.952176 0
    outer loop
      vertex 37.7158 210.527 0
      vertex 39.0558 210.957 10
      vertex 39.0558 210.957 0
    endloop
  endfacet
  facet normal -0.305549 0.952176 0
    outer loop
      vertex 37.7158 210.527 0
      vertex 37.7158 210.527 10
      vertex 39.0558 210.957 10
    endloop
  endfacet
  facet normal 0.0481138 0.998842 0
    outer loop
      vertex 37.612 210.532 0
      vertex 37.7158 210.527 10
      vertex 37.7158 210.527 0
    endloop
  endfacet
  facet normal 0.0481138 0.998842 -0
    outer loop
      vertex 37.612 210.532 0
      vertex 37.612 210.532 10
      vertex 37.7158 210.527 10
    endloop
  endfacet
  facet normal 0.385976 0.922509 0
    outer loop
      vertex 36.9141 210.824 0
      vertex 37.612 210.532 10
      vertex 37.612 210.532 0
    endloop
  endfacet
  facet normal 0.385976 0.922509 -0
    outer loop
      vertex 36.9141 210.824 0
      vertex 36.9141 210.824 10
      vertex 37.612 210.532 10
    endloop
  endfacet
  facet normal -0.192725 0.981253 0
    outer loop
      vertex 36.4966 210.742 0
      vertex 36.9141 210.824 10
      vertex 36.9141 210.824 0
    endloop
  endfacet
  facet normal -0.192725 0.981253 0
    outer loop
      vertex 36.4966 210.742 0
      vertex 36.4966 210.742 10
      vertex 36.9141 210.824 10
    endloop
  endfacet
  facet normal -0.73188 0.681434 0
    outer loop
      vertex 36.167 210.388 0
      vertex 36.4966 210.742 10
      vertex 36.4966 210.742 0
    endloop
  endfacet
  facet normal -0.73188 0.681434 0
    outer loop
      vertex 36.167 210.388 0
      vertex 36.167 210.388 10
      vertex 36.4966 210.742 10
    endloop
  endfacet
  facet normal -0.993261 -0.115899 0
    outer loop
      vertex 36.2733 209.477 0
      vertex 36.167 210.388 10
      vertex 36.167 210.388 0
    endloop
  endfacet
  facet normal -0.993261 -0.115899 0
    outer loop
      vertex 36.2733 209.477 0
      vertex 36.2733 209.477 10
      vertex 36.167 210.388 10
    endloop
  endfacet
  facet normal -0.729729 -0.683736 0
    outer loop
      vertex 36.5394 209.193 0
      vertex 36.2733 209.477 10
      vertex 36.2733 209.477 0
    endloop
  endfacet
  facet normal -0.729729 -0.683736 0
    outer loop
      vertex 36.5394 209.193 0
      vertex 36.5394 209.193 10
      vertex 36.2733 209.477 10
    endloop
  endfacet
  facet normal -0.992969 -0.118371 0
    outer loop
      vertex 36.5605 209.016 0
      vertex 36.5394 209.193 10
      vertex 36.5394 209.193 0
    endloop
  endfacet
  facet normal -0.992969 -0.118371 0
    outer loop
      vertex 36.5605 209.016 0
      vertex 36.5605 209.016 10
      vertex 36.5394 209.193 10
    endloop
  endfacet
  facet normal -0.870459 0.492241 0
    outer loop
      vertex 36.2868 208.532 0
      vertex 36.5605 209.016 10
      vertex 36.5605 209.016 0
    endloop
  endfacet
  facet normal -0.870459 0.492241 0
    outer loop
      vertex 36.2868 208.532 0
      vertex 36.2868 208.532 10
      vertex 36.5605 209.016 10
    endloop
  endfacet
  facet normal -0.986002 -0.166735 0
    outer loop
      vertex 36.3979 207.875 0
      vertex 36.2868 208.532 10
      vertex 36.2868 208.532 0
    endloop
  endfacet
  facet normal -0.986002 -0.166735 0
    outer loop
      vertex 36.3979 207.875 0
      vertex 36.3979 207.875 10
      vertex 36.2868 208.532 10
    endloop
  endfacet
  facet normal -0.895784 0.44449 0
    outer loop
      vertex 36.3195 207.717 0
      vertex 36.3979 207.875 10
      vertex 36.3979 207.875 0
    endloop
  endfacet
  facet normal -0.895784 0.44449 0
    outer loop
      vertex 36.3195 207.717 0
      vertex 36.3195 207.717 10
      vertex 36.3979 207.875 10
    endloop
  endfacet
  facet normal 0.37606 0.926595 0
    outer loop
      vertex 36.1076 207.803 0
      vertex 36.3195 207.717 10
      vertex 36.3195 207.717 0
    endloop
  endfacet
  facet normal 0.37606 0.926595 -0
    outer loop
      vertex 36.1076 207.803 0
      vertex 36.1076 207.803 10
      vertex 36.3195 207.717 10
    endloop
  endfacet
  facet normal 0.949594 0.313482 0
    outer loop
      vertex 35.4873 209.682 0
      vertex 36.1076 207.803 10
      vertex 36.1076 207.803 0
    endloop
  endfacet
  facet normal 0.949594 0.313482 -0
    outer loop
      vertex 35.4873 209.682 0
      vertex 35.4873 209.682 10
      vertex 36.1076 207.803 10
    endloop
  endfacet
  facet normal -0.527545 0.849527 0
    outer loop
      vertex 34.2103 208.889 0
      vertex 35.4873 209.682 10
      vertex 35.4873 209.682 0
    endloop
  endfacet
  facet normal -0.527545 0.849527 0
    outer loop
      vertex 34.2103 208.889 0
      vertex 34.2103 208.889 10
      vertex 35.4873 209.682 10
    endloop
  endfacet
  facet normal -0.974338 -0.225088 0
    outer loop
      vertex 34.2535 208.702 0
      vertex 34.2103 208.889 10
      vertex 34.2103 208.889 0
    endloop
  endfacet
  facet normal -0.974338 -0.225088 0
    outer loop
      vertex 34.2535 208.702 0
      vertex 34.2535 208.702 10
      vertex 34.2103 208.889 10
    endloop
  endfacet
  facet normal -0.16202 -0.986788 0
    outer loop
      vertex 34.7042 208.628 0
      vertex 34.2535 208.702 10
      vertex 34.2535 208.702 0
    endloop
  endfacet
  facet normal -0.16202 -0.986788 0
    outer loop
      vertex 34.7042 208.628 0
      vertex 34.7042 208.628 10
      vertex 34.2535 208.702 10
    endloop
  endfacet
  facet normal -0.719267 -0.694734 0
    outer loop
      vertex 34.8288 208.499 0
      vertex 34.7042 208.628 10
      vertex 34.7042 208.628 0
    endloop
  endfacet
  facet normal -0.719267 -0.694734 0
    outer loop
      vertex 34.8288 208.499 0
      vertex 34.8288 208.499 10
      vertex 34.7042 208.628 10
    endloop
  endfacet
  facet normal -0.992278 -0.124035 0
    outer loop
      vertex 34.8588 208.259 0
      vertex 34.8288 208.499 10
      vertex 34.8288 208.499 0
    endloop
  endfacet
  facet normal -0.992278 -0.124035 0
    outer loop
      vertex 34.8588 208.259 0
      vertex 34.8588 208.259 10
      vertex 34.8288 208.499 10
    endloop
  endfacet
  facet normal -0.850423 0.5261 0
    outer loop
      vertex 34.7592 208.098 0
      vertex 34.8588 208.259 10
      vertex 34.8588 208.259 0
    endloop
  endfacet
  facet normal -0.850423 0.5261 0
    outer loop
      vertex 34.7592 208.098 0
      vertex 34.7592 208.098 10
      vertex 34.8588 208.259 10
    endloop
  endfacet
  facet normal -0.327713 0.944777 0
    outer loop
      vertex 34.2691 207.928 0
      vertex 34.7592 208.098 10
      vertex 34.7592 208.098 0
    endloop
  endfacet
  facet normal -0.327713 0.944777 0
    outer loop
      vertex 34.2691 207.928 0
      vertex 34.2691 207.928 10
      vertex 34.7592 208.098 10
    endloop
  endfacet
  facet normal 0.0826351 0.99658 0
    outer loop
      vertex 34.1485 207.938 0
      vertex 34.2691 207.928 10
      vertex 34.2691 207.928 0
    endloop
  endfacet
  facet normal 0.0826351 0.99658 -0
    outer loop
      vertex 34.1485 207.938 0
      vertex 34.1485 207.938 10
      vertex 34.2691 207.928 10
    endloop
  endfacet
  facet normal 0.477096 0.878851 0
    outer loop
      vertex 33.6714 208.197 0
      vertex 34.1485 207.938 10
      vertex 34.1485 207.938 0
    endloop
  endfacet
  facet normal 0.477096 0.878851 -0
    outer loop
      vertex 33.6714 208.197 0
      vertex 33.6714 208.197 10
      vertex 34.1485 207.938 10
    endloop
  endfacet
  facet normal -0.795082 0.606501 0
    outer loop
      vertex 33.0375 207.366 0
      vertex 33.6714 208.197 10
      vertex 33.6714 208.197 0
    endloop
  endfacet
  facet normal -0.795082 0.606501 0
    outer loop
      vertex 33.0375 207.366 0
      vertex 33.0375 207.366 10
      vertex 33.6714 208.197 10
    endloop
  endfacet
  facet normal -0.998712 0.0507359 0
    outer loop
      vertex 33.0058 206.742 0
      vertex 33.0375 207.366 10
      vertex 33.0375 207.366 0
    endloop
  endfacet
  facet normal -0.998712 0.0507359 0
    outer loop
      vertex 33.0058 206.742 0
      vertex 33.0058 206.742 10
      vertex 33.0375 207.366 10
    endloop
  endfacet
  facet normal 0.507791 -0.86148 0
    outer loop
      vertex 33.9338 207.289 0
      vertex 33.0058 206.742 10
      vertex 33.0058 206.742 0
    endloop
  endfacet
  facet normal 0.507791 -0.86148 0
    outer loop
      vertex 33.9338 207.289 0
      vertex 33.9338 207.289 10
      vertex 33.0058 206.742 10
    endloop
  endfacet
  facet normal -0.0964148 -0.995341 0
    outer loop
      vertex 34.1093 207.272 0
      vertex 33.9338 207.289 10
      vertex 33.9338 207.289 0
    endloop
  endfacet
  facet normal -0.0964148 -0.995341 0
    outer loop
      vertex 34.1093 207.272 0
      vertex 34.1093 207.272 10
      vertex 33.9338 207.289 10
    endloop
  endfacet
  facet normal -0.935446 -0.35347 0
    outer loop
      vertex 34.1588 207.141 0
      vertex 34.1093 207.272 10
      vertex 34.1093 207.272 0
    endloop
  endfacet
  facet normal -0.935446 -0.35347 0
    outer loop
      vertex 34.1588 207.141 0
      vertex 34.1588 207.141 10
      vertex 34.1093 207.272 10
    endloop
  endfacet
  facet normal -0.992106 0.125402 0
    outer loop
      vertex 34.0482 206.266 0
      vertex 34.1588 207.141 10
      vertex 34.1588 207.141 0
    endloop
  endfacet
  facet normal -0.992106 0.125402 0
    outer loop
      vertex 34.0482 206.266 0
      vertex 34.0482 206.266 10
      vertex 34.1588 207.141 10
    endloop
  endfacet
  facet normal -0.693817 -0.720152 0
    outer loop
      vertex 34.4748 205.855 0
      vertex 34.0482 206.266 10
      vertex 34.0482 206.266 0
    endloop
  endfacet
  facet normal -0.693817 -0.720152 0
    outer loop
      vertex 34.4748 205.855 0
      vertex 34.4748 205.855 10
      vertex 34.0482 206.266 10
    endloop
  endfacet
  facet normal 0.0886778 -0.99606 0
    outer loop
      vertex 34.8567 205.889 0
      vertex 34.4748 205.855 10
      vertex 34.4748 205.855 0
    endloop
  endfacet
  facet normal 0.0886778 -0.99606 0
    outer loop
      vertex 34.8567 205.889 0
      vertex 34.8567 205.889 10
      vertex 34.4748 205.855 10
    endloop
  endfacet
  facet normal -0.511234 -0.859441 0
    outer loop
      vertex 35.008 205.799 0
      vertex 34.8567 205.889 10
      vertex 34.8567 205.889 0
    endloop
  endfacet
  facet normal -0.511234 -0.859441 0
    outer loop
      vertex 35.008 205.799 0
      vertex 35.008 205.799 10
      vertex 34.8567 205.889 10
    endloop
  endfacet
  facet normal -0.998178 0.0603376 0
    outer loop
      vertex 34.9999 205.665 0
      vertex 35.008 205.799 10
      vertex 35.008 205.799 0
    endloop
  endfacet
  facet normal -0.998178 0.0603376 0
    outer loop
      vertex 34.9999 205.665 0
      vertex 34.9999 205.665 10
      vertex 35.008 205.799 10
    endloop
  endfacet
  facet normal -0.865763 0.500453 0
    outer loop
      vertex 34.7629 205.255 0
      vertex 34.9999 205.665 10
      vertex 34.9999 205.665 0
    endloop
  endfacet
  facet normal -0.865763 0.500453 0
    outer loop
      vertex 34.7629 205.255 0
      vertex 34.7629 205.255 10
      vertex 34.9999 205.665 10
    endloop
  endfacet
  facet normal -0.997359 -0.0726252 0
    outer loop
      vertex 34.7996 204.751 0
      vertex 34.7629 205.255 10
      vertex 34.7629 205.255 0
    endloop
  endfacet
  facet normal -0.997359 -0.0726252 0
    outer loop
      vertex 34.7996 204.751 0
      vertex 34.7996 204.751 10
      vertex 34.7629 205.255 10
    endloop
  endfacet
  facet normal -0.849903 0.52694 0
    outer loop
      vertex 34.7066 204.601 0
      vertex 34.7996 204.751 10
      vertex 34.7996 204.751 0
    endloop
  endfacet
  facet normal -0.849903 0.52694 0
    outer loop
      vertex 34.7066 204.601 0
      vertex 34.7066 204.601 10
      vertex 34.7996 204.751 10
    endloop
  endfacet
  facet normal 0.328481 0.94451 0
    outer loop
      vertex 34.5197 204.666 0
      vertex 34.7066 204.601 10
      vertex 34.7066 204.601 0
    endloop
  endfacet
  facet normal 0.328481 0.94451 -0
    outer loop
      vertex 34.5197 204.666 0
      vertex 34.5197 204.666 10
      vertex 34.7066 204.601 10
    endloop
  endfacet
  facet normal 0.86875 0.495251 0
    outer loop
      vertex 34.1292 205.351 0
      vertex 34.5197 204.666 10
      vertex 34.5197 204.666 0
    endloop
  endfacet
  facet normal 0.86875 0.495251 -0
    outer loop
      vertex 34.1292 205.351 0
      vertex 34.1292 205.351 10
      vertex 34.5197 204.666 10
    endloop
  endfacet
  facet normal 0.512462 0.85871 0
    outer loop
      vertex 33.2964 205.848 0
      vertex 34.1292 205.351 10
      vertex 34.1292 205.351 0
    endloop
  endfacet
  facet normal 0.512462 0.85871 -0
    outer loop
      vertex 33.2964 205.848 0
      vertex 33.2964 205.848 10
      vertex 34.1292 205.351 10
    endloop
  endfacet
  facet normal -0.834945 0.550334 0
    outer loop
      vertex 32.3611 204.429 0
      vertex 33.2964 205.848 10
      vertex 33.2964 205.848 0
    endloop
  endfacet
  facet normal -0.834945 0.550334 0
    outer loop
      vertex 32.3611 204.429 0
      vertex 32.3611 204.429 10
      vertex 33.2964 205.848 10
    endloop
  endfacet
  facet normal -0.0419034 -0.999122 0
    outer loop
      vertex 34.0063 204.36 0
      vertex 32.3611 204.429 10
      vertex 32.3611 204.429 0
    endloop
  endfacet
  facet normal -0.0419034 -0.999122 0
    outer loop
      vertex 34.0063 204.36 0
      vertex 34.0063 204.36 10
      vertex 32.3611 204.429 10
    endloop
  endfacet
  facet normal -0.128789 -0.991672 0
    outer loop
      vertex 34.0294 204.357 0
      vertex 34.0063 204.36 10
      vertex 34.0063 204.36 0
    endloop
  endfacet
  facet normal -0.128789 -0.991672 0
    outer loop
      vertex 34.0294 204.357 0
      vertex 34.0294 204.357 10
      vertex 34.0063 204.36 10
    endloop
  endfacet
  facet normal -0.196116 -0.980581 0
    outer loop
      vertex 34.3294 204.297 0
      vertex 34.0294 204.357 10
      vertex 34.0294 204.357 0
    endloop
  endfacet
  facet normal -0.196116 -0.980581 0
    outer loop
      vertex 34.3294 204.297 0
      vertex 34.3294 204.297 10
      vertex 34.0294 204.357 10
    endloop
  endfacet
  facet normal -0.821482 -0.570234 0
    outer loop
      vertex 34.4481 204.126 0
      vertex 34.3294 204.297 10
      vertex 34.3294 204.297 0
    endloop
  endfacet
  facet normal -0.821482 -0.570234 0
    outer loop
      vertex 34.4481 204.126 0
      vertex 34.4481 204.126 10
      vertex 34.3294 204.297 10
    endloop
  endfacet
  facet normal -0.987441 0.157991 0
    outer loop
      vertex 34.4081 203.876 0
      vertex 34.4481 204.126 10
      vertex 34.4481 204.126 0
    endloop
  endfacet
  facet normal -0.987441 0.157991 0
    outer loop
      vertex 34.4081 203.876 0
      vertex 34.4081 203.876 10
      vertex 34.4481 204.126 10
    endloop
  endfacet
  facet normal -0.661361 0.750068 0
    outer loop
      vertex 34.2652 203.75 0
      vertex 34.4081 203.876 10
      vertex 34.4081 203.876 0
    endloop
  endfacet
  facet normal -0.661361 0.750068 0
    outer loop
      vertex 34.2652 203.75 0
      vertex 34.2652 203.75 10
      vertex 34.4081 203.876 10
    endloop
  endfacet
  facet normal -0.0346989 0.999398 0
    outer loop
      vertex 32.8539 203.701 0
      vertex 34.2652 203.75 10
      vertex 34.2652 203.75 0
    endloop
  endfacet
  facet normal -0.0346989 0.999398 0
    outer loop
      vertex 32.8539 203.701 0
      vertex 32.8539 203.701 10
      vertex 34.2652 203.75 10
    endloop
  endfacet
  facet normal -0.278999 0.960291 0
    outer loop
      vertex 31.4496 203.293 0
      vertex 32.8539 203.701 10
      vertex 32.8539 203.701 0
    endloop
  endfacet
  facet normal -0.278999 0.960291 0
    outer loop
      vertex 31.4496 203.293 0
      vertex 31.4496 203.293 10
      vertex 32.8539 203.701 10
    endloop
  endfacet
  facet normal -0.865231 0.501374 0
    outer loop
      vertex 30.9698 202.465 0
      vertex 31.4496 203.293 10
      vertex 31.4496 203.293 0
    endloop
  endfacet
  facet normal -0.865231 0.501374 0
    outer loop
      vertex 30.9698 202.465 0
      vertex 30.9698 202.465 10
      vertex 31.4496 203.293 10
    endloop
  endfacet
  facet normal -0.727174 0.686453 0
    outer loop
      vertex 30.9226 202.415 0
      vertex 30.9698 202.465 10
      vertex 30.9698 202.465 0
    endloop
  endfacet
  facet normal -0.727174 0.686453 0
    outer loop
      vertex 30.9226 202.415 0
      vertex 30.9226 202.415 10
      vertex 30.9698 202.465 10
    endloop
  endfacet
  facet normal -0.551416 0.834231 0
    outer loop
      vertex 30.5822 202.19 0
      vertex 30.9226 202.415 10
      vertex 30.9226 202.415 0
    endloop
  endfacet
  facet normal -0.551416 0.834231 0
    outer loop
      vertex 30.5822 202.19 0
      vertex 30.5822 202.19 10
      vertex 30.9226 202.415 10
    endloop
  endfacet
  facet normal -0.679611 -0.733572 0
    outer loop
      vertex 31.1219 201.69 0
      vertex 30.5822 202.19 10
      vertex 30.5822 202.19 0
    endloop
  endfacet
  facet normal -0.679611 -0.733572 0
    outer loop
      vertex 31.1219 201.69 0
      vertex 31.1219 201.69 10
      vertex 30.5822 202.19 10
    endloop
  endfacet
  facet normal -0.981014 -0.193935 0
    outer loop
      vertex 31.1561 201.517 0
      vertex 31.1219 201.69 10
      vertex 31.1219 201.69 0
    endloop
  endfacet
  facet normal -0.981014 -0.193935 0
    outer loop
      vertex 31.1561 201.517 0
      vertex 31.1561 201.517 10
      vertex 31.1219 201.69 10
    endloop
  endfacet
  facet normal -0.538597 0.842564 0
    outer loop
      vertex 31.02 201.43 0
      vertex 31.1561 201.517 10
      vertex 31.1561 201.517 0
    endloop
  endfacet
  facet normal -0.538597 0.842564 0
    outer loop
      vertex 31.02 201.43 0
      vertex 31.02 201.43 10
      vertex 31.1561 201.517 10
    endloop
  endfacet
  facet normal 0 1 0
    outer loop
      vertex 30.3302 201.43 0
      vertex 31.02 201.43 10
      vertex 31.02 201.43 0
    endloop
  endfacet
  facet normal 0 1 0
    outer loop
      vertex 30.3302 201.43 0
      vertex 30.3302 201.43 10
      vertex 31.02 201.43 10
    endloop
  endfacet
  facet normal -0.691164 0.722698 0
    outer loop
      vertex 29.4937 200.63 0
      vertex 30.3302 201.43 10
      vertex 30.3302 201.43 0
    endloop
  endfacet
  facet normal -0.691164 0.722698 0
    outer loop
      vertex 29.4937 200.63 0
      vertex 29.4937 200.63 10
      vertex 30.3302 201.43 10
    endloop
  endfacet
  facet normal -0.964568 0.263835 0
    outer loop
      vertex 29.192 199.527 0
      vertex 29.4937 200.63 10
      vertex 29.4937 200.63 0
    endloop
  endfacet
  facet normal -0.964568 0.263835 0
    outer loop
      vertex 29.192 199.527 0
      vertex 29.192 199.527 10
      vertex 29.4937 200.63 10
    endloop
  endfacet
  facet normal -0.995122 -0.0986469 0
    outer loop
      vertex 29.2832 198.607 0
      vertex 29.192 199.527 10
      vertex 29.192 199.527 0
    endloop
  endfacet
  facet normal -0.995122 -0.0986469 0
    outer loop
      vertex 29.2832 198.607 0
      vertex 29.2832 198.607 10
      vertex 29.192 199.527 10
    endloop
  endfacet
  facet normal 0.178471 -0.983945 0
    outer loop
      vertex 31.1632 198.948 0
      vertex 29.2832 198.607 10
      vertex 29.2832 198.607 0
    endloop
  endfacet
  facet normal 0.178471 -0.983945 0
    outer loop
      vertex 31.1632 198.948 0
      vertex 31.1632 198.948 10
      vertex 29.2832 198.607 10
    endloop
  endfacet
  facet normal -0.436079 -0.899908 0
    outer loop
      vertex 31.3221 198.871 0
      vertex 31.1632 198.948 10
      vertex 31.1632 198.948 0
    endloop
  endfacet
  facet normal -0.436079 -0.899908 0
    outer loop
      vertex 31.3221 198.871 0
      vertex 31.3221 198.871 10
      vertex 31.1632 198.948 10
    endloop
  endfacet
  facet normal -0.98048 0.19662 0
    outer loop
      vertex 31.2846 198.684 0
      vertex 31.3221 198.871 10
      vertex 31.3221 198.871 0
    endloop
  endfacet
  facet normal -0.98048 0.19662 0
    outer loop
      vertex 31.2846 198.684 0
      vertex 31.2846 198.684 10
      vertex 31.3221 198.871 10
    endloop
  endfacet
  facet normal -0.630593 0.776114 0
    outer loop
      vertex 30.4846 198.034 0
      vertex 31.2846 198.684 10
      vertex 31.2846 198.684 0
    endloop
  endfacet
  facet normal -0.630593 0.776114 0
    outer loop
      vertex 30.4846 198.034 0
      vertex 30.4846 198.034 10
      vertex 31.2846 198.684 10
    endloop
  endfacet
  facet normal -0.323935 0.946079 0
    outer loop
      vertex 30.3853 198 0
      vertex 30.4846 198.034 10
      vertex 30.4846 198.034 0
    endloop
  endfacet
  facet normal -0.323935 0.946079 0
    outer loop
      vertex 30.3853 198 0
      vertex 30.3853 198 10
      vertex 30.4846 198.034 10
    endloop
  endfacet
  facet normal 0.0309752 0.99952 0
    outer loop
      vertex 29.7722 198.019 0
      vertex 30.3853 198 10
      vertex 30.3853 198 0
    endloop
  endfacet
  facet normal 0.0309752 0.99952 -0
    outer loop
      vertex 29.7722 198.019 0
      vertex 29.7722 198.019 10
      vertex 30.3853 198 10
    endloop
  endfacet
  facet normal -0.318553 0.947905 0
    outer loop
      vertex 28.6474 197.641 0
      vertex 29.7722 198.019 10
      vertex 29.7722 198.019 0
    endloop
  endfacet
  facet normal -0.318553 0.947905 0
    outer loop
      vertex 28.6474 197.641 0
      vertex 28.6474 197.641 10
      vertex 29.7722 198.019 10
    endloop
  endfacet
  facet normal -0.82034 -0.571876 0
    outer loop
      vertex 29.0831 197.016 0
      vertex 28.6474 197.641 10
      vertex 28.6474 197.641 0
    endloop
  endfacet
  facet normal -0.82034 -0.571876 0
    outer loop
      vertex 29.0831 197.016 0
      vertex 29.0831 197.016 10
      vertex 28.6474 197.641 10
    endloop
  endfacet
  facet normal -0.999793 0.0203348 0
    outer loop
      vertex 29.0795 196.839 0
      vertex 29.0831 197.016 10
      vertex 29.0831 197.016 0
    endloop
  endfacet
  facet normal -0.999793 0.0203348 0
    outer loop
      vertex 29.0795 196.839 0
      vertex 29.0795 196.839 10
      vertex 29.0831 197.016 10
    endloop
  endfacet
  facet normal -0.46187 0.886947 0
    outer loop
      vertex 28.9662 196.78 0
      vertex 29.0795 196.839 10
      vertex 29.0795 196.839 0
    endloop
  endfacet
  facet normal -0.46187 0.886947 0
    outer loop
      vertex 28.9662 196.78 0
      vertex 28.9662 196.78 10
      vertex 29.0795 196.839 10
    endloop
  endfacet
  facet normal -0.0402994 0.999188 0
    outer loop
      vertex 28.5447 196.763 0
      vertex 28.9662 196.78 10
      vertex 28.9662 196.78 0
    endloop
  endfacet
  facet normal -0.0402994 0.999188 0
    outer loop
      vertex 28.5447 196.763 0
      vertex 28.5447 196.763 10
      vertex 28.9662 196.78 10
    endloop
  endfacet
  facet normal -0.707914 0.706298 0
    outer loop
      vertex 28.3262 196.544 0
      vertex 28.5447 196.763 10
      vertex 28.5447 196.763 0
    endloop
  endfacet
  facet normal -0.707914 0.706298 0
    outer loop
      vertex 28.3262 196.544 0
      vertex 28.3262 196.544 10
      vertex 28.5447 196.763 10
    endloop
  endfacet
  facet normal -0.917171 0.398495 0
    outer loop
      vertex 27.0914 193.702 0
      vertex 28.3262 196.544 10
      vertex 28.3262 196.544 0
    endloop
  endfacet
  facet normal -0.917171 0.398495 0
    outer loop
      vertex 27.0914 193.702 0
      vertex 27.0914 193.702 10
      vertex 28.3262 196.544 10
    endloop
  endfacet
  facet normal -0.999017 -0.0443368 0
    outer loop
      vertex 27.1068 193.355 0
      vertex 27.0914 193.702 10
      vertex 27.0914 193.702 0
    endloop
  endfacet
  facet normal -0.999017 -0.0443368 0
    outer loop
      vertex 27.1068 193.355 0
      vertex 27.1068 193.355 10
      vertex 27.0914 193.702 10
    endloop
  endfacet
  facet normal -0.621548 -0.783376 0
    outer loop
      vertex 27.5933 192.969 0
      vertex 27.1068 193.355 10
      vertex 27.1068 193.355 0
    endloop
  endfacet
  facet normal -0.621548 -0.783376 0
    outer loop
      vertex 27.5933 192.969 0
      vertex 27.5933 192.969 10
      vertex 27.1068 193.355 10
    endloop
  endfacet
  facet normal 0.59432 -0.804229 0
    outer loop
      vertex 28.6109 193.721 0
      vertex 27.5933 192.969 10
      vertex 27.5933 192.969 0
    endloop
  endfacet
  facet normal 0.59432 -0.804229 0
    outer loop
      vertex 28.6109 193.721 0
      vertex 28.6109 193.721 10
      vertex 27.5933 192.969 10
    endloop
  endfacet
  facet normal 0.00567206 -0.999984 0
    outer loop
      vertex 28.7872 193.722 0
      vertex 28.6109 193.721 10
      vertex 28.6109 193.721 0
    endloop
  endfacet
  facet normal 0.00567206 -0.999984 0
    outer loop
      vertex 28.7872 193.722 0
      vertex 28.7872 193.722 10
      vertex 28.6109 193.721 10
    endloop
  endfacet
  facet normal -0.978334 -0.207031 0
    outer loop
      vertex 28.8291 193.524 0
      vertex 28.7872 193.722 10
      vertex 28.7872 193.722 0
    endloop
  endfacet
  facet normal -0.978334 -0.207031 0
    outer loop
      vertex 28.8291 193.524 0
      vertex 28.8291 193.524 10
      vertex 28.7872 193.722 10
    endloop
  endfacet
  facet normal -0.860927 0.508729 0
    outer loop
      vertex 28.4391 192.864 0
      vertex 28.8291 193.524 10
      vertex 28.8291 193.524 0
    endloop
  endfacet
  facet normal -0.860927 0.508729 0
    outer loop
      vertex 28.4391 192.864 0
      vertex 28.4391 192.864 10
      vertex 28.8291 193.524 10
    endloop
  endfacet
  facet normal -0.819232 0.573462 0
    outer loop
      vertex 28.4251 192.844 0
      vertex 28.4391 192.864 10
      vertex 28.4391 192.864 0
    endloop
  endfacet
  facet normal -0.819232 0.573462 0
    outer loop
      vertex 28.4251 192.844 0
      vertex 28.4251 192.844 10
      vertex 28.4391 192.864 10
    endloop
  endfacet
  facet normal -0.767189 0.641421 0
    outer loop
      vertex 27.9151 192.234 0
      vertex 28.4251 192.844 10
      vertex 28.4251 192.844 0
    endloop
  endfacet
  facet normal -0.767189 0.641421 0
    outer loop
      vertex 27.9151 192.234 0
      vertex 27.9151 192.234 10
      vertex 28.4251 192.844 10
    endloop
  endfacet
  facet normal -0.491652 0.870792 0
    outer loop
      vertex 27.823 192.182 0
      vertex 27.9151 192.234 10
      vertex 27.9151 192.234 0
    endloop
  endfacet
  facet normal -0.491652 0.870792 0
    outer loop
      vertex 27.823 192.182 0
      vertex 27.823 192.182 10
      vertex 27.9151 192.234 10
    endloop
  endfacet
  facet normal -0.153707 0.988116 0
    outer loop
      vertex 27.373 192.112 0
      vertex 27.823 192.182 10
      vertex 27.823 192.182 0
    endloop
  endfacet
  facet normal -0.153707 0.988116 0
    outer loop
      vertex 27.373 192.112 0
      vertex 27.373 192.112 10
      vertex 27.823 192.182 10
    endloop
  endfacet
  facet normal 0.398271 0.917268 0
    outer loop
      vertex 27.2256 192.176 0
      vertex 27.373 192.112 10
      vertex 27.373 192.112 0
    endloop
  endfacet
  facet normal 0.398271 0.917268 -0
    outer loop
      vertex 27.2256 192.176 0
      vertex 27.2256 192.176 10
      vertex 27.373 192.112 10
    endloop
  endfacet
  facet normal 0.829539 0.558449 0
    outer loop
      vertex 26.9819 192.538 0
      vertex 27.2256 192.176 10
      vertex 27.2256 192.176 0
    endloop
  endfacet
  facet normal 0.829539 0.558449 -0
    outer loop
      vertex 26.9819 192.538 0
      vertex 26.9819 192.538 10
      vertex 27.2256 192.176 10
    endloop
  endfacet
  facet normal -0.583372 0.812205 0
    outer loop
      vertex 25.6328 191.569 0
      vertex 26.9819 192.538 10
      vertex 26.9819 192.538 0
    endloop
  endfacet
  facet normal -0.583372 0.812205 0
    outer loop
      vertex 25.6328 191.569 0
      vertex 25.6328 191.569 10
      vertex 26.9819 192.538 10
    endloop
  endfacet
  facet normal -0.766312 0.642468 0
    outer loop
      vertex 25.362 191.246 0
      vertex 25.6328 191.569 10
      vertex 25.6328 191.569 0
    endloop
  endfacet
  facet normal -0.766312 0.642468 0
    outer loop
      vertex 25.362 191.246 0
      vertex 25.362 191.246 10
      vertex 25.6328 191.569 10
    endloop
  endfacet
  facet normal -0.988666 0.150131 0
    outer loop
      vertex 25.2882 190.76 0
      vertex 25.362 191.246 10
      vertex 25.362 191.246 0
    endloop
  endfacet
  facet normal -0.988666 0.150131 0
    outer loop
      vertex 25.2882 190.76 0
      vertex 25.2882 190.76 10
      vertex 25.362 191.246 10
    endloop
  endfacet
  facet normal 0.382729 -0.923861 0
    outer loop
      vertex 25.7927 190.969 0
      vertex 25.2882 190.76 10
      vertex 25.2882 190.76 0
    endloop
  endfacet
  facet normal 0.382729 -0.923861 0
    outer loop
      vertex 25.7927 190.969 0
      vertex 25.7927 190.969 10
      vertex 25.2882 190.76 10
    endloop
  endfacet
  facet normal -0.238 -0.971265 0
    outer loop
      vertex 25.9641 190.927 0
      vertex 25.7927 190.969 10
      vertex 25.7927 190.969 0
    endloop
  endfacet
  facet normal -0.238 -0.971265 0
    outer loop
      vertex 25.9641 190.927 0
      vertex 25.9641 190.927 10
      vertex 25.7927 190.969 10
    endloop
  endfacet
  facet normal -0.99711 0.0759703 0
    outer loop
      vertex 25.9481 190.717 0
      vertex 25.9641 190.927 10
      vertex 25.9641 190.927 0
    endloop
  endfacet
  facet normal -0.99711 0.0759703 0
    outer loop
      vertex 25.9481 190.717 0
      vertex 25.9481 190.717 10
      vertex 25.9641 190.927 10
    endloop
  endfacet
  facet normal -0.654262 0.756268 0
    outer loop
      vertex 23.5912 188.678 0
      vertex 25.9481 190.717 10
      vertex 25.9481 190.717 0
    endloop
  endfacet
  facet normal -0.654262 0.756268 0
    outer loop
      vertex 23.5912 188.678 0
      vertex 23.5912 188.678 10
      vertex 25.9481 190.717 10
    endloop
  endfacet
  facet normal -0.809628 0.586944 0
    outer loop
      vertex 22.3682 186.991 0
      vertex 23.5912 188.678 10
      vertex 23.5912 188.678 0
    endloop
  endfacet
  facet normal -0.809628 0.586944 0
    outer loop
      vertex 22.3682 186.991 0
      vertex 22.3682 186.991 10
      vertex 23.5912 188.678 10
    endloop
  endfacet
  facet normal -0.889744 0.456459 0
    outer loop
      vertex 21.4976 185.294 0
      vertex 22.3682 186.991 10
      vertex 22.3682 186.991 0
    endloop
  endfacet
  facet normal -0.889744 0.456459 0
    outer loop
      vertex 21.4976 185.294 0
      vertex 21.4976 185.294 10
      vertex 22.3682 186.991 10
    endloop
  endfacet
  facet normal -0.0628253 -0.998025 0
    outer loop
      vertex 21.72 185.28 0
      vertex 21.4976 185.294 10
      vertex 21.4976 185.294 0
    endloop
  endfacet
  facet normal -0.0628253 -0.998025 0
    outer loop
      vertex 21.72 185.28 0
      vertex 21.72 185.28 10
      vertex 21.4976 185.294 10
    endloop
  endfacet
  facet normal -0.593747 -0.804651 0
    outer loop
      vertex 21.8501 185.184 0
      vertex 21.72 185.28 10
      vertex 21.72 185.28 0
    endloop
  endfacet
  facet normal -0.593747 -0.804651 0
    outer loop
      vertex 21.8501 185.184 0
      vertex 21.8501 185.184 10
      vertex 21.72 185.28 10
    endloop
  endfacet
  facet normal -0.934299 -0.356491 0
    outer loop
      vertex 22.1584 184.376 0
      vertex 21.8501 185.184 10
      vertex 21.8501 185.184 0
    endloop
  endfacet
  facet normal -0.934299 -0.356491 0
    outer loop
      vertex 22.1584 184.376 0
      vertex 22.1584 184.376 10
      vertex 21.8501 185.184 10
    endloop
  endfacet
  facet normal -0.135537 -0.990772 0
    outer loop
      vertex 22.3046 184.356 0
      vertex 22.1584 184.376 10
      vertex 22.1584 184.376 0
    endloop
  endfacet
  facet normal -0.135537 -0.990772 0
    outer loop
      vertex 22.3046 184.356 0
      vertex 22.3046 184.356 10
      vertex 22.1584 184.376 10
    endloop
  endfacet
  facet normal 0.549913 -0.835222 0
    outer loop
      vertex 24.1925 185.599 0
      vertex 22.3046 184.356 10
      vertex 22.3046 184.356 0
    endloop
  endfacet
  facet normal 0.549913 -0.835222 0
    outer loop
      vertex 24.1925 185.599 0
      vertex 24.1925 185.599 10
      vertex 22.3046 184.356 10
    endloop
  endfacet
  facet normal 0.828133 -0.560532 0
    outer loop
      vertex 24.3651 185.854 0
      vertex 24.1925 185.599 10
      vertex 24.1925 185.599 0
    endloop
  endfacet
  facet normal 0.828133 -0.560532 0
    outer loop
      vertex 24.3651 185.854 0
      vertex 24.3651 185.854 10
      vertex 24.1925 185.599 10
    endloop
  endfacet
  facet normal 0.793397 0.608705 0
    outer loop
      vertex 24.1311 186.159 0
      vertex 24.3651 185.854 10
      vertex 24.3651 185.854 0
    endloop
  endfacet
  facet normal 0.793397 0.608705 -0
    outer loop
      vertex 24.1311 186.159 0
      vertex 24.1311 186.159 10
      vertex 24.3651 185.854 10
    endloop
  endfacet
  facet normal 0.989677 -0.143316 0
    outer loop
      vertex 24.1618 186.371 0
      vertex 24.1311 186.159 10
      vertex 24.1311 186.159 0
    endloop
  endfacet
  facet normal 0.989677 -0.143316 0
    outer loop
      vertex 24.1618 186.371 0
      vertex 24.1618 186.371 10
      vertex 24.1311 186.159 10
    endloop
  endfacet
  facet normal 0.588172 -0.808736 0
    outer loop
      vertex 25.0418 187.011 0
      vertex 24.1618 186.371 10
      vertex 24.1618 186.371 0
    endloop
  endfacet
  facet normal 0.588172 -0.808736 0
    outer loop
      vertex 25.0418 187.011 0
      vertex 25.0418 187.011 10
      vertex 24.1618 186.371 10
    endloop
  endfacet
  facet normal 0.0114935 -0.999934 0
    outer loop
      vertex 25.2158 187.013 0
      vertex 25.0418 187.011 10
      vertex 25.0418 187.011 0
    endloop
  endfacet
  facet normal 0.0114935 -0.999934 0
    outer loop
      vertex 25.2158 187.013 0
      vertex 25.2158 187.013 10
      vertex 25.0418 187.011 10
    endloop
  endfacet
  facet normal -0.571793 -0.820398 0
    outer loop
      vertex 25.5458 186.783 0
      vertex 25.2158 187.013 10
      vertex 25.2158 187.013 0
    endloop
  endfacet
  facet normal -0.571793 -0.820398 0
    outer loop
      vertex 25.5458 186.783 0
      vertex 25.5458 186.783 10
      vertex 25.2158 187.013 10
    endloop
  endfacet
  facet normal -0.998991 -0.0449126 0
    outer loop
      vertex 25.5565 186.545 0
      vertex 25.5458 186.783 10
      vertex 25.5458 186.783 0
    endloop
  endfacet
  facet normal -0.998991 -0.0449126 0
    outer loop
      vertex 25.5565 186.545 0
      vertex 25.5565 186.545 10
      vertex 25.5458 186.783 10
    endloop
  endfacet
  facet normal -0.643654 0.765317 0
    outer loop
      vertex 25.0476 186.117 0
      vertex 25.5565 186.545 10
      vertex 25.5565 186.545 0
    endloop
  endfacet
  facet normal -0.643654 0.765317 0
    outer loop
      vertex 25.0476 186.117 0
      vertex 25.0476 186.117 10
      vertex 25.5565 186.545 10
    endloop
  endfacet
  facet normal -0.730473 -0.682941 0
    outer loop
      vertex 25.3795 185.762 0
      vertex 25.0476 186.117 10
      vertex 25.0476 186.117 0
    endloop
  endfacet
  facet normal -0.730473 -0.682941 0
    outer loop
      vertex 25.3795 185.762 0
      vertex 25.3795 185.762 10
      vertex 25.0476 186.117 10
    endloop
  endfacet
  facet normal -0.991528 0.129894 0
    outer loop
      vertex 25.3495 185.533 0
      vertex 25.3795 185.762 10
      vertex 25.3795 185.762 0
    endloop
  endfacet
  facet normal -0.991528 0.129894 0
    outer loop
      vertex 25.3495 185.533 0
      vertex 25.3495 185.533 10
      vertex 25.3795 185.762 10
    endloop
  endfacet
  facet normal -0.530111 0.847928 0
    outer loop
      vertex 23.9883 184.682 0
      vertex 25.3495 185.533 10
      vertex 25.3495 185.533 0
    endloop
  endfacet
  facet normal -0.530111 0.847928 0
    outer loop
      vertex 23.9883 184.682 0
      vertex 23.9883 184.682 10
      vertex 25.3495 185.533 10
    endloop
  endfacet
  facet normal -0.995265 -0.0971992 0
    outer loop
      vertex 24.0593 183.955 0
      vertex 23.9883 184.682 10
      vertex 23.9883 184.682 0
    endloop
  endfacet
  facet normal -0.995265 -0.0971992 0
    outer loop
      vertex 24.0593 183.955 0
      vertex 24.0593 183.955 10
      vertex 23.9883 184.682 10
    endloop
  endfacet
  facet normal -0.727086 0.686546 0
    outer loop
      vertex 23.9035 183.79 0
      vertex 24.0593 183.955 10
      vertex 24.0593 183.955 0
    endloop
  endfacet
  facet normal -0.727086 0.686546 0
    outer loop
      vertex 23.9035 183.79 0
      vertex 23.9035 183.79 10
      vertex 24.0593 183.955 10
    endloop
  endfacet
  facet normal 0.0427537 0.999086 0
    outer loop
      vertex 23.0155 183.828 0
      vertex 23.9035 183.79 10
      vertex 23.9035 183.79 0
    endloop
  endfacet
  facet normal 0.0427537 0.999086 -0
    outer loop
      vertex 23.0155 183.828 0
      vertex 23.0155 183.828 10
      vertex 23.9035 183.79 10
    endloop
  endfacet
  facet normal -0.480603 0.876938 0
    outer loop
      vertex 22.3422 183.459 0
      vertex 23.0155 183.828 10
      vertex 23.0155 183.828 0
    endloop
  endfacet
  facet normal -0.480603 0.876938 0
    outer loop
      vertex 22.3422 183.459 0
      vertex 22.3422 183.459 10
      vertex 23.0155 183.828 10
    endloop
  endfacet
  facet normal 0.251988 0.96773 0
    outer loop
      vertex 22.1425 183.511 0
      vertex 22.3422 183.459 10
      vertex 22.3422 183.459 0
    endloop
  endfacet
  facet normal 0.251988 0.96773 -0
    outer loop
      vertex 22.1425 183.511 0
      vertex 22.1425 183.511 10
      vertex 22.3422 183.459 10
    endloop
  endfacet
  facet normal 0.849651 0.527345 0
    outer loop
      vertex 21.4846 184.571 0
      vertex 22.1425 183.511 10
      vertex 22.1425 183.511 0
    endloop
  endfacet
  facet normal 0.849651 0.527345 -0
    outer loop
      vertex 21.4846 184.571 0
      vertex 21.4846 184.571 10
      vertex 22.1425 183.511 10
    endloop
  endfacet
  facet normal -0.309825 0.950794 0
    outer loop
      vertex 20.8156 184.353 0
      vertex 21.4846 184.571 10
      vertex 21.4846 184.571 0
    endloop
  endfacet
  facet normal -0.309825 0.950794 0
    outer loop
      vertex 20.8156 184.353 0
      vertex 20.8156 184.353 10
      vertex 21.4846 184.571 10
    endloop
  endfacet
  facet normal -0.829701 0.558207 0
    outer loop
      vertex 20.4745 183.846 0
      vertex 20.8156 184.353 10
      vertex 20.8156 184.353 0
    endloop
  endfacet
  facet normal -0.829701 0.558207 0
    outer loop
      vertex 20.4745 183.846 0
      vertex 20.4745 183.846 10
      vertex 20.8156 184.353 10
    endloop
  endfacet
  facet normal -0.0676413 0.99771 0
    outer loop
      vertex 20.2385 183.83 0
      vertex 20.4745 183.846 10
      vertex 20.4745 183.846 0
    endloop
  endfacet
  facet normal -0.0676413 0.99771 0
    outer loop
      vertex 20.2385 183.83 0
      vertex 20.2385 183.83 10
      vertex 20.4745 183.846 10
    endloop
  endfacet
  facet normal 0.743294 0.668965 0
    outer loop
      vertex 20.0585 184.03 0
      vertex 20.2385 183.83 10
      vertex 20.2385 183.83 0
    endloop
  endfacet
  facet normal 0.743294 0.668965 -0
    outer loop
      vertex 20.0585 184.03 0
      vertex 20.0585 184.03 10
      vertex 20.2385 183.83 10
    endloop
  endfacet
  facet normal 0.97317 0.230085 0
    outer loop
      vertex 20.0254 184.17 0
      vertex 20.0585 184.03 10
      vertex 20.0585 184.03 0
    endloop
  endfacet
  facet normal 0.97317 0.230085 -0
    outer loop
      vertex 20.0254 184.17 0
      vertex 20.0254 184.17 10
      vertex 20.0585 184.03 10
    endloop
  endfacet
  facet normal 0.963898 -0.266273 0
    outer loop
      vertex 20.1196 184.511 0
      vertex 20.0254 184.17 10
      vertex 20.0254 184.17 0
    endloop
  endfacet
  facet normal 0.963898 -0.266273 0
    outer loop
      vertex 20.1196 184.511 0
      vertex 20.1196 184.511 10
      vertex 20.0254 184.17 10
    endloop
  endfacet
  facet normal 0.370371 0.928884 0
    outer loop
      vertex 19.6481 184.699 0
      vertex 20.1196 184.511 10
      vertex 20.1196 184.511 0
    endloop
  endfacet
  facet normal 0.370371 0.928884 -0
    outer loop
      vertex 19.6481 184.699 0
      vertex 19.6481 184.699 10
      vertex 20.1196 184.511 10
    endloop
  endfacet
  facet normal -0.348528 0.937298 0
    outer loop
      vertex 19.1452 184.512 0
      vertex 19.6481 184.699 10
      vertex 19.6481 184.699 0
    endloop
  endfacet
  facet normal -0.348528 0.937298 0
    outer loop
      vertex 19.1452 184.512 0
      vertex 19.1452 184.512 10
      vertex 19.6481 184.699 10
    endloop
  endfacet
  facet normal -0.72844 0.685109 0
    outer loop
      vertex 18.7436 184.085 0
      vertex 19.1452 184.512 10
      vertex 19.1452 184.512 0
    endloop
  endfacet
  facet normal -0.72844 0.685109 0
    outer loop
      vertex 18.7436 184.085 0
      vertex 18.7436 184.085 10
      vertex 19.1452 184.512 10
    endloop
  endfacet
  facet normal -0.976305 -0.216398 0
    outer loop
      vertex 18.7651 183.988 0
      vertex 18.7436 184.085 10
      vertex 18.7436 184.085 0
    endloop
  endfacet
  facet normal -0.976305 -0.216398 0
    outer loop
      vertex 18.7651 183.988 0
      vertex 18.7651 183.988 10
      vertex 18.7436 184.085 10
    endloop
  endfacet
  facet normal -0.191599 -0.981473 0
    outer loop
      vertex 19.1288 183.917 0
      vertex 18.7651 183.988 10
      vertex 18.7651 183.988 0
    endloop
  endfacet
  facet normal -0.191599 -0.981473 0
    outer loop
      vertex 19.1288 183.917 0
      vertex 19.1288 183.917 10
      vertex 18.7651 183.988 10
    endloop
  endfacet
  facet normal -0.70134 -0.712827 0
    outer loop
      vertex 19.2467 183.801 0
      vertex 19.1288 183.917 10
      vertex 19.1288 183.917 0
    endloop
  endfacet
  facet normal -0.70134 -0.712827 0
    outer loop
      vertex 19.2467 183.801 0
      vertex 19.2467 183.801 10
      vertex 19.1288 183.917 10
    endloop
  endfacet
  facet normal -0.977802 -0.209529 0
    outer loop
      vertex 19.3367 183.381 0
      vertex 19.2467 183.801 10
      vertex 19.2467 183.801 0
    endloop
  endfacet
  facet normal -0.977802 -0.209529 0
    outer loop
      vertex 19.3367 183.381 0
      vertex 19.3367 183.381 10
      vertex 19.2467 183.801 10
    endloop
  endfacet
  facet normal -0.870741 0.491742 0
    outer loop
      vertex 19.239 183.208 0
      vertex 19.3367 183.381 10
      vertex 19.3367 183.381 0
    endloop
  endfacet
  facet normal -0.870741 0.491742 0
    outer loop
      vertex 19.239 183.208 0
      vertex 19.239 183.208 10
      vertex 19.3367 183.381 10
    endloop
  endfacet
  facet normal -0.326889 0.945063 0
    outer loop
      vertex 18.4931 182.95 0
      vertex 19.239 183.208 10
      vertex 19.239 183.208 0
    endloop
  endfacet
  facet normal -0.326889 0.945063 0
    outer loop
      vertex 18.4931 182.95 0
      vertex 18.4931 182.95 10
      vertex 19.239 183.208 10
    endloop
  endfacet
  facet normal -0.925135 0.379638 0
    outer loop
      vertex 18.299 182.477 0
      vertex 18.4931 182.95 10
      vertex 18.4931 182.95 0
    endloop
  endfacet
  facet normal -0.925135 0.379638 0
    outer loop
      vertex 18.299 182.477 0
      vertex 18.299 182.477 10
      vertex 18.4931 182.95 10
    endloop
  endfacet
  facet normal -0.832939 -0.553365 0
    outer loop
      vertex 19.2849 180.993 0
      vertex 18.299 182.477 10
      vertex 18.299 182.477 0
    endloop
  endfacet
  facet normal -0.832939 -0.553365 0
    outer loop
      vertex 19.2849 180.993 0
      vertex 19.2849 180.993 10
      vertex 18.299 182.477 10
    endloop
  endfacet
  facet normal -0.999141 0.0414416 0
    outer loop
      vertex 19.2776 180.817 0
      vertex 19.2849 180.993 10
      vertex 19.2849 180.993 0
    endloop
  endfacet
  facet normal -0.999141 0.0414416 0
    outer loop
      vertex 19.2776 180.817 0
      vertex 19.2776 180.817 10
      vertex 19.2849 180.993 10
    endloop
  endfacet
  facet normal -0.0487226 0.998812 0
    outer loop
      vertex 19.0521 180.806 0
      vertex 19.2776 180.817 10
      vertex 19.2776 180.817 0
    endloop
  endfacet
  facet normal -0.0487226 0.998812 0
    outer loop
      vertex 19.0521 180.806 0
      vertex 19.0521 180.806 10
      vertex 19.2776 180.817 10
    endloop
  endfacet
  facet normal 0.718885 0.695129 0
    outer loop
      vertex 17.9343 181.962 0
      vertex 19.0521 180.806 10
      vertex 19.0521 180.806 0
    endloop
  endfacet
  facet normal 0.718885 0.695129 -0
    outer loop
      vertex 17.9343 181.962 0
      vertex 17.9343 181.962 10
      vertex 19.0521 180.806 10
    endloop
  endfacet
  facet normal 0.0346948 0.999398 0
    outer loop
      vertex 16.8685 181.999 0
      vertex 17.9343 181.962 10
      vertex 17.9343 181.962 0
    endloop
  endfacet
  facet normal 0.0346948 0.999398 -0
    outer loop
      vertex 16.8685 181.999 0
      vertex 16.8685 181.999 10
      vertex 17.9343 181.962 10
    endloop
  endfacet
  facet normal -0.507586 0.861601 0
    outer loop
      vertex 15.5377 181.215 0
      vertex 16.8685 181.999 10
      vertex 16.8685 181.999 0
    endloop
  endfacet
  facet normal -0.507586 0.861601 0
    outer loop
      vertex 15.5377 181.215 0
      vertex 15.5377 181.215 10
      vertex 16.8685 181.999 10
    endloop
  endfacet
  facet normal -0.914814 0.403875 0
    outer loop
      vertex 15.2163 180.487 0
      vertex 15.5377 181.215 10
      vertex 15.5377 181.215 0
    endloop
  endfacet
  facet normal -0.914814 0.403875 0
    outer loop
      vertex 15.2163 180.487 0
      vertex 15.2163 180.487 10
      vertex 15.5377 181.215 10
    endloop
  endfacet
  facet normal 0.140527 -0.990077 0
    outer loop
      vertex 16.0688 180.608 0
      vertex 15.2163 180.487 10
      vertex 15.2163 180.487 0
    endloop
  endfacet
  facet normal 0.140527 -0.990077 0
    outer loop
      vertex 16.0688 180.608 0
      vertex 16.0688 180.608 10
      vertex 15.2163 180.487 10
    endloop
  endfacet
  facet normal -0.170442 -0.985368 0
    outer loop
      vertex 16.1613 180.592 0
      vertex 16.0688 180.608 10
      vertex 16.0688 180.608 0
    endloop
  endfacet
  facet normal -0.170442 -0.985368 0
    outer loop
      vertex 16.1613 180.592 0
      vertex 16.1613 180.592 10
      vertex 16.0688 180.608 10
    endloop
  endfacet
  facet normal -0.475288 -0.87983 0
    outer loop
      vertex 16.4834 180.418 0
      vertex 16.1613 180.592 10
      vertex 16.1613 180.592 0
    endloop
  endfacet
  facet normal -0.475288 -0.87983 0
    outer loop
      vertex 16.4834 180.418 0
      vertex 16.4834 180.418 10
      vertex 16.1613 180.592 10
    endloop
  endfacet
  facet normal 0.20003 -0.97979 0
    outer loop
      vertex 17.85 180.697 0
      vertex 16.4834 180.418 10
      vertex 16.4834 180.418 0
    endloop
  endfacet
  facet normal 0.20003 -0.97979 0
    outer loop
      vertex 17.85 180.697 0
      vertex 17.85 180.697 10
      vertex 16.4834 180.418 10
    endloop
  endfacet
  facet normal -0.410792 -0.911729 0
    outer loop
      vertex 18.0098 180.625 0
      vertex 17.85 180.697 10
      vertex 17.85 180.697 0
    endloop
  endfacet
  facet normal -0.410792 -0.911729 0
    outer loop
      vertex 18.0098 180.625 0
      vertex 18.0098 180.625 10
      vertex 17.85 180.697 10
    endloop
  endfacet
  facet normal -0.865426 -0.501036 0
    outer loop
      vertex 18.1198 180.435 0
      vertex 18.0098 180.625 10
      vertex 18.0098 180.625 0
    endloop
  endfacet
  facet normal -0.865426 -0.501036 0
    outer loop
      vertex 18.1198 180.435 0
      vertex 18.1198 180.435 10
      vertex 18.0098 180.625 10
    endloop
  endfacet
  facet normal -0.917808 0.397025 0
    outer loop
      vertex 18.0242 180.214 0
      vertex 18.1198 180.435 10
      vertex 18.1198 180.435 0
    endloop
  endfacet
  facet normal -0.917808 0.397025 0
    outer loop
      vertex 18.0242 180.214 0
      vertex 18.0242 180.214 10
      vertex 18.1198 180.435 10
    endloop
  endfacet
  facet normal -0.227956 0.973672 0
    outer loop
      vertex 16.8923 179.949 0
      vertex 18.0242 180.214 10
      vertex 18.0242 180.214 0
    endloop
  endfacet
  facet normal -0.227956 0.973672 0
    outer loop
      vertex 16.8923 179.949 0
      vertex 16.8923 179.949 10
      vertex 18.0242 180.214 10
    endloop
  endfacet
  facet normal -0.997755 0.0669726 0
    outer loop
      vertex 16.8874 179.876 0
      vertex 16.8923 179.949 10
      vertex 16.8923 179.949 0
    endloop
  endfacet
  facet normal -0.997755 0.0669726 0
    outer loop
      vertex 16.8874 179.876 0
      vertex 16.8874 179.876 10
      vertex 16.8923 179.949 10
    endloop
  endfacet
  facet normal -0.318502 -0.947922 0
    outer loop
      vertex 17.1374 179.792 0
      vertex 16.8874 179.876 10
      vertex 16.8874 179.876 0
    endloop
  endfacet
  facet normal -0.318502 -0.947922 0
    outer loop
      vertex 17.1374 179.792 0
      vertex 17.1374 179.792 10
      vertex 16.8874 179.876 10
    endloop
  endfacet
  facet normal -0.812503 -0.582957 0
    outer loop
      vertex 17.24 179.649 0
      vertex 17.1374 179.792 10
      vertex 17.1374 179.792 0
    endloop
  endfacet
  facet normal -0.812503 -0.582957 0
    outer loop
      vertex 17.24 179.649 0
      vertex 17.24 179.649 10
      vertex 17.1374 179.792 10
    endloop
  endfacet
  facet normal -0.88038 0.474269 0
    outer loop
      vertex 17.1732 179.525 0
      vertex 17.24 179.649 10
      vertex 17.24 179.649 0
    endloop
  endfacet
  facet normal -0.88038 0.474269 0
    outer loop
      vertex 17.1732 179.525 0
      vertex 17.1732 179.525 10
      vertex 17.24 179.649 10
    endloop
  endfacet
  facet normal -0.5547 0.83205 0
    outer loop
      vertex 16.9032 179.345 0
      vertex 17.1732 179.525 10
      vertex 17.1732 179.525 0
    endloop
  endfacet
  facet normal -0.5547 0.83205 0
    outer loop
      vertex 16.9032 179.345 0
      vertex 16.9032 179.345 10
      vertex 17.1732 179.525 10
    endloop
  endfacet
  facet normal -0.151578 0.988445 0
    outer loop
      vertex 16.7793 179.326 0
      vertex 16.9032 179.345 10
      vertex 16.9032 179.345 0
    endloop
  endfacet
  facet normal -0.151578 0.988445 0
    outer loop
      vertex 16.7793 179.326 0
      vertex 16.7793 179.326 10
      vertex 16.9032 179.345 10
    endloop
  endfacet
  facet normal 0.270844 0.962623 0
    outer loop
      vertex 15.4536 179.699 0
      vertex 16.7793 179.326 10
      vertex 16.7793 179.326 0
    endloop
  endfacet
  facet normal 0.270844 0.962623 -0
    outer loop
      vertex 15.4536 179.699 0
      vertex 15.4536 179.699 10
      vertex 16.7793 179.326 10
    endloop
  endfacet
  facet normal -0.0596962 0.998217 0
    outer loop
      vertex 14.2162 179.625 0
      vertex 15.4536 179.699 10
      vertex 15.4536 179.699 0
    endloop
  endfacet
  facet normal -0.0596962 0.998217 0
    outer loop
      vertex 14.2162 179.625 0
      vertex 14.2162 179.625 10
      vertex 15.4536 179.699 10
    endloop
  endfacet
  facet normal -0.897898 0.440203 0
    outer loop
      vertex 13.9142 179.009 0
      vertex 14.2162 179.625 10
      vertex 14.2162 179.625 0
    endloop
  endfacet
  facet normal -0.897898 0.440203 0
    outer loop
      vertex 13.9142 179.009 0
      vertex 13.9142 179.009 10
      vertex 14.2162 179.625 10
    endloop
  endfacet
  facet normal 0.22924 -0.97337 0
    outer loop
      vertex 14.8356 179.226 0
      vertex 13.9142 179.009 10
      vertex 13.9142 179.009 0
    endloop
  endfacet
  facet normal 0.22924 -0.97337 0
    outer loop
      vertex 14.8356 179.226 0
      vertex 14.8356 179.226 10
      vertex 13.9142 179.009 10
    endloop
  endfacet
  facet normal -0.385824 -0.922573 0
    outer loop
      vertex 14.9982 179.158 0
      vertex 14.8356 179.226 10
      vertex 14.8356 179.226 0
    endloop
  endfacet
  facet normal -0.385824 -0.922573 0
    outer loop
      vertex 14.9982 179.158 0
      vertex 14.9982 179.158 10
      vertex 14.8356 179.226 10
    endloop
  endfacet
  facet normal -0.996577 0.0826706 0
    outer loop
      vertex 14.9836 178.982 0
      vertex 14.9982 179.158 10
      vertex 14.9982 179.158 0
    endloop
  endfacet
  facet normal -0.996577 0.0826706 0
    outer loop
      vertex 14.9836 178.982 0
      vertex 14.9836 178.982 10
      vertex 14.9982 179.158 10
    endloop
  endfacet
  facet normal -0.75741 0.65294 0
    outer loop
      vertex 14.7336 178.692 0
      vertex 14.9836 178.982 10
      vertex 14.9836 178.982 0
    endloop
  endfacet
  facet normal -0.75741 0.65294 0
    outer loop
      vertex 14.7336 178.692 0
      vertex 14.7336 178.692 10
      vertex 14.9836 178.982 10
    endloop
  endfacet
  facet normal -0.524585 0.851358 0
    outer loop
      vertex 14.6557 178.644 0
      vertex 14.7336 178.692 10
      vertex 14.7336 178.692 0
    endloop
  endfacet
  facet normal -0.524585 0.851358 0
    outer loop
      vertex 14.6557 178.644 0
      vertex 14.6557 178.644 10
      vertex 14.7336 178.692 10
    endloop
  endfacet
  facet normal -0.238379 0.971172 0
    outer loop
      vertex 13.5557 178.374 0
      vertex 14.6557 178.644 10
      vertex 14.6557 178.644 0
    endloop
  endfacet
  facet normal -0.238379 0.971172 0
    outer loop
      vertex 13.5557 178.374 0
      vertex 13.5557 178.374 10
      vertex 14.6557 178.644 10
    endloop
  endfacet
  facet normal 0.219332 0.97565 0
    outer loop
      vertex 13.4267 178.403 0
      vertex 13.5557 178.374 10
      vertex 13.5557 178.374 0
    endloop
  endfacet
  facet normal 0.219332 0.97565 -0
    outer loop
      vertex 13.4267 178.403 0
      vertex 13.4267 178.403 10
      vertex 13.5557 178.374 10
    endloop
  endfacet
  facet normal 0.621905 0.783093 0
    outer loop
      vertex 13.1182 178.648 0
      vertex 13.4267 178.403 10
      vertex 13.4267 178.403 0
    endloop
  endfacet
  facet normal 0.621905 0.783093 -0
    outer loop
      vertex 13.1182 178.648 0
      vertex 13.1182 178.648 10
      vertex 13.4267 178.403 10
    endloop
  endfacet
  facet normal -0.515765 0.85673 0
    outer loop
      vertex 12.4139 178.224 0
      vertex 13.1182 178.648 10
      vertex 13.1182 178.648 0
    endloop
  endfacet
  facet normal -0.515765 0.85673 0
    outer loop
      vertex 12.4139 178.224 0
      vertex 12.4139 178.224 10
      vertex 13.1182 178.648 10
    endloop
  endfacet
  facet normal -0.889696 0.456554 0
    outer loop
      vertex 12.0434 177.502 0
      vertex 12.4139 178.224 10
      vertex 12.4139 178.224 0
    endloop
  endfacet
  facet normal -0.889696 0.456554 0
    outer loop
      vertex 12.0434 177.502 0
      vertex 12.0434 177.502 10
      vertex 12.4139 178.224 10
    endloop
  endfacet
  facet normal -0.243787 0.969829 0
    outer loop
      vertex 11.8246 177.447 0
      vertex 12.0434 177.502 10
      vertex 12.0434 177.502 0
    endloop
  endfacet
  facet normal -0.243787 0.969829 0
    outer loop
      vertex 11.8246 177.447 0
      vertex 11.8246 177.447 10
      vertex 12.0434 177.502 10
    endloop
  endfacet
  facet normal 0.568273 0.82284 0
    outer loop
      vertex 11.6465 177.57 0
      vertex 11.8246 177.447 10
      vertex 11.8246 177.447 0
    endloop
  endfacet
  facet normal 0.568273 0.82284 -0
    outer loop
      vertex 11.6465 177.57 0
      vertex 11.6465 177.57 10
      vertex 11.8246 177.447 10
    endloop
  endfacet
  facet normal -0.535281 0.844674 0
    outer loop
      vertex 11.5676 177.52 0
      vertex 11.6465 177.57 10
      vertex 11.6465 177.57 0
    endloop
  endfacet
  facet normal -0.535281 0.844674 0
    outer loop
      vertex 11.5676 177.52 0
      vertex 11.5676 177.52 10
      vertex 11.6465 177.57 10
    endloop
  endfacet
  facet normal -0.987627 0.156823 0
    outer loop
      vertex 11.489 177.025 0
      vertex 11.5676 177.52 10
      vertex 11.5676 177.52 0
    endloop
  endfacet
  facet normal -0.987627 0.156823 0
    outer loop
      vertex 11.489 177.025 0
      vertex 11.489 177.025 10
      vertex 11.5676 177.52 10
    endloop
  endfacet
  facet normal -0.758229 -0.651988 0
    outer loop
      vertex 11.7805 176.686 0
      vertex 11.489 177.025 10
      vertex 11.489 177.025 0
    endloop
  endfacet
  facet normal -0.758229 -0.651988 0
    outer loop
      vertex 11.7805 176.686 0
      vertex 11.7805 176.686 10
      vertex 11.489 177.025 10
    endloop
  endfacet
  facet normal -0.203743 -0.979024 0
    outer loop
      vertex 13.6305 176.301 0
      vertex 11.7805 176.686 10
      vertex 11.7805 176.686 0
    endloop
  endfacet
  facet normal -0.203743 -0.979024 0
    outer loop
      vertex 13.6305 176.301 0
      vertex 13.6305 176.301 10
      vertex 11.7805 176.686 10
    endloop
  endfacet
  facet normal 0.067302 -0.997733 0
    outer loop
      vertex 14.9499 176.39 0
      vertex 13.6305 176.301 10
      vertex 13.6305 176.301 0
    endloop
  endfacet
  facet normal 0.067302 -0.997733 0
    outer loop
      vertex 14.9499 176.39 0
      vertex 14.9499 176.39 10
      vertex 13.6305 176.301 10
    endloop
  endfacet
  facet normal -0.532798 -0.846242 0
    outer loop
      vertex 15.0992 176.296 0
      vertex 14.9499 176.39 10
      vertex 14.9499 176.39 0
    endloop
  endfacet
  facet normal -0.532798 -0.846242 0
    outer loop
      vertex 15.0992 176.296 0
      vertex 15.0992 176.296 10
      vertex 14.9499 176.39 10
    endloop
  endfacet
  facet normal -0.889978 0.456004 0
    outer loop
      vertex 14.9957 176.094 0
      vertex 15.0992 176.296 10
      vertex 15.0992 176.296 0
    endloop
  endfacet
  facet normal -0.889978 0.456004 0
    outer loop
      vertex 14.9957 176.094 0
      vertex 14.9957 176.094 10
      vertex 15.0992 176.296 10
    endloop
  endfacet
  facet normal -0.238222 0.971211 0
    outer loop
      vertex 13.4057 175.704 0
      vertex 14.9957 176.094 10
      vertex 14.9957 176.094 0
    endloop
  endfacet
  facet normal -0.238222 0.971211 0
    outer loop
      vertex 13.4057 175.704 0
      vertex 13.4057 175.704 10
      vertex 14.9957 176.094 10
    endloop
  endfacet
  facet normal 0.0851596 0.996367 0
    outer loop
      vertex 13.3121 175.712 0
      vertex 13.4057 175.704 10
      vertex 13.4057 175.704 0
    endloop
  endfacet
  facet normal 0.0851596 0.996367 -0
    outer loop
      vertex 13.3121 175.712 0
      vertex 13.3121 175.712 10
      vertex 13.4057 175.704 10
    endloop
  endfacet
  facet normal 0.385471 0.92272 0
    outer loop
      vertex 12.1248 176.208 0
      vertex 13.3121 175.712 10
      vertex 13.3121 175.712 0
    endloop
  endfacet
  facet normal 0.385471 0.92272 -0
    outer loop
      vertex 12.1248 176.208 0
      vertex 12.1248 176.208 10
      vertex 13.3121 175.712 10
    endloop
  endfacet
  facet normal -0.0667405 0.99777 0
    outer loop
      vertex 11.1082 176.14 0
      vertex 12.1248 176.208 10
      vertex 12.1248 176.208 0
    endloop
  endfacet
  facet normal -0.0667405 0.99777 0
    outer loop
      vertex 11.1082 176.14 0
      vertex 11.1082 176.14 10
      vertex 12.1248 176.208 10
    endloop
  endfacet
  facet normal -0.999921 0.012604 0
    outer loop
      vertex 11.1007 175.545 0
      vertex 11.1082 176.14 10
      vertex 11.1082 176.14 0
    endloop
  endfacet
  facet normal -0.999921 0.012604 0
    outer loop
      vertex 11.1007 175.545 0
      vertex 11.1007 175.545 10
      vertex 11.1082 176.14 10
    endloop
  endfacet
  facet normal -0.755739 -0.654873 0
    outer loop
      vertex 11.9733 174.538 0
      vertex 11.1007 175.545 10
      vertex 11.1007 175.545 0
    endloop
  endfacet
  facet normal -0.755739 -0.654873 0
    outer loop
      vertex 11.9733 174.538 0
      vertex 11.9733 174.538 10
      vertex 11.1007 175.545 10
    endloop
  endfacet
  facet normal -0.996298 -0.0859663 0
    outer loop
      vertex 11.9884 174.363 0
      vertex 11.9733 174.538 10
      vertex 11.9733 174.538 0
    endloop
  endfacet
  facet normal -0.996298 -0.0859663 0
    outer loop
      vertex 11.9884 174.363 0
      vertex 11.9884 174.363 10
      vertex 11.9733 174.538 10
    endloop
  endfacet
  facet normal -0.628697 0.77765 0
    outer loop
      vertex 11.908 174.298 0
      vertex 11.9884 174.363 10
      vertex 11.9884 174.363 0
    endloop
  endfacet
  facet normal -0.628697 0.77765 0
    outer loop
      vertex 11.908 174.298 0
      vertex 11.908 174.298 10
      vertex 11.9884 174.363 10
    endloop
  endfacet
  facet normal -0.320571 0.947225 0
    outer loop
      vertex 11.2934 174.09 0
      vertex 11.908 174.298 10
      vertex 11.908 174.298 0
    endloop
  endfacet
  facet normal -0.320571 0.947225 0
    outer loop
      vertex 11.2934 174.09 0
      vertex 11.2934 174.09 10
      vertex 11.908 174.298 10
    endloop
  endfacet
  facet normal -0.979886 -0.19956 0
    outer loop
      vertex 11.4828 173.16 0
      vertex 11.2934 174.09 10
      vertex 11.2934 174.09 0
    endloop
  endfacet
  facet normal -0.979886 -0.19956 0
    outer loop
      vertex 11.4828 173.16 0
      vertex 11.4828 173.16 10
      vertex 11.2934 174.09 10
    endloop
  endfacet
  facet normal -0.466196 -0.884682 0
    outer loop
      vertex 12.1318 172.818 0
      vertex 11.4828 173.16 10
      vertex 11.4828 173.16 0
    endloop
  endfacet
  facet normal -0.466196 -0.884682 0
    outer loop
      vertex 12.1318 172.818 0
      vertex 12.1318 172.818 10
      vertex 11.4828 173.16 10
    endloop
  endfacet
  facet normal 0.208298 -0.978065 0
    outer loop
      vertex 13.4888 173.107 0
      vertex 12.1318 172.818 10
      vertex 12.1318 172.818 0
    endloop
  endfacet
  facet normal 0.208298 -0.978065 0
    outer loop
      vertex 13.4888 173.107 0
      vertex 13.4888 173.107 10
      vertex 12.1318 172.818 10
    endloop
  endfacet
  facet normal -0.0156231 -0.999878 0
    outer loop
      vertex 13.5528 173.106 0
      vertex 13.4888 173.107 10
      vertex 13.4888 173.107 0
    endloop
  endfacet
  facet normal -0.0156231 -0.999878 0
    outer loop
      vertex 13.5528 173.106 0
      vertex 13.5528 173.106 10
      vertex 13.4888 173.107 10
    endloop
  endfacet
  facet normal -0.217656 -0.976025 0
    outer loop
      vertex 14.1223 172.979 0
      vertex 13.5528 173.106 10
      vertex 13.5528 173.106 0
    endloop
  endfacet
  facet normal -0.217656 -0.976025 0
    outer loop
      vertex 14.1223 172.979 0
      vertex 14.1223 172.979 10
      vertex 13.5528 173.106 10
    endloop
  endfacet
  facet normal 0.831909 -0.554912 0
    outer loop
      vertex 14.5452 173.613 0
      vertex 14.1223 172.979 10
      vertex 14.1223 172.979 0
    endloop
  endfacet
  facet normal 0.831909 -0.554912 0
    outer loop
      vertex 14.5452 173.613 0
      vertex 14.5452 173.613 10
      vertex 14.1223 172.979 10
    endloop
  endfacet
  facet normal 0.346021 -0.938227 0
    outer loop
      vertex 14.7106 173.674 0
      vertex 14.5452 173.613 10
      vertex 14.5452 173.613 0
    endloop
  endfacet
  facet normal 0.346021 -0.938227 0
    outer loop
      vertex 14.7106 173.674 0
      vertex 14.7106 173.674 10
      vertex 14.5452 173.613 10
    endloop
  endfacet
  facet normal -0.697278 -0.716801 0
    outer loop
      vertex 14.8134 173.574 0
      vertex 14.7106 173.674 10
      vertex 14.7106 173.674 0
    endloop
  endfacet
  facet normal -0.697278 -0.716801 0
    outer loop
      vertex 14.8134 173.574 0
      vertex 14.8134 173.574 10
      vertex 14.7106 173.674 10
    endloop
  endfacet
  facet normal -0.955696 -0.294354 0
    outer loop
      vertex 14.9058 173.274 0
      vertex 14.8134 173.574 10
      vertex 14.8134 173.574 0
    endloop
  endfacet
  facet normal -0.955696 -0.294354 0
    outer loop
      vertex 14.9058 173.274 0
      vertex 14.9058 173.274 10
      vertex 14.8134 173.574 10
    endloop
  endfacet
  facet normal -0.155407 -0.98785 0
    outer loop
      vertex 15.9292 173.113 0
      vertex 14.9058 173.274 10
      vertex 14.9058 173.274 0
    endloop
  endfacet
  facet normal -0.155407 -0.98785 0
    outer loop
      vertex 15.9292 173.113 0
      vertex 15.9292 173.113 10
      vertex 14.9058 173.274 10
    endloop
  endfacet
  facet normal 0.299308 -0.954157 0
    outer loop
      vertex 16.0344 173.146 0
      vertex 15.9292 173.113 10
      vertex 15.9292 173.113 0
    endloop
  endfacet
  facet normal 0.299308 -0.954157 0
    outer loop
      vertex 16.0344 173.146 0
      vertex 16.0344 173.146 10
      vertex 15.9292 173.113 10
    endloop
  endfacet
  facet normal 0.990815 -0.135226 0
    outer loop
      vertex 16.1414 173.93 0
      vertex 16.0344 173.146 10
      vertex 16.0344 173.146 0
    endloop
  endfacet
  facet normal 0.990815 -0.135226 0
    outer loop
      vertex 16.1414 173.93 0
      vertex 16.1414 173.93 10
      vertex 16.0344 173.146 10
    endloop
  endfacet
  facet normal 0.912359 -0.409392 0
    outer loop
      vertex 16.1764 174.008 0
      vertex 16.1414 173.93 10
      vertex 16.1414 173.93 0
    endloop
  endfacet
  facet normal 0.912359 -0.409392 0
    outer loop
      vertex 16.1764 174.008 0
      vertex 16.1764 174.008 10
      vertex 16.1414 173.93 10
    endloop
  endfacet
  facet normal 0.75741 -0.65294 0
    outer loop
      vertex 16.4264 174.298 0
      vertex 16.1764 174.008 10
      vertex 16.1764 174.008 0
    endloop
  endfacet
  facet normal 0.75741 -0.65294 0
    outer loop
      vertex 16.4264 174.298 0
      vertex 16.4264 174.298 10
      vertex 16.1764 174.008 10
    endloop
  endfacet
  facet normal 0.227014 -0.973891 0
    outer loop
      vertex 16.598 174.338 0
      vertex 16.4264 174.298 10
      vertex 16.4264 174.298 0
    endloop
  endfacet
  facet normal 0.227014 -0.973891 0
    outer loop
      vertex 16.598 174.338 0
      vertex 16.598 174.338 10
      vertex 16.4264 174.298 10
    endloop
  endfacet
  facet normal -0.911187 -0.411994 0
    outer loop
      vertex 16.6821 174.152 0
      vertex 16.598 174.338 10
      vertex 16.598 174.338 0
    endloop
  endfacet
  facet normal -0.911187 -0.411994 0
    outer loop
      vertex 16.6821 174.152 0
      vertex 16.6821 174.152 10
      vertex 16.598 174.338 10
    endloop
  endfacet
  facet normal -0.947065 0.321042 0
    outer loop
      vertex 16.4882 173.58 0
      vertex 16.6821 174.152 10
      vertex 16.6821 174.152 0
    endloop
  endfacet
  facet normal -0.947065 0.321042 0
    outer loop
      vertex 16.4882 173.58 0
      vertex 16.4882 173.58 10
      vertex 16.6821 174.152 10
    endloop
  endfacet
  facet normal -0.948895 -0.315592 0
    outer loop
      vertex 16.5627 173.356 0
      vertex 16.4882 173.58 10
      vertex 16.4882 173.58 0
    endloop
  endfacet
  facet normal -0.948895 -0.315592 0
    outer loop
      vertex 16.5627 173.356 0
      vertex 16.5627 173.356 10
      vertex 16.4882 173.58 10
    endloop
  endfacet
  facet normal -0.13049 -0.99145 0
    outer loop
      vertex 16.9198 173.309 0
      vertex 16.5627 173.356 10
      vertex 16.5627 173.356 0
    endloop
  endfacet
  facet normal -0.13049 -0.99145 0
    outer loop
      vertex 16.9198 173.309 0
      vertex 16.9198 173.309 10
      vertex 16.5627 173.356 10
    endloop
  endfacet
  facet normal -0.690785 -0.72306 0
    outer loop
      vertex 17.0475 173.187 0
      vertex 16.9198 173.309 10
      vertex 16.9198 173.309 0
    endloop
  endfacet
  facet normal -0.690785 -0.72306 0
    outer loop
      vertex 17.0475 173.187 0
      vertex 17.0475 173.187 10
      vertex 16.9198 173.309 10
    endloop
  endfacet
  facet normal -0.882278 0.470728 0
    outer loop
      vertex 16.96 173.023 0
      vertex 17.0475 173.187 10
      vertex 17.0475 173.187 0
    endloop
  endfacet
  facet normal -0.882278 0.470728 0
    outer loop
      vertex 16.96 173.023 0
      vertex 16.96 173.023 10
      vertex 17.0475 173.187 10
    endloop
  endfacet
  facet normal -0.400244 0.916409 0
    outer loop
      vertex 15.79 172.512 0
      vertex 16.96 173.023 10
      vertex 16.96 173.023 0
    endloop
  endfacet
  facet normal -0.400244 0.916409 0
    outer loop
      vertex 15.79 172.512 0
      vertex 15.79 172.512 10
      vertex 16.96 173.023 10
    endloop
  endfacet
  facet normal -1 0 0
    outer loop
      vertex 15.79 171.98 0
      vertex 15.79 172.512 10
      vertex 15.79 172.512 0
    endloop
  endfacet
  facet normal -1 0 0
    outer loop
      vertex 15.79 171.98 0
      vertex 15.79 171.98 10
      vertex 15.79 172.512 10
    endloop
  endfacet
  facet normal -0.809812 0.586689 0
    outer loop
      vertex 15.6864 171.837 0
      vertex 15.79 171.98 10
      vertex 15.79 171.98 0
    endloop
  endfacet
  facet normal -0.809812 0.586689 0
    outer loop
      vertex 15.6864 171.837 0
      vertex 15.6864 171.837 10
      vertex 15.79 171.98 10
    endloop
  endfacet
  facet normal 0.330743 0.943721 0
    outer loop
      vertex 15.5152 171.897 0
      vertex 15.6864 171.837 10
      vertex 15.6864 171.837 0
    endloop
  endfacet
  facet normal 0.330743 0.943721 -0
    outer loop
      vertex 15.5152 171.897 0
      vertex 15.5152 171.897 10
      vertex 15.6864 171.837 10
    endloop
  endfacet
  facet normal 0.831951 0.554849 0
    outer loop
      vertex 14.999 172.671 0
      vertex 15.5152 171.897 10
      vertex 15.5152 171.897 0
    endloop
  endfacet
  facet normal 0.831951 0.554849 -0
    outer loop
      vertex 14.999 172.671 0
      vertex 14.999 172.671 10
      vertex 15.5152 171.897 10
    endloop
  endfacet
  facet normal -0.319517 0.947581 0
    outer loop
      vertex 14.308 172.438 0
      vertex 14.999 172.671 10
      vertex 14.999 172.671 0
    endloop
  endfacet
  facet normal -0.319517 0.947581 0
    outer loop
      vertex 14.308 172.438 0
      vertex 14.308 172.438 10
      vertex 14.999 172.671 10
    endloop
  endfacet
  facet normal -0.083972 0.996468 0
    outer loop
      vertex 14.2368 172.432 0
      vertex 14.308 172.438 10
      vertex 14.308 172.438 0
    endloop
  endfacet
  facet normal -0.083972 0.996468 0
    outer loop
      vertex 14.2368 172.432 0
      vertex 14.2368 172.432 10
      vertex 14.308 172.438 10
    endloop
  endfacet
  facet normal 0.154103 0.988055 0
    outer loop
      vertex 13.3007 172.578 0
      vertex 14.2368 172.432 10
      vertex 14.2368 172.432 0
    endloop
  endfacet
  facet normal 0.154103 0.988055 -0
    outer loop
      vertex 13.3007 172.578 0
      vertex 13.3007 172.578 10
      vertex 14.2368 172.432 10
    endloop
  endfacet
  facet normal -0.163504 0.986543 0
    outer loop
      vertex 11.2975 172.246 0
      vertex 13.3007 172.578 10
      vertex 13.3007 172.578 0
    endloop
  endfacet
  facet normal -0.163504 0.986543 0
    outer loop
      vertex 11.2975 172.246 0
      vertex 11.2975 172.246 10
      vertex 13.3007 172.578 10
    endloop
  endfacet
  facet normal -0.991607 -0.129288 0
    outer loop
      vertex 11.5125 170.597 0
      vertex 11.2975 172.246 10
      vertex 11.2975 172.246 0
    endloop
  endfacet
  facet normal -0.991607 -0.129288 0
    outer loop
      vertex 11.5125 170.597 0
      vertex 11.5125 170.597 10
      vertex 11.2975 172.246 10
    endloop
  endfacet
  facet normal -0.730779 -0.682614 0
    outer loop
      vertex 11.6769 170.421 0
      vertex 11.5125 170.597 10
      vertex 11.5125 170.597 0
    endloop
  endfacet
  facet normal -0.730779 -0.682614 0
    outer loop
      vertex 11.6769 170.421 0
      vertex 11.6769 170.421 10
      vertex 11.5125 170.597 10
    endloop
  endfacet
  facet normal 0.51486 -0.857274 0
    outer loop
      vertex 12.4728 170.899 0
      vertex 11.6769 170.421 10
      vertex 11.6769 170.421 0
    endloop
  endfacet
  facet normal 0.51486 -0.857274 0
    outer loop
      vertex 12.4728 170.899 0
      vertex 12.4728 170.899 10
      vertex 11.6769 170.421 10
    endloop
  endfacet
  facet normal -0.0906891 -0.995879 0
    outer loop
      vertex 12.6485 170.883 0
      vertex 12.4728 170.899 10
      vertex 12.4728 170.899 0
    endloop
  endfacet
  facet normal -0.0906891 -0.995879 0
    outer loop
      vertex 12.6485 170.883 0
      vertex 12.6485 170.883 10
      vertex 12.4728 170.899 10
    endloop
  endfacet
  facet normal -0.999616 -0.0277166 0
    outer loop
      vertex 12.6546 170.663 0
      vertex 12.6485 170.883 10
      vertex 12.6485 170.883 0
    endloop
  endfacet
  facet normal -0.999616 -0.0277166 0
    outer loop
      vertex 12.6546 170.663 0
      vertex 12.6546 170.663 10
      vertex 12.6485 170.883 10
    endloop
  endfacet
  facet normal -0.697549 0.716537 0
    outer loop
      vertex 11.5904 169.627 0
      vertex 12.6546 170.663 10
      vertex 12.6546 170.663 0
    endloop
  endfacet
  facet normal -0.697549 0.716537 0
    outer loop
      vertex 11.5904 169.627 0
      vertex 11.5904 169.627 10
      vertex 12.6546 170.663 10
    endloop
  endfacet
  facet normal -0.955675 -0.294423 0
    outer loop
      vertex 11.8726 168.711 0
      vertex 11.5904 169.627 10
      vertex 11.5904 169.627 0
    endloop
  endfacet
  facet normal -0.955675 -0.294423 0
    outer loop
      vertex 11.8726 168.711 0
      vertex 11.8726 168.711 10
      vertex 11.5904 169.627 10
    endloop
  endfacet
  facet normal -0.3839 -0.923375 0
    outer loop
      vertex 12.6976 168.368 0
      vertex 11.8726 168.711 10
      vertex 11.8726 168.711 0
    endloop
  endfacet
  facet normal -0.3839 -0.923375 0
    outer loop
      vertex 12.6976 168.368 0
      vertex 12.6976 168.368 10
      vertex 11.8726 168.711 10
    endloop
  endfacet
  facet normal -0.852691 -0.522415 0
    outer loop
      vertex 12.7895 168.218 0
      vertex 12.6976 168.368 10
      vertex 12.6976 168.368 0
    endloop
  endfacet
  facet normal -0.852691 -0.522415 0
    outer loop
      vertex 12.7895 168.218 0
      vertex 12.7895 168.218 10
      vertex 12.6976 168.368 10
    endloop
  endfacet
  facet normal -0.8415 0.540257 0
    outer loop
      vertex 12.7131 168.099 0
      vertex 12.7895 168.218 10
      vertex 12.7895 168.218 0
    endloop
  endfacet
  facet normal -0.8415 0.540257 0
    outer loop
      vertex 12.7131 168.099 0
      vertex 12.7131 168.099 10
      vertex 12.7895 168.218 10
    endloop
  endfacet
  facet normal -0.487366 0.873198 0
    outer loop
      vertex 12.2831 167.859 0
      vertex 12.7131 168.099 10
      vertex 12.7131 168.099 0
    endloop
  endfacet
  facet normal -0.487366 0.873198 0
    outer loop
      vertex 12.2831 167.859 0
      vertex 12.2831 167.859 10
      vertex 12.7131 168.099 10
    endloop
  endfacet
  facet normal -0.192617 0.981274 0
    outer loop
      vertex 12.1914 167.841 0
      vertex 12.2831 167.859 10
      vertex 12.2831 167.859 0
    endloop
  endfacet
  facet normal -0.192617 0.981274 0
    outer loop
      vertex 12.1914 167.841 0
      vertex 12.1914 167.841 10
      vertex 12.2831 167.859 10
    endloop
  endfacet
  facet normal 0.123503 0.992344 0
    outer loop
      vertex 11.7093 167.901 0
      vertex 12.1914 167.841 10
      vertex 12.1914 167.841 0
    endloop
  endfacet
  facet normal 0.123503 0.992344 -0
    outer loop
      vertex 11.7093 167.901 0
      vertex 11.7093 167.901 10
      vertex 12.1914 167.841 10
    endloop
  endfacet
  facet normal -0.997874 0.0651732 0
    outer loop
      vertex 11.6193 166.523 0
      vertex 11.7093 167.901 10
      vertex 11.7093 167.901 0
    endloop
  endfacet
  facet normal -0.997874 0.0651732 0
    outer loop
      vertex 11.6193 166.523 0
      vertex 11.6193 166.523 10
      vertex 11.7093 167.901 10
    endloop
  endfacet
  facet normal 0.762716 -0.646734 0
    outer loop
      vertex 12.9336 168.073 0
      vertex 11.6193 166.523 10
      vertex 11.6193 166.523 0
    endloop
  endfacet
  facet normal 0.762716 -0.646734 0
    outer loop
      vertex 12.9336 168.073 0
      vertex 12.9336 168.073 10
      vertex 11.6193 166.523 10
    endloop
  endfacet
  facet normal 0.897256 -0.441511 0
    outer loop
      vertex 13.5354 169.296 0
      vertex 12.9336 168.073 10
      vertex 12.9336 168.073 0
    endloop
  endfacet
  facet normal 0.897256 -0.441511 0
    outer loop
      vertex 13.5354 169.296 0
      vertex 13.5354 169.296 10
      vertex 12.9336 168.073 10
    endloop
  endfacet
  facet normal 0.680416 -0.732826 0
    outer loop
      vertex 13.6151 169.37 0
      vertex 13.5354 169.296 10
      vertex 13.5354 169.296 0
    endloop
  endfacet
  facet normal 0.680416 -0.732826 0
    outer loop
      vertex 13.6151 169.37 0
      vertex 13.6151 169.37 10
      vertex 13.5354 169.296 10
    endloop
  endfacet
  facet normal 0.366282 -0.930504 0
    outer loop
      vertex 15.495 170.11 0
      vertex 13.6151 169.37 10
      vertex 13.6151 169.37 0
    endloop
  endfacet
  facet normal 0.366282 -0.930504 0
    outer loop
      vertex 15.495 170.11 0
      vertex 15.495 170.11 10
      vertex 13.6151 169.37 10
    endloop
  endfacet
  facet normal -0.254772 -0.967001 0
    outer loop
      vertex 15.6658 170.065 0
      vertex 15.495 170.11 10
      vertex 15.495 170.11 0
    endloop
  endfacet
  facet normal -0.254772 -0.967001 0
    outer loop
      vertex 15.6658 170.065 0
      vertex 15.6658 170.065 10
      vertex 15.495 170.11 10
    endloop
  endfacet
  facet normal -0.989686 0.143256 0
    outer loop
      vertex 15.6341 169.846 0
      vertex 15.6658 170.065 10
      vertex 15.6658 170.065 0
    endloop
  endfacet
  facet normal -0.989686 0.143256 0
    outer loop
      vertex 15.6341 169.846 0
      vertex 15.6341 169.846 10
      vertex 15.6658 170.065 10
    endloop
  endfacet
  facet normal -0.561208 0.827675 0
    outer loop
      vertex 15.0545 169.453 0
      vertex 15.6341 169.846 10
      vertex 15.6341 169.846 0
    endloop
  endfacet
  facet normal -0.561208 0.827675 0
    outer loop
      vertex 15.0545 169.453 0
      vertex 15.0545 169.453 10
      vertex 15.6341 169.846 10
    endloop
  endfacet
  facet normal -0.940478 0.339855 0
    outer loop
      vertex 14.6411 168.309 0
      vertex 15.0545 169.453 10
      vertex 15.0545 169.453 0
    endloop
  endfacet
  facet normal -0.940478 0.339855 0
    outer loop
      vertex 14.6411 168.309 0
      vertex 14.6411 168.309 10
      vertex 15.0545 169.453 10
    endloop
  endfacet
  facet normal -0.561224 0.827664 0
    outer loop
      vertex 14.4951 168.21 0
      vertex 14.6411 168.309 10
      vertex 14.6411 168.309 0
    endloop
  endfacet
  facet normal -0.561224 0.827664 0
    outer loop
      vertex 14.4951 168.21 0
      vertex 14.4951 168.21 10
      vertex 14.6411 168.309 10
    endloop
  endfacet
  facet normal 0.711691 0.702492 0
    outer loop
      vertex 14.35 168.357 0
      vertex 14.4951 168.21 10
      vertex 14.4951 168.21 0
    endloop
  endfacet
  facet normal 0.711691 0.702492 -0
    outer loop
      vertex 14.35 168.357 0
      vertex 14.35 168.357 10
      vertex 14.4951 168.21 10
    endloop
  endfacet
  facet normal 0.999848 0.0174537 0
    outer loop
      vertex 14.336 169.159 0
      vertex 14.35 168.357 10
      vertex 14.35 168.357 0
    endloop
  endfacet
  facet normal 0.999848 0.0174537 -0
    outer loop
      vertex 14.336 169.159 0
      vertex 14.336 169.159 10
      vertex 14.35 168.357 10
    endloop
  endfacet
  facet normal -0.685282 0.728278 0
    outer loop
      vertex 13.7855 168.641 0
      vertex 14.336 169.159 10
      vertex 14.336 169.159 0
    endloop
  endfacet
  facet normal -0.685282 0.728278 0
    outer loop
      vertex 13.7855 168.641 0
      vertex 13.7855 168.641 10
      vertex 14.336 169.159 10
    endloop
  endfacet
  facet normal -0.972612 0.232433 0
    outer loop
      vertex 13.6359 168.015 0
      vertex 13.7855 168.641 10
      vertex 13.7855 168.641 0
    endloop
  endfacet
  facet normal -0.972612 0.232433 0
    outer loop
      vertex 13.6359 168.015 0
      vertex 13.6359 168.015 10
      vertex 13.7855 168.641 10
    endloop
  endfacet
  facet normal -0.901276 0.433245 0
    outer loop
      vertex 13.6085 167.958 0
      vertex 13.6359 168.015 10
      vertex 13.6359 168.015 0
    endloop
  endfacet
  facet normal -0.901276 0.433245 0
    outer loop
      vertex 13.6085 167.958 0
      vertex 13.6085 167.958 10
      vertex 13.6359 168.015 10
    endloop
  endfacet
  facet normal -0.790361 0.612641 0
    outer loop
      vertex 12.9194 167.069 0
      vertex 13.6085 167.958 10
      vertex 13.6085 167.958 0
    endloop
  endfacet
  facet normal -0.790361 0.612641 0
    outer loop
      vertex 12.9194 167.069 0
      vertex 12.9194 167.069 10
      vertex 13.6085 167.958 10
    endloop
  endfacet
  facet normal -0.792136 -0.610344 0
    outer loop
      vertex 13.0265 166.93 0
      vertex 12.9194 167.069 10
      vertex 12.9194 167.069 0
    endloop
  endfacet
  facet normal -0.792136 -0.610344 0
    outer loop
      vertex 13.0265 166.93 0
      vertex 13.0265 166.93 10
      vertex 12.9194 167.069 10
    endloop
  endfacet
  facet normal 0.128474 -0.991713 0
    outer loop
      vertex 13.7907 167.029 0
      vertex 13.0265 166.93 10
      vertex 13.0265 166.93 0
    endloop
  endfacet
  facet normal 0.128474 -0.991713 0
    outer loop
      vertex 13.7907 167.029 0
      vertex 13.7907 167.029 10
      vertex 13.0265 166.93 10
    endloop
  endfacet
  facet normal -0.48131 -0.87655 0
    outer loop
      vertex 13.9455 166.944 0
      vertex 13.7907 167.029 10
      vertex 13.7907 167.029 0
    endloop
  endfacet
  facet normal -0.48131 -0.87655 0
    outer loop
      vertex 13.9455 166.944 0
      vertex 13.9455 166.944 10
      vertex 13.7907 167.029 10
    endloop
  endfacet
  facet normal -0.967899 0.251341 0
    outer loop
      vertex 13.8972 166.758 0
      vertex 13.9455 166.944 10
      vertex 13.9455 166.944 0
    endloop
  endfacet
  facet normal -0.967899 0.251341 0
    outer loop
      vertex 13.8972 166.758 0
      vertex 13.8972 166.758 10
      vertex 13.9455 166.944 10
    endloop
  endfacet
  facet normal -0.581238 0.813733 0
    outer loop
      vertex 12.9172 166.058 0
      vertex 13.8972 166.758 10
      vertex 13.8972 166.758 0
    endloop
  endfacet
  facet normal -0.581238 0.813733 0
    outer loop
      vertex 12.9172 166.058 0
      vertex 12.9172 166.058 10
      vertex 13.8972 166.758 10
    endloop
  endfacet
  facet normal -0.145599 0.989344 0
    outer loop
      vertex 12.7813 166.038 0
      vertex 12.9172 166.058 10
      vertex 12.9172 166.058 0
    endloop
  endfacet
  facet normal -0.145599 0.989344 0
    outer loop
      vertex 12.7813 166.038 0
      vertex 12.7813 166.038 10
      vertex 12.9172 166.058 10
    endloop
  endfacet
  facet normal 0.325398 0.945577 0
    outer loop
      vertex 12.1914 166.241 0
      vertex 12.7813 166.038 10
      vertex 12.7813 166.038 0
    endloop
  endfacet
  facet normal 0.325398 0.945577 -0
    outer loop
      vertex 12.1914 166.241 0
      vertex 12.1914 166.241 10
      vertex 12.7813 166.038 10
    endloop
  endfacet
  facet normal -0.643158 0.765733 0
    outer loop
      vertex 11.9259 166.018 0
      vertex 12.1914 166.241 10
      vertex 12.1914 166.241 0
    endloop
  endfacet
  facet normal -0.643158 0.765733 0
    outer loop
      vertex 11.9259 166.018 0
      vertex 11.9259 166.018 10
      vertex 12.1914 166.241 10
    endloop
  endfacet
  facet normal -0.977801 0.209537 0
    outer loop
      vertex 11.5556 164.29 0
      vertex 11.9259 166.018 10
      vertex 11.9259 166.018 0
    endloop
  endfacet
  facet normal -0.977801 0.209537 0
    outer loop
      vertex 11.5556 164.29 0
      vertex 11.5556 164.29 10
      vertex 11.9259 166.018 10
    endloop
  endfacet
  facet normal -0.941552 -0.336867 0
    outer loop
      vertex 11.6039 164.155 0
      vertex 11.5556 164.29 10
      vertex 11.5556 164.29 0
    endloop
  endfacet
  facet normal -0.941552 -0.336867 0
    outer loop
      vertex 11.6039 164.155 0
      vertex 11.6039 164.155 10
      vertex 11.5556 164.29 10
    endloop
  endfacet
  facet normal 0.0495055 -0.998774 0
    outer loop
      vertex 11.846 164.167 0
      vertex 11.6039 164.155 10
      vertex 11.6039 164.155 0
    endloop
  endfacet
  facet normal 0.0495055 -0.998774 0
    outer loop
      vertex 11.846 164.167 0
      vertex 11.846 164.167 10
      vertex 11.6039 164.155 10
    endloop
  endfacet
  facet normal 0.77518 -0.63174 0
    outer loop
      vertex 12.2437 164.655 0
      vertex 11.846 164.167 10
      vertex 11.846 164.167 0
    endloop
  endfacet
  facet normal 0.77518 -0.63174 0
    outer loop
      vertex 12.2437 164.655 0
      vertex 12.2437 164.655 10
      vertex 11.846 164.167 10
    endloop
  endfacet
  facet normal 0.662306 -0.749234 0
    outer loop
      vertex 12.2799 164.687 0
      vertex 12.2437 164.655 10
      vertex 12.2437 164.655 0
    endloop
  endfacet
  facet normal 0.662306 -0.749234 0
    outer loop
      vertex 12.2799 164.687 0
      vertex 12.2799 164.687 10
      vertex 12.2437 164.655 10
    endloop
  endfacet
  facet normal 0.533653 -0.845704 0
    outer loop
      vertex 14.1499 165.867 0
      vertex 12.2799 164.687 10
      vertex 12.2799 164.687 0
    endloop
  endfacet
  facet normal 0.533653 -0.845704 0
    outer loop
      vertex 14.1499 165.867 0
      vertex 14.1499 165.867 10
      vertex 12.2799 164.687 10
    endloop
  endfacet
  facet normal -0.0680239 -0.997684 0
    outer loop
      vertex 14.3259 165.855 0
      vertex 14.1499 165.867 10
      vertex 14.1499 165.867 0
    endloop
  endfacet
  facet normal -0.0680239 -0.997684 0
    outer loop
      vertex 14.3259 165.855 0
      vertex 14.3259 165.855 10
      vertex 14.1499 165.867 10
    endloop
  endfacet
  facet normal -0.996896 -0.0787269 0
    outer loop
      vertex 14.3428 165.641 0
      vertex 14.3259 165.855 10
      vertex 14.3259 165.855 0
    endloop
  endfacet
  facet normal -0.996896 -0.0787269 0
    outer loop
      vertex 14.3428 165.641 0
      vertex 14.3428 165.641 10
      vertex 14.3259 165.855 10
    endloop
  endfacet
  facet normal -0.751609 0.659609 0
    outer loop
      vertex 13.3713 164.534 0
      vertex 14.3428 165.641 10
      vertex 14.3428 165.641 0
    endloop
  endfacet
  facet normal -0.751609 0.659609 0
    outer loop
      vertex 13.3713 164.534 0
      vertex 13.3713 164.534 10
      vertex 14.3428 165.641 10
    endloop
  endfacet
  facet normal -0.987591 0.157047 0
    outer loop
      vertex 13.2479 163.758 0
      vertex 13.3713 164.534 10
      vertex 13.3713 164.534 0
    endloop
  endfacet
  facet normal -0.987591 0.157047 0
    outer loop
      vertex 13.2479 163.758 0
      vertex 13.2479 163.758 10
      vertex 13.3713 164.534 10
    endloop
  endfacet
  facet normal -0.807719 -0.589568 0
    outer loop
      vertex 13.6041 163.27 0
      vertex 13.2479 163.758 10
      vertex 13.2479 163.758 0
    endloop
  endfacet
  facet normal -0.807719 -0.589568 0
    outer loop
      vertex 13.6041 163.27 0
      vertex 13.6041 163.27 10
      vertex 13.2479 163.758 10
    endloop
  endfacet
  facet normal 0.350593 -0.936528 0
    outer loop
      vertex 14.0876 163.451 0
      vertex 13.6041 163.27 10
      vertex 13.6041 163.27 0
    endloop
  endfacet
  facet normal 0.350593 -0.936528 0
    outer loop
      vertex 14.0876 163.451 0
      vertex 14.0876 163.451 10
      vertex 13.6041 163.27 10
    endloop
  endfacet
  facet normal -0.271877 -0.962332 0
    outer loop
      vertex 14.2575 163.403 0
      vertex 14.0876 163.451 10
      vertex 14.0876 163.451 0
    endloop
  endfacet
  facet normal -0.271877 -0.962332 0
    outer loop
      vertex 14.2575 163.403 0
      vertex 14.2575 163.403 10
      vertex 14.0876 163.451 10
    endloop
  endfacet
  facet normal -0.997818 0.0660248 0
    outer loop
      vertex 14.2442 163.202 0
      vertex 14.2575 163.403 10
      vertex 14.2575 163.403 0
    endloop
  endfacet
  facet normal -0.997818 0.0660248 0
    outer loop
      vertex 14.2442 163.202 0
      vertex 14.2442 163.202 10
      vertex 14.2575 163.403 10
    endloop
  endfacet
  facet normal -0.694812 0.719191 0
    outer loop
      vertex 13.6542 162.632 0
      vertex 14.2442 163.202 10
      vertex 14.2442 163.202 0
    endloop
  endfacet
  facet normal -0.694812 0.719191 0
    outer loop
      vertex 13.6542 162.632 0
      vertex 13.6542 162.632 10
      vertex 14.2442 163.202 10
    endloop
  endfacet
  facet normal -0.122054 0.992523 0
    outer loop
      vertex 13.4753 162.61 0
      vertex 13.6542 162.632 10
      vertex 13.6542 162.632 0
    endloop
  endfacet
  facet normal -0.122054 0.992523 0
    outer loop
      vertex 13.4753 162.61 0
      vertex 13.4753 162.61 10
      vertex 13.6542 162.632 10
    endloop
  endfacet
  facet normal 0.497873 0.86725 0
    outer loop
      vertex 12.5817 163.123 0
      vertex 13.4753 162.61 10
      vertex 13.4753 162.61 0
    endloop
  endfacet
  facet normal 0.497873 0.86725 -0
    outer loop
      vertex 12.5817 163.123 0
      vertex 12.5817 163.123 10
      vertex 13.4753 162.61 10
    endloop
  endfacet
  facet normal -0.985733 0.168316 0
    outer loop
      vertex 12.4159 162.152 0
      vertex 12.5817 163.123 10
      vertex 12.5817 163.123 0
    endloop
  endfacet
  facet normal -0.985733 0.168316 0
    outer loop
      vertex 12.4159 162.152 0
      vertex 12.4159 162.152 10
      vertex 12.5817 163.123 10
    endloop
  endfacet
  facet normal -0.900533 -0.434787 0
    outer loop
      vertex 12.8007 161.355 0
      vertex 12.4159 162.152 10
      vertex 12.4159 162.152 0
    endloop
  endfacet
  facet normal -0.900533 -0.434787 0
    outer loop
      vertex 12.8007 161.355 0
      vertex 12.8007 161.355 10
      vertex 12.4159 162.152 10
    endloop
  endfacet
  facet normal -0.633226 -0.773967 0
    outer loop
      vertex 13.5365 160.753 0
      vertex 12.8007 161.355 10
      vertex 12.8007 161.355 0
    endloop
  endfacet
  facet normal -0.633226 -0.773967 0
    outer loop
      vertex 13.5365 160.753 0
      vertex 13.5365 160.753 10
      vertex 12.8007 161.355 10
    endloop
  endfacet
  facet normal -0.514407 -0.857546 0
    outer loop
      vertex 14.245 160.328 0
      vertex 13.5365 160.753 10
      vertex 13.5365 160.753 0
    endloop
  endfacet
  facet normal -0.514407 -0.857546 0
    outer loop
      vertex 14.245 160.328 0
      vertex 14.245 160.328 10
      vertex 13.5365 160.753 10
    endloop
  endfacet
  facet normal -0.0497162 -0.998763 0
    outer loop
      vertex 14.8075 160.3 0
      vertex 14.245 160.328 10
      vertex 14.245 160.328 0
    endloop
  endfacet
  facet normal -0.0497162 -0.998763 0
    outer loop
      vertex 14.8075 160.3 0
      vertex 14.8075 160.3 10
      vertex 14.245 160.328 10
    endloop
  endfacet
  facet normal -0.794519 -0.607239 0
    outer loop
      vertex 14.9466 160.118 0
      vertex 14.8075 160.3 10
      vertex 14.8075 160.3 0
    endloop
  endfacet
  facet normal -0.794519 -0.607239 0
    outer loop
      vertex 14.9466 160.118 0
      vertex 14.9466 160.118 10
      vertex 14.8075 160.3 10
    endloop
  endfacet
  facet normal -0.977169 0.212465 0
    outer loop
      vertex 14.8231 159.55 0
      vertex 14.9466 160.118 10
      vertex 14.9466 160.118 0
    endloop
  endfacet
  facet normal -0.977169 0.212465 0
    outer loop
      vertex 14.8231 159.55 0
      vertex 14.8231 159.55 10
      vertex 14.9466 160.118 10
    endloop
  endfacet
  facet normal -0.387634 -0.921813 0
    outer loop
      vertex 14.9206 159.509 0
      vertex 14.8231 159.55 10
      vertex 14.8231 159.55 0
    endloop
  endfacet
  facet normal -0.387634 -0.921813 0
    outer loop
      vertex 14.9206 159.509 0
      vertex 14.9206 159.509 10
      vertex 14.8231 159.55 10
    endloop
  endfacet
  facet normal 0.73801 -0.67479 0
    outer loop
      vertex 15.1693 159.781 0
      vertex 14.9206 159.509 10
      vertex 14.9206 159.509 0
    endloop
  endfacet
  facet normal 0.73801 -0.67479 0
    outer loop
      vertex 15.1693 159.781 0
      vertex 15.1693 159.781 10
      vertex 14.9206 159.509 10
    endloop
  endfacet
  facet normal 0.203954 -0.97898 0
    outer loop
      vertex 15.3421 159.817 0
      vertex 15.1693 159.781 10
      vertex 15.1693 159.781 0
    endloop
  endfacet
  facet normal 0.203954 -0.97898 0
    outer loop
      vertex 15.3421 159.817 0
      vertex 15.3421 159.817 10
      vertex 15.1693 159.781 10
    endloop
  endfacet
  facet normal -0.683067 -0.730356 0
    outer loop
      vertex 15.4116 159.752 0
      vertex 15.3421 159.817 10
      vertex 15.3421 159.817 0
    endloop
  endfacet
  facet normal -0.683067 -0.730356 0
    outer loop
      vertex 15.4116 159.752 0
      vertex 15.4116 159.752 10
      vertex 15.3421 159.817 10
    endloop
  endfacet
  facet normal -0.877318 -0.47991 0
    outer loop
      vertex 15.6594 159.299 0
      vertex 15.4116 159.752 10
      vertex 15.4116 159.752 0
    endloop
  endfacet
  facet normal -0.877318 -0.47991 0
    outer loop
      vertex 15.6594 159.299 0
      vertex 15.6594 159.299 10
      vertex 15.4116 159.752 10
    endloop
  endfacet
  facet normal -0.00992233 -0.999951 0
    outer loop
      vertex 16.5664 159.29 0
      vertex 15.6594 159.299 10
      vertex 15.6594 159.299 0
    endloop
  endfacet
  facet normal -0.00992233 -0.999951 0
    outer loop
      vertex 16.5664 159.29 0
      vertex 16.5664 159.29 10
      vertex 15.6594 159.299 10
    endloop
  endfacet
  facet normal 0.316285 -0.948664 0
    outer loop
      vertex 18.0691 159.791 0
      vertex 16.5664 159.29 10
      vertex 16.5664 159.29 0
    endloop
  endfacet
  facet normal 0.316285 -0.948664 0
    outer loop
      vertex 18.0691 159.791 0
      vertex 18.0691 159.791 10
      vertex 16.5664 159.29 10
    endloop
  endfacet
endsolid OpenSCAD_Model
