solid OpenSCAD_Model
  facet normal 0 0 -1
    outer loop
      vertex 148.006 91.5846 0
      vertex 149.626 94.74 0
      vertex 150.285 94.2027 0
    endloop
  endfacet
  facet normal 0 0 -1
    outer loop
      vertex 156.969 100.205 0
      vertex 157.34 100.646 0
      vertex 157.433 100.575 0
    endloop
  endfacet
  facet normal 0 0 -1
    outer loop
      vertex 141.79 94.84 0
      vertex 138.756 98.134 0
      vertex 146.686 102.89 0
    endloop
  endfacet
  facet normal 0 0 -1
    outer loop
      vertex 149.534 94.913 0
      vertex 146.666 92.2446 0
      vertex 146.596 92.2599 0
    endloop
  endfacet
  facet normal 0 0 -1
    outer loop
      vertex 150.571 90.0558 0
      vertex 151.182 92.6673 0
      vertex 151.709 91.9976 0
    endloop
  endfacet
  facet normal 0 -0 -1
    outer loop
      vertex 149.534 94.913 0
      vertex 149.626 94.74 0
      vertex 146.666 92.2446 0
    endloop
  endfacet
  facet normal 0 0 -1
    outer loop
      vertex 150.401 94.0927 0
      vertex 151.249 93.9284 0
      vertex 151.151 92.7727 0
    endloop
  endfacet
  facet normal 0 0 -1
    outer loop
      vertex 146.666 92.2446 0
      vertex 149.626 94.74 0
      vertex 148.006 91.5846 0
    endloop
  endfacet
  facet normal -0 0 -1
    outer loop
      vertex 142.879 94.3367 0
      vertex 142.612 94.28 0
      vertex 141.79 94.84 0
    endloop
  endfacet
  facet normal -0 -0 -1
    outer loop
      vertex 150.204 94.5178 0
      vertex 150.285 94.2027 0
      vertex 149.626 94.74 0
    endloop
  endfacet
  facet normal 0 0 -1
    outer loop
      vertex 146.596 92.2599 0
      vertex 142.998 94.3115 0
      vertex 149.534 94.913 0
    endloop
  endfacet
  facet normal 0 0 -1
    outer loop
      vertex 142.998 94.3115 0
      vertex 142.879 94.3367 0
      vertex 141.79 94.84 0
    endloop
  endfacet
  facet normal 0 0 -1
    outer loop
      vertex 141.79 94.84 0
      vertex 146.686 102.89 0
      vertex 148.093 100.561 0
    endloop
  endfacet
  facet normal -0 -0 -1
    outer loop
      vertex 151.073 99.5321 0
      vertex 151.135 99.3766 0
      vertex 148.243 100.44 0
    endloop
  endfacet
  facet normal 0 0 -1
    outer loop
      vertex 152.53 98.944 0
      vertex 153.666 98.8749 0
      vertex 153.641 98.7694 0
    endloop
  endfacet
  facet normal 0 0 -1
    outer loop
      vertex 152.475 96.8096 0
      vertex 152.468 97.4759 0
      vertex 152.758 97.2315 0
    endloop
  endfacet
  facet normal 0 0 -1
    outer loop
      vertex 152.558 99.6459 0
      vertex 153.77 101.204 0
      vertex 154.126 99.5449 0
    endloop
  endfacet
  facet normal 0 0 -1
    outer loop
      vertex 150.504 96.1893 0
      vertex 152.389 96.7211 0
      vertex 152.139 96.0305 0
    endloop
  endfacet
  facet normal -0 0 -1
    outer loop
      vertex 152.852 96.9573 0
      vertex 152.475 96.8096 0
      vertex 152.758 97.2315 0
    endloop
  endfacet
  facet normal -0 0 -1
    outer loop
      vertex 152.475 96.8096 0
      vertex 152.389 96.7211 0
      vertex 152.468 97.4759 0
    endloop
  endfacet
  facet normal -0 0 -1
    outer loop
      vertex 152.828 97.3717 0
      vertex 152.758 97.2315 0
      vertex 152.468 97.4759 0
    endloop
  endfacet
  facet normal -0 0 -1
    outer loop
      vertex 152.468 97.4759 0
      vertex 152.389 96.7211 0
      vertex 152.36 97.6151 0
    endloop
  endfacet
  facet normal 0 -0 -1
    outer loop
      vertex 152.36 97.6151 0
      vertex 152.389 96.7211 0
      vertex 150.504 96.1893 0
    endloop
  endfacet
  facet normal 0 0 -1
    outer loop
      vertex 155.933 101.446 0
      vertex 154.328 99.5879 0
      vertex 153.77 101.204 0
    endloop
  endfacet
  facet normal 0 0 -1
    outer loop
      vertex 152.501 97.7697 0
      vertex 152.034 98.7901 0
      vertex 152.384 98.8001 0
    endloop
  endfacet
  facet normal 0 0 -1
    outer loop
      vertex 152.53 98.944 0
      vertex 152.558 99.6459 0
      vertex 153.666 98.8749 0
    endloop
  endfacet
  facet normal 0 0 -1
    outer loop
      vertex 152.501 97.7697 0
      vertex 153.641 98.7694 0
      vertex 153.769 97.8495 0
    endloop
  endfacet
  facet normal 0 0 -1
    outer loop
      vertex 156.562 100.259 0
      vertex 156.533 101.146 0
      vertex 156.633 101.134 0
    endloop
  endfacet
  facet normal 0 0 -1
    outer loop
      vertex 153.666 98.8749 0
      vertex 152.558 99.6459 0
      vertex 154.126 99.5449 0
    endloop
  endfacet
  facet normal 0 0 -1
    outer loop
      vertex 155.891 101.683 0
      vertex 155.843 102.359 0
      vertex 155.88 102.388 0
    endloop
  endfacet
  facet normal 0 0 -1
    outer loop
      vertex 156.819 100.245 0
      vertex 156.633 101.134 0
      vertex 157.34 100.646 0
    endloop
  endfacet
  facet normal 0 0 -1
    outer loop
      vertex 154.328 99.5879 0
      vertex 156.092 99.8524 0
      vertex 154.925 99.2229 0
    endloop
  endfacet
  facet normal 0 0 -1
    outer loop
      vertex 155.933 101.446 0
      vertex 156.321 100.237 0
      vertex 156.092 99.8524 0
    endloop
  endfacet
  facet normal 0 0 -1
    outer loop
      vertex 156.562 100.259 0
      vertex 156.819 100.245 0
      vertex 156.66 100.191 0
    endloop
  endfacet
  facet normal 0 0 -1
    outer loop
      vertex 160.439 99.9912 0
      vertex 160.767 100.033 0
      vertex 160.937 98.9623 0
    endloop
  endfacet
  facet normal 0 0 -1
    outer loop
      vertex 156.562 100.259 0
      vertex 156.66 100.191 0
      vertex 156.66 100.149 0
    endloop
  endfacet
  facet normal 0 0 -1
    outer loop
      vertex 160.192 98.524 0
      vertex 158.613 100.275 0
      vertex 159.716 100.481 0
    endloop
  endfacet
  facet normal 0 0 -1
    outer loop
      vertex 160.192 98.524 0
      vertex 160.439 99.9912 0
      vertex 160.319 98.5571 0
    endloop
  endfacet
  facet normal -0 0 -1
    outer loop
      vertex 158.613 100.275 0
      vertex 157.332 99.3894 0
      vertex 157.433 100.575 0
    endloop
  endfacet
  facet normal 0 0 -1
    outer loop
      vertex 158.511 98.1069 0
      vertex 158.613 100.275 0
      vertex 160.192 98.524 0
    endloop
  endfacet
  facet normal 0 -0 -1
    outer loop
      vertex 157.09 99.8779 0
      vertex 157.332 99.3894 0
      vertex 157.009 99.7542 0
    endloop
  endfacet
  facet normal 0 0 -1
    outer loop
      vertex 158.613 100.275 0
      vertex 158.43 98.1187 0
      vertex 157.329 99.1864 0
    endloop
  endfacet
  facet normal -0 0 -1
    outer loop
      vertex 161.435 99.5321 0
      vertex 161.316 98.8361 0
      vertex 161.367 99.562 0
    endloop
  endfacet
  facet normal 0 0 -1
    outer loop
      vertex 157.329 99.1864 0
      vertex 156.957 97.9203 0
      vertex 156.587 98.4088 0
    endloop
  endfacet
  facet normal 0 -0 -1
    outer loop
      vertex 157.329 99.1864 0
      vertex 158.43 98.1187 0
      vertex 156.957 97.9203 0
    endloop
  endfacet
  facet normal 0 0 -1
    outer loop
      vertex 160.192 98.524 0
      vertex 160.271 100.123 0
      vertex 160.439 99.9912 0
    endloop
  endfacet
  facet normal 0 0 -1
    outer loop
      vertex 160.192 98.524 0
      vertex 159.295 97.7557 0
      vertex 158.511 98.1069 0
    endloop
  endfacet
  facet normal 0 0 -1
    outer loop
      vertex 160.319 98.5571 0
      vertex 160.439 99.9912 0
      vertex 160.743 98.8489 0
    endloop
  endfacet
  facet normal 0 0 -1
    outer loop
      vertex 160.743 98.8489 0
      vertex 160.439 99.9912 0
      vertex 160.937 98.9623 0
    endloop
  endfacet
  facet normal 0 0 -1
    outer loop
      vertex 160.743 98.8489 0
      vertex 160.672 98.4866 0
      vertex 160.319 98.5571 0
    endloop
  endfacet
  facet normal 0 0 -1
    outer loop
      vertex 160.937 98.9623 0
      vertex 161.367 99.562 0
      vertex 161.316 98.8361 0
    endloop
  endfacet
  facet normal 0 -0 -1
    outer loop
      vertex 156.939 103.01 0
      vertex 157.351 103.223 0
      vertex 155.891 101.683 0
    endloop
  endfacet
  facet normal 0 0 -1
    outer loop
      vertex 160.937 98.9623 0
      vertex 160.767 100.033 0
      vertex 161.367 99.562 0
    endloop
  endfacet
  facet normal 0 -0 -1
    outer loop
      vertex 161.435 99.5321 0
      vertex 162.143 99.413 0
      vertex 161.316 98.8361 0
    endloop
  endfacet
  facet normal 0 0 -1
    outer loop
      vertex 159.716 100.481 0
      vertex 158.613 100.275 0
      vertex 158.799 100.406 0
    endloop
  endfacet
  facet normal 0 0 -1
    outer loop
      vertex 156.939 103.01 0
      vertex 157.853 103.688 0
      vertex 157.396 103.256 0
    endloop
  endfacet
  facet normal 0 0 -1
    outer loop
      vertex 159.716 100.481 0
      vertex 160.235 100.432 0
      vertex 160.271 100.123 0
    endloop
  endfacet
  facet normal 0 -0 -1
    outer loop
      vertex 159.594 100.568 0
      vertex 159.716 100.481 0
      vertex 158.799 100.406 0
    endloop
  endfacet
  facet normal -0 0 -1
    outer loop
      vertex 160.271 100.123 0
      vertex 160.192 98.524 0
      vertex 159.716 100.481 0
    endloop
  endfacet
  facet normal 0 -0 -1
    outer loop
      vertex 159.224 100.998 0
      vertex 159.594 100.568 0
      vertex 159.068 100.89 0
    endloop
  endfacet
  facet normal 0 0 -1
    outer loop
      vertex 157.433 100.575 0
      vertex 157.332 99.3894 0
      vertex 157.09 99.8779 0
    endloop
  endfacet
  facet normal 0 0 -1
    outer loop
      vertex 157.08 100.068 0
      vertex 156.969 100.205 0
      vertex 157.433 100.575 0
    endloop
  endfacet
  facet normal 0 0 -1
    outer loop
      vertex 159.224 100.998 0
      vertex 159.291 101.23 0
      vertex 159.594 100.568 0
    endloop
  endfacet
  facet normal 0 -0 -1
    outer loop
      vertex 159.068 100.89 0
      vertex 159.594 100.568 0
      vertex 158.799 100.406 0
    endloop
  endfacet
  facet normal -0 0 -1
    outer loop
      vertex 159.068 100.89 0
      vertex 158.799 100.406 0
      vertex 158.846 100.908 0
    endloop
  endfacet
  facet normal 0 0 -1
    outer loop
      vertex 157.433 100.575 0
      vertex 157.09 99.8779 0
      vertex 157.08 100.068 0
    endloop
  endfacet
  facet normal 0 0 -1
    outer loop
      vertex 158.511 98.1069 0
      vertex 158.43 98.1187 0
      vertex 158.613 100.275 0
    endloop
  endfacet
  facet normal 0 0 -1
    outer loop
      vertex 158.613 100.275 0
      vertex 157.329 99.1864 0
      vertex 157.332 99.3894 0
    endloop
  endfacet
  facet normal 0 0 -1
    outer loop
      vertex 157.34 100.646 0
      vertex 156.633 101.134 0
      vertex 157.014 101.219 0
    endloop
  endfacet
  facet normal 0 0 -1
    outer loop
      vertex 156.969 100.205 0
      vertex 156.819 100.245 0
      vertex 157.34 100.646 0
    endloop
  endfacet
  facet normal 0 0 -1
    outer loop
      vertex 156.819 100.245 0
      vertex 156.562 100.259 0
      vertex 156.633 101.134 0
    endloop
  endfacet
  facet normal 0 -0 -1
    outer loop
      vertex 156.8 102.988 0
      vertex 156.939 103.01 0
      vertex 155.891 101.683 0
    endloop
  endfacet
  facet normal -0 0 -1
    outer loop
      vertex 156.562 100.259 0
      vertex 156.321 100.237 0
      vertex 156.533 101.146 0
    endloop
  endfacet
  facet normal -0 0 -1
    outer loop
      vertex 156.533 101.146 0
      vertex 156.321 100.237 0
      vertex 155.933 101.446 0
    endloop
  endfacet
  facet normal 0 -0 -1
    outer loop
      vertex 155.933 101.446 0
      vertex 156.092 99.8524 0
      vertex 154.328 99.5879 0
    endloop
  endfacet
  facet normal 0 -0 -1
    outer loop
      vertex 155.891 101.683 0
      vertex 155.933 101.446 0
      vertex 153.77 101.204 0
    endloop
  endfacet
  facet normal 0 0 -1
    outer loop
      vertex 156.8 102.988 0
      vertex 155.891 101.683 0
      vertex 155.88 102.388 0
    endloop
  endfacet
  facet normal 0 0 -1
    outer loop
      vertex 135.798 109.531 0
      vertex 133.032 104.06 0
      vertex 131.589 104.651 0
    endloop
  endfacet
  facet normal 0 0 -1
    outer loop
      vertex 157.396 103.256 0
      vertex 157.853 103.688 0
      vertex 158.017 103.547 0
    endloop
  endfacet
  facet normal -0 0 -1
    outer loop
      vertex 157.351 103.223 0
      vertex 156.939 103.01 0
      vertex 157.396 103.256 0
    endloop
  endfacet
  facet normal -0 -0 -1
    outer loop
      vertex 145.429 106.898 0
      vertex 146.097 105.601 0
      vertex 143.276 107.585 0
    endloop
  endfacet
  facet normal 0 -0 -1
    outer loop
      vertex 156.523 103.086 0
      vertex 156.8 102.988 0
      vertex 155.88 102.388 0
    endloop
  endfacet
  facet normal -0 0 -1
    outer loop
      vertex 155.891 101.683 0
      vertex 153.77 101.204 0
      vertex 155.843 102.359 0
    endloop
  endfacet
  facet normal -0 0 -1
    outer loop
      vertex 154.328 99.5879 0
      vertex 154.126 99.5449 0
      vertex 153.77 101.204 0
    endloop
  endfacet
  facet normal 0 0 -1
    outer loop
      vertex 152.501 97.7697 0
      vertex 152.384 98.8001 0
      vertex 152.53 98.944 0
    endloop
  endfacet
  facet normal 0 0 -1
    outer loop
      vertex 152.36 97.6151 0
      vertex 152.034 98.7901 0
      vertex 152.501 97.7697 0
    endloop
  endfacet
  facet normal -0 0 -1
    outer loop
      vertex 151.945 98.8166 0
      vertex 150.504 96.1893 0
      vertex 151.135 99.3766 0
    endloop
  endfacet
  facet normal 0 0 -1
    outer loop
      vertex 152.501 97.7697 0
      vertex 152.53 98.944 0
      vertex 153.641 98.7694 0
    endloop
  endfacet
  facet normal 0 0 -1
    outer loop
      vertex 151.945 98.8166 0
      vertex 152.034 98.7901 0
      vertex 152.36 97.6151 0
    endloop
  endfacet
  facet normal 0 0 -1
    outer loop
      vertex 150.504 96.1893 0
      vertex 151.945 98.8166 0
      vertex 152.36 97.6151 0
    endloop
  endfacet
  facet normal 0 0 -1
    outer loop
      vertex 151.135 99.3766 0
      vertex 150.504 96.1893 0
      vertex 150.405 96.1633 0
    endloop
  endfacet
  facet normal 0 0 -1
    outer loop
      vertex 148.243 100.44 0
      vertex 151.135 99.3766 0
      vertex 150.405 96.1633 0
    endloop
  endfacet
  facet normal 0 -0 -1
    outer loop
      vertex 150.898 100.489 0
      vertex 151.073 99.5321 0
      vertex 148.243 100.44 0
    endloop
  endfacet
  facet normal 0 0 -1
    outer loop
      vertex 150.898 100.489 0
      vertex 151.198 100.103 0
      vertex 151.073 99.5321 0
    endloop
  endfacet
  facet normal 0 0 -1
    outer loop
      vertex 148.243 100.44 0
      vertex 150.405 96.1633 0
      vertex 149.755 95.7133 0
    endloop
  endfacet
  facet normal 0 0 -1
    outer loop
      vertex 149.694 95.623 0
      vertex 148.243 100.44 0
      vertex 149.755 95.7133 0
    endloop
  endfacet
  facet normal 0 0 -1
    outer loop
      vertex 137.783 107.392 0
      vertex 136.736 100.999 0
      vertex 136.6 101.007 0
    endloop
  endfacet
  facet normal 0 0 -1
    outer loop
      vertex 146.54 103.05 0
      vertex 146.097 105.601 0
      vertex 146.299 105.537 0
    endloop
  endfacet
  facet normal 0 0 -1
    outer loop
      vertex 148.093 100.561 0
      vertex 146.686 102.89 0
      vertex 147.646 102.863 0
    endloop
  endfacet
  facet normal -0 -0 -1
    outer loop
      vertex 146.097 105.601 0
      vertex 146.54 103.05 0
      vertex 143.197 107.571 0
    endloop
  endfacet
  facet normal 0 0 -1
    outer loop
      vertex 146.54 103.05 0
      vertex 146.299 105.537 0
      vertex 146.722 105.755 0
    endloop
  endfacet
  facet normal 0 -0 -1
    outer loop
      vertex 144.203 108.04 0
      vertex 145.429 106.898 0
      vertex 143.276 107.585 0
    endloop
  endfacet
  facet normal 0 0 -1
    outer loop
      vertex 126.647 100.995 0
      vertex 126.589 101.301 0
      vertex 126.738 101.099 0
    endloop
  endfacet
  facet normal 0 -0 -1
    outer loop
      vertex 143.276 107.585 0
      vertex 146.097 105.601 0
      vertex 143.197 107.571 0
    endloop
  endfacet
  facet normal 0 0 -1
    outer loop
      vertex 136.736 100.999 0
      vertex 137.783 107.392 0
      vertex 137.636 100.469 0
    endloop
  endfacet
  facet normal 0 0 -1
    outer loop
      vertex 133.918 102.381 0
      vertex 136.6 101.007 0
      vertex 136.062 100.772 0
    endloop
  endfacet
  facet normal 0 0 -1
    outer loop
      vertex 135.798 109.531 0
      vertex 133.12 104.022 0
      vertex 133.032 104.06 0
    endloop
  endfacet
  facet normal 0 0 -1
    outer loop
      vertex 129.109 104.999 0
      vertex 128.817 104.559 0
      vertex 127.286 103.548 0
    endloop
  endfacet
  facet normal 0 0 -1
    outer loop
      vertex 130.308 105.474 0
      vertex 135.775 109.564 0
      vertex 131.505 104.706 0
    endloop
  endfacet
  facet normal 0 0 -1
    outer loop
      vertex 124.54 112.089 0
      vertex 126.479 102.7 0
      vertex 124.54 101.149 0
    endloop
  endfacet
  facet normal 0 0 -1
    outer loop
      vertex 129.108 104.823 0
      vertex 129.025 104.62 0
      vertex 128.817 104.559 0
    endloop
  endfacet
  facet normal 0 0 -1
    outer loop
      vertex 133.879 102.553 0
      vertex 133.449 103.639 0
      vertex 136.6 101.007 0
    endloop
  endfacet
  facet normal 0 -0 -1
    outer loop
      vertex 135.798 109.531 0
      vertex 137.648 107.441 0
      vertex 133.12 104.022 0
    endloop
  endfacet
  facet normal 0 0 -1
    outer loop
      vertex 124.54 112.089 0
      vertex 127.199 103.5 0
      vertex 126.479 102.7 0
    endloop
  endfacet
  facet normal 0 -0 -1
    outer loop
      vertex 126.589 101.301 0
      vertex 126.647 100.995 0
      vertex 124.54 101.149 0
    endloop
  endfacet
  facet normal 0 -0 -1
    outer loop
      vertex 126.441 102.585 0
      vertex 126.561 101.375 0
      vertex 124.54 101.149 0
    endloop
  endfacet
  facet normal 0 -0 -1
    outer loop
      vertex 126.561 101.375 0
      vertex 126.589 101.301 0
      vertex 124.54 101.149 0
    endloop
  endfacet
  facet normal 0 0 -1
    outer loop
      vertex 126.479 102.7 0
      vertex 126.441 102.585 0
      vertex 124.54 101.149 0
    endloop
  endfacet
  facet normal 0 0 -1
    outer loop
      vertex 124.54 112.089 0
      vertex 127.286 103.548 0
      vertex 127.199 103.5 0
    endloop
  endfacet
  facet normal 0 0 -1
    outer loop
      vertex 128.817 104.559 0
      vertex 128.382 103.726 0
      vertex 127.286 103.548 0
    endloop
  endfacet
  facet normal 0 0 -1
    outer loop
      vertex 129.414 104.396 0
      vertex 129.025 104.62 0
      vertex 129.108 104.823 0
    endloop
  endfacet
  facet normal -0 0 -1
    outer loop
      vertex 129.865 105.159 0
      vertex 129.207 105.058 0
      vertex 130.078 105.457 0
    endloop
  endfacet
  facet normal 0 0 -1
    outer loop
      vertex 129.109 104.999 0
      vertex 129.108 104.823 0
      vertex 128.817 104.559 0
    endloop
  endfacet
  facet normal 0 0 -1
    outer loop
      vertex 124.54 112.089 0
      vertex 130.096 113.806 0
      vertex 130.078 105.457 0
    endloop
  endfacet
  facet normal -0 0 -1
    outer loop
      vertex 135.798 109.531 0
      vertex 131.505 104.706 0
      vertex 135.775 109.564 0
    endloop
  endfacet
  facet normal 0 0 -1
    outer loop
      vertex 129.207 105.058 0
      vertex 124.54 112.089 0
      vertex 130.078 105.457 0
    endloop
  endfacet
  facet normal 0 0 -1
    outer loop
      vertex 127.286 103.548 0
      vertex 124.54 112.089 0
      vertex 129.109 104.999 0
    endloop
  endfacet
  facet normal 0 0 -1
    outer loop
      vertex 129.109 104.999 0
      vertex 124.54 112.089 0
      vertex 129.207 105.058 0
    endloop
  endfacet
  facet normal 0 0 -1
    outer loop
      vertex 130.096 113.806 0
      vertex 135.453 110.218 0
      vertex 130.308 105.474 0
    endloop
  endfacet
  facet normal 0 0 -1
    outer loop
      vertex 130.308 105.474 0
      vertex 135.453 110.218 0
      vertex 135.775 109.564 0
    endloop
  endfacet
  facet normal 0 0 -1
    outer loop
      vertex 130.078 105.457 0
      vertex 130.096 113.806 0
      vertex 130.308 105.474 0
    endloop
  endfacet
  facet normal 0 0 -1
    outer loop
      vertex 130.308 105.474 0
      vertex 131.505 104.706 0
      vertex 130.917 104.846 0
    endloop
  endfacet
  facet normal 0 0 -1
    outer loop
      vertex 131.505 104.706 0
      vertex 135.798 109.531 0
      vertex 131.589 104.651 0
    endloop
  endfacet
  facet normal 0 0 -1
    outer loop
      vertex 131.589 104.651 0
      vertex 133.032 104.06 0
      vertex 131.978 104.144 0
    endloop
  endfacet
  facet normal 0 0 -1
    outer loop
      vertex 133.4 103.772 0
      vertex 133.12 104.022 0
      vertex 137.648 107.441 0
    endloop
  endfacet
  facet normal 0 0 -1
    outer loop
      vertex 133.449 103.639 0
      vertex 133.4 103.772 0
      vertex 137.648 107.441 0
    endloop
  endfacet
  facet normal 0 0 -1
    outer loop
      vertex 133.879 102.553 0
      vertex 133.36 103.009 0
      vertex 133.449 103.639 0
    endloop
  endfacet
  facet normal -0 0 -1
    outer loop
      vertex 137.783 107.392 0
      vertex 133.449 103.639 0
      vertex 137.648 107.441 0
    endloop
  endfacet
  facet normal 0 0 -1
    outer loop
      vertex 136.062 100.772 0
      vertex 134.388 100.858 0
      vertex 133.918 102.381 0
    endloop
  endfacet
  facet normal 0 0 -1
    outer loop
      vertex 136.6 101.007 0
      vertex 133.918 102.381 0
      vertex 133.879 102.553 0
    endloop
  endfacet
  facet normal 0 0 -1
    outer loop
      vertex 133.843 102.304 0
      vertex 133.918 102.381 0
      vertex 134.388 100.858 0
    endloop
  endfacet
  facet normal 0 0 -1
    outer loop
      vertex 133.678 101.323 0
      vertex 133.843 102.304 0
      vertex 134.388 100.858 0
    endloop
  endfacet
  facet normal 0 0 -1
    outer loop
      vertex 137.783 107.392 0
      vertex 136.6 101.007 0
      vertex 133.449 103.639 0
    endloop
  endfacet
  facet normal 0 0 -1
    outer loop
      vertex 133.843 102.304 0
      vertex 133.678 101.323 0
      vertex 133.653 102.216 0
    endloop
  endfacet
  facet normal 0 0 -1
    outer loop
      vertex 137.696 100.404 0
      vertex 137.636 100.469 0
      vertex 140.465 107.809 0
    endloop
  endfacet
  facet normal 0 0 -1
    outer loop
      vertex 137.696 100.404 0
      vertex 146.54 103.05 0
      vertex 138.746 98.1637 0
    endloop
  endfacet
  facet normal 0 0 -1
    outer loop
      vertex 138.756 98.134 0
      vertex 138.746 98.1637 0
      vertex 146.686 102.89 0
    endloop
  endfacet
  facet normal -0 0 -1
    outer loop
      vertex 143.197 107.571 0
      vertex 137.696 100.404 0
      vertex 140.465 107.809 0
    endloop
  endfacet
  facet normal 0 0 -1
    outer loop
      vertex 138.756 98.134 0
      vertex 141.79 94.84 0
      vertex 138.985 97.1535 0
    endloop
  endfacet
  facet normal 0 0 -1
    outer loop
      vertex 140.465 107.809 0
      vertex 137.636 100.469 0
      vertex 137.783 107.392 0
    endloop
  endfacet
  facet normal 0 -0 -1
    outer loop
      vertex 143.197 107.571 0
      vertex 146.54 103.05 0
      vertex 137.696 100.404 0
    endloop
  endfacet
  facet normal -0 0 -1
    outer loop
      vertex 146.686 102.89 0
      vertex 138.746 98.1637 0
      vertex 146.54 103.05 0
    endloop
  endfacet
  facet normal 0 -0 -1
    outer loop
      vertex 148.243 100.44 0
      vertex 149.694 95.623 0
      vertex 142.998 94.3115 0
    endloop
  endfacet
  facet normal 0 0 -1
    outer loop
      vertex 142.998 94.3115 0
      vertex 149.694 95.623 0
      vertex 149.534 94.913 0
    endloop
  endfacet
  facet normal 0 0 -1
    outer loop
      vertex 150.571 90.0558 0
      vertex 148.09 91.4411 0
      vertex 151.182 92.6673 0
    endloop
  endfacet
  facet normal 0 0 -1
    outer loop
      vertex 142.998 94.3115 0
      vertex 148.093 100.561 0
      vertex 148.243 100.44 0
    endloop
  endfacet
  facet normal 0 0 -1
    outer loop
      vertex 141.79 94.84 0
      vertex 148.093 100.561 0
      vertex 142.998 94.3115 0
    endloop
  endfacet
  facet normal 0 0 -1
    outer loop
      vertex 145.857 92.2412 0
      vertex 142.998 94.3115 0
      vertex 146.596 92.2599 0
    endloop
  endfacet
  facet normal 0 -0 -1
    outer loop
      vertex 148.09 91.4411 0
      vertex 148.497 89.7994 0
      vertex 147.99 89.7547 0
    endloop
  endfacet
  facet normal -0 0 -1
    outer loop
      vertex 150.401 94.0927 0
      vertex 148.006 91.5846 0
      vertex 150.285 94.2027 0
    endloop
  endfacet
  facet normal 0 -0 -1
    outer loop
      vertex 150.401 94.0927 0
      vertex 151.151 92.7727 0
      vertex 148.006 91.5846 0
    endloop
  endfacet
  facet normal 0 0 -1
    outer loop
      vertex 148.09 91.4411 0
      vertex 151.151 92.7727 0
      vertex 151.182 92.6673 0
    endloop
  endfacet
  facet normal 0 0 -1
    outer loop
      vertex 148.006 91.5846 0
      vertex 151.151 92.7727 0
      vertex 148.09 91.4411 0
    endloop
  endfacet
  facet normal 0 0 -1
    outer loop
      vertex 148.09 91.4411 0
      vertex 148.574 89.7858 0
      vertex 148.497 89.7994 0
    endloop
  endfacet
  facet normal 0 0 -1
    outer loop
      vertex 148.09 91.4411 0
      vertex 150.571 90.0558 0
      vertex 148.574 89.7858 0
    endloop
  endfacet
  facet normal 0 0 -1
    outer loop
      vertex 149.344 89.4242 0
      vertex 150.571 90.0558 0
      vertex 150.021 89.5088 0
    endloop
  endfacet
  facet normal 0 0 -1
    outer loop
      vertex 148.574 89.7858 0
      vertex 150.571 90.0558 0
      vertex 149.344 89.4242 0
    endloop
  endfacet
  facet normal 0 0 -1
    outer loop
      vertex 150.021 89.5088 0
      vertex 150.571 90.0558 0
      vertex 150.551 90.0003 0
    endloop
  endfacet
  facet normal 0 0 -1
    outer loop
      vertex 150.459 89.3246 0
      vertex 150.105 89.4951 0
      vertex 150.551 90.0003 0
    endloop
  endfacet
  facet normal 0 0 -1
    outer loop
      vertex 150.105 89.4951 0
      vertex 150.021 89.5088 0
      vertex 150.551 90.0003 0
    endloop
  endfacet
  facet normal 0 0 1
    outer loop
      vertex 150.285 94.2027 10
      vertex 149.626 94.74 10
      vertex 148.006 91.5846 10
    endloop
  endfacet
  facet normal 0 0 1
    outer loop
      vertex 157.433 100.575 10
      vertex 157.34 100.646 10
      vertex 156.969 100.205 10
    endloop
  endfacet
  facet normal 0 0 1
    outer loop
      vertex 146.686 102.89 10
      vertex 138.756 98.134 10
      vertex 141.79 94.84 10
    endloop
  endfacet
  facet normal -0 0 1
    outer loop
      vertex 146.596 92.2599 10
      vertex 146.666 92.2446 10
      vertex 149.534 94.913 10
    endloop
  endfacet
  facet normal 0 0 1
    outer loop
      vertex 151.709 91.9976 10
      vertex 151.182 92.6673 10
      vertex 150.571 90.0558 10
    endloop
  endfacet
  facet normal 0 0 1
    outer loop
      vertex 146.666 92.2446 10
      vertex 149.626 94.74 10
      vertex 149.534 94.913 10
    endloop
  endfacet
  facet normal 0 -0 1
    outer loop
      vertex 151.151 92.7727 10
      vertex 151.249 93.9284 10
      vertex 150.401 94.0927 10
    endloop
  endfacet
  facet normal 0 -0 1
    outer loop
      vertex 148.006 91.5846 10
      vertex 149.626 94.74 10
      vertex 146.666 92.2446 10
    endloop
  endfacet
  facet normal 0 0 1
    outer loop
      vertex 141.79 94.84 10
      vertex 142.612 94.28 10
      vertex 142.879 94.3367 10
    endloop
  endfacet
  facet normal 0 0 1
    outer loop
      vertex 149.626 94.74 10
      vertex 150.285 94.2027 10
      vertex 150.204 94.5178 10
    endloop
  endfacet
  facet normal 0 0 1
    outer loop
      vertex 149.534 94.913 10
      vertex 142.998 94.3115 10
      vertex 146.596 92.2599 10
    endloop
  endfacet
  facet normal 0 0 1
    outer loop
      vertex 141.79 94.84 10
      vertex 142.879 94.3367 10
      vertex 142.998 94.3115 10
    endloop
  endfacet
  facet normal 0 0 1
    outer loop
      vertex 148.093 100.561 10
      vertex 146.686 102.89 10
      vertex 141.79 94.84 10
    endloop
  endfacet
  facet normal 0 0 1
    outer loop
      vertex 148.243 100.44 10
      vertex 151.135 99.3766 10
      vertex 151.073 99.5321 10
    endloop
  endfacet
  facet normal 0 -0 1
    outer loop
      vertex 153.641 98.7694 10
      vertex 153.666 98.8749 10
      vertex 152.53 98.944 10
    endloop
  endfacet
  facet normal 0 0 1
    outer loop
      vertex 152.758 97.2315 10
      vertex 152.468 97.4759 10
      vertex 152.475 96.8096 10
    endloop
  endfacet
  facet normal 0 0 1
    outer loop
      vertex 154.126 99.5449 10
      vertex 153.77 101.204 10
      vertex 152.558 99.6459 10
    endloop
  endfacet
  facet normal 0 -0 1
    outer loop
      vertex 152.139 96.0305 10
      vertex 152.389 96.7211 10
      vertex 150.504 96.1893 10
    endloop
  endfacet
  facet normal 0 0 1
    outer loop
      vertex 152.758 97.2315 10
      vertex 152.475 96.8096 10
      vertex 152.852 96.9573 10
    endloop
  endfacet
  facet normal 0 0 1
    outer loop
      vertex 152.468 97.4759 10
      vertex 152.389 96.7211 10
      vertex 152.475 96.8096 10
    endloop
  endfacet
  facet normal 0 0 1
    outer loop
      vertex 152.468 97.4759 10
      vertex 152.758 97.2315 10
      vertex 152.828 97.3717 10
    endloop
  endfacet
  facet normal 0 0 1
    outer loop
      vertex 152.36 97.6151 10
      vertex 152.389 96.7211 10
      vertex 152.468 97.4759 10
    endloop
  endfacet
  facet normal 0 0 1
    outer loop
      vertex 150.504 96.1893 10
      vertex 152.389 96.7211 10
      vertex 152.36 97.6151 10
    endloop
  endfacet
  facet normal -0 0 1
    outer loop
      vertex 153.77 101.204 10
      vertex 154.328 99.5879 10
      vertex 155.933 101.446 10
    endloop
  endfacet
  facet normal 0 0 1
    outer loop
      vertex 152.384 98.8001 10
      vertex 152.034 98.7901 10
      vertex 152.501 97.7697 10
    endloop
  endfacet
  facet normal 0 0 1
    outer loop
      vertex 153.666 98.8749 10
      vertex 152.558 99.6459 10
      vertex 152.53 98.944 10
    endloop
  endfacet
  facet normal 0 0 1
    outer loop
      vertex 153.769 97.8495 10
      vertex 153.641 98.7694 10
      vertex 152.501 97.7697 10
    endloop
  endfacet
  facet normal 0 0 1
    outer loop
      vertex 156.633 101.134 10
      vertex 156.533 101.146 10
      vertex 156.562 100.259 10
    endloop
  endfacet
  facet normal 0 0 1
    outer loop
      vertex 154.126 99.5449 10
      vertex 152.558 99.6459 10
      vertex 153.666 98.8749 10
    endloop
  endfacet
  facet normal 0 0 1
    outer loop
      vertex 155.88 102.388 10
      vertex 155.843 102.359 10
      vertex 155.891 101.683 10
    endloop
  endfacet
  facet normal 0 0 1
    outer loop
      vertex 157.34 100.646 10
      vertex 156.633 101.134 10
      vertex 156.819 100.245 10
    endloop
  endfacet
  facet normal 0 -0 1
    outer loop
      vertex 154.925 99.2229 10
      vertex 156.092 99.8524 10
      vertex 154.328 99.5879 10
    endloop
  endfacet
  facet normal 0 -0 1
    outer loop
      vertex 156.092 99.8524 10
      vertex 156.321 100.237 10
      vertex 155.933 101.446 10
    endloop
  endfacet
  facet normal 0 -0 1
    outer loop
      vertex 156.66 100.191 10
      vertex 156.819 100.245 10
      vertex 156.562 100.259 10
    endloop
  endfacet
  facet normal 0 0 1
    outer loop
      vertex 160.937 98.9623 10
      vertex 160.767 100.033 10
      vertex 160.439 99.9912 10
    endloop
  endfacet
  facet normal 0 -0 1
    outer loop
      vertex 156.66 100.149 10
      vertex 156.66 100.191 10
      vertex 156.562 100.259 10
    endloop
  endfacet
  facet normal 0 0 1
    outer loop
      vertex 159.716 100.481 10
      vertex 158.613 100.275 10
      vertex 160.192 98.524 10
    endloop
  endfacet
  facet normal 0 -0 1
    outer loop
      vertex 160.319 98.5571 10
      vertex 160.439 99.9912 10
      vertex 160.192 98.524 10
    endloop
  endfacet
  facet normal 0 0 1
    outer loop
      vertex 157.433 100.575 10
      vertex 157.332 99.3894 10
      vertex 158.613 100.275 10
    endloop
  endfacet
  facet normal 0 0 1
    outer loop
      vertex 160.192 98.524 10
      vertex 158.613 100.275 10
      vertex 158.511 98.1069 10
    endloop
  endfacet
  facet normal -0 0 1
    outer loop
      vertex 157.009 99.7542 10
      vertex 157.332 99.3894 10
      vertex 157.09 99.8779 10
    endloop
  endfacet
  facet normal -0 0 1
    outer loop
      vertex 157.329 99.1864 10
      vertex 158.43 98.1187 10
      vertex 158.613 100.275 10
    endloop
  endfacet
  facet normal 0 0 1
    outer loop
      vertex 161.367 99.562 10
      vertex 161.316 98.8361 10
      vertex 161.435 99.5321 10
    endloop
  endfacet
  facet normal -0 0 1
    outer loop
      vertex 156.587 98.4088 10
      vertex 156.957 97.9203 10
      vertex 157.329 99.1864 10
    endloop
  endfacet
  facet normal 0 0 1
    outer loop
      vertex 156.957 97.9203 10
      vertex 158.43 98.1187 10
      vertex 157.329 99.1864 10
    endloop
  endfacet
  facet normal 0 0 1
    outer loop
      vertex 160.439 99.9912 10
      vertex 160.271 100.123 10
      vertex 160.192 98.524 10
    endloop
  endfacet
  facet normal -0 0 1
    outer loop
      vertex 158.511 98.1069 10
      vertex 159.295 97.7557 10
      vertex 160.192 98.524 10
    endloop
  endfacet
  facet normal 0 0 1
    outer loop
      vertex 160.743 98.8489 10
      vertex 160.439 99.9912 10
      vertex 160.319 98.5571 10
    endloop
  endfacet
  facet normal 0 0 1
    outer loop
      vertex 160.937 98.9623 10
      vertex 160.439 99.9912 10
      vertex 160.743 98.8489 10
    endloop
  endfacet
  facet normal -0 0 1
    outer loop
      vertex 160.319 98.5571 10
      vertex 160.672 98.4866 10
      vertex 160.743 98.8489 10
    endloop
  endfacet
  facet normal 0 -0 1
    outer loop
      vertex 161.316 98.8361 10
      vertex 161.367 99.562 10
      vertex 160.937 98.9623 10
    endloop
  endfacet
  facet normal 0 0 1
    outer loop
      vertex 155.891 101.683 10
      vertex 157.351 103.223 10
      vertex 156.939 103.01 10
    endloop
  endfacet
  facet normal 0 0 1
    outer loop
      vertex 161.367 99.562 10
      vertex 160.767 100.033 10
      vertex 160.937 98.9623 10
    endloop
  endfacet
  facet normal 0 0 1
    outer loop
      vertex 161.316 98.8361 10
      vertex 162.143 99.413 10
      vertex 161.435 99.5321 10
    endloop
  endfacet
  facet normal -0 0 1
    outer loop
      vertex 158.799 100.406 10
      vertex 158.613 100.275 10
      vertex 159.716 100.481 10
    endloop
  endfacet
  facet normal 0 -0 1
    outer loop
      vertex 157.396 103.256 10
      vertex 157.853 103.688 10
      vertex 156.939 103.01 10
    endloop
  endfacet
  facet normal 0 0 1
    outer loop
      vertex 160.271 100.123 10
      vertex 160.235 100.432 10
      vertex 159.716 100.481 10
    endloop
  endfacet
  facet normal 0 0 1
    outer loop
      vertex 158.799 100.406 10
      vertex 159.716 100.481 10
      vertex 159.594 100.568 10
    endloop
  endfacet
  facet normal 0 0 1
    outer loop
      vertex 159.716 100.481 10
      vertex 160.192 98.524 10
      vertex 160.271 100.123 10
    endloop
  endfacet
  facet normal -0 0 1
    outer loop
      vertex 159.068 100.89 10
      vertex 159.594 100.568 10
      vertex 159.224 100.998 10
    endloop
  endfacet
  facet normal -0 0 1
    outer loop
      vertex 157.09 99.8779 10
      vertex 157.332 99.3894 10
      vertex 157.433 100.575 10
    endloop
  endfacet
  facet normal 0 0 1
    outer loop
      vertex 157.433 100.575 10
      vertex 156.969 100.205 10
      vertex 157.08 100.068 10
    endloop
  endfacet
  facet normal 0 0 1
    outer loop
      vertex 159.594 100.568 10
      vertex 159.291 101.23 10
      vertex 159.224 100.998 10
    endloop
  endfacet
  facet normal 0 0 1
    outer loop
      vertex 158.799 100.406 10
      vertex 159.594 100.568 10
      vertex 159.068 100.89 10
    endloop
  endfacet
  facet normal 0 0 1
    outer loop
      vertex 158.846 100.908 10
      vertex 158.799 100.406 10
      vertex 159.068 100.89 10
    endloop
  endfacet
  facet normal -0 0 1
    outer loop
      vertex 157.08 100.068 10
      vertex 157.09 99.8779 10
      vertex 157.433 100.575 10
    endloop
  endfacet
  facet normal 0 0 1
    outer loop
      vertex 158.613 100.275 10
      vertex 158.43 98.1187 10
      vertex 158.511 98.1069 10
    endloop
  endfacet
  facet normal -0 0 1
    outer loop
      vertex 157.332 99.3894 10
      vertex 157.329 99.1864 10
      vertex 158.613 100.275 10
    endloop
  endfacet
  facet normal 0 0 1
    outer loop
      vertex 157.014 101.219 10
      vertex 156.633 101.134 10
      vertex 157.34 100.646 10
    endloop
  endfacet
  facet normal 0 0 1
    outer loop
      vertex 157.34 100.646 10
      vertex 156.819 100.245 10
      vertex 156.969 100.205 10
    endloop
  endfacet
  facet normal 0 0 1
    outer loop
      vertex 156.633 101.134 10
      vertex 156.562 100.259 10
      vertex 156.819 100.245 10
    endloop
  endfacet
  facet normal 0 0 1
    outer loop
      vertex 155.891 101.683 10
      vertex 156.939 103.01 10
      vertex 156.8 102.988 10
    endloop
  endfacet
  facet normal 0 0 1
    outer loop
      vertex 156.533 101.146 10
      vertex 156.321 100.237 10
      vertex 156.562 100.259 10
    endloop
  endfacet
  facet normal 0 0 1
    outer loop
      vertex 155.933 101.446 10
      vertex 156.321 100.237 10
      vertex 156.533 101.146 10
    endloop
  endfacet
  facet normal 0 0 1
    outer loop
      vertex 154.328 99.5879 10
      vertex 156.092 99.8524 10
      vertex 155.933 101.446 10
    endloop
  endfacet
  facet normal 0 0 1
    outer loop
      vertex 153.77 101.204 10
      vertex 155.933 101.446 10
      vertex 155.891 101.683 10
    endloop
  endfacet
  facet normal -0 0 1
    outer loop
      vertex 155.88 102.388 10
      vertex 155.891 101.683 10
      vertex 156.8 102.988 10
    endloop
  endfacet
  facet normal -0 0 1
    outer loop
      vertex 131.589 104.651 10
      vertex 133.032 104.06 10
      vertex 135.798 109.531 10
    endloop
  endfacet
  facet normal 0 0 1
    outer loop
      vertex 158.017 103.547 10
      vertex 157.853 103.688 10
      vertex 157.396 103.256 10
    endloop
  endfacet
  facet normal 0 0 1
    outer loop
      vertex 157.396 103.256 10
      vertex 156.939 103.01 10
      vertex 157.351 103.223 10
    endloop
  endfacet
  facet normal 0 0 1
    outer loop
      vertex 143.276 107.585 10
      vertex 146.097 105.601 10
      vertex 145.429 106.898 10
    endloop
  endfacet
  facet normal 0 0 1
    outer loop
      vertex 155.88 102.388 10
      vertex 156.8 102.988 10
      vertex 156.523 103.086 10
    endloop
  endfacet
  facet normal 0 0 1
    outer loop
      vertex 155.843 102.359 10
      vertex 153.77 101.204 10
      vertex 155.891 101.683 10
    endloop
  endfacet
  facet normal 0 0 1
    outer loop
      vertex 153.77 101.204 10
      vertex 154.126 99.5449 10
      vertex 154.328 99.5879 10
    endloop
  endfacet
  facet normal 0 0 1
    outer loop
      vertex 152.53 98.944 10
      vertex 152.384 98.8001 10
      vertex 152.501 97.7697 10
    endloop
  endfacet
  facet normal 0 0 1
    outer loop
      vertex 152.501 97.7697 10
      vertex 152.034 98.7901 10
      vertex 152.36 97.6151 10
    endloop
  endfacet
  facet normal 0 0 1
    outer loop
      vertex 151.135 99.3766 10
      vertex 150.504 96.1893 10
      vertex 151.945 98.8166 10
    endloop
  endfacet
  facet normal 0 0 1
    outer loop
      vertex 153.641 98.7694 10
      vertex 152.53 98.944 10
      vertex 152.501 97.7697 10
    endloop
  endfacet
  facet normal 0 0 1
    outer loop
      vertex 152.36 97.6151 10
      vertex 152.034 98.7901 10
      vertex 151.945 98.8166 10
    endloop
  endfacet
  facet normal 0 0 1
    outer loop
      vertex 152.36 97.6151 10
      vertex 151.945 98.8166 10
      vertex 150.504 96.1893 10
    endloop
  endfacet
  facet normal 0 0 1
    outer loop
      vertex 150.405 96.1633 10
      vertex 150.504 96.1893 10
      vertex 151.135 99.3766 10
    endloop
  endfacet
  facet normal 0 -0 1
    outer loop
      vertex 150.405 96.1633 10
      vertex 151.135 99.3766 10
      vertex 148.243 100.44 10
    endloop
  endfacet
  facet normal -0 0 1
    outer loop
      vertex 148.243 100.44 10
      vertex 151.073 99.5321 10
      vertex 150.898 100.489 10
    endloop
  endfacet
  facet normal 0 -0 1
    outer loop
      vertex 151.073 99.5321 10
      vertex 151.198 100.103 10
      vertex 150.898 100.489 10
    endloop
  endfacet
  facet normal 0 -0 1
    outer loop
      vertex 149.755 95.7133 10
      vertex 150.405 96.1633 10
      vertex 148.243 100.44 10
    endloop
  endfacet
  facet normal 0 0 1
    outer loop
      vertex 149.755 95.7133 10
      vertex 148.243 100.44 10
      vertex 149.694 95.623 10
    endloop
  endfacet
  facet normal -0 0 1
    outer loop
      vertex 136.6 101.007 10
      vertex 136.736 100.999 10
      vertex 137.783 107.392 10
    endloop
  endfacet
  facet normal 0 0 1
    outer loop
      vertex 146.299 105.537 10
      vertex 146.097 105.601 10
      vertex 146.54 103.05 10
    endloop
  endfacet
  facet normal 0 0 1
    outer loop
      vertex 147.646 102.863 10
      vertex 146.686 102.89 10
      vertex 148.093 100.561 10
    endloop
  endfacet
  facet normal 0 0 1
    outer loop
      vertex 143.197 107.571 10
      vertex 146.54 103.05 10
      vertex 146.097 105.601 10
    endloop
  endfacet
  facet normal 0 0 1
    outer loop
      vertex 146.722 105.755 10
      vertex 146.299 105.537 10
      vertex 146.54 103.05 10
    endloop
  endfacet
  facet normal -0 0 1
    outer loop
      vertex 143.276 107.585 10
      vertex 145.429 106.898 10
      vertex 144.203 108.04 10
    endloop
  endfacet
  facet normal 0 0 1
    outer loop
      vertex 126.738 101.099 10
      vertex 126.589 101.301 10
      vertex 126.647 100.995 10
    endloop
  endfacet
  facet normal -0 0 1
    outer loop
      vertex 143.197 107.571 10
      vertex 146.097 105.601 10
      vertex 143.276 107.585 10
    endloop
  endfacet
  facet normal 0 -0 1
    outer loop
      vertex 137.636 100.469 10
      vertex 137.783 107.392 10
      vertex 136.736 100.999 10
    endloop
  endfacet
  facet normal 0 -0 1
    outer loop
      vertex 136.062 100.772 10
      vertex 136.6 101.007 10
      vertex 133.918 102.381 10
    endloop
  endfacet
  facet normal -0 0 1
    outer loop
      vertex 133.032 104.06 10
      vertex 133.12 104.022 10
      vertex 135.798 109.531 10
    endloop
  endfacet
  facet normal 0 0 1
    outer loop
      vertex 127.286 103.548 10
      vertex 128.817 104.559 10
      vertex 129.109 104.999 10
    endloop
  endfacet
  facet normal 0 -0 1
    outer loop
      vertex 131.505 104.706 10
      vertex 135.775 109.564 10
      vertex 130.308 105.474 10
    endloop
  endfacet
  facet normal 0 0 1
    outer loop
      vertex 124.54 101.149 10
      vertex 126.479 102.7 10
      vertex 124.54 112.089 10
    endloop
  endfacet
  facet normal 0 0 1
    outer loop
      vertex 128.817 104.559 10
      vertex 129.025 104.62 10
      vertex 129.108 104.823 10
    endloop
  endfacet
  facet normal 0 0 1
    outer loop
      vertex 136.6 101.007 10
      vertex 133.449 103.639 10
      vertex 133.879 102.553 10
    endloop
  endfacet
  facet normal 0 0 1
    outer loop
      vertex 133.12 104.022 10
      vertex 137.648 107.441 10
      vertex 135.798 109.531 10
    endloop
  endfacet
  facet normal 0 -0 1
    outer loop
      vertex 126.479 102.7 10
      vertex 127.199 103.5 10
      vertex 124.54 112.089 10
    endloop
  endfacet
  facet normal -0 0 1
    outer loop
      vertex 124.54 101.149 10
      vertex 126.647 100.995 10
      vertex 126.589 101.301 10
    endloop
  endfacet
  facet normal 0 0 1
    outer loop
      vertex 124.54 101.149 10
      vertex 126.561 101.375 10
      vertex 126.441 102.585 10
    endloop
  endfacet
  facet normal 0 0 1
    outer loop
      vertex 124.54 101.149 10
      vertex 126.589 101.301 10
      vertex 126.561 101.375 10
    endloop
  endfacet
  facet normal 0 0 1
    outer loop
      vertex 124.54 101.149 10
      vertex 126.441 102.585 10
      vertex 126.479 102.7 10
    endloop
  endfacet
  facet normal 0 -0 1
    outer loop
      vertex 127.199 103.5 10
      vertex 127.286 103.548 10
      vertex 124.54 112.089 10
    endloop
  endfacet
  facet normal 0 0 1
    outer loop
      vertex 127.286 103.548 10
      vertex 128.382 103.726 10
      vertex 128.817 104.559 10
    endloop
  endfacet
  facet normal 0 0 1
    outer loop
      vertex 129.108 104.823 10
      vertex 129.025 104.62 10
      vertex 129.414 104.396 10
    endloop
  endfacet
  facet normal 0 0 1
    outer loop
      vertex 130.078 105.457 10
      vertex 129.207 105.058 10
      vertex 129.865 105.159 10
    endloop
  endfacet
  facet normal 0 0 1
    outer loop
      vertex 128.817 104.559 10
      vertex 129.108 104.823 10
      vertex 129.109 104.999 10
    endloop
  endfacet
  facet normal 0 -0 1
    outer loop
      vertex 130.078 105.457 10
      vertex 130.096 113.806 10
      vertex 124.54 112.089 10
    endloop
  endfacet
  facet normal 0 0 1
    outer loop
      vertex 135.775 109.564 10
      vertex 131.505 104.706 10
      vertex 135.798 109.531 10
    endloop
  endfacet
  facet normal 0 0 1
    outer loop
      vertex 130.078 105.457 10
      vertex 124.54 112.089 10
      vertex 129.207 105.058 10
    endloop
  endfacet
  facet normal 0 0 1
    outer loop
      vertex 129.109 104.999 10
      vertex 124.54 112.089 10
      vertex 127.286 103.548 10
    endloop
  endfacet
  facet normal 0 0 1
    outer loop
      vertex 129.207 105.058 10
      vertex 124.54 112.089 10
      vertex 129.109 104.999 10
    endloop
  endfacet
  facet normal 0 -0 1
    outer loop
      vertex 130.308 105.474 10
      vertex 135.453 110.218 10
      vertex 130.096 113.806 10
    endloop
  endfacet
  facet normal 0 0 1
    outer loop
      vertex 135.775 109.564 10
      vertex 135.453 110.218 10
      vertex 130.308 105.474 10
    endloop
  endfacet
  facet normal 0 0 1
    outer loop
      vertex 130.308 105.474 10
      vertex 130.096 113.806 10
      vertex 130.078 105.457 10
    endloop
  endfacet
  facet normal -0 -0 1
    outer loop
      vertex 130.917 104.846 10
      vertex 131.505 104.706 10
      vertex 130.308 105.474 10
    endloop
  endfacet
  facet normal 0 -0 1
    outer loop
      vertex 131.589 104.651 10
      vertex 135.798 109.531 10
      vertex 131.505 104.706 10
    endloop
  endfacet
  facet normal -0 -0 1
    outer loop
      vertex 131.978 104.144 10
      vertex 133.032 104.06 10
      vertex 131.589 104.651 10
    endloop
  endfacet
  facet normal 0 0 1
    outer loop
      vertex 137.648 107.441 10
      vertex 133.12 104.022 10
      vertex 133.4 103.772 10
    endloop
  endfacet
  facet normal 0 0 1
    outer loop
      vertex 137.648 107.441 10
      vertex 133.4 103.772 10
      vertex 133.449 103.639 10
    endloop
  endfacet
  facet normal 0 0 1
    outer loop
      vertex 133.449 103.639 10
      vertex 133.36 103.009 10
      vertex 133.879 102.553 10
    endloop
  endfacet
  facet normal 0 0 1
    outer loop
      vertex 137.648 107.441 10
      vertex 133.449 103.639 10
      vertex 137.783 107.392 10
    endloop
  endfacet
  facet normal 0 0 1
    outer loop
      vertex 133.918 102.381 10
      vertex 134.388 100.858 10
      vertex 136.062 100.772 10
    endloop
  endfacet
  facet normal 0 0 1
    outer loop
      vertex 133.879 102.553 10
      vertex 133.918 102.381 10
      vertex 136.6 101.007 10
    endloop
  endfacet
  facet normal 0 0 1
    outer loop
      vertex 134.388 100.858 10
      vertex 133.918 102.381 10
      vertex 133.843 102.304 10
    endloop
  endfacet
  facet normal 0 0 1
    outer loop
      vertex 134.388 100.858 10
      vertex 133.843 102.304 10
      vertex 133.678 101.323 10
    endloop
  endfacet
  facet normal -0 0 1
    outer loop
      vertex 133.449 103.639 10
      vertex 136.6 101.007 10
      vertex 137.783 107.392 10
    endloop
  endfacet
  facet normal -0 0 1
    outer loop
      vertex 133.653 102.216 10
      vertex 133.678 101.323 10
      vertex 133.843 102.304 10
    endloop
  endfacet
  facet normal 0 0 1
    outer loop
      vertex 140.465 107.809 10
      vertex 137.636 100.469 10
      vertex 137.696 100.404 10
    endloop
  endfacet
  facet normal 0 -0 1
    outer loop
      vertex 138.746 98.1637 10
      vertex 146.54 103.05 10
      vertex 137.696 100.404 10
    endloop
  endfacet
  facet normal 0 0 1
    outer loop
      vertex 146.686 102.89 10
      vertex 138.746 98.1637 10
      vertex 138.756 98.134 10
    endloop
  endfacet
  facet normal 0 0 1
    outer loop
      vertex 140.465 107.809 10
      vertex 137.696 100.404 10
      vertex 143.197 107.571 10
    endloop
  endfacet
  facet normal -0 -0 1
    outer loop
      vertex 138.985 97.1535 10
      vertex 141.79 94.84 10
      vertex 138.756 98.134 10
    endloop
  endfacet
  facet normal -0 0 1
    outer loop
      vertex 137.783 107.392 10
      vertex 137.636 100.469 10
      vertex 140.465 107.809 10
    endloop
  endfacet
  facet normal 0 0 1
    outer loop
      vertex 137.696 100.404 10
      vertex 146.54 103.05 10
      vertex 143.197 107.571 10
    endloop
  endfacet
  facet normal 0 0 1
    outer loop
      vertex 146.54 103.05 10
      vertex 138.746 98.1637 10
      vertex 146.686 102.89 10
    endloop
  endfacet
  facet normal 0 0 1
    outer loop
      vertex 142.998 94.3115 10
      vertex 149.694 95.623 10
      vertex 148.243 100.44 10
    endloop
  endfacet
  facet normal 0 -0 1
    outer loop
      vertex 149.534 94.913 10
      vertex 149.694 95.623 10
      vertex 142.998 94.3115 10
    endloop
  endfacet
  facet normal 0 0 1
    outer loop
      vertex 151.182 92.6673 10
      vertex 148.09 91.4411 10
      vertex 150.571 90.0558 10
    endloop
  endfacet
  facet normal 0 0 1
    outer loop
      vertex 148.243 100.44 10
      vertex 148.093 100.561 10
      vertex 142.998 94.3115 10
    endloop
  endfacet
  facet normal 0 -0 1
    outer loop
      vertex 142.998 94.3115 10
      vertex 148.093 100.561 10
      vertex 141.79 94.84 10
    endloop
  endfacet
  facet normal 0 0 1
    outer loop
      vertex 146.596 92.2599 10
      vertex 142.998 94.3115 10
      vertex 145.857 92.2412 10
    endloop
  endfacet
  facet normal 0 0 1
    outer loop
      vertex 147.99 89.7547 10
      vertex 148.497 89.7994 10
      vertex 148.09 91.4411 10
    endloop
  endfacet
  facet normal 0 0 1
    outer loop
      vertex 150.285 94.2027 10
      vertex 148.006 91.5846 10
      vertex 150.401 94.0927 10
    endloop
  endfacet
  facet normal 0 0 1
    outer loop
      vertex 148.006 91.5846 10
      vertex 151.151 92.7727 10
      vertex 150.401 94.0927 10
    endloop
  endfacet
  facet normal 0 0 1
    outer loop
      vertex 151.182 92.6673 10
      vertex 151.151 92.7727 10
      vertex 148.09 91.4411 10
    endloop
  endfacet
  facet normal 0 -0 1
    outer loop
      vertex 148.09 91.4411 10
      vertex 151.151 92.7727 10
      vertex 148.006 91.5846 10
    endloop
  endfacet
  facet normal -0 -0 1
    outer loop
      vertex 148.497 89.7994 10
      vertex 148.574 89.7858 10
      vertex 148.09 91.4411 10
    endloop
  endfacet
  facet normal 0 -0 1
    outer loop
      vertex 148.574 89.7858 10
      vertex 150.571 90.0558 10
      vertex 148.09 91.4411 10
    endloop
  endfacet
  facet normal 0 -0 1
    outer loop
      vertex 150.021 89.5088 10
      vertex 150.571 90.0558 10
      vertex 149.344 89.4242 10
    endloop
  endfacet
  facet normal 0 -0 1
    outer loop
      vertex 149.344 89.4242 10
      vertex 150.571 90.0558 10
      vertex 148.574 89.7858 10
    endloop
  endfacet
  facet normal 0 -0 1
    outer loop
      vertex 150.551 90.0003 10
      vertex 150.571 90.0558 10
      vertex 150.021 89.5088 10
    endloop
  endfacet
  facet normal 0 0 1
    outer loop
      vertex 150.551 90.0003 10
      vertex 150.105 89.4951 10
      vertex 150.459 89.3246 10
    endloop
  endfacet
  facet normal 0 0 1
    outer loop
      vertex 150.551 90.0003 10
      vertex 150.021 89.5088 10
      vertex 150.105 89.4951 10
    endloop
  endfacet
  facet normal 0.940779 -0.33902 0
    outer loop
      vertex 150.571 90.0558 0
      vertex 150.551 90.0003 10
      vertex 150.551 90.0003 0
    endloop
  endfacet
  facet normal 0.940779 -0.33902 0
    outer loop
      vertex 150.571 90.0558 0
      vertex 150.571 90.0558 10
      vertex 150.551 90.0003 10
    endloop
  endfacet
  facet normal 0.862755 -0.505621 0
    outer loop
      vertex 151.709 91.9976 0
      vertex 150.571 90.0558 10
      vertex 150.571 90.0558 0
    endloop
  endfacet
  facet normal 0.862755 -0.505621 0
    outer loop
      vertex 151.709 91.9976 0
      vertex 151.709 91.9976 10
      vertex 150.571 90.0558 10
    endloop
  endfacet
  facet normal 0.785858 0.618407 0
    outer loop
      vertex 151.182 92.6673 0
      vertex 151.709 91.9976 10
      vertex 151.709 91.9976 0
    endloop
  endfacet
  facet normal 0.785858 0.618407 -0
    outer loop
      vertex 151.182 92.6673 0
      vertex 151.182 92.6673 10
      vertex 151.709 91.9976 10
    endloop
  endfacet
  facet normal 0.959366 0.282166 0
    outer loop
      vertex 151.151 92.7727 0
      vertex 151.182 92.6673 10
      vertex 151.182 92.6673 0
    endloop
  endfacet
  facet normal 0.959366 0.282166 -0
    outer loop
      vertex 151.151 92.7727 0
      vertex 151.151 92.7727 10
      vertex 151.182 92.6673 10
    endloop
  endfacet
  facet normal 0.996424 -0.0844939 0
    outer loop
      vertex 151.249 93.9284 0
      vertex 151.151 92.7727 10
      vertex 151.151 92.7727 0
    endloop
  endfacet
  facet normal 0.996424 -0.0844939 0
    outer loop
      vertex 151.249 93.9284 0
      vertex 151.249 93.9284 10
      vertex 151.151 92.7727 10
    endloop
  endfacet
  facet normal 0.190213 0.981743 0
    outer loop
      vertex 150.401 94.0927 0
      vertex 151.249 93.9284 10
      vertex 151.249 93.9284 0
    endloop
  endfacet
  facet normal 0.190213 0.981743 -0
    outer loop
      vertex 150.401 94.0927 0
      vertex 150.401 94.0927 10
      vertex 151.249 93.9284 10
    endloop
  endfacet
  facet normal 0.688092 0.725624 0
    outer loop
      vertex 150.285 94.2027 0
      vertex 150.401 94.0927 10
      vertex 150.401 94.0927 0
    endloop
  endfacet
  facet normal 0.688092 0.725624 -0
    outer loop
      vertex 150.285 94.2027 0
      vertex 150.285 94.2027 10
      vertex 150.401 94.0927 10
    endloop
  endfacet
  facet normal 0.968512 0.248967 0
    outer loop
      vertex 150.204 94.5178 0
      vertex 150.285 94.2027 10
      vertex 150.285 94.2027 0
    endloop
  endfacet
  facet normal 0.968512 0.248967 -0
    outer loop
      vertex 150.204 94.5178 0
      vertex 150.204 94.5178 10
      vertex 150.285 94.2027 10
    endloop
  endfacet
  facet normal 0.358828 0.933404 0
    outer loop
      vertex 149.626 94.74 0
      vertex 150.204 94.5178 10
      vertex 150.204 94.5178 0
    endloop
  endfacet
  facet normal 0.358828 0.933404 -0
    outer loop
      vertex 149.626 94.74 0
      vertex 149.626 94.74 10
      vertex 150.204 94.5178 10
    endloop
  endfacet
  facet normal 0.882917 0.469528 0
    outer loop
      vertex 149.534 94.913 0
      vertex 149.626 94.74 10
      vertex 149.626 94.74 0
    endloop
  endfacet
  facet normal 0.882917 0.469528 -0
    outer loop
      vertex 149.534 94.913 0
      vertex 149.534 94.913 10
      vertex 149.626 94.74 10
    endloop
  endfacet
  facet normal 0.975536 -0.219839 0
    outer loop
      vertex 149.694 95.623 0
      vertex 149.534 94.913 10
      vertex 149.534 94.913 0
    endloop
  endfacet
  facet normal 0.975536 -0.219839 0
    outer loop
      vertex 149.694 95.623 0
      vertex 149.694 95.623 10
      vertex 149.534 94.913 10
    endloop
  endfacet
  facet normal 0.828646 -0.559772 0
    outer loop
      vertex 149.755 95.7133 0
      vertex 149.694 95.623 10
      vertex 149.694 95.623 0
    endloop
  endfacet
  facet normal 0.828646 -0.559772 0
    outer loop
      vertex 149.755 95.7133 0
      vertex 149.755 95.7133 10
      vertex 149.694 95.623 10
    endloop
  endfacet
  facet normal 0.56921 -0.822192 0
    outer loop
      vertex 150.405 96.1633 0
      vertex 149.755 95.7133 10
      vertex 149.755 95.7133 0
    endloop
  endfacet
  facet normal 0.56921 -0.822192 0
    outer loop
      vertex 150.405 96.1633 0
      vertex 150.405 96.1633 10
      vertex 149.755 95.7133 10
    endloop
  endfacet
  facet normal 0.254012 -0.967201 0
    outer loop
      vertex 150.504 96.1893 0
      vertex 150.405 96.1633 10
      vertex 150.405 96.1633 0
    endloop
  endfacet
  facet normal 0.254012 -0.967201 0
    outer loop
      vertex 150.504 96.1893 0
      vertex 150.504 96.1893 10
      vertex 150.405 96.1633 10
    endloop
  endfacet
  facet normal -0.0966705 -0.995316 0
    outer loop
      vertex 152.139 96.0305 0
      vertex 150.504 96.1893 10
      vertex 150.504 96.1893 0
    endloop
  endfacet
  facet normal -0.0966705 -0.995316 0
    outer loop
      vertex 152.139 96.0305 0
      vertex 152.139 96.0305 10
      vertex 150.504 96.1893 10
    endloop
  endfacet
  facet normal 0.940285 -0.340387 0
    outer loop
      vertex 152.389 96.7211 0
      vertex 152.139 96.0305 10
      vertex 152.139 96.0305 0
    endloop
  endfacet
  facet normal 0.940285 -0.340387 0
    outer loop
      vertex 152.389 96.7211 0
      vertex 152.389 96.7211 10
      vertex 152.139 96.0305 10
    endloop
  endfacet
  facet normal 0.717164 -0.696905 0
    outer loop
      vertex 152.475 96.8096 0
      vertex 152.389 96.7211 10
      vertex 152.389 96.7211 0
    endloop
  endfacet
  facet normal 0.717164 -0.696905 0
    outer loop
      vertex 152.475 96.8096 0
      vertex 152.475 96.8096 10
      vertex 152.389 96.7211 10
    endloop
  endfacet
  facet normal 0.364781 -0.931093 0
    outer loop
      vertex 152.852 96.9573 0
      vertex 152.475 96.8096 10
      vertex 152.475 96.8096 0
    endloop
  endfacet
  facet normal 0.364781 -0.931093 0
    outer loop
      vertex 152.852 96.9573 0
      vertex 152.852 96.9573 10
      vertex 152.475 96.8096 10
    endloop
  endfacet
  facet normal 0.945958 0.324289 0
    outer loop
      vertex 152.758 97.2315 0
      vertex 152.852 96.9573 10
      vertex 152.852 96.9573 0
    endloop
  endfacet
  facet normal 0.945958 0.324289 -0
    outer loop
      vertex 152.758 97.2315 0
      vertex 152.758 97.2315 10
      vertex 152.852 96.9573 10
    endloop
  endfacet
  facet normal 0.894682 -0.446703 0
    outer loop
      vertex 152.828 97.3717 0
      vertex 152.758 97.2315 10
      vertex 152.758 97.2315 0
    endloop
  endfacet
  facet normal 0.894682 -0.446703 0
    outer loop
      vertex 152.828 97.3717 0
      vertex 152.828 97.3717 10
      vertex 152.758 97.2315 10
    endloop
  endfacet
  facet normal 0.278032 0.960572 0
    outer loop
      vertex 152.468 97.4759 0
      vertex 152.828 97.3717 10
      vertex 152.828 97.3717 0
    endloop
  endfacet
  facet normal 0.278032 0.960572 -0
    outer loop
      vertex 152.468 97.4759 0
      vertex 152.468 97.4759 10
      vertex 152.828 97.3717 10
    endloop
  endfacet
  facet normal 0.790085 0.612997 0
    outer loop
      vertex 152.36 97.6151 0
      vertex 152.468 97.4759 10
      vertex 152.468 97.4759 0
    endloop
  endfacet
  facet normal 0.790085 0.612997 -0
    outer loop
      vertex 152.36 97.6151 0
      vertex 152.36 97.6151 10
      vertex 152.468 97.4759 10
    endloop
  endfacet
  facet normal 0.738858 -0.673861 0
    outer loop
      vertex 152.501 97.7697 0
      vertex 152.36 97.6151 10
      vertex 152.36 97.6151 0
    endloop
  endfacet
  facet normal 0.738858 -0.673861 0
    outer loop
      vertex 152.501 97.7697 0
      vertex 152.501 97.7697 10
      vertex 152.36 97.6151 10
    endloop
  endfacet
  facet normal 0.0628095 -0.998026 0
    outer loop
      vertex 153.769 97.8495 0
      vertex 152.501 97.7697 10
      vertex 152.501 97.7697 0
    endloop
  endfacet
  facet normal 0.0628095 -0.998026 0
    outer loop
      vertex 153.769 97.8495 0
      vertex 153.769 97.8495 10
      vertex 152.501 97.7697 10
    endloop
  endfacet
  facet normal 0.990458 0.137818 0
    outer loop
      vertex 153.641 98.7694 0
      vertex 153.769 97.8495 10
      vertex 153.769 97.8495 0
    endloop
  endfacet
  facet normal 0.990458 0.137818 -0
    outer loop
      vertex 153.641 98.7694 0
      vertex 153.641 98.7694 10
      vertex 153.769 97.8495 10
    endloop
  endfacet
  facet normal 0.973053 -0.230581 0
    outer loop
      vertex 153.666 98.8749 0
      vertex 153.641 98.7694 10
      vertex 153.641 98.7694 0
    endloop
  endfacet
  facet normal 0.973053 -0.230581 0
    outer loop
      vertex 153.666 98.8749 0
      vertex 153.666 98.8749 10
      vertex 153.641 98.7694 10
    endloop
  endfacet
  facet normal 0.824401 -0.566007 0
    outer loop
      vertex 154.126 99.5449 0
      vertex 153.666 98.8749 10
      vertex 153.666 98.8749 0
    endloop
  endfacet
  facet normal 0.824401 -0.566007 0
    outer loop
      vertex 154.126 99.5449 0
      vertex 154.126 99.5449 10
      vertex 153.666 98.8749 10
    endloop
  endfacet
  facet normal 0.208206 -0.978085 0
    outer loop
      vertex 154.328 99.5879 0
      vertex 154.126 99.5449 10
      vertex 154.126 99.5449 0
    endloop
  endfacet
  facet normal 0.208206 -0.978085 0
    outer loop
      vertex 154.328 99.5879 0
      vertex 154.328 99.5879 10
      vertex 154.126 99.5449 10
    endloop
  endfacet
  facet normal -0.521623 -0.853176 0
    outer loop
      vertex 154.925 99.2229 0
      vertex 154.328 99.5879 10
      vertex 154.328 99.5879 0
    endloop
  endfacet
  facet normal -0.521623 -0.853176 0
    outer loop
      vertex 154.925 99.2229 0
      vertex 154.925 99.2229 10
      vertex 154.328 99.5879 10
    endloop
  endfacet
  facet normal 0.474752 -0.88012 0
    outer loop
      vertex 156.092 99.8524 0
      vertex 154.925 99.2229 10
      vertex 154.925 99.2229 0
    endloop
  endfacet
  facet normal 0.474752 -0.88012 0
    outer loop
      vertex 156.092 99.8524 0
      vertex 156.092 99.8524 10
      vertex 154.925 99.2229 10
    endloop
  endfacet
  facet normal 0.859223 -0.511602 0
    outer loop
      vertex 156.321 100.237 0
      vertex 156.092 99.8524 10
      vertex 156.092 99.8524 0
    endloop
  endfacet
  facet normal 0.859223 -0.511602 0
    outer loop
      vertex 156.321 100.237 0
      vertex 156.321 100.237 10
      vertex 156.092 99.8524 10
    endloop
  endfacet
  facet normal 0.0909083 -0.995859 0
    outer loop
      vertex 156.562 100.259 0
      vertex 156.321 100.237 10
      vertex 156.321 100.237 0
    endloop
  endfacet
  facet normal 0.0909083 -0.995859 0
    outer loop
      vertex 156.562 100.259 0
      vertex 156.562 100.259 10
      vertex 156.321 100.237 10
    endloop
  endfacet
  facet normal -0.74666 -0.665206 0
    outer loop
      vertex 156.66 100.149 0
      vertex 156.562 100.259 10
      vertex 156.562 100.259 0
    endloop
  endfacet
  facet normal -0.74666 -0.665206 0
    outer loop
      vertex 156.66 100.149 0
      vertex 156.66 100.149 10
      vertex 156.562 100.259 10
    endloop
  endfacet
  facet normal 1 0 0
    outer loop
      vertex 156.66 100.191 0
      vertex 156.66 100.149 10
      vertex 156.66 100.149 0
    endloop
  endfacet
  facet normal 1 0 -0
    outer loop
      vertex 156.66 100.191 0
      vertex 156.66 100.191 10
      vertex 156.66 100.149 10
    endloop
  endfacet
  facet normal 0.321582 -0.946882 0
    outer loop
      vertex 156.819 100.245 0
      vertex 156.66 100.191 10
      vertex 156.66 100.191 0
    endloop
  endfacet
  facet normal 0.321582 -0.946882 0
    outer loop
      vertex 156.819 100.245 0
      vertex 156.819 100.245 10
      vertex 156.66 100.191 10
    endloop
  endfacet
  facet normal -0.257663 -0.966235 0
    outer loop
      vertex 156.969 100.205 0
      vertex 156.819 100.245 10
      vertex 156.819 100.245 0
    endloop
  endfacet
  facet normal -0.257663 -0.966235 0
    outer loop
      vertex 156.969 100.205 0
      vertex 156.969 100.205 10
      vertex 156.819 100.245 10
    endloop
  endfacet
  facet normal -0.776981 -0.629524 0
    outer loop
      vertex 157.08 100.068 0
      vertex 156.969 100.205 10
      vertex 156.969 100.205 0
    endloop
  endfacet
  facet normal -0.776981 -0.629524 0
    outer loop
      vertex 157.08 100.068 0
      vertex 157.08 100.068 10
      vertex 156.969 100.205 10
    endloop
  endfacet
  facet normal -0.998619 -0.0525313 0
    outer loop
      vertex 157.09 99.8779 0
      vertex 157.08 100.068 10
      vertex 157.08 100.068 0
    endloop
  endfacet
  facet normal -0.998619 -0.0525313 0
    outer loop
      vertex 157.09 99.8779 0
      vertex 157.09 99.8779 10
      vertex 157.08 100.068 10
    endloop
  endfacet
  facet normal -0.8366 0.547814 0
    outer loop
      vertex 157.009 99.7542 0
      vertex 157.09 99.8779 10
      vertex 157.09 99.8779 0
    endloop
  endfacet
  facet normal -0.8366 0.547814 0
    outer loop
      vertex 157.009 99.7542 0
      vertex 157.009 99.7542 10
      vertex 157.09 99.8779 10
    endloop
  endfacet
  facet normal -0.748699 -0.66291 0
    outer loop
      vertex 157.332 99.3894 0
      vertex 157.009 99.7542 10
      vertex 157.009 99.7542 0
    endloop
  endfacet
  facet normal -0.748699 -0.66291 0
    outer loop
      vertex 157.332 99.3894 0
      vertex 157.332 99.3894 10
      vertex 157.009 99.7542 10
    endloop
  endfacet
  facet normal -0.999891 0.0147767 0
    outer loop
      vertex 157.329 99.1864 0
      vertex 157.332 99.3894 10
      vertex 157.332 99.3894 0
    endloop
  endfacet
  facet normal -0.999891 0.0147767 0
    outer loop
      vertex 157.329 99.1864 0
      vertex 157.329 99.1864 10
      vertex 157.332 99.3894 10
    endloop
  endfacet
  facet normal -0.723474 0.690352 0
    outer loop
      vertex 156.587 98.4088 0
      vertex 157.329 99.1864 10
      vertex 157.329 99.1864 0
    endloop
  endfacet
  facet normal -0.723474 0.690352 0
    outer loop
      vertex 156.587 98.4088 0
      vertex 156.587 98.4088 10
      vertex 157.329 99.1864 10
    endloop
  endfacet
  facet normal -0.797152 -0.603779 0
    outer loop
      vertex 156.957 97.9203 0
      vertex 156.587 98.4088 10
      vertex 156.587 98.4088 0
    endloop
  endfacet
  facet normal -0.797152 -0.603779 0
    outer loop
      vertex 156.957 97.9203 0
      vertex 156.957 97.9203 10
      vertex 156.587 98.4088 10
    endloop
  endfacet
  facet normal 0.133486 -0.991051 0
    outer loop
      vertex 158.43 98.1187 0
      vertex 156.957 97.9203 10
      vertex 156.957 97.9203 0
    endloop
  endfacet
  facet normal 0.133486 -0.991051 0
    outer loop
      vertex 158.43 98.1187 0
      vertex 158.43 98.1187 10
      vertex 156.957 97.9203 10
    endloop
  endfacet
  facet normal -0.144157 -0.989555 0
    outer loop
      vertex 158.511 98.1069 0
      vertex 158.43 98.1187 10
      vertex 158.43 98.1187 0
    endloop
  endfacet
  facet normal -0.144157 -0.989555 0
    outer loop
      vertex 158.511 98.1069 0
      vertex 158.511 98.1069 10
      vertex 158.43 98.1187 10
    endloop
  endfacet
  facet normal -0.408815 -0.912617 0
    outer loop
      vertex 159.295 97.7557 0
      vertex 158.511 98.1069 10
      vertex 158.511 98.1069 0
    endloop
  endfacet
  facet normal -0.408815 -0.912617 0
    outer loop
      vertex 159.295 97.7557 0
      vertex 159.295 97.7557 10
      vertex 158.511 98.1069 10
    endloop
  endfacet
  facet normal 0.650519 -0.75949 0
    outer loop
      vertex 160.192 98.524 0
      vertex 159.295 97.7557 10
      vertex 159.295 97.7557 0
    endloop
  endfacet
  facet normal 0.650519 -0.75949 0
    outer loop
      vertex 160.192 98.524 0
      vertex 160.192 98.524 10
      vertex 159.295 97.7557 10
    endloop
  endfacet
  facet normal 0.252205 -0.967674 0
    outer loop
      vertex 160.319 98.5571 0
      vertex 160.192 98.524 10
      vertex 160.192 98.524 0
    endloop
  endfacet
  facet normal 0.252205 -0.967674 0
    outer loop
      vertex 160.319 98.5571 0
      vertex 160.319 98.5571 10
      vertex 160.192 98.524 10
    endloop
  endfacet
  facet normal -0.195849 -0.980634 0
    outer loop
      vertex 160.672 98.4866 0
      vertex 160.319 98.5571 10
      vertex 160.319 98.5571 0
    endloop
  endfacet
  facet normal -0.195849 -0.980634 0
    outer loop
      vertex 160.672 98.4866 0
      vertex 160.672 98.4866 10
      vertex 160.319 98.5571 10
    endloop
  endfacet
  facet normal 0.981334 -0.192312 0
    outer loop
      vertex 160.743 98.8489 0
      vertex 160.672 98.4866 10
      vertex 160.672 98.4866 0
    endloop
  endfacet
  facet normal 0.981334 -0.192312 0
    outer loop
      vertex 160.743 98.8489 0
      vertex 160.743 98.8489 10
      vertex 160.672 98.4866 10
    endloop
  endfacet
  facet normal 0.504646 -0.863327 0
    outer loop
      vertex 160.937 98.9623 0
      vertex 160.743 98.8489 10
      vertex 160.743 98.8489 0
    endloop
  endfacet
  facet normal 0.504646 -0.863327 0
    outer loop
      vertex 160.937 98.9623 0
      vertex 160.937 98.9623 10
      vertex 160.743 98.8489 10
    endloop
  endfacet
  facet normal -0.315927 -0.948783 0
    outer loop
      vertex 161.316 98.8361 0
      vertex 160.937 98.9623 10
      vertex 160.937 98.9623 0
    endloop
  endfacet
  facet normal -0.315927 -0.948783 0
    outer loop
      vertex 161.316 98.8361 0
      vertex 161.316 98.8361 10
      vertex 160.937 98.9623 10
    endloop
  endfacet
  facet normal 0.57213 -0.820163 0
    outer loop
      vertex 162.143 99.413 0
      vertex 161.316 98.8361 10
      vertex 161.316 98.8361 0
    endloop
  endfacet
  facet normal 0.57213 -0.820163 0
    outer loop
      vertex 162.143 99.413 0
      vertex 162.143 99.413 10
      vertex 161.316 98.8361 10
    endloop
  endfacet
  facet normal 0.16589 0.986144 0
    outer loop
      vertex 161.435 99.5321 0
      vertex 162.143 99.413 10
      vertex 162.143 99.413 0
    endloop
  endfacet
  facet normal 0.16589 0.986144 -0
    outer loop
      vertex 161.435 99.5321 0
      vertex 161.435 99.5321 10
      vertex 162.143 99.413 10
    endloop
  endfacet
  facet normal 0.402513 0.915414 0
    outer loop
      vertex 161.367 99.562 0
      vertex 161.435 99.5321 10
      vertex 161.435 99.5321 0
    endloop
  endfacet
  facet normal 0.402513 0.915414 -0
    outer loop
      vertex 161.367 99.562 0
      vertex 161.367 99.562 10
      vertex 161.435 99.5321 10
    endloop
  endfacet
  facet normal 0.617474 0.786591 0
    outer loop
      vertex 160.767 100.033 0
      vertex 161.367 99.562 10
      vertex 161.367 99.562 0
    endloop
  endfacet
  facet normal 0.617474 0.786591 -0
    outer loop
      vertex 160.767 100.033 0
      vertex 160.767 100.033 10
      vertex 161.367 99.562 10
    endloop
  endfacet
  facet normal -0.126417 0.991977 0
    outer loop
      vertex 160.439 99.9912 0
      vertex 160.767 100.033 10
      vertex 160.767 100.033 0
    endloop
  endfacet
  facet normal -0.126417 0.991977 0
    outer loop
      vertex 160.439 99.9912 0
      vertex 160.439 99.9912 10
      vertex 160.767 100.033 10
    endloop
  endfacet
  facet normal 0.617242 0.786773 0
    outer loop
      vertex 160.271 100.123 0
      vertex 160.439 99.9912 10
      vertex 160.439 99.9912 0
    endloop
  endfacet
  facet normal 0.617242 0.786773 -0
    outer loop
      vertex 160.271 100.123 0
      vertex 160.271 100.123 10
      vertex 160.439 99.9912 10
    endloop
  endfacet
  facet normal 0.993282 0.115722 0
    outer loop
      vertex 160.235 100.432 0
      vertex 160.271 100.123 10
      vertex 160.271 100.123 0
    endloop
  endfacet
  facet normal 0.993282 0.115722 -0
    outer loop
      vertex 160.235 100.432 0
      vertex 160.235 100.432 10
      vertex 160.271 100.123 10
    endloop
  endfacet
  facet normal 0.0939943 0.995573 0
    outer loop
      vertex 159.716 100.481 0
      vertex 160.235 100.432 10
      vertex 160.235 100.432 0
    endloop
  endfacet
  facet normal 0.0939943 0.995573 -0
    outer loop
      vertex 159.716 100.481 0
      vertex 159.716 100.481 10
      vertex 160.235 100.432 10
    endloop
  endfacet
  facet normal 0.580607 0.814184 0
    outer loop
      vertex 159.594 100.568 0
      vertex 159.716 100.481 10
      vertex 159.716 100.481 0
    endloop
  endfacet
  facet normal 0.580607 0.814184 -0
    outer loop
      vertex 159.594 100.568 0
      vertex 159.594 100.568 10
      vertex 159.716 100.481 10
    endloop
  endfacet
  facet normal 0.909281 0.416182 0
    outer loop
      vertex 159.291 101.23 0
      vertex 159.594 100.568 10
      vertex 159.594 100.568 0
    endloop
  endfacet
  facet normal 0.909281 0.416182 -0
    outer loop
      vertex 159.291 101.23 0
      vertex 159.291 101.23 10
      vertex 159.594 100.568 10
    endloop
  endfacet
  facet normal -0.960739 0.277455 0
    outer loop
      vertex 159.224 100.998 0
      vertex 159.291 101.23 10
      vertex 159.291 101.23 0
    endloop
  endfacet
  facet normal -0.960739 0.277455 0
    outer loop
      vertex 159.224 100.998 0
      vertex 159.224 100.998 10
      vertex 159.291 101.23 10
    endloop
  endfacet
  facet normal -0.56921 0.822192 0
    outer loop
      vertex 159.068 100.89 0
      vertex 159.224 100.998 10
      vertex 159.224 100.998 0
    endloop
  endfacet
  facet normal -0.56921 0.822192 0
    outer loop
      vertex 159.068 100.89 0
      vertex 159.068 100.89 10
      vertex 159.224 100.998 10
    endloop
  endfacet
  facet normal 0.0808159 0.996729 0
    outer loop
      vertex 158.846 100.908 0
      vertex 159.068 100.89 10
      vertex 159.068 100.89 0
    endloop
  endfacet
  facet normal 0.0808159 0.996729 -0
    outer loop
      vertex 158.846 100.908 0
      vertex 158.846 100.908 10
      vertex 159.068 100.89 10
    endloop
  endfacet
  facet normal -0.995646 0.0932178 0
    outer loop
      vertex 158.799 100.406 0
      vertex 158.846 100.908 10
      vertex 158.846 100.908 0
    endloop
  endfacet
  facet normal -0.995646 0.0932178 0
    outer loop
      vertex 158.799 100.406 0
      vertex 158.799 100.406 10
      vertex 158.846 100.908 10
    endloop
  endfacet
  facet normal -0.57582 0.817576 0
    outer loop
      vertex 158.613 100.275 0
      vertex 158.799 100.406 10
      vertex 158.799 100.406 0
    endloop
  endfacet
  facet normal -0.57582 0.817576 0
    outer loop
      vertex 158.613 100.275 0
      vertex 158.613 100.275 10
      vertex 158.799 100.406 10
    endloop
  endfacet
  facet normal 0.246399 0.969169 0
    outer loop
      vertex 157.433 100.575 0
      vertex 158.613 100.275 10
      vertex 158.613 100.275 0
    endloop
  endfacet
  facet normal 0.246399 0.969169 -0
    outer loop
      vertex 157.433 100.575 0
      vertex 157.433 100.575 10
      vertex 158.613 100.275 10
    endloop
  endfacet
  facet normal 0.606815 0.794843 0
    outer loop
      vertex 157.34 100.646 0
      vertex 157.433 100.575 10
      vertex 157.433 100.575 0
    endloop
  endfacet
  facet normal 0.606815 0.794843 -0
    outer loop
      vertex 157.34 100.646 0
      vertex 157.34 100.646 10
      vertex 157.433 100.575 10
    endloop
  endfacet
  facet normal 0.869175 0.494504 0
    outer loop
      vertex 157.014 101.219 0
      vertex 157.34 100.646 10
      vertex 157.34 100.646 0
    endloop
  endfacet
  facet normal 0.869175 0.494504 -0
    outer loop
      vertex 157.014 101.219 0
      vertex 157.014 101.219 10
      vertex 157.34 100.646 10
    endloop
  endfacet
  facet normal -0.217744 0.976006 0
    outer loop
      vertex 156.633 101.134 0
      vertex 157.014 101.219 10
      vertex 157.014 101.219 0
    endloop
  endfacet
  facet normal -0.217744 0.976006 0
    outer loop
      vertex 156.633 101.134 0
      vertex 156.633 101.134 10
      vertex 157.014 101.219 10
    endloop
  endfacet
  facet normal 0.119145 0.992877 0
    outer loop
      vertex 156.533 101.146 0
      vertex 156.633 101.134 10
      vertex 156.633 101.134 0
    endloop
  endfacet
  facet normal 0.119145 0.992877 -0
    outer loop
      vertex 156.533 101.146 0
      vertex 156.533 101.146 10
      vertex 156.633 101.134 10
    endloop
  endfacet
  facet normal 0.447214 0.894427 0
    outer loop
      vertex 155.933 101.446 0
      vertex 156.533 101.146 10
      vertex 156.533 101.146 0
    endloop
  endfacet
  facet normal 0.447214 0.894427 -0
    outer loop
      vertex 155.933 101.446 0
      vertex 155.933 101.446 10
      vertex 156.533 101.146 10
    endloop
  endfacet
  facet normal 0.984658 0.174496 0
    outer loop
      vertex 155.891 101.683 0
      vertex 155.933 101.446 10
      vertex 155.933 101.446 0
    endloop
  endfacet
  facet normal 0.984658 0.174496 -0
    outer loop
      vertex 155.891 101.683 0
      vertex 155.891 101.683 10
      vertex 155.933 101.446 10
    endloop
  endfacet
  facet normal 0.725705 -0.688006 0
    outer loop
      vertex 157.351 103.223 0
      vertex 155.891 101.683 10
      vertex 155.891 101.683 0
    endloop
  endfacet
  facet normal 0.725705 -0.688006 0
    outer loop
      vertex 157.351 103.223 0
      vertex 157.351 103.223 10
      vertex 155.891 101.683 10
    endloop
  endfacet
  facet normal 0.591364 -0.806405 0
    outer loop
      vertex 157.396 103.256 0
      vertex 157.351 103.223 10
      vertex 157.351 103.223 0
    endloop
  endfacet
  facet normal 0.591364 -0.806405 0
    outer loop
      vertex 157.396 103.256 0
      vertex 157.396 103.256 10
      vertex 157.351 103.223 10
    endloop
  endfacet
  facet normal 0.424322 -0.905511 0
    outer loop
      vertex 158.017 103.547 0
      vertex 157.396 103.256 10
      vertex 157.396 103.256 0
    endloop
  endfacet
  facet normal 0.424322 -0.905511 0
    outer loop
      vertex 158.017 103.547 0
      vertex 158.017 103.547 10
      vertex 157.396 103.256 10
    endloop
  endfacet
  facet normal 0.651933 0.758277 0
    outer loop
      vertex 157.853 103.688 0
      vertex 158.017 103.547 10
      vertex 158.017 103.547 0
    endloop
  endfacet
  facet normal 0.651933 0.758277 -0
    outer loop
      vertex 157.853 103.688 0
      vertex 157.853 103.688 10
      vertex 158.017 103.547 10
    endloop
  endfacet
  facet normal -0.595774 0.803152 0
    outer loop
      vertex 156.939 103.01 0
      vertex 157.853 103.688 10
      vertex 157.853 103.688 0
    endloop
  endfacet
  facet normal -0.595774 0.803152 0
    outer loop
      vertex 156.939 103.01 0
      vertex 156.939 103.01 10
      vertex 157.853 103.688 10
    endloop
  endfacet
  facet normal -0.156327 0.987705 0
    outer loop
      vertex 156.8 102.988 0
      vertex 156.939 103.01 10
      vertex 156.939 103.01 0
    endloop
  endfacet
  facet normal -0.156327 0.987705 0
    outer loop
      vertex 156.8 102.988 0
      vertex 156.8 102.988 10
      vertex 156.939 103.01 10
    endloop
  endfacet
  facet normal 0.333532 0.942739 0
    outer loop
      vertex 156.523 103.086 0
      vertex 156.8 102.988 10
      vertex 156.8 102.988 0
    endloop
  endfacet
  facet normal 0.333532 0.942739 -0
    outer loop
      vertex 156.523 103.086 0
      vertex 156.523 103.086 10
      vertex 156.8 102.988 10
    endloop
  endfacet
  facet normal -0.73549 0.677536 0
    outer loop
      vertex 155.88 102.388 0
      vertex 156.523 103.086 10
      vertex 156.523 103.086 0
    endloop
  endfacet
  facet normal -0.73549 0.677536 0
    outer loop
      vertex 155.88 102.388 0
      vertex 155.88 102.388 10
      vertex 156.523 103.086 10
    endloop
  endfacet
  facet normal -0.616882 0.787056 0
    outer loop
      vertex 155.843 102.359 0
      vertex 155.88 102.388 10
      vertex 155.88 102.388 0
    endloop
  endfacet
  facet normal -0.616882 0.787056 0
    outer loop
      vertex 155.843 102.359 0
      vertex 155.843 102.359 10
      vertex 155.88 102.388 10
    endloop
  endfacet
  facet normal -0.486716 0.87356 0
    outer loop
      vertex 153.77 101.204 0
      vertex 155.843 102.359 10
      vertex 155.843 102.359 0
    endloop
  endfacet
  facet normal -0.486716 0.87356 0
    outer loop
      vertex 153.77 101.204 0
      vertex 153.77 101.204 10
      vertex 155.843 102.359 10
    endloop
  endfacet
  facet normal -0.789317 0.613986 0
    outer loop
      vertex 152.558 99.6459 0
      vertex 153.77 101.204 10
      vertex 153.77 101.204 0
    endloop
  endfacet
  facet normal -0.789317 0.613986 0
    outer loop
      vertex 152.558 99.6459 0
      vertex 152.558 99.6459 10
      vertex 153.77 101.204 10
    endloop
  endfacet
  facet normal -0.999205 0.03986 0
    outer loop
      vertex 152.53 98.944 0
      vertex 152.558 99.6459 10
      vertex 152.558 99.6459 0
    endloop
  endfacet
  facet normal -0.999205 0.03986 0
    outer loop
      vertex 152.53 98.944 0
      vertex 152.53 98.944 10
      vertex 152.558 99.6459 10
    endloop
  endfacet
  facet normal -0.701966 0.71221 0
    outer loop
      vertex 152.384 98.8001 0
      vertex 152.53 98.944 10
      vertex 152.53 98.944 0
    endloop
  endfacet
  facet normal -0.701966 0.71221 0
    outer loop
      vertex 152.384 98.8001 0
      vertex 152.384 98.8001 10
      vertex 152.53 98.944 10
    endloop
  endfacet
  facet normal -0.0285598 0.999592 0
    outer loop
      vertex 152.034 98.7901 0
      vertex 152.384 98.8001 10
      vertex 152.384 98.8001 0
    endloop
  endfacet
  facet normal -0.0285598 0.999592 0
    outer loop
      vertex 152.034 98.7901 0
      vertex 152.034 98.7901 10
      vertex 152.384 98.8001 10
    endloop
  endfacet
  facet normal 0.285371 0.958417 0
    outer loop
      vertex 151.945 98.8166 0
      vertex 152.034 98.7901 10
      vertex 152.034 98.7901 0
    endloop
  endfacet
  facet normal 0.285371 0.958417 -0
    outer loop
      vertex 151.945 98.8166 0
      vertex 151.945 98.8166 10
      vertex 152.034 98.7901 10
    endloop
  endfacet
  facet normal 0.568682 0.822558 0
    outer loop
      vertex 151.135 99.3766 0
      vertex 151.945 98.8166 10
      vertex 151.945 98.8166 0
    endloop
  endfacet
  facet normal 0.568682 0.822558 -0
    outer loop
      vertex 151.135 99.3766 0
      vertex 151.135 99.3766 10
      vertex 151.945 98.8166 10
    endloop
  endfacet
  facet normal 0.928888 0.370361 0
    outer loop
      vertex 151.073 99.5321 0
      vertex 151.135 99.3766 10
      vertex 151.135 99.3766 0
    endloop
  endfacet
  facet normal 0.928888 0.370361 -0
    outer loop
      vertex 151.073 99.5321 0
      vertex 151.073 99.5321 10
      vertex 151.135 99.3766 10
    endloop
  endfacet
  facet normal 0.976859 -0.213886 0
    outer loop
      vertex 151.198 100.103 0
      vertex 151.073 99.5321 10
      vertex 151.073 99.5321 0
    endloop
  endfacet
  facet normal 0.976859 -0.213886 0
    outer loop
      vertex 151.198 100.103 0
      vertex 151.198 100.103 10
      vertex 151.073 99.5321 10
    endloop
  endfacet
  facet normal 0.789572 0.613657 0
    outer loop
      vertex 150.898 100.489 0
      vertex 151.198 100.103 10
      vertex 151.198 100.103 0
    endloop
  endfacet
  facet normal 0.789572 0.613657 -0
    outer loop
      vertex 150.898 100.489 0
      vertex 150.898 100.489 10
      vertex 151.198 100.103 10
    endloop
  endfacet
  facet normal -0.0184526 0.99983 0
    outer loop
      vertex 148.243 100.44 0
      vertex 150.898 100.489 10
      vertex 150.898 100.489 0
    endloop
  endfacet
  facet normal -0.0184526 0.99983 0
    outer loop
      vertex 148.243 100.44 0
      vertex 148.243 100.44 10
      vertex 150.898 100.489 10
    endloop
  endfacet
  facet normal 0.627854 0.778331 0
    outer loop
      vertex 148.093 100.561 0
      vertex 148.243 100.44 10
      vertex 148.243 100.44 0
    endloop
  endfacet
  facet normal 0.627854 0.778331 -0
    outer loop
      vertex 148.093 100.561 0
      vertex 148.093 100.561 10
      vertex 148.243 100.44 10
    endloop
  endfacet
  facet normal 0.981664 0.190619 0
    outer loop
      vertex 147.646 102.863 0
      vertex 148.093 100.561 10
      vertex 148.093 100.561 0
    endloop
  endfacet
  facet normal 0.981664 0.190619 -0
    outer loop
      vertex 147.646 102.863 0
      vertex 147.646 102.863 10
      vertex 148.093 100.561 10
    endloop
  endfacet
  facet normal 0.0281139 0.999605 0
    outer loop
      vertex 146.686 102.89 0
      vertex 147.646 102.863 10
      vertex 147.646 102.863 0
    endloop
  endfacet
  facet normal 0.0281139 0.999605 -0
    outer loop
      vertex 146.686 102.89 0
      vertex 146.686 102.89 10
      vertex 147.646 102.863 10
    endloop
  endfacet
  facet normal 0.738685 0.67405 0
    outer loop
      vertex 146.54 103.05 0
      vertex 146.686 102.89 10
      vertex 146.686 102.89 0
    endloop
  endfacet
  facet normal 0.738685 0.67405 -0
    outer loop
      vertex 146.54 103.05 0
      vertex 146.54 103.05 10
      vertex 146.686 102.89 10
    endloop
  endfacet
  facet normal 0.997744 -0.067131 0
    outer loop
      vertex 146.722 105.755 0
      vertex 146.54 103.05 10
      vertex 146.54 103.05 0
    endloop
  endfacet
  facet normal 0.997744 -0.067131 0
    outer loop
      vertex 146.722 105.755 0
      vertex 146.722 105.755 10
      vertex 146.54 103.05 10
    endloop
  endfacet
  facet normal -0.458108 0.888897 0
    outer loop
      vertex 146.299 105.537 0
      vertex 146.722 105.755 10
      vertex 146.722 105.755 0
    endloop
  endfacet
  facet normal -0.458108 0.888897 0
    outer loop
      vertex 146.299 105.537 0
      vertex 146.299 105.537 10
      vertex 146.722 105.755 10
    endloop
  endfacet
  facet normal 0.302035 0.953297 0
    outer loop
      vertex 146.097 105.601 0
      vertex 146.299 105.537 10
      vertex 146.299 105.537 0
    endloop
  endfacet
  facet normal 0.302035 0.953297 -0
    outer loop
      vertex 146.097 105.601 0
      vertex 146.097 105.601 10
      vertex 146.299 105.537 10
    endloop
  endfacet
  facet normal 0.889017 0.457875 0
    outer loop
      vertex 145.429 106.898 0
      vertex 146.097 105.601 10
      vertex 146.097 105.601 0
    endloop
  endfacet
  facet normal 0.889017 0.457875 -0
    outer loop
      vertex 145.429 106.898 0
      vertex 145.429 106.898 10
      vertex 146.097 105.601 10
    endloop
  endfacet
  facet normal 0.681595 0.73173 0
    outer loop
      vertex 144.203 108.04 0
      vertex 145.429 106.898 10
      vertex 145.429 106.898 0
    endloop
  endfacet
  facet normal 0.681595 0.73173 -0
    outer loop
      vertex 144.203 108.04 0
      vertex 144.203 108.04 10
      vertex 145.429 106.898 10
    endloop
  endfacet
  facet normal -0.440616 0.897695 0
    outer loop
      vertex 143.276 107.585 0
      vertex 144.203 108.04 10
      vertex 144.203 108.04 0
    endloop
  endfacet
  facet normal -0.440616 0.897695 0
    outer loop
      vertex 143.276 107.585 0
      vertex 143.276 107.585 10
      vertex 144.203 108.04 10
    endloop
  endfacet
  facet normal -0.174496 0.984658 0
    outer loop
      vertex 143.197 107.571 0
      vertex 143.276 107.585 10
      vertex 143.276 107.585 0
    endloop
  endfacet
  facet normal -0.174496 0.984658 0
    outer loop
      vertex 143.197 107.571 0
      vertex 143.197 107.571 10
      vertex 143.276 107.585 10
    endloop
  endfacet
  facet normal 0.086787 0.996227 0
    outer loop
      vertex 140.465 107.809 0
      vertex 143.197 107.571 10
      vertex 143.197 107.571 0
    endloop
  endfacet
  facet normal 0.086787 0.996227 -0
    outer loop
      vertex 140.465 107.809 0
      vertex 140.465 107.809 10
      vertex 143.197 107.571 10
    endloop
  endfacet
  facet normal -0.153635 0.988128 0
    outer loop
      vertex 137.783 107.392 0
      vertex 140.465 107.809 10
      vertex 140.465 107.809 0
    endloop
  endfacet
  facet normal -0.153635 0.988128 0
    outer loop
      vertex 137.783 107.392 0
      vertex 137.783 107.392 10
      vertex 140.465 107.809 10
    endloop
  endfacet
  facet normal 0.341184 0.939997 0
    outer loop
      vertex 137.648 107.441 0
      vertex 137.783 107.392 10
      vertex 137.783 107.392 0
    endloop
  endfacet
  facet normal 0.341184 0.939997 -0
    outer loop
      vertex 137.648 107.441 0
      vertex 137.648 107.441 10
      vertex 137.783 107.392 10
    endloop
  endfacet
  facet normal 0.748791 0.662806 0
    outer loop
      vertex 135.798 109.531 0
      vertex 137.648 107.441 10
      vertex 137.648 107.441 0
    endloop
  endfacet
  facet normal 0.748791 0.662806 -0
    outer loop
      vertex 135.798 109.531 0
      vertex 135.798 109.531 10
      vertex 137.648 107.441 10
    endloop
  endfacet
  facet normal 0.820398 0.571793 0
    outer loop
      vertex 135.775 109.564 0
      vertex 135.798 109.531 10
      vertex 135.798 109.531 0
    endloop
  endfacet
  facet normal 0.820398 0.571793 -0
    outer loop
      vertex 135.775 109.564 0
      vertex 135.775 109.564 10
      vertex 135.798 109.531 10
    endloop
  endfacet
  facet normal 0.897154 0.441718 0
    outer loop
      vertex 135.453 110.218 0
      vertex 135.775 109.564 10
      vertex 135.775 109.564 0
    endloop
  endfacet
  facet normal 0.897154 0.441718 -0
    outer loop
      vertex 135.453 110.218 0
      vertex 135.453 110.218 10
      vertex 135.775 109.564 10
    endloop
  endfacet
  facet normal 0.556488 0.830855 0
    outer loop
      vertex 130.096 113.806 0
      vertex 135.453 110.218 10
      vertex 135.453 110.218 0
    endloop
  endfacet
  facet normal 0.556488 0.830855 -0
    outer loop
      vertex 130.096 113.806 0
      vertex 130.096 113.806 10
      vertex 135.453 110.218 10
    endloop
  endfacet
  facet normal -0.295258 0.955418 0
    outer loop
      vertex 124.54 112.089 0
      vertex 130.096 113.806 10
      vertex 130.096 113.806 0
    endloop
  endfacet
  facet normal -0.295258 0.955418 0
    outer loop
      vertex 124.54 112.089 0
      vertex 124.54 112.089 10
      vertex 130.096 113.806 10
    endloop
  endfacet
  facet normal -1 0 0
    outer loop
      vertex 124.54 101.149 0
      vertex 124.54 112.089 10
      vertex 124.54 112.089 0
    endloop
  endfacet
  facet normal -1 0 0
    outer loop
      vertex 124.54 101.149 0
      vertex 124.54 101.149 10
      vertex 124.54 112.089 10
    endloop
  endfacet
  facet normal -0.0728953 -0.99734 0
    outer loop
      vertex 126.647 100.995 0
      vertex 124.54 101.149 10
      vertex 124.54 101.149 0
    endloop
  endfacet
  facet normal -0.0728953 -0.99734 0
    outer loop
      vertex 126.647 100.995 0
      vertex 126.647 100.995 10
      vertex 124.54 101.149 10
    endloop
  endfacet
  facet normal 0.752577 -0.658505 0
    outer loop
      vertex 126.738 101.099 0
      vertex 126.647 100.995 10
      vertex 126.647 100.995 0
    endloop
  endfacet
  facet normal 0.752577 -0.658505 0
    outer loop
      vertex 126.738 101.099 0
      vertex 126.738 101.099 10
      vertex 126.647 100.995 10
    endloop
  endfacet
  facet normal 0.804755 0.593607 0
    outer loop
      vertex 126.589 101.301 0
      vertex 126.738 101.099 10
      vertex 126.738 101.099 0
    endloop
  endfacet
  facet normal 0.804755 0.593607 -0
    outer loop
      vertex 126.589 101.301 0
      vertex 126.589 101.301 10
      vertex 126.738 101.099 10
    endloop
  endfacet
  facet normal 0.935286 0.353892 0
    outer loop
      vertex 126.561 101.375 0
      vertex 126.589 101.301 10
      vertex 126.589 101.301 0
    endloop
  endfacet
  facet normal 0.935286 0.353892 -0
    outer loop
      vertex 126.561 101.375 0
      vertex 126.561 101.375 10
      vertex 126.589 101.301 10
    endloop
  endfacet
  facet normal 0.995118 0.0986894 0
    outer loop
      vertex 126.441 102.585 0
      vertex 126.561 101.375 10
      vertex 126.561 101.375 0
    endloop
  endfacet
  facet normal 0.995118 0.0986894 -0
    outer loop
      vertex 126.441 102.585 0
      vertex 126.441 102.585 10
      vertex 126.561 101.375 10
    endloop
  endfacet
  facet normal 0.949506 -0.31375 0
    outer loop
      vertex 126.479 102.7 0
      vertex 126.441 102.585 10
      vertex 126.441 102.585 0
    endloop
  endfacet
  facet normal 0.949506 -0.31375 0
    outer loop
      vertex 126.479 102.7 0
      vertex 126.479 102.7 10
      vertex 126.441 102.585 10
    endloop
  endfacet
  facet normal 0.743294 -0.668965 0
    outer loop
      vertex 127.199 103.5 0
      vertex 126.479 102.7 10
      vertex 126.479 102.7 0
    endloop
  endfacet
  facet normal 0.743294 -0.668965 0
    outer loop
      vertex 127.199 103.5 0
      vertex 127.199 103.5 10
      vertex 126.479 102.7 10
    endloop
  endfacet
  facet normal 0.483077 -0.875578 0
    outer loop
      vertex 127.286 103.548 0
      vertex 127.199 103.5 10
      vertex 127.199 103.5 0
    endloop
  endfacet
  facet normal 0.483077 -0.875578 0
    outer loop
      vertex 127.286 103.548 0
      vertex 127.286 103.548 10
      vertex 127.199 103.5 10
    endloop
  endfacet
  facet normal 0.160308 -0.987067 0
    outer loop
      vertex 128.382 103.726 0
      vertex 127.286 103.548 10
      vertex 127.286 103.548 0
    endloop
  endfacet
  facet normal 0.160308 -0.987067 0
    outer loop
      vertex 128.382 103.726 0
      vertex 128.382 103.726 10
      vertex 127.286 103.548 10
    endloop
  endfacet
  facet normal 0.886414 -0.462893 0
    outer loop
      vertex 128.817 104.559 0
      vertex 128.382 103.726 10
      vertex 128.382 103.726 0
    endloop
  endfacet
  facet normal 0.886414 -0.462893 0
    outer loop
      vertex 128.817 104.559 0
      vertex 128.817 104.559 10
      vertex 128.382 103.726 10
    endloop
  endfacet
  facet normal 0.281417 -0.959586 0
    outer loop
      vertex 129.025 104.62 0
      vertex 128.817 104.559 10
      vertex 128.817 104.559 0
    endloop
  endfacet
  facet normal 0.281417 -0.959586 0
    outer loop
      vertex 129.025 104.62 0
      vertex 129.025 104.62 10
      vertex 128.817 104.559 10
    endloop
  endfacet
  facet normal -0.499015 -0.866593 0
    outer loop
      vertex 129.414 104.396 0
      vertex 129.025 104.62 10
      vertex 129.025 104.62 0
    endloop
  endfacet
  facet normal -0.499015 -0.866593 0
    outer loop
      vertex 129.414 104.396 0
      vertex 129.414 104.396 10
      vertex 129.025 104.62 10
    endloop
  endfacet
  facet normal 0.812832 0.582498 0
    outer loop
      vertex 129.108 104.823 0
      vertex 129.414 104.396 10
      vertex 129.414 104.396 0
    endloop
  endfacet
  facet normal 0.812832 0.582498 -0
    outer loop
      vertex 129.108 104.823 0
      vertex 129.108 104.823 10
      vertex 129.414 104.396 10
    endloop
  endfacet
  facet normal 0.999984 -0.00568173 0
    outer loop
      vertex 129.109 104.999 0
      vertex 129.108 104.823 10
      vertex 129.108 104.823 0
    endloop
  endfacet
  facet normal 0.999984 -0.00568173 0
    outer loop
      vertex 129.109 104.999 0
      vertex 129.109 104.999 10
      vertex 129.108 104.823 10
    endloop
  endfacet
  facet normal 0.515781 -0.856721 0
    outer loop
      vertex 129.207 105.058 0
      vertex 129.109 104.999 10
      vertex 129.109 104.999 0
    endloop
  endfacet
  facet normal 0.515781 -0.856721 0
    outer loop
      vertex 129.207 105.058 0
      vertex 129.207 105.058 10
      vertex 129.109 104.999 10
    endloop
  endfacet
  facet normal 0.151719 -0.988424 0
    outer loop
      vertex 129.865 105.159 0
      vertex 129.207 105.058 10
      vertex 129.207 105.058 0
    endloop
  endfacet
  facet normal 0.151719 -0.988424 0
    outer loop
      vertex 129.865 105.159 0
      vertex 129.865 105.159 10
      vertex 129.207 105.058 10
    endloop
  endfacet
  facet normal 0.813549 -0.581496 0
    outer loop
      vertex 130.078 105.457 0
      vertex 129.865 105.159 10
      vertex 129.865 105.159 0
    endloop
  endfacet
  facet normal 0.813549 -0.581496 0
    outer loop
      vertex 130.078 105.457 0
      vertex 130.078 105.457 10
      vertex 129.865 105.159 10
    endloop
  endfacet
  facet normal 0.073712 -0.99728 0
    outer loop
      vertex 130.308 105.474 0
      vertex 130.078 105.457 10
      vertex 130.078 105.457 0
    endloop
  endfacet
  facet normal 0.073712 -0.99728 0
    outer loop
      vertex 130.308 105.474 0
      vertex 130.308 105.474 10
      vertex 130.078 105.457 10
    endloop
  endfacet
  facet normal -0.717883 -0.696164 0
    outer loop
      vertex 130.917 104.846 0
      vertex 130.308 105.474 10
      vertex 130.308 105.474 0
    endloop
  endfacet
  facet normal -0.717883 -0.696164 0
    outer loop
      vertex 130.917 104.846 0
      vertex 130.917 104.846 10
      vertex 130.308 105.474 10
    endloop
  endfacet
  facet normal -0.231621 -0.972806 0
    outer loop
      vertex 131.505 104.706 0
      vertex 130.917 104.846 10
      vertex 130.917 104.846 0
    endloop
  endfacet
  facet normal -0.231621 -0.972806 0
    outer loop
      vertex 131.505 104.706 0
      vertex 131.505 104.706 10
      vertex 130.917 104.846 10
    endloop
  endfacet
  facet normal -0.547786 -0.836619 0
    outer loop
      vertex 131.589 104.651 0
      vertex 131.505 104.706 10
      vertex 131.505 104.706 0
    endloop
  endfacet
  facet normal -0.547786 -0.836619 0
    outer loop
      vertex 131.589 104.651 0
      vertex 131.589 104.651 10
      vertex 131.505 104.706 10
    endloop
  endfacet
  facet normal -0.79338 -0.608727 0
    outer loop
      vertex 131.978 104.144 0
      vertex 131.589 104.651 10
      vertex 131.589 104.651 0
    endloop
  endfacet
  facet normal -0.79338 -0.608727 0
    outer loop
      vertex 131.978 104.144 0
      vertex 131.978 104.144 10
      vertex 131.589 104.651 10
    endloop
  endfacet
  facet normal -0.0794445 -0.996839 0
    outer loop
      vertex 133.032 104.06 0
      vertex 131.978 104.144 10
      vertex 131.978 104.144 0
    endloop
  endfacet
  facet normal -0.0794445 -0.996839 0
    outer loop
      vertex 133.032 104.06 0
      vertex 133.032 104.06 10
      vertex 131.978 104.144 10
    endloop
  endfacet
  facet normal -0.396436 -0.918062 0
    outer loop
      vertex 133.12 104.022 0
      vertex 133.032 104.06 10
      vertex 133.032 104.06 0
    endloop
  endfacet
  facet normal -0.396436 -0.918062 0
    outer loop
      vertex 133.12 104.022 0
      vertex 133.12 104.022 10
      vertex 133.032 104.06 10
    endloop
  endfacet
  facet normal -0.666016 -0.745938 0
    outer loop
      vertex 133.4 103.772 0
      vertex 133.12 104.022 10
      vertex 133.12 104.022 0
    endloop
  endfacet
  facet normal -0.666016 -0.745938 0
    outer loop
      vertex 133.4 103.772 0
      vertex 133.4 103.772 10
      vertex 133.12 104.022 10
    endloop
  endfacet
  facet normal -0.938343 -0.345705 0
    outer loop
      vertex 133.449 103.639 0
      vertex 133.4 103.772 10
      vertex 133.4 103.772 0
    endloop
  endfacet
  facet normal -0.938343 -0.345705 0
    outer loop
      vertex 133.449 103.639 0
      vertex 133.449 103.639 10
      vertex 133.4 103.772 10
    endloop
  endfacet
  facet normal -0.990168 0.139881 0
    outer loop
      vertex 133.36 103.009 0
      vertex 133.449 103.639 10
      vertex 133.449 103.639 0
    endloop
  endfacet
  facet normal -0.990168 0.139881 0
    outer loop
      vertex 133.36 103.009 0
      vertex 133.36 103.009 10
      vertex 133.449 103.639 10
    endloop
  endfacet
  facet normal -0.66004 -0.75123 0
    outer loop
      vertex 133.879 102.553 0
      vertex 133.36 103.009 10
      vertex 133.36 103.009 0
    endloop
  endfacet
  facet normal -0.66004 -0.75123 0
    outer loop
      vertex 133.879 102.553 0
      vertex 133.879 102.553 10
      vertex 133.36 103.009 10
    endloop
  endfacet
  facet normal -0.975244 -0.221131 0
    outer loop
      vertex 133.918 102.381 0
      vertex 133.879 102.553 10
      vertex 133.879 102.553 0
    endloop
  endfacet
  facet normal -0.975244 -0.221131 0
    outer loop
      vertex 133.918 102.381 0
      vertex 133.918 102.381 10
      vertex 133.879 102.553 10
    endloop
  endfacet
  facet normal -0.716349 0.697742 0
    outer loop
      vertex 133.843 102.304 0
      vertex 133.918 102.381 10
      vertex 133.918 102.381 0
    endloop
  endfacet
  facet normal -0.716349 0.697742 0
    outer loop
      vertex 133.843 102.304 0
      vertex 133.843 102.304 10
      vertex 133.918 102.381 10
    endloop
  endfacet
  facet normal -0.420269 0.907399 0
    outer loop
      vertex 133.653 102.216 0
      vertex 133.843 102.304 10
      vertex 133.843 102.304 0
    endloop
  endfacet
  facet normal -0.420269 0.907399 0
    outer loop
      vertex 133.653 102.216 0
      vertex 133.653 102.216 10
      vertex 133.843 102.304 10
    endloop
  endfacet
  facet normal -0.999608 -0.0279846 0
    outer loop
      vertex 133.678 101.323 0
      vertex 133.653 102.216 10
      vertex 133.653 102.216 0
    endloop
  endfacet
  facet normal -0.999608 -0.0279846 0
    outer loop
      vertex 133.678 101.323 0
      vertex 133.678 101.323 10
      vertex 133.653 102.216 10
    endloop
  endfacet
  facet normal -0.547884 -0.836554 0
    outer loop
      vertex 134.388 100.858 0
      vertex 133.678 101.323 10
      vertex 133.678 101.323 0
    endloop
  endfacet
  facet normal -0.547884 -0.836554 0
    outer loop
      vertex 134.388 100.858 0
      vertex 134.388 100.858 10
      vertex 133.678 101.323 10
    endloop
  endfacet
  facet normal -0.0513063 -0.998683 0
    outer loop
      vertex 136.062 100.772 0
      vertex 134.388 100.858 10
      vertex 134.388 100.858 0
    endloop
  endfacet
  facet normal -0.0513063 -0.998683 0
    outer loop
      vertex 136.062 100.772 0
      vertex 136.062 100.772 10
      vertex 134.388 100.858 10
    endloop
  endfacet
  facet normal 0.400283 -0.916392 0
    outer loop
      vertex 136.6 101.007 0
      vertex 136.062 100.772 10
      vertex 136.062 100.772 0
    endloop
  endfacet
  facet normal 0.400283 -0.916392 0
    outer loop
      vertex 136.6 101.007 0
      vertex 136.6 101.007 10
      vertex 136.062 100.772 10
    endloop
  endfacet
  facet normal -0.058722 -0.998274 0
    outer loop
      vertex 136.736 100.999 0
      vertex 136.6 101.007 10
      vertex 136.6 101.007 0
    endloop
  endfacet
  facet normal -0.058722 -0.998274 0
    outer loop
      vertex 136.736 100.999 0
      vertex 136.736 100.999 10
      vertex 136.6 101.007 10
    endloop
  endfacet
  facet normal -0.507438 -0.861688 0
    outer loop
      vertex 137.636 100.469 0
      vertex 136.736 100.999 10
      vertex 136.736 100.999 0
    endloop
  endfacet
  facet normal -0.507438 -0.861688 0
    outer loop
      vertex 137.636 100.469 0
      vertex 137.636 100.469 10
      vertex 136.736 100.999 10
    endloop
  endfacet
  facet normal -0.734803 -0.67828 0
    outer loop
      vertex 137.696 100.404 0
      vertex 137.636 100.469 10
      vertex 137.636 100.469 0
    endloop
  endfacet
  facet normal -0.734803 -0.67828 0
    outer loop
      vertex 137.696 100.404 0
      vertex 137.696 100.404 10
      vertex 137.636 100.469 10
    endloop
  endfacet
  facet normal -0.905481 -0.424387 0
    outer loop
      vertex 138.746 98.1637 0
      vertex 137.696 100.404 10
      vertex 137.696 100.404 0
    endloop
  endfacet
  facet normal -0.905481 -0.424387 0
    outer loop
      vertex 138.746 98.1637 0
      vertex 138.746 98.1637 10
      vertex 137.696 100.404 10
    endloop
  endfacet
  facet normal -0.947722 -0.319098 0
    outer loop
      vertex 138.756 98.134 0
      vertex 138.746 98.1637 10
      vertex 138.746 98.1637 0
    endloop
  endfacet
  facet normal -0.947722 -0.319098 0
    outer loop
      vertex 138.756 98.134 0
      vertex 138.756 98.134 10
      vertex 138.746 98.1637 10
    endloop
  endfacet
  facet normal -0.973794 -0.227434 0
    outer loop
      vertex 138.985 97.1535 0
      vertex 138.756 98.134 10
      vertex 138.756 98.134 0
    endloop
  endfacet
  facet normal -0.973794 -0.227434 0
    outer loop
      vertex 138.985 97.1535 0
      vertex 138.985 97.1535 10
      vertex 138.756 98.134 10
    endloop
  endfacet
  facet normal -0.636281 -0.771458 0
    outer loop
      vertex 141.79 94.84 0
      vertex 138.985 97.1535 10
      vertex 138.985 97.1535 0
    endloop
  endfacet
  facet normal -0.636281 -0.771458 0
    outer loop
      vertex 141.79 94.84 0
      vertex 141.79 94.84 10
      vertex 138.985 97.1535 10
    endloop
  endfacet
  facet normal -0.563025 -0.82644 0
    outer loop
      vertex 142.612 94.28 0
      vertex 141.79 94.84 10
      vertex 141.79 94.84 0
    endloop
  endfacet
  facet normal -0.563025 -0.82644 0
    outer loop
      vertex 142.612 94.28 0
      vertex 142.612 94.28 10
      vertex 141.79 94.84 10
    endloop
  endfacet
  facet normal 0.207727 -0.978187 0
    outer loop
      vertex 142.879 94.3367 0
      vertex 142.612 94.28 10
      vertex 142.612 94.28 0
    endloop
  endfacet
  facet normal 0.207727 -0.978187 0
    outer loop
      vertex 142.879 94.3367 0
      vertex 142.879 94.3367 10
      vertex 142.612 94.28 10
    endloop
  endfacet
  facet normal -0.20717 -0.978305 0
    outer loop
      vertex 142.998 94.3115 0
      vertex 142.879 94.3367 10
      vertex 142.879 94.3367 0
    endloop
  endfacet
  facet normal -0.20717 -0.978305 0
    outer loop
      vertex 142.998 94.3115 0
      vertex 142.998 94.3115 10
      vertex 142.879 94.3367 10
    endloop
  endfacet
  facet normal -0.586508 -0.809944 0
    outer loop
      vertex 145.857 92.2412 0
      vertex 142.998 94.3115 10
      vertex 142.998 94.3115 0
    endloop
  endfacet
  facet normal -0.586508 -0.809944 0
    outer loop
      vertex 145.857 92.2412 0
      vertex 145.857 92.2412 10
      vertex 142.998 94.3115 10
    endloop
  endfacet
  facet normal 0.0252964 -0.99968 0
    outer loop
      vertex 146.596 92.2599 0
      vertex 145.857 92.2412 10
      vertex 145.857 92.2412 0
    endloop
  endfacet
  facet normal 0.0252964 -0.99968 0
    outer loop
      vertex 146.596 92.2599 0
      vertex 146.596 92.2599 10
      vertex 145.857 92.2412 10
    endloop
  endfacet
  facet normal -0.21353 -0.976936 0
    outer loop
      vertex 146.666 92.2446 0
      vertex 146.596 92.2599 10
      vertex 146.596 92.2599 0
    endloop
  endfacet
  facet normal -0.21353 -0.976936 0
    outer loop
      vertex 146.666 92.2446 0
      vertex 146.666 92.2446 10
      vertex 146.596 92.2599 10
    endloop
  endfacet
  facet normal -0.44185 -0.897089 0
    outer loop
      vertex 148.006 91.5846 0
      vertex 146.666 92.2446 10
      vertex 146.666 92.2446 0
    endloop
  endfacet
  facet normal -0.44185 -0.897089 0
    outer loop
      vertex 148.006 91.5846 0
      vertex 148.006 91.5846 10
      vertex 146.666 92.2446 10
    endloop
  endfacet
  facet normal -0.863014 -0.505179 0
    outer loop
      vertex 148.09 91.4411 0
      vertex 148.006 91.5846 10
      vertex 148.006 91.5846 0
    endloop
  endfacet
  facet normal -0.863014 -0.505179 0
    outer loop
      vertex 148.09 91.4411 0
      vertex 148.09 91.4411 10
      vertex 148.006 91.5846 10
    endloop
  endfacet
  facet normal -0.998247 0.0591939 0
    outer loop
      vertex 147.99 89.7547 0
      vertex 148.09 91.4411 10
      vertex 148.09 91.4411 0
    endloop
  endfacet
  facet normal -0.998247 0.0591939 0
    outer loop
      vertex 147.99 89.7547 0
      vertex 147.99 89.7547 10
      vertex 148.09 91.4411 10
    endloop
  endfacet
  facet normal 0.087825 -0.996136 0
    outer loop
      vertex 148.497 89.7994 0
      vertex 147.99 89.7547 10
      vertex 147.99 89.7547 0
    endloop
  endfacet
  facet normal 0.087825 -0.996136 0
    outer loop
      vertex 148.497 89.7994 0
      vertex 148.497 89.7994 10
      vertex 147.99 89.7547 10
    endloop
  endfacet
  facet normal -0.173931 -0.984758 0
    outer loop
      vertex 148.574 89.7858 0
      vertex 148.497 89.7994 10
      vertex 148.497 89.7994 0
    endloop
  endfacet
  facet normal -0.173931 -0.984758 0
    outer loop
      vertex 148.574 89.7858 0
      vertex 148.574 89.7858 10
      vertex 148.497 89.7994 10
    endloop
  endfacet
  facet normal -0.425072 -0.905159 0
    outer loop
      vertex 149.344 89.4242 0
      vertex 148.574 89.7858 10
      vertex 148.574 89.7858 0
    endloop
  endfacet
  facet normal -0.425072 -0.905159 0
    outer loop
      vertex 149.344 89.4242 0
      vertex 149.344 89.4242 10
      vertex 148.574 89.7858 10
    endloop
  endfacet
  facet normal 0.123999 -0.992282 0
    outer loop
      vertex 150.021 89.5088 0
      vertex 149.344 89.4242 10
      vertex 149.344 89.4242 0
    endloop
  endfacet
  facet normal 0.123999 -0.992282 0
    outer loop
      vertex 150.021 89.5088 0
      vertex 150.021 89.5088 10
      vertex 149.344 89.4242 10
    endloop
  endfacet
  facet normal -0.160968 -0.98696 0
    outer loop
      vertex 150.105 89.4951 0
      vertex 150.021 89.5088 10
      vertex 150.021 89.5088 0
    endloop
  endfacet
  facet normal -0.160968 -0.98696 0
    outer loop
      vertex 150.105 89.4951 0
      vertex 150.105 89.4951 10
      vertex 150.021 89.5088 10
    endloop
  endfacet
  facet normal -0.43393 -0.900946 0
    outer loop
      vertex 150.459 89.3246 0
      vertex 150.105 89.4951 10
      vertex 150.105 89.4951 0
    endloop
  endfacet
  facet normal -0.43393 -0.900946 0
    outer loop
      vertex 150.459 89.3246 0
      vertex 150.459 89.3246 10
      vertex 150.105 89.4951 10
    endloop
  endfacet
  facet normal 0.990858 -0.13491 0
    outer loop
      vertex 150.551 90.0003 0
      vertex 150.459 89.3246 10
      vertex 150.459 89.3246 0
    endloop
  endfacet
  facet normal 0.990858 -0.13491 0
    outer loop
      vertex 150.551 90.0003 0
      vertex 150.551 90.0003 10
      vertex 150.459 89.3246 10
    endloop
  endfacet
endsolid OpenSCAD_Model
