solid OpenSCAD_Model
  facet normal 0 -0 -1
    outer loop
      vertex 233.098 23.4265 0
      vertex 233.627 22.3323 0
      vertex 233.043 23.3962 0
    endloop
  endfacet
  facet normal -0 0 -1
    outer loop
      vertex 234.334 20.3856 0
      vertex 233.082 19.7122 0
      vertex 233.139 21.4272 0
    endloop
  endfacet
  facet normal 0 0 -1
    outer loop
      vertex 236.777 38.3455 0
      vertex 239.523 36.6649 0
      vertex 236.813 38.2854 0
    endloop
  endfacet
  facet normal 0 -0 -1
    outer loop
      vertex 234.143 24.1512 0
      vertex 235.055 22.4229 0
      vertex 233.994 24.1045 0
    endloop
  endfacet
  facet normal 0 0 -1
    outer loop
      vertex 234.387 20.4259 0
      vertex 235.762 21.3647 0
      vertex 235.776 21.0735 0
    endloop
  endfacet
  facet normal 0 0 -1
    outer loop
      vertex 234.387 20.4259 0
      vertex 235.062 22.2468 0
      vertex 235.762 21.3647 0
    endloop
  endfacet
  facet normal 0 -0 -1
    outer loop
      vertex 235.738 22.9271 0
      vertex 235.739 22.7507 0
      vertex 235.276 22.4555 0
    endloop
  endfacet
  facet normal -0 0 -1
    outer loop
      vertex 235.196 24.1439 0
      vertex 235.055 22.4229 0
      vertex 234.143 24.1512 0
    endloop
  endfacet
  facet normal 0 -0 -1
    outer loop
      vertex 239.359 34.2334 0
      vertex 241.695 34.5187 0
      vertex 239.118 32.9437 0
    endloop
  endfacet
  facet normal 0 0 -1
    outer loop
      vertex 235.739 22.7507 0
      vertex 236.6 21.5885 0
      vertex 236.423 21.506 0
    endloop
  endfacet
  facet normal 0 0 -1
    outer loop
      vertex 235.276 22.4555 0
      vertex 235.739 22.7507 0
      vertex 236.423 21.506 0
    endloop
  endfacet
  facet normal 0 0 -1
    outer loop
      vertex 236.592 23.16 0
      vertex 235.886 23.9839 0
      vertex 236.752 23.3677 0
    endloop
  endfacet
  facet normal 0 0 -1
    outer loop
      vertex 235.055 22.4229 0
      vertex 235.738 22.9271 0
      vertex 235.276 22.4555 0
    endloop
  endfacet
  facet normal 0 0 -1
    outer loop
      vertex 235.954 22.9569 0
      vertex 236.443 23.0412 0
      vertex 236.515 22.8801 0
    endloop
  endfacet
  facet normal 0 0 -1
    outer loop
      vertex 242.163 25.9704 0
      vertex 242.058 25.4613 0
      vertex 240.142 24.4939 0
    endloop
  endfacet
  facet normal 0 0 -1
    outer loop
      vertex 236.515 22.8801 0
      vertex 237.081 22.5533 0
      vertex 236.851 22.2357 0
    endloop
  endfacet
  facet normal 0 0 -1
    outer loop
      vertex 235.954 22.9569 0
      vertex 236.515 22.8801 0
      vertex 236.851 22.2357 0
    endloop
  endfacet
  facet normal 0 -0 -1
    outer loop
      vertex 236.752 23.3677 0
      vertex 236.875 23.242 0
      vertex 236.592 23.16 0
    endloop
  endfacet
  facet normal 0 0 -1
    outer loop
      vertex 242.608 28.4402 0
      vertex 242.693 29.7189 0
      vertex 242.868 28.6802 0
    endloop
  endfacet
  facet normal 0 0 -1
    outer loop
      vertex 236.752 23.3677 0
      vertex 235.886 23.9839 0
      vertex 236.07 24.1327 0
    endloop
  endfacet
  facet normal 0 0 -1
    outer loop
      vertex 237.094 23.679 0
      vertex 237.644 23.8623 0
      vertex 237.25 23.6767 0
    endloop
  endfacet
  facet normal 0 0 -1
    outer loop
      vertex 236.875 23.242 0
      vertex 237.064 23.2106 0
      vertex 237.071 23.1526 0
    endloop
  endfacet
  facet normal 0 0 -1
    outer loop
      vertex 236.592 23.16 0
      vertex 236.875 23.242 0
      vertex 237.071 23.1526 0
    endloop
  endfacet
  facet normal 0 0 -1
    outer loop
      vertex 242.608 28.4402 0
      vertex 239.263 30.0954 0
      vertex 242.693 29.7189 0
    endloop
  endfacet
  facet normal -0 0 -1
    outer loop
      vertex 236.824 23.519 0
      vertex 236.752 23.3677 0
      vertex 236.07 24.1327 0
    endloop
  endfacet
  facet normal 0 0 -1
    outer loop
      vertex 237.094 23.679 0
      vertex 236.07 24.1327 0
      vertex 236.06 24.6827 0
    endloop
  endfacet
  facet normal 0 0 -1
    outer loop
      vertex 242.567 28.2833 0
      vertex 242.531 27.793 0
      vertex 239.05 27.6969 0
    endloop
  endfacet
  facet normal 0 0 -1
    outer loop
      vertex 237.25 23.6767 0
      vertex 237.644 23.8623 0
      vertex 237.56 23.481 0
    endloop
  endfacet
  facet normal 0 0 -1
    outer loop
      vertex 240.077 24.4297 0
      vertex 239.892 24.0762 0
      vertex 237.898 23.9342 0
    endloop
  endfacet
  facet normal 0 0 -1
    outer loop
      vertex 237.094 23.679 0
      vertex 237.775 23.9793 0
      vertex 237.644 23.8623 0
    endloop
  endfacet
  facet normal 0 0 -1
    outer loop
      vertex 237.898 23.9342 0
      vertex 239.892 24.0762 0
      vertex 238.395 23.4193 0
    endloop
  endfacet
  facet normal 0 0 -1
    outer loop
      vertex 240.142 24.4939 0
      vertex 238.752 27.3496 0
      vertex 239.002 27.5796 0
    endloop
  endfacet
  facet normal 0 0 -1
    outer loop
      vertex 242.693 29.7189 0
      vertex 239.263 30.0954 0
      vertex 242.68 29.7879 0
    endloop
  endfacet
  facet normal -0 0 -1
    outer loop
      vertex 242.163 25.9704 0
      vertex 240.142 24.4939 0
      vertex 239.002 27.5796 0
    endloop
  endfacet
  facet normal 0 0 -1
    outer loop
      vertex 239.05 27.6969 0
      vertex 242.531 27.793 0
      vertex 242.51 26.86 0
    endloop
  endfacet
  facet normal -0 0 -1
    outer loop
      vertex 242.51 26.309 0
      vertex 242.212 26.0539 0
      vertex 242.51 26.86 0
    endloop
  endfacet
  facet normal -0 0 -1
    outer loop
      vertex 242.608 28.4402 0
      vertex 242.567 28.2833 0
      vertex 238.981 29.1905 0
    endloop
  endfacet
  facet normal -0 0 -1
    outer loop
      vertex 242.614 27.0026 0
      vertex 242.51 26.86 0
      vertex 242.531 27.793 0
    endloop
  endfacet
  facet normal 0 0 -1
    outer loop
      vertex 239.26 30.194 0
      vertex 238.671 31.7202 0
      vertex 239.11 32.8663 0
    endloop
  endfacet
  facet normal 0 0 -1
    outer loop
      vertex 242.531 27.793 0
      vertex 242.567 28.2833 0
      vertex 242.618 27.9465 0
    endloop
  endfacet
  facet normal 0 0 -1
    outer loop
      vertex 242.614 27.0026 0
      vertex 242.531 27.793 0
      vertex 242.621 27.0014 0
    endloop
  endfacet
  facet normal 0 0 -1
    outer loop
      vertex 237.587 37.2812 0
      vertex 239.523 36.6649 0
      vertex 237.74 36.94 0
    endloop
  endfacet
  facet normal 0 0 -1
    outer loop
      vertex 242.68 29.7879 0
      vertex 239.263 30.0954 0
      vertex 239.26 30.194 0
    endloop
  endfacet
  facet normal 0 0 -1
    outer loop
      vertex 231.357 44.4406 0
      vertex 232.404 44.3308 0
      vertex 231.398 44.1726 0
    endloop
  endfacet
  facet normal 0 0 -1
    outer loop
      vertex 242.618 27.9465 0
      vertex 242.567 28.2833 0
      vertex 242.676 27.9512 0
    endloop
  endfacet
  facet normal 0 0 -1
    outer loop
      vertex 242.868 28.6802 0
      vertex 242.693 29.7189 0
      vertex 243.012 29.0037 0
    endloop
  endfacet
  facet normal 0 0 -1
    outer loop
      vertex 239.523 36.6649 0
      vertex 238.771 36.029 0
      vertex 238.745 36.2539 0
    endloop
  endfacet
  facet normal 0 0 -1
    outer loop
      vertex 242.868 28.6802 0
      vertex 243.012 29.0037 0
      vertex 243.033 28.6628 0
    endloop
  endfacet
  facet normal 0 0 -1
    outer loop
      vertex 239.344 34.4076 0
      vertex 238.771 36.029 0
      vertex 239.637 36.6201 0
    endloop
  endfacet
  facet normal 0 0 -1
    outer loop
      vertex 238.35 35.567 0
      vertex 238.771 36.029 0
      vertex 239.344 34.4076 0
    endloop
  endfacet
  facet normal 0 0 -1
    outer loop
      vertex 239.344 34.4076 0
      vertex 240.001 36.6367 0
      vertex 241.695 34.5187 0
    endloop
  endfacet
  facet normal 0 -0 -1
    outer loop
      vertex 239.428 49.1539 0
      vertex 239.641 48.996 0
      vertex 238.631 48.5681 0
    endloop
  endfacet
  facet normal 0 0 -1
    outer loop
      vertex 236.99 47.8769 0
      vertex 236.883 50.0606 0
      vertex 237 49.9431 0
    endloop
  endfacet
  facet normal 0 0 -1
    outer loop
      vertex 236.777 38.3455 0
      vertex 234.992 40.1498 0
      vertex 236.273 39.9749 0
    endloop
  endfacet
  facet normal 0 0 -1
    outer loop
      vertex 236.247 40.1493 0
      vertex 236.505 40.4909 0
      vertex 236.416 40.2255 0
    endloop
  endfacet
  facet normal 0 0 -1
    outer loop
      vertex 237.898 23.9342 0
      vertex 237.191 26.6937 0
      vertex 238.617 27.3136 0
    endloop
  endfacet
  facet normal 0 0 -1
    outer loop
      vertex 232.404 44.3308 0
      vertex 231.11 43.7787 0
      vertex 231.36 44.048 0
    endloop
  endfacet
  facet normal -0 0 -1
    outer loop
      vertex 235.206 41.7419 0
      vertex 234.441 41.1592 0
      vertex 235.178 41.7786 0
    endloop
  endfacet
  facet normal 0 0 -1
    outer loop
      vertex 232.696 51.9707 0
      vertex 231.423 47.745 0
      vertex 231.996 51.6907 0
    endloop
  endfacet
  facet normal 0 0 -1
    outer loop
      vertex 236.078 52.0902 0
      vertex 236.21 52.0531 0
      vertex 236.633 51.3106 0
    endloop
  endfacet
  facet normal 0 0 -1
    outer loop
      vertex 236.416 40.2255 0
      vertex 236.505 40.4909 0
      vertex 236.484 40.2086 0
    endloop
  endfacet
  facet normal 0 0 -1
    outer loop
      vertex 236.247 40.1493 0
      vertex 235.206 41.7419 0
      vertex 236.505 40.4909 0
    endloop
  endfacet
  facet normal 0 0 -1
    outer loop
      vertex 233.071 45.9824 0
      vertex 232.493 47.035 0
      vertex 236.631 46.6386 0
    endloop
  endfacet
  facet normal 0 0 -1
    outer loop
      vertex 232.493 47.035 0
      vertex 231.423 47.745 0
      vertex 232.696 51.9707 0
    endloop
  endfacet
  facet normal 0 0 -1
    outer loop
      vertex 236.925 47.7131 0
      vertex 236.669 46.7203 0
      vertex 232.493 47.035 0
    endloop
  endfacet
  facet normal 0 -0 -1
    outer loop
      vertex 236.925 47.7131 0
      vertex 237.065 47.1608 0
      vertex 236.669 46.7203 0
    endloop
  endfacet
  facet normal 0 0 -1
    outer loop
      vertex 235.434 45.353 0
      vertex 236.631 46.6386 0
      vertex 236.569 46.1449 0
    endloop
  endfacet
  facet normal -0 0 -1
    outer loop
      vertex 236.99 47.8769 0
      vertex 232.493 47.035 0
      vertex 236.883 50.0606 0
    endloop
  endfacet
  facet normal 0 0 -1
    outer loop
      vertex 238.631 48.5681 0
      vertex 238.461 49.0875 0
      vertex 238.578 49.0511 0
    endloop
  endfacet
  facet normal -0 0 -1
    outer loop
      vertex 236.883 50.0606 0
      vertex 232.493 47.035 0
      vertex 232.696 51.9707 0
    endloop
  endfacet
  facet normal -0 0 -1
    outer loop
      vertex 237.087 47.8991 0
      vertex 236.99 47.8769 0
      vertex 237 49.9431 0
    endloop
  endfacet
  facet normal 0 0 -1
    outer loop
      vertex 238.543 48.462 0
      vertex 238.438 47.9765 0
      vertex 238.107 47.7846 0
    endloop
  endfacet
  facet normal 0 0 -1
    outer loop
      vertex 236.734 52.1614 0
      vertex 236.661 51.4308 0
      vertex 236.21 52.0531 0
    endloop
  endfacet
  facet normal 0 0 -1
    outer loop
      vertex 237.087 47.8991 0
      vertex 238.543 48.462 0
      vertex 238.107 47.7846 0
    endloop
  endfacet
  facet normal -0 0 -1
    outer loop
      vertex 238.631 48.5681 0
      vertex 238.543 48.462 0
      vertex 238.461 49.0875 0
    endloop
  endfacet
  facet normal 0 0 -1
    outer loop
      vertex 238.578 49.0511 0
      vertex 239.428 49.1539 0
      vertex 238.631 48.5681 0
    endloop
  endfacet
  facet normal 0 0 -1
    outer loop
      vertex 236.21 52.0531 0
      vertex 236.661 51.4308 0
      vertex 236.633 51.3106 0
    endloop
  endfacet
  facet normal 0 -0 -1
    outer loop
      vertex 238.461 49.0875 0
      vertex 238.543 48.462 0
      vertex 237.087 47.8991 0
    endloop
  endfacet
  facet normal 0 -0 -1
    outer loop
      vertex 237.641 49.8111 0
      vertex 238.461 49.0875 0
      vertex 237.087 47.8991 0
    endloop
  endfacet
  facet normal 0 0 -1
    outer loop
      vertex 237 49.9431 0
      vertex 237.641 49.8111 0
      vertex 237.087 47.8991 0
    endloop
  endfacet
  facet normal 0 0 -1
    outer loop
      vertex 236.883 50.0606 0
      vertex 235.116 52.2434 0
      vertex 235.234 52.2119 0
    endloop
  endfacet
  facet normal 0 0 -1
    outer loop
      vertex 235.234 52.2119 0
      vertex 236.078 52.0902 0
      vertex 236.633 51.3106 0
    endloop
  endfacet
  facet normal 0 0 -1
    outer loop
      vertex 235.234 52.2119 0
      vertex 235.841 52.3102 0
      vertex 236.078 52.0902 0
    endloop
  endfacet
  facet normal 0 0 -1
    outer loop
      vertex 236.661 51.4308 0
      vertex 236.734 52.1614 0
      vertex 237.068 51.966 0
    endloop
  endfacet
  facet normal 0 0 -1
    outer loop
      vertex 236.883 50.0606 0
      vertex 235.234 52.2119 0
      vertex 236.633 51.3106 0
    endloop
  endfacet
  facet normal 0 -0 -1
    outer loop
      vertex 233.143 52.7609 0
      vertex 235.116 52.2434 0
      vertex 232.773 52.0415 0
    endloop
  endfacet
  facet normal 0 -0 -1
    outer loop
      vertex 232.773 52.0415 0
      vertex 235.116 52.2434 0
      vertex 232.696 51.9707 0
    endloop
  endfacet
  facet normal 0 0 -1
    outer loop
      vertex 235.116 52.2434 0
      vertex 233.143 52.7609 0
      vertex 233.934 53.1998 0
    endloop
  endfacet
  facet normal 0 0 -1
    outer loop
      vertex 232.696 51.9707 0
      vertex 235.116 52.2434 0
      vertex 236.883 50.0606 0
    endloop
  endfacet
  facet normal 0 0 -1
    outer loop
      vertex 231.996 51.6907 0
      vertex 231.423 47.745 0
      vertex 231.102 51.3428 0
    endloop
  endfacet
  facet normal 0 0 -1
    outer loop
      vertex 231.266 47.7505 0
      vertex 228.926 49.3374 0
      vertex 230.884 51.3146 0
    endloop
  endfacet
  facet normal 0 0 -1
    outer loop
      vertex 231.102 51.3428 0
      vertex 231.878 51.6933 0
      vertex 231.996 51.6907 0
    endloop
  endfacet
  facet normal 0 -0 -1
    outer loop
      vertex 228.926 49.3374 0
      vertex 229.221 47.6118 0
      vertex 228.72 48.4077 0
    endloop
  endfacet
  facet normal -0 0 -1
    outer loop
      vertex 231.878 51.6933 0
      vertex 231.102 51.3428 0
      vertex 231.481 51.8727 0
    endloop
  endfacet
  facet normal 0 0 -1
    outer loop
      vertex 229.945 51.4042 0
      vertex 228.888 49.4743 0
      vertex 228.957 51.1053 0
    endloop
  endfacet
  facet normal -0 0 -1
    outer loop
      vertex 228.377 49.7892 0
      vertex 228.209 49.631 0
      vertex 228.103 49.9566 0
    endloop
  endfacet
  facet normal 0 0 -1
    outer loop
      vertex 230.884 51.3146 0
      vertex 230.108 51.4712 0
      vertex 230.307 51.7942 0
    endloop
  endfacet
  facet normal 0 0 -1
    outer loop
      vertex 230.884 51.3146 0
      vertex 229.945 51.4042 0
      vertex 230.108 51.4712 0
    endloop
  endfacet
  facet normal 0 0 -1
    outer loop
      vertex 228.588 49.7843 0
      vertex 228.377 49.7892 0
      vertex 228.072 50.0095 0
    endloop
  endfacet
  facet normal -0 0 -1
    outer loop
      vertex 229.945 51.4042 0
      vertex 228.957 51.1053 0
      vertex 229.865 51.4534 0
    endloop
  endfacet
  facet normal 0 0 -1
    outer loop
      vertex 228.588 49.7843 0
      vertex 228.072 50.0095 0
      vertex 228.769 51.0837 0
    endloop
  endfacet
  facet normal 0 -0 -1
    outer loop
      vertex 229.602 51.7666 0
      vertex 229.865 51.4534 0
      vertex 228.957 51.1053 0
    endloop
  endfacet
  facet normal 0 0 -1
    outer loop
      vertex 228.103 49.9566 0
      vertex 228.072 50.0095 0
      vertex 228.377 49.7892 0
    endloop
  endfacet
  facet normal 0 0 -1
    outer loop
      vertex 228.769 51.0837 0
      vertex 228.072 50.0095 0
      vertex 227.149 51.0518 0
    endloop
  endfacet
  facet normal 0 -0 -1
    outer loop
      vertex 227.739 51.7432 0
      vertex 228.769 51.0837 0
      vertex 227.149 51.0518 0
    endloop
  endfacet
  facet normal 0 0 -1
    outer loop
      vertex 228.957 51.1053 0
      vertex 228.588 49.7843 0
      vertex 228.769 51.0837 0
    endloop
  endfacet
  facet normal 0 -0 -1
    outer loop
      vertex 232.404 44.3308 0
      vertex 233.732 42.3313 0
      vertex 231.11 43.7787 0
    endloop
  endfacet
  facet normal 0 0 -1
    outer loop
      vertex 231.266 47.7505 0
      vertex 230.884 51.3146 0
      vertex 231.102 51.3428 0
    endloop
  endfacet
  facet normal 0 0 -1
    outer loop
      vertex 233.287 45.3264 0
      vertex 235.378 45.2795 0
      vertex 234.578 42.9895 0
    endloop
  endfacet
  facet normal 0 0 -1
    outer loop
      vertex 228.957 51.1053 0
      vertex 228.888 49.4743 0
      vertex 228.588 49.7843 0
    endloop
  endfacet
  facet normal 0 0 -1
    outer loop
      vertex 228.888 49.4743 0
      vertex 230.884 51.3146 0
      vertex 228.926 49.3374 0
    endloop
  endfacet
  facet normal 0 -0 -1
    outer loop
      vertex 229.945 51.4042 0
      vertex 230.884 51.3146 0
      vertex 228.888 49.4743 0
    endloop
  endfacet
  facet normal 0 0 -1
    outer loop
      vertex 230.288 47.1957 0
      vertex 229.221 47.6118 0
      vertex 231.266 47.7505 0
    endloop
  endfacet
  facet normal -0 0 -1
    outer loop
      vertex 231.266 47.7505 0
      vertex 229.221 47.6118 0
      vertex 228.926 49.3374 0
    endloop
  endfacet
  facet normal -0 0 -1
    outer loop
      vertex 236.669 46.7203 0
      vertex 236.631 46.6386 0
      vertex 232.493 47.035 0
    endloop
  endfacet
  facet normal 0 0 -1
    outer loop
      vertex 233.732 42.3313 0
      vertex 232.537 44.3864 0
      vertex 234.578 42.9895 0
    endloop
  endfacet
  facet normal 0 -0 -1
    outer loop
      vertex 231.398 44.1726 0
      vertex 232.404 44.3308 0
      vertex 231.36 44.048 0
    endloop
  endfacet
  facet normal 0 0 -1
    outer loop
      vertex 233.071 45.9824 0
      vertex 232.517 46.805 0
      vertex 232.493 47.035 0
    endloop
  endfacet
  facet normal 0 0 -1
    outer loop
      vertex 231.423 47.745 0
      vertex 231.266 47.7505 0
      vertex 231.102 51.3428 0
    endloop
  endfacet
  facet normal 0 0 -1
    outer loop
      vertex 233.071 45.9824 0
      vertex 232.177 46.4582 0
      vertex 232.517 46.805 0
    endloop
  endfacet
  facet normal 0 0 -1
    outer loop
      vertex 236.99 47.8769 0
      vertex 236.925 47.7131 0
      vertex 232.493 47.035 0
    endloop
  endfacet
  facet normal 0 0 -1
    outer loop
      vertex 233.139 45.9051 0
      vertex 233.071 45.9824 0
      vertex 236.631 46.6386 0
    endloop
  endfacet
  facet normal 0 0 -1
    outer loop
      vertex 235.378 45.2795 0
      vertex 233.309 45.4751 0
      vertex 235.434 45.353 0
    endloop
  endfacet
  facet normal 0 0 -1
    outer loop
      vertex 234.578 42.9895 0
      vertex 232.537 44.3864 0
      vertex 233.287 45.3264 0
    endloop
  endfacet
  facet normal 0 0 -1
    outer loop
      vertex 233.139 45.9051 0
      vertex 236.631 46.6386 0
      vertex 235.434 45.353 0
    endloop
  endfacet
  facet normal 0 0 -1
    outer loop
      vertex 235.378 45.2795 0
      vertex 233.287 45.3264 0
      vertex 233.309 45.4751 0
    endloop
  endfacet
  facet normal 0 0 -1
    outer loop
      vertex 233.309 45.4751 0
      vertex 233.139 45.9051 0
      vertex 235.434 45.353 0
    endloop
  endfacet
  facet normal 0 0 -1
    outer loop
      vertex 232.404 44.3308 0
      vertex 232.537 44.3864 0
      vertex 233.732 42.3313 0
    endloop
  endfacet
  facet normal 0 0 -1
    outer loop
      vertex 233.732 42.3313 0
      vertex 234.578 42.9895 0
      vertex 234.588 42.8686 0
    endloop
  endfacet
  facet normal 0 0 -1
    outer loop
      vertex 235.178 41.7786 0
      vertex 233.809 42.182 0
      vertex 234.588 42.8686 0
    endloop
  endfacet
  facet normal 0 0 -1
    outer loop
      vertex 233.809 42.182 0
      vertex 233.732 42.3313 0
      vertex 234.588 42.8686 0
    endloop
  endfacet
  facet normal 0 0 -1
    outer loop
      vertex 234.441 41.1592 0
      vertex 233.749 41.6872 0
      vertex 233.809 42.182 0
    endloop
  endfacet
  facet normal 0 0 -1
    outer loop
      vertex 235.206 41.7419 0
      vertex 234.482 41.1103 0
      vertex 234.441 41.1592 0
    endloop
  endfacet
  facet normal -0 0 -1
    outer loop
      vertex 235.178 41.7786 0
      vertex 234.441 41.1592 0
      vertex 233.809 42.182 0
    endloop
  endfacet
  facet normal -0 0 -1
    outer loop
      vertex 238.617 27.3136 0
      vertex 237.191 26.6937 0
      vertex 238.278 27.3899 0
    endloop
  endfacet
  facet normal 0 0 -1
    outer loop
      vertex 234.482 41.1103 0
      vertex 235.206 41.7419 0
      vertex 234.992 40.1498 0
    endloop
  endfacet
  facet normal 0 0 -1
    outer loop
      vertex 234.992 40.1498 0
      vertex 235.206 41.7419 0
      vertex 236.247 40.1493 0
    endloop
  endfacet
  facet normal 0 0 -1
    outer loop
      vertex 236.273 39.9749 0
      vertex 234.992 40.1498 0
      vertex 236.247 40.1493 0
    endloop
  endfacet
  facet normal 0 -0 -1
    outer loop
      vertex 239.05 27.6969 0
      vertex 242.212 26.0539 0
      vertex 239.002 27.5796 0
    endloop
  endfacet
  facet normal 0 0 -1
    outer loop
      vertex 236.777 38.3455 0
      vertex 236.273 39.9749 0
      vertex 239.523 36.6649 0
    endloop
  endfacet
  facet normal 0 0 -1
    outer loop
      vertex 236.813 38.2854 0
      vertex 237.587 37.2812 0
      vertex 237.433 37.369 0
    endloop
  endfacet
  facet normal 0 -0 -1
    outer loop
      vertex 241.695 34.5187 0
      vertex 242.749 31.0814 0
      vertex 239.11 32.8663 0
    endloop
  endfacet
  facet normal 0 0 -1
    outer loop
      vertex 236.813 38.2854 0
      vertex 237.433 37.369 0
      vertex 237.116 37.333 0
    endloop
  endfacet
  facet normal 0 0 -1
    outer loop
      vertex 236.813 38.2854 0
      vertex 239.523 36.6649 0
      vertex 237.587 37.2812 0
    endloop
  endfacet
  facet normal 0 0 -1
    outer loop
      vertex 237.74 36.94 0
      vertex 239.523 36.6649 0
      vertex 238.745 36.2539 0
    endloop
  endfacet
  facet normal 0 -0 -1
    outer loop
      vertex 239.637 36.6201 0
      vertex 240.001 36.6367 0
      vertex 239.344 34.4076 0
    endloop
  endfacet
  facet normal 0 -0 -1
    outer loop
      vertex 239.523 36.6649 0
      vertex 239.637 36.6201 0
      vertex 238.771 36.029 0
    endloop
  endfacet
  facet normal 0 0 -1
    outer loop
      vertex 239.007 33.6401 0
      vertex 239.359 34.2334 0
      vertex 239.118 32.9437 0
    endloop
  endfacet
  facet normal 0 0 -1
    outer loop
      vertex 239.11 32.8663 0
      vertex 242.749 31.0814 0
      vertex 239.26 30.194 0
    endloop
  endfacet
  facet normal 0 0 -1
    outer loop
      vertex 239.359 34.2334 0
      vertex 239.344 34.4076 0
      vertex 241.695 34.5187 0
    endloop
  endfacet
  facet normal 0 0 -1
    outer loop
      vertex 241.695 34.5187 0
      vertex 239.11 32.8663 0
      vertex 239.118 32.9437 0
    endloop
  endfacet
  facet normal 0 0 -1
    outer loop
      vertex 239.26 30.194 0
      vertex 242.749 31.0814 0
      vertex 242.68 29.7879 0
    endloop
  endfacet
  facet normal 0 0 -1
    outer loop
      vertex 238.981 29.1905 0
      vertex 242.567 28.2833 0
      vertex 239.05 27.6969 0
    endloop
  endfacet
  facet normal 0 -0 -1
    outer loop
      vertex 237.191 26.6937 0
      vertex 237.775 23.9793 0
      vertex 236.59 26.14 0
    endloop
  endfacet
  facet normal 0 -0 -1
    outer loop
      vertex 239.263 30.0954 0
      vertex 242.608 28.4402 0
      vertex 238.981 29.1905 0
    endloop
  endfacet
  facet normal 0 0 -1
    outer loop
      vertex 237.127 26.6709 0
      vertex 236.59 26.14 0
      vertex 236.621 26.6148 0
    endloop
  endfacet
  facet normal -0 0 -1
    outer loop
      vertex 242.51 26.86 0
      vertex 242.212 26.0539 0
      vertex 239.05 27.6969 0
    endloop
  endfacet
  facet normal 0 0 -1
    outer loop
      vertex 242.163 25.9704 0
      vertex 239.002 27.5796 0
      vertex 242.212 26.0539 0
    endloop
  endfacet
  facet normal 0 0 -1
    outer loop
      vertex 238.617 27.3136 0
      vertex 238.752 27.3496 0
      vertex 240.142 24.4939 0
    endloop
  endfacet
  facet normal -0 0 -1
    outer loop
      vertex 240.077 24.4297 0
      vertex 237.898 23.9342 0
      vertex 238.617 27.3136 0
    endloop
  endfacet
  facet normal 0 0 -1
    outer loop
      vertex 240.077 24.4297 0
      vertex 238.617 27.3136 0
      vertex 240.142 24.4939 0
    endloop
  endfacet
  facet normal 0 0 -1
    outer loop
      vertex 237.191 26.6937 0
      vertex 237.898 23.9342 0
      vertex 237.775 23.9793 0
    endloop
  endfacet
  facet normal 0 -0 -1
    outer loop
      vertex 237.127 26.6709 0
      vertex 237.191 26.6937 0
      vertex 236.59 26.14 0
    endloop
  endfacet
  facet normal 0 0 -1
    outer loop
      vertex 237.775 23.9793 0
      vertex 236.413 26.0025 0
      vertex 236.59 26.14 0
    endloop
  endfacet
  facet normal 0 0 -1
    outer loop
      vertex 235.389 25.3293 0
      vertex 236.413 26.0025 0
      vertex 236.008 24.7934 0
    endloop
  endfacet
  facet normal 0 0 -1
    outer loop
      vertex 235.381 25.9683 0
      vertex 235.61 26.1501 0
      vertex 235.389 25.3293 0
    endloop
  endfacet
  facet normal 0 0 -1
    outer loop
      vertex 236.413 26.0025 0
      vertex 236.06 24.6827 0
      vertex 236.008 24.7934 0
    endloop
  endfacet
  facet normal 0 -0 -1
    outer loop
      vertex 235.61 26.1501 0
      vertex 236.413 26.0025 0
      vertex 235.389 25.3293 0
    endloop
  endfacet
  facet normal 0 0 -1
    outer loop
      vertex 236.06 24.6827 0
      vertex 237.775 23.9793 0
      vertex 237.094 23.679 0
    endloop
  endfacet
  facet normal -0 0 -1
    outer loop
      vertex 235.738 22.9271 0
      vertex 235.055 22.4229 0
      vertex 235.196 24.1439 0
    endloop
  endfacet
  facet normal 0 -0 -1
    outer loop
      vertex 235.886 23.9839 0
      vertex 235.954 22.9569 0
      vertex 235.738 22.9271 0
    endloop
  endfacet
  facet normal -0 0 -1
    outer loop
      vertex 236.443 23.0412 0
      vertex 235.954 22.9569 0
      vertex 235.886 23.9839 0
    endloop
  endfacet
  facet normal 0 -0 -1
    outer loop
      vertex 236.413 26.0025 0
      vertex 237.775 23.9793 0
      vertex 236.06 24.6827 0
    endloop
  endfacet
  facet normal -0 0 -1
    outer loop
      vertex 237.094 23.679 0
      vertex 236.824 23.519 0
      vertex 236.07 24.1327 0
    endloop
  endfacet
  facet normal -0 0 -1
    outer loop
      vertex 236.592 23.16 0
      vertex 236.443 23.0412 0
      vertex 235.886 23.9839 0
    endloop
  endfacet
  facet normal -0 0 -1
    outer loop
      vertex 235.886 23.9839 0
      vertex 235.738 22.9271 0
      vertex 235.196 24.1439 0
    endloop
  endfacet
  facet normal 0 0 -1
    outer loop
      vertex 235.196 24.1439 0
      vertex 234.143 24.1512 0
      vertex 235.112 24.1973 0
    endloop
  endfacet
  facet normal 0 -0 -1
    outer loop
      vertex 234.943 24.4122 0
      vertex 235.112 24.1973 0
      vertex 234.314 24.3469 0
    endloop
  endfacet
  facet normal 0 -0 -1
    outer loop
      vertex 234.314 24.3469 0
      vertex 235.112 24.1973 0
      vertex 234.143 24.1512 0
    endloop
  endfacet
  facet normal 0 0 -1
    outer loop
      vertex 233.584 24.2069 0
      vertex 233.994 24.1045 0
      vertex 233.59 23.9231 0
    endloop
  endfacet
  facet normal 0 -0 -1
    outer loop
      vertex 233.59 23.9231 0
      vertex 233.994 24.1045 0
      vertex 233.538 23.8065 0
    endloop
  endfacet
  facet normal 0 0 -1
    outer loop
      vertex 233.538 23.8065 0
      vertex 233.994 24.1045 0
      vertex 235.055 22.4229 0
    endloop
  endfacet
  facet normal 0 0 -1
    outer loop
      vertex 233.098 23.4265 0
      vertex 233.538 23.8065 0
      vertex 233.627 22.3323 0
    endloop
  endfacet
  facet normal 0 0 -1
    outer loop
      vertex 233.627 22.3323 0
      vertex 233.538 23.8065 0
      vertex 235.055 22.4229 0
    endloop
  endfacet
  facet normal -0 0 -1
    outer loop
      vertex 235.062 22.2468 0
      vertex 233.683 22.1653 0
      vertex 235.055 22.4229 0
    endloop
  endfacet
  facet normal 0 0 -1
    outer loop
      vertex 235.062 22.2468 0
      vertex 233.625 22.0866 0
      vertex 233.683 22.1653 0
    endloop
  endfacet
  facet normal 0 0 -1
    outer loop
      vertex 233.683 22.1653 0
      vertex 233.627 22.3323 0
      vertex 235.055 22.4229 0
    endloop
  endfacet
  facet normal 0 0 -1
    outer loop
      vertex 233.627 22.3323 0
      vertex 232.398 23.2041 0
      vertex 233.043 23.3962 0
    endloop
  endfacet
  facet normal 0 0 -1
    outer loop
      vertex 233.625 22.0866 0
      vertex 233.139 21.4272 0
      vertex 233.25 21.8275 0
    endloop
  endfacet
  facet normal 0 0 -1
    outer loop
      vertex 235.062 22.2468 0
      vertex 234.387 20.4259 0
      vertex 233.625 22.0866 0
    endloop
  endfacet
  facet normal 0 0 -1
    outer loop
      vertex 234.387 20.4259 0
      vertex 233.139 21.4272 0
      vertex 233.625 22.0866 0
    endloop
  endfacet
  facet normal -0 0 -1
    outer loop
      vertex 234.387 20.4259 0
      vertex 234.334 20.3856 0
      vertex 233.139 21.4272 0
    endloop
  endfacet
  facet normal 0 0 -1
    outer loop
      vertex 234.334 20.3856 0
      vertex 233.191 19.6292 0
      vertex 233.082 19.7122 0
    endloop
  endfacet
  facet normal 0 0 -1
    outer loop
      vertex 233.191 19.6292 0
      vertex 234.334 20.3856 0
      vertex 233.514 19.3937 0
    endloop
  endfacet
  facet normal 0 0 -1
    outer loop
      vertex 233.172 19.3626 0
      vertex 233.214 19.4129 0
      vertex 233.514 19.3937 0
    endloop
  endfacet
  facet normal 0 0 -1
    outer loop
      vertex 233.214 19.4129 0
      vertex 233.191 19.6292 0
      vertex 233.514 19.3937 0
    endloop
  endfacet
  facet normal -0 0 1
    outer loop
      vertex 233.043 23.3962 10
      vertex 233.627 22.3323 10
      vertex 233.098 23.4265 10
    endloop
  endfacet
  facet normal 0 0 1
    outer loop
      vertex 233.139 21.4272 10
      vertex 233.082 19.7122 10
      vertex 234.334 20.3856 10
    endloop
  endfacet
  facet normal -0 -0 1
    outer loop
      vertex 236.813 38.2854 10
      vertex 239.523 36.6649 10
      vertex 236.777 38.3455 10
    endloop
  endfacet
  facet normal -0 0 1
    outer loop
      vertex 233.994 24.1045 10
      vertex 235.055 22.4229 10
      vertex 234.143 24.1512 10
    endloop
  endfacet
  facet normal 0 0 1
    outer loop
      vertex 235.776 21.0735 10
      vertex 235.762 21.3647 10
      vertex 234.387 20.4259 10
    endloop
  endfacet
  facet normal 0 0 1
    outer loop
      vertex 235.762 21.3647 10
      vertex 235.062 22.2468 10
      vertex 234.387 20.4259 10
    endloop
  endfacet
  facet normal 0 0 1
    outer loop
      vertex 235.276 22.4555 10
      vertex 235.739 22.7507 10
      vertex 235.738 22.9271 10
    endloop
  endfacet
  facet normal 0 0 1
    outer loop
      vertex 234.143 24.1512 10
      vertex 235.055 22.4229 10
      vertex 235.196 24.1439 10
    endloop
  endfacet
  facet normal 0 0 1
    outer loop
      vertex 239.118 32.9437 10
      vertex 241.695 34.5187 10
      vertex 239.359 34.2334 10
    endloop
  endfacet
  facet normal 0 -0 1
    outer loop
      vertex 236.423 21.506 10
      vertex 236.6 21.5885 10
      vertex 235.739 22.7507 10
    endloop
  endfacet
  facet normal 0 0 1
    outer loop
      vertex 236.423 21.506 10
      vertex 235.739 22.7507 10
      vertex 235.276 22.4555 10
    endloop
  endfacet
  facet normal 0 0 1
    outer loop
      vertex 236.752 23.3677 10
      vertex 235.886 23.9839 10
      vertex 236.592 23.16 10
    endloop
  endfacet
  facet normal 0 -0 1
    outer loop
      vertex 235.276 22.4555 10
      vertex 235.738 22.9271 10
      vertex 235.055 22.4229 10
    endloop
  endfacet
  facet normal 0 0 1
    outer loop
      vertex 236.515 22.8801 10
      vertex 236.443 23.0412 10
      vertex 235.954 22.9569 10
    endloop
  endfacet
  facet normal 0 0 1
    outer loop
      vertex 240.142 24.4939 10
      vertex 242.058 25.4613 10
      vertex 242.163 25.9704 10
    endloop
  endfacet
  facet normal 0 -0 1
    outer loop
      vertex 236.851 22.2357 10
      vertex 237.081 22.5533 10
      vertex 236.515 22.8801 10
    endloop
  endfacet
  facet normal 0 0 1
    outer loop
      vertex 236.851 22.2357 10
      vertex 236.515 22.8801 10
      vertex 235.954 22.9569 10
    endloop
  endfacet
  facet normal 0 0 1
    outer loop
      vertex 236.592 23.16 10
      vertex 236.875 23.242 10
      vertex 236.752 23.3677 10
    endloop
  endfacet
  facet normal 0 0 1
    outer loop
      vertex 242.868 28.6802 10
      vertex 242.693 29.7189 10
      vertex 242.608 28.4402 10
    endloop
  endfacet
  facet normal 0 0 1
    outer loop
      vertex 236.07 24.1327 10
      vertex 235.886 23.9839 10
      vertex 236.752 23.3677 10
    endloop
  endfacet
  facet normal 0 -0 1
    outer loop
      vertex 237.25 23.6767 10
      vertex 237.644 23.8623 10
      vertex 237.094 23.679 10
    endloop
  endfacet
  facet normal 0 0 1
    outer loop
      vertex 237.071 23.1526 10
      vertex 237.064 23.2106 10
      vertex 236.875 23.242 10
    endloop
  endfacet
  facet normal 0 0 1
    outer loop
      vertex 237.071 23.1526 10
      vertex 236.875 23.242 10
      vertex 236.592 23.16 10
    endloop
  endfacet
  facet normal 0 0 1
    outer loop
      vertex 242.693 29.7189 10
      vertex 239.263 30.0954 10
      vertex 242.608 28.4402 10
    endloop
  endfacet
  facet normal 0 0 1
    outer loop
      vertex 236.07 24.1327 10
      vertex 236.752 23.3677 10
      vertex 236.824 23.519 10
    endloop
  endfacet
  facet normal 0 0 1
    outer loop
      vertex 236.06 24.6827 10
      vertex 236.07 24.1327 10
      vertex 237.094 23.679 10
    endloop
  endfacet
  facet normal 0 0 1
    outer loop
      vertex 239.05 27.6969 10
      vertex 242.531 27.793 10
      vertex 242.567 28.2833 10
    endloop
  endfacet
  facet normal 0 -0 1
    outer loop
      vertex 237.56 23.481 10
      vertex 237.644 23.8623 10
      vertex 237.25 23.6767 10
    endloop
  endfacet
  facet normal 0 0 1
    outer loop
      vertex 237.898 23.9342 10
      vertex 239.892 24.0762 10
      vertex 240.077 24.4297 10
    endloop
  endfacet
  facet normal 0 -0 1
    outer loop
      vertex 237.644 23.8623 10
      vertex 237.775 23.9793 10
      vertex 237.094 23.679 10
    endloop
  endfacet
  facet normal 0 -0 1
    outer loop
      vertex 238.395 23.4193 10
      vertex 239.892 24.0762 10
      vertex 237.898 23.9342 10
    endloop
  endfacet
  facet normal 0 0 1
    outer loop
      vertex 239.002 27.5796 10
      vertex 238.752 27.3496 10
      vertex 240.142 24.4939 10
    endloop
  endfacet
  facet normal 0 0 1
    outer loop
      vertex 242.68 29.7879 10
      vertex 239.263 30.0954 10
      vertex 242.693 29.7189 10
    endloop
  endfacet
  facet normal 0 0 1
    outer loop
      vertex 239.002 27.5796 10
      vertex 240.142 24.4939 10
      vertex 242.163 25.9704 10
    endloop
  endfacet
  facet normal 0 -0 1
    outer loop
      vertex 242.51 26.86 10
      vertex 242.531 27.793 10
      vertex 239.05 27.6969 10
    endloop
  endfacet
  facet normal 0 0 1
    outer loop
      vertex 242.51 26.86 10
      vertex 242.212 26.0539 10
      vertex 242.51 26.309 10
    endloop
  endfacet
  facet normal 0 0 1
    outer loop
      vertex 238.981 29.1905 10
      vertex 242.567 28.2833 10
      vertex 242.608 28.4402 10
    endloop
  endfacet
  facet normal 0 0 1
    outer loop
      vertex 242.531 27.793 10
      vertex 242.51 26.86 10
      vertex 242.614 27.0026 10
    endloop
  endfacet
  facet normal 0 0 1
    outer loop
      vertex 239.11 32.8663 10
      vertex 238.671 31.7202 10
      vertex 239.26 30.194 10
    endloop
  endfacet
  facet normal 0 0 1
    outer loop
      vertex 242.618 27.9465 10
      vertex 242.567 28.2833 10
      vertex 242.531 27.793 10
    endloop
  endfacet
  facet normal 0 0 1
    outer loop
      vertex 242.621 27.0014 10
      vertex 242.531 27.793 10
      vertex 242.614 27.0026 10
    endloop
  endfacet
  facet normal -0 -0 1
    outer loop
      vertex 237.74 36.94 10
      vertex 239.523 36.6649 10
      vertex 237.587 37.2812 10
    endloop
  endfacet
  facet normal 0 0 1
    outer loop
      vertex 239.26 30.194 10
      vertex 239.263 30.0954 10
      vertex 242.68 29.7879 10
    endloop
  endfacet
  facet normal 0 -0 1
    outer loop
      vertex 231.398 44.1726 10
      vertex 232.404 44.3308 10
      vertex 231.357 44.4406 10
    endloop
  endfacet
  facet normal 0 0 1
    outer loop
      vertex 242.676 27.9512 10
      vertex 242.567 28.2833 10
      vertex 242.618 27.9465 10
    endloop
  endfacet
  facet normal 0 0 1
    outer loop
      vertex 243.012 29.0037 10
      vertex 242.693 29.7189 10
      vertex 242.868 28.6802 10
    endloop
  endfacet
  facet normal -0 0 1
    outer loop
      vertex 238.745 36.2539 10
      vertex 238.771 36.029 10
      vertex 239.523 36.6649 10
    endloop
  endfacet
  facet normal 0 0 1
    outer loop
      vertex 243.033 28.6628 10
      vertex 243.012 29.0037 10
      vertex 242.868 28.6802 10
    endloop
  endfacet
  facet normal 0 0 1
    outer loop
      vertex 239.637 36.6201 10
      vertex 238.771 36.029 10
      vertex 239.344 34.4076 10
    endloop
  endfacet
  facet normal 0 0 1
    outer loop
      vertex 239.344 34.4076 10
      vertex 238.771 36.029 10
      vertex 238.35 35.567 10
    endloop
  endfacet
  facet normal 0 0 1
    outer loop
      vertex 241.695 34.5187 10
      vertex 240.001 36.6367 10
      vertex 239.344 34.4076 10
    endloop
  endfacet
  facet normal 0 0 1
    outer loop
      vertex 238.631 48.5681 10
      vertex 239.641 48.996 10
      vertex 239.428 49.1539 10
    endloop
  endfacet
  facet normal 0 0 1
    outer loop
      vertex 237 49.9431 10
      vertex 236.883 50.0606 10
      vertex 236.99 47.8769 10
    endloop
  endfacet
  facet normal 0 0 1
    outer loop
      vertex 236.273 39.9749 10
      vertex 234.992 40.1498 10
      vertex 236.777 38.3455 10
    endloop
  endfacet
  facet normal 0 -0 1
    outer loop
      vertex 236.416 40.2255 10
      vertex 236.505 40.4909 10
      vertex 236.247 40.1493 10
    endloop
  endfacet
  facet normal 0 0 1
    outer loop
      vertex 238.617 27.3136 10
      vertex 237.191 26.6937 10
      vertex 237.898 23.9342 10
    endloop
  endfacet
  facet normal -0 0 1
    outer loop
      vertex 231.36 44.048 10
      vertex 231.11 43.7787 10
      vertex 232.404 44.3308 10
    endloop
  endfacet
  facet normal 0 0 1
    outer loop
      vertex 235.178 41.7786 10
      vertex 234.441 41.1592 10
      vertex 235.206 41.7419 10
    endloop
  endfacet
  facet normal -0 0 1
    outer loop
      vertex 231.996 51.6907 10
      vertex 231.423 47.745 10
      vertex 232.696 51.9707 10
    endloop
  endfacet
  facet normal 0 0 1
    outer loop
      vertex 236.633 51.3106 10
      vertex 236.21 52.0531 10
      vertex 236.078 52.0902 10
    endloop
  endfacet
  facet normal 0 -0 1
    outer loop
      vertex 236.484 40.2086 10
      vertex 236.505 40.4909 10
      vertex 236.416 40.2255 10
    endloop
  endfacet
  facet normal 0 0 1
    outer loop
      vertex 236.505 40.4909 10
      vertex 235.206 41.7419 10
      vertex 236.247 40.1493 10
    endloop
  endfacet
  facet normal 0 0 1
    outer loop
      vertex 236.631 46.6386 10
      vertex 232.493 47.035 10
      vertex 233.071 45.9824 10
    endloop
  endfacet
  facet normal 0 0 1
    outer loop
      vertex 232.696 51.9707 10
      vertex 231.423 47.745 10
      vertex 232.493 47.035 10
    endloop
  endfacet
  facet normal -0 0 1
    outer loop
      vertex 232.493 47.035 10
      vertex 236.669 46.7203 10
      vertex 236.925 47.7131 10
    endloop
  endfacet
  facet normal 0 0 1
    outer loop
      vertex 236.669 46.7203 10
      vertex 237.065 47.1608 10
      vertex 236.925 47.7131 10
    endloop
  endfacet
  facet normal 0 -0 1
    outer loop
      vertex 236.569 46.1449 10
      vertex 236.631 46.6386 10
      vertex 235.434 45.353 10
    endloop
  endfacet
  facet normal 0 0 1
    outer loop
      vertex 236.883 50.0606 10
      vertex 232.493 47.035 10
      vertex 236.99 47.8769 10
    endloop
  endfacet
  facet normal 0 0 1
    outer loop
      vertex 238.578 49.0511 10
      vertex 238.461 49.0875 10
      vertex 238.631 48.5681 10
    endloop
  endfacet
  facet normal 0 0 1
    outer loop
      vertex 232.696 51.9707 10
      vertex 232.493 47.035 10
      vertex 236.883 50.0606 10
    endloop
  endfacet
  facet normal 0 0 1
    outer loop
      vertex 237 49.9431 10
      vertex 236.99 47.8769 10
      vertex 237.087 47.8991 10
    endloop
  endfacet
  facet normal 0 0 1
    outer loop
      vertex 238.107 47.7846 10
      vertex 238.438 47.9765 10
      vertex 238.543 48.462 10
    endloop
  endfacet
  facet normal -0 0 1
    outer loop
      vertex 236.21 52.0531 10
      vertex 236.661 51.4308 10
      vertex 236.734 52.1614 10
    endloop
  endfacet
  facet normal 0 -0 1
    outer loop
      vertex 238.107 47.7846 10
      vertex 238.543 48.462 10
      vertex 237.087 47.8991 10
    endloop
  endfacet
  facet normal 0 0 1
    outer loop
      vertex 238.461 49.0875 10
      vertex 238.543 48.462 10
      vertex 238.631 48.5681 10
    endloop
  endfacet
  facet normal 0 -0 1
    outer loop
      vertex 238.631 48.5681 10
      vertex 239.428 49.1539 10
      vertex 238.578 49.0511 10
    endloop
  endfacet
  facet normal 0 -0 1
    outer loop
      vertex 236.633 51.3106 10
      vertex 236.661 51.4308 10
      vertex 236.21 52.0531 10
    endloop
  endfacet
  facet normal 0 0 1
    outer loop
      vertex 237.087 47.8991 10
      vertex 238.543 48.462 10
      vertex 238.461 49.0875 10
    endloop
  endfacet
  facet normal 0 0 1
    outer loop
      vertex 237.087 47.8991 10
      vertex 238.461 49.0875 10
      vertex 237.641 49.8111 10
    endloop
  endfacet
  facet normal 0 -0 1
    outer loop
      vertex 237.087 47.8991 10
      vertex 237.641 49.8111 10
      vertex 237 49.9431 10
    endloop
  endfacet
  facet normal 0 0 1
    outer loop
      vertex 235.234 52.2119 10
      vertex 235.116 52.2434 10
      vertex 236.883 50.0606 10
    endloop
  endfacet
  facet normal 0 0 1
    outer loop
      vertex 236.633 51.3106 10
      vertex 236.078 52.0902 10
      vertex 235.234 52.2119 10
    endloop
  endfacet
  facet normal 0 0 1
    outer loop
      vertex 236.078 52.0902 10
      vertex 235.841 52.3102 10
      vertex 235.234 52.2119 10
    endloop
  endfacet
  facet normal 0 0 1
    outer loop
      vertex 237.068 51.966 10
      vertex 236.734 52.1614 10
      vertex 236.661 51.4308 10
    endloop
  endfacet
  facet normal 0 0 1
    outer loop
      vertex 236.633 51.3106 10
      vertex 235.234 52.2119 10
      vertex 236.883 50.0606 10
    endloop
  endfacet
  facet normal 0 0 1
    outer loop
      vertex 232.773 52.0415 10
      vertex 235.116 52.2434 10
      vertex 233.143 52.7609 10
    endloop
  endfacet
  facet normal 0 0 1
    outer loop
      vertex 232.696 51.9707 10
      vertex 235.116 52.2434 10
      vertex 232.773 52.0415 10
    endloop
  endfacet
  facet normal 0 0 1
    outer loop
      vertex 233.934 53.1998 10
      vertex 233.143 52.7609 10
      vertex 235.116 52.2434 10
    endloop
  endfacet
  facet normal 0 0 1
    outer loop
      vertex 236.883 50.0606 10
      vertex 235.116 52.2434 10
      vertex 232.696 51.9707 10
    endloop
  endfacet
  facet normal -0 0 1
    outer loop
      vertex 231.102 51.3428 10
      vertex 231.423 47.745 10
      vertex 231.996 51.6907 10
    endloop
  endfacet
  facet normal 0 0 1
    outer loop
      vertex 230.884 51.3146 10
      vertex 228.926 49.3374 10
      vertex 231.266 47.7505 10
    endloop
  endfacet
  facet normal 0 0 1
    outer loop
      vertex 231.996 51.6907 10
      vertex 231.878 51.6933 10
      vertex 231.102 51.3428 10
    endloop
  endfacet
  facet normal -0 0 1
    outer loop
      vertex 228.72 48.4077 10
      vertex 229.221 47.6118 10
      vertex 228.926 49.3374 10
    endloop
  endfacet
  facet normal 0 0 1
    outer loop
      vertex 231.481 51.8727 10
      vertex 231.102 51.3428 10
      vertex 231.878 51.6933 10
    endloop
  endfacet
  facet normal -0 0 1
    outer loop
      vertex 228.957 51.1053 10
      vertex 228.888 49.4743 10
      vertex 229.945 51.4042 10
    endloop
  endfacet
  facet normal 0 0 1
    outer loop
      vertex 228.103 49.9566 10
      vertex 228.209 49.631 10
      vertex 228.377 49.7892 10
    endloop
  endfacet
  facet normal 0 0 1
    outer loop
      vertex 230.307 51.7942 10
      vertex 230.108 51.4712 10
      vertex 230.884 51.3146 10
    endloop
  endfacet
  facet normal 0 0 1
    outer loop
      vertex 230.108 51.4712 10
      vertex 229.945 51.4042 10
      vertex 230.884 51.3146 10
    endloop
  endfacet
  facet normal 0 0 1
    outer loop
      vertex 228.072 50.0095 10
      vertex 228.377 49.7892 10
      vertex 228.588 49.7843 10
    endloop
  endfacet
  facet normal 0 0 1
    outer loop
      vertex 229.865 51.4534 10
      vertex 228.957 51.1053 10
      vertex 229.945 51.4042 10
    endloop
  endfacet
  facet normal 0 0 1
    outer loop
      vertex 228.769 51.0837 10
      vertex 228.072 50.0095 10
      vertex 228.588 49.7843 10
    endloop
  endfacet
  facet normal 0 0 1
    outer loop
      vertex 228.957 51.1053 10
      vertex 229.865 51.4534 10
      vertex 229.602 51.7666 10
    endloop
  endfacet
  facet normal 0 0 1
    outer loop
      vertex 228.377 49.7892 10
      vertex 228.072 50.0095 10
      vertex 228.103 49.9566 10
    endloop
  endfacet
  facet normal -0 0 1
    outer loop
      vertex 227.149 51.0518 10
      vertex 228.072 50.0095 10
      vertex 228.769 51.0837 10
    endloop
  endfacet
  facet normal 0 0 1
    outer loop
      vertex 227.149 51.0518 10
      vertex 228.769 51.0837 10
      vertex 227.739 51.7432 10
    endloop
  endfacet
  facet normal -0 0 1
    outer loop
      vertex 228.769 51.0837 10
      vertex 228.588 49.7843 10
      vertex 228.957 51.1053 10
    endloop
  endfacet
  facet normal -0 0 1
    outer loop
      vertex 231.11 43.7787 10
      vertex 233.732 42.3313 10
      vertex 232.404 44.3308 10
    endloop
  endfacet
  facet normal 0 0 1
    outer loop
      vertex 231.102 51.3428 10
      vertex 230.884 51.3146 10
      vertex 231.266 47.7505 10
    endloop
  endfacet
  facet normal 0 -0 1
    outer loop
      vertex 234.578 42.9895 10
      vertex 235.378 45.2795 10
      vertex 233.287 45.3264 10
    endloop
  endfacet
  facet normal -0 0 1
    outer loop
      vertex 228.588 49.7843 10
      vertex 228.888 49.4743 10
      vertex 228.957 51.1053 10
    endloop
  endfacet
  facet normal 0 -0 1
    outer loop
      vertex 228.926 49.3374 10
      vertex 230.884 51.3146 10
      vertex 228.888 49.4743 10
    endloop
  endfacet
  facet normal 0 0 1
    outer loop
      vertex 228.888 49.4743 10
      vertex 230.884 51.3146 10
      vertex 229.945 51.4042 10
    endloop
  endfacet
  facet normal 0 0 1
    outer loop
      vertex 231.266 47.7505 10
      vertex 229.221 47.6118 10
      vertex 230.288 47.1957 10
    endloop
  endfacet
  facet normal 0 0 1
    outer loop
      vertex 228.926 49.3374 10
      vertex 229.221 47.6118 10
      vertex 231.266 47.7505 10
    endloop
  endfacet
  facet normal 0 0 1
    outer loop
      vertex 232.493 47.035 10
      vertex 236.631 46.6386 10
      vertex 236.669 46.7203 10
    endloop
  endfacet
  facet normal 0 0 1
    outer loop
      vertex 234.578 42.9895 10
      vertex 232.537 44.3864 10
      vertex 233.732 42.3313 10
    endloop
  endfacet
  facet normal 0 0 1
    outer loop
      vertex 231.36 44.048 10
      vertex 232.404 44.3308 10
      vertex 231.398 44.1726 10
    endloop
  endfacet
  facet normal 0 0 1
    outer loop
      vertex 232.493 47.035 10
      vertex 232.517 46.805 10
      vertex 233.071 45.9824 10
    endloop
  endfacet
  facet normal 0 0 1
    outer loop
      vertex 231.102 51.3428 10
      vertex 231.266 47.7505 10
      vertex 231.423 47.745 10
    endloop
  endfacet
  facet normal 0 0 1
    outer loop
      vertex 232.517 46.805 10
      vertex 232.177 46.4582 10
      vertex 233.071 45.9824 10
    endloop
  endfacet
  facet normal 0 0 1
    outer loop
      vertex 232.493 47.035 10
      vertex 236.925 47.7131 10
      vertex 236.99 47.8769 10
    endloop
  endfacet
  facet normal 0 0 1
    outer loop
      vertex 236.631 46.6386 10
      vertex 233.071 45.9824 10
      vertex 233.139 45.9051 10
    endloop
  endfacet
  facet normal 0 0 1
    outer loop
      vertex 235.434 45.353 10
      vertex 233.309 45.4751 10
      vertex 235.378 45.2795 10
    endloop
  endfacet
  facet normal 0 0 1
    outer loop
      vertex 233.287 45.3264 10
      vertex 232.537 44.3864 10
      vertex 234.578 42.9895 10
    endloop
  endfacet
  facet normal 0 -0 1
    outer loop
      vertex 235.434 45.353 10
      vertex 236.631 46.6386 10
      vertex 233.139 45.9051 10
    endloop
  endfacet
  facet normal 0 0 1
    outer loop
      vertex 233.309 45.4751 10
      vertex 233.287 45.3264 10
      vertex 235.378 45.2795 10
    endloop
  endfacet
  facet normal 0 0 1
    outer loop
      vertex 235.434 45.353 10
      vertex 233.139 45.9051 10
      vertex 233.309 45.4751 10
    endloop
  endfacet
  facet normal 0 0 1
    outer loop
      vertex 233.732 42.3313 10
      vertex 232.537 44.3864 10
      vertex 232.404 44.3308 10
    endloop
  endfacet
  facet normal 0 0 1
    outer loop
      vertex 234.588 42.8686 10
      vertex 234.578 42.9895 10
      vertex 233.732 42.3313 10
    endloop
  endfacet
  facet normal 0 0 1
    outer loop
      vertex 234.588 42.8686 10
      vertex 233.809 42.182 10
      vertex 235.178 41.7786 10
    endloop
  endfacet
  facet normal 0 0 1
    outer loop
      vertex 234.588 42.8686 10
      vertex 233.732 42.3313 10
      vertex 233.809 42.182 10
    endloop
  endfacet
  facet normal 0 0 1
    outer loop
      vertex 233.809 42.182 10
      vertex 233.749 41.6872 10
      vertex 234.441 41.1592 10
    endloop
  endfacet
  facet normal -0 0 1
    outer loop
      vertex 234.441 41.1592 10
      vertex 234.482 41.1103 10
      vertex 235.206 41.7419 10
    endloop
  endfacet
  facet normal 0 0 1
    outer loop
      vertex 233.809 42.182 10
      vertex 234.441 41.1592 10
      vertex 235.178 41.7786 10
    endloop
  endfacet
  facet normal 0 0 1
    outer loop
      vertex 238.278 27.3899 10
      vertex 237.191 26.6937 10
      vertex 238.617 27.3136 10
    endloop
  endfacet
  facet normal 0 -0 1
    outer loop
      vertex 234.992 40.1498 10
      vertex 235.206 41.7419 10
      vertex 234.482 41.1103 10
    endloop
  endfacet
  facet normal 0 0 1
    outer loop
      vertex 236.247 40.1493 10
      vertex 235.206 41.7419 10
      vertex 234.992 40.1498 10
    endloop
  endfacet
  facet normal 0 0 1
    outer loop
      vertex 236.247 40.1493 10
      vertex 234.992 40.1498 10
      vertex 236.273 39.9749 10
    endloop
  endfacet
  facet normal -0 0 1
    outer loop
      vertex 239.002 27.5796 10
      vertex 242.212 26.0539 10
      vertex 239.05 27.6969 10
    endloop
  endfacet
  facet normal 0 0 1
    outer loop
      vertex 239.523 36.6649 10
      vertex 236.273 39.9749 10
      vertex 236.777 38.3455 10
    endloop
  endfacet
  facet normal -0 -0 1
    outer loop
      vertex 237.433 37.369 10
      vertex 237.587 37.2812 10
      vertex 236.813 38.2854 10
    endloop
  endfacet
  facet normal -0 0 1
    outer loop
      vertex 239.11 32.8663 10
      vertex 242.749 31.0814 10
      vertex 241.695 34.5187 10
    endloop
  endfacet
  facet normal 0 -0 1
    outer loop
      vertex 237.116 37.333 10
      vertex 237.433 37.369 10
      vertex 236.813 38.2854 10
    endloop
  endfacet
  facet normal -0 -0 1
    outer loop
      vertex 237.587 37.2812 10
      vertex 239.523 36.6649 10
      vertex 236.813 38.2854 10
    endloop
  endfacet
  facet normal 0 -0 1
    outer loop
      vertex 238.745 36.2539 10
      vertex 239.523 36.6649 10
      vertex 237.74 36.94 10
    endloop
  endfacet
  facet normal 0 0 1
    outer loop
      vertex 239.344 34.4076 10
      vertex 240.001 36.6367 10
      vertex 239.637 36.6201 10
    endloop
  endfacet
  facet normal 0 0 1
    outer loop
      vertex 238.771 36.029 10
      vertex 239.637 36.6201 10
      vertex 239.523 36.6649 10
    endloop
  endfacet
  facet normal 0 -0 1
    outer loop
      vertex 239.118 32.9437 10
      vertex 239.359 34.2334 10
      vertex 239.007 33.6401 10
    endloop
  endfacet
  facet normal 0 -0 1
    outer loop
      vertex 239.26 30.194 10
      vertex 242.749 31.0814 10
      vertex 239.11 32.8663 10
    endloop
  endfacet
  facet normal 0 0 1
    outer loop
      vertex 241.695 34.5187 10
      vertex 239.344 34.4076 10
      vertex 239.359 34.2334 10
    endloop
  endfacet
  facet normal -0 0 1
    outer loop
      vertex 239.118 32.9437 10
      vertex 239.11 32.8663 10
      vertex 241.695 34.5187 10
    endloop
  endfacet
  facet normal 0 -0 1
    outer loop
      vertex 242.68 29.7879 10
      vertex 242.749 31.0814 10
      vertex 239.26 30.194 10
    endloop
  endfacet
  facet normal 0 -0 1
    outer loop
      vertex 239.05 27.6969 10
      vertex 242.567 28.2833 10
      vertex 238.981 29.1905 10
    endloop
  endfacet
  facet normal -0 0 1
    outer loop
      vertex 236.59 26.14 10
      vertex 237.775 23.9793 10
      vertex 237.191 26.6937 10
    endloop
  endfacet
  facet normal -0 0 1
    outer loop
      vertex 238.981 29.1905 10
      vertex 242.608 28.4402 10
      vertex 239.263 30.0954 10
    endloop
  endfacet
  facet normal -0 0 1
    outer loop
      vertex 236.621 26.6148 10
      vertex 236.59 26.14 10
      vertex 237.127 26.6709 10
    endloop
  endfacet
  facet normal 0 0 1
    outer loop
      vertex 239.05 27.6969 10
      vertex 242.212 26.0539 10
      vertex 242.51 26.86 10
    endloop
  endfacet
  facet normal 0 0 1
    outer loop
      vertex 242.212 26.0539 10
      vertex 239.002 27.5796 10
      vertex 242.163 25.9704 10
    endloop
  endfacet
  facet normal 0 0 1
    outer loop
      vertex 240.142 24.4939 10
      vertex 238.752 27.3496 10
      vertex 238.617 27.3136 10
    endloop
  endfacet
  facet normal 0 0 1
    outer loop
      vertex 238.617 27.3136 10
      vertex 237.898 23.9342 10
      vertex 240.077 24.4297 10
    endloop
  endfacet
  facet normal 0 0 1
    outer loop
      vertex 240.142 24.4939 10
      vertex 238.617 27.3136 10
      vertex 240.077 24.4297 10
    endloop
  endfacet
  facet normal -0 -0 1
    outer loop
      vertex 237.775 23.9793 10
      vertex 237.898 23.9342 10
      vertex 237.191 26.6937 10
    endloop
  endfacet
  facet normal 0 0 1
    outer loop
      vertex 236.59 26.14 10
      vertex 237.191 26.6937 10
      vertex 237.127 26.6709 10
    endloop
  endfacet
  facet normal 0 0 1
    outer loop
      vertex 236.59 26.14 10
      vertex 236.413 26.0025 10
      vertex 237.775 23.9793 10
    endloop
  endfacet
  facet normal 0 -0 1
    outer loop
      vertex 236.008 24.7934 10
      vertex 236.413 26.0025 10
      vertex 235.389 25.3293 10
    endloop
  endfacet
  facet normal 0 -0 1
    outer loop
      vertex 235.389 25.3293 10
      vertex 235.61 26.1501 10
      vertex 235.381 25.9683 10
    endloop
  endfacet
  facet normal -0 0 1
    outer loop
      vertex 236.008 24.7934 10
      vertex 236.06 24.6827 10
      vertex 236.413 26.0025 10
    endloop
  endfacet
  facet normal 0 0 1
    outer loop
      vertex 235.389 25.3293 10
      vertex 236.413 26.0025 10
      vertex 235.61 26.1501 10
    endloop
  endfacet
  facet normal 0 -0 1
    outer loop
      vertex 237.094 23.679 10
      vertex 237.775 23.9793 10
      vertex 236.06 24.6827 10
    endloop
  endfacet
  facet normal 0 0 1
    outer loop
      vertex 235.196 24.1439 10
      vertex 235.055 22.4229 10
      vertex 235.738 22.9271 10
    endloop
  endfacet
  facet normal 0 0 1
    outer loop
      vertex 235.738 22.9271 10
      vertex 235.954 22.9569 10
      vertex 235.886 23.9839 10
    endloop
  endfacet
  facet normal 0 0 1
    outer loop
      vertex 235.886 23.9839 10
      vertex 235.954 22.9569 10
      vertex 236.443 23.0412 10
    endloop
  endfacet
  facet normal -0 0 1
    outer loop
      vertex 236.06 24.6827 10
      vertex 237.775 23.9793 10
      vertex 236.413 26.0025 10
    endloop
  endfacet
  facet normal 0 0 1
    outer loop
      vertex 236.07 24.1327 10
      vertex 236.824 23.519 10
      vertex 237.094 23.679 10
    endloop
  endfacet
  facet normal 0 0 1
    outer loop
      vertex 235.886 23.9839 10
      vertex 236.443 23.0412 10
      vertex 236.592 23.16 10
    endloop
  endfacet
  facet normal 0 0 1
    outer loop
      vertex 235.196 24.1439 10
      vertex 235.738 22.9271 10
      vertex 235.886 23.9839 10
    endloop
  endfacet
  facet normal 0 0 1
    outer loop
      vertex 235.112 24.1973 10
      vertex 234.143 24.1512 10
      vertex 235.196 24.1439 10
    endloop
  endfacet
  facet normal -0 0 1
    outer loop
      vertex 234.314 24.3469 10
      vertex 235.112 24.1973 10
      vertex 234.943 24.4122 10
    endloop
  endfacet
  facet normal 0 0 1
    outer loop
      vertex 234.143 24.1512 10
      vertex 235.112 24.1973 10
      vertex 234.314 24.3469 10
    endloop
  endfacet
  facet normal 0 -0 1
    outer loop
      vertex 233.59 23.9231 10
      vertex 233.994 24.1045 10
      vertex 233.584 24.2069 10
    endloop
  endfacet
  facet normal 0 0 1
    outer loop
      vertex 233.538 23.8065 10
      vertex 233.994 24.1045 10
      vertex 233.59 23.9231 10
    endloop
  endfacet
  facet normal 0 0 1
    outer loop
      vertex 235.055 22.4229 10
      vertex 233.994 24.1045 10
      vertex 233.538 23.8065 10
    endloop
  endfacet
  facet normal 0 0 1
    outer loop
      vertex 233.627 22.3323 10
      vertex 233.538 23.8065 10
      vertex 233.098 23.4265 10
    endloop
  endfacet
  facet normal 0 0 1
    outer loop
      vertex 235.055 22.4229 10
      vertex 233.538 23.8065 10
      vertex 233.627 22.3323 10
    endloop
  endfacet
  facet normal 0 0 1
    outer loop
      vertex 235.055 22.4229 10
      vertex 233.683 22.1653 10
      vertex 235.062 22.2468 10
    endloop
  endfacet
  facet normal -0 0 1
    outer loop
      vertex 233.683 22.1653 10
      vertex 233.625 22.0866 10
      vertex 235.062 22.2468 10
    endloop
  endfacet
  facet normal 0 0 1
    outer loop
      vertex 235.055 22.4229 10
      vertex 233.627 22.3323 10
      vertex 233.683 22.1653 10
    endloop
  endfacet
  facet normal 0 0 1
    outer loop
      vertex 233.043 23.3962 10
      vertex 232.398 23.2041 10
      vertex 233.627 22.3323 10
    endloop
  endfacet
  facet normal -0 0 1
    outer loop
      vertex 233.25 21.8275 10
      vertex 233.139 21.4272 10
      vertex 233.625 22.0866 10
    endloop
  endfacet
  facet normal -0 0 1
    outer loop
      vertex 233.625 22.0866 10
      vertex 234.387 20.4259 10
      vertex 235.062 22.2468 10
    endloop
  endfacet
  facet normal 0 0 1
    outer loop
      vertex 233.625 22.0866 10
      vertex 233.139 21.4272 10
      vertex 234.387 20.4259 10
    endloop
  endfacet
  facet normal 0 0 1
    outer loop
      vertex 233.139 21.4272 10
      vertex 234.334 20.3856 10
      vertex 234.387 20.4259 10
    endloop
  endfacet
  facet normal -0 0 1
    outer loop
      vertex 233.082 19.7122 10
      vertex 233.191 19.6292 10
      vertex 234.334 20.3856 10
    endloop
  endfacet
  facet normal 0 -0 1
    outer loop
      vertex 233.514 19.3937 10
      vertex 234.334 20.3856 10
      vertex 233.191 19.6292 10
    endloop
  endfacet
  facet normal 0 0 1
    outer loop
      vertex 233.514 19.3937 10
      vertex 233.214 19.4129 10
      vertex 233.172 19.3626 10
    endloop
  endfacet
  facet normal 0 0 1
    outer loop
      vertex 233.514 19.3937 10
      vertex 233.191 19.6292 10
      vertex 233.214 19.4129 10
    endloop
  endfacet
  facet normal 0.770731 -0.637161 0
    outer loop
      vertex 234.334 20.3856 0
      vertex 233.514 19.3937 10
      vertex 233.514 19.3937 0
    endloop
  endfacet
  facet normal 0.770731 -0.637161 0
    outer loop
      vertex 234.334 20.3856 0
      vertex 234.334 20.3856 10
      vertex 233.514 19.3937 10
    endloop
  endfacet
  facet normal 0.605274 -0.796017 0
    outer loop
      vertex 234.387 20.4259 0
      vertex 234.334 20.3856 10
      vertex 234.334 20.3856 0
    endloop
  endfacet
  facet normal 0.605274 -0.796017 0
    outer loop
      vertex 234.387 20.4259 0
      vertex 234.387 20.4259 10
      vertex 234.334 20.3856 10
    endloop
  endfacet
  facet normal 0.422564 -0.906333 0
    outer loop
      vertex 235.776 21.0735 0
      vertex 234.387 20.4259 10
      vertex 234.387 20.4259 0
    endloop
  endfacet
  facet normal 0.422564 -0.906333 0
    outer loop
      vertex 235.776 21.0735 0
      vertex 235.776 21.0735 10
      vertex 234.387 20.4259 10
    endloop
  endfacet
  facet normal 0.998846 0.0480215 0
    outer loop
      vertex 235.762 21.3647 0
      vertex 235.776 21.0735 10
      vertex 235.776 21.0735 0
    endloop
  endfacet
  facet normal 0.998846 0.0480215 -0
    outer loop
      vertex 235.762 21.3647 0
      vertex 235.762 21.3647 10
      vertex 235.776 21.0735 10
    endloop
  endfacet
  facet normal 0.783323 0.621615 0
    outer loop
      vertex 235.062 22.2468 0
      vertex 235.762 21.3647 10
      vertex 235.762 21.3647 0
    endloop
  endfacet
  facet normal 0.783323 0.621615 -0
    outer loop
      vertex 235.062 22.2468 0
      vertex 235.062 22.2468 10
      vertex 235.762 21.3647 10
    endloop
  endfacet
  facet normal 0.999211 0.0397188 0
    outer loop
      vertex 235.055 22.4229 0
      vertex 235.062 22.2468 10
      vertex 235.062 22.2468 0
    endloop
  endfacet
  facet normal 0.999211 0.0397188 -0
    outer loop
      vertex 235.055 22.4229 0
      vertex 235.055 22.4229 10
      vertex 235.062 22.2468 10
    endloop
  endfacet
  facet normal 0.145932 -0.989295 0
    outer loop
      vertex 235.276 22.4555 0
      vertex 235.055 22.4229 10
      vertex 235.055 22.4229 0
    endloop
  endfacet
  facet normal 0.145932 -0.989295 0
    outer loop
      vertex 235.276 22.4555 0
      vertex 235.276 22.4555 10
      vertex 235.055 22.4229 10
    endloop
  endfacet
  facet normal -0.637671 -0.770309 0
    outer loop
      vertex 236.423 21.506 0
      vertex 235.276 22.4555 10
      vertex 235.276 22.4555 0
    endloop
  endfacet
  facet normal -0.637671 -0.770309 0
    outer loop
      vertex 236.423 21.506 0
      vertex 236.423 21.506 10
      vertex 235.276 22.4555 10
    endloop
  endfacet
  facet normal 0.422465 -0.906379 0
    outer loop
      vertex 236.6 21.5885 0
      vertex 236.423 21.506 10
      vertex 236.423 21.506 0
    endloop
  endfacet
  facet normal 0.422465 -0.906379 0
    outer loop
      vertex 236.6 21.5885 0
      vertex 236.6 21.5885 10
      vertex 236.423 21.506 10
    endloop
  endfacet
  facet normal 0.80352 0.595277 0
    outer loop
      vertex 235.739 22.7507 0
      vertex 236.6 21.5885 10
      vertex 236.6 21.5885 0
    endloop
  endfacet
  facet normal 0.80352 0.595277 -0
    outer loop
      vertex 235.739 22.7507 0
      vertex 235.739 22.7507 10
      vertex 236.6 21.5885 10
    endloop
  endfacet
  facet normal 0.999984 0.00566884 0
    outer loop
      vertex 235.738 22.9271 0
      vertex 235.739 22.7507 10
      vertex 235.739 22.7507 0
    endloop
  endfacet
  facet normal 0.999984 0.00566884 -0
    outer loop
      vertex 235.738 22.9271 0
      vertex 235.738 22.9271 10
      vertex 235.739 22.7507 10
    endloop
  endfacet
  facet normal 0.136668 -0.990617 0
    outer loop
      vertex 235.954 22.9569 0
      vertex 235.738 22.9271 10
      vertex 235.738 22.9271 0
    endloop
  endfacet
  facet normal 0.136668 -0.990617 0
    outer loop
      vertex 235.954 22.9569 0
      vertex 235.954 22.9569 10
      vertex 235.738 22.9271 10
    endloop
  endfacet
  facet normal -0.6266 -0.779341 0
    outer loop
      vertex 236.851 22.2357 0
      vertex 235.954 22.9569 10
      vertex 235.954 22.9569 0
    endloop
  endfacet
  facet normal -0.6266 -0.779341 0
    outer loop
      vertex 236.851 22.2357 0
      vertex 236.851 22.2357 10
      vertex 235.954 22.9569 10
    endloop
  endfacet
  facet normal 0.809925 -0.586533 0
    outer loop
      vertex 237.081 22.5533 0
      vertex 236.851 22.2357 10
      vertex 236.851 22.2357 0
    endloop
  endfacet
  facet normal 0.809925 -0.586533 0
    outer loop
      vertex 237.081 22.5533 0
      vertex 237.081 22.5533 10
      vertex 236.851 22.2357 10
    endloop
  endfacet
  facet normal 0.500023 0.866012 0
    outer loop
      vertex 236.515 22.8801 0
      vertex 237.081 22.5533 10
      vertex 237.081 22.5533 0
    endloop
  endfacet
  facet normal 0.500023 0.866012 -0
    outer loop
      vertex 236.515 22.8801 0
      vertex 236.515 22.8801 10
      vertex 237.081 22.5533 10
    endloop
  endfacet
  facet normal 0.912968 0.408031 0
    outer loop
      vertex 236.443 23.0412 0
      vertex 236.515 22.8801 10
      vertex 236.515 22.8801 0
    endloop
  endfacet
  facet normal 0.912968 0.408031 -0
    outer loop
      vertex 236.443 23.0412 0
      vertex 236.443 23.0412 10
      vertex 236.515 22.8801 10
    endloop
  endfacet
  facet normal 0.623414 -0.781892 0
    outer loop
      vertex 236.592 23.16 0
      vertex 236.443 23.0412 10
      vertex 236.443 23.0412 0
    endloop
  endfacet
  facet normal 0.623414 -0.781892 0
    outer loop
      vertex 236.592 23.16 0
      vertex 236.592 23.16 10
      vertex 236.443 23.0412 10
    endloop
  endfacet
  facet normal -0.015447 -0.999881 0
    outer loop
      vertex 237.071 23.1526 0
      vertex 236.592 23.16 10
      vertex 236.592 23.16 0
    endloop
  endfacet
  facet normal -0.015447 -0.999881 0
    outer loop
      vertex 237.071 23.1526 0
      vertex 237.071 23.1526 10
      vertex 236.592 23.16 10
    endloop
  endfacet
  facet normal 0.992796 0.11982 0
    outer loop
      vertex 237.064 23.2106 0
      vertex 237.071 23.1526 10
      vertex 237.071 23.1526 0
    endloop
  endfacet
  facet normal 0.992796 0.11982 -0
    outer loop
      vertex 237.064 23.2106 0
      vertex 237.064 23.2106 10
      vertex 237.071 23.1526 10
    endloop
  endfacet
  facet normal 0.163891 0.986478 0
    outer loop
      vertex 236.875 23.242 0
      vertex 237.064 23.2106 10
      vertex 237.064 23.2106 0
    endloop
  endfacet
  facet normal 0.163891 0.986478 -0
    outer loop
      vertex 236.875 23.242 0
      vertex 236.875 23.242 10
      vertex 237.064 23.2106 10
    endloop
  endfacet
  facet normal 0.714741 0.699389 0
    outer loop
      vertex 236.752 23.3677 0
      vertex 236.875 23.242 10
      vertex 236.875 23.242 0
    endloop
  endfacet
  facet normal 0.714741 0.699389 -0
    outer loop
      vertex 236.752 23.3677 0
      vertex 236.752 23.3677 10
      vertex 236.875 23.242 10
    endloop
  endfacet
  facet normal 0.902971 -0.429702 0
    outer loop
      vertex 236.824 23.519 0
      vertex 236.752 23.3677 10
      vertex 236.752 23.3677 0
    endloop
  endfacet
  facet normal 0.902971 -0.429702 0
    outer loop
      vertex 236.824 23.519 0
      vertex 236.824 23.519 10
      vertex 236.752 23.3677 10
    endloop
  endfacet
  facet normal 0.509802 -0.860292 0
    outer loop
      vertex 237.094 23.679 0
      vertex 236.824 23.519 10
      vertex 236.824 23.519 0
    endloop
  endfacet
  facet normal 0.509802 -0.860292 0
    outer loop
      vertex 237.094 23.679 0
      vertex 237.094 23.679 10
      vertex 236.824 23.519 10
    endloop
  endfacet
  facet normal -0.014742 -0.999891 0
    outer loop
      vertex 237.25 23.6767 0
      vertex 237.094 23.679 10
      vertex 237.094 23.679 0
    endloop
  endfacet
  facet normal -0.014742 -0.999891 0
    outer loop
      vertex 237.25 23.6767 0
      vertex 237.25 23.6767 10
      vertex 237.094 23.679 10
    endloop
  endfacet
  facet normal -0.533819 -0.845599 0
    outer loop
      vertex 237.56 23.481 0
      vertex 237.25 23.6767 10
      vertex 237.25 23.6767 0
    endloop
  endfacet
  facet normal -0.533819 -0.845599 0
    outer loop
      vertex 237.56 23.481 0
      vertex 237.56 23.481 10
      vertex 237.25 23.6767 10
    endloop
  endfacet
  facet normal 0.976583 -0.21514 0
    outer loop
      vertex 237.644 23.8623 0
      vertex 237.56 23.481 10
      vertex 237.56 23.481 0
    endloop
  endfacet
  facet normal 0.976583 -0.21514 0
    outer loop
      vertex 237.644 23.8623 0
      vertex 237.644 23.8623 10
      vertex 237.56 23.481 10
    endloop
  endfacet
  facet normal 0.666129 -0.745837 0
    outer loop
      vertex 237.775 23.9793 0
      vertex 237.644 23.8623 10
      vertex 237.644 23.8623 0
    endloop
  endfacet
  facet normal 0.666129 -0.745837 0
    outer loop
      vertex 237.775 23.9793 0
      vertex 237.775 23.9793 10
      vertex 237.644 23.8623 10
    endloop
  endfacet
  facet normal -0.344255 -0.938876 0
    outer loop
      vertex 237.898 23.9342 0
      vertex 237.775 23.9793 10
      vertex 237.775 23.9793 0
    endloop
  endfacet
  facet normal -0.344255 -0.938876 0
    outer loop
      vertex 237.898 23.9342 0
      vertex 237.898 23.9342 10
      vertex 237.775 23.9793 10
    endloop
  endfacet
  facet normal -0.719503 -0.69449 0
    outer loop
      vertex 238.395 23.4193 0
      vertex 237.898 23.9342 10
      vertex 237.898 23.9342 0
    endloop
  endfacet
  facet normal -0.719503 -0.69449 0
    outer loop
      vertex 238.395 23.4193 0
      vertex 238.395 23.4193 10
      vertex 237.898 23.9342 10
    endloop
  endfacet
  facet normal 0.401826 -0.915716 0
    outer loop
      vertex 239.892 24.0762 0
      vertex 238.395 23.4193 10
      vertex 238.395 23.4193 0
    endloop
  endfacet
  facet normal 0.401826 -0.915716 0
    outer loop
      vertex 239.892 24.0762 0
      vertex 239.892 24.0762 10
      vertex 238.395 23.4193 10
    endloop
  endfacet
  facet normal 0.886003 -0.463679 0
    outer loop
      vertex 240.077 24.4297 0
      vertex 239.892 24.0762 10
      vertex 239.892 24.0762 0
    endloop
  endfacet
  facet normal 0.886003 -0.463679 0
    outer loop
      vertex 240.077 24.4297 0
      vertex 240.077 24.4297 10
      vertex 239.892 24.0762 10
    endloop
  endfacet
  facet normal 0.702715 -0.711472 0
    outer loop
      vertex 240.142 24.4939 0
      vertex 240.077 24.4297 10
      vertex 240.077 24.4297 0
    endloop
  endfacet
  facet normal 0.702715 -0.711472 0
    outer loop
      vertex 240.142 24.4939 0
      vertex 240.142 24.4939 10
      vertex 240.077 24.4297 10
    endloop
  endfacet
  facet normal 0.450714 -0.892669 0
    outer loop
      vertex 242.058 25.4613 0
      vertex 240.142 24.4939 10
      vertex 240.142 24.4939 0
    endloop
  endfacet
  facet normal 0.450714 -0.892669 0
    outer loop
      vertex 242.058 25.4613 0
      vertex 242.058 25.4613 10
      vertex 240.142 24.4939 10
    endloop
  endfacet
  facet normal 0.979387 -0.201995 0
    outer loop
      vertex 242.163 25.9704 0
      vertex 242.058 25.4613 10
      vertex 242.058 25.4613 0
    endloop
  endfacet
  facet normal 0.979387 -0.201995 0
    outer loop
      vertex 242.163 25.9704 0
      vertex 242.163 25.9704 10
      vertex 242.058 25.4613 10
    endloop
  endfacet
  facet normal 0.862465 -0.506117 0
    outer loop
      vertex 242.212 26.0539 0
      vertex 242.163 25.9704 10
      vertex 242.163 25.9704 0
    endloop
  endfacet
  facet normal 0.862465 -0.506117 0
    outer loop
      vertex 242.212 26.0539 0
      vertex 242.212 26.0539 10
      vertex 242.163 25.9704 10
    endloop
  endfacet
  facet normal 0.650308 -0.75967 0
    outer loop
      vertex 242.51 26.309 0
      vertex 242.212 26.0539 10
      vertex 242.212 26.0539 0
    endloop
  endfacet
  facet normal 0.650308 -0.75967 0
    outer loop
      vertex 242.51 26.309 0
      vertex 242.51 26.309 10
      vertex 242.212 26.0539 10
    endloop
  endfacet
  facet normal 1 0 0
    outer loop
      vertex 242.51 26.86 0
      vertex 242.51 26.309 10
      vertex 242.51 26.309 0
    endloop
  endfacet
  facet normal 1 0 -0
    outer loop
      vertex 242.51 26.86 0
      vertex 242.51 26.86 10
      vertex 242.51 26.309 10
    endloop
  endfacet
  facet normal 0.807951 -0.589249 0
    outer loop
      vertex 242.614 27.0026 0
      vertex 242.51 26.86 10
      vertex 242.51 26.86 0
    endloop
  endfacet
  facet normal 0.807951 -0.589249 0
    outer loop
      vertex 242.614 27.0026 0
      vertex 242.614 27.0026 10
      vertex 242.51 26.86 10
    endloop
  endfacet
  facet normal -0.168964 -0.985622 0
    outer loop
      vertex 242.621 27.0014 0
      vertex 242.614 27.0026 10
      vertex 242.614 27.0026 0
    endloop
  endfacet
  facet normal -0.168964 -0.985622 0
    outer loop
      vertex 242.621 27.0014 0
      vertex 242.621 27.0014 10
      vertex 242.614 27.0026 10
    endloop
  endfacet
  facet normal 0.993599 0.112966 0
    outer loop
      vertex 242.531 27.793 0
      vertex 242.621 27.0014 10
      vertex 242.621 27.0014 0
    endloop
  endfacet
  facet normal 0.993599 0.112966 -0
    outer loop
      vertex 242.531 27.793 0
      vertex 242.531 27.793 10
      vertex 242.621 27.0014 10
    endloop
  endfacet
  facet normal 0.869982 -0.493084 0
    outer loop
      vertex 242.618 27.9465 0
      vertex 242.531 27.793 10
      vertex 242.531 27.793 0
    endloop
  endfacet
  facet normal 0.869982 -0.493084 0
    outer loop
      vertex 242.618 27.9465 0
      vertex 242.618 27.9465 10
      vertex 242.531 27.793 10
    endloop
  endfacet
  facet normal 0.0807697 -0.996733 0
    outer loop
      vertex 242.676 27.9512 0
      vertex 242.618 27.9465 10
      vertex 242.618 27.9465 0
    endloop
  endfacet
  facet normal 0.0807697 -0.996733 0
    outer loop
      vertex 242.676 27.9512 0
      vertex 242.676 27.9512 10
      vertex 242.618 27.9465 10
    endloop
  endfacet
  facet normal 0.950132 0.311847 0
    outer loop
      vertex 242.567 28.2833 0
      vertex 242.676 27.9512 10
      vertex 242.676 27.9512 0
    endloop
  endfacet
  facet normal 0.950132 0.311847 -0
    outer loop
      vertex 242.567 28.2833 0
      vertex 242.567 28.2833 10
      vertex 242.676 27.9512 10
    endloop
  endfacet
  facet normal 0.967512 -0.252824 0
    outer loop
      vertex 242.608 28.4402 0
      vertex 242.567 28.2833 10
      vertex 242.567 28.2833 0
    endloop
  endfacet
  facet normal 0.967512 -0.252824 0
    outer loop
      vertex 242.608 28.4402 0
      vertex 242.608 28.4402 10
      vertex 242.567 28.2833 10
    endloop
  endfacet
  facet normal 0.67828 -0.734803 0
    outer loop
      vertex 242.868 28.6802 0
      vertex 242.608 28.4402 10
      vertex 242.608 28.4402 0
    endloop
  endfacet
  facet normal 0.67828 -0.734803 0
    outer loop
      vertex 242.868 28.6802 0
      vertex 242.868 28.6802 10
      vertex 242.608 28.4402 10
    endloop
  endfacet
  facet normal -0.104873 -0.994486 0
    outer loop
      vertex 243.033 28.6628 0
      vertex 242.868 28.6802 10
      vertex 242.868 28.6802 0
    endloop
  endfacet
  facet normal -0.104873 -0.994486 0
    outer loop
      vertex 243.033 28.6628 0
      vertex 243.033 28.6628 10
      vertex 242.868 28.6802 10
    endloop
  endfacet
  facet normal 0.998108 0.0614851 0
    outer loop
      vertex 243.012 29.0037 0
      vertex 243.033 28.6628 10
      vertex 243.033 28.6628 0
    endloop
  endfacet
  facet normal 0.998108 0.0614851 -0
    outer loop
      vertex 243.012 29.0037 0
      vertex 243.012 29.0037 10
      vertex 243.033 28.6628 10
    endloop
  endfacet
  facet normal 0.913274 0.407347 0
    outer loop
      vertex 242.693 29.7189 0
      vertex 243.012 29.0037 10
      vertex 243.012 29.0037 0
    endloop
  endfacet
  facet normal 0.913274 0.407347 -0
    outer loop
      vertex 242.693 29.7189 0
      vertex 242.693 29.7189 10
      vertex 243.012 29.0037 10
    endloop
  endfacet
  facet normal 0.982711 0.185148 0
    outer loop
      vertex 242.68 29.7879 0
      vertex 242.693 29.7189 10
      vertex 242.693 29.7189 0
    endloop
  endfacet
  facet normal 0.982711 0.185148 -0
    outer loop
      vertex 242.68 29.7879 0
      vertex 242.68 29.7879 10
      vertex 242.693 29.7189 10
    endloop
  endfacet
  facet normal 0.99858 -0.0532679 0
    outer loop
      vertex 242.749 31.0814 0
      vertex 242.68 29.7879 10
      vertex 242.68 29.7879 0
    endloop
  endfacet
  facet normal 0.99858 -0.0532679 0
    outer loop
      vertex 242.749 31.0814 0
      vertex 242.749 31.0814 10
      vertex 242.68 29.7879 10
    endloop
  endfacet
  facet normal 0.956062 0.293163 0
    outer loop
      vertex 241.695 34.5187 0
      vertex 242.749 31.0814 10
      vertex 242.749 31.0814 0
    endloop
  endfacet
  facet normal 0.956062 0.293163 -0
    outer loop
      vertex 241.695 34.5187 0
      vertex 241.695 34.5187 10
      vertex 242.749 31.0814 10
    endloop
  endfacet
  facet normal 0.780941 0.624605 0
    outer loop
      vertex 240.001 36.6367 0
      vertex 241.695 34.5187 10
      vertex 241.695 34.5187 0
    endloop
  endfacet
  facet normal 0.780941 0.624605 -0
    outer loop
      vertex 240.001 36.6367 0
      vertex 240.001 36.6367 10
      vertex 241.695 34.5187 10
    endloop
  endfacet
  facet normal -0.045557 0.998962 0
    outer loop
      vertex 239.637 36.6201 0
      vertex 240.001 36.6367 10
      vertex 240.001 36.6367 0
    endloop
  endfacet
  facet normal -0.045557 0.998962 0
    outer loop
      vertex 239.637 36.6201 0
      vertex 239.637 36.6201 10
      vertex 240.001 36.6367 10
    endloop
  endfacet
  facet normal 0.365753 0.930712 0
    outer loop
      vertex 239.523 36.6649 0
      vertex 239.637 36.6201 10
      vertex 239.637 36.6201 0
    endloop
  endfacet
  facet normal 0.365753 0.930712 -0
    outer loop
      vertex 239.523 36.6649 0
      vertex 239.523 36.6649 10
      vertex 239.637 36.6201 10
    endloop
  endfacet
  facet normal 0.713544 0.70061 0
    outer loop
      vertex 236.273 39.9749 0
      vertex 239.523 36.6649 10
      vertex 239.523 36.6649 0
    endloop
  endfacet
  facet normal 0.713544 0.70061 -0
    outer loop
      vertex 236.273 39.9749 0
      vertex 236.273 39.9749 10
      vertex 239.523 36.6649 10
    endloop
  endfacet
  facet normal 0.989069 0.147453 0
    outer loop
      vertex 236.247 40.1493 0
      vertex 236.273 39.9749 10
      vertex 236.273 39.9749 0
    endloop
  endfacet
  facet normal 0.989069 0.147453 -0
    outer loop
      vertex 236.247 40.1493 0
      vertex 236.247 40.1493 10
      vertex 236.273 39.9749 10
    endloop
  endfacet
  facet normal 0.411037 -0.911618 0
    outer loop
      vertex 236.416 40.2255 0
      vertex 236.247 40.1493 10
      vertex 236.247 40.1493 0
    endloop
  endfacet
  facet normal 0.411037 -0.911618 0
    outer loop
      vertex 236.416 40.2255 0
      vertex 236.416 40.2255 10
      vertex 236.247 40.1493 10
    endloop
  endfacet
  facet normal -0.241192 -0.970477 0
    outer loop
      vertex 236.484 40.2086 0
      vertex 236.416 40.2255 10
      vertex 236.416 40.2255 0
    endloop
  endfacet
  facet normal -0.241192 -0.970477 0
    outer loop
      vertex 236.484 40.2086 0
      vertex 236.484 40.2086 10
      vertex 236.416 40.2255 10
    endloop
  endfacet
  facet normal 0.997245 -0.074184 0
    outer loop
      vertex 236.505 40.4909 0
      vertex 236.484 40.2086 10
      vertex 236.484 40.2086 0
    endloop
  endfacet
  facet normal 0.997245 -0.074184 0
    outer loop
      vertex 236.505 40.4909 0
      vertex 236.505 40.4909 10
      vertex 236.484 40.2086 10
    endloop
  endfacet
  facet normal 0.693674 0.720289 0
    outer loop
      vertex 235.206 41.7419 0
      vertex 236.505 40.4909 10
      vertex 236.505 40.4909 0
    endloop
  endfacet
  facet normal 0.693674 0.720289 -0
    outer loop
      vertex 235.206 41.7419 0
      vertex 235.206 41.7419 10
      vertex 236.505 40.4909 10
    endloop
  endfacet
  facet normal 0.795034 0.606565 0
    outer loop
      vertex 235.178 41.7786 0
      vertex 235.206 41.7419 10
      vertex 235.206 41.7419 0
    endloop
  endfacet
  facet normal 0.795034 0.606565 -0
    outer loop
      vertex 235.178 41.7786 0
      vertex 235.178 41.7786 10
      vertex 235.206 41.7419 10
    endloop
  endfacet
  facet normal 0.879433 0.476023 0
    outer loop
      vertex 234.588 42.8686 0
      vertex 235.178 41.7786 10
      vertex 235.178 41.7786 0
    endloop
  endfacet
  facet normal 0.879433 0.476023 -0
    outer loop
      vertex 234.588 42.8686 0
      vertex 234.588 42.8686 10
      vertex 235.178 41.7786 10
    endloop
  endfacet
  facet normal 0.996597 0.0824315 0
    outer loop
      vertex 234.578 42.9895 0
      vertex 234.588 42.8686 10
      vertex 234.588 42.8686 0
    endloop
  endfacet
  facet normal 0.996597 0.0824315 -0
    outer loop
      vertex 234.578 42.9895 0
      vertex 234.578 42.9895 10
      vertex 234.588 42.8686 10
    endloop
  endfacet
  facet normal 0.944051 -0.329799 0
    outer loop
      vertex 235.378 45.2795 0
      vertex 234.578 42.9895 10
      vertex 234.578 42.9895 0
    endloop
  endfacet
  facet normal 0.944051 -0.329799 0
    outer loop
      vertex 235.378 45.2795 0
      vertex 235.378 45.2795 10
      vertex 234.578 42.9895 10
    endloop
  endfacet
  facet normal 0.795432 -0.606043 0
    outer loop
      vertex 235.434 45.353 0
      vertex 235.378 45.2795 10
      vertex 235.378 45.2795 0
    endloop
  endfacet
  facet normal 0.795432 -0.606043 0
    outer loop
      vertex 235.434 45.353 0
      vertex 235.434 45.353 10
      vertex 235.378 45.2795 10
    endloop
  endfacet
  facet normal 0.572201 -0.820114 0
    outer loop
      vertex 236.569 46.1449 0
      vertex 235.434 45.353 10
      vertex 235.434 45.353 0
    endloop
  endfacet
  facet normal 0.572201 -0.820114 0
    outer loop
      vertex 236.569 46.1449 0
      vertex 236.569 46.1449 10
      vertex 235.434 45.353 10
    endloop
  endfacet
  facet normal 0.992207 -0.124604 0
    outer loop
      vertex 236.631 46.6386 0
      vertex 236.569 46.1449 10
      vertex 236.569 46.1449 0
    endloop
  endfacet
  facet normal 0.992207 -0.124604 0
    outer loop
      vertex 236.631 46.6386 0
      vertex 236.631 46.6386 10
      vertex 236.569 46.1449 10
    endloop
  endfacet
  facet normal 0.906721 -0.421731 0
    outer loop
      vertex 236.669 46.7203 0
      vertex 236.631 46.6386 10
      vertex 236.631 46.6386 0
    endloop
  endfacet
  facet normal 0.906721 -0.421731 0
    outer loop
      vertex 236.669 46.7203 0
      vertex 236.669 46.7203 10
      vertex 236.631 46.6386 10
    endloop
  endfacet
  facet normal 0.743672 -0.668545 0
    outer loop
      vertex 237.065 47.1608 0
      vertex 236.669 46.7203 10
      vertex 236.669 46.7203 0
    endloop
  endfacet
  facet normal 0.743672 -0.668545 0
    outer loop
      vertex 237.065 47.1608 0
      vertex 237.065 47.1608 10
      vertex 236.669 46.7203 10
    endloop
  endfacet
  facet normal 0.969342 0.245714 0
    outer loop
      vertex 236.925 47.7131 0
      vertex 237.065 47.1608 10
      vertex 237.065 47.1608 0
    endloop
  endfacet
  facet normal 0.969342 0.245714 -0
    outer loop
      vertex 236.925 47.7131 0
      vertex 236.925 47.7131 10
      vertex 237.065 47.1608 10
    endloop
  endfacet
  facet normal 0.929491 -0.368846 0
    outer loop
      vertex 236.99 47.8769 0
      vertex 236.925 47.7131 10
      vertex 236.925 47.7131 0
    endloop
  endfacet
  facet normal 0.929491 -0.368846 0
    outer loop
      vertex 236.99 47.8769 0
      vertex 236.99 47.8769 10
      vertex 236.925 47.7131 10
    endloop
  endfacet
  facet normal 0.223098 -0.974796 0
    outer loop
      vertex 237.087 47.8991 0
      vertex 236.99 47.8769 10
      vertex 236.99 47.8769 0
    endloop
  endfacet
  facet normal 0.223098 -0.974796 0
    outer loop
      vertex 237.087 47.8991 0
      vertex 237.087 47.8991 10
      vertex 236.99 47.8769 10
    endloop
  endfacet
  facet normal -0.111554 -0.993758 0
    outer loop
      vertex 238.107 47.7846 0
      vertex 237.087 47.8991 10
      vertex 237.087 47.8991 0
    endloop
  endfacet
  facet normal -0.111554 -0.993758 0
    outer loop
      vertex 238.107 47.7846 0
      vertex 238.107 47.7846 10
      vertex 237.087 47.8991 10
    endloop
  endfacet
  facet normal 0.501562 -0.865122 0
    outer loop
      vertex 238.438 47.9765 0
      vertex 238.107 47.7846 10
      vertex 238.107 47.7846 0
    endloop
  endfacet
  facet normal 0.501562 -0.865122 0
    outer loop
      vertex 238.438 47.9765 0
      vertex 238.438 47.9765 10
      vertex 238.107 47.7846 10
    endloop
  endfacet
  facet normal 0.977403 -0.211385 0
    outer loop
      vertex 238.543 48.462 0
      vertex 238.438 47.9765 10
      vertex 238.438 47.9765 0
    endloop
  endfacet
  facet normal 0.977403 -0.211385 0
    outer loop
      vertex 238.543 48.462 0
      vertex 238.543 48.462 10
      vertex 238.438 47.9765 10
    endloop
  endfacet
  facet normal 0.769706 -0.638399 0
    outer loop
      vertex 238.631 48.5681 0
      vertex 238.543 48.462 10
      vertex 238.543 48.462 0
    endloop
  endfacet
  facet normal 0.769706 -0.638399 0
    outer loop
      vertex 238.631 48.5681 0
      vertex 238.631 48.5681 10
      vertex 238.543 48.462 10
    endloop
  endfacet
  facet normal 0.390098 -0.920773 0
    outer loop
      vertex 239.641 48.996 0
      vertex 238.631 48.5681 10
      vertex 238.631 48.5681 0
    endloop
  endfacet
  facet normal 0.390098 -0.920773 0
    outer loop
      vertex 239.641 48.996 0
      vertex 239.641 48.996 10
      vertex 238.631 48.5681 10
    endloop
  endfacet
  facet normal 0.595525 0.803337 0
    outer loop
      vertex 239.428 49.1539 0
      vertex 239.641 48.996 10
      vertex 239.641 48.996 0
    endloop
  endfacet
  facet normal 0.595525 0.803337 -0
    outer loop
      vertex 239.428 49.1539 0
      vertex 239.428 49.1539 10
      vertex 239.641 48.996 10
    endloop
  endfacet
  facet normal -0.120066 0.992766 0
    outer loop
      vertex 238.578 49.0511 0
      vertex 239.428 49.1539 10
      vertex 239.428 49.1539 0
    endloop
  endfacet
  facet normal -0.120066 0.992766 0
    outer loop
      vertex 238.578 49.0511 0
      vertex 238.578 49.0511 10
      vertex 239.428 49.1539 10
    endloop
  endfacet
  facet normal 0.297067 0.954857 0
    outer loop
      vertex 238.461 49.0875 0
      vertex 238.578 49.0511 10
      vertex 238.578 49.0511 0
    endloop
  endfacet
  facet normal 0.297067 0.954857 -0
    outer loop
      vertex 238.461 49.0875 0
      vertex 238.461 49.0875 10
      vertex 238.578 49.0511 10
    endloop
  endfacet
  facet normal 0.661658 0.749806 0
    outer loop
      vertex 237.641 49.8111 0
      vertex 238.461 49.0875 10
      vertex 238.461 49.0875 0
    endloop
  endfacet
  facet normal 0.661658 0.749806 -0
    outer loop
      vertex 237.641 49.8111 0
      vertex 237.641 49.8111 10
      vertex 238.461 49.0875 10
    endloop
  endfacet
  facet normal 0.201696 0.979448 0
    outer loop
      vertex 237 49.9431 0
      vertex 237.641 49.8111 10
      vertex 237.641 49.8111 0
    endloop
  endfacet
  facet normal 0.201696 0.979448 -0
    outer loop
      vertex 237 49.9431 0
      vertex 237 49.9431 10
      vertex 237.641 49.8111 10
    endloop
  endfacet
  facet normal 0.708613 0.705597 0
    outer loop
      vertex 236.883 50.0606 0
      vertex 237 49.9431 10
      vertex 237 49.9431 0
    endloop
  endfacet
  facet normal 0.708613 0.705597 -0
    outer loop
      vertex 236.883 50.0606 0
      vertex 236.883 50.0606 10
      vertex 237 49.9431 10
    endloop
  endfacet
  facet normal 0.980581 0.196116 0
    outer loop
      vertex 236.633 51.3106 0
      vertex 236.883 50.0606 10
      vertex 236.883 50.0606 0
    endloop
  endfacet
  facet normal 0.980581 0.196116 -0
    outer loop
      vertex 236.633 51.3106 0
      vertex 236.633 51.3106 10
      vertex 236.883 50.0606 10
    endloop
  endfacet
  facet normal 0.973925 -0.226871 0
    outer loop
      vertex 236.661 51.4308 0
      vertex 236.633 51.3106 10
      vertex 236.633 51.3106 0
    endloop
  endfacet
  facet normal 0.973925 -0.226871 0
    outer loop
      vertex 236.661 51.4308 0
      vertex 236.661 51.4308 10
      vertex 236.633 51.3106 10
    endloop
  endfacet
  facet normal 0.795984 -0.605317 0
    outer loop
      vertex 237.068 51.966 0
      vertex 236.661 51.4308 10
      vertex 236.661 51.4308 0
    endloop
  endfacet
  facet normal 0.795984 -0.605317 0
    outer loop
      vertex 237.068 51.966 0
      vertex 237.068 51.966 10
      vertex 236.661 51.4308 10
    endloop
  endfacet
  facet normal 0.504963 0.863141 0
    outer loop
      vertex 236.734 52.1614 0
      vertex 237.068 51.966 10
      vertex 237.068 51.966 0
    endloop
  endfacet
  facet normal 0.504963 0.863141 -0
    outer loop
      vertex 236.734 52.1614 0
      vertex 236.734 52.1614 10
      vertex 237.068 51.966 10
    endloop
  endfacet
  facet normal -0.202402 0.979303 0
    outer loop
      vertex 236.21 52.0531 0
      vertex 236.734 52.1614 10
      vertex 236.734 52.1614 0
    endloop
  endfacet
  facet normal -0.202402 0.979303 0
    outer loop
      vertex 236.21 52.0531 0
      vertex 236.21 52.0531 10
      vertex 236.734 52.1614 10
    endloop
  endfacet
  facet normal 0.270577 0.962698 0
    outer loop
      vertex 236.078 52.0902 0
      vertex 236.21 52.0531 10
      vertex 236.21 52.0531 0
    endloop
  endfacet
  facet normal 0.270577 0.962698 -0
    outer loop
      vertex 236.078 52.0902 0
      vertex 236.078 52.0902 10
      vertex 236.21 52.0531 10
    endloop
  endfacet
  facet normal 0.680332 0.732904 0
    outer loop
      vertex 235.841 52.3102 0
      vertex 236.078 52.0902 10
      vertex 236.078 52.0902 0
    endloop
  endfacet
  facet normal 0.680332 0.732904 -0
    outer loop
      vertex 235.841 52.3102 0
      vertex 235.841 52.3102 10
      vertex 236.078 52.0902 10
    endloop
  endfacet
  facet normal -0.159861 0.987139 0
    outer loop
      vertex 235.234 52.2119 0
      vertex 235.841 52.3102 10
      vertex 235.841 52.3102 0
    endloop
  endfacet
  facet normal -0.159861 0.987139 0
    outer loop
      vertex 235.234 52.2119 0
      vertex 235.234 52.2119 10
      vertex 235.841 52.3102 10
    endloop
  endfacet
  facet normal 0.257917 0.966167 0
    outer loop
      vertex 235.116 52.2434 0
      vertex 235.234 52.2119 10
      vertex 235.234 52.2119 0
    endloop
  endfacet
  facet normal 0.257917 0.966167 -0
    outer loop
      vertex 235.116 52.2434 0
      vertex 235.116 52.2434 10
      vertex 235.234 52.2119 10
    endloop
  endfacet
  facet normal 0.629017 0.777392 0
    outer loop
      vertex 233.934 53.1998 0
      vertex 235.116 52.2434 10
      vertex 235.116 52.2434 0
    endloop
  endfacet
  facet normal 0.629017 0.777392 -0
    outer loop
      vertex 233.934 53.1998 0
      vertex 233.934 53.1998 10
      vertex 235.116 52.2434 10
    endloop
  endfacet
  facet normal -0.485183 0.874413 0
    outer loop
      vertex 233.143 52.7609 0
      vertex 233.934 53.1998 10
      vertex 233.934 53.1998 0
    endloop
  endfacet
  facet normal -0.485183 0.874413 0
    outer loop
      vertex 233.143 52.7609 0
      vertex 233.143 52.7609 10
      vertex 233.934 53.1998 10
    endloop
  endfacet
  facet normal -0.889276 0.45737 0
    outer loop
      vertex 232.773 52.0415 0
      vertex 233.143 52.7609 10
      vertex 233.143 52.7609 0
    endloop
  endfacet
  facet normal -0.889276 0.45737 0
    outer loop
      vertex 232.773 52.0415 0
      vertex 232.773 52.0415 10
      vertex 233.143 52.7609 10
    endloop
  endfacet
  facet normal -0.676849 0.736122 0
    outer loop
      vertex 232.696 51.9707 0
      vertex 232.773 52.0415 10
      vertex 232.773 52.0415 0
    endloop
  endfacet
  facet normal -0.676849 0.736122 0
    outer loop
      vertex 232.696 51.9707 0
      vertex 232.696 51.9707 10
      vertex 232.773 52.0415 10
    endloop
  endfacet
  facet normal -0.371391 0.928477 0
    outer loop
      vertex 231.996 51.6907 0
      vertex 232.696 51.9707 10
      vertex 232.696 51.9707 0
    endloop
  endfacet
  facet normal -0.371391 0.928477 0
    outer loop
      vertex 231.996 51.6907 0
      vertex 231.996 51.6907 10
      vertex 232.696 51.9707 10
    endloop
  endfacet
  facet normal 0.0220286 0.999757 0
    outer loop
      vertex 231.878 51.6933 0
      vertex 231.996 51.6907 10
      vertex 231.996 51.6907 0
    endloop
  endfacet
  facet normal 0.0220286 0.999757 -0
    outer loop
      vertex 231.878 51.6933 0
      vertex 231.878 51.6933 10
      vertex 231.996 51.6907 10
    endloop
  endfacet
  facet normal 0.411796 0.911276 0
    outer loop
      vertex 231.481 51.8727 0
      vertex 231.878 51.6933 10
      vertex 231.878 51.6933 0
    endloop
  endfacet
  facet normal 0.411796 0.911276 -0
    outer loop
      vertex 231.481 51.8727 0
      vertex 231.481 51.8727 10
      vertex 231.878 51.6933 10
    endloop
  endfacet
  facet normal -0.81337 0.581746 0
    outer loop
      vertex 231.102 51.3428 0
      vertex 231.481 51.8727 10
      vertex 231.481 51.8727 0
    endloop
  endfacet
  facet normal -0.81337 0.581746 0
    outer loop
      vertex 231.102 51.3428 0
      vertex 231.102 51.3428 10
      vertex 231.481 51.8727 10
    endloop
  endfacet
  facet normal -0.128289 0.991737 0
    outer loop
      vertex 230.884 51.3146 0
      vertex 231.102 51.3428 10
      vertex 231.102 51.3428 0
    endloop
  endfacet
  facet normal -0.128289 0.991737 0
    outer loop
      vertex 230.884 51.3146 0
      vertex 230.884 51.3146 10
      vertex 231.102 51.3428 10
    endloop
  endfacet
  facet normal 0.639214 0.769029 0
    outer loop
      vertex 230.307 51.7942 0
      vertex 230.884 51.3146 10
      vertex 230.884 51.3146 0
    endloop
  endfacet
  facet normal 0.639214 0.769029 -0
    outer loop
      vertex 230.307 51.7942 0
      vertex 230.307 51.7942 10
      vertex 230.884 51.3146 10
    endloop
  endfacet
  facet normal -0.851387 0.524539 0
    outer loop
      vertex 230.108 51.4712 0
      vertex 230.307 51.7942 10
      vertex 230.307 51.7942 0
    endloop
  endfacet
  facet normal -0.851387 0.524539 0
    outer loop
      vertex 230.108 51.4712 0
      vertex 230.108 51.4712 10
      vertex 230.307 51.7942 10
    endloop
  endfacet
  facet normal -0.380179 0.924913 0
    outer loop
      vertex 229.945 51.4042 0
      vertex 230.108 51.4712 10
      vertex 230.108 51.4712 0
    endloop
  endfacet
  facet normal -0.380179 0.924913 0
    outer loop
      vertex 229.945 51.4042 0
      vertex 229.945 51.4042 10
      vertex 230.108 51.4712 10
    endloop
  endfacet
  facet normal 0.52386 0.851805 0
    outer loop
      vertex 229.865 51.4534 0
      vertex 229.945 51.4042 10
      vertex 229.945 51.4042 0
    endloop
  endfacet
  facet normal 0.52386 0.851805 -0
    outer loop
      vertex 229.865 51.4534 0
      vertex 229.865 51.4534 10
      vertex 229.945 51.4042 10
    endloop
  endfacet
  facet normal 0.765811 0.643066 0
    outer loop
      vertex 229.602 51.7666 0
      vertex 229.865 51.4534 10
      vertex 229.865 51.4534 0
    endloop
  endfacet
  facet normal 0.765811 0.643066 -0
    outer loop
      vertex 229.602 51.7666 0
      vertex 229.602 51.7666 10
      vertex 229.865 51.4534 10
    endloop
  endfacet
  facet normal -0.715874 0.698229 0
    outer loop
      vertex 228.957 51.1053 0
      vertex 229.602 51.7666 10
      vertex 229.602 51.7666 0
    endloop
  endfacet
  facet normal -0.715874 0.698229 0
    outer loop
      vertex 228.957 51.1053 0
      vertex 228.957 51.1053 10
      vertex 229.602 51.7666 10
    endloop
  endfacet
  facet normal -0.114143 0.993464 0
    outer loop
      vertex 228.769 51.0837 0
      vertex 228.957 51.1053 10
      vertex 228.957 51.1053 0
    endloop
  endfacet
  facet normal -0.114143 0.993464 0
    outer loop
      vertex 228.769 51.0837 0
      vertex 228.769 51.0837 10
      vertex 228.957 51.1053 10
    endloop
  endfacet
  facet normal 0.539228 0.84216 0
    outer loop
      vertex 227.739 51.7432 0
      vertex 228.769 51.0837 10
      vertex 228.769 51.0837 0
    endloop
  endfacet
  facet normal 0.539228 0.84216 -0
    outer loop
      vertex 227.739 51.7432 0
      vertex 227.739 51.7432 10
      vertex 228.769 51.0837 10
    endloop
  endfacet
  facet normal -0.760684 0.649123 0
    outer loop
      vertex 227.149 51.0518 0
      vertex 227.739 51.7432 10
      vertex 227.739 51.7432 0
    endloop
  endfacet
  facet normal -0.760684 0.649123 0
    outer loop
      vertex 227.149 51.0518 0
      vertex 227.149 51.0518 10
      vertex 227.739 51.7432 10
    endloop
  endfacet
  facet normal -0.748652 -0.662963 0
    outer loop
      vertex 228.072 50.0095 0
      vertex 227.149 51.0518 10
      vertex 227.149 51.0518 0
    endloop
  endfacet
  facet normal -0.748652 -0.662963 0
    outer loop
      vertex 228.072 50.0095 0
      vertex 228.072 50.0095 10
      vertex 227.149 51.0518 10
    endloop
  endfacet
  facet normal -0.862772 -0.505594 0
    outer loop
      vertex 228.103 49.9566 0
      vertex 228.072 50.0095 10
      vertex 228.072 50.0095 0
    endloop
  endfacet
  facet normal -0.862772 -0.505594 0
    outer loop
      vertex 228.103 49.9566 0
      vertex 228.103 49.9566 10
      vertex 228.072 50.0095 10
    endloop
  endfacet
  facet normal -0.950879 -0.309561 0
    outer loop
      vertex 228.209 49.631 0
      vertex 228.103 49.9566 10
      vertex 228.103 49.9566 0
    endloop
  endfacet
  facet normal -0.950879 -0.309561 0
    outer loop
      vertex 228.209 49.631 0
      vertex 228.209 49.631 10
      vertex 228.103 49.9566 10
    endloop
  endfacet
  facet normal 0.685554 -0.728022 0
    outer loop
      vertex 228.377 49.7892 0
      vertex 228.209 49.631 10
      vertex 228.209 49.631 0
    endloop
  endfacet
  facet normal 0.685554 -0.728022 0
    outer loop
      vertex 228.377 49.7892 0
      vertex 228.377 49.7892 10
      vertex 228.209 49.631 10
    endloop
  endfacet
  facet normal -0.0232165 -0.99973 0
    outer loop
      vertex 228.588 49.7843 0
      vertex 228.377 49.7892 10
      vertex 228.377 49.7892 0
    endloop
  endfacet
  facet normal -0.0232165 -0.99973 0
    outer loop
      vertex 228.588 49.7843 0
      vertex 228.588 49.7843 10
      vertex 228.377 49.7892 10
    endloop
  endfacet
  facet normal -0.718602 -0.695421 0
    outer loop
      vertex 228.888 49.4743 0
      vertex 228.588 49.7843 10
      vertex 228.588 49.7843 0
    endloop
  endfacet
  facet normal -0.718602 -0.695421 0
    outer loop
      vertex 228.888 49.4743 0
      vertex 228.888 49.4743 10
      vertex 228.588 49.7843 10
    endloop
  endfacet
  facet normal -0.963568 -0.267462 0
    outer loop
      vertex 228.926 49.3374 0
      vertex 228.888 49.4743 10
      vertex 228.888 49.4743 0
    endloop
  endfacet
  facet normal -0.963568 -0.267462 0
    outer loop
      vertex 228.926 49.3374 0
      vertex 228.926 49.3374 10
      vertex 228.888 49.4743 10
    endloop
  endfacet
  facet normal -0.97632 0.21633 0
    outer loop
      vertex 228.72 48.4077 0
      vertex 228.926 49.3374 10
      vertex 228.926 49.3374 0
    endloop
  endfacet
  facet normal -0.97632 0.21633 0
    outer loop
      vertex 228.72 48.4077 0
      vertex 228.72 48.4077 10
      vertex 228.926 49.3374 10
    endloop
  endfacet
  facet normal -0.846291 -0.53272 0
    outer loop
      vertex 229.221 47.6118 0
      vertex 228.72 48.4077 10
      vertex 228.72 48.4077 0
    endloop
  endfacet
  facet normal -0.846291 -0.53272 0
    outer loop
      vertex 229.221 47.6118 0
      vertex 229.221 47.6118 10
      vertex 228.72 48.4077 10
    endloop
  endfacet
  facet normal -0.363323 -0.931663 0
    outer loop
      vertex 230.288 47.1957 0
      vertex 229.221 47.6118 10
      vertex 229.221 47.6118 0
    endloop
  endfacet
  facet normal -0.363323 -0.931663 0
    outer loop
      vertex 230.288 47.1957 0
      vertex 230.288 47.1957 10
      vertex 229.221 47.6118 10
    endloop
  endfacet
  facet normal 0.493416 -0.869793 0
    outer loop
      vertex 231.266 47.7505 0
      vertex 230.288 47.1957 10
      vertex 230.288 47.1957 0
    endloop
  endfacet
  facet normal 0.493416 -0.869793 0
    outer loop
      vertex 231.266 47.7505 0
      vertex 231.266 47.7505 10
      vertex 230.288 47.1957 10
    endloop
  endfacet
  facet normal -0.0350104 -0.999387 0
    outer loop
      vertex 231.423 47.745 0
      vertex 231.266 47.7505 10
      vertex 231.266 47.7505 0
    endloop
  endfacet
  facet normal -0.0350104 -0.999387 0
    outer loop
      vertex 231.423 47.745 0
      vertex 231.423 47.745 10
      vertex 231.266 47.7505 10
    endloop
  endfacet
  facet normal -0.552902 -0.833246 0
    outer loop
      vertex 232.493 47.035 0
      vertex 231.423 47.745 10
      vertex 231.423 47.745 0
    endloop
  endfacet
  facet normal -0.552902 -0.833246 0
    outer loop
      vertex 232.493 47.035 0
      vertex 232.493 47.035 10
      vertex 231.423 47.745 10
    endloop
  endfacet
  facet normal -0.9946 -0.103784 0
    outer loop
      vertex 232.517 46.805 0
      vertex 232.493 47.035 10
      vertex 232.493 47.035 0
    endloop
  endfacet
  facet normal -0.9946 -0.103784 0
    outer loop
      vertex 232.517 46.805 0
      vertex 232.517 46.805 10
      vertex 232.493 47.035 10
    endloop
  endfacet
  facet normal -0.714073 0.700071 0
    outer loop
      vertex 232.177 46.4582 0
      vertex 232.517 46.805 10
      vertex 232.517 46.805 0
    endloop
  endfacet
  facet normal -0.714073 0.700071 0
    outer loop
      vertex 232.177 46.4582 0
      vertex 232.177 46.4582 10
      vertex 232.517 46.805 10
    endloop
  endfacet
  facet normal -0.469819 -0.882763 0
    outer loop
      vertex 233.071 45.9824 0
      vertex 232.177 46.4582 10
      vertex 232.177 46.4582 0
    endloop
  endfacet
  facet normal -0.469819 -0.882763 0
    outer loop
      vertex 233.071 45.9824 0
      vertex 233.071 45.9824 10
      vertex 232.177 46.4582 10
    endloop
  endfacet
  facet normal -0.750829 -0.660497 0
    outer loop
      vertex 233.139 45.9051 0
      vertex 233.071 45.9824 10
      vertex 233.071 45.9824 0
    endloop
  endfacet
  facet normal -0.750829 -0.660497 0
    outer loop
      vertex 233.139 45.9051 0
      vertex 233.139 45.9051 10
      vertex 233.071 45.9824 10
    endloop
  endfacet
  facet normal -0.929961 -0.367659 0
    outer loop
      vertex 233.309 45.4751 0
      vertex 233.139 45.9051 10
      vertex 233.139 45.9051 0
    endloop
  endfacet
  facet normal -0.929961 -0.367659 0
    outer loop
      vertex 233.309 45.4751 0
      vertex 233.309 45.4751 10
      vertex 233.139 45.9051 10
    endloop
  endfacet
  facet normal -0.989232 0.146356 0
    outer loop
      vertex 233.287 45.3264 0
      vertex 233.309 45.4751 10
      vertex 233.309 45.4751 0
    endloop
  endfacet
  facet normal -0.989232 0.146356 0
    outer loop
      vertex 233.287 45.3264 0
      vertex 233.287 45.3264 10
      vertex 233.309 45.4751 10
    endloop
  endfacet
  facet normal -0.781679 0.62368 0
    outer loop
      vertex 232.537 44.3864 0
      vertex 233.287 45.3264 10
      vertex 233.287 45.3264 0
    endloop
  endfacet
  facet normal -0.781679 0.62368 0
    outer loop
      vertex 232.537 44.3864 0
      vertex 232.537 44.3864 10
      vertex 233.287 45.3264 10
    endloop
  endfacet
  facet normal -0.385699 0.922625 0
    outer loop
      vertex 232.404 44.3308 0
      vertex 232.537 44.3864 10
      vertex 232.537 44.3864 0
    endloop
  endfacet
  facet normal -0.385699 0.922625 0
    outer loop
      vertex 232.404 44.3308 0
      vertex 232.404 44.3308 10
      vertex 232.537 44.3864 10
    endloop
  endfacet
  facet normal 0.104299 0.994546 0
    outer loop
      vertex 231.357 44.4406 0
      vertex 232.404 44.3308 10
      vertex 232.404 44.3308 0
    endloop
  endfacet
  facet normal 0.104299 0.994546 -0
    outer loop
      vertex 231.357 44.4406 0
      vertex 231.357 44.4406 10
      vertex 232.404 44.3308 10
    endloop
  endfacet
  facet normal -0.988499 -0.151226 0
    outer loop
      vertex 231.398 44.1726 0
      vertex 231.357 44.4406 10
      vertex 231.357 44.4406 0
    endloop
  endfacet
  facet normal -0.988499 -0.151226 0
    outer loop
      vertex 231.398 44.1726 0
      vertex 231.398 44.1726 10
      vertex 231.357 44.4406 10
    endloop
  endfacet
  facet normal -0.956506 0.291711 0
    outer loop
      vertex 231.36 44.048 0
      vertex 231.398 44.1726 10
      vertex 231.398 44.1726 0
    endloop
  endfacet
  facet normal -0.956506 0.291711 0
    outer loop
      vertex 231.36 44.048 0
      vertex 231.36 44.048 10
      vertex 231.398 44.1726 10
    endloop
  endfacet
  facet normal -0.732881 0.680357 0
    outer loop
      vertex 231.11 43.7787 0
      vertex 231.36 44.048 10
      vertex 231.36 44.048 0
    endloop
  endfacet
  facet normal -0.732881 0.680357 0
    outer loop
      vertex 231.11 43.7787 0
      vertex 231.11 43.7787 10
      vertex 231.36 44.048 10
    endloop
  endfacet
  facet normal -0.483277 -0.875468 0
    outer loop
      vertex 233.732 42.3313 0
      vertex 231.11 43.7787 10
      vertex 231.11 43.7787 0
    endloop
  endfacet
  facet normal -0.483277 -0.875468 0
    outer loop
      vertex 233.732 42.3313 0
      vertex 233.732 42.3313 10
      vertex 231.11 43.7787 10
    endloop
  endfacet
  facet normal -0.888761 -0.45837 0
    outer loop
      vertex 233.809 42.182 0
      vertex 233.732 42.3313 10
      vertex 233.732 42.3313 0
    endloop
  endfacet
  facet normal -0.888761 -0.45837 0
    outer loop
      vertex 233.809 42.182 0
      vertex 233.809 42.182 10
      vertex 233.732 42.3313 10
    endloop
  endfacet
  facet normal -0.992728 0.120379 0
    outer loop
      vertex 233.749 41.6872 0
      vertex 233.809 42.182 10
      vertex 233.809 42.182 0
    endloop
  endfacet
  facet normal -0.992728 0.120379 0
    outer loop
      vertex 233.749 41.6872 0
      vertex 233.749 41.6872 10
      vertex 233.809 42.182 10
    endloop
  endfacet
  facet normal -0.606597 -0.79501 0
    outer loop
      vertex 234.441 41.1592 0
      vertex 233.749 41.6872 10
      vertex 233.749 41.6872 0
    endloop
  endfacet
  facet normal -0.606597 -0.79501 0
    outer loop
      vertex 234.441 41.1592 0
      vertex 234.441 41.1592 10
      vertex 233.749 41.6872 10
    endloop
  endfacet
  facet normal -0.766291 -0.642494 0
    outer loop
      vertex 234.482 41.1103 0
      vertex 234.441 41.1592 10
      vertex 234.441 41.1592 0
    endloop
  endfacet
  facet normal -0.766291 -0.642494 0
    outer loop
      vertex 234.482 41.1103 0
      vertex 234.482 41.1103 10
      vertex 234.441 41.1592 10
    endloop
  endfacet
  facet normal -0.883217 -0.468965 0
    outer loop
      vertex 234.992 40.1498 0
      vertex 234.482 41.1103 10
      vertex 234.482 41.1103 0
    endloop
  endfacet
  facet normal -0.883217 -0.468965 0
    outer loop
      vertex 234.992 40.1498 0
      vertex 234.992 40.1498 10
      vertex 234.482 41.1103 10
    endloop
  endfacet
  facet normal -0.710899 -0.703294 0
    outer loop
      vertex 236.777 38.3455 0
      vertex 234.992 40.1498 10
      vertex 234.992 40.1498 0
    endloop
  endfacet
  facet normal -0.710899 -0.703294 0
    outer loop
      vertex 236.777 38.3455 0
      vertex 236.777 38.3455 10
      vertex 234.992 40.1498 10
    endloop
  endfacet
  facet normal -0.857871 -0.513866 0
    outer loop
      vertex 236.813 38.2854 0
      vertex 236.777 38.3455 10
      vertex 236.777 38.3455 0
    endloop
  endfacet
  facet normal -0.857871 -0.513866 0
    outer loop
      vertex 236.813 38.2854 0
      vertex 236.813 38.2854 10
      vertex 236.777 38.3455 10
    endloop
  endfacet
  facet normal -0.952936 -0.303171 0
    outer loop
      vertex 237.116 37.333 0
      vertex 236.813 38.2854 10
      vertex 236.813 38.2854 0
    endloop
  endfacet
  facet normal -0.952936 -0.303171 0
    outer loop
      vertex 237.116 37.333 0
      vertex 237.116 37.333 10
      vertex 236.813 38.2854 10
    endloop
  endfacet
  facet normal 0.112839 -0.993613 0
    outer loop
      vertex 237.433 37.369 0
      vertex 237.116 37.333 10
      vertex 237.116 37.333 0
    endloop
  endfacet
  facet normal 0.112839 -0.993613 0
    outer loop
      vertex 237.433 37.369 0
      vertex 237.433 37.369 10
      vertex 237.116 37.333 10
    endloop
  endfacet
  facet normal -0.495288 -0.868729 0
    outer loop
      vertex 237.587 37.2812 0
      vertex 237.433 37.369 10
      vertex 237.433 37.369 0
    endloop
  endfacet
  facet normal -0.495288 -0.868729 0
    outer loop
      vertex 237.587 37.2812 0
      vertex 237.587 37.2812 10
      vertex 237.433 37.369 10
    endloop
  endfacet
  facet normal -0.912461 -0.409163 0
    outer loop
      vertex 237.74 36.94 0
      vertex 237.587 37.2812 10
      vertex 237.587 37.2812 0
    endloop
  endfacet
  facet normal -0.912461 -0.409163 0
    outer loop
      vertex 237.74 36.94 0
      vertex 237.74 36.94 10
      vertex 237.587 37.2812 10
    endloop
  endfacet
  facet normal -0.563826 -0.825893 0
    outer loop
      vertex 238.745 36.2539 0
      vertex 237.74 36.94 10
      vertex 237.74 36.94 0
    endloop
  endfacet
  facet normal -0.563826 -0.825893 0
    outer loop
      vertex 238.745 36.2539 0
      vertex 238.745 36.2539 10
      vertex 237.74 36.94 10
    endloop
  endfacet
  facet normal -0.993384 -0.114842 0
    outer loop
      vertex 238.771 36.029 0
      vertex 238.745 36.2539 10
      vertex 238.745 36.2539 0
    endloop
  endfacet
  facet normal -0.993384 -0.114842 0
    outer loop
      vertex 238.771 36.029 0
      vertex 238.771 36.029 10
      vertex 238.745 36.2539 10
    endloop
  endfacet
  facet normal -0.739143 0.673548 0
    outer loop
      vertex 238.35 35.567 0
      vertex 238.771 36.029 10
      vertex 238.771 36.029 0
    endloop
  endfacet
  facet normal -0.739143 0.673548 0
    outer loop
      vertex 238.35 35.567 0
      vertex 238.35 35.567 10
      vertex 238.771 36.029 10
    endloop
  endfacet
  facet normal -0.759183 -0.650878 0
    outer loop
      vertex 239.344 34.4076 0
      vertex 238.35 35.567 10
      vertex 238.35 35.567 0
    endloop
  endfacet
  facet normal -0.759183 -0.650878 0
    outer loop
      vertex 239.344 34.4076 0
      vertex 239.344 34.4076 10
      vertex 238.35 35.567 10
    endloop
  endfacet
  facet normal -0.996313 -0.0857905 0
    outer loop
      vertex 239.359 34.2334 0
      vertex 239.344 34.4076 10
      vertex 239.344 34.4076 0
    endloop
  endfacet
  facet normal -0.996313 -0.0857905 0
    outer loop
      vertex 239.359 34.2334 0
      vertex 239.359 34.2334 10
      vertex 239.344 34.4076 10
    endloop
  endfacet
  facet normal -0.860028 0.510247 0
    outer loop
      vertex 239.007 33.6401 0
      vertex 239.359 34.2334 10
      vertex 239.359 34.2334 0
    endloop
  endfacet
  facet normal -0.860028 0.510247 0
    outer loop
      vertex 239.007 33.6401 0
      vertex 239.007 33.6401 10
      vertex 239.359 34.2334 10
    endloop
  endfacet
  facet normal -0.987534 -0.157404 0
    outer loop
      vertex 239.118 32.9437 0
      vertex 239.007 33.6401 10
      vertex 239.007 33.6401 0
    endloop
  endfacet
  facet normal -0.987534 -0.157404 0
    outer loop
      vertex 239.118 32.9437 0
      vertex 239.118 32.9437 10
      vertex 239.007 33.6401 10
    endloop
  endfacet
  facet normal -0.994701 0.102811 0
    outer loop
      vertex 239.11 32.8663 0
      vertex 239.118 32.9437 10
      vertex 239.118 32.9437 0
    endloop
  endfacet
  facet normal -0.994701 0.102811 0
    outer loop
      vertex 239.11 32.8663 0
      vertex 239.11 32.8663 10
      vertex 239.118 32.9437 10
    endloop
  endfacet
  facet normal -0.933838 0.357696 0
    outer loop
      vertex 238.671 31.7202 0
      vertex 239.11 32.8663 10
      vertex 239.11 32.8663 0
    endloop
  endfacet
  facet normal -0.933838 0.357696 0
    outer loop
      vertex 238.671 31.7202 0
      vertex 238.671 31.7202 10
      vertex 239.11 32.8663 10
    endloop
  endfacet
  facet normal -0.932935 -0.360044 0
    outer loop
      vertex 239.26 30.194 0
      vertex 238.671 31.7202 10
      vertex 238.671 31.7202 0
    endloop
  endfacet
  facet normal -0.932935 -0.360044 0
    outer loop
      vertex 239.26 30.194 0
      vertex 239.26 30.194 10
      vertex 238.671 31.7202 10
    endloop
  endfacet
  facet normal -0.999537 -0.0304119 0
    outer loop
      vertex 239.263 30.0954 0
      vertex 239.26 30.194 10
      vertex 239.26 30.194 0
    endloop
  endfacet
  facet normal -0.999537 -0.0304119 0
    outer loop
      vertex 239.263 30.0954 0
      vertex 239.263 30.0954 10
      vertex 239.26 30.194 10
    endloop
  endfacet
  facet normal -0.954714 0.297524 0
    outer loop
      vertex 238.981 29.1905 0
      vertex 239.263 30.0954 10
      vertex 239.263 30.0954 0
    endloop
  endfacet
  facet normal -0.954714 0.297524 0
    outer loop
      vertex 238.981 29.1905 0
      vertex 238.981 29.1905 10
      vertex 239.263 30.0954 10
    endloop
  endfacet
  facet normal -0.998935 -0.0461479 0
    outer loop
      vertex 239.05 27.6969 0
      vertex 238.981 29.1905 10
      vertex 238.981 29.1905 0
    endloop
  endfacet
  facet normal -0.998935 -0.0461479 0
    outer loop
      vertex 239.05 27.6969 0
      vertex 239.05 27.6969 10
      vertex 238.981 29.1905 10
    endloop
  endfacet
  facet normal -0.925509 0.378725 0
    outer loop
      vertex 239.002 27.5796 0
      vertex 239.05 27.6969 10
      vertex 239.05 27.6969 0
    endloop
  endfacet
  facet normal -0.925509 0.378725 0
    outer loop
      vertex 239.002 27.5796 0
      vertex 239.002 27.5796 10
      vertex 239.05 27.6969 10
    endloop
  endfacet
  facet normal -0.677057 0.735931 0
    outer loop
      vertex 238.752 27.3496 0
      vertex 239.002 27.5796 10
      vertex 239.002 27.5796 0
    endloop
  endfacet
  facet normal -0.677057 0.735931 0
    outer loop
      vertex 238.752 27.3496 0
      vertex 238.752 27.3496 10
      vertex 239.002 27.5796 10
    endloop
  endfacet
  facet normal -0.257663 0.966235 0
    outer loop
      vertex 238.617 27.3136 0
      vertex 238.752 27.3496 10
      vertex 238.752 27.3496 0
    endloop
  endfacet
  facet normal -0.257663 0.966235 0
    outer loop
      vertex 238.617 27.3136 0
      vertex 238.617 27.3136 10
      vertex 238.752 27.3496 10
    endloop
  endfacet
  facet normal 0.219581 0.975594 0
    outer loop
      vertex 238.278 27.3899 0
      vertex 238.617 27.3136 10
      vertex 238.617 27.3136 0
    endloop
  endfacet
  facet normal 0.219581 0.975594 -0
    outer loop
      vertex 238.278 27.3899 0
      vertex 238.278 27.3899 10
      vertex 238.617 27.3136 10
    endloop
  endfacet
  facet normal -0.539339 0.842088 0
    outer loop
      vertex 237.191 26.6937 0
      vertex 238.278 27.3899 10
      vertex 238.278 27.3899 0
    endloop
  endfacet
  facet normal -0.539339 0.842088 0
    outer loop
      vertex 237.191 26.6937 0
      vertex 237.191 26.6937 10
      vertex 238.278 27.3899 10
    endloop
  endfacet
  facet normal -0.33559 0.942008 0
    outer loop
      vertex 237.127 26.6709 0
      vertex 237.191 26.6937 10
      vertex 237.191 26.6937 0
    endloop
  endfacet
  facet normal -0.33559 0.942008 0
    outer loop
      vertex 237.127 26.6709 0
      vertex 237.127 26.6709 10
      vertex 237.191 26.6937 10
    endloop
  endfacet
  facet normal -0.110194 0.99391 0
    outer loop
      vertex 236.621 26.6148 0
      vertex 237.127 26.6709 10
      vertex 237.127 26.6709 0
    endloop
  endfacet
  facet normal -0.110194 0.99391 0
    outer loop
      vertex 236.621 26.6148 0
      vertex 236.621 26.6148 10
      vertex 237.127 26.6709 10
    endloop
  endfacet
  facet normal -0.997875 0.0651519 0
    outer loop
      vertex 236.59 26.14 0
      vertex 236.621 26.6148 10
      vertex 236.621 26.6148 0
    endloop
  endfacet
  facet normal -0.997875 0.0651519 0
    outer loop
      vertex 236.59 26.14 0
      vertex 236.59 26.14 10
      vertex 236.621 26.6148 10
    endloop
  endfacet
  facet normal -0.613477 0.789712 0
    outer loop
      vertex 236.413 26.0025 0
      vertex 236.59 26.14 10
      vertex 236.59 26.14 0
    endloop
  endfacet
  facet normal -0.613477 0.789712 0
    outer loop
      vertex 236.413 26.0025 0
      vertex 236.413 26.0025 10
      vertex 236.59 26.14 10
    endloop
  endfacet
  facet normal 0.180782 0.983523 0
    outer loop
      vertex 235.61 26.1501 0
      vertex 236.413 26.0025 10
      vertex 236.413 26.0025 0
    endloop
  endfacet
  facet normal 0.180782 0.983523 -0
    outer loop
      vertex 235.61 26.1501 0
      vertex 235.61 26.1501 10
      vertex 236.413 26.0025 10
    endloop
  endfacet
  facet normal -0.621771 0.783199 0
    outer loop
      vertex 235.381 25.9683 0
      vertex 235.61 26.1501 10
      vertex 235.61 26.1501 0
    endloop
  endfacet
  facet normal -0.621771 0.783199 0
    outer loop
      vertex 235.381 25.9683 0
      vertex 235.381 25.9683 10
      vertex 235.61 26.1501 10
    endloop
  endfacet
  facet normal -0.999922 -0.0125186 0
    outer loop
      vertex 235.389 25.3293 0
      vertex 235.381 25.9683 10
      vertex 235.381 25.9683 0
    endloop
  endfacet
  facet normal -0.999922 -0.0125186 0
    outer loop
      vertex 235.389 25.3293 0
      vertex 235.389 25.3293 10
      vertex 235.381 25.9683 10
    endloop
  endfacet
  facet normal -0.654535 -0.756032 0
    outer loop
      vertex 236.008 24.7934 0
      vertex 235.389 25.3293 10
      vertex 235.389 25.3293 0
    endloop
  endfacet
  facet normal -0.654535 -0.756032 0
    outer loop
      vertex 236.008 24.7934 0
      vertex 236.008 24.7934 10
      vertex 235.389 25.3293 10
    endloop
  endfacet
  facet normal -0.905115 -0.425167 0
    outer loop
      vertex 236.06 24.6827 0
      vertex 236.008 24.7934 10
      vertex 236.008 24.7934 0
    endloop
  endfacet
  facet normal -0.905115 -0.425167 0
    outer loop
      vertex 236.06 24.6827 0
      vertex 236.06 24.6827 10
      vertex 236.008 24.7934 10
    endloop
  endfacet
  facet normal -0.999835 -0.0181788 0
    outer loop
      vertex 236.07 24.1327 0
      vertex 236.06 24.6827 10
      vertex 236.06 24.6827 0
    endloop
  endfacet
  facet normal -0.999835 -0.0181788 0
    outer loop
      vertex 236.07 24.1327 0
      vertex 236.07 24.1327 10
      vertex 236.06 24.6827 10
    endloop
  endfacet
  facet normal -0.628809 0.77756 0
    outer loop
      vertex 235.886 23.9839 0
      vertex 236.07 24.1327 10
      vertex 236.07 24.1327 0
    endloop
  endfacet
  facet normal -0.628809 0.77756 0
    outer loop
      vertex 235.886 23.9839 0
      vertex 235.886 23.9839 10
      vertex 236.07 24.1327 10
    endloop
  endfacet
  facet normal 0.22589 0.974153 0
    outer loop
      vertex 235.196 24.1439 0
      vertex 235.886 23.9839 10
      vertex 235.886 23.9839 0
    endloop
  endfacet
  facet normal 0.22589 0.974153 -0
    outer loop
      vertex 235.196 24.1439 0
      vertex 235.196 24.1439 10
      vertex 235.886 23.9839 10
    endloop
  endfacet
  facet normal 0.536485 0.84391 0
    outer loop
      vertex 235.112 24.1973 0
      vertex 235.196 24.1439 10
      vertex 235.196 24.1439 0
    endloop
  endfacet
  facet normal 0.536485 0.84391 -0
    outer loop
      vertex 235.112 24.1973 0
      vertex 235.112 24.1973 10
      vertex 235.196 24.1439 10
    endloop
  endfacet
  facet normal 0.786052 0.618161 0
    outer loop
      vertex 234.943 24.4122 0
      vertex 235.112 24.1973 10
      vertex 235.112 24.1973 0
    endloop
  endfacet
  facet normal 0.786052 0.618161 -0
    outer loop
      vertex 234.943 24.4122 0
      vertex 234.943 24.4122 10
      vertex 235.112 24.1973 10
    endloop
  endfacet
  facet normal -0.103261 0.994654 0
    outer loop
      vertex 234.314 24.3469 0
      vertex 234.943 24.4122 10
      vertex 234.943 24.4122 0
    endloop
  endfacet
  facet normal -0.103261 0.994654 0
    outer loop
      vertex 234.314 24.3469 0
      vertex 234.314 24.3469 10
      vertex 234.943 24.4122 10
    endloop
  endfacet
  facet normal -0.753029 0.657987 0
    outer loop
      vertex 234.143 24.1512 0
      vertex 234.314 24.3469 10
      vertex 234.314 24.3469 0
    endloop
  endfacet
  facet normal -0.753029 0.657987 0
    outer loop
      vertex 234.143 24.1512 0
      vertex 234.143 24.1512 10
      vertex 234.314 24.3469 10
    endloop
  endfacet
  facet normal -0.299077 0.954229 0
    outer loop
      vertex 233.994 24.1045 0
      vertex 234.143 24.1512 10
      vertex 234.143 24.1512 0
    endloop
  endfacet
  facet normal -0.299077 0.954229 0
    outer loop
      vertex 233.994 24.1045 0
      vertex 233.994 24.1045 10
      vertex 234.143 24.1512 10
    endloop
  endfacet
  facet normal 0.242313 0.970198 0
    outer loop
      vertex 233.584 24.2069 0
      vertex 233.994 24.1045 10
      vertex 233.994 24.1045 0
    endloop
  endfacet
  facet normal 0.242313 0.970198 -0
    outer loop
      vertex 233.584 24.2069 0
      vertex 233.584 24.2069 10
      vertex 233.994 24.1045 10
    endloop
  endfacet
  facet normal -0.999777 -0.0211369 0
    outer loop
      vertex 233.59 23.9231 0
      vertex 233.584 24.2069 10
      vertex 233.584 24.2069 0
    endloop
  endfacet
  facet normal -0.999777 -0.0211369 0
    outer loop
      vertex 233.59 23.9231 0
      vertex 233.59 23.9231 10
      vertex 233.584 24.2069 10
    endloop
  endfacet
  facet normal -0.913294 0.407301 0
    outer loop
      vertex 233.538 23.8065 0
      vertex 233.59 23.9231 10
      vertex 233.59 23.9231 0
    endloop
  endfacet
  facet normal -0.913294 0.407301 0
    outer loop
      vertex 233.538 23.8065 0
      vertex 233.538 23.8065 10
      vertex 233.59 23.9231 10
    endloop
  endfacet
  facet normal -0.65362 0.756823 0
    outer loop
      vertex 233.098 23.4265 0
      vertex 233.538 23.8065 10
      vertex 233.538 23.8065 0
    endloop
  endfacet
  facet normal -0.65362 0.756823 0
    outer loop
      vertex 233.098 23.4265 0
      vertex 233.098 23.4265 10
      vertex 233.538 23.8065 10
    endloop
  endfacet
  facet normal -0.48253 0.875879 0
    outer loop
      vertex 233.043 23.3962 0
      vertex 233.098 23.4265 10
      vertex 233.098 23.4265 0
    endloop
  endfacet
  facet normal -0.48253 0.875879 0
    outer loop
      vertex 233.043 23.3962 0
      vertex 233.043 23.3962 10
      vertex 233.098 23.4265 10
    endloop
  endfacet
  facet normal -0.285439 0.958397 0
    outer loop
      vertex 232.398 23.2041 0
      vertex 233.043 23.3962 10
      vertex 233.043 23.3962 0
    endloop
  endfacet
  facet normal -0.285439 0.958397 0
    outer loop
      vertex 232.398 23.2041 0
      vertex 232.398 23.2041 10
      vertex 233.043 23.3962 10
    endloop
  endfacet
  facet normal -0.578573 -0.81563 0
    outer loop
      vertex 233.627 22.3323 0
      vertex 232.398 23.2041 10
      vertex 232.398 23.2041 0
    endloop
  endfacet
  facet normal -0.578573 -0.81563 0
    outer loop
      vertex 233.627 22.3323 0
      vertex 233.627 22.3323 10
      vertex 232.398 23.2041 10
    endloop
  endfacet
  facet normal -0.948114 -0.31793 0
    outer loop
      vertex 233.683 22.1653 0
      vertex 233.627 22.3323 10
      vertex 233.627 22.3323 0
    endloop
  endfacet
  facet normal -0.948114 -0.31793 0
    outer loop
      vertex 233.683 22.1653 0
      vertex 233.683 22.1653 10
      vertex 233.627 22.3323 10
    endloop
  endfacet
  facet normal -0.805004 0.593269 0
    outer loop
      vertex 233.625 22.0866 0
      vertex 233.683 22.1653 10
      vertex 233.683 22.1653 0
    endloop
  endfacet
  facet normal -0.805004 0.593269 0
    outer loop
      vertex 233.625 22.0866 0
      vertex 233.625 22.0866 10
      vertex 233.683 22.1653 10
    endloop
  endfacet
  facet normal -0.568445 0.822721 0
    outer loop
      vertex 233.25 21.8275 0
      vertex 233.625 22.0866 10
      vertex 233.625 22.0866 0
    endloop
  endfacet
  facet normal -0.568445 0.822721 0
    outer loop
      vertex 233.25 21.8275 0
      vertex 233.25 21.8275 10
      vertex 233.625 22.0866 10
    endloop
  endfacet
  facet normal -0.963639 0.267209 0
    outer loop
      vertex 233.139 21.4272 0
      vertex 233.25 21.8275 10
      vertex 233.25 21.8275 0
    endloop
  endfacet
  facet normal -0.963639 0.267209 0
    outer loop
      vertex 233.139 21.4272 0
      vertex 233.139 21.4272 10
      vertex 233.25 21.8275 10
    endloop
  endfacet
  facet normal -0.999448 0.0332178 0
    outer loop
      vertex 233.082 19.7122 0
      vertex 233.139 21.4272 10
      vertex 233.139 21.4272 0
    endloop
  endfacet
  facet normal -0.999448 0.0332178 0
    outer loop
      vertex 233.082 19.7122 0
      vertex 233.082 19.7122 10
      vertex 233.139 21.4272 10
    endloop
  endfacet
  facet normal -0.605823 -0.795599 0
    outer loop
      vertex 233.191 19.6292 0
      vertex 233.082 19.7122 10
      vertex 233.082 19.7122 0
    endloop
  endfacet
  facet normal -0.605823 -0.795599 0
    outer loop
      vertex 233.191 19.6292 0
      vertex 233.191 19.6292 10
      vertex 233.082 19.7122 10
    endloop
  endfacet
  facet normal -0.994394 -0.105738 0
    outer loop
      vertex 233.214 19.4129 0
      vertex 233.191 19.6292 10
      vertex 233.191 19.6292 0
    endloop
  endfacet
  facet normal -0.994394 -0.105738 0
    outer loop
      vertex 233.214 19.4129 0
      vertex 233.214 19.4129 10
      vertex 233.191 19.6292 10
    endloop
  endfacet
  facet normal -0.767595 0.640935 0
    outer loop
      vertex 233.172 19.3626 0
      vertex 233.214 19.4129 10
      vertex 233.214 19.4129 0
    endloop
  endfacet
  facet normal -0.767595 0.640935 0
    outer loop
      vertex 233.172 19.3626 0
      vertex 233.172 19.3626 10
      vertex 233.214 19.4129 10
    endloop
  endfacet
  facet normal 0.090562 -0.995891 0
    outer loop
      vertex 233.514 19.3937 0
      vertex 233.172 19.3626 10
      vertex 233.172 19.3626 0
    endloop
  endfacet
  facet normal 0.090562 -0.995891 0
    outer loop
      vertex 233.514 19.3937 0
      vertex 233.514 19.3937 10
      vertex 233.172 19.3626 10
    endloop
  endfacet
endsolid OpenSCAD_Model
